province_name,regency_code,region_name_raw,name_flag,year,year_flag,value,value_flag,table_header_raw,table_header_english,page_number,table_number,raw_text_hash
ACEH,01,Kab. Simeulue,,2011,,1 4.051,,"PDRB Per Kapita Atas Dasar Harga Berlaku di Provinsi Aceh Menurut Kabupaten/Kota, 2011-2015 (Ribu Rupiah)","Per Capita GRDP at Current Market Prices by Regency/Municipality, in Aceh Province, 2011-2015 (Thousand Rupiahs)",1,1,a8ef854bfd0e
ACEH,02,Kab. Aceh Singkil,,2011,,1 2.597,,"PDRB Per Kapita Atas Dasar Harga Berlaku di Provinsi Aceh Menurut Kabupaten/Kota, 2011-2015 (Ribu Rupiah)","Per Capita GRDP at Current Market Prices by Regency/Municipality, in Aceh Province, 2011-2015 (Thousand Rupiahs)",1,1,55b77ec6d95a
ACEH,03,Kab. Aceh Selatan,,2011,,1 4.844,,"PDRB Per Kapita Atas Dasar Harga Berlaku di Provinsi Aceh Menurut Kabupaten/Kota, 2011-2015 (Ribu Rupiah)","Per Capita GRDP at Current Market Prices by Regency/Municipality, in Aceh Province, 2011-2015 (Thousand Rupiahs)",1,1,32012e6c606c
ACEH,04,Kab. Aceh Tenggara,,2011,,1 4.008,,"PDRB Per Kapita Atas Dasar Harga Berlaku di Provinsi Aceh Menurut Kabupaten/Kota, 2011-2015 (Ribu Rupiah)","Per Capita GRDP at Current Market Prices by Regency/Municipality, in Aceh Province, 2011-2015 (Thousand Rupiahs)",1,1,179c36e8e359
ACEH,05,Kab. Aceh Timur,,2011,,2 0.782,,"PDRB Per Kapita Atas Dasar Harga Berlaku di Provinsi Aceh Menurut Kabupaten/Kota, 2011-2015 (Ribu Rupiah)","Per Capita GRDP at Current Market Prices by Regency/Municipality, in Aceh Province, 2011-2015 (Thousand Rupiahs)",1,1,9cf8286c4cfb
ACEH,06,Kab. Aceh Tengah,,2011,,2 3.883,,"PDRB Per Kapita Atas Dasar Harga Berlaku di Provinsi Aceh Menurut Kabupaten/Kota, 2011-2015 (Ribu Rupiah)","Per Capita GRDP at Current Market Prices by Regency/Municipality, in Aceh Province, 2011-2015 (Thousand Rupiahs)",1,1,6357c0a9969c
ACEH,07,Kab. Aceh Barat,,2011,,2 6.227,,"PDRB Per Kapita Atas Dasar Harga Berlaku di Provinsi Aceh Menurut Kabupaten/Kota, 2011-2015 (Ribu Rupiah)","Per Capita GRDP at Current Market Prices by Regency/Municipality, in Aceh Province, 2011-2015 (Thousand Rupiahs)",1,1,9e6d353fc420
ACEH,08,Kab. Aceh Besar,,2011,,2 0.923,,"PDRB Per Kapita Atas Dasar Harga Berlaku di Provinsi Aceh Menurut Kabupaten/Kota, 2011-2015 (Ribu Rupiah)","Per Capita GRDP at Current Market Prices by Regency/Municipality, in Aceh Province, 2011-2015 (Thousand Rupiahs)",1,1,814009c768f7
ACEH,09,Kab. Pidie,,2011,,1 4.708,,"PDRB Per Kapita Atas Dasar Harga Berlaku di Provinsi Aceh Menurut Kabupaten/Kota, 2011-2015 (Ribu Rupiah)","Per Capita GRDP at Current Market Prices by Regency/Municipality, in Aceh Province, 2011-2015 (Thousand Rupiahs)",1,1,dc741b5606ba
ACEH,10,Kab. Bireun,,2011,,1 9.160,,"PDRB Per Kapita Atas Dasar Harga Berlaku di Provinsi Aceh Menurut Kabupaten/Kota, 2011-2015 (Ribu Rupiah)","Per Capita GRDP at Current Market Prices by Regency/Municipality, in Aceh Province, 2011-2015 (Thousand Rupiahs)",1,1,8752fd627517
ACEH,11,Kab. Aceh Utara,,2011,,3 4.501,,"PDRB Per Kapita Atas Dasar Harga Berlaku di Provinsi Aceh Menurut Kabupaten/Kota, 2011-2015 (Ribu Rupiah)","Per Capita GRDP at Current Market Prices by Regency/Municipality, in Aceh Province, 2011-2015 (Thousand Rupiahs)",1,1,bc3a4a39fde2
ACEH,12,Kab. Aceh Barat Daya,,2011,,1 8.418,,"PDRB Per Kapita Atas Dasar Harga Berlaku di Provinsi Aceh Menurut Kabupaten/Kota, 2011-2015 (Ribu Rupiah)","Per Capita GRDP at Current Market Prices by Regency/Municipality, in Aceh Province, 2011-2015 (Thousand Rupiahs)",1,1,37e12b979b05
ACEH,13,Kab. Gayo Lues,,2011,,1 8.629,,"PDRB Per Kapita Atas Dasar Harga Berlaku di Provinsi Aceh Menurut Kabupaten/Kota, 2011-2015 (Ribu Rupiah)","Per Capita GRDP at Current Market Prices by Regency/Municipality, in Aceh Province, 2011-2015 (Thousand Rupiahs)",1,1,385dea6a7464
ACEH,14,Kab. Aceh Tamiang,,2011,,1 7.826,,"PDRB Per Kapita Atas Dasar Harga Berlaku di Provinsi Aceh Menurut Kabupaten/Kota, 2011-2015 (Ribu Rupiah)","Per Capita GRDP at Current Market Prices by Regency/Municipality, in Aceh Province, 2011-2015 (Thousand Rupiahs)",1,1,9f7bd0607dd3
ACEH,15,Kab. Nagan Raya,,2011,,3 3.905,,"PDRB Per Kapita Atas Dasar Harga Berlaku di Provinsi Aceh Menurut Kabupaten/Kota, 2011-2015 (Ribu Rupiah)","Per Capita GRDP at Current Market Prices by Regency/Municipality, in Aceh Province, 2011-2015 (Thousand Rupiahs)",1,1,67178155e5b5
ACEH,16,Kab. Aceh Jaya,,2011,,1 9.325,,"PDRB Per Kapita Atas Dasar Harga Berlaku di Provinsi Aceh Menurut Kabupaten/Kota, 2011-2015 (Ribu Rupiah)","Per Capita GRDP at Current Market Prices by Regency/Municipality, in Aceh Province, 2011-2015 (Thousand Rupiahs)",1,1,7bd19ad00e79
ACEH,17,Kab. Bener Meriah,,2011,,2 0.834p,,"PDRB Per Kapita Atas Dasar Harga Berlaku di Provinsi Aceh Menurut Kabupaten/Kota, 2011-2015 (Ribu Rupiah)","Per Capita GRDP at Current Market Prices by Regency/Municipality, in Aceh Province, 2011-2015 (Thousand Rupiahs)",1,1,3009d6150774
ACEH,18,Kab. Pidie Jaya,,2011,,1 3.924,,"PDRB Per Kapita Atas Dasar Harga Berlaku di Provinsi Aceh Menurut Kabupaten/Kota, 2011-2015 (Ribu Rupiah)","Per Capita GRDP at Current Market Prices by Regency/Municipality, in Aceh Province, 2011-2015 (Thousand Rupiahs)",1,1,3e008816c153
ACEH,71,Kota Banda Aceh,,2011,,4 6b.859,,"PDRB Per Kapita Atas Dasar Harga Berlaku di Provinsi Aceh Menurut Kabupaten/Kota, 2011-2015 (Ribu Rupiah)","Per Capita GRDP at Current Market Prices by Regency/Municipality, in Aceh Province, 2011-2015 (Thousand Rupiahs)",1,1,daa3b444257c
ACEH,72,Kota Sabang,,2011,,2 5.652,,"PDRB Per Kapita Atas Dasar Harga Berlaku di Provinsi Aceh Menurut Kabupaten/Kota, 2011-2015 (Ribu Rupiah)","Per Capita GRDP at Current Market Prices by Regency/Municipality, in Aceh Province, 2011-2015 (Thousand Rupiahs)",1,1,3a2c2431828e
ACEH,73,Kota Langsa,,2011,,1 8.318,,"PDRB Per Kapita Atas Dasar Harga Berlaku di Provinsi Aceh Menurut Kabupaten/Kota, 2011-2015 (Ribu Rupiah)","Per Capita GRDP at Current Market Prices by Regency/Municipality, in Aceh Province, 2011-2015 (Thousand Rupiahs)",1,1,edcf7b507486
ACEH,74,Kota Lhokseumawe,,2011,,5 1.448,,"PDRB Per Kapita Atas Dasar Harga Berlaku di Provinsi Aceh Menurut Kabupaten/Kota, 2011-2015 (Ribu Rupiah)","Per Capita GRDP at Current Market Prices by Regency/Municipality, in Aceh Province, 2011-2015 (Thousand Rupiahs)",1,1,e60c750f6d88
ACEH,75,Kota Subulussalam,,2011,,1 3.974,,"PDRB Per Kapita Atas Dasar Harga Berlaku di Provinsi Aceh Menurut Kabupaten/Kota, 2011-2015 (Ribu Rupiah)","Per Capita GRDP at Current Market Prices by Regency/Municipality, in Aceh Province, 2011-2015 (Thousand Rupiahs)",1,1,f03e12e34184
ACEH,,Jml Kab./Kota Total of Reg./Mun.,,2011,,2 3.469,,"PDRB Per Kapita Atas Dasar Harga Berlaku di Provinsi Aceh Menurut Kabupaten/Kota, 2011-2015 (Ribu Rupiah)","Per Capita GRDP at Current Market Prices by Regency/Municipality, in Aceh Province, 2011-2015 (Thousand Rupiahs)",1,1,85d539ab76f6
ACEH,,Provinsi/Province,,2011,,2 3.429,,"PDRB Per Kapita Atas Dasar Harga Berlaku di Provinsi Aceh Menurut Kabupaten/Kota, 2011-2015 (Ribu Rupiah)","Per Capita GRDP at Current Market Prices by Regency/Municipality, in Aceh Province, 2011-2015 (Thousand Rupiahs)",1,1,c3b98d35ed47
SUMATERA UTARA,01,Kab. Nias,,2011,,1 3.298,,"PDRB Per Kapita Atas Dasar Harga Berlaku di Provinsi Sumatera Utara Menurut Kabupaten/Kota, 2011-2015 (Ribu Rupiah)","Per Capita GRDP at Current Market Prices by Regency/Municipality, in Sumatera Utara Province, 2011-2015 (Thousand Rupiahs)",2,2,09fa0e74ffe2
SUMATERA UTARA,02,Kab. Mandailing Natal,,2011,,1 5.063,,"PDRB Per Kapita Atas Dasar Harga Berlaku di Provinsi Sumatera Utara Menurut Kabupaten/Kota, 2011-2015 (Ribu Rupiah)","Per Capita GRDP at Current Market Prices by Regency/Municipality, in Sumatera Utara Province, 2011-2015 (Thousand Rupiahs)",2,2,aa5d2529d991
SUMATERA UTARA,03,Kab. Tapanuli Selatan,,2011,,2 2.397,,"PDRB Per Kapita Atas Dasar Harga Berlaku di Provinsi Sumatera Utara Menurut Kabupaten/Kota, 2011-2015 (Ribu Rupiah)","Per Capita GRDP at Current Market Prices by Regency/Municipality, in Sumatera Utara Province, 2011-2015 (Thousand Rupiahs)",2,2,1d0035593a99
SUMATERA UTARA,04,Kab. Tapanuli Tengah,,2011,,1 5.278,,"PDRB Per Kapita Atas Dasar Harga Berlaku di Provinsi Sumatera Utara Menurut Kabupaten/Kota, 2011-2015 (Ribu Rupiah)","Per Capita GRDP at Current Market Prices by Regency/Municipality, in Sumatera Utara Province, 2011-2015 (Thousand Rupiahs)",2,2,556ca25eedb7
SUMATERA UTARA,05,Kab. Tapanuli Utara,,2011,,1 4.829,,"PDRB Per Kapita Atas Dasar Harga Berlaku di Provinsi Sumatera Utara Menurut Kabupaten/Kota, 2011-2015 (Ribu Rupiah)","Per Capita GRDP at Current Market Prices by Regency/Municipality, in Sumatera Utara Province, 2011-2015 (Thousand Rupiahs)",2,2,2ab6b419ac79
SUMATERA UTARA,06,Kab. Toba Samosir,,2011,,2 2.592,,"PDRB Per Kapita Atas Dasar Harga Berlaku di Provinsi Sumatera Utara Menurut Kabupaten/Kota, 2011-2015 (Ribu Rupiah)","Per Capita GRDP at Current Market Prices by Regency/Municipality, in Sumatera Utara Province, 2011-2015 (Thousand Rupiahs)",2,2,69e22ea56043
SUMATERA UTARA,07,Kab. Labuhan Batu,,2011,,3 8.391,,"PDRB Per Kapita Atas Dasar Harga Berlaku di Provinsi Sumatera Utara Menurut Kabupaten/Kota, 2011-2015 (Ribu Rupiah)","Per Capita GRDP at Current Market Prices by Regency/Municipality, in Sumatera Utara Province, 2011-2015 (Thousand Rupiahs)",2,2,10d1a310210d
SUMATERA UTARA,08,Kab. Asahan,,2011,,2 6.532,,"PDRB Per Kapita Atas Dasar Harga Berlaku di Provinsi Sumatera Utara Menurut Kabupaten/Kota, 2011-2015 (Ribu Rupiah)","Per Capita GRDP at Current Market Prices by Regency/Municipality, in Sumatera Utara Province, 2011-2015 (Thousand Rupiahs)",2,2,b03cca5bc91f
SUMATERA UTARA,09,Kab. Simalungun,,2011,,2 2.983,,"PDRB Per Kapita Atas Dasar Harga Berlaku di Provinsi Sumatera Utara Menurut Kabupaten/Kota, 2011-2015 (Ribu Rupiah)","Per Capita GRDP at Current Market Prices by Regency/Municipality, in Sumatera Utara Province, 2011-2015 (Thousand Rupiahs)",2,2,40945b561ad5
SUMATERA UTARA,10,Kab. Dairi,,2011,,1 7.195,,"PDRB Per Kapita Atas Dasar Harga Berlaku di Provinsi Sumatera Utara Menurut Kabupaten/Kota, 2011-2015 (Ribu Rupiah)","Per Capita GRDP at Current Market Prices by Regency/Municipality, in Sumatera Utara Province, 2011-2015 (Thousand Rupiahs)",2,2,202fe784515a
SUMATERA UTARA,11,Kab. Karo,,2011,,2 8.563,,"PDRB Per Kapita Atas Dasar Harga Berlaku di Provinsi Sumatera Utara Menurut Kabupaten/Kota, 2011-2015 (Ribu Rupiah)","Per Capita GRDP at Current Market Prices by Regency/Municipality, in Sumatera Utara Province, 2011-2015 (Thousand Rupiahs)",2,2,11845bad28b1
SUMATERA UTARA,12,Kab. Deli Serdang,,2011,,2 6.217,,"PDRB Per Kapita Atas Dasar Harga Berlaku di Provinsi Sumatera Utara Menurut Kabupaten/Kota, 2011-2015 (Ribu Rupiah)","Per Capita GRDP at Current Market Prices by Regency/Municipality, in Sumatera Utara Province, 2011-2015 (Thousand Rupiahs)",2,2,b3a75ebc09c9
SUMATERA UTARA,13,Kab. Langkat,,2011,,2 1.242,,"PDRB Per Kapita Atas Dasar Harga Berlaku di Provinsi Sumatera Utara Menurut Kabupaten/Kota, 2011-2015 (Ribu Rupiah)","Per Capita GRDP at Current Market Prices by Regency/Municipality, in Sumatera Utara Province, 2011-2015 (Thousand Rupiahs)",2,2,567d095fbe16
SUMATERA UTARA,14,Kab. Nias Selatan,,2011,,1 0.653,,"PDRB Per Kapita Atas Dasar Harga Berlaku di Provinsi Sumatera Utara Menurut Kabupaten/Kota, 2011-2015 (Ribu Rupiah)","Per Capita GRDP at Current Market Prices by Regency/Municipality, in Sumatera Utara Province, 2011-2015 (Thousand Rupiahs)",2,2,417c24c7312f
SUMATERA UTARA,15,Kab. Humbang Hasundutan,,2011,,1 6.827,,"PDRB Per Kapita Atas Dasar Harga Berlaku di Provinsi Sumatera Utara Menurut Kabupaten/Kota, 2011-2015 (Ribu Rupiah)","Per Capita GRDP at Current Market Prices by Regency/Municipality, in Sumatera Utara Province, 2011-2015 (Thousand Rupiahs)",2,2,5f1da0f6093b
SUMATERA UTARA,16,Kab. Pakpak Bharat,,2011,,1 3.491,,"PDRB Per Kapita Atas Dasar Harga Berlaku di Provinsi Sumatera Utara Menurut Kabupaten/Kota, 2011-2015 (Ribu Rupiah)","Per Capita GRDP at Current Market Prices by Regency/Municipality, in Sumatera Utara Province, 2011-2015 (Thousand Rupiahs)",2,2,623176435d63
SUMATERA UTARA,17,Kab. Samosir,,2011,,1 7.159p,,"PDRB Per Kapita Atas Dasar Harga Berlaku di Provinsi Sumatera Utara Menurut Kabupaten/Kota, 2011-2015 (Ribu Rupiah)","Per Capita GRDP at Current Market Prices by Regency/Municipality, in Sumatera Utara Province, 2011-2015 (Thousand Rupiahs)",2,2,2f29a236871c
SUMATERA UTARA,18,Kab. Serdang Bedagai,,2011,,2 2.804,,"PDRB Per Kapita Atas Dasar Harga Berlaku di Provinsi Sumatera Utara Menurut Kabupaten/Kota, 2011-2015 (Ribu Rupiah)","Per Capita GRDP at Current Market Prices by Regency/Municipality, in Sumatera Utara Province, 2011-2015 (Thousand Rupiahs)",2,2,a6aa581a8784
SUMATERA UTARA,19,Kab. Batu Bara,,2011,,4 6b.817,,"PDRB Per Kapita Atas Dasar Harga Berlaku di Provinsi Sumatera Utara Menurut Kabupaten/Kota, 2011-2015 (Ribu Rupiah)","Per Capita GRDP at Current Market Prices by Regency/Municipality, in Sumatera Utara Province, 2011-2015 (Thousand Rupiahs)",2,2,2907e1721726
SUMATERA UTARA,20,Kab. Padang Lawas Utara,,2011,,2 3.736,,"PDRB Per Kapita Atas Dasar Harga Berlaku di Provinsi Sumatera Utara Menurut Kabupaten/Kota, 2011-2015 (Ribu Rupiah)","Per Capita GRDP at Current Market Prices by Regency/Municipality, in Sumatera Utara Province, 2011-2015 (Thousand Rupiahs)",2,2,cf38f347fb33
SUMATERA UTARA,21,Kab. Padang Lawas,,2011,,2 2.905,,"PDRB Per Kapita Atas Dasar Harga Berlaku di Provinsi Sumatera Utara Menurut Kabupaten/Kota, 2011-2015 (Ribu Rupiah)","Per Capita GRDP at Current Market Prices by Regency/Municipality, in Sumatera Utara Province, 2011-2015 (Thousand Rupiahs)",2,2,6904611756b2
SUMATERA UTARA,22,Kab. Labuhan Batu Selatan,,2011,,4 5.609,,"PDRB Per Kapita Atas Dasar Harga Berlaku di Provinsi Sumatera Utara Menurut Kabupaten/Kota, 2011-2015 (Ribu Rupiah)","Per Capita GRDP at Current Market Prices by Regency/Municipality, in Sumatera Utara Province, 2011-2015 (Thousand Rupiahs)",2,2,f4102e7c1b56
SUMATERA UTARA,23,Kab. Labuhan Batu Utara,,2011,,3 5.891,,"PDRB Per Kapita Atas Dasar Harga Berlaku di Provinsi Sumatera Utara Menurut Kabupaten/Kota, 2011-2015 (Ribu Rupiah)","Per Capita GRDP at Current Market Prices by Regency/Municipality, in Sumatera Utara Province, 2011-2015 (Thousand Rupiahs)",2,2,09115526cf3c
SUMATERA UTARA,24,Kab. Nias Utara,,2011,,1 2.771,,"PDRB Per Kapita Atas Dasar Harga Berlaku di Provinsi Sumatera Utara Menurut Kabupaten/Kota, 2011-2015 (Ribu Rupiah)","Per Capita GRDP at Current Market Prices by Regency/Municipality, in Sumatera Utara Province, 2011-2015 (Thousand Rupiahs)",2,2,79d3ae7444fa
SUMATERA UTARA,25,Kab. Nias Barat,,2011,,1 0.570,,"PDRB Per Kapita Atas Dasar Harga Berlaku di Provinsi Sumatera Utara Menurut Kabupaten/Kota, 2011-2015 (Ribu Rupiah)","Per Capita GRDP at Current Market Prices by Regency/Municipality, in Sumatera Utara Province, 2011-2015 (Thousand Rupiahs)",2,2,47c546e5ed9f
SUMATERA UTARA,71,Kota Sibolga,,2011,,2 8.734,,"PDRB Per Kapita Atas Dasar Harga Berlaku di Provinsi Sumatera Utara Menurut Kabupaten/Kota, 2011-2015 (Ribu Rupiah)","Per Capita GRDP at Current Market Prices by Regency/Municipality, in Sumatera Utara Province, 2011-2015 (Thousand Rupiahs)",2,2,e77c5c71bcf5
SUMATERA UTARA,72,Kota Tanjung Balai,,2011,,2 4.734,,"PDRB Per Kapita Atas Dasar Harga Berlaku di Provinsi Sumatera Utara Menurut Kabupaten/Kota, 2011-2015 (Ribu Rupiah)","Per Capita GRDP at Current Market Prices by Regency/Municipality, in Sumatera Utara Province, 2011-2015 (Thousand Rupiahs)",2,2,14ccaa788db7
SUMATERA UTARA,73,Kota Pematang Siantar,,2011,,2 8.323,,"PDRB Per Kapita Atas Dasar Harga Berlaku di Provinsi Sumatera Utara Menurut Kabupaten/Kota, 2011-2015 (Ribu Rupiah)","Per Capita GRDP at Current Market Prices by Regency/Municipality, in Sumatera Utara Province, 2011-2015 (Thousand Rupiahs)",2,2,6a971239d300
SUMATERA UTARA,74,Kota Tebing Tinggi,,2011,,1 8.635,,"PDRB Per Kapita Atas Dasar Harga Berlaku di Provinsi Sumatera Utara Menurut Kabupaten/Kota, 2011-2015 (Ribu Rupiah)","Per Capita GRDP at Current Market Prices by Regency/Municipality, in Sumatera Utara Province, 2011-2015 (Thousand Rupiahs)",2,2,4a87478fdbdc
SUMATERA UTARA,75,Kota Medan,,2011,,4 8.914,,"PDRB Per Kapita Atas Dasar Harga Berlaku di Provinsi Sumatera Utara Menurut Kabupaten/Kota, 2011-2015 (Ribu Rupiah)","Per Capita GRDP at Current Market Prices by Regency/Municipality, in Sumatera Utara Province, 2011-2015 (Thousand Rupiahs)",2,2,ce0e871d1e86
SUMATERA UTARA,76,Kota Binjai,,2011,,2 2.026,,"PDRB Per Kapita Atas Dasar Harga Berlaku di Provinsi Sumatera Utara Menurut Kabupaten/Kota, 2011-2015 (Ribu Rupiah)","Per Capita GRDP at Current Market Prices by Regency/Municipality, in Sumatera Utara Province, 2011-2015 (Thousand Rupiahs)",2,2,c39a4605e207
SUMATERA UTARA,77,Kota Padang Sidempuatn,,2011,,1 4.901,,"PDRB Per Kapita Atas Dasar Harga Berlaku di Provinsi Sumatera Utara Menurut Kabupaten/Kota, 2011-2015 (Ribu Rupiah)","Per Capita GRDP at Current Market Prices by Regency/Municipality, in Sumatera Utara Province, 2011-2015 (Thousand Rupiahs)",2,2,bd9b4802b225
SUMATERA UTARA,78,Kota Gunungsitoli,,2011,,1 7.724,,"PDRB Per Kapita Atas Dasar Harga Berlaku di Provinsi Sumatera Utara Menurut Kabupaten/Kota, 2011-2015 (Ribu Rupiah)","Per Capita GRDP at Current Market Prices by Regency/Municipality, in Sumatera Utara Province, 2011-2015 (Thousand Rupiahs)",2,2,8b373930bb5e
SUMATERA UTARA,,Jml Kab./Kota Total of Reg./Mun.,,2011,,2 8.279,,"PDRB Per Kapita Atas Dasar Harga Berlaku di Provinsi Sumatera Utara Menurut Kabupaten/Kota, 2011-2015 (Ribu Rupiah)","Per Capita GRDP at Current Market Prices by Regency/Municipality, in Sumatera Utara Province, 2011-2015 (Thousand Rupiahs)",2,2,44f0986766bf
SUMATERA UTARA,,Provinsi/Province,,2011,,2 8.518,,"PDRB Per Kapita Atas Dasar Harga Berlaku di Provinsi Sumatera Utara Menurut Kabupaten/Kota, 2011-2015 (Ribu Rupiah)","Per Capita GRDP at Current Market Prices by Regency/Municipality, in Sumatera Utara Province, 2011-2015 (Thousand Rupiahs)",2,2,dfbdcb3ffb5b
SUMATERA BARAT,01,Kab. Kepulauan Mentawai,,2011,,2 7.351,,"PDRB Per Kapita Atas Dasar Harga Berlaku di Provinsi Sumatera Barat Menurut Kabupaten/Kota, 2011-2015 (Ribu Rupiah)","Per Capita GRDP at Current Market Prices by Regency/Municipality, in Sumatera Barat Province, 2011-2015 (Thousand Rupiahs)",3,3,c066220cd188
SUMATERA BARAT,02,Kab. Pesisir Selatan,,2011,,1 5.187,,"PDRB Per Kapita Atas Dasar Harga Berlaku di Provinsi Sumatera Barat Menurut Kabupaten/Kota, 2011-2015 (Ribu Rupiah)","Per Capita GRDP at Current Market Prices by Regency/Municipality, in Sumatera Barat Province, 2011-2015 (Thousand Rupiahs)",3,3,f839cb4605de
SUMATERA BARAT,03,Kab. Solok,,2011,,1 9.472,,"PDRB Per Kapita Atas Dasar Harga Berlaku di Provinsi Sumatera Barat Menurut Kabupaten/Kota, 2011-2015 (Ribu Rupiah)","Per Capita GRDP at Current Market Prices by Regency/Municipality, in Sumatera Barat Province, 2011-2015 (Thousand Rupiahs)",3,3,b758daf3c1bd
SUMATERA BARAT,04,Kab. Sijunjung,,2011,,2 2.638,,"PDRB Per Kapita Atas Dasar Harga Berlaku di Provinsi Sumatera Barat Menurut Kabupaten/Kota, 2011-2015 (Ribu Rupiah)","Per Capita GRDP at Current Market Prices by Regency/Municipality, in Sumatera Barat Province, 2011-2015 (Thousand Rupiahs)",3,3,9ca0d8bc12ae
SUMATERA BARAT,05,Kab. Tanah Datar,,2011,,1 9.849,,"PDRB Per Kapita Atas Dasar Harga Berlaku di Provinsi Sumatera Barat Menurut Kabupaten/Kota, 2011-2015 (Ribu Rupiah)","Per Capita GRDP at Current Market Prices by Regency/Municipality, in Sumatera Barat Province, 2011-2015 (Thousand Rupiahs)",3,3,f591b62255fc
SUMATERA BARAT,06,Kab. Padang Pariaman,,2011,,2 3.858,,"PDRB Per Kapita Atas Dasar Harga Berlaku di Provinsi Sumatera Barat Menurut Kabupaten/Kota, 2011-2015 (Ribu Rupiah)","Per Capita GRDP at Current Market Prices by Regency/Municipality, in Sumatera Barat Province, 2011-2015 (Thousand Rupiahs)",3,3,73d8565e8c04
SUMATERA BARAT,07,Kab. Agam,,2011,,2 1.848,,"PDRB Per Kapita Atas Dasar Harga Berlaku di Provinsi Sumatera Barat Menurut Kabupaten/Kota, 2011-2015 (Ribu Rupiah)","Per Capita GRDP at Current Market Prices by Regency/Municipality, in Sumatera Barat Province, 2011-2015 (Thousand Rupiahs)",3,3,0e4d7127d549
SUMATERA BARAT,08,Kab. Lima Puluh Kota,,2011,,2 1.817,,"PDRB Per Kapita Atas Dasar Harga Berlaku di Provinsi Sumatera Barat Menurut Kabupaten/Kota, 2011-2015 (Ribu Rupiah)","Per Capita GRDP at Current Market Prices by Regency/Municipality, in Sumatera Barat Province, 2011-2015 (Thousand Rupiahs)",3,3,66d5699d2396
SUMATERA BARAT,09,Kab. Pasaman,,2011,,1 6.886p,,"PDRB Per Kapita Atas Dasar Harga Berlaku di Provinsi Sumatera Barat Menurut Kabupaten/Kota, 2011-2015 (Ribu Rupiah)","Per Capita GRDP at Current Market Prices by Regency/Municipality, in Sumatera Barat Province, 2011-2015 (Thousand Rupiahs)",3,3,1a3090917f13
SUMATERA BARAT,10,Kab. Solok Selatan,,2011,,1 8b.758,,"PDRB Per Kapita Atas Dasar Harga Berlaku di Provinsi Sumatera Barat Menurut Kabupaten/Kota, 2011-2015 (Ribu Rupiah)","Per Capita GRDP at Current Market Prices by Regency/Municipality, in Sumatera Barat Province, 2011-2015 (Thousand Rupiahs)",3,3,8f0f869ba1c2
SUMATERA BARAT,11,Kab. Dharmasraya,,2011,,2 6.031,,"PDRB Per Kapita Atas Dasar Harga Berlaku di Provinsi Sumatera Barat Menurut Kabupaten/Kota, 2011-2015 (Ribu Rupiah)","Per Capita GRDP at Current Market Prices by Regency/Municipality, in Sumatera Barat Province, 2011-2015 (Thousand Rupiahs)",3,3,cdcb878d08b8
SUMATERA BARAT,12,Kab. Pasaman Barat,,2011,,2 0.794,,"PDRB Per Kapita Atas Dasar Harga Berlaku di Provinsi Sumatera Barat Menurut Kabupaten/Kota, 2011-2015 (Ribu Rupiah)","Per Capita GRDP at Current Market Prices by Regency/Municipality, in Sumatera Barat Province, 2011-2015 (Thousand Rupiahs)",3,3,1b8daf536053
SUMATERA BARAT,71,Kota Padang,,2011,,3 4.362,,"PDRB Per Kapita Atas Dasar Harga Berlaku di Provinsi Sumatera Barat Menurut Kabupaten/Kota, 2011-2015 (Ribu Rupiah)","Per Capita GRDP at Current Market Prices by Regency/Municipality, in Sumatera Barat Province, 2011-2015 (Thousand Rupiahs)",3,3,41e0262f4d24
SUMATERA BARAT,72,Kota Solok,,2011,,3 1.624,,"PDRB Per Kapita Atas Dasar Harga Berlaku di Provinsi Sumatera Barat Menurut Kabupaten/Kota, 2011-2015 (Ribu Rupiah)","Per Capita GRDP at Current Market Prices by Regency/Municipality, in Sumatera Barat Province, 2011-2015 (Thousand Rupiahs)",3,3,0699aa6683ad
SUMATERA BARAT,73,Kota Sawah Lunto,,2011,,3 2.905,,"PDRB Per Kapita Atas Dasar Harga Berlaku di Provinsi Sumatera Barat Menurut Kabupaten/Kota, 2011-2015 (Ribu Rupiah)","Per Capita GRDP at Current Market Prices by Regency/Municipality, in Sumatera Barat Province, 2011-2015 (Thousand Rupiahs)",3,3,e23d119dc32b
SUMATERA BARAT,74,Kota Padang Panjang,,2011,,3 6.026,,"PDRB Per Kapita Atas Dasar Harga Berlaku di Provinsi Sumatera Barat Menurut Kabupaten/Kota, 2011-2015 (Ribu Rupiah)","Per Capita GRDP at Current Market Prices by Regency/Municipality, in Sumatera Barat Province, 2011-2015 (Thousand Rupiahs)",3,3,eeb9a7110b26
SUMATERA BARAT,75,Kota Bukittinggi,,2011,,3 5.343,,"PDRB Per Kapita Atas Dasar Harga Berlaku di Provinsi Sumatera Barat Menurut Kabupaten/Kota, 2011-2015 (Ribu Rupiah)","Per Capita GRDP at Current Market Prices by Regency/Municipality, in Sumatera Barat Province, 2011-2015 (Thousand Rupiahs)",3,3,ab7ff18640ca
SUMATERA BARAT,76,Kota Payakumbuh,,2011,,2 4.773,,"PDRB Per Kapita Atas Dasar Harga Berlaku di Provinsi Sumatera Barat Menurut Kabupaten/Kota, 2011-2015 (Ribu Rupiah)","Per Capita GRDP at Current Market Prices by Regency/Municipality, in Sumatera Barat Province, 2011-2015 (Thousand Rupiahs)",3,3,56ef150b7e4c
SUMATERA BARAT,77,Kota Pariaman,,2011,,3 0.406,,"PDRB Per Kapita Atas Dasar Harga Berlaku di Provinsi Sumatera Barat Menurut Kabupaten/Kota, 2011-2015 (Ribu Rupiah)","Per Capita GRDP at Current Market Prices by Regency/Municipality, in Sumatera Barat Province, 2011-2015 (Thousand Rupiahs)",3,3,f5bad3c44d11
SUMATERA BARAT,,Jml Kab./Kota Total of Reg./Mun.,,2011,,2 4.035,,"PDRB Per Kapita Atas Dasar Harga Berlaku di Provinsi Sumatera Barat Menurut Kabupaten/Kota, 2011-2015 (Ribu Rupiah)","Per Capita GRDP at Current Market Prices by Regency/Municipality, in Sumatera Barat Province, 2011-2015 (Thousand Rupiahs)",3,3,e98d47b3b5f9
SUMATERA BARAT,,Provinsi/Province,,2011,,2 4.057,,"PDRB Per Kapita Atas Dasar Harga Berlaku di Provinsi Sumatera Barat Menurut Kabupaten/Kota, 2011-2015 (Ribu Rupiah)","Per Capita GRDP at Current Market Prices by Regency/Municipality, in Sumatera Barat Province, 2011-2015 (Thousand Rupiahs)",3,3,16795847cb2a
RIAU,01,Kab. Kuantan Singingi,,2011,,6 1.661,,"PDRB Per Kapita Atas Dasar Harga Berlaku di Provinsi Riau Menurut Kabupaten/Kota, 2011-2015 (Ribu Rupiah)","Per Capita GRDP at Current Market Prices by Regency/Municipality, in Riau Province, 2011-2015 (Thousand Rupiahs)",4,4,f91c6a416475
RIAU,02,Kab.indragiri Hulu,,2011,,6 5.909,,"PDRB Per Kapita Atas Dasar Harga Berlaku di Provinsi Riau Menurut Kabupaten/Kota, 2011-2015 (Ribu Rupiah)","Per Capita GRDP at Current Market Prices by Regency/Municipality, in Riau Province, 2011-2015 (Thousand Rupiahs)",4,4,ad4b830a144b
RIAU,03,Kab.indragiri Hilir,,2011,,5 0.274,,"PDRB Per Kapita Atas Dasar Harga Berlaku di Provinsi Riau Menurut Kabupaten/Kota, 2011-2015 (Ribu Rupiah)","Per Capita GRDP at Current Market Prices by Regency/Municipality, in Riau Province, 2011-2015 (Thousand Rupiahs)",4,4,850e072f31ab
RIAU,04,Kab. Pelalawan,,2011,,8 1.692,,"PDRB Per Kapita Atas Dasar Harga Berlaku di Provinsi Riau Menurut Kabupaten/Kota, 2011-2015 (Ribu Rupiah)","Per Capita GRDP at Current Market Prices by Regency/Municipality, in Riau Province, 2011-2015 (Thousand Rupiahs)",4,4,8bf0c0d79152
RIAU,05,Kab. Siak,,2011,,1 72.163,,"PDRB Per Kapita Atas Dasar Harga Berlaku di Provinsi Riau Menurut Kabupaten/Kota, 2011-2015 (Ribu Rupiah)","Per Capita GRDP at Current Market Prices by Regency/Municipality, in Riau Province, 2011-2015 (Thousand Rupiahs)",4,4,905df6b42345
RIAU,06,Kab. Kampar,,2011,,6 5.228,,"PDRB Per Kapita Atas Dasar Harga Berlaku di Provinsi Riau Menurut Kabupaten/Kota, 2011-2015 (Ribu Rupiah)","Per Capita GRDP at Current Market Prices by Regency/Municipality, in Riau Province, 2011-2015 (Thousand Rupiahs)",4,4,87f878244555
RIAU,07,Kab. Rokan Hulu,,2011,,3 5.681,,"PDRB Per Kapita Atas Dasar Harga Berlaku di Provinsi Riau Menurut Kabupaten/Kota, 2011-2015 (Ribu Rupiah)","Per Capita GRDP at Current Market Prices by Regency/Municipality, in Riau Province, 2011-2015 (Thousand Rupiahs)",4,4,e69849b37d66
RIAU,08,Kab. Bengkalis,,2011,,2 44.539,,"PDRB Per Kapita Atas Dasar Harga Berlaku di Provinsi Riau Menurut Kabupaten/Kota, 2011-2015 (Ribu Rupiah)","Per Capita GRDP at Current Market Prices by Regency/Municipality, in Riau Province, 2011-2015 (Thousand Rupiahs)",4,4,e9a407ba5e34
RIAU,09,Kab. Rokan Hilir,,2011,,8 6.622p,,"PDRB Per Kapita Atas Dasar Harga Berlaku di Provinsi Riau Menurut Kabupaten/Kota, 2011-2015 (Ribu Rupiah)","Per Capita GRDP at Current Market Prices by Regency/Municipality, in Riau Province, 2011-2015 (Thousand Rupiahs)",4,4,c81ac35a85fd
RIAU,10,Kab. Kepulauan Meranti,,2011,,5 8b.054,,"PDRB Per Kapita Atas Dasar Harga Berlaku di Provinsi Riau Menurut Kabupaten/Kota, 2011-2015 (Ribu Rupiah)","Per Capita GRDP at Current Market Prices by Regency/Municipality, in Riau Province, 2011-2015 (Thousand Rupiahs)",4,4,86c895b1d730
RIAU,71,Kota Pekan Baru,,2011,,5 1.861,,"PDRB Per Kapita Atas Dasar Harga Berlaku di Provinsi Riau Menurut Kabupaten/Kota, 2011-2015 (Ribu Rupiah)","Per Capita GRDP at Current Market Prices by Regency/Municipality, in Riau Province, 2011-2015 (Thousand Rupiahs)",4,4,586ddd1caaa8
RIAU,73,Kota Dumai,,2011,,7 0.818,,"PDRB Per Kapita Atas Dasar Harga Berlaku di Provinsi Riau Menurut Kabupaten/Kota, 2011-2015 (Ribu Rupiah)","Per Capita GRDP at Current Market Prices by Regency/Municipality, in Riau Province, 2011-2015 (Thousand Rupiahs)",4,4,e4b2c92a2abb
RIAU,,Jml Kab./Kota Total of Reg./Mun.,,2011,,8 4.749,,"PDRB Per Kapita Atas Dasar Harga Berlaku di Provinsi Riau Menurut Kabupaten/Kota, 2011-2015 (Ribu Rupiah)","Per Capita GRDP at Current Market Prices by Regency/Municipality, in Riau Province, 2011-2015 (Thousand Rupiahs)",4,4,775673730627
RIAU,,Provinsi/Province,,2011,,8 4.811,,"PDRB Per Kapita Atas Dasar Harga Berlaku di Provinsi Riau Menurut Kabupaten/Kota, 2011-2015 (Ribu Rupiah)","Per Capita GRDP at Current Market Prices by Regency/Municipality, in Riau Province, 2011-2015 (Thousand Rupiahs)",4,4,382ae6c9508c
JAMBI,01,Kab. Kerinci,,2011,,1 8.211,,"PDRB Per Kapita Atas Dasar Harga Berlaku di Provinsi Jambi Menurut Kabupaten/Kota, 2011-2015 (Ribu Rupiah)","Per Capita GRDP at Current Market Prices by Regency/Municipality, in Jambi Province, 2011-2015 (Thousand Rupiahs)",5,5,afd2ded46648
JAMBI,02,Kab. Merangin,,2011,,1 9.655,,"PDRB Per Kapita Atas Dasar Harga Berlaku di Provinsi Jambi Menurut Kabupaten/Kota, 2011-2015 (Ribu Rupiah)","Per Capita GRDP at Current Market Prices by Regency/Municipality, in Jambi Province, 2011-2015 (Thousand Rupiahs)",5,5,21d60eaa00c1
JAMBI,03,Kab. Sarolangun,,2011,,2 9.713,,"PDRB Per Kapita Atas Dasar Harga Berlaku di Provinsi Jambi Menurut Kabupaten/Kota, 2011-2015 (Ribu Rupiah)","Per Capita GRDP at Current Market Prices by Regency/Municipality, in Jambi Province, 2011-2015 (Thousand Rupiahs)",5,5,8e5637880073
JAMBI,04,Kab. Batanghari,,2011,,3 2.047,,"PDRB Per Kapita Atas Dasar Harga Berlaku di Provinsi Jambi Menurut Kabupaten/Kota, 2011-2015 (Ribu Rupiah)","Per Capita GRDP at Current Market Prices by Regency/Municipality, in Jambi Province, 2011-2015 (Thousand Rupiahs)",5,5,bcd7c30cf809
JAMBI,05,Kab. Muaro Jambi,,2011,,3 0.098,,"PDRB Per Kapita Atas Dasar Harga Berlaku di Provinsi Jambi Menurut Kabupaten/Kota, 2011-2015 (Ribu Rupiah)","Per Capita GRDP at Current Market Prices by Regency/Municipality, in Jambi Province, 2011-2015 (Thousand Rupiahs)",5,5,807634a5fb0f
JAMBI,06,Kab. Tanjung Jabung Timur,,2011,,6 8.550,,"PDRB Per Kapita Atas Dasar Harga Berlaku di Provinsi Jambi Menurut Kabupaten/Kota, 2011-2015 (Ribu Rupiah)","Per Capita GRDP at Current Market Prices by Regency/Municipality, in Jambi Province, 2011-2015 (Thousand Rupiahs)",5,5,04f6acf156ba
JAMBI,07,Kab. Tanjung Jabung Barat,,2011,,7 6.099,,"PDRB Per Kapita Atas Dasar Harga Berlaku di Provinsi Jambi Menurut Kabupaten/Kota, 2011-2015 (Ribu Rupiah)","Per Capita GRDP at Current Market Prices by Regency/Municipality, in Jambi Province, 2011-2015 (Thousand Rupiahs)",5,5,9666e6459b0b
JAMBI,08,Kab. Tebo,,2011,,2 1.660,,"PDRB Per Kapita Atas Dasar Harga Berlaku di Provinsi Jambi Menurut Kabupaten/Kota, 2011-2015 (Ribu Rupiah)","Per Capita GRDP at Current Market Prices by Regency/Municipality, in Jambi Province, 2011-2015 (Thousand Rupiahs)",5,5,dfaed951600f
JAMBI,09,Kab. Bungo,,2011,,2 5.490p,,"PDRB Per Kapita Atas Dasar Harga Berlaku di Provinsi Jambi Menurut Kabupaten/Kota, 2011-2015 (Ribu Rupiah)","Per Capita GRDP at Current Market Prices by Regency/Municipality, in Jambi Province, 2011-2015 (Thousand Rupiahs)",5,5,412e767a8d6e
JAMBI,71,Kota Jambi,,2011,,2 3b.594,,"PDRB Per Kapita Atas Dasar Harga Berlaku di Provinsi Jambi Menurut Kabupaten/Kota, 2011-2015 (Ribu Rupiah)","Per Capita GRDP at Current Market Prices by Regency/Municipality, in Jambi Province, 2011-2015 (Thousand Rupiahs)",5,5,93f96e2b6e0c
JAMBI,72,Kota Sungai Penuh,,2011,,3 5.223,,"PDRB Per Kapita Atas Dasar Harga Berlaku di Provinsi Jambi Menurut Kabupaten/Kota, 2011-2015 (Ribu Rupiah)","Per Capita GRDP at Current Market Prices by Regency/Municipality, in Jambi Province, 2011-2015 (Thousand Rupiahs)",5,5,da6abb1a701d
JAMBI,,Jml Kab./Kota Total of Reg./Mun.,,2011,,3 2.655,,"PDRB Per Kapita Atas Dasar Harga Berlaku di Provinsi Jambi Menurut Kabupaten/Kota, 2011-2015 (Ribu Rupiah)","Per Capita GRDP at Current Market Prices by Regency/Municipality, in Jambi Province, 2011-2015 (Thousand Rupiahs)",5,5,77b8e6c10b9d
JAMBI,,Provinsi/Province,,2011,,3 2.682,,"PDRB Per Kapita Atas Dasar Harga Berlaku di Provinsi Jambi Menurut Kabupaten/Kota, 2011-2015 (Ribu Rupiah)","Per Capita GRDP at Current Market Prices by Regency/Municipality, in Jambi Province, 2011-2015 (Thousand Rupiahs)",5,5,29cbb9231926
SUMATERA SELATAN,01,Kab. Ogan Komering Ulu,,2011,,2 3.210,,"PDRB Per Kapita Atas Dasar Harga Berlaku di Provinsi Sumatera Selatan Menurut Kabupaten/Kota, 2011-2015 (Ribu Rupiah)","Per Capita GRDP at Current Market Prices by Regency/Municipality, in Sumatera Selatan Province, 2011-2015 (Thousand Rupiahs)",6,6,06636a240410
SUMATERA SELATAN,02,Kab. Ogan Komering Ilir,,2011,,1 9.354,,"PDRB Per Kapita Atas Dasar Harga Berlaku di Provinsi Sumatera Selatan Menurut Kabupaten/Kota, 2011-2015 (Ribu Rupiah)","Per Capita GRDP at Current Market Prices by Regency/Municipality, in Sumatera Selatan Province, 2011-2015 (Thousand Rupiahs)",6,6,4e0f12c2d7df
SUMATERA SELATAN,03,Kab. Muara Enim,,2011,,4 2.305,,"PDRB Per Kapita Atas Dasar Harga Berlaku di Provinsi Sumatera Selatan Menurut Kabupaten/Kota, 2011-2015 (Ribu Rupiah)","Per Capita GRDP at Current Market Prices by Regency/Municipality, in Sumatera Selatan Province, 2011-2015 (Thousand Rupiahs)",6,6,fc4ee6c3554e
SUMATERA SELATAN,12,Kab. Penukal Abab Lematang Ilir,#),2011,,-,,"PDRB Per Kapita Atas Dasar Harga Berlaku di Provinsi Sumatera Selatan Menurut Kabupaten/Kota, 2011-2015 (Ribu Rupiah)","Per Capita GRDP at Current Market Prices by Regency/Municipality, in Sumatera Selatan Province, 2011-2015 (Thousand Rupiahs)",6,6,3c975f9653bf
SUMATERA SELATAN,04,Kab. Lahat,,2011,,2 6.498,,"PDRB Per Kapita Atas Dasar Harga Berlaku di Provinsi Sumatera Selatan Menurut Kabupaten/Kota, 2011-2015 (Ribu Rupiah)","Per Capita GRDP at Current Market Prices by Regency/Municipality, in Sumatera Selatan Province, 2011-2015 (Thousand Rupiahs)",6,6,b3fc43a3b861
SUMATERA SELATAN,05,Kab. Musi Rawas,,2011,,2 7.587,,"PDRB Per Kapita Atas Dasar Harga Berlaku di Provinsi Sumatera Selatan Menurut Kabupaten/Kota, 2011-2015 (Ribu Rupiah)","Per Capita GRDP at Current Market Prices by Regency/Municipality, in Sumatera Selatan Province, 2011-2015 (Thousand Rupiahs)",6,6,4c55aaf99f97
SUMATERA SELATAN,13,Kab. Musi Rawas Utara,#),2011,,-,,"PDRB Per Kapita Atas Dasar Harga Berlaku di Provinsi Sumatera Selatan Menurut Kabupaten/Kota, 2011-2015 (Ribu Rupiah)","Per Capita GRDP at Current Market Prices by Regency/Municipality, in Sumatera Selatan Province, 2011-2015 (Thousand Rupiahs)",6,6,2cf0332c801b
SUMATERA SELATAN,06,Kab. Musi Banyuasin,,2011,,6 6.728,,"PDRB Per Kapita Atas Dasar Harga Berlaku di Provinsi Sumatera Selatan Menurut Kabupaten/Kota, 2011-2015 (Ribu Rupiah)","Per Capita GRDP at Current Market Prices by Regency/Municipality, in Sumatera Selatan Province, 2011-2015 (Thousand Rupiahs)",6,6,be1316cd1db4
SUMATERA SELATAN,07,Kab. Banyuasin,,2011,,1 8.580,,"PDRB Per Kapita Atas Dasar Harga Berlaku di Provinsi Sumatera Selatan Menurut Kabupaten/Kota, 2011-2015 (Ribu Rupiah)","Per Capita GRDP at Current Market Prices by Regency/Municipality, in Sumatera Selatan Province, 2011-2015 (Thousand Rupiahs)",6,6,6b48b463e100
SUMATERA SELATAN,08,Kab. Ogan Komering Ulu Selatan,,2011,,1 2.730p,,"PDRB Per Kapita Atas Dasar Harga Berlaku di Provinsi Sumatera Selatan Menurut Kabupaten/Kota, 2011-2015 (Ribu Rupiah)","Per Capita GRDP at Current Market Prices by Regency/Municipality, in Sumatera Selatan Province, 2011-2015 (Thousand Rupiahs)",6,6,bb941f07b17c
SUMATERA SELATAN,09,Kab. Ogan Komering Ulu Timur,,2011,,1 1.265,,"PDRB Per Kapita Atas Dasar Harga Berlaku di Provinsi Sumatera Selatan Menurut Kabupaten/Kota, 2011-2015 (Ribu Rupiah)","Per Capita GRDP at Current Market Prices by Regency/Municipality, in Sumatera Selatan Province, 2011-2015 (Thousand Rupiahs)",6,6,c7a58cd318ed
SUMATERA SELATAN,10,Kab. Ogan Ilir,,2011,,1 3.133,,"PDRB Per Kapita Atas Dasar Harga Berlaku di Provinsi Sumatera Selatan Menurut Kabupaten/Kota, 2011-2015 (Ribu Rupiah)","Per Capita GRDP at Current Market Prices by Regency/Municipality, in Sumatera Selatan Province, 2011-2015 (Thousand Rupiahs)",6,6,23d306db4cb0
SUMATERA SELATAN,11,Kab. Empat Lawang,,2011,,1 1.607,,"PDRB Per Kapita Atas Dasar Harga Berlaku di Provinsi Sumatera Selatan Menurut Kabupaten/Kota, 2011-2015 (Ribu Rupiah)","Per Capita GRDP at Current Market Prices by Regency/Municipality, in Sumatera Selatan Province, 2011-2015 (Thousand Rupiahs)",6,6,b0e04fd39677
SUMATERA SELATAN,71,Kota Palembang,,2011,,4 5.485,,"PDRB Per Kapita Atas Dasar Harga Berlaku di Provinsi Sumatera Selatan Menurut Kabupaten/Kota, 2011-2015 (Ribu Rupiah)","Per Capita GRDP at Current Market Prices by Regency/Municipality, in Sumatera Selatan Province, 2011-2015 (Thousand Rupiahs)",6,6,8dc36676fe5b
SUMATERA SELATAN,72,Kota Prabumulih,,2011,,2 0.793,,"PDRB Per Kapita Atas Dasar Harga Berlaku di Provinsi Sumatera Selatan Menurut Kabupaten/Kota, 2011-2015 (Ribu Rupiah)","Per Capita GRDP at Current Market Prices by Regency/Municipality, in Sumatera Selatan Province, 2011-2015 (Thousand Rupiahs)",6,6,516542fb135f
SUMATERA SELATAN,73,Kota Pagar Alam,,2011,,1 2.766,,"PDRB Per Kapita Atas Dasar Harga Berlaku di Provinsi Sumatera Selatan Menurut Kabupaten/Kota, 2011-2015 (Ribu Rupiah)","Per Capita GRDP at Current Market Prices by Regency/Municipality, in Sumatera Selatan Province, 2011-2015 (Thousand Rupiahs)",6,6,ce9229b141a8
SUMATERA SELATAN,74,Kota Lubuk Linggau,,2011,,1 4.304,,"PDRB Per Kapita Atas Dasar Harga Berlaku di Provinsi Sumatera Selatan Menurut Kabupaten/Kota, 2011-2015 (Ribu Rupiah)","Per Capita GRDP at Current Market Prices by Regency/Municipality, in Sumatera Selatan Province, 2011-2015 (Thousand Rupiahs)",6,6,828852c109d2
SUMATERA SELATAN,,Jml Kab./Kota Total of Reg./Mun.,,2011,,2 9.577,,"PDRB Per Kapita Atas Dasar Harga Berlaku di Provinsi Sumatera Selatan Menurut Kabupaten/Kota, 2011-2015 (Ribu Rupiah)","Per Capita GRDP at Current Market Prices by Regency/Municipality, in Sumatera Selatan Province, 2011-2015 (Thousand Rupiahs)",6,6,ca7b8cc3bb71
SUMATERA SELATAN,,Provinsi/Province,,2011,,2 9.830,,"PDRB Per Kapita Atas Dasar Harga Berlaku di Provinsi Sumatera Selatan Menurut Kabupaten/Kota, 2011-2015 (Ribu Rupiah)","Per Capita GRDP at Current Market Prices by Regency/Municipality, in Sumatera Selatan Province, 2011-2015 (Thousand Rupiahs)",6,6,4c6684e431f3
BENGKULU,01,Kab. Bengkulu Selatan,,2011,,1 7.443,,"PDRB Per Kapita Atas Dasar Harga Berlaku di Provinsi Bengkulu Menurut Kabupaten/Kota, 2011-2015 (Ribu Rupiah)","Per Capita GRDP at Current Market Prices by Regency/Municipality, in Bengkulu Province, 2011-2015 (Thousand Rupiahs)",7,7,7e799bfc4d45
BENGKULU,02,Kab. Rejang Lebong,,2011,,1 7.091,,"PDRB Per Kapita Atas Dasar Harga Berlaku di Provinsi Bengkulu Menurut Kabupaten/Kota, 2011-2015 (Ribu Rupiah)","Per Capita GRDP at Current Market Prices by Regency/Municipality, in Bengkulu Province, 2011-2015 (Thousand Rupiahs)",7,7,22808a2bd2fa
BENGKULU,03,Kab. Bengkulu Utara,,2011,,1 3.873,,"PDRB Per Kapita Atas Dasar Harga Berlaku di Provinsi Bengkulu Menurut Kabupaten/Kota, 2011-2015 (Ribu Rupiah)","Per Capita GRDP at Current Market Prices by Regency/Municipality, in Bengkulu Province, 2011-2015 (Thousand Rupiahs)",7,7,4e60a1570d37
BENGKULU,04,Kab. Kaur,,2011,,1 4.233,,"PDRB Per Kapita Atas Dasar Harga Berlaku di Provinsi Bengkulu Menurut Kabupaten/Kota, 2011-2015 (Ribu Rupiah)","Per Capita GRDP at Current Market Prices by Regency/Municipality, in Bengkulu Province, 2011-2015 (Thousand Rupiahs)",7,7,d100ac2475f8
BENGKULU,05,Kab. Seluma,,2011,,1 1.564,,"PDRB Per Kapita Atas Dasar Harga Berlaku di Provinsi Bengkulu Menurut Kabupaten/Kota, 2011-2015 (Ribu Rupiah)","Per Capita GRDP at Current Market Prices by Regency/Municipality, in Bengkulu Province, 2011-2015 (Thousand Rupiahs)",7,7,92a8b327252d
BENGKULU,06,Kab. Mukomuko,,2011,,1 4.231,,"PDRB Per Kapita Atas Dasar Harga Berlaku di Provinsi Bengkulu Menurut Kabupaten/Kota, 2011-2015 (Ribu Rupiah)","Per Capita GRDP at Current Market Prices by Regency/Municipality, in Bengkulu Province, 2011-2015 (Thousand Rupiahs)",7,7,42d4b2f74e89
BENGKULU,07,Kab. Lebong,,2011,,1 4.808,,"PDRB Per Kapita Atas Dasar Harga Berlaku di Provinsi Bengkulu Menurut Kabupaten/Kota, 2011-2015 (Ribu Rupiah)","Per Capita GRDP at Current Market Prices by Regency/Municipality, in Bengkulu Province, 2011-2015 (Thousand Rupiahs)",7,7,3da9ff35c523
BENGKULU,08,Kab. Kepahiang,,2011,,1 5.099,,"PDRB Per Kapita Atas Dasar Harga Berlaku di Provinsi Bengkulu Menurut Kabupaten/Kota, 2011-2015 (Ribu Rupiah)","Per Capita GRDP at Current Market Prices by Regency/Municipality, in Bengkulu Province, 2011-2015 (Thousand Rupiahs)",7,7,2c77149d88b7
BENGKULU,09,Kab. Bengkulu Tengah,,2011,,2 0.473p,,"PDRB Per Kapita Atas Dasar Harga Berlaku di Provinsi Bengkulu Menurut Kabupaten/Kota, 2011-2015 (Ribu Rupiah)","Per Capita GRDP at Current Market Prices by Regency/Municipality, in Bengkulu Province, 2011-2015 (Thousand Rupiahs)",7,7,1cf69c9ede23
BENGKULU,71,Kota Bengkulu,,2011,,3 1b.538,,"PDRB Per Kapita Atas Dasar Harga Berlaku di Provinsi Bengkulu Menurut Kabupaten/Kota, 2011-2015 (Ribu Rupiah)","Per Capita GRDP at Current Market Prices by Regency/Municipality, in Bengkulu Province, 2011-2015 (Thousand Rupiahs)",7,7,a7ee4350806e
BENGKULU,,Jml Kab./Kota Total of Reg./Mun.,,2011,,1 8.176,,"PDRB Per Kapita Atas Dasar Harga Berlaku di Provinsi Bengkulu Menurut Kabupaten/Kota, 2011-2015 (Ribu Rupiah)","Per Capita GRDP at Current Market Prices by Regency/Municipality, in Bengkulu Province, 2011-2015 (Thousand Rupiahs)",7,7,60ba08263699
BENGKULU,,Provinsi/Province,,2011,,1 8.369,,"PDRB Per Kapita Atas Dasar Harga Berlaku di Provinsi Bengkulu Menurut Kabupaten/Kota, 2011-2015 (Ribu Rupiah)","Per Capita GRDP at Current Market Prices by Regency/Municipality, in Bengkulu Province, 2011-2015 (Thousand Rupiahs)",7,7,e0ca23942809
LAMPUNG,01,Kab. Lampung Barat,,2011,,1 3.101,,"PDRB Per Kapita Atas Dasar Harga Berlaku di Provinsi Lampung Menurut Kabupaten/Kota, 2011-2015 (Ribu Rupiah)","Per Capita GRDP at Current Market Prices by Regency/Municipality, in Lampung Province, 2011-2015 (Thousand Rupiahs)",8,8,304bfe6004ec
LAMPUNG,13,Kab. Pesisir Barat,#),2011,,-,,"PDRB Per Kapita Atas Dasar Harga Berlaku di Provinsi Lampung Menurut Kabupaten/Kota, 2011-2015 (Ribu Rupiah)","Per Capita GRDP at Current Market Prices by Regency/Municipality, in Lampung Province, 2011-2015 (Thousand Rupiahs)",8,8,b93e3b68b8a6
LAMPUNG,02,Kab. Tanggamus,,2011,,1 3.277,,"PDRB Per Kapita Atas Dasar Harga Berlaku di Provinsi Lampung Menurut Kabupaten/Kota, 2011-2015 (Ribu Rupiah)","Per Capita GRDP at Current Market Prices by Regency/Municipality, in Lampung Province, 2011-2015 (Thousand Rupiahs)",8,8,887aa2509821
LAMPUNG,03,Kab. Lampung Selatan,,2011,,2 2.286,,"PDRB Per Kapita Atas Dasar Harga Berlaku di Provinsi Lampung Menurut Kabupaten/Kota, 2011-2015 (Ribu Rupiah)","Per Capita GRDP at Current Market Prices by Regency/Municipality, in Lampung Province, 2011-2015 (Thousand Rupiahs)",8,8,bf68ee72cbb9
LAMPUNG,04,Kab. Lampung Timur,,2011,,2 2.655,,"PDRB Per Kapita Atas Dasar Harga Berlaku di Provinsi Lampung Menurut Kabupaten/Kota, 2011-2015 (Ribu Rupiah)","Per Capita GRDP at Current Market Prices by Regency/Municipality, in Lampung Province, 2011-2015 (Thousand Rupiahs)",8,8,9bf23bb47822
LAMPUNG,05,Kab. Lampung Tengah,,2011,,2 7.544,,"PDRB Per Kapita Atas Dasar Harga Berlaku di Provinsi Lampung Menurut Kabupaten/Kota, 2011-2015 (Ribu Rupiah)","Per Capita GRDP at Current Market Prices by Regency/Municipality, in Lampung Province, 2011-2015 (Thousand Rupiahs)",8,8,d94df66ebf92
LAMPUNG,06,Kab. Lampung Utara,,2011,,1 9.373,,"PDRB Per Kapita Atas Dasar Harga Berlaku di Provinsi Lampung Menurut Kabupaten/Kota, 2011-2015 (Ribu Rupiah)","Per Capita GRDP at Current Market Prices by Regency/Municipality, in Lampung Province, 2011-2015 (Thousand Rupiahs)",8,8,737eefc8496c
LAMPUNG,07,Kab. Way Kanan,,2011,,1 6.442,,"PDRB Per Kapita Atas Dasar Harga Berlaku di Provinsi Lampung Menurut Kabupaten/Kota, 2011-2015 (Ribu Rupiah)","Per Capita GRDP at Current Market Prices by Regency/Municipality, in Lampung Province, 2011-2015 (Thousand Rupiahs)",8,8,d6cf748a30bb
LAMPUNG,08,Kab. Tulang Bawang,,2011,,2 6.923,,"PDRB Per Kapita Atas Dasar Harga Berlaku di Provinsi Lampung Menurut Kabupaten/Kota, 2011-2015 (Ribu Rupiah)","Per Capita GRDP at Current Market Prices by Regency/Municipality, in Lampung Province, 2011-2015 (Thousand Rupiahs)",8,8,586a2d235b18
LAMPUNG,09,Kab. Pesawaran,,2011,,1 9.579,,"PDRB Per Kapita Atas Dasar Harga Berlaku di Provinsi Lampung Menurut Kabupaten/Kota, 2011-2015 (Ribu Rupiah)","Per Capita GRDP at Current Market Prices by Regency/Municipality, in Lampung Province, 2011-2015 (Thousand Rupiahs)",8,8,e72b4f2765ea
LAMPUNG,10,Kab. Pringsewu,,2011,,1 4.328,,"PDRB Per Kapita Atas Dasar Harga Berlaku di Provinsi Lampung Menurut Kabupaten/Kota, 2011-2015 (Ribu Rupiah)","Per Capita GRDP at Current Market Prices by Regency/Municipality, in Lampung Province, 2011-2015 (Thousand Rupiahs)",8,8,f70034001f79
LAMPUNG,11,Kab. Mesuji,,2011,,2 5.818,,"PDRB Per Kapita Atas Dasar Harga Berlaku di Provinsi Lampung Menurut Kabupaten/Kota, 2011-2015 (Ribu Rupiah)","Per Capita GRDP at Current Market Prices by Regency/Municipality, in Lampung Province, 2011-2015 (Thousand Rupiahs)",8,8,91ca5ac4ceab
LAMPUNG,12,Kab. Tulang Bawang Barat,,2011,,2 1.537,,"PDRB Per Kapita Atas Dasar Harga Berlaku di Provinsi Lampung Menurut Kabupaten/Kota, 2011-2015 (Ribu Rupiah)","Per Capita GRDP at Current Market Prices by Regency/Municipality, in Lampung Province, 2011-2015 (Thousand Rupiahs)",8,8,9d3997958f55
LAMPUNG,71,Kota Bandar Lampung,,2011,,2 7.511,,"PDRB Per Kapita Atas Dasar Harga Berlaku di Provinsi Lampung Menurut Kabupaten/Kota, 2011-2015 (Ribu Rupiah)","Per Capita GRDP at Current Market Prices by Regency/Municipality, in Lampung Province, 2011-2015 (Thousand Rupiahs)",8,8,108c52b993f3
LAMPUNG,72,Kota Metro,,2011,,1 9.124,,"PDRB Per Kapita Atas Dasar Harga Berlaku di Provinsi Lampung Menurut Kabupaten/Kota, 2011-2015 (Ribu Rupiah)","Per Capita GRDP at Current Market Prices by Regency/Municipality, in Lampung Province, 2011-2015 (Thousand Rupiahs)",8,8,19a2dc286f3a
LAMPUNG,,Jml Kab./Kota Total of Reg./Mun.,,2011,,2 1.797,,"PDRB Per Kapita Atas Dasar Harga Berlaku di Provinsi Lampung Menurut Kabupaten/Kota, 2011-2015 (Ribu Rupiah)","Per Capita GRDP at Current Market Prices by Regency/Municipality, in Lampung Province, 2011-2015 (Thousand Rupiahs)",8,8,53aee605b56f
LAMPUNG,,Provinsi/Province,,2011,,2 1.981,,"PDRB Per Kapita Atas Dasar Harga Berlaku di Provinsi Lampung Menurut Kabupaten/Kota, 2011-2015 (Ribu Rupiah)","Per Capita GRDP at Current Market Prices by Regency/Municipality, in Lampung Province, 2011-2015 (Thousand Rupiahs)",8,8,8d0d694ec54f
KEPULAUAN BANGKA BELITUNG,01,Kab. Bangka,,2011,,2 6.486,,"PDRB Per Kapita Atas Dasar Harga Berlaku di Provinsi Kepulauan Bangka Belitung Menurut Kabupaten/Kota, 2011-2015 (Ribu Rupiah)","Per Capita GRDP at Current Market Prices by Regency/Municipality, in Kepulauan Bangka Belitung Province, 2011-2015 (Thousand Rupiahs)",9,9,5f9298c5afa9
KEPULAUAN BANGKA BELITUNG,02,Kab. Belitung,,2011,,2 9.426,,"PDRB Per Kapita Atas Dasar Harga Berlaku di Provinsi Kepulauan Bangka Belitung Menurut Kabupaten/Kota, 2011-2015 (Ribu Rupiah)","Per Capita GRDP at Current Market Prices by Regency/Municipality, in Kepulauan Bangka Belitung Province, 2011-2015 (Thousand Rupiahs)",9,9,ea944f182ee7
KEPULAUAN BANGKA BELITUNG,03,Kab. Bangka Barat,,2011,,4 2.415,,"PDRB Per Kapita Atas Dasar Harga Berlaku di Provinsi Kepulauan Bangka Belitung Menurut Kabupaten/Kota, 2011-2015 (Ribu Rupiah)","Per Capita GRDP at Current Market Prices by Regency/Municipality, in Kepulauan Bangka Belitung Province, 2011-2015 (Thousand Rupiahs)",9,9,fe8a64e7b8d6
KEPULAUAN BANGKA BELITUNG,04,Kab. Bangka Tengah,,2011,,3 0.657,,"PDRB Per Kapita Atas Dasar Harga Berlaku di Provinsi Kepulauan Bangka Belitung Menurut Kabupaten/Kota, 2011-2015 (Ribu Rupiah)","Per Capita GRDP at Current Market Prices by Regency/Municipality, in Kepulauan Bangka Belitung Province, 2011-2015 (Thousand Rupiahs)",9,9,4b4e149f7643
KEPULAUAN BANGKA BELITUNG,05,Kab. Bangka Selatan,,2011,,2 6.714,,"PDRB Per Kapita Atas Dasar Harga Berlaku di Provinsi Kepulauan Bangka Belitung Menurut Kabupaten/Kota, 2011-2015 (Ribu Rupiah)","Per Capita GRDP at Current Market Prices by Regency/Municipality, in Kepulauan Bangka Belitung Province, 2011-2015 (Thousand Rupiahs)",9,9,45948472fc32
KEPULAUAN BANGKA BELITUNG,06,Kab. Belitung Timur,,2011,,3 6.733,,"PDRB Per Kapita Atas Dasar Harga Berlaku di Provinsi Kepulauan Bangka Belitung Menurut Kabupaten/Kota, 2011-2015 (Ribu Rupiah)","Per Capita GRDP at Current Market Prices by Regency/Municipality, in Kepulauan Bangka Belitung Province, 2011-2015 (Thousand Rupiahs)",9,9,82dfd5182ef4
KEPULAUAN BANGKA BELITUNG,71,Kota Pangkal Pinang,,2011,,3 6b.704,,"PDRB Per Kapita Atas Dasar Harga Berlaku di Provinsi Kepulauan Bangka Belitung Menurut Kabupaten/Kota, 2011-2015 (Ribu Rupiah)","Per Capita GRDP at Current Market Prices by Regency/Municipality, in Kepulauan Bangka Belitung Province, 2011-2015 (Thousand Rupiahs)",9,9,b64e2bcfc487
KEPULAUAN BANGKA BELITUNG,,Jml Kab./Kota Total of Reg./Mun.,,2011,,3 2.074,,"PDRB Per Kapita Atas Dasar Harga Berlaku di Provinsi Kepulauan Bangka Belitung Menurut Kabupaten/Kota, 2011-2015 (Ribu Rupiah)","Per Capita GRDP at Current Market Prices by Regency/Municipality, in Kepulauan Bangka Belitung Province, 2011-2015 (Thousand Rupiahs)",9,9,ef28187bee18
KEPULAUAN BANGKA BELITUNG,,Provinsi/Province,,2011,,3 2.465,,"PDRB Per Kapita Atas Dasar Harga Berlaku di Provinsi Kepulauan Bangka Belitung Menurut Kabupaten/Kota, 2011-2015 (Ribu Rupiah)","Per Capita GRDP at Current Market Prices by Regency/Municipality, in Kepulauan Bangka Belitung Province, 2011-2015 (Thousand Rupiahs)",9,9,d432792377b6
KEPULAUAN RIAU,01,Kab. Karimun,,2011,,2 8.583,,"PDRB Per Kapita Atas Dasar Harga Berlaku di Provinsi Kepulauan Riau Menurut Kabupaten/Kota, 2011-2015 (Ribu Rupiah)","Per Capita GRDP at Current Market Prices by Regency/Municipality, in Kepulauan Riau Province, 2011-2015 (Thousand Rupiahs)",10,10,7275467ea156
KEPULAUAN RIAU,02,Kab. Bintan,,2011,,6 9.331,,"PDRB Per Kapita Atas Dasar Harga Berlaku di Provinsi Kepulauan Riau Menurut Kabupaten/Kota, 2011-2015 (Ribu Rupiah)","Per Capita GRDP at Current Market Prices by Regency/Municipality, in Kepulauan Riau Province, 2011-2015 (Thousand Rupiahs)",10,10,090ffd970b9b
KEPULAUAN RIAU,03,Kab. Natuna,,2011,,1 74.978,,"PDRB Per Kapita Atas Dasar Harga Berlaku di Provinsi Kepulauan Riau Menurut Kabupaten/Kota, 2011-2015 (Ribu Rupiah)","Per Capita GRDP at Current Market Prices by Regency/Municipality, in Kepulauan Riau Province, 2011-2015 (Thousand Rupiahs)",10,10,a599d3a581c2
KEPULAUAN RIAU,04,Kab. Lingga,,2011,,2 3.918,,"PDRB Per Kapita Atas Dasar Harga Berlaku di Provinsi Kepulauan Riau Menurut Kabupaten/Kota, 2011-2015 (Ribu Rupiah)","Per Capita GRDP at Current Market Prices by Regency/Municipality, in Kepulauan Riau Province, 2011-2015 (Thousand Rupiahs)",10,10,17d2013c5f3a
KEPULAUAN RIAU,05,Kab. Kep. Anambas,,2011,,3 05.544,,"PDRB Per Kapita Atas Dasar Harga Berlaku di Provinsi Kepulauan Riau Menurut Kabupaten/Kota, 2011-2015 (Ribu Rupiah)","Per Capita GRDP at Current Market Prices by Regency/Municipality, in Kepulauan Riau Province, 2011-2015 (Thousand Rupiahs)",10,10,fcc8129fbded
KEPULAUAN RIAU,71,Kota Batam,,2011,,7 4.132,,"PDRB Per Kapita Atas Dasar Harga Berlaku di Provinsi Kepulauan Riau Menurut Kabupaten/Kota, 2011-2015 (Ribu Rupiah)","Per Capita GRDP at Current Market Prices by Regency/Municipality, in Kepulauan Riau Province, 2011-2015 (Thousand Rupiahs)",10,10,d7f23746fae4
KEPULAUAN RIAU,72,Kota Tanjung Pinang,,2011,,5 4.207,,"PDRB Per Kapita Atas Dasar Harga Berlaku di Provinsi Kepulauan Riau Menurut Kabupaten/Kota, 2011-2015 (Ribu Rupiah)","Per Capita GRDP at Current Market Prices by Regency/Municipality, in Kepulauan Riau Province, 2011-2015 (Thousand Rupiahs)",10,10,c23e4692c2a9
KEPULAUAN RIAU,,Jml Kab./Kota Total of Reg./Mun.,,2011,,7 2.543,,"PDRB Per Kapita Atas Dasar Harga Berlaku di Provinsi Kepulauan Riau Menurut Kabupaten/Kota, 2011-2015 (Ribu Rupiah)","Per Capita GRDP at Current Market Prices by Regency/Municipality, in Kepulauan Riau Province, 2011-2015 (Thousand Rupiahs)",10,10,8da4929828ec
KEPULAUAN RIAU,,Provinsi/Province,,2011,,7 2.572,,"PDRB Per Kapita Atas Dasar Harga Berlaku di Provinsi Kepulauan Riau Menurut Kabupaten/Kota, 2011-2015 (Ribu Rupiah)","Per Capita GRDP at Current Market Prices by Regency/Municipality, in Kepulauan Riau Province, 2011-2015 (Thousand Rupiahs)",10,10,8a33300776c4
ACEH,01,Kab. Simeulue,,2012,,1 5.014,,"PDRB Per Kapita Atas Dasar Harga Berlaku di Provinsi Aceh Menurut Kabupaten/Kota, 2011-2015 (Ribu Rupiah)","Per Capita GRDP at Current Market Prices by Regency/Municipality, in Aceh Province, 2011-2015 (Thousand Rupiahs)",1,1,c544c2be79ed
ACEH,02,Kab. Aceh Singkil,,2012,,1 3.405,,"PDRB Per Kapita Atas Dasar Harga Berlaku di Provinsi Aceh Menurut Kabupaten/Kota, 2011-2015 (Ribu Rupiah)","Per Capita GRDP at Current Market Prices by Regency/Municipality, in Aceh Province, 2011-2015 (Thousand Rupiahs)",1,1,637990f82827
ACEH,03,Kab. Aceh Selatan,,2012,,1 5.668,,"PDRB Per Kapita Atas Dasar Harga Berlaku di Provinsi Aceh Menurut Kabupaten/Kota, 2011-2015 (Ribu Rupiah)","Per Capita GRDP at Current Market Prices by Regency/Municipality, in Aceh Province, 2011-2015 (Thousand Rupiahs)",1,1,70cbd15c6c5d
ACEH,04,Kab. Aceh Tenggara,,2012,,1 4.910,,"PDRB Per Kapita Atas Dasar Harga Berlaku di Provinsi Aceh Menurut Kabupaten/Kota, 2011-2015 (Ribu Rupiah)","Per Capita GRDP at Current Market Prices by Regency/Municipality, in Aceh Province, 2011-2015 (Thousand Rupiahs)",1,1,c9fc7a5ae800
ACEH,05,Kab. Aceh Timur,,2012,,2 1.375,,"PDRB Per Kapita Atas Dasar Harga Berlaku di Provinsi Aceh Menurut Kabupaten/Kota, 2011-2015 (Ribu Rupiah)","Per Capita GRDP at Current Market Prices by Regency/Municipality, in Aceh Province, 2011-2015 (Thousand Rupiahs)",1,1,199893b1c4e4
ACEH,06,Kab. Aceh Tengah,,2012,,2 5.259,,"PDRB Per Kapita Atas Dasar Harga Berlaku di Provinsi Aceh Menurut Kabupaten/Kota, 2011-2015 (Ribu Rupiah)","Per Capita GRDP at Current Market Prices by Regency/Municipality, in Aceh Province, 2011-2015 (Thousand Rupiahs)",1,1,22bf7b642c89
ACEH,07,Kab. Aceh Barat,,2012,,2 6.082,,"PDRB Per Kapita Atas Dasar Harga Berlaku di Provinsi Aceh Menurut Kabupaten/Kota, 2011-2015 (Ribu Rupiah)","Per Capita GRDP at Current Market Prices by Regency/Municipality, in Aceh Province, 2011-2015 (Thousand Rupiahs)",1,1,71993cda79c7
ACEH,08,Kab. Aceh Besar,,2012,,2 1.994,,"PDRB Per Kapita Atas Dasar Harga Berlaku di Provinsi Aceh Menurut Kabupaten/Kota, 2011-2015 (Ribu Rupiah)","Per Capita GRDP at Current Market Prices by Regency/Municipality, in Aceh Province, 2011-2015 (Thousand Rupiahs)",1,1,9012d896da85
ACEH,09,Kab. Pidie,,2012,,1 5.572,,"PDRB Per Kapita Atas Dasar Harga Berlaku di Provinsi Aceh Menurut Kabupaten/Kota, 2011-2015 (Ribu Rupiah)","Per Capita GRDP at Current Market Prices by Regency/Municipality, in Aceh Province, 2011-2015 (Thousand Rupiahs)",1,1,cdd4d591bcf3
ACEH,10,Kab. Bireun,,2012,,2 0.179,,"PDRB Per Kapita Atas Dasar Harga Berlaku di Provinsi Aceh Menurut Kabupaten/Kota, 2011-2015 (Ribu Rupiah)","Per Capita GRDP at Current Market Prices by Regency/Municipality, in Aceh Province, 2011-2015 (Thousand Rupiahs)",1,1,058dc963e28b
ACEH,11,Kab. Aceh Utara,,2012,,3 5.531,,"PDRB Per Kapita Atas Dasar Harga Berlaku di Provinsi Aceh Menurut Kabupaten/Kota, 2011-2015 (Ribu Rupiah)","Per Capita GRDP at Current Market Prices by Regency/Municipality, in Aceh Province, 2011-2015 (Thousand Rupiahs)",1,1,4c917d8f9f53
ACEH,12,Kab. Aceh Barat Daya,,2012,,1 8.856,,"PDRB Per Kapita Atas Dasar Harga Berlaku di Provinsi Aceh Menurut Kabupaten/Kota, 2011-2015 (Ribu Rupiah)","Per Capita GRDP at Current Market Prices by Regency/Municipality, in Aceh Province, 2011-2015 (Thousand Rupiahs)",1,1,62c3638674bd
ACEH,13,Kab. Gayo Lues,,2012,,1 9.9g98,,"PDRB Per Kapita Atas Dasar Harga Berlaku di Provinsi Aceh Menurut Kabupaten/Kota, 2011-2015 (Ribu Rupiah)","Per Capita GRDP at Current Market Prices by Regency/Municipality, in Aceh Province, 2011-2015 (Thousand Rupiahs)",1,1,cc6d29b6e42e
ACEH,14,Kab. Aceh Tamiang,,2012,,1 8.562,,"PDRB Per Kapita Atas Dasar Harga Berlaku di Provinsi Aceh Menurut Kabupaten/Kota, 2011-2015 (Ribu Rupiah)","Per Capita GRDP at Current Market Prices by Regency/Municipality, in Aceh Province, 2011-2015 (Thousand Rupiahs)",1,1,8d44fe88d945
ACEH,15,Kab. Nagan Raya,,2012,,3 .3.867,,"PDRB Per Kapita Atas Dasar Harga Berlaku di Provinsi Aceh Menurut Kabupaten/Kota, 2011-2015 (Ribu Rupiah)","Per Capita GRDP at Current Market Prices by Regency/Municipality, in Aceh Province, 2011-2015 (Thousand Rupiahs)",1,1,1059d8228036
ACEH,16,Kab. Aceh Jaya,,2012,,1 9.957,,"PDRB Per Kapita Atas Dasar Harga Berlaku di Provinsi Aceh Menurut Kabupaten/Kota, 2011-2015 (Ribu Rupiah)","Per Capita GRDP at Current Market Prices by Regency/Municipality, in Aceh Province, 2011-2015 (Thousand Rupiahs)",1,1,e95976a090df
ACEH,17,Kab. Bener Meriah,,2012,,2 2.126,,"PDRB Per Kapita Atas Dasar Harga Berlaku di Provinsi Aceh Menurut Kabupaten/Kota, 2011-2015 (Ribu Rupiah)","Per Capita GRDP at Current Market Prices by Regency/Municipality, in Aceh Province, 2011-2015 (Thousand Rupiahs)",1,1,5638053a3c90
ACEH,18,Kab. Pidie Jaya,,2012,,1 4.703,,"PDRB Per Kapita Atas Dasar Harga Berlaku di Provinsi Aceh Menurut Kabupaten/Kota, 2011-2015 (Ribu Rupiah)","Per Capita GRDP at Current Market Prices by Regency/Municipality, in Aceh Province, 2011-2015 (Thousand Rupiahs)",1,1,475762a0e619
ACEH,71,Kota Banda Aceh,,2012,,4 9.352,,"PDRB Per Kapita Atas Dasar Harga Berlaku di Provinsi Aceh Menurut Kabupaten/Kota, 2011-2015 (Ribu Rupiah)","Per Capita GRDP at Current Market Prices by Regency/Municipality, in Aceh Province, 2011-2015 (Thousand Rupiahs)",1,1,55e3e9861cc2
ACEH,72,Kota Sabang,,2012,,2 6.938,,"PDRB Per Kapita Atas Dasar Harga Berlaku di Provinsi Aceh Menurut Kabupaten/Kota, 2011-2015 (Ribu Rupiah)","Per Capita GRDP at Current Market Prices by Regency/Municipality, in Aceh Province, 2011-2015 (Thousand Rupiahs)",1,1,250579af5558
ACEH,73,Kota Langsa,,2012,,1 9.313,,"PDRB Per Kapita Atas Dasar Harga Berlaku di Provinsi Aceh Menurut Kabupaten/Kota, 2011-2015 (Ribu Rupiah)","Per Capita GRDP at Current Market Prices by Regency/Municipality, in Aceh Province, 2011-2015 (Thousand Rupiahs)",1,1,c1ec86380da7
ACEH,74,Kota Lhokseumawe,,2012,,5 1.965,,"PDRB Per Kapita Atas Dasar Harga Berlaku di Provinsi Aceh Menurut Kabupaten/Kota, 2011-2015 (Ribu Rupiah)","Per Capita GRDP at Current Market Prices by Regency/Municipality, in Aceh Province, 2011-2015 (Thousand Rupiahs)",1,1,1620c69f44d9
ACEH,75,Kota Subulussalam,,2012,,1 4.588,,"PDRB Per Kapita Atas Dasar Harga Berlaku di Provinsi Aceh Menurut Kabupaten/Kota, 2011-2015 (Ribu Rupiah)","Per Capita GRDP at Current Market Prices by Regency/Municipality, in Aceh Province, 2011-2015 (Thousand Rupiahs)",1,1,4e12d4e4870c
ACEH,,Jml Kab./Kota Total of Reg./Mun.,,2012,,2 4.378,,"PDRB Per Kapita Atas Dasar Harga Berlaku di Provinsi Aceh Menurut Kabupaten/Kota, 2011-2015 (Ribu Rupiah)","Per Capita GRDP at Current Market Prices by Regency/Municipality, in Aceh Province, 2011-2015 (Thousand Rupiahs)",1,1,1d3a67e76db9
ACEH,,Provinsi/Province,,2012,,2 4.295,,"PDRB Per Kapita Atas Dasar Harga Berlaku di Provinsi Aceh Menurut Kabupaten/Kota, 2011-2015 (Ribu Rupiah)","Per Capita GRDP at Current Market Prices by Regency/Municipality, in Aceh Province, 2011-2015 (Thousand Rupiahs)",1,1,84c8324150fa
SUMATERA UTARA,01,Kab. Nias,,2012,,1 4.738,,"PDRB Per Kapita Atas Dasar Harga Berlaku di Provinsi Sumatera Utara Menurut Kabupaten/Kota, 2011-2015 (Ribu Rupiah)","Per Capita GRDP at Current Market Prices by Regency/Municipality, in Sumatera Utara Province, 2011-2015 (Thousand Rupiahs)",2,2,06d95774a77e
SUMATERA UTARA,02,Kab. Mandailing Natal,,2012,,1 6.685,,"PDRB Per Kapita Atas Dasar Harga Berlaku di Provinsi Sumatera Utara Menurut Kabupaten/Kota, 2011-2015 (Ribu Rupiah)","Per Capita GRDP at Current Market Prices by Regency/Municipality, in Sumatera Utara Province, 2011-2015 (Thousand Rupiahs)",2,2,84d3a96d504e
SUMATERA UTARA,03,Kab. Tapanuli Selatan,,2012,,2 5.690,,"PDRB Per Kapita Atas Dasar Harga Berlaku di Provinsi Sumatera Utara Menurut Kabupaten/Kota, 2011-2015 (Ribu Rupiah)","Per Capita GRDP at Current Market Prices by Regency/Municipality, in Sumatera Utara Province, 2011-2015 (Thousand Rupiahs)",2,2,79d51fae2e70
SUMATERA UTARA,04,Kab. Tapanuli Tengah,,2012,,1 6.311,,"PDRB Per Kapita Atas Dasar Harga Berlaku di Provinsi Sumatera Utara Menurut Kabupaten/Kota, 2011-2015 (Ribu Rupiah)","Per Capita GRDP at Current Market Prices by Regency/Municipality, in Sumatera Utara Province, 2011-2015 (Thousand Rupiahs)",2,2,191a0e6936d5
SUMATERA UTARA,05,Kab. Tapanuli Utara,,2012,,1 6.116,,"PDRB Per Kapita Atas Dasar Harga Berlaku di Provinsi Sumatera Utara Menurut Kabupaten/Kota, 2011-2015 (Ribu Rupiah)","Per Capita GRDP at Current Market Prices by Regency/Municipality, in Sumatera Utara Province, 2011-2015 (Thousand Rupiahs)",2,2,d55a934bdb60
SUMATERA UTARA,06,Kab. Toba Samosir,,2012,,2 4.513,,"PDRB Per Kapita Atas Dasar Harga Berlaku di Provinsi Sumatera Utara Menurut Kabupaten/Kota, 2011-2015 (Ribu Rupiah)","Per Capita GRDP at Current Market Prices by Regency/Municipality, in Sumatera Utara Province, 2011-2015 (Thousand Rupiahs)",2,2,5264f76a40df
SUMATERA UTARA,07,Kab. Labuhan Batu,,2012,,4 1.325,,"PDRB Per Kapita Atas Dasar Harga Berlaku di Provinsi Sumatera Utara Menurut Kabupaten/Kota, 2011-2015 (Ribu Rupiah)","Per Capita GRDP at Current Market Prices by Regency/Municipality, in Sumatera Utara Province, 2011-2015 (Thousand Rupiahs)",2,2,0dd6131f5bb8
SUMATERA UTARA,08,Kab. Asahan,,2012,,2 8.953,,"PDRB Per Kapita Atas Dasar Harga Berlaku di Provinsi Sumatera Utara Menurut Kabupaten/Kota, 2011-2015 (Ribu Rupiah)","Per Capita GRDP at Current Market Prices by Regency/Municipality, in Sumatera Utara Province, 2011-2015 (Thousand Rupiahs)",2,2,aab9e57c26bf
SUMATERA UTARA,09,Kab. Simalungun,,2012,,2 5.151,,"PDRB Per Kapita Atas Dasar Harga Berlaku di Provinsi Sumatera Utara Menurut Kabupaten/Kota, 2011-2015 (Ribu Rupiah)","Per Capita GRDP at Current Market Prices by Regency/Municipality, in Sumatera Utara Province, 2011-2015 (Thousand Rupiahs)",2,2,9d59218e6eab
SUMATERA UTARA,10,Kab. Dairi,,2012,,1 8.719,,"PDRB Per Kapita Atas Dasar Harga Berlaku di Provinsi Sumatera Utara Menurut Kabupaten/Kota, 2011-2015 (Ribu Rupiah)","Per Capita GRDP at Current Market Prices by Regency/Municipality, in Sumatera Utara Province, 2011-2015 (Thousand Rupiahs)",2,2,306bf1ffcf37
SUMATERA UTARA,11,Kab. Karo,,2012,,3 0.566,,"PDRB Per Kapita Atas Dasar Harga Berlaku di Provinsi Sumatera Utara Menurut Kabupaten/Kota, 2011-2015 (Ribu Rupiah)","Per Capita GRDP at Current Market Prices by Regency/Municipality, in Sumatera Utara Province, 2011-2015 (Thousand Rupiahs)",2,2,7b662910542d
SUMATERA UTARA,12,Kab. Deli Serdang,,2012,,2 7.816,,"PDRB Per Kapita Atas Dasar Harga Berlaku di Provinsi Sumatera Utara Menurut Kabupaten/Kota, 2011-2015 (Ribu Rupiah)","Per Capita GRDP at Current Market Prices by Regency/Municipality, in Sumatera Utara Province, 2011-2015 (Thousand Rupiahs)",2,2,5a67e8448cb8
SUMATERA UTARA,13,Kab. Langkat,,2012,,2 3.1g68,,"PDRB Per Kapita Atas Dasar Harga Berlaku di Provinsi Sumatera Utara Menurut Kabupaten/Kota, 2011-2015 (Ribu Rupiah)","Per Capita GRDP at Current Market Prices by Regency/Municipality, in Sumatera Utara Province, 2011-2015 (Thousand Rupiahs)",2,2,d4e94dc87eb6
SUMATERA UTARA,14,Kab. Nias Selatan,,2012,,1 1.679,,"PDRB Per Kapita Atas Dasar Harga Berlaku di Provinsi Sumatera Utara Menurut Kabupaten/Kota, 2011-2015 (Ribu Rupiah)","Per Capita GRDP at Current Market Prices by Regency/Municipality, in Sumatera Utara Province, 2011-2015 (Thousand Rupiahs)",2,2,5439d356eae7
SUMATERA UTARA,15,Kab. Humbang Hasundutan,,2012,,1 .8.482,,"PDRB Per Kapita Atas Dasar Harga Berlaku di Provinsi Sumatera Utara Menurut Kabupaten/Kota, 2011-2015 (Ribu Rupiah)","Per Capita GRDP at Current Market Prices by Regency/Municipality, in Sumatera Utara Province, 2011-2015 (Thousand Rupiahs)",2,2,6681dc581d52
SUMATERA UTARA,16,Kab. Pakpak Bharat,,2012,,1 4.562,,"PDRB Per Kapita Atas Dasar Harga Berlaku di Provinsi Sumatera Utara Menurut Kabupaten/Kota, 2011-2015 (Ribu Rupiah)","Per Capita GRDP at Current Market Prices by Regency/Municipality, in Sumatera Utara Province, 2011-2015 (Thousand Rupiahs)",2,2,578e81ec91bd
SUMATERA UTARA,17,Kab. Samosir,,2012,,1 8.796,,"PDRB Per Kapita Atas Dasar Harga Berlaku di Provinsi Sumatera Utara Menurut Kabupaten/Kota, 2011-2015 (Ribu Rupiah)","Per Capita GRDP at Current Market Prices by Regency/Municipality, in Sumatera Utara Province, 2011-2015 (Thousand Rupiahs)",2,2,4e766500aca6
SUMATERA UTARA,18,Kab. Serdang Bedagai,,2012,,2 4.935,,"PDRB Per Kapita Atas Dasar Harga Berlaku di Provinsi Sumatera Utara Menurut Kabupaten/Kota, 2011-2015 (Ribu Rupiah)","Per Capita GRDP at Current Market Prices by Regency/Municipality, in Sumatera Utara Province, 2011-2015 (Thousand Rupiahs)",2,2,7ba6ca3d66b9
SUMATERA UTARA,19,Kab. Batu Bara,,2012,,5 0.644,,"PDRB Per Kapita Atas Dasar Harga Berlaku di Provinsi Sumatera Utara Menurut Kabupaten/Kota, 2011-2015 (Ribu Rupiah)","Per Capita GRDP at Current Market Prices by Regency/Municipality, in Sumatera Utara Province, 2011-2015 (Thousand Rupiahs)",2,2,36ebeaf6647d
SUMATERA UTARA,20,Kab. Padang Lawas Utara,,2012,,2 5.463,,"PDRB Per Kapita Atas Dasar Harga Berlaku di Provinsi Sumatera Utara Menurut Kabupaten/Kota, 2011-2015 (Ribu Rupiah)","Per Capita GRDP at Current Market Prices by Regency/Municipality, in Sumatera Utara Province, 2011-2015 (Thousand Rupiahs)",2,2,bbfb09c1d483
SUMATERA UTARA,21,Kab. Padang Lawas,,2012,,2 4.664,,"PDRB Per Kapita Atas Dasar Harga Berlaku di Provinsi Sumatera Utara Menurut Kabupaten/Kota, 2011-2015 (Ribu Rupiah)","Per Capita GRDP at Current Market Prices by Regency/Municipality, in Sumatera Utara Province, 2011-2015 (Thousand Rupiahs)",2,2,583f6f784e61
SUMATERA UTARA,22,Kab. Labuhan Batu Selatan,,2012,,4 8.980,,"PDRB Per Kapita Atas Dasar Harga Berlaku di Provinsi Sumatera Utara Menurut Kabupaten/Kota, 2011-2015 (Ribu Rupiah)","Per Capita GRDP at Current Market Prices by Regency/Municipality, in Sumatera Utara Province, 2011-2015 (Thousand Rupiahs)",2,2,21aebc5af9ec
SUMATERA UTARA,23,Kab. Labuhan Batu Utara,,2012,,3 9.097,,"PDRB Per Kapita Atas Dasar Harga Berlaku di Provinsi Sumatera Utara Menurut Kabupaten/Kota, 2011-2015 (Ribu Rupiah)","Per Capita GRDP at Current Market Prices by Regency/Municipality, in Sumatera Utara Province, 2011-2015 (Thousand Rupiahs)",2,2,5b7fcb58b256
SUMATERA UTARA,24,Kab. Nias Utara,,2012,,1 4.134,,"PDRB Per Kapita Atas Dasar Harga Berlaku di Provinsi Sumatera Utara Menurut Kabupaten/Kota, 2011-2015 (Ribu Rupiah)","Per Capita GRDP at Current Market Prices by Regency/Municipality, in Sumatera Utara Province, 2011-2015 (Thousand Rupiahs)",2,2,d8414f5daa82
SUMATERA UTARA,25,Kab. Nias Barat,,2012,,1 1.575,,"PDRB Per Kapita Atas Dasar Harga Berlaku di Provinsi Sumatera Utara Menurut Kabupaten/Kota, 2011-2015 (Ribu Rupiah)","Per Capita GRDP at Current Market Prices by Regency/Municipality, in Sumatera Utara Province, 2011-2015 (Thousand Rupiahs)",2,2,57b853cab727
SUMATERA UTARA,71,Kota Sibolga,,2012,,3 1.608,,"PDRB Per Kapita Atas Dasar Harga Berlaku di Provinsi Sumatera Utara Menurut Kabupaten/Kota, 2011-2015 (Ribu Rupiah)","Per Capita GRDP at Current Market Prices by Regency/Municipality, in Sumatera Utara Province, 2011-2015 (Thousand Rupiahs)",2,2,f4351a72ca37
SUMATERA UTARA,72,Kota Tanjung Balai,,2012,,2 7.040,,"PDRB Per Kapita Atas Dasar Harga Berlaku di Provinsi Sumatera Utara Menurut Kabupaten/Kota, 2011-2015 (Ribu Rupiah)","Per Capita GRDP at Current Market Prices by Regency/Municipality, in Sumatera Utara Province, 2011-2015 (Thousand Rupiahs)",2,2,91cdbae59013
SUMATERA UTARA,73,Kota Pematang Siantar,,2012,,3 1.291,,"PDRB Per Kapita Atas Dasar Harga Berlaku di Provinsi Sumatera Utara Menurut Kabupaten/Kota, 2011-2015 (Ribu Rupiah)","Per Capita GRDP at Current Market Prices by Regency/Municipality, in Sumatera Utara Province, 2011-2015 (Thousand Rupiahs)",2,2,d70c1c72d416
SUMATERA UTARA,74,Kota Tebing Tinggi,,2012,,2 0.435,,"PDRB Per Kapita Atas Dasar Harga Berlaku di Provinsi Sumatera Utara Menurut Kabupaten/Kota, 2011-2015 (Ribu Rupiah)","Per Capita GRDP at Current Market Prices by Regency/Municipality, in Sumatera Utara Province, 2011-2015 (Thousand Rupiahs)",2,2,3ecd2466bb65
SUMATERA UTARA,75,Kota Medan,,2012,,5 4.668,,"PDRB Per Kapita Atas Dasar Harga Berlaku di Provinsi Sumatera Utara Menurut Kabupaten/Kota, 2011-2015 (Ribu Rupiah)","Per Capita GRDP at Current Market Prices by Regency/Municipality, in Sumatera Utara Province, 2011-2015 (Thousand Rupiahs)",2,2,059471379047
SUMATERA UTARA,76,Kota Binjai,,2012,,2 4.163,,"PDRB Per Kapita Atas Dasar Harga Berlaku di Provinsi Sumatera Utara Menurut Kabupaten/Kota, 2011-2015 (Ribu Rupiah)","Per Capita GRDP at Current Market Prices by Regency/Municipality, in Sumatera Utara Province, 2011-2015 (Thousand Rupiahs)",2,2,f0484f58b044
SUMATERA UTARA,77,Kota Padang Sidempuatn,,2012,,1 6.266,,"PDRB Per Kapita Atas Dasar Harga Berlaku di Provinsi Sumatera Utara Menurut Kabupaten/Kota, 2011-2015 (Ribu Rupiah)","Per Capita GRDP at Current Market Prices by Regency/Municipality, in Sumatera Utara Province, 2011-2015 (Thousand Rupiahs)",2,2,4d86c57b58e8
SUMATERA UTARA,78,Kota Gunungsitoli,,2012,,1 9.527,,"PDRB Per Kapita Atas Dasar Harga Berlaku di Provinsi Sumatera Utara Menurut Kabupaten/Kota, 2011-2015 (Ribu Rupiah)","Per Capita GRDP at Current Market Prices by Regency/Municipality, in Sumatera Utara Province, 2011-2015 (Thousand Rupiahs)",2,2,459eb73db8e8
SUMATERA UTARA,,Jml Kab./Kota Total of Reg./Mun.,,2012,,3 0.920,,"PDRB Per Kapita Atas Dasar Harga Berlaku di Provinsi Sumatera Utara Menurut Kabupaten/Kota, 2011-2015 (Ribu Rupiah)","Per Capita GRDP at Current Market Prices by Regency/Municipality, in Sumatera Utara Province, 2011-2015 (Thousand Rupiahs)",2,2,e6c8237f4834
SUMATERA UTARA,,Provinsi/Province,,2012,,3 1.109,,"PDRB Per Kapita Atas Dasar Harga Berlaku di Provinsi Sumatera Utara Menurut Kabupaten/Kota, 2011-2015 (Ribu Rupiah)","Per Capita GRDP at Current Market Prices by Regency/Municipality, in Sumatera Utara Province, 2011-2015 (Thousand Rupiahs)",2,2,06600170a51b
SUMATERA BARAT,01,Kab. Kepulauan Mentawai,,2012,,2 9.567,,"PDRB Per Kapita Atas Dasar Harga Berlaku di Provinsi Sumatera Barat Menurut Kabupaten/Kota, 2011-2015 (Ribu Rupiah)","Per Capita GRDP at Current Market Prices by Regency/Municipality, in Sumatera Barat Province, 2011-2015 (Thousand Rupiahs)",3,3,76344cd724dd
SUMATERA BARAT,02,Kab. Pesisir Selatan,,2012,,1 6.768,,"PDRB Per Kapita Atas Dasar Harga Berlaku di Provinsi Sumatera Barat Menurut Kabupaten/Kota, 2011-2015 (Ribu Rupiah)","Per Capita GRDP at Current Market Prices by Regency/Municipality, in Sumatera Barat Province, 2011-2015 (Thousand Rupiahs)",3,3,fbd064ac127c
SUMATERA BARAT,03,Kab. Solok,,2012,,2 1.481,,"PDRB Per Kapita Atas Dasar Harga Berlaku di Provinsi Sumatera Barat Menurut Kabupaten/Kota, 2011-2015 (Ribu Rupiah)","Per Capita GRDP at Current Market Prices by Regency/Municipality, in Sumatera Barat Province, 2011-2015 (Thousand Rupiahs)",3,3,e5752bb15de4
SUMATERA BARAT,04,Kab. Sijunjung,,2012,,2 4.571,,"PDRB Per Kapita Atas Dasar Harga Berlaku di Provinsi Sumatera Barat Menurut Kabupaten/Kota, 2011-2015 (Ribu Rupiah)","Per Capita GRDP at Current Market Prices by Regency/Municipality, in Sumatera Barat Province, 2011-2015 (Thousand Rupiahs)",3,3,0876805f13be
SUMATERA BARAT,05,Kab. Tanah Datar,,2012,,2 1.661,,"PDRB Per Kapita Atas Dasar Harga Berlaku di Provinsi Sumatera Barat Menurut Kabupaten/Kota, 2011-2015 (Ribu Rupiah)","Per Capita GRDP at Current Market Prices by Regency/Municipality, in Sumatera Barat Province, 2011-2015 (Thousand Rupiahs)",3,3,f06d04bbfd67
SUMATERA BARAT,06,Kab. Padang Pariaman,,2012,,2 6.717,,"PDRB Per Kapita Atas Dasar Harga Berlaku di Provinsi Sumatera Barat Menurut Kabupaten/Kota, 2011-2015 (Ribu Rupiah)","Per Capita GRDP at Current Market Prices by Regency/Municipality, in Sumatera Barat Province, 2011-2015 (Thousand Rupiahs)",3,3,b2f2e40ce06a
SUMATERA BARAT,07,Kab. Agam,,2012,,2 4.1g35,,"PDRB Per Kapita Atas Dasar Harga Berlaku di Provinsi Sumatera Barat Menurut Kabupaten/Kota, 2011-2015 (Ribu Rupiah)","Per Capita GRDP at Current Market Prices by Regency/Municipality, in Sumatera Barat Province, 2011-2015 (Thousand Rupiahs)",3,3,4afed540dd46
SUMATERA BARAT,08,Kab. Lima Puluh Kota,,2012,,2 .3.840,,"PDRB Per Kapita Atas Dasar Harga Berlaku di Provinsi Sumatera Barat Menurut Kabupaten/Kota, 2011-2015 (Ribu Rupiah)","Per Capita GRDP at Current Market Prices by Regency/Municipality, in Sumatera Barat Province, 2011-2015 (Thousand Rupiahs)",3,3,eba90e6bba24
SUMATERA BARAT,09,Kab. Pasaman,,2012,,1 8.330,,"PDRB Per Kapita Atas Dasar Harga Berlaku di Provinsi Sumatera Barat Menurut Kabupaten/Kota, 2011-2015 (Ribu Rupiah)","Per Capita GRDP at Current Market Prices by Regency/Municipality, in Sumatera Barat Province, 2011-2015 (Thousand Rupiahs)",3,3,7efd30a00364
SUMATERA BARAT,10,Kab. Solok Selatan,,2012,,2 0.481,,"PDRB Per Kapita Atas Dasar Harga Berlaku di Provinsi Sumatera Barat Menurut Kabupaten/Kota, 2011-2015 (Ribu Rupiah)","Per Capita GRDP at Current Market Prices by Regency/Municipality, in Sumatera Barat Province, 2011-2015 (Thousand Rupiahs)",3,3,ad1c9109be8e
SUMATERA BARAT,11,Kab. Dharmasraya,,2012,,2 8.073,,"PDRB Per Kapita Atas Dasar Harga Berlaku di Provinsi Sumatera Barat Menurut Kabupaten/Kota, 2011-2015 (Ribu Rupiah)","Per Capita GRDP at Current Market Prices by Regency/Municipality, in Sumatera Barat Province, 2011-2015 (Thousand Rupiahs)",3,3,0b778b8f9845
SUMATERA BARAT,12,Kab. Pasaman Barat,,2012,,2 2.513,,"PDRB Per Kapita Atas Dasar Harga Berlaku di Provinsi Sumatera Barat Menurut Kabupaten/Kota, 2011-2015 (Ribu Rupiah)","Per Capita GRDP at Current Market Prices by Regency/Municipality, in Sumatera Barat Province, 2011-2015 (Thousand Rupiahs)",3,3,b9c9aeca55ce
SUMATERA BARAT,71,Kota Padang,,2012,,3 7.965,,"PDRB Per Kapita Atas Dasar Harga Berlaku di Provinsi Sumatera Barat Menurut Kabupaten/Kota, 2011-2015 (Ribu Rupiah)","Per Capita GRDP at Current Market Prices by Regency/Municipality, in Sumatera Barat Province, 2011-2015 (Thousand Rupiahs)",3,3,bedfa78906ca
SUMATERA BARAT,72,Kota Solok,,2012,,3 4.690,,"PDRB Per Kapita Atas Dasar Harga Berlaku di Provinsi Sumatera Barat Menurut Kabupaten/Kota, 2011-2015 (Ribu Rupiah)","Per Capita GRDP at Current Market Prices by Regency/Municipality, in Sumatera Barat Province, 2011-2015 (Thousand Rupiahs)",3,3,0a079ca8cfce
SUMATERA BARAT,73,Kota Sawah Lunto,,2012,,3 5.993,,"PDRB Per Kapita Atas Dasar Harga Berlaku di Provinsi Sumatera Barat Menurut Kabupaten/Kota, 2011-2015 (Ribu Rupiah)","Per Capita GRDP at Current Market Prices by Regency/Municipality, in Sumatera Barat Province, 2011-2015 (Thousand Rupiahs)",3,3,97f01c547a71
SUMATERA BARAT,74,Kota Padang Panjang,,2012,,3 8.990,,"PDRB Per Kapita Atas Dasar Harga Berlaku di Provinsi Sumatera Barat Menurut Kabupaten/Kota, 2011-2015 (Ribu Rupiah)","Per Capita GRDP at Current Market Prices by Regency/Municipality, in Sumatera Barat Province, 2011-2015 (Thousand Rupiahs)",3,3,2bc1570a9e6c
SUMATERA BARAT,75,Kota Bukittinggi,,2012,,3 8.664,,"PDRB Per Kapita Atas Dasar Harga Berlaku di Provinsi Sumatera Barat Menurut Kabupaten/Kota, 2011-2015 (Ribu Rupiah)","Per Capita GRDP at Current Market Prices by Regency/Municipality, in Sumatera Barat Province, 2011-2015 (Thousand Rupiahs)",3,3,a31028ba94ad
SUMATERA BARAT,76,Kota Payakumbuh,,2012,,2 7.272,,"PDRB Per Kapita Atas Dasar Harga Berlaku di Provinsi Sumatera Barat Menurut Kabupaten/Kota, 2011-2015 (Ribu Rupiah)","Per Capita GRDP at Current Market Prices by Regency/Municipality, in Sumatera Barat Province, 2011-2015 (Thousand Rupiahs)",3,3,7b82ee52996f
SUMATERA BARAT,77,Kota Pariaman,,2012,,3 3.154,,"PDRB Per Kapita Atas Dasar Harga Berlaku di Provinsi Sumatera Barat Menurut Kabupaten/Kota, 2011-2015 (Ribu Rupiah)","Per Capita GRDP at Current Market Prices by Regency/Municipality, in Sumatera Barat Province, 2011-2015 (Thousand Rupiahs)",3,3,afe66d2d254e
SUMATERA BARAT,,Jml Kab./Kota Total of Reg./Mun.,,2012,,2 6.407,,"PDRB Per Kapita Atas Dasar Harga Berlaku di Provinsi Sumatera Barat Menurut Kabupaten/Kota, 2011-2015 (Ribu Rupiah)","Per Capita GRDP at Current Market Prices by Regency/Municipality, in Sumatera Barat Province, 2011-2015 (Thousand Rupiahs)",3,3,efec2c97503c
SUMATERA BARAT,,Provinsi/Province,,2012,,2 6.286,,"PDRB Per Kapita Atas Dasar Harga Berlaku di Provinsi Sumatera Barat Menurut Kabupaten/Kota, 2011-2015 (Ribu Rupiah)","Per Capita GRDP at Current Market Prices by Regency/Municipality, in Sumatera Barat Province, 2011-2015 (Thousand Rupiahs)",3,3,9ad2892f7532
RIAU,01,Kab. Kuantan Singingi,,2012,,6 5.931,,"PDRB Per Kapita Atas Dasar Harga Berlaku di Provinsi Riau Menurut Kabupaten/Kota, 2011-2015 (Ribu Rupiah)","Per Capita GRDP at Current Market Prices by Regency/Municipality, in Riau Province, 2011-2015 (Thousand Rupiahs)",4,4,1224f62040d7
RIAU,02,Kab.indragiri Hulu,,2012,,7 1.575,,"PDRB Per Kapita Atas Dasar Harga Berlaku di Provinsi Riau Menurut Kabupaten/Kota, 2011-2015 (Ribu Rupiah)","Per Capita GRDP at Current Market Prices by Regency/Municipality, in Riau Province, 2011-2015 (Thousand Rupiahs)",4,4,7eada4ffd967
RIAU,03,Kab.indragiri Hilir,,2012,,5 5.727,,"PDRB Per Kapita Atas Dasar Harga Berlaku di Provinsi Riau Menurut Kabupaten/Kota, 2011-2015 (Ribu Rupiah)","Per Capita GRDP at Current Market Prices by Regency/Municipality, in Riau Province, 2011-2015 (Thousand Rupiahs)",4,4,d2f548624338
RIAU,04,Kab. Pelalawan,,2012,,8 5.367,,"PDRB Per Kapita Atas Dasar Harga Berlaku di Provinsi Riau Menurut Kabupaten/Kota, 2011-2015 (Ribu Rupiah)","Per Capita GRDP at Current Market Prices by Regency/Municipality, in Riau Province, 2011-2015 (Thousand Rupiahs)",4,4,7e6c3a2d3a07
RIAU,05,Kab. Siak,,2012,,1 96.250,,"PDRB Per Kapita Atas Dasar Harga Berlaku di Provinsi Riau Menurut Kabupaten/Kota, 2011-2015 (Ribu Rupiah)","Per Capita GRDP at Current Market Prices by Regency/Municipality, in Riau Province, 2011-2015 (Thousand Rupiahs)",4,4,1a682403b0c9
RIAU,06,Kab. Kampar,,2012,,7 3.052,,"PDRB Per Kapita Atas Dasar Harga Berlaku di Provinsi Riau Menurut Kabupaten/Kota, 2011-2015 (Ribu Rupiah)","Per Capita GRDP at Current Market Prices by Regency/Municipality, in Riau Province, 2011-2015 (Thousand Rupiahs)",4,4,a7630a7dc933
RIAU,07,Kab. Rokan Hulu,,2012,,3 8.1g76,,"PDRB Per Kapita Atas Dasar Harga Berlaku di Provinsi Riau Menurut Kabupaten/Kota, 2011-2015 (Ribu Rupiah)","Per Capita GRDP at Current Market Prices by Regency/Municipality, in Riau Province, 2011-2015 (Thousand Rupiahs)",4,4,67f7a8c01227
RIAU,08,Kab. Bengkalis,,2012,,2 7.2.692,,"PDRB Per Kapita Atas Dasar Harga Berlaku di Provinsi Riau Menurut Kabupaten/Kota, 2011-2015 (Ribu Rupiah)","Per Capita GRDP at Current Market Prices by Regency/Municipality, in Riau Province, 2011-2015 (Thousand Rupiahs)",4,4,8a818af14bc8
RIAU,09,Kab. Rokan Hilir,,2012,,9 9.516,,"PDRB Per Kapita Atas Dasar Harga Berlaku di Provinsi Riau Menurut Kabupaten/Kota, 2011-2015 (Ribu Rupiah)","Per Capita GRDP at Current Market Prices by Regency/Municipality, in Riau Province, 2011-2015 (Thousand Rupiahs)",4,4,f465d6b1cd99
RIAU,10,Kab. Kepulauan Meranti,,2012,,6 6.674,,"PDRB Per Kapita Atas Dasar Harga Berlaku di Provinsi Riau Menurut Kabupaten/Kota, 2011-2015 (Ribu Rupiah)","Per Capita GRDP at Current Market Prices by Regency/Municipality, in Riau Province, 2011-2015 (Thousand Rupiahs)",4,4,55532459f148
RIAU,71,Kota Pekan Baru,,2012,,5 8.112,,"PDRB Per Kapita Atas Dasar Harga Berlaku di Provinsi Riau Menurut Kabupaten/Kota, 2011-2015 (Ribu Rupiah)","Per Capita GRDP at Current Market Prices by Regency/Municipality, in Riau Province, 2011-2015 (Thousand Rupiahs)",4,4,1611b62f4bca
RIAU,73,Kota Dumai,,2012,,7 0.727,,"PDRB Per Kapita Atas Dasar Harga Berlaku di Provinsi Riau Menurut Kabupaten/Kota, 2011-2015 (Ribu Rupiah)","Per Capita GRDP at Current Market Prices by Regency/Municipality, in Riau Province, 2011-2015 (Thousand Rupiahs)",4,4,e9a64a470e46
RIAU,,Jml Kab./Kota Total of Reg./Mun.,,2012,,9 4.243,,"PDRB Per Kapita Atas Dasar Harga Berlaku di Provinsi Riau Menurut Kabupaten/Kota, 2011-2015 (Ribu Rupiah)","Per Capita GRDP at Current Market Prices by Regency/Municipality, in Riau Province, 2011-2015 (Thousand Rupiahs)",4,4,4571130cde9f
RIAU,,Provinsi/Province,,2012,,9 4.996,,"PDRB Per Kapita Atas Dasar Harga Berlaku di Provinsi Riau Menurut Kabupaten/Kota, 2011-2015 (Ribu Rupiah)","Per Capita GRDP at Current Market Prices by Regency/Municipality, in Riau Province, 2011-2015 (Thousand Rupiahs)",4,4,e7bba368726a
JAMBI,01,Kab. Kerinci,,2012,,2 0.071,,"PDRB Per Kapita Atas Dasar Harga Berlaku di Provinsi Jambi Menurut Kabupaten/Kota, 2011-2015 (Ribu Rupiah)","Per Capita GRDP at Current Market Prices by Regency/Municipality, in Jambi Province, 2011-2015 (Thousand Rupiahs)",5,5,bdeb73d3cbc9
JAMBI,02,Kab. Merangin,,2012,,2 1.611,,"PDRB Per Kapita Atas Dasar Harga Berlaku di Provinsi Jambi Menurut Kabupaten/Kota, 2011-2015 (Ribu Rupiah)","Per Capita GRDP at Current Market Prices by Regency/Municipality, in Jambi Province, 2011-2015 (Thousand Rupiahs)",5,5,1282c9200c60
JAMBI,03,Kab. Sarolangun,,2012,,3 2.163,,"PDRB Per Kapita Atas Dasar Harga Berlaku di Provinsi Jambi Menurut Kabupaten/Kota, 2011-2015 (Ribu Rupiah)","Per Capita GRDP at Current Market Prices by Regency/Municipality, in Jambi Province, 2011-2015 (Thousand Rupiahs)",5,5,d3e5071fa2ee
JAMBI,04,Kab. Batanghari,,2012,,3 4.699,,"PDRB Per Kapita Atas Dasar Harga Berlaku di Provinsi Jambi Menurut Kabupaten/Kota, 2011-2015 (Ribu Rupiah)","Per Capita GRDP at Current Market Prices by Regency/Municipality, in Jambi Province, 2011-2015 (Thousand Rupiahs)",5,5,b83d393020a7
JAMBI,05,Kab. Muaro Jambi,,2012,,3 2.149,,"PDRB Per Kapita Atas Dasar Harga Berlaku di Provinsi Jambi Menurut Kabupaten/Kota, 2011-2015 (Ribu Rupiah)","Per Capita GRDP at Current Market Prices by Regency/Municipality, in Jambi Province, 2011-2015 (Thousand Rupiahs)",5,5,d4b9aa4bd008
JAMBI,06,Kab. Tanjung Jabung Timur,,2012,,7 4.997,,"PDRB Per Kapita Atas Dasar Harga Berlaku di Provinsi Jambi Menurut Kabupaten/Kota, 2011-2015 (Ribu Rupiah)","Per Capita GRDP at Current Market Prices by Regency/Municipality, in Jambi Province, 2011-2015 (Thousand Rupiahs)",5,5,dffdce656514
JAMBI,07,Kab. Tanjung Jabung Barat,,2012,,8 2.0g11,,"PDRB Per Kapita Atas Dasar Harga Berlaku di Provinsi Jambi Menurut Kabupaten/Kota, 2011-2015 (Ribu Rupiah)","Per Capita GRDP at Current Market Prices by Regency/Municipality, in Jambi Province, 2011-2015 (Thousand Rupiahs)",5,5,ba176facc717
JAMBI,08,Kab. Tebo,,2012,,2 .2.865,,"PDRB Per Kapita Atas Dasar Harga Berlaku di Provinsi Jambi Menurut Kabupaten/Kota, 2011-2015 (Ribu Rupiah)","Per Capita GRDP at Current Market Prices by Regency/Municipality, in Jambi Province, 2011-2015 (Thousand Rupiahs)",5,5,caecb5e318e2
JAMBI,09,Kab. Bungo,,2012,,3 0.035,,"PDRB Per Kapita Atas Dasar Harga Berlaku di Provinsi Jambi Menurut Kabupaten/Kota, 2011-2015 (Ribu Rupiah)","Per Capita GRDP at Current Market Prices by Regency/Municipality, in Jambi Province, 2011-2015 (Thousand Rupiahs)",5,5,c26458504048
JAMBI,71,Kota Jambi,,2012,,2 6.501,,"PDRB Per Kapita Atas Dasar Harga Berlaku di Provinsi Jambi Menurut Kabupaten/Kota, 2011-2015 (Ribu Rupiah)","Per Capita GRDP at Current Market Prices by Regency/Municipality, in Jambi Province, 2011-2015 (Thousand Rupiahs)",5,5,0094c246d9fc
JAMBI,72,Kota Sungai Penuh,,2012,,3 9.777,,"PDRB Per Kapita Atas Dasar Harga Berlaku di Provinsi Jambi Menurut Kabupaten/Kota, 2011-2015 (Ribu Rupiah)","Per Capita GRDP at Current Market Prices by Regency/Municipality, in Jambi Province, 2011-2015 (Thousand Rupiahs)",5,5,db5c080bcc20
JAMBI,,Jml Kab./Kota Total of Reg./Mun.,,2012,,3 5.767,,"PDRB Per Kapita Atas Dasar Harga Berlaku di Provinsi Jambi Menurut Kabupaten/Kota, 2011-2015 (Ribu Rupiah)","Per Capita GRDP at Current Market Prices by Regency/Municipality, in Jambi Province, 2011-2015 (Thousand Rupiahs)",5,5,99eb74290229
JAMBI,,Provinsi/Province,,2012,,3 5.658,,"PDRB Per Kapita Atas Dasar Harga Berlaku di Provinsi Jambi Menurut Kabupaten/Kota, 2011-2015 (Ribu Rupiah)","Per Capita GRDP at Current Market Prices by Regency/Municipality, in Jambi Province, 2011-2015 (Thousand Rupiahs)",5,5,b7cea107846f
SUMATERA SELATAN,01,Kab. Ogan Komering Ulu,,2012,,2 5.478,,"PDRB Per Kapita Atas Dasar Harga Berlaku di Provinsi Sumatera Selatan Menurut Kabupaten/Kota, 2011-2015 (Ribu Rupiah)","Per Capita GRDP at Current Market Prices by Regency/Municipality, in Sumatera Selatan Province, 2011-2015 (Thousand Rupiahs)",6,6,f01616d34455
SUMATERA SELATAN,02,Kab. Ogan Komering Ilir,,2012,,2 1.304,,"PDRB Per Kapita Atas Dasar Harga Berlaku di Provinsi Sumatera Selatan Menurut Kabupaten/Kota, 2011-2015 (Ribu Rupiah)","Per Capita GRDP at Current Market Prices by Regency/Municipality, in Sumatera Selatan Province, 2011-2015 (Thousand Rupiahs)",6,6,bd8862bf4fc7
SUMATERA SELATAN,03,Kab. Muara Enim,,2012,,4 7.881,,"PDRB Per Kapita Atas Dasar Harga Berlaku di Provinsi Sumatera Selatan Menurut Kabupaten/Kota, 2011-2015 (Ribu Rupiah)","Per Capita GRDP at Current Market Prices by Regency/Municipality, in Sumatera Selatan Province, 2011-2015 (Thousand Rupiahs)",6,6,111bbb42fc60
SUMATERA SELATAN,12,Kab. Penukal Abab Lematang Ilir,#),2012,,-,,"PDRB Per Kapita Atas Dasar Harga Berlaku di Provinsi Sumatera Selatan Menurut Kabupaten/Kota, 2011-2015 (Ribu Rupiah)","Per Capita GRDP at Current Market Prices by Regency/Municipality, in Sumatera Selatan Province, 2011-2015 (Thousand Rupiahs)",6,6,e76dfe3621fe
SUMATERA SELATAN,04,Kab. Lahat,,2012,,2 9.922,,"PDRB Per Kapita Atas Dasar Harga Berlaku di Provinsi Sumatera Selatan Menurut Kabupaten/Kota, 2011-2015 (Ribu Rupiah)","Per Capita GRDP at Current Market Prices by Regency/Municipality, in Sumatera Selatan Province, 2011-2015 (Thousand Rupiahs)",6,6,31768c0dbe57
SUMATERA SELATAN,05,Kab. Musi Rawas,,2012,,2 9.087,,"PDRB Per Kapita Atas Dasar Harga Berlaku di Provinsi Sumatera Selatan Menurut Kabupaten/Kota, 2011-2015 (Ribu Rupiah)","Per Capita GRDP at Current Market Prices by Regency/Municipality, in Sumatera Selatan Province, 2011-2015 (Thousand Rupiahs)",6,6,ced96be61246
SUMATERA SELATAN,13,Kab. Musi Rawas Utara,#),2012,,-,,"PDRB Per Kapita Atas Dasar Harga Berlaku di Provinsi Sumatera Selatan Menurut Kabupaten/Kota, 2011-2015 (Ribu Rupiah)","Per Capita GRDP at Current Market Prices by Regency/Municipality, in Sumatera Selatan Province, 2011-2015 (Thousand Rupiahs)",6,6,49bc90054c04
SUMATERA SELATAN,06,Kab. Musi Banyuasin,,2012,,7 6.408,,"PDRB Per Kapita Atas Dasar Harga Berlaku di Provinsi Sumatera Selatan Menurut Kabupaten/Kota, 2011-2015 (Ribu Rupiah)","Per Capita GRDP at Current Market Prices by Regency/Municipality, in Sumatera Selatan Province, 2011-2015 (Thousand Rupiahs)",6,6,1004b49c6e12
SUMATERA SELATAN,07,Kab. Banyuasin,,2012,,2 0.140,,"PDRB Per Kapita Atas Dasar Harga Berlaku di Provinsi Sumatera Selatan Menurut Kabupaten/Kota, 2011-2015 (Ribu Rupiah)","Per Capita GRDP at Current Market Prices by Regency/Municipality, in Sumatera Selatan Province, 2011-2015 (Thousand Rupiahs)",6,6,541cd96b176d
SUMATERA SELATAN,08,Kab. Ogan Komering Ulu Selatan,,2012,,1 4.172,,"PDRB Per Kapita Atas Dasar Harga Berlaku di Provinsi Sumatera Selatan Menurut Kabupaten/Kota, 2011-2015 (Ribu Rupiah)","Per Capita GRDP at Current Market Prices by Regency/Municipality, in Sumatera Selatan Province, 2011-2015 (Thousand Rupiahs)",6,6,c3de5e996488
SUMATERA SELATAN,09,Kab. Ogan Komering Ulu Timur,,2012,,1 2.509,,"PDRB Per Kapita Atas Dasar Harga Berlaku di Provinsi Sumatera Selatan Menurut Kabupaten/Kota, 2011-2015 (Ribu Rupiah)","Per Capita GRDP at Current Market Prices by Regency/Municipality, in Sumatera Selatan Province, 2011-2015 (Thousand Rupiahs)",6,6,923714f580d5
SUMATERA SELATAN,10,Kab. Ogan Ilir,,2012,,1 4.746,,"PDRB Per Kapita Atas Dasar Harga Berlaku di Provinsi Sumatera Selatan Menurut Kabupaten/Kota, 2011-2015 (Ribu Rupiah)","Per Capita GRDP at Current Market Prices by Regency/Municipality, in Sumatera Selatan Province, 2011-2015 (Thousand Rupiahs)",6,6,9c90d8d70382
SUMATERA SELATAN,11,Kab. Empat Lawang,,2012,,1 2.685,,"PDRB Per Kapita Atas Dasar Harga Berlaku di Provinsi Sumatera Selatan Menurut Kabupaten/Kota, 2011-2015 (Ribu Rupiah)","Per Capita GRDP at Current Market Prices by Regency/Municipality, in Sumatera Selatan Province, 2011-2015 (Thousand Rupiahs)",6,6,eaee453e10ea
SUMATERA SELATAN,71,Kota Palembang,,2012,,4 9.734,,"PDRB Per Kapita Atas Dasar Harga Berlaku di Provinsi Sumatera Selatan Menurut Kabupaten/Kota, 2011-2015 (Ribu Rupiah)","Per Capita GRDP at Current Market Prices by Regency/Municipality, in Sumatera Selatan Province, 2011-2015 (Thousand Rupiahs)",6,6,b093f10682a9
SUMATERA SELATAN,72,Kota Prabumulih,,2012,,2 3.383,,"PDRB Per Kapita Atas Dasar Harga Berlaku di Provinsi Sumatera Selatan Menurut Kabupaten/Kota, 2011-2015 (Ribu Rupiah)","Per Capita GRDP at Current Market Prices by Regency/Municipality, in Sumatera Selatan Province, 2011-2015 (Thousand Rupiahs)",6,6,3208e0ae0bd3
SUMATERA SELATAN,73,Kota Pagar Alam,,2012,,1 3.959,,"PDRB Per Kapita Atas Dasar Harga Berlaku di Provinsi Sumatera Selatan Menurut Kabupaten/Kota, 2011-2015 (Ribu Rupiah)","Per Capita GRDP at Current Market Prices by Regency/Municipality, in Sumatera Selatan Province, 2011-2015 (Thousand Rupiahs)",6,6,dfbc1dc075e2
SUMATERA SELATAN,74,Kota Lubuk Linggau,,2012,,1 5.833,,"PDRB Per Kapita Atas Dasar Harga Berlaku di Provinsi Sumatera Selatan Menurut Kabupaten/Kota, 2011-2015 (Ribu Rupiah)","Per Capita GRDP at Current Market Prices by Regency/Municipality, in Sumatera Selatan Province, 2011-2015 (Thousand Rupiahs)",6,6,2f8b860caa7e
SUMATERA SELATAN,,Jml Kab./Kota Total of Reg./Mun.,,2012,,3 2.807,,"PDRB Per Kapita Atas Dasar Harga Berlaku di Provinsi Sumatera Selatan Menurut Kabupaten/Kota, 2011-2015 (Ribu Rupiah)","Per Capita GRDP at Current Market Prices by Regency/Municipality, in Sumatera Selatan Province, 2011-2015 (Thousand Rupiahs)",6,6,a33fc3c0b7e7
SUMATERA SELATAN,,Provinsi/Province,,2012,,3 2.830,,"PDRB Per Kapita Atas Dasar Harga Berlaku di Provinsi Sumatera Selatan Menurut Kabupaten/Kota, 2011-2015 (Ribu Rupiah)","Per Capita GRDP at Current Market Prices by Regency/Municipality, in Sumatera Selatan Province, 2011-2015 (Thousand Rupiahs)",6,6,efe20dd6c485
BENGKULU,01,Kab. Bengkulu Selatan,,2012,,1 9.464,,"PDRB Per Kapita Atas Dasar Harga Berlaku di Provinsi Bengkulu Menurut Kabupaten/Kota, 2011-2015 (Ribu Rupiah)","Per Capita GRDP at Current Market Prices by Regency/Municipality, in Bengkulu Province, 2011-2015 (Thousand Rupiahs)",7,7,e3611e052851
BENGKULU,02,Kab. Rejang Lebong,,2012,,1 9.063,,"PDRB Per Kapita Atas Dasar Harga Berlaku di Provinsi Bengkulu Menurut Kabupaten/Kota, 2011-2015 (Ribu Rupiah)","Per Capita GRDP at Current Market Prices by Regency/Municipality, in Bengkulu Province, 2011-2015 (Thousand Rupiahs)",7,7,3c4a7df2e379
BENGKULU,03,Kab. Bengkulu Utara,,2012,,1 5.266,,"PDRB Per Kapita Atas Dasar Harga Berlaku di Provinsi Bengkulu Menurut Kabupaten/Kota, 2011-2015 (Ribu Rupiah)","Per Capita GRDP at Current Market Prices by Regency/Municipality, in Bengkulu Province, 2011-2015 (Thousand Rupiahs)",7,7,6c1f7b6a70a9
BENGKULU,04,Kab. Kaur,,2012,,1 5.391,,"PDRB Per Kapita Atas Dasar Harga Berlaku di Provinsi Bengkulu Menurut Kabupaten/Kota, 2011-2015 (Ribu Rupiah)","Per Capita GRDP at Current Market Prices by Regency/Municipality, in Bengkulu Province, 2011-2015 (Thousand Rupiahs)",7,7,dadfc68220b1
BENGKULU,05,Kab. Seluma,,2012,,1 2.836,,"PDRB Per Kapita Atas Dasar Harga Berlaku di Provinsi Bengkulu Menurut Kabupaten/Kota, 2011-2015 (Ribu Rupiah)","Per Capita GRDP at Current Market Prices by Regency/Municipality, in Bengkulu Province, 2011-2015 (Thousand Rupiahs)",7,7,03335bd88082
BENGKULU,06,Kab. Mukomuko,,2012,,1 5.547,,"PDRB Per Kapita Atas Dasar Harga Berlaku di Provinsi Bengkulu Menurut Kabupaten/Kota, 2011-2015 (Ribu Rupiah)","Per Capita GRDP at Current Market Prices by Regency/Municipality, in Bengkulu Province, 2011-2015 (Thousand Rupiahs)",7,7,940faf25a41b
BENGKULU,07,Kab. Lebong,,2012,,1 6.0g13,,"PDRB Per Kapita Atas Dasar Harga Berlaku di Provinsi Bengkulu Menurut Kabupaten/Kota, 2011-2015 (Ribu Rupiah)","Per Capita GRDP at Current Market Prices by Regency/Municipality, in Bengkulu Province, 2011-2015 (Thousand Rupiahs)",7,7,b0f5eb1f9c21
BENGKULU,08,Kab. Kepahiang,,2012,,1 .6.518,,"PDRB Per Kapita Atas Dasar Harga Berlaku di Provinsi Bengkulu Menurut Kabupaten/Kota, 2011-2015 (Ribu Rupiah)","Per Capita GRDP at Current Market Prices by Regency/Municipality, in Bengkulu Province, 2011-2015 (Thousand Rupiahs)",7,7,c6bed05e829e
BENGKULU,09,Kab. Bengkulu Tengah,,2012,,2 2.825,,"PDRB Per Kapita Atas Dasar Harga Berlaku di Provinsi Bengkulu Menurut Kabupaten/Kota, 2011-2015 (Ribu Rupiah)","Per Capita GRDP at Current Market Prices by Regency/Municipality, in Bengkulu Province, 2011-2015 (Thousand Rupiahs)",7,7,0438fba439a7
BENGKULU,71,Kota Bengkulu,,2012,,3 4.833,,"PDRB Per Kapita Atas Dasar Harga Berlaku di Provinsi Bengkulu Menurut Kabupaten/Kota, 2011-2015 (Ribu Rupiah)","Per Capita GRDP at Current Market Prices by Regency/Municipality, in Bengkulu Province, 2011-2015 (Thousand Rupiahs)",7,7,f53d5e435d8b
BENGKULU,,Jml Kab./Kota Total of Reg./Mun.,,2012,,2 0.083,,"PDRB Per Kapita Atas Dasar Harga Berlaku di Provinsi Bengkulu Menurut Kabupaten/Kota, 2011-2015 (Ribu Rupiah)","Per Capita GRDP at Current Market Prices by Regency/Municipality, in Bengkulu Province, 2011-2015 (Thousand Rupiahs)",7,7,4adc7e3eafd8
BENGKULU,,Provinsi/Province,,2012,,2 0.299,,"PDRB Per Kapita Atas Dasar Harga Berlaku di Provinsi Bengkulu Menurut Kabupaten/Kota, 2011-2015 (Ribu Rupiah)","Per Capita GRDP at Current Market Prices by Regency/Municipality, in Bengkulu Province, 2011-2015 (Thousand Rupiahs)",7,7,f8714782757b
LAMPUNG,01,Kab. Lampung Barat,,2012,,1 3.210,,"PDRB Per Kapita Atas Dasar Harga Berlaku di Provinsi Lampung Menurut Kabupaten/Kota, 2011-2015 (Ribu Rupiah)","Per Capita GRDP at Current Market Prices by Regency/Municipality, in Lampung Province, 2011-2015 (Thousand Rupiahs)",8,8,544e21cf75aa
LAMPUNG,13,Kab. Pesisir Barat,#),2012,,1 6.436,,"PDRB Per Kapita Atas Dasar Harga Berlaku di Provinsi Lampung Menurut Kabupaten/Kota, 2011-2015 (Ribu Rupiah)","Per Capita GRDP at Current Market Prices by Regency/Municipality, in Lampung Province, 2011-2015 (Thousand Rupiahs)",8,8,8436de7a590e
LAMPUNG,02,Kab. Tanggamus,,2012,,1 4.914,,"PDRB Per Kapita Atas Dasar Harga Berlaku di Provinsi Lampung Menurut Kabupaten/Kota, 2011-2015 (Ribu Rupiah)","Per Capita GRDP at Current Market Prices by Regency/Municipality, in Lampung Province, 2011-2015 (Thousand Rupiahs)",8,8,b178401e506d
LAMPUNG,03,Kab. Lampung Selatan,,2012,,2 4.425,,"PDRB Per Kapita Atas Dasar Harga Berlaku di Provinsi Lampung Menurut Kabupaten/Kota, 2011-2015 (Ribu Rupiah)","Per Capita GRDP at Current Market Prices by Regency/Municipality, in Lampung Province, 2011-2015 (Thousand Rupiahs)",8,8,09cbb4afb88e
LAMPUNG,04,Kab. Lampung Timur,,2012,,2 4.249,,"PDRB Per Kapita Atas Dasar Harga Berlaku di Provinsi Lampung Menurut Kabupaten/Kota, 2011-2015 (Ribu Rupiah)","Per Capita GRDP at Current Market Prices by Regency/Municipality, in Lampung Province, 2011-2015 (Thousand Rupiahs)",8,8,3d1041dae43c
LAMPUNG,05,Kab. Lampung Tengah,,2012,,3 0.038,,"PDRB Per Kapita Atas Dasar Harga Berlaku di Provinsi Lampung Menurut Kabupaten/Kota, 2011-2015 (Ribu Rupiah)","Per Capita GRDP at Current Market Prices by Regency/Municipality, in Lampung Province, 2011-2015 (Thousand Rupiahs)",8,8,2209e1fcc417
LAMPUNG,06,Kab. Lampung Utara,,2012,,2 0.969,,"PDRB Per Kapita Atas Dasar Harga Berlaku di Provinsi Lampung Menurut Kabupaten/Kota, 2011-2015 (Ribu Rupiah)","Per Capita GRDP at Current Market Prices by Regency/Municipality, in Lampung Province, 2011-2015 (Thousand Rupiahs)",8,8,949ad558035e
LAMPUNG,07,Kab. Way Kanan,,2012,,1 7.882,,"PDRB Per Kapita Atas Dasar Harga Berlaku di Provinsi Lampung Menurut Kabupaten/Kota, 2011-2015 (Ribu Rupiah)","Per Capita GRDP at Current Market Prices by Regency/Municipality, in Lampung Province, 2011-2015 (Thousand Rupiahs)",8,8,864d1929e4a8
LAMPUNG,08,Kab. Tulang Bawang,,2012,,2 8.753,,"PDRB Per Kapita Atas Dasar Harga Berlaku di Provinsi Lampung Menurut Kabupaten/Kota, 2011-2015 (Ribu Rupiah)","Per Capita GRDP at Current Market Prices by Regency/Municipality, in Lampung Province, 2011-2015 (Thousand Rupiahs)",8,8,56cce727abb3
LAMPUNG,09,Kab. Pesawaran,,2012,,2 1.238,,"PDRB Per Kapita Atas Dasar Harga Berlaku di Provinsi Lampung Menurut Kabupaten/Kota, 2011-2015 (Ribu Rupiah)","Per Capita GRDP at Current Market Prices by Regency/Municipality, in Lampung Province, 2011-2015 (Thousand Rupiahs)",8,8,eee9d20a5c43
LAMPUNG,10,Kab. Pringsewu,,2012,,1 5.697,,"PDRB Per Kapita Atas Dasar Harga Berlaku di Provinsi Lampung Menurut Kabupaten/Kota, 2011-2015 (Ribu Rupiah)","Per Capita GRDP at Current Market Prices by Regency/Municipality, in Lampung Province, 2011-2015 (Thousand Rupiahs)",8,8,a571d0692ab8
LAMPUNG,11,Kab. Mesuji,,2012,,2 8.024,,"PDRB Per Kapita Atas Dasar Harga Berlaku di Provinsi Lampung Menurut Kabupaten/Kota, 2011-2015 (Ribu Rupiah)","Per Capita GRDP at Current Market Prices by Regency/Municipality, in Lampung Province, 2011-2015 (Thousand Rupiahs)",8,8,364b7f274ba6
LAMPUNG,12,Kab. Tulang Bawang Barat,,2012,,2 3.649,,"PDRB Per Kapita Atas Dasar Harga Berlaku di Provinsi Lampung Menurut Kabupaten/Kota, 2011-2015 (Ribu Rupiah)","Per Capita GRDP at Current Market Prices by Regency/Municipality, in Lampung Province, 2011-2015 (Thousand Rupiahs)",8,8,5ad70ebb638f
LAMPUNG,71,Kota Bandar Lampung,,2012,,3 0.063,,"PDRB Per Kapita Atas Dasar Harga Berlaku di Provinsi Lampung Menurut Kabupaten/Kota, 2011-2015 (Ribu Rupiah)","Per Capita GRDP at Current Market Prices by Regency/Municipality, in Lampung Province, 2011-2015 (Thousand Rupiahs)",8,8,10840065517b
LAMPUNG,72,Kota Metro,,2012,,2 1.118,,"PDRB Per Kapita Atas Dasar Harga Berlaku di Provinsi Lampung Menurut Kabupaten/Kota, 2011-2015 (Ribu Rupiah)","Per Capita GRDP at Current Market Prices by Regency/Municipality, in Lampung Province, 2011-2015 (Thousand Rupiahs)",8,8,ba089d2c4803
LAMPUNG,,Jml Kab./Kota Total of Reg./Mun.,,2012,,2 3.731,,"PDRB Per Kapita Atas Dasar Harga Berlaku di Provinsi Lampung Menurut Kabupaten/Kota, 2011-2015 (Ribu Rupiah)","Per Capita GRDP at Current Market Prices by Regency/Municipality, in Lampung Province, 2011-2015 (Thousand Rupiahs)",8,8,8f4ceabcfae3
LAMPUNG,,Provinsi/Province,,2012,,2 3.911,,"PDRB Per Kapita Atas Dasar Harga Berlaku di Provinsi Lampung Menurut Kabupaten/Kota, 2011-2015 (Ribu Rupiah)","Per Capita GRDP at Current Market Prices by Regency/Municipality, in Lampung Province, 2011-2015 (Thousand Rupiahs)",8,8,b69e8e15fe7b
KEPULAUAN BANGKA BELITUNG,01,Kab. Bangka,,2012,,2 8.540,,"PDRB Per Kapita Atas Dasar Harga Berlaku di Provinsi Kepulauan Bangka Belitung Menurut Kabupaten/Kota, 2011-2015 (Ribu Rupiah)","Per Capita GRDP at Current Market Prices by Regency/Municipality, in Kepulauan Bangka Belitung Province, 2011-2015 (Thousand Rupiahs)",9,9,41a64c9f3e64
KEPULAUAN BANGKA BELITUNG,02,Kab. Belitung,,2012,,3 2.528,,"PDRB Per Kapita Atas Dasar Harga Berlaku di Provinsi Kepulauan Bangka Belitung Menurut Kabupaten/Kota, 2011-2015 (Ribu Rupiah)","Per Capita GRDP at Current Market Prices by Regency/Municipality, in Kepulauan Bangka Belitung Province, 2011-2015 (Thousand Rupiahs)",9,9,3a4b38dd32aa
KEPULAUAN BANGKA BELITUNG,03,Kab. Bangka Barat,,2012,,4 6.274,,"PDRB Per Kapita Atas Dasar Harga Berlaku di Provinsi Kepulauan Bangka Belitung Menurut Kabupaten/Kota, 2011-2015 (Ribu Rupiah)","Per Capita GRDP at Current Market Prices by Regency/Municipality, in Kepulauan Bangka Belitung Province, 2011-2015 (Thousand Rupiahs)",9,9,34b6366e5def
KEPULAUAN BANGKA BELITUNG,04,Kab. Bangka Tengah,,2012,,3 3.570,,"PDRB Per Kapita Atas Dasar Harga Berlaku di Provinsi Kepulauan Bangka Belitung Menurut Kabupaten/Kota, 2011-2015 (Ribu Rupiah)","Per Capita GRDP at Current Market Prices by Regency/Municipality, in Kepulauan Bangka Belitung Province, 2011-2015 (Thousand Rupiahs)",9,9,dee7c28c010f
KEPULAUAN BANGKA BELITUNG,05,Kab. Bangka Selatan,,2012,,2 9.0g85,,"PDRB Per Kapita Atas Dasar Harga Berlaku di Provinsi Kepulauan Bangka Belitung Menurut Kabupaten/Kota, 2011-2015 (Ribu Rupiah)","Per Capita GRDP at Current Market Prices by Regency/Municipality, in Kepulauan Bangka Belitung Province, 2011-2015 (Thousand Rupiahs)",9,9,7dc3ddbc9a68
KEPULAUAN BANGKA BELITUNG,06,Kab. Belitung Timur,,2012,,4 0.560,,"PDRB Per Kapita Atas Dasar Harga Berlaku di Provinsi Kepulauan Bangka Belitung Menurut Kabupaten/Kota, 2011-2015 (Ribu Rupiah)","Per Capita GRDP at Current Market Prices by Regency/Municipality, in Kepulauan Bangka Belitung Province, 2011-2015 (Thousand Rupiahs)",9,9,4d6472a7d6b7
KEPULAUAN BANGKA BELITUNG,71,Kota Pangkal Pinang,,2012,,4 0.600,,"PDRB Per Kapita Atas Dasar Harga Berlaku di Provinsi Kepulauan Bangka Belitung Menurut Kabupaten/Kota, 2011-2015 (Ribu Rupiah)","Per Capita GRDP at Current Market Prices by Regency/Municipality, in Kepulauan Bangka Belitung Province, 2011-2015 (Thousand Rupiahs)",9,9,f6dad5d6c985
KEPULAUAN BANGKA BELITUNG,,Jml Kab./Kota Total of Reg./Mun.,,2012,,3 5.096,,"PDRB Per Kapita Atas Dasar Harga Berlaku di Provinsi Kepulauan Bangka Belitung Menurut Kabupaten/Kota, 2011-2015 (Ribu Rupiah)","Per Capita GRDP at Current Market Prices by Regency/Municipality, in Kepulauan Bangka Belitung Province, 2011-2015 (Thousand Rupiahs)",9,9,fa1f3553a1d3
KEPULAUAN BANGKA BELITUNG,,Provinsi/Province,,2012,,3 5.288,,"PDRB Per Kapita Atas Dasar Harga Berlaku di Provinsi Kepulauan Bangka Belitung Menurut Kabupaten/Kota, 2011-2015 (Ribu Rupiah)","Per Capita GRDP at Current Market Prices by Regency/Municipality, in Kepulauan Bangka Belitung Province, 2011-2015 (Thousand Rupiahs)",9,9,9613ff73f176
KEPULAUAN RIAU,01,Kab. Karimun,,2012,,3 1.820,,"PDRB Per Kapita Atas Dasar Harga Berlaku di Provinsi Kepulauan Riau Menurut Kabupaten/Kota, 2011-2015 (Ribu Rupiah)","Per Capita GRDP at Current Market Prices by Regency/Municipality, in Kepulauan Riau Province, 2011-2015 (Thousand Rupiahs)",10,10,a9c68bbb1c23
KEPULAUAN RIAU,02,Kab. Bintan,,2012,,7 6.904,,"PDRB Per Kapita Atas Dasar Harga Berlaku di Provinsi Kepulauan Riau Menurut Kabupaten/Kota, 2011-2015 (Ribu Rupiah)","Per Capita GRDP at Current Market Prices by Regency/Municipality, in Kepulauan Riau Province, 2011-2015 (Thousand Rupiahs)",10,10,d7648b49ddc7
KEPULAUAN RIAU,03,Kab. Natuna,,2012,,1 95.492,,"PDRB Per Kapita Atas Dasar Harga Berlaku di Provinsi Kepulauan Riau Menurut Kabupaten/Kota, 2011-2015 (Ribu Rupiah)","Per Capita GRDP at Current Market Prices by Regency/Municipality, in Kepulauan Riau Province, 2011-2015 (Thousand Rupiahs)",10,10,6f8e75bfcf9f
KEPULAUAN RIAU,04,Kab. Lingga,,2012,,2 6.582,,"PDRB Per Kapita Atas Dasar Harga Berlaku di Provinsi Kepulauan Riau Menurut Kabupaten/Kota, 2011-2015 (Ribu Rupiah)","Per Capita GRDP at Current Market Prices by Regency/Municipality, in Kepulauan Riau Province, 2011-2015 (Thousand Rupiahs)",10,10,a077f6135bae
KEPULAUAN RIAU,05,Kab. Kep. Anambas,,2012,,3 23.539,,"PDRB Per Kapita Atas Dasar Harga Berlaku di Provinsi Kepulauan Riau Menurut Kabupaten/Kota, 2011-2015 (Ribu Rupiah)","Per Capita GRDP at Current Market Prices by Regency/Municipality, in Kepulauan Riau Province, 2011-2015 (Thousand Rupiahs)",10,10,e48d586ef151
KEPULAUAN RIAU,71,Kota Batam,,2012,,7 9.951,,"PDRB Per Kapita Atas Dasar Harga Berlaku di Provinsi Kepulauan Riau Menurut Kabupaten/Kota, 2011-2015 (Ribu Rupiah)","Per Capita GRDP at Current Market Prices by Regency/Municipality, in Kepulauan Riau Province, 2011-2015 (Thousand Rupiahs)",10,10,fd189987d3f3
KEPULAUAN RIAU,72,Kota Tanjung Pinang,,2012,,5 9.5g57,,"PDRB Per Kapita Atas Dasar Harga Berlaku di Provinsi Kepulauan Riau Menurut Kabupaten/Kota, 2011-2015 (Ribu Rupiah)","Per Capita GRDP at Current Market Prices by Regency/Municipality, in Kepulauan Riau Province, 2011-2015 (Thousand Rupiahs)",10,10,6e003eef8072
KEPULAUAN RIAU,,Jml Kab./Kota Total of Reg./Mun.,,2012,,7 .8.911,,"PDRB Per Kapita Atas Dasar Harga Berlaku di Provinsi Kepulauan Riau Menurut Kabupaten/Kota, 2011-2015 (Ribu Rupiah)","Per Capita GRDP at Current Market Prices by Regency/Municipality, in Kepulauan Riau Province, 2011-2015 (Thousand Rupiahs)",10,10,3b6767b64ce9
KEPULAUAN RIAU,,Provinsi/Province,,2012,,8 0.240,,"PDRB Per Kapita Atas Dasar Harga Berlaku di Provinsi Kepulauan Riau Menurut Kabupaten/Kota, 2011-2015 (Ribu Rupiah)","Per Capita GRDP at Current Market Prices by Regency/Municipality, in Kepulauan Riau Province, 2011-2015 (Thousand Rupiahs)",10,10,c06fa6ec5c85
ACEH,01,Kab. Simeulue,,2013,,1 6.154,,"PDRB Per Kapita Atas Dasar Harga Berlaku di Provinsi Aceh Menurut Kabupaten/Kota, 2011-2015 (Ribu Rupiah)","Per Capita GRDP at Current Market Prices by Regency/Municipality, in Aceh Province, 2011-2015 (Thousand Rupiahs)",1,1,0126578fb7d6
ACEH,02,Kab. Aceh Singkil,,2013,,1 4.199,,"PDRB Per Kapita Atas Dasar Harga Berlaku di Provinsi Aceh Menurut Kabupaten/Kota, 2011-2015 (Ribu Rupiah)","Per Capita GRDP at Current Market Prices by Regency/Municipality, in Aceh Province, 2011-2015 (Thousand Rupiahs)",1,1,cb89cc24395f
ACEH,03,Kab. Aceh Selatan,,2013,,1 6.808,,"PDRB Per Kapita Atas Dasar Harga Berlaku di Provinsi Aceh Menurut Kabupaten/Kota, 2011-2015 (Ribu Rupiah)","Per Capita GRDP at Current Market Prices by Regency/Municipality, in Aceh Province, 2011-2015 (Thousand Rupiahs)",1,1,3fbb91299330
ACEH,04,Kab. Aceh Tenggara,,2013,,1 5.895,,"PDRB Per Kapita Atas Dasar Harga Berlaku di Provinsi Aceh Menurut Kabupaten/Kota, 2011-2015 (Ribu Rupiah)","Per Capita GRDP at Current Market Prices by Regency/Municipality, in Aceh Province, 2011-2015 (Thousand Rupiahs)",1,1,f6bed23b1cea
ACEH,05,Kab. Aceh Timur,,2013,,2 1.837,,"PDRB Per Kapita Atas Dasar Harga Berlaku di Provinsi Aceh Menurut Kabupaten/Kota, 2011-2015 (Ribu Rupiah)","Per Capita GRDP at Current Market Prices by Regency/Municipality, in Aceh Province, 2011-2015 (Thousand Rupiahs)",1,1,08b1bd886ea9
ACEH,06,Kab. Aceh Tengah,,2013,,2 6.945,,"PDRB Per Kapita Atas Dasar Harga Berlaku di Provinsi Aceh Menurut Kabupaten/Kota, 2011-2015 (Ribu Rupiah)","Per Capita GRDP at Current Market Prices by Regency/Municipality, in Aceh Province, 2011-2015 (Thousand Rupiahs)",1,1,1ac6894063ae
ACEH,07,Kab. Aceh Barat,,2013,,2 7.182,,"PDRB Per Kapita Atas Dasar Harga Berlaku di Provinsi Aceh Menurut Kabupaten/Kota, 2011-2015 (Ribu Rupiah)","Per Capita GRDP at Current Market Prices by Regency/Municipality, in Aceh Province, 2011-2015 (Thousand Rupiahs)",1,1,700cd9eea468
ACEH,08,Kab. Aceh Besar,,2013,,2 3.6d24,,"PDRB Per Kapita Atas Dasar Harga Berlaku di Provinsi Aceh Menurut Kabupaten/Kota, 2011-2015 (Ribu Rupiah)","Per Capita GRDP at Current Market Prices by Regency/Municipality, in Aceh Province, 2011-2015 (Thousand Rupiahs)",1,1,6b15c405ccb3
ACEH,09,Kab. Pidie,,2013,,1 6.608,,"PDRB Per Kapita Atas Dasar Harga Berlaku di Provinsi Aceh Menurut Kabupaten/Kota, 2011-2015 (Ribu Rupiah)","Per Capita GRDP at Current Market Prices by Regency/Municipality, in Aceh Province, 2011-2015 (Thousand Rupiahs)",1,1,fd8c09447730
ACEH,10,Kab. Bireun,,2013,,2 1.276,,"PDRB Per Kapita Atas Dasar Harga Berlaku di Provinsi Aceh Menurut Kabupaten/Kota, 2011-2015 (Ribu Rupiah)","Per Capita GRDP at Current Market Prices by Regency/Municipality, in Aceh Province, 2011-2015 (Thousand Rupiahs)",1,1,dd23a500f894
ACEH,11,Kab. Aceh Utara,,2013,,o 3 5.518,,"PDRB Per Kapita Atas Dasar Harga Berlaku di Provinsi Aceh Menurut Kabupaten/Kota, 2011-2015 (Ribu Rupiah)","Per Capita GRDP at Current Market Prices by Regency/Municipality, in Aceh Province, 2011-2015 (Thousand Rupiahs)",1,1,f46a1cde634c
ACEH,12,Kab. Aceh Barat Daya,,2013,,1 9.520,,"PDRB Per Kapita Atas Dasar Harga Berlaku di Provinsi Aceh Menurut Kabupaten/Kota, 2011-2015 (Ribu Rupiah)","Per Capita GRDP at Current Market Prices by Regency/Municipality, in Aceh Province, 2011-2015 (Thousand Rupiahs)",1,1,4bac06792378
ACEH,13,Kab. Gayo Lues,,2013,,2 1.228,,"PDRB Per Kapita Atas Dasar Harga Berlaku di Provinsi Aceh Menurut Kabupaten/Kota, 2011-2015 (Ribu Rupiah)","Per Capita GRDP at Current Market Prices by Regency/Municipality, in Aceh Province, 2011-2015 (Thousand Rupiahs)",1,1,61cab3c446eb
ACEH,14,Kab. Aceh Tamiang,,2013,,1 9.916,,"PDRB Per Kapita Atas Dasar Harga Berlaku di Provinsi Aceh Menurut Kabupaten/Kota, 2011-2015 (Ribu Rupiah)","Per Capita GRDP at Current Market Prices by Regency/Municipality, in Aceh Province, 2011-2015 (Thousand Rupiahs)",1,1,2a0e924dcb2c
ACEH,15,Kab. Nagan Raya,,2013,,3 4.505,,"PDRB Per Kapita Atas Dasar Harga Berlaku di Provinsi Aceh Menurut Kabupaten/Kota, 2011-2015 (Ribu Rupiah)","Per Capita GRDP at Current Market Prices by Regency/Municipality, in Aceh Province, 2011-2015 (Thousand Rupiahs)",1,1,dcdba38fb4cd
ACEH,16,Kab. Aceh Jaya,,2013,,2 0.738,,"PDRB Per Kapita Atas Dasar Harga Berlaku di Provinsi Aceh Menurut Kabupaten/Kota, 2011-2015 (Ribu Rupiah)","Per Capita GRDP at Current Market Prices by Regency/Municipality, in Aceh Province, 2011-2015 (Thousand Rupiahs)",1,1,7d5b48d055e7
ACEH,17,Kab. Bener Meriah,,2013,,2 3.405,,"PDRB Per Kapita Atas Dasar Harga Berlaku di Provinsi Aceh Menurut Kabupaten/Kota, 2011-2015 (Ribu Rupiah)","Per Capita GRDP at Current Market Prices by Regency/Municipality, in Aceh Province, 2011-2015 (Thousand Rupiahs)",1,1,8fe7252f3ea7
ACEH,18,Kab. Pidie Jaya,,2013,,1 5.523,,"PDRB Per Kapita Atas Dasar Harga Berlaku di Provinsi Aceh Menurut Kabupaten/Kota, 2011-2015 (Ribu Rupiah)","Per Capita GRDP at Current Market Prices by Regency/Municipality, in Aceh Province, 2011-2015 (Thousand Rupiahs)",1,1,683fd1317fa3
ACEH,71,Kota Banda Aceh,,2013,,5 2.497,,"PDRB Per Kapita Atas Dasar Harga Berlaku di Provinsi Aceh Menurut Kabupaten/Kota, 2011-2015 (Ribu Rupiah)","Per Capita GRDP at Current Market Prices by Regency/Municipality, in Aceh Province, 2011-2015 (Thousand Rupiahs)",1,1,369d90502611
ACEH,72,Kota Sabang,,2013,,2 8.594,,"PDRB Per Kapita Atas Dasar Harga Berlaku di Provinsi Aceh Menurut Kabupaten/Kota, 2011-2015 (Ribu Rupiah)","Per Capita GRDP at Current Market Prices by Regency/Municipality, in Aceh Province, 2011-2015 (Thousand Rupiahs)",1,1,2367ae1eb383
ACEH,73,Kota Langsa,,2013,,2 0.524,,"PDRB Per Kapita Atas Dasar Harga Berlaku di Provinsi Aceh Menurut Kabupaten/Kota, 2011-2015 (Ribu Rupiah)","Per Capita GRDP at Current Market Prices by Regency/Municipality, in Aceh Province, 2011-2015 (Thousand Rupiahs)",1,1,84557fe6d7ca
ACEH,74,Kota Lhokseumawe,,2013,,5 2.276,,"PDRB Per Kapita Atas Dasar Harga Berlaku di Provinsi Aceh Menurut Kabupaten/Kota, 2011-2015 (Ribu Rupiah)","Per Capita GRDP at Current Market Prices by Regency/Municipality, in Aceh Province, 2011-2015 (Thousand Rupiahs)",1,1,6d07449ddc2f
ACEH,75,Kota Subulussalam,,2013,,1 5.463,,"PDRB Per Kapita Atas Dasar Harga Berlaku di Provinsi Aceh Menurut Kabupaten/Kota, 2011-2015 (Ribu Rupiah)","Per Capita GRDP at Current Market Prices by Regency/Municipality, in Aceh Province, 2011-2015 (Thousand Rupiahs)",1,1,bab4ea72df06
ACEH,,Jml Kab./Kota Total of Reg./Mun.,,2013,,2 5.399,,"PDRB Per Kapita Atas Dasar Harga Berlaku di Provinsi Aceh Menurut Kabupaten/Kota, 2011-2015 (Ribu Rupiah)","Per Capita GRDP at Current Market Prices by Regency/Municipality, in Aceh Province, 2011-2015 (Thousand Rupiahs)",1,1,1dca299a6255
ACEH,,Provinsi/Province,,2013,,2 5.219,,"PDRB Per Kapita Atas Dasar Harga Berlaku di Provinsi Aceh Menurut Kabupaten/Kota, 2011-2015 (Ribu Rupiah)","Per Capita GRDP at Current Market Prices by Regency/Municipality, in Aceh Province, 2011-2015 (Thousand Rupiahs)",1,1,43aeb894b360
SUMATERA UTARA,01,Kab. Nias,,2013,,1 6.408,,"PDRB Per Kapita Atas Dasar Harga Berlaku di Provinsi Sumatera Utara Menurut Kabupaten/Kota, 2011-2015 (Ribu Rupiah)","Per Capita GRDP at Current Market Prices by Regency/Municipality, in Sumatera Utara Province, 2011-2015 (Thousand Rupiahs)",2,2,2673f4065fb4
SUMATERA UTARA,02,Kab. Mandailing Natal,,2013,,1 8.678,,"PDRB Per Kapita Atas Dasar Harga Berlaku di Provinsi Sumatera Utara Menurut Kabupaten/Kota, 2011-2015 (Ribu Rupiah)","Per Capita GRDP at Current Market Prices by Regency/Municipality, in Sumatera Utara Province, 2011-2015 (Thousand Rupiahs)",2,2,144dfe055463
SUMATERA UTARA,03,Kab. Tapanuli Selatan,,2013,,3 2.234,,"PDRB Per Kapita Atas Dasar Harga Berlaku di Provinsi Sumatera Utara Menurut Kabupaten/Kota, 2011-2015 (Ribu Rupiah)","Per Capita GRDP at Current Market Prices by Regency/Municipality, in Sumatera Utara Province, 2011-2015 (Thousand Rupiahs)",2,2,ddec1e061ee6
SUMATERA UTARA,04,Kab. Tapanuli Tengah,,2013,,1 7.623,,"PDRB Per Kapita Atas Dasar Harga Berlaku di Provinsi Sumatera Utara Menurut Kabupaten/Kota, 2011-2015 (Ribu Rupiah)","Per Capita GRDP at Current Market Prices by Regency/Municipality, in Sumatera Utara Province, 2011-2015 (Thousand Rupiahs)",2,2,5a9156eb43d8
SUMATERA UTARA,05,Kab. Tapanuli Utara,,2013,,1 7.280,,"PDRB Per Kapita Atas Dasar Harga Berlaku di Provinsi Sumatera Utara Menurut Kabupaten/Kota, 2011-2015 (Ribu Rupiah)","Per Capita GRDP at Current Market Prices by Regency/Municipality, in Sumatera Utara Province, 2011-2015 (Thousand Rupiahs)",2,2,33b371eb671d
SUMATERA UTARA,06,Kab. Toba Samosir,,2013,,2 6.689,,"PDRB Per Kapita Atas Dasar Harga Berlaku di Provinsi Sumatera Utara Menurut Kabupaten/Kota, 2011-2015 (Ribu Rupiah)","Per Capita GRDP at Current Market Prices by Regency/Municipality, in Sumatera Utara Province, 2011-2015 (Thousand Rupiahs)",2,2,2ce69fa0e98f
SUMATERA UTARA,07,Kab. Labuhan Batu,,2013,,4 5.235,,"PDRB Per Kapita Atas Dasar Harga Berlaku di Provinsi Sumatera Utara Menurut Kabupaten/Kota, 2011-2015 (Ribu Rupiah)","Per Capita GRDP at Current Market Prices by Regency/Municipality, in Sumatera Utara Province, 2011-2015 (Thousand Rupiahs)",2,2,bac3df4b8906
SUMATERA UTARA,08,Kab. Asahan,,2013,,3 1.8d52,,"PDRB Per Kapita Atas Dasar Harga Berlaku di Provinsi Sumatera Utara Menurut Kabupaten/Kota, 2011-2015 (Ribu Rupiah)","Per Capita GRDP at Current Market Prices by Regency/Municipality, in Sumatera Utara Province, 2011-2015 (Thousand Rupiahs)",2,2,e28550227297
SUMATERA UTARA,09,Kab. Simalungun,,2013,,2 7.714,,"PDRB Per Kapita Atas Dasar Harga Berlaku di Provinsi Sumatera Utara Menurut Kabupaten/Kota, 2011-2015 (Ribu Rupiah)","Per Capita GRDP at Current Market Prices by Regency/Municipality, in Sumatera Utara Province, 2011-2015 (Thousand Rupiahs)",2,2,1da5da1be03a
SUMATERA UTARA,10,Kab. Dairi,,2013,,2 0.694,,"PDRB Per Kapita Atas Dasar Harga Berlaku di Provinsi Sumatera Utara Menurut Kabupaten/Kota, 2011-2015 (Ribu Rupiah)","Per Capita GRDP at Current Market Prices by Regency/Municipality, in Sumatera Utara Province, 2011-2015 (Thousand Rupiahs)",2,2,83ded9a3ad93
SUMATERA UTARA,11,Kab. Karo,,2013,,o 3 3.726,,"PDRB Per Kapita Atas Dasar Harga Berlaku di Provinsi Sumatera Utara Menurut Kabupaten/Kota, 2011-2015 (Ribu Rupiah)","Per Capita GRDP at Current Market Prices by Regency/Municipality, in Sumatera Utara Province, 2011-2015 (Thousand Rupiahs)",2,2,b8f66974a76f
SUMATERA UTARA,12,Kab. Deli Serdang,,2013,,3 1.472,,"PDRB Per Kapita Atas Dasar Harga Berlaku di Provinsi Sumatera Utara Menurut Kabupaten/Kota, 2011-2015 (Ribu Rupiah)","Per Capita GRDP at Current Market Prices by Regency/Municipality, in Sumatera Utara Province, 2011-2015 (Thousand Rupiahs)",2,2,9bc10f7f15cd
SUMATERA UTARA,13,Kab. Langkat,,2013,,2 5.499,,"PDRB Per Kapita Atas Dasar Harga Berlaku di Provinsi Sumatera Utara Menurut Kabupaten/Kota, 2011-2015 (Ribu Rupiah)","Per Capita GRDP at Current Market Prices by Regency/Municipality, in Sumatera Utara Province, 2011-2015 (Thousand Rupiahs)",2,2,c2581d46bab2
SUMATERA UTARA,14,Kab. Nias Selatan,,2013,,1 2.925,,"PDRB Per Kapita Atas Dasar Harga Berlaku di Provinsi Sumatera Utara Menurut Kabupaten/Kota, 2011-2015 (Ribu Rupiah)","Per Capita GRDP at Current Market Prices by Regency/Municipality, in Sumatera Utara Province, 2011-2015 (Thousand Rupiahs)",2,2,cfbcc9f33979
SUMATERA UTARA,15,Kab. Humbang Hasundutan,,2013,,2 0.460,,"PDRB Per Kapita Atas Dasar Harga Berlaku di Provinsi Sumatera Utara Menurut Kabupaten/Kota, 2011-2015 (Ribu Rupiah)","Per Capita GRDP at Current Market Prices by Regency/Municipality, in Sumatera Utara Province, 2011-2015 (Thousand Rupiahs)",2,2,a0d66074f05e
SUMATERA UTARA,16,Kab. Pakpak Bharat,,2013,,1 5.754,,"PDRB Per Kapita Atas Dasar Harga Berlaku di Provinsi Sumatera Utara Menurut Kabupaten/Kota, 2011-2015 (Ribu Rupiah)","Per Capita GRDP at Current Market Prices by Regency/Municipality, in Sumatera Utara Province, 2011-2015 (Thousand Rupiahs)",2,2,93858cdd546f
SUMATERA UTARA,17,Kab. Samosir,,2013,,2 0.799,,"PDRB Per Kapita Atas Dasar Harga Berlaku di Provinsi Sumatera Utara Menurut Kabupaten/Kota, 2011-2015 (Ribu Rupiah)","Per Capita GRDP at Current Market Prices by Regency/Municipality, in Sumatera Utara Province, 2011-2015 (Thousand Rupiahs)",2,2,47d1d9f2c5f9
SUMATERA UTARA,18,Kab. Serdang Bedagai,,2013,,2 7.729,,"PDRB Per Kapita Atas Dasar Harga Berlaku di Provinsi Sumatera Utara Menurut Kabupaten/Kota, 2011-2015 (Ribu Rupiah)","Per Capita GRDP at Current Market Prices by Regency/Municipality, in Sumatera Utara Province, 2011-2015 (Thousand Rupiahs)",2,2,3ba8d178109e
SUMATERA UTARA,19,Kab. Batu Bara,,2013,,5 4.184,,"PDRB Per Kapita Atas Dasar Harga Berlaku di Provinsi Sumatera Utara Menurut Kabupaten/Kota, 2011-2015 (Ribu Rupiah)","Per Capita GRDP at Current Market Prices by Regency/Municipality, in Sumatera Utara Province, 2011-2015 (Thousand Rupiahs)",2,2,6e6e40e740ad
SUMATERA UTARA,20,Kab. Padang Lawas Utara,,2013,,2 7.932,,"PDRB Per Kapita Atas Dasar Harga Berlaku di Provinsi Sumatera Utara Menurut Kabupaten/Kota, 2011-2015 (Ribu Rupiah)","Per Capita GRDP at Current Market Prices by Regency/Municipality, in Sumatera Utara Province, 2011-2015 (Thousand Rupiahs)",2,2,2d560b130c50
SUMATERA UTARA,21,Kab. Padang Lawas,,2013,,2 6.990,,"PDRB Per Kapita Atas Dasar Harga Berlaku di Provinsi Sumatera Utara Menurut Kabupaten/Kota, 2011-2015 (Ribu Rupiah)","Per Capita GRDP at Current Market Prices by Regency/Municipality, in Sumatera Utara Province, 2011-2015 (Thousand Rupiahs)",2,2,a487e0a1745f
SUMATERA UTARA,22,Kab. Labuhan Batu Selatan,,2013,,5 3.251,,"PDRB Per Kapita Atas Dasar Harga Berlaku di Provinsi Sumatera Utara Menurut Kabupaten/Kota, 2011-2015 (Ribu Rupiah)","Per Capita GRDP at Current Market Prices by Regency/Municipality, in Sumatera Utara Province, 2011-2015 (Thousand Rupiahs)",2,2,321eda09ce9d
SUMATERA UTARA,23,Kab. Labuhan Batu Utara,,2013,,4 3.045,,"PDRB Per Kapita Atas Dasar Harga Berlaku di Provinsi Sumatera Utara Menurut Kabupaten/Kota, 2011-2015 (Ribu Rupiah)","Per Capita GRDP at Current Market Prices by Regency/Municipality, in Sumatera Utara Province, 2011-2015 (Thousand Rupiahs)",2,2,487a9ee8021d
SUMATERA UTARA,24,Kab. Nias Utara,,2013,,1 5.893,,"PDRB Per Kapita Atas Dasar Harga Berlaku di Provinsi Sumatera Utara Menurut Kabupaten/Kota, 2011-2015 (Ribu Rupiah)","Per Capita GRDP at Current Market Prices by Regency/Municipality, in Sumatera Utara Province, 2011-2015 (Thousand Rupiahs)",2,2,566a7bd48023
SUMATERA UTARA,25,Kab. Nias Barat,,2013,,1 2.925,,"PDRB Per Kapita Atas Dasar Harga Berlaku di Provinsi Sumatera Utara Menurut Kabupaten/Kota, 2011-2015 (Ribu Rupiah)","Per Capita GRDP at Current Market Prices by Regency/Municipality, in Sumatera Utara Province, 2011-2015 (Thousand Rupiahs)",2,2,d61ccc4fde3a
SUMATERA UTARA,71,Kota Sibolga,,2013,,3 5.628,,"PDRB Per Kapita Atas Dasar Harga Berlaku di Provinsi Sumatera Utara Menurut Kabupaten/Kota, 2011-2015 (Ribu Rupiah)","Per Capita GRDP at Current Market Prices by Regency/Municipality, in Sumatera Utara Province, 2011-2015 (Thousand Rupiahs)",2,2,24d0d39acfd9
SUMATERA UTARA,72,Kota Tanjung Balai,,2013,,2 9.891,,"PDRB Per Kapita Atas Dasar Harga Berlaku di Provinsi Sumatera Utara Menurut Kabupaten/Kota, 2011-2015 (Ribu Rupiah)","Per Capita GRDP at Current Market Prices by Regency/Municipality, in Sumatera Utara Province, 2011-2015 (Thousand Rupiahs)",2,2,ebe59cb37ca9
SUMATERA UTARA,73,Kota Pematang Siantar,,2013,,3 4.954,,"PDRB Per Kapita Atas Dasar Harga Berlaku di Provinsi Sumatera Utara Menurut Kabupaten/Kota, 2011-2015 (Ribu Rupiah)","Per Capita GRDP at Current Market Prices by Regency/Municipality, in Sumatera Utara Province, 2011-2015 (Thousand Rupiahs)",2,2,11dc988e2825
SUMATERA UTARA,74,Kota Tebing Tinggi,,2013,,2 3.030,,"PDRB Per Kapita Atas Dasar Harga Berlaku di Provinsi Sumatera Utara Menurut Kabupaten/Kota, 2011-2015 (Ribu Rupiah)","Per Capita GRDP at Current Market Prices by Regency/Municipality, in Sumatera Utara Province, 2011-2015 (Thousand Rupiahs)",2,2,52ce416c2752
SUMATERA UTARA,75,Kota Medan,,2013,,6 0.628,,"PDRB Per Kapita Atas Dasar Harga Berlaku di Provinsi Sumatera Utara Menurut Kabupaten/Kota, 2011-2015 (Ribu Rupiah)","Per Capita GRDP at Current Market Prices by Regency/Municipality, in Sumatera Utara Province, 2011-2015 (Thousand Rupiahs)",2,2,2ab30f8f0432
SUMATERA UTARA,76,Kota Binjai,,2013,,2 6.620,,"PDRB Per Kapita Atas Dasar Harga Berlaku di Provinsi Sumatera Utara Menurut Kabupaten/Kota, 2011-2015 (Ribu Rupiah)","Per Capita GRDP at Current Market Prices by Regency/Municipality, in Sumatera Utara Province, 2011-2015 (Thousand Rupiahs)",2,2,e2541e1afe3a
SUMATERA UTARA,77,Kota Padang Sidempuatn,,2013,,1 7.803,,"PDRB Per Kapita Atas Dasar Harga Berlaku di Provinsi Sumatera Utara Menurut Kabupaten/Kota, 2011-2015 (Ribu Rupiah)","Per Capita GRDP at Current Market Prices by Regency/Municipality, in Sumatera Utara Province, 2011-2015 (Thousand Rupiahs)",2,2,cff83dacd321
SUMATERA UTARA,78,Kota Gunungsitoli,,2013,,2 1.692,,"PDRB Per Kapita Atas Dasar Harga Berlaku di Provinsi Sumatera Utara Menurut Kabupaten/Kota, 2011-2015 (Ribu Rupiah)","Per Capita GRDP at Current Market Prices by Regency/Municipality, in Sumatera Utara Province, 2011-2015 (Thousand Rupiahs)",2,2,1cf6dd7f7393
SUMATERA UTARA,,Jml Kab./Kota Total of Reg./Mun.,,2013,,3 4.269,,"PDRB Per Kapita Atas Dasar Harga Berlaku di Provinsi Sumatera Utara Menurut Kabupaten/Kota, 2011-2015 (Ribu Rupiah)","Per Capita GRDP at Current Market Prices by Regency/Municipality, in Sumatera Utara Province, 2011-2015 (Thousand Rupiahs)",2,2,b5963b6abe14
SUMATERA UTARA,,Provinsi/Province,,2013,,3 4.544,,"PDRB Per Kapita Atas Dasar Harga Berlaku di Provinsi Sumatera Utara Menurut Kabupaten/Kota, 2011-2015 (Ribu Rupiah)","Per Capita GRDP at Current Market Prices by Regency/Municipality, in Sumatera Utara Province, 2011-2015 (Thousand Rupiahs)",2,2,a0d2ef5fce74
SUMATERA BARAT,01,Kab. Kepulauan Mentawai,,2013,,3 2.593,,"PDRB Per Kapita Atas Dasar Harga Berlaku di Provinsi Sumatera Barat Menurut Kabupaten/Kota, 2011-2015 (Ribu Rupiah)","Per Capita GRDP at Current Market Prices by Regency/Municipality, in Sumatera Barat Province, 2011-2015 (Thousand Rupiahs)",3,3,b06d9cb616ab
SUMATERA BARAT,02,Kab. Pesisir Selatan,,2013,,1 8.543,,"PDRB Per Kapita Atas Dasar Harga Berlaku di Provinsi Sumatera Barat Menurut Kabupaten/Kota, 2011-2015 (Ribu Rupiah)","Per Capita GRDP at Current Market Prices by Regency/Municipality, in Sumatera Barat Province, 2011-2015 (Thousand Rupiahs)",3,3,a97fde12db9c
SUMATERA BARAT,03,Kab. Solok,,2013,,2 3.719,,"PDRB Per Kapita Atas Dasar Harga Berlaku di Provinsi Sumatera Barat Menurut Kabupaten/Kota, 2011-2015 (Ribu Rupiah)","Per Capita GRDP at Current Market Prices by Regency/Municipality, in Sumatera Barat Province, 2011-2015 (Thousand Rupiahs)",3,3,a26f6b1b793b
SUMATERA BARAT,04,Kab. Sijunjung,,2013,,2 6.726,,"PDRB Per Kapita Atas Dasar Harga Berlaku di Provinsi Sumatera Barat Menurut Kabupaten/Kota, 2011-2015 (Ribu Rupiah)","Per Capita GRDP at Current Market Prices by Regency/Municipality, in Sumatera Barat Province, 2011-2015 (Thousand Rupiahs)",3,3,b6cabfebf6ab
SUMATERA BARAT,05,Kab. Tanah Datar,,2013,,2 3.782,,"PDRB Per Kapita Atas Dasar Harga Berlaku di Provinsi Sumatera Barat Menurut Kabupaten/Kota, 2011-2015 (Ribu Rupiah)","Per Capita GRDP at Current Market Prices by Regency/Municipality, in Sumatera Barat Province, 2011-2015 (Thousand Rupiahs)",3,3,cfbcefb06b12
SUMATERA BARAT,06,Kab. Padang Pariaman,,2013,,o 3 0.614,,"PDRB Per Kapita Atas Dasar Harga Berlaku di Provinsi Sumatera Barat Menurut Kabupaten/Kota, 2011-2015 (Ribu Rupiah)","Per Capita GRDP at Current Market Prices by Regency/Municipality, in Sumatera Barat Province, 2011-2015 (Thousand Rupiahs)",3,3,8730a9d5d220
SUMATERA BARAT,07,Kab. Agam,,2013,,2 6.698,,"PDRB Per Kapita Atas Dasar Harga Berlaku di Provinsi Sumatera Barat Menurut Kabupaten/Kota, 2011-2015 (Ribu Rupiah)","Per Capita GRDP at Current Market Prices by Regency/Municipality, in Sumatera Barat Province, 2011-2015 (Thousand Rupiahs)",3,3,f37e2b34e163
SUMATERA BARAT,08,Kab. Lima Puluh Kota,,2013,,2 6.352,,"PDRB Per Kapita Atas Dasar Harga Berlaku di Provinsi Sumatera Barat Menurut Kabupaten/Kota, 2011-2015 (Ribu Rupiah)","Per Capita GRDP at Current Market Prices by Regency/Municipality, in Sumatera Barat Province, 2011-2015 (Thousand Rupiahs)",3,3,f6a6b08ab237
SUMATERA BARAT,09,Kab. Pasaman,,2013,,2 0.002,,"PDRB Per Kapita Atas Dasar Harga Berlaku di Provinsi Sumatera Barat Menurut Kabupaten/Kota, 2011-2015 (Ribu Rupiah)","Per Capita GRDP at Current Market Prices by Regency/Municipality, in Sumatera Barat Province, 2011-2015 (Thousand Rupiahs)",3,3,becd4247dbee
SUMATERA BARAT,10,Kab. Solok Selatan,,2013,,2 2.308,,"PDRB Per Kapita Atas Dasar Harga Berlaku di Provinsi Sumatera Barat Menurut Kabupaten/Kota, 2011-2015 (Ribu Rupiah)","Per Capita GRDP at Current Market Prices by Regency/Municipality, in Sumatera Barat Province, 2011-2015 (Thousand Rupiahs)",3,3,19e80df7feff
SUMATERA BARAT,11,Kab. Dharmasraya,,2013,,3 0.530,,"PDRB Per Kapita Atas Dasar Harga Berlaku di Provinsi Sumatera Barat Menurut Kabupaten/Kota, 2011-2015 (Ribu Rupiah)","Per Capita GRDP at Current Market Prices by Regency/Municipality, in Sumatera Barat Province, 2011-2015 (Thousand Rupiahs)",3,3,a239c508c7a2
SUMATERA BARAT,12,Kab. Pasaman Barat,,2013,,2 4.501,,"PDRB Per Kapita Atas Dasar Harga Berlaku di Provinsi Sumatera Barat Menurut Kabupaten/Kota, 2011-2015 (Ribu Rupiah)","Per Capita GRDP at Current Market Prices by Regency/Municipality, in Sumatera Barat Province, 2011-2015 (Thousand Rupiahs)",3,3,377b4701aedc
SUMATERA BARAT,71,Kota Padang,,2013,,4 1.782,,"PDRB Per Kapita Atas Dasar Harga Berlaku di Provinsi Sumatera Barat Menurut Kabupaten/Kota, 2011-2015 (Ribu Rupiah)","Per Capita GRDP at Current Market Prices by Regency/Municipality, in Sumatera Barat Province, 2011-2015 (Thousand Rupiahs)",3,3,18522cac70d1
SUMATERA BARAT,72,Kota Solok,,2013,,3 8.082,,"PDRB Per Kapita Atas Dasar Harga Berlaku di Provinsi Sumatera Barat Menurut Kabupaten/Kota, 2011-2015 (Ribu Rupiah)","Per Capita GRDP at Current Market Prices by Regency/Municipality, in Sumatera Barat Province, 2011-2015 (Thousand Rupiahs)",3,3,a96a3bcf06a9
SUMATERA BARAT,73,Kota Sawah Lunto,,2013,,3 9.021,,"PDRB Per Kapita Atas Dasar Harga Berlaku di Provinsi Sumatera Barat Menurut Kabupaten/Kota, 2011-2015 (Ribu Rupiah)","Per Capita GRDP at Current Market Prices by Regency/Municipality, in Sumatera Barat Province, 2011-2015 (Thousand Rupiahs)",3,3,7db53f3126bf
SUMATERA BARAT,74,Kota Padang Panjang,,2013,,4 2.297,,"PDRB Per Kapita Atas Dasar Harga Berlaku di Provinsi Sumatera Barat Menurut Kabupaten/Kota, 2011-2015 (Ribu Rupiah)","Per Capita GRDP at Current Market Prices by Regency/Municipality, in Sumatera Barat Province, 2011-2015 (Thousand Rupiahs)",3,3,753b496652dc
SUMATERA BARAT,75,Kota Bukittinggi,,2013,,4 2.435,,"PDRB Per Kapita Atas Dasar Harga Berlaku di Provinsi Sumatera Barat Menurut Kabupaten/Kota, 2011-2015 (Ribu Rupiah)","Per Capita GRDP at Current Market Prices by Regency/Municipality, in Sumatera Barat Province, 2011-2015 (Thousand Rupiahs)",3,3,3bac75037c0f
SUMATERA BARAT,76,Kota Payakumbuh,,2013,,2 9.949,,"PDRB Per Kapita Atas Dasar Harga Berlaku di Provinsi Sumatera Barat Menurut Kabupaten/Kota, 2011-2015 (Ribu Rupiah)","Per Capita GRDP at Current Market Prices by Regency/Municipality, in Sumatera Barat Province, 2011-2015 (Thousand Rupiahs)",3,3,7a9520957d00
SUMATERA BARAT,77,Kota Pariaman,,2013,,3 6.571,,"PDRB Per Kapita Atas Dasar Harga Berlaku di Provinsi Sumatera Barat Menurut Kabupaten/Kota, 2011-2015 (Ribu Rupiah)","Per Capita GRDP at Current Market Prices by Regency/Municipality, in Sumatera Barat Province, 2011-2015 (Thousand Rupiahs)",3,3,ede1ed957f9b
SUMATERA BARAT,,Jml Kab./Kota Total of Reg./Mun.,,2013,,2 9.122,,"PDRB Per Kapita Atas Dasar Harga Berlaku di Provinsi Sumatera Barat Menurut Kabupaten/Kota, 2011-2015 (Ribu Rupiah)","Per Capita GRDP at Current Market Prices by Regency/Municipality, in Sumatera Barat Province, 2011-2015 (Thousand Rupiahs)",3,3,f1ecf94088ee
SUMATERA BARAT,,Provinsi/Province,,2013,,2 8.994,,"PDRB Per Kapita Atas Dasar Harga Berlaku di Provinsi Sumatera Barat Menurut Kabupaten/Kota, 2011-2015 (Ribu Rupiah)","Per Capita GRDP at Current Market Prices by Regency/Municipality, in Sumatera Barat Province, 2011-2015 (Thousand Rupiahs)",3,3,bad690a23cc7
RIAU,01,Kab. Kuantan Singingi,,2013,,7 0.021,,"PDRB Per Kapita Atas Dasar Harga Berlaku di Provinsi Riau Menurut Kabupaten/Kota, 2011-2015 (Ribu Rupiah)","Per Capita GRDP at Current Market Prices by Regency/Municipality, in Riau Province, 2011-2015 (Thousand Rupiahs)",4,4,b0718f99e0ca
RIAU,02,Kab.indragiri Hulu,,2013,,7 6.136,,"PDRB Per Kapita Atas Dasar Harga Berlaku di Provinsi Riau Menurut Kabupaten/Kota, 2011-2015 (Ribu Rupiah)","Per Capita GRDP at Current Market Prices by Regency/Municipality, in Riau Province, 2011-2015 (Thousand Rupiahs)",4,4,4db7ab41d295
RIAU,03,Kab.indragiri Hilir,,2013,,6 0.446,,"PDRB Per Kapita Atas Dasar Harga Berlaku di Provinsi Riau Menurut Kabupaten/Kota, 2011-2015 (Ribu Rupiah)","Per Capita GRDP at Current Market Prices by Regency/Municipality, in Riau Province, 2011-2015 (Thousand Rupiahs)",4,4,700bb1cd29b8
RIAU,04,Kab. Pelalawan,,2013,,8 6.594,,"PDRB Per Kapita Atas Dasar Harga Berlaku di Provinsi Riau Menurut Kabupaten/Kota, 2011-2015 (Ribu Rupiah)","Per Capita GRDP at Current Market Prices by Regency/Municipality, in Riau Province, 2011-2015 (Thousand Rupiahs)",4,4,d4e860b61b60
RIAU,05,Kab. Siak,,2013,,1 97.286,,"PDRB Per Kapita Atas Dasar Harga Berlaku di Provinsi Riau Menurut Kabupaten/Kota, 2011-2015 (Ribu Rupiah)","Per Capita GRDP at Current Market Prices by Regency/Municipality, in Riau Province, 2011-2015 (Thousand Rupiahs)",4,4,f9732b02eb0c
RIAU,06,Kab. Kampar,,2013,,o 8 1.653,,"PDRB Per Kapita Atas Dasar Harga Berlaku di Provinsi Riau Menurut Kabupaten/Kota, 2011-2015 (Ribu Rupiah)","Per Capita GRDP at Current Market Prices by Regency/Municipality, in Riau Province, 2011-2015 (Thousand Rupiahs)",4,4,3a3616caa088
RIAU,07,Kab. Rokan Hulu,,2013,,3 9.681,,"PDRB Per Kapita Atas Dasar Harga Berlaku di Provinsi Riau Menurut Kabupaten/Kota, 2011-2015 (Ribu Rupiah)","Per Capita GRDP at Current Market Prices by Regency/Municipality, in Riau Province, 2011-2015 (Thousand Rupiahs)",4,4,be32eb914f3c
RIAU,08,Kab. Bengkalis,,2013,,2 96.683,,"PDRB Per Kapita Atas Dasar Harga Berlaku di Provinsi Riau Menurut Kabupaten/Kota, 2011-2015 (Ribu Rupiah)","Per Capita GRDP at Current Market Prices by Regency/Municipality, in Riau Province, 2011-2015 (Thousand Rupiahs)",4,4,e1ea1e92e634
RIAU,09,Kab. Rokan Hilir,,2013,,1 06.924,,"PDRB Per Kapita Atas Dasar Harga Berlaku di Provinsi Riau Menurut Kabupaten/Kota, 2011-2015 (Ribu Rupiah)","Per Capita GRDP at Current Market Prices by Regency/Municipality, in Riau Province, 2011-2015 (Thousand Rupiahs)",4,4,e76229bc08d3
RIAU,10,Kab. Kepulauan Meranti,,2013,,7 3.256,,"PDRB Per Kapita Atas Dasar Harga Berlaku di Provinsi Riau Menurut Kabupaten/Kota, 2011-2015 (Ribu Rupiah)","Per Capita GRDP at Current Market Prices by Regency/Municipality, in Riau Province, 2011-2015 (Thousand Rupiahs)",4,4,688d851b8af6
RIAU,71,Kota Pekan Baru,,2013,,6 1.434,,"PDRB Per Kapita Atas Dasar Harga Berlaku di Provinsi Riau Menurut Kabupaten/Kota, 2011-2015 (Ribu Rupiah)","Per Capita GRDP at Current Market Prices by Regency/Municipality, in Riau Province, 2011-2015 (Thousand Rupiahs)",4,4,e8f0fd32c4fb
RIAU,73,Kota Dumai,,2013,,7 7.463,,"PDRB Per Kapita Atas Dasar Harga Berlaku di Provinsi Riau Menurut Kabupaten/Kota, 2011-2015 (Ribu Rupiah)","Per Capita GRDP at Current Market Prices by Regency/Municipality, in Riau Province, 2011-2015 (Thousand Rupiahs)",4,4,f848df3dfca3
RIAU,,Jml Kab./Kota Total of Reg./Mun.,,2013,,1 00.401,,"PDRB Per Kapita Atas Dasar Harga Berlaku di Provinsi Riau Menurut Kabupaten/Kota, 2011-2015 (Ribu Rupiah)","Per Capita GRDP at Current Market Prices by Regency/Municipality, in Riau Province, 2011-2015 (Thousand Rupiahs)",4,4,8399bb45ffdf
RIAU,,Provinsi/Province,,2013,,1 00.691,,"PDRB Per Kapita Atas Dasar Harga Berlaku di Provinsi Riau Menurut Kabupaten/Kota, 2011-2015 (Ribu Rupiah)","Per Capita GRDP at Current Market Prices by Regency/Municipality, in Riau Province, 2011-2015 (Thousand Rupiahs)",4,4,ec240c42bf04
JAMBI,01,Kab. Kerinci,,2013,,2 3.099,,"PDRB Per Kapita Atas Dasar Harga Berlaku di Provinsi Jambi Menurut Kabupaten/Kota, 2011-2015 (Ribu Rupiah)","Per Capita GRDP at Current Market Prices by Regency/Municipality, in Jambi Province, 2011-2015 (Thousand Rupiahs)",5,5,dfdf36f23c89
JAMBI,02,Kab. Merangin,,2013,,2 3.919,,"PDRB Per Kapita Atas Dasar Harga Berlaku di Provinsi Jambi Menurut Kabupaten/Kota, 2011-2015 (Ribu Rupiah)","Per Capita GRDP at Current Market Prices by Regency/Municipality, in Jambi Province, 2011-2015 (Thousand Rupiahs)",5,5,1e4a104fc703
JAMBI,03,Kab. Sarolangun,,2013,,3 5.452,,"PDRB Per Kapita Atas Dasar Harga Berlaku di Provinsi Jambi Menurut Kabupaten/Kota, 2011-2015 (Ribu Rupiah)","Per Capita GRDP at Current Market Prices by Regency/Municipality, in Jambi Province, 2011-2015 (Thousand Rupiahs)",5,5,9a0e0f61df95
JAMBI,04,Kab. Batanghari,,2013,,3 8.595,,"PDRB Per Kapita Atas Dasar Harga Berlaku di Provinsi Jambi Menurut Kabupaten/Kota, 2011-2015 (Ribu Rupiah)","Per Capita GRDP at Current Market Prices by Regency/Municipality, in Jambi Province, 2011-2015 (Thousand Rupiahs)",5,5,cc838b4b0fff
JAMBI,05,Kab. Muaro Jambi,,2013,,3 5.959,,"PDRB Per Kapita Atas Dasar Harga Berlaku di Provinsi Jambi Menurut Kabupaten/Kota, 2011-2015 (Ribu Rupiah)","Per Capita GRDP at Current Market Prices by Regency/Municipality, in Jambi Province, 2011-2015 (Thousand Rupiahs)",5,5,9e20f99e8fae
JAMBI,06,Kab. Tanjung Jabung Timur,,2013,,o 8 2.380,,"PDRB Per Kapita Atas Dasar Harga Berlaku di Provinsi Jambi Menurut Kabupaten/Kota, 2011-2015 (Ribu Rupiah)","Per Capita GRDP at Current Market Prices by Regency/Municipality, in Jambi Province, 2011-2015 (Thousand Rupiahs)",5,5,8a5eee64028b
JAMBI,07,Kab. Tanjung Jabung Barat,,2013,,8 9.995,,"PDRB Per Kapita Atas Dasar Harga Berlaku di Provinsi Jambi Menurut Kabupaten/Kota, 2011-2015 (Ribu Rupiah)","Per Capita GRDP at Current Market Prices by Regency/Municipality, in Jambi Province, 2011-2015 (Thousand Rupiahs)",5,5,5422603425ba
JAMBI,08,Kab. Tebo,,2013,,2 5.853,,"PDRB Per Kapita Atas Dasar Harga Berlaku di Provinsi Jambi Menurut Kabupaten/Kota, 2011-2015 (Ribu Rupiah)","Per Capita GRDP at Current Market Prices by Regency/Municipality, in Jambi Province, 2011-2015 (Thousand Rupiahs)",5,5,c27703ebc47f
JAMBI,09,Kab. Bungo,,2013,,3 2.512,,"PDRB Per Kapita Atas Dasar Harga Berlaku di Provinsi Jambi Menurut Kabupaten/Kota, 2011-2015 (Ribu Rupiah)","Per Capita GRDP at Current Market Prices by Regency/Municipality, in Jambi Province, 2011-2015 (Thousand Rupiahs)",5,5,bced82d9b092
JAMBI,71,Kota Jambi,,2013,,2 9.604,,"PDRB Per Kapita Atas Dasar Harga Berlaku di Provinsi Jambi Menurut Kabupaten/Kota, 2011-2015 (Ribu Rupiah)","Per Capita GRDP at Current Market Prices by Regency/Municipality, in Jambi Province, 2011-2015 (Thousand Rupiahs)",5,5,836ef506532d
JAMBI,72,Kota Sungai Penuh,,2013,,4 4.153,,"PDRB Per Kapita Atas Dasar Harga Berlaku di Provinsi Jambi Menurut Kabupaten/Kota, 2011-2015 (Ribu Rupiah)","Per Capita GRDP at Current Market Prices by Regency/Municipality, in Jambi Province, 2011-2015 (Thousand Rupiahs)",5,5,5aa070a04f45
JAMBI,,Jml Kab./Kota Total of Reg./Mun.,,2013,,3 9.605,,"PDRB Per Kapita Atas Dasar Harga Berlaku di Provinsi Jambi Menurut Kabupaten/Kota, 2011-2015 (Ribu Rupiah)","Per Capita GRDP at Current Market Prices by Regency/Municipality, in Jambi Province, 2011-2015 (Thousand Rupiahs)",5,5,ac69ec6a5e22
JAMBI,,Provinsi/Province,,2013,,3 9.554,,"PDRB Per Kapita Atas Dasar Harga Berlaku di Provinsi Jambi Menurut Kabupaten/Kota, 2011-2015 (Ribu Rupiah)","Per Capita GRDP at Current Market Prices by Regency/Municipality, in Jambi Province, 2011-2015 (Thousand Rupiahs)",5,5,fc0b25614c8b
SUMATERA SELATAN,01,Kab. Ogan Komering Ulu,,2013,,2 7.222,,"PDRB Per Kapita Atas Dasar Harga Berlaku di Provinsi Sumatera Selatan Menurut Kabupaten/Kota, 2011-2015 (Ribu Rupiah)","Per Capita GRDP at Current Market Prices by Regency/Municipality, in Sumatera Selatan Province, 2011-2015 (Thousand Rupiahs)",6,6,6342ba45f6c2
SUMATERA SELATAN,02,Kab. Ogan Komering Ilir,,2013,,2 3.723,,"PDRB Per Kapita Atas Dasar Harga Berlaku di Provinsi Sumatera Selatan Menurut Kabupaten/Kota, 2011-2015 (Ribu Rupiah)","Per Capita GRDP at Current Market Prices by Regency/Municipality, in Sumatera Selatan Province, 2011-2015 (Thousand Rupiahs)",6,6,b5dbb55a912a
SUMATERA SELATAN,03,Kab. Muara Enim,,2013,,6 0.632,,"PDRB Per Kapita Atas Dasar Harga Berlaku di Provinsi Sumatera Selatan Menurut Kabupaten/Kota, 2011-2015 (Ribu Rupiah)","Per Capita GRDP at Current Market Prices by Regency/Municipality, in Sumatera Selatan Province, 2011-2015 (Thousand Rupiahs)",6,6,e4bafb8b9039
SUMATERA SELATAN,12,Kab. Penukal Abab Lematang Ilir,#),2013,,2 5.891,,"PDRB Per Kapita Atas Dasar Harga Berlaku di Provinsi Sumatera Selatan Menurut Kabupaten/Kota, 2011-2015 (Ribu Rupiah)","Per Capita GRDP at Current Market Prices by Regency/Municipality, in Sumatera Selatan Province, 2011-2015 (Thousand Rupiahs)",6,6,e782f8c4f027
SUMATERA SELATAN,04,Kab. Lahat,,2013,,3 2.226,,"PDRB Per Kapita Atas Dasar Harga Berlaku di Provinsi Sumatera Selatan Menurut Kabupaten/Kota, 2011-2015 (Ribu Rupiah)","Per Capita GRDP at Current Market Prices by Regency/Municipality, in Sumatera Selatan Province, 2011-2015 (Thousand Rupiahs)",6,6,ee2b6cec30f7
SUMATERA SELATAN,05,Kab. Musi Rawas,,2013,,3 2.038,,"PDRB Per Kapita Atas Dasar Harga Berlaku di Provinsi Sumatera Selatan Menurut Kabupaten/Kota, 2011-2015 (Ribu Rupiah)","Per Capita GRDP at Current Market Prices by Regency/Municipality, in Sumatera Selatan Province, 2011-2015 (Thousand Rupiahs)",6,6,f6f9ed89bad2
SUMATERA SELATAN,13,Kab. Musi Rawas Utara,#),2013,,2 8.282,,"PDRB Per Kapita Atas Dasar Harga Berlaku di Provinsi Sumatera Selatan Menurut Kabupaten/Kota, 2011-2015 (Ribu Rupiah)","Per Capita GRDP at Current Market Prices by Regency/Municipality, in Sumatera Selatan Province, 2011-2015 (Thousand Rupiahs)",6,6,b4512f2a63de
SUMATERA SELATAN,06,Kab. Musi Banyuasin,,2013,,8 0.417,,"PDRB Per Kapita Atas Dasar Harga Berlaku di Provinsi Sumatera Selatan Menurut Kabupaten/Kota, 2011-2015 (Ribu Rupiah)","Per Capita GRDP at Current Market Prices by Regency/Municipality, in Sumatera Selatan Province, 2011-2015 (Thousand Rupiahs)",6,6,3c67cfe23616
SUMATERA SELATAN,07,Kab. Banyuasin,,2013,,2 2.231,,"PDRB Per Kapita Atas Dasar Harga Berlaku di Provinsi Sumatera Selatan Menurut Kabupaten/Kota, 2011-2015 (Ribu Rupiah)","Per Capita GRDP at Current Market Prices by Regency/Municipality, in Sumatera Selatan Province, 2011-2015 (Thousand Rupiahs)",6,6,99917bf13b2b
SUMATERA SELATAN,08,Kab. Ogan Komering Ulu Selatan,,2013,,1 5.600,,"PDRB Per Kapita Atas Dasar Harga Berlaku di Provinsi Sumatera Selatan Menurut Kabupaten/Kota, 2011-2015 (Ribu Rupiah)","Per Capita GRDP at Current Market Prices by Regency/Municipality, in Sumatera Selatan Province, 2011-2015 (Thousand Rupiahs)",6,6,ba90e6730bd5
SUMATERA SELATAN,09,Kab. Ogan Komering Ulu Timur,,2013,,1 3.826,,"PDRB Per Kapita Atas Dasar Harga Berlaku di Provinsi Sumatera Selatan Menurut Kabupaten/Kota, 2011-2015 (Ribu Rupiah)","Per Capita GRDP at Current Market Prices by Regency/Municipality, in Sumatera Selatan Province, 2011-2015 (Thousand Rupiahs)",6,6,23ebb6bda8d9
SUMATERA SELATAN,10,Kab. Ogan Ilir,,2013,,1 6.465,,"PDRB Per Kapita Atas Dasar Harga Berlaku di Provinsi Sumatera Selatan Menurut Kabupaten/Kota, 2011-2015 (Ribu Rupiah)","Per Capita GRDP at Current Market Prices by Regency/Municipality, in Sumatera Selatan Province, 2011-2015 (Thousand Rupiahs)",6,6,729862fbd2ab
SUMATERA SELATAN,11,Kab. Empat Lawang,,2013,,1 3.695,,"PDRB Per Kapita Atas Dasar Harga Berlaku di Provinsi Sumatera Selatan Menurut Kabupaten/Kota, 2011-2015 (Ribu Rupiah)","Per Capita GRDP at Current Market Prices by Regency/Municipality, in Sumatera Selatan Province, 2011-2015 (Thousand Rupiahs)",6,6,348f56aa9ce0
SUMATERA SELATAN,71,Kota Palembang,,2013,,5 5.467,,"PDRB Per Kapita Atas Dasar Harga Berlaku di Provinsi Sumatera Selatan Menurut Kabupaten/Kota, 2011-2015 (Ribu Rupiah)","Per Capita GRDP at Current Market Prices by Regency/Municipality, in Sumatera Selatan Province, 2011-2015 (Thousand Rupiahs)",6,6,ce8376aba744
SUMATERA SELATAN,72,Kota Prabumulih,,2013,,2 5.019,,"PDRB Per Kapita Atas Dasar Harga Berlaku di Provinsi Sumatera Selatan Menurut Kabupaten/Kota, 2011-2015 (Ribu Rupiah)","Per Capita GRDP at Current Market Prices by Regency/Municipality, in Sumatera Selatan Province, 2011-2015 (Thousand Rupiahs)",6,6,c9327fee740d
SUMATERA SELATAN,73,Kota Pagar Alam,,2013,,1 5.086,,"PDRB Per Kapita Atas Dasar Harga Berlaku di Provinsi Sumatera Selatan Menurut Kabupaten/Kota, 2011-2015 (Ribu Rupiah)","Per Capita GRDP at Current Market Prices by Regency/Municipality, in Sumatera Selatan Province, 2011-2015 (Thousand Rupiahs)",6,6,8431d9e122fc
SUMATERA SELATAN,74,Kota Lubuk Linggau,,2013,,1 7.536,,"PDRB Per Kapita Atas Dasar Harga Berlaku di Provinsi Sumatera Selatan Menurut Kabupaten/Kota, 2011-2015 (Ribu Rupiah)","Per Capita GRDP at Current Market Prices by Regency/Municipality, in Sumatera Selatan Province, 2011-2015 (Thousand Rupiahs)",6,6,10288d951afd
SUMATERA SELATAN,,Jml Kab./Kota Total of Reg./Mun.,,2013,,3 5.851,,"PDRB Per Kapita Atas Dasar Harga Berlaku di Provinsi Sumatera Selatan Menurut Kabupaten/Kota, 2011-2015 (Ribu Rupiah)","Per Capita GRDP at Current Market Prices by Regency/Municipality, in Sumatera Selatan Province, 2011-2015 (Thousand Rupiahs)",6,6,3b4aea0fa311
SUMATERA SELATAN,,Provinsi/Province,,2013,,3 5.810,,"PDRB Per Kapita Atas Dasar Harga Berlaku di Provinsi Sumatera Selatan Menurut Kabupaten/Kota, 2011-2015 (Ribu Rupiah)","Per Capita GRDP at Current Market Prices by Regency/Municipality, in Sumatera Selatan Province, 2011-2015 (Thousand Rupiahs)",6,6,a1c051ade83f
BENGKULU,01,Kab. Bengkulu Selatan,,2013,,2 1.668,,"PDRB Per Kapita Atas Dasar Harga Berlaku di Provinsi Bengkulu Menurut Kabupaten/Kota, 2011-2015 (Ribu Rupiah)","Per Capita GRDP at Current Market Prices by Regency/Municipality, in Bengkulu Province, 2011-2015 (Thousand Rupiahs)",7,7,29315af3dc5f
BENGKULU,02,Kab. Rejang Lebong,,2013,,2 1.122,,"PDRB Per Kapita Atas Dasar Harga Berlaku di Provinsi Bengkulu Menurut Kabupaten/Kota, 2011-2015 (Ribu Rupiah)","Per Capita GRDP at Current Market Prices by Regency/Municipality, in Bengkulu Province, 2011-2015 (Thousand Rupiahs)",7,7,e57cc222a7aa
BENGKULU,03,Kab. Bengkulu Utara,,2013,,1 6.702,,"PDRB Per Kapita Atas Dasar Harga Berlaku di Provinsi Bengkulu Menurut Kabupaten/Kota, 2011-2015 (Ribu Rupiah)","Per Capita GRDP at Current Market Prices by Regency/Municipality, in Bengkulu Province, 2011-2015 (Thousand Rupiahs)",7,7,e84ad539124b
BENGKULU,04,Kab. Kaur,,2013,,1 6.960,,"PDRB Per Kapita Atas Dasar Harga Berlaku di Provinsi Bengkulu Menurut Kabupaten/Kota, 2011-2015 (Ribu Rupiah)","Per Capita GRDP at Current Market Prices by Regency/Municipality, in Bengkulu Province, 2011-2015 (Thousand Rupiahs)",7,7,cb2e04d1d81f
BENGKULU,05,Kab. Seluma,,2013,,1 4.249,,"PDRB Per Kapita Atas Dasar Harga Berlaku di Provinsi Bengkulu Menurut Kabupaten/Kota, 2011-2015 (Ribu Rupiah)","Per Capita GRDP at Current Market Prices by Regency/Municipality, in Bengkulu Province, 2011-2015 (Thousand Rupiahs)",7,7,9649c4250028
BENGKULU,06,Kab. Mukomuko,,2013,,o 1 6.960,,"PDRB Per Kapita Atas Dasar Harga Berlaku di Provinsi Bengkulu Menurut Kabupaten/Kota, 2011-2015 (Ribu Rupiah)","Per Capita GRDP at Current Market Prices by Regency/Municipality, in Bengkulu Province, 2011-2015 (Thousand Rupiahs)",7,7,8f494aa9658e
BENGKULU,07,Kab. Lebong,,2013,,1 7.633,,"PDRB Per Kapita Atas Dasar Harga Berlaku di Provinsi Bengkulu Menurut Kabupaten/Kota, 2011-2015 (Ribu Rupiah)","Per Capita GRDP at Current Market Prices by Regency/Municipality, in Bengkulu Province, 2011-2015 (Thousand Rupiahs)",7,7,488808ad9476
BENGKULU,08,Kab. Kepahiang,,2013,,1 8.241,,"PDRB Per Kapita Atas Dasar Harga Berlaku di Provinsi Bengkulu Menurut Kabupaten/Kota, 2011-2015 (Ribu Rupiah)","Per Capita GRDP at Current Market Prices by Regency/Municipality, in Bengkulu Province, 2011-2015 (Thousand Rupiahs)",7,7,227b54b724d2
BENGKULU,09,Kab. Bengkulu Tengah,,2013,,2 5.073,,"PDRB Per Kapita Atas Dasar Harga Berlaku di Provinsi Bengkulu Menurut Kabupaten/Kota, 2011-2015 (Ribu Rupiah)","Per Capita GRDP at Current Market Prices by Regency/Municipality, in Bengkulu Province, 2011-2015 (Thousand Rupiahs)",7,7,7f667b384023
BENGKULU,71,Kota Bengkulu,,2013,,3 7.995,,"PDRB Per Kapita Atas Dasar Harga Berlaku di Provinsi Bengkulu Menurut Kabupaten/Kota, 2011-2015 (Ribu Rupiah)","Per Capita GRDP at Current Market Prices by Regency/Municipality, in Bengkulu Province, 2011-2015 (Thousand Rupiahs)",7,7,24358663255b
BENGKULU,,Jml Kab./Kota Total of Reg./Mun.,,2013,,2 2.092,,"PDRB Per Kapita Atas Dasar Harga Berlaku di Provinsi Bengkulu Menurut Kabupaten/Kota, 2011-2015 (Ribu Rupiah)","Per Capita GRDP at Current Market Prices by Regency/Municipality, in Bengkulu Province, 2011-2015 (Thousand Rupiahs)",7,7,1a3d1b57499a
BENGKULU,,Provinsi/Province,,2013,,2 2.358,,"PDRB Per Kapita Atas Dasar Harga Berlaku di Provinsi Bengkulu Menurut Kabupaten/Kota, 2011-2015 (Ribu Rupiah)","Per Capita GRDP at Current Market Prices by Regency/Municipality, in Bengkulu Province, 2011-2015 (Thousand Rupiahs)",7,7,d6bb657c6731
LAMPUNG,01,Kab. Lampung Barat,,2013,,1 4.453,,"PDRB Per Kapita Atas Dasar Harga Berlaku di Provinsi Lampung Menurut Kabupaten/Kota, 2011-2015 (Ribu Rupiah)","Per Capita GRDP at Current Market Prices by Regency/Municipality, in Lampung Province, 2011-2015 (Thousand Rupiahs)",8,8,8da973901bf0
LAMPUNG,13,Kab. Pesisir Barat,#),2013,,1 7.665,,"PDRB Per Kapita Atas Dasar Harga Berlaku di Provinsi Lampung Menurut Kabupaten/Kota, 2011-2015 (Ribu Rupiah)","Per Capita GRDP at Current Market Prices by Regency/Municipality, in Lampung Province, 2011-2015 (Thousand Rupiahs)",8,8,008bfb700281
LAMPUNG,02,Kab. Tanggamus,,2013,,1 6.133,,"PDRB Per Kapita Atas Dasar Harga Berlaku di Provinsi Lampung Menurut Kabupaten/Kota, 2011-2015 (Ribu Rupiah)","Per Capita GRDP at Current Market Prices by Regency/Municipality, in Lampung Province, 2011-2015 (Thousand Rupiahs)",8,8,3a3a95ea1b72
LAMPUNG,03,Kab. Lampung Selatan,,2013,,2 6.556,,"PDRB Per Kapita Atas Dasar Harga Berlaku di Provinsi Lampung Menurut Kabupaten/Kota, 2011-2015 (Ribu Rupiah)","Per Capita GRDP at Current Market Prices by Regency/Municipality, in Lampung Province, 2011-2015 (Thousand Rupiahs)",8,8,b6282a872395
LAMPUNG,04,Kab. Lampung Timur,,2013,,2 7.087,,"PDRB Per Kapita Atas Dasar Harga Berlaku di Provinsi Lampung Menurut Kabupaten/Kota, 2011-2015 (Ribu Rupiah)","Per Capita GRDP at Current Market Prices by Regency/Municipality, in Lampung Province, 2011-2015 (Thousand Rupiahs)",8,8,3c281e8c63b2
LAMPUNG,05,Kab. Lampung Tengah,,2013,,3 2.584,,"PDRB Per Kapita Atas Dasar Harga Berlaku di Provinsi Lampung Menurut Kabupaten/Kota, 2011-2015 (Ribu Rupiah)","Per Capita GRDP at Current Market Prices by Regency/Municipality, in Lampung Province, 2011-2015 (Thousand Rupiahs)",8,8,c47fa50f26ae
LAMPUNG,06,Kab. Lampung Utara,,2013,,2 2.769,,"PDRB Per Kapita Atas Dasar Harga Berlaku di Provinsi Lampung Menurut Kabupaten/Kota, 2011-2015 (Ribu Rupiah)","Per Capita GRDP at Current Market Prices by Regency/Municipality, in Lampung Province, 2011-2015 (Thousand Rupiahs)",8,8,c5cdeaaa812f
LAMPUNG,07,Kab. Way Kanan,,2013,,1 9.158,,"PDRB Per Kapita Atas Dasar Harga Berlaku di Provinsi Lampung Menurut Kabupaten/Kota, 2011-2015 (Ribu Rupiah)","Per Capita GRDP at Current Market Prices by Regency/Municipality, in Lampung Province, 2011-2015 (Thousand Rupiahs)",8,8,fc6efcd548e9
LAMPUNG,08,Kab. Tulang Bawang,,2013,,3 1.746,,"PDRB Per Kapita Atas Dasar Harga Berlaku di Provinsi Lampung Menurut Kabupaten/Kota, 2011-2015 (Ribu Rupiah)","Per Capita GRDP at Current Market Prices by Regency/Municipality, in Lampung Province, 2011-2015 (Thousand Rupiahs)",8,8,da6ad3c02e27
LAMPUNG,09,Kab. Pesawaran,,2013,,2 3.221,,"PDRB Per Kapita Atas Dasar Harga Berlaku di Provinsi Lampung Menurut Kabupaten/Kota, 2011-2015 (Ribu Rupiah)","Per Capita GRDP at Current Market Prices by Regency/Municipality, in Lampung Province, 2011-2015 (Thousand Rupiahs)",8,8,0bd85fd8baee
LAMPUNG,10,Kab. Pringsewu,,2013,,1 7.028,,"PDRB Per Kapita Atas Dasar Harga Berlaku di Provinsi Lampung Menurut Kabupaten/Kota, 2011-2015 (Ribu Rupiah)","Per Capita GRDP at Current Market Prices by Regency/Municipality, in Lampung Province, 2011-2015 (Thousand Rupiahs)",8,8,e122dc0ae942
LAMPUNG,11,Kab. Mesuji,,2013,,3 0.252,,"PDRB Per Kapita Atas Dasar Harga Berlaku di Provinsi Lampung Menurut Kabupaten/Kota, 2011-2015 (Ribu Rupiah)","Per Capita GRDP at Current Market Prices by Regency/Municipality, in Lampung Province, 2011-2015 (Thousand Rupiahs)",8,8,496452fca5c0
LAMPUNG,12,Kab. Tulang Bawang Barat,,2013,,2 5.564,,"PDRB Per Kapita Atas Dasar Harga Berlaku di Provinsi Lampung Menurut Kabupaten/Kota, 2011-2015 (Ribu Rupiah)","Per Capita GRDP at Current Market Prices by Regency/Municipality, in Lampung Province, 2011-2015 (Thousand Rupiahs)",8,8,1683f332c83c
LAMPUNG,71,Kota Bandar Lampung,,2013,,3 2.771,,"PDRB Per Kapita Atas Dasar Harga Berlaku di Provinsi Lampung Menurut Kabupaten/Kota, 2011-2015 (Ribu Rupiah)","Per Capita GRDP at Current Market Prices by Regency/Municipality, in Lampung Province, 2011-2015 (Thousand Rupiahs)",8,8,84f6b2596b07
LAMPUNG,72,Kota Metro,,2013,,2 3.014,,"PDRB Per Kapita Atas Dasar Harga Berlaku di Provinsi Lampung Menurut Kabupaten/Kota, 2011-2015 (Ribu Rupiah)","Per Capita GRDP at Current Market Prices by Regency/Municipality, in Lampung Province, 2011-2015 (Thousand Rupiahs)",8,8,295bcaf748ca
LAMPUNG,,Jml Kab./Kota Total of Reg./Mun.,,2013,,2 5.894,,"PDRB Per Kapita Atas Dasar Harga Berlaku di Provinsi Lampung Menurut Kabupaten/Kota, 2011-2015 (Ribu Rupiah)","Per Capita GRDP at Current Market Prices by Regency/Municipality, in Lampung Province, 2011-2015 (Thousand Rupiahs)",8,8,0d63c7d7551d
LAMPUNG,,Provinsi/Province,,2013,,2 5.769,,"PDRB Per Kapita Atas Dasar Harga Berlaku di Provinsi Lampung Menurut Kabupaten/Kota, 2011-2015 (Ribu Rupiah)","Per Capita GRDP at Current Market Prices by Regency/Municipality, in Lampung Province, 2011-2015 (Thousand Rupiahs)",8,8,3997614ffac6
KEPULAUAN BANGKA BELITUNG,01,Kab. Bangka,,2013,,3 0.669,,"PDRB Per Kapita Atas Dasar Harga Berlaku di Provinsi Kepulauan Bangka Belitung Menurut Kabupaten/Kota, 2011-2015 (Ribu Rupiah)","Per Capita GRDP at Current Market Prices by Regency/Municipality, in Kepulauan Bangka Belitung Province, 2011-2015 (Thousand Rupiahs)",9,9,dfb9b27888dc
KEPULAUAN BANGKA BELITUNG,02,Kab. Belitung,,2013,,3 5.801,,"PDRB Per Kapita Atas Dasar Harga Berlaku di Provinsi Kepulauan Bangka Belitung Menurut Kabupaten/Kota, 2011-2015 (Ribu Rupiah)","Per Capita GRDP at Current Market Prices by Regency/Municipality, in Kepulauan Bangka Belitung Province, 2011-2015 (Thousand Rupiahs)",9,9,b2c63f0fdba3
KEPULAUAN BANGKA BELITUNG,03,Kab. Bangka Barat,,2013,,5 0.663,,"PDRB Per Kapita Atas Dasar Harga Berlaku di Provinsi Kepulauan Bangka Belitung Menurut Kabupaten/Kota, 2011-2015 (Ribu Rupiah)","Per Capita GRDP at Current Market Prices by Regency/Municipality, in Kepulauan Bangka Belitung Province, 2011-2015 (Thousand Rupiahs)",9,9,e96906f81eef
KEPULAUAN BANGKA BELITUNG,04,Kab. Bangka Tengah,,2013,,3 5.756,,"PDRB Per Kapita Atas Dasar Harga Berlaku di Provinsi Kepulauan Bangka Belitung Menurut Kabupaten/Kota, 2011-2015 (Ribu Rupiah)","Per Capita GRDP at Current Market Prices by Regency/Municipality, in Kepulauan Bangka Belitung Province, 2011-2015 (Thousand Rupiahs)",9,9,84621de27d79
KEPULAUAN BANGKA BELITUNG,05,Kab. Bangka Selatan,,2013,,3 1.372,,"PDRB Per Kapita Atas Dasar Harga Berlaku di Provinsi Kepulauan Bangka Belitung Menurut Kabupaten/Kota, 2011-2015 (Ribu Rupiah)","Per Capita GRDP at Current Market Prices by Regency/Municipality, in Kepulauan Bangka Belitung Province, 2011-2015 (Thousand Rupiahs)",9,9,806192f61a9c
KEPULAUAN BANGKA BELITUNG,06,Kab. Belitung Timur,,2013,,4 4.403,,"PDRB Per Kapita Atas Dasar Harga Berlaku di Provinsi Kepulauan Bangka Belitung Menurut Kabupaten/Kota, 2011-2015 (Ribu Rupiah)","Per Capita GRDP at Current Market Prices by Regency/Municipality, in Kepulauan Bangka Belitung Province, 2011-2015 (Thousand Rupiahs)",9,9,1b94399c5395
KEPULAUAN BANGKA BELITUNG,71,Kota Pangkal Pinang,,2013,,4 4.780,,"PDRB Per Kapita Atas Dasar Harga Berlaku di Provinsi Kepulauan Bangka Belitung Menurut Kabupaten/Kota, 2011-2015 (Ribu Rupiah)","Per Capita GRDP at Current Market Prices by Regency/Municipality, in Kepulauan Bangka Belitung Province, 2011-2015 (Thousand Rupiahs)",9,9,8de19e80ad7d
KEPULAUAN BANGKA BELITUNG,,Jml Kab./Kota Total of Reg./Mun.,,2013,,3 8.167,,"PDRB Per Kapita Atas Dasar Harga Berlaku di Provinsi Kepulauan Bangka Belitung Menurut Kabupaten/Kota, 2011-2015 (Ribu Rupiah)","Per Capita GRDP at Current Market Prices by Regency/Municipality, in Kepulauan Bangka Belitung Province, 2011-2015 (Thousand Rupiahs)",9,9,eb1fdc6c2a54
KEPULAUAN BANGKA BELITUNG,,Provinsi/Province,,2013,,3 8.315,,"PDRB Per Kapita Atas Dasar Harga Berlaku di Provinsi Kepulauan Bangka Belitung Menurut Kabupaten/Kota, 2011-2015 (Ribu Rupiah)","Per Capita GRDP at Current Market Prices by Regency/Municipality, in Kepulauan Bangka Belitung Province, 2011-2015 (Thousand Rupiahs)",9,9,fb74438c95b2
KEPULAUAN RIAU,01,Kab. Karimun,,2013,,3 5.010,,"PDRB Per Kapita Atas Dasar Harga Berlaku di Provinsi Kepulauan Riau Menurut Kabupaten/Kota, 2011-2015 (Ribu Rupiah)","Per Capita GRDP at Current Market Prices by Regency/Municipality, in Kepulauan Riau Province, 2011-2015 (Thousand Rupiahs)",10,10,9ae1dd5fb5d8
KEPULAUAN RIAU,02,Kab. Bintan,,2013,,8 4.043,,"PDRB Per Kapita Atas Dasar Harga Berlaku di Provinsi Kepulauan Riau Menurut Kabupaten/Kota, 2011-2015 (Ribu Rupiah)","Per Capita GRDP at Current Market Prices by Regency/Municipality, in Kepulauan Riau Province, 2011-2015 (Thousand Rupiahs)",10,10,1df2fd12a4b5
KEPULAUAN RIAU,03,Kab. Natuna,,2013,,2 14.518,,"PDRB Per Kapita Atas Dasar Harga Berlaku di Provinsi Kepulauan Riau Menurut Kabupaten/Kota, 2011-2015 (Ribu Rupiah)","Per Capita GRDP at Current Market Prices by Regency/Municipality, in Kepulauan Riau Province, 2011-2015 (Thousand Rupiahs)",10,10,b05e35a8de51
KEPULAUAN RIAU,04,Kab. Lingga,,2013,,2 9.547,,"PDRB Per Kapita Atas Dasar Harga Berlaku di Provinsi Kepulauan Riau Menurut Kabupaten/Kota, 2011-2015 (Ribu Rupiah)","Per Capita GRDP at Current Market Prices by Regency/Municipality, in Kepulauan Riau Province, 2011-2015 (Thousand Rupiahs)",10,10,e7e8efb9006f
KEPULAUAN RIAU,05,Kab. Kep. Anambas,,2013,,3 55.475,,"PDRB Per Kapita Atas Dasar Harga Berlaku di Provinsi Kepulauan Riau Menurut Kabupaten/Kota, 2011-2015 (Ribu Rupiah)","Per Capita GRDP at Current Market Prices by Regency/Municipality, in Kepulauan Riau Province, 2011-2015 (Thousand Rupiahs)",10,10,496e0c01e959
KEPULAUAN RIAU,71,Kota Batam,,2013,,o 8 8.305,,"PDRB Per Kapita Atas Dasar Harga Berlaku di Provinsi Kepulauan Riau Menurut Kabupaten/Kota, 2011-2015 (Ribu Rupiah)","Per Capita GRDP at Current Market Prices by Regency/Municipality, in Kepulauan Riau Province, 2011-2015 (Thousand Rupiahs)",10,10,879aee04d433
KEPULAUAN RIAU,72,Kota Tanjung Pinang,,2013,,6 7.522,,"PDRB Per Kapita Atas Dasar Harga Berlaku di Provinsi Kepulauan Riau Menurut Kabupaten/Kota, 2011-2015 (Ribu Rupiah)","Per Capita GRDP at Current Market Prices by Regency/Municipality, in Kepulauan Riau Province, 2011-2015 (Thousand Rupiahs)",10,10,9262403fa09a
KEPULAUAN RIAU,,Jml Kab./Kota Total of Reg./Mun.,,2013,,8 7.236,,"PDRB Per Kapita Atas Dasar Harga Berlaku di Provinsi Kepulauan Riau Menurut Kabupaten/Kota, 2011-2015 (Ribu Rupiah)","Per Capita GRDP at Current Market Prices by Regency/Municipality, in Kepulauan Riau Province, 2011-2015 (Thousand Rupiahs)",10,10,83404ba02482
KEPULAUAN RIAU,,Provinsi/Province,,2013,,8 7.710,,"PDRB Per Kapita Atas Dasar Harga Berlaku di Provinsi Kepulauan Riau Menurut Kabupaten/Kota, 2011-2015 (Ribu Rupiah)","Per Capita GRDP at Current Market Prices by Regency/Municipality, in Kepulauan Riau Province, 2011-2015 (Thousand Rupiahs)",10,10,51454d5e7aca
ACEH,01,Kab. Simeulue,,2014,*),1 7.389,,"PDRB Per Kapita Atas Dasar Harga Berlaku di Provinsi Aceh Menurut Kabupaten/Kota, 2011-2015 (Ribu Rupiah)","Per Capita GRDP at Current Market Prices by Regency/Municipality, in Aceh Province, 2011-2015 (Thousand Rupiahs)",1,1,c2d27ad0c3d3
ACEH,02,Kab. Aceh Singkil,,2014,*),1 5.105,,"PDRB Per Kapita Atas Dasar Harga Berlaku di Provinsi Aceh Menurut Kabupaten/Kota, 2011-2015 (Ribu Rupiah)","Per Capita GRDP at Current Market Prices by Regency/Municipality, in Aceh Province, 2011-2015 (Thousand Rupiahs)",1,1,4dacac1c5ddb
ACEH,03,Kab. Aceh Selatan,,2014,*),1 7.840,,"PDRB Per Kapita Atas Dasar Harga Berlaku di Provinsi Aceh Menurut Kabupaten/Kota, 2011-2015 (Ribu Rupiah)","Per Capita GRDP at Current Market Prices by Regency/Municipality, in Aceh Province, 2011-2015 (Thousand Rupiahs)",1,1,1352bc81b955
ACEH,04,Kab. Aceh Tenggara,,2014,*),1 6.914,,"PDRB Per Kapita Atas Dasar Harga Berlaku di Provinsi Aceh Menurut Kabupaten/Kota, 2011-2015 (Ribu Rupiah)","Per Capita GRDP at Current Market Prices by Regency/Municipality, in Aceh Province, 2011-2015 (Thousand Rupiahs)",1,1,a4f710cc13c3
ACEH,05,Kab. Aceh Timur,,2014,*),2 2.053,,"PDRB Per Kapita Atas Dasar Harga Berlaku di Provinsi Aceh Menurut Kabupaten/Kota, 2011-2015 (Ribu Rupiah)","Per Capita GRDP at Current Market Prices by Regency/Municipality, in Aceh Province, 2011-2015 (Thousand Rupiahs)",1,1,da3713b07953
ACEH,06,Kab. Aceh Tengah,,2014,*),2 8.421,,"PDRB Per Kapita Atas Dasar Harga Berlaku di Provinsi Aceh Menurut Kabupaten/Kota, 2011-2015 (Ribu Rupiah)","Per Capita GRDP at Current Market Prices by Regency/Municipality, in Aceh Province, 2011-2015 (Thousand Rupiahs)",1,1,185cd630bca8
ACEH,07,Kab. Aceh Barat,,2014,*),2 8.818,,"PDRB Per Kapita Atas Dasar Harga Berlaku di Provinsi Aceh Menurut Kabupaten/Kota, 2011-2015 (Ribu Rupiah)","Per Capita GRDP at Current Market Prices by Regency/Municipality, in Aceh Province, 2011-2015 (Thousand Rupiahs)",1,1,613835e3bd2e
ACEH,08,Kab. Aceh Besar,,2014,*),2 5.169,,"PDRB Per Kapita Atas Dasar Harga Berlaku di Provinsi Aceh Menurut Kabupaten/Kota, 2011-2015 (Ribu Rupiah)","Per Capita GRDP at Current Market Prices by Regency/Municipality, in Aceh Province, 2011-2015 (Thousand Rupiahs)",1,1,804f6944fe58
ACEH,09,Kab. Pidie,,2014,*),1 7.885,,"PDRB Per Kapita Atas Dasar Harga Berlaku di Provinsi Aceh Menurut Kabupaten/Kota, 2011-2015 (Ribu Rupiah)","Per Capita GRDP at Current Market Prices by Regency/Municipality, in Aceh Province, 2011-2015 (Thousand Rupiahs)",1,1,1da9430fb297
ACEH,10,Kab. Bireun,,2014,*),2 2.195,,"PDRB Per Kapita Atas Dasar Harga Berlaku di Provinsi Aceh Menurut Kabupaten/Kota, 2011-2015 (Ribu Rupiah)","Per Capita GRDP at Current Market Prices by Regency/Municipality, in Aceh Province, 2011-2015 (Thousand Rupiahs)",1,1,9ce39464c21a
ACEH,11,Kab. Aceh Utara,,2014,*),3 4.954,,"PDRB Per Kapita Atas Dasar Harga Berlaku di Provinsi Aceh Menurut Kabupaten/Kota, 2011-2015 (Ribu Rupiah)","Per Capita GRDP at Current Market Prices by Regency/Municipality, in Aceh Province, 2011-2015 (Thousand Rupiahs)",1,1,51e7df4f37c3
ACEH,12,Kab. Aceh Barat Daya,,2014,*),2 0.020,,"PDRB Per Kapita Atas Dasar Harga Berlaku di Provinsi Aceh Menurut Kabupaten/Kota, 2011-2015 (Ribu Rupiah)","Per Capita GRDP at Current Market Prices by Regency/Municipality, in Aceh Province, 2011-2015 (Thousand Rupiahs)",1,1,0390e1478a58
ACEH,13,Kab. Gayo Lues,,2014,*),2 2.456,,"PDRB Per Kapita Atas Dasar Harga Berlaku di Provinsi Aceh Menurut Kabupaten/Kota, 2011-2015 (Ribu Rupiah)","Per Capita GRDP at Current Market Prices by Regency/Municipality, in Aceh Province, 2011-2015 (Thousand Rupiahs)",1,1,0cc3bcba81b5
ACEH,14,Kab. Aceh Tamiang,,2014,*),2 0.765,,"PDRB Per Kapita Atas Dasar Harga Berlaku di Provinsi Aceh Menurut Kabupaten/Kota, 2011-2015 (Ribu Rupiah)","Per Capita GRDP at Current Market Prices by Regency/Municipality, in Aceh Province, 2011-2015 (Thousand Rupiahs)",1,1,cbf8b9e6b4ad
ACEH,15,Kab. Nagan Raya,,2014,*),3 5.909,,"PDRB Per Kapita Atas Dasar Harga Berlaku di Provinsi Aceh Menurut Kabupaten/Kota, 2011-2015 (Ribu Rupiah)","Per Capita GRDP at Current Market Prices by Regency/Municipality, in Aceh Province, 2011-2015 (Thousand Rupiahs)",1,1,a755307eb469
ACEH,16,Kab. Aceh Jaya,,2014,*),2 1.385,,"PDRB Per Kapita Atas Dasar Harga Berlaku di Provinsi Aceh Menurut Kabupaten/Kota, 2011-2015 (Ribu Rupiah)","Per Capita GRDP at Current Market Prices by Regency/Municipality, in Aceh Province, 2011-2015 (Thousand Rupiahs)",1,1,1138dd1e007e
ACEH,17,Kab. Bener Meriah,,2014,*),2 4.767,,"PDRB Per Kapita Atas Dasar Harga Berlaku di Provinsi Aceh Menurut Kabupaten/Kota, 2011-2015 (Ribu Rupiah)","Per Capita GRDP at Current Market Prices by Regency/Municipality, in Aceh Province, 2011-2015 (Thousand Rupiahs)",1,1,fb3ae1950130
ACEH,18,Kab. Pidie Jaya,,2014,*),1 6.442,,"PDRB Per Kapita Atas Dasar Harga Berlaku di Provinsi Aceh Menurut Kabupaten/Kota, 2011-2015 (Ribu Rupiah)","Per Capita GRDP at Current Market Prices by Regency/Municipality, in Aceh Province, 2011-2015 (Thousand Rupiahs)",1,1,a5785915a31d
ACEH,71,Kota Banda Aceh,,2014,*),5 4.700,,"PDRB Per Kapita Atas Dasar Harga Berlaku di Provinsi Aceh Menurut Kabupaten/Kota, 2011-2015 (Ribu Rupiah)","Per Capita GRDP at Current Market Prices by Regency/Municipality, in Aceh Province, 2011-2015 (Thousand Rupiahs)",1,1,2f72da3c151a
ACEH,72,Kota Sabang,,2014,*),3 0.046,,"PDRB Per Kapita Atas Dasar Harga Berlaku di Provinsi Aceh Menurut Kabupaten/Kota, 2011-2015 (Ribu Rupiah)","Per Capita GRDP at Current Market Prices by Regency/Municipality, in Aceh Province, 2011-2015 (Thousand Rupiahs)",1,1,f58fd5f120ab
ACEH,73,Kota Langsa,,2014,*),2 1.975,,"PDRB Per Kapita Atas Dasar Harga Berlaku di Provinsi Aceh Menurut Kabupaten/Kota, 2011-2015 (Ribu Rupiah)","Per Capita GRDP at Current Market Prices by Regency/Municipality, in Aceh Province, 2011-2015 (Thousand Rupiahs)",1,1,6c1812fb8541
ACEH,74,Kota Lhokseumawe,,2014,*),5 0.319,,"PDRB Per Kapita Atas Dasar Harga Berlaku di Provinsi Aceh Menurut Kabupaten/Kota, 2011-2015 (Ribu Rupiah)","Per Capita GRDP at Current Market Prices by Regency/Municipality, in Aceh Province, 2011-2015 (Thousand Rupiahs)",1,1,2347c76e1372
ACEH,75,Kota Subulussalam,,2014,*),1 6.350,,"PDRB Per Kapita Atas Dasar Harga Berlaku di Provinsi Aceh Menurut Kabupaten/Kota, 2011-2015 (Ribu Rupiah)","Per Capita GRDP at Current Market Prices by Regency/Municipality, in Aceh Province, 2011-2015 (Thousand Rupiahs)",1,1,a96213ee767e
ACEH,,Jml Kab./Kota Total of Reg./Mun.,,2014,*),2 6.251,,"PDRB Per Kapita Atas Dasar Harga Berlaku di Provinsi Aceh Menurut Kabupaten/Kota, 2011-2015 (Ribu Rupiah)","Per Capita GRDP at Current Market Prices by Regency/Municipality, in Aceh Province, 2011-2015 (Thousand Rupiahs)",1,1,d3a8d7999bb1
ACEH,,Provinsi/Province,,2014,*),2 6.091,,"PDRB Per Kapita Atas Dasar Harga Berlaku di Provinsi Aceh Menurut Kabupaten/Kota, 2011-2015 (Ribu Rupiah)","Per Capita GRDP at Current Market Prices by Regency/Municipality, in Aceh Province, 2011-2015 (Thousand Rupiahs)",1,1,3b6216565088
SUMATERA UTARA,01,Kab. Nias,,2014,*),1 7.963,,"PDRB Per Kapita Atas Dasar Harga Berlaku di Provinsi Sumatera Utara Menurut Kabupaten/Kota, 2011-2015 (Ribu Rupiah)","Per Capita GRDP at Current Market Prices by Regency/Municipality, in Sumatera Utara Province, 2011-2015 (Thousand Rupiahs)",2,2,31928d13f826
SUMATERA UTARA,02,Kab. Mandailing Natal,,2014,*),2 0.542,,"PDRB Per Kapita Atas Dasar Harga Berlaku di Provinsi Sumatera Utara Menurut Kabupaten/Kota, 2011-2015 (Ribu Rupiah)","Per Capita GRDP at Current Market Prices by Regency/Municipality, in Sumatera Utara Province, 2011-2015 (Thousand Rupiahs)",2,2,fad633540976
SUMATERA UTARA,03,Kab. Tapanuli Selatan,,2014,*),3 4.080,,"PDRB Per Kapita Atas Dasar Harga Berlaku di Provinsi Sumatera Utara Menurut Kabupaten/Kota, 2011-2015 (Ribu Rupiah)","Per Capita GRDP at Current Market Prices by Regency/Municipality, in Sumatera Utara Province, 2011-2015 (Thousand Rupiahs)",2,2,622138f49221
SUMATERA UTARA,04,Kab. Tapanuli Tengah,,2014,*),1 9.004,,"PDRB Per Kapita Atas Dasar Harga Berlaku di Provinsi Sumatera Utara Menurut Kabupaten/Kota, 2011-2015 (Ribu Rupiah)","Per Capita GRDP at Current Market Prices by Regency/Municipality, in Sumatera Utara Province, 2011-2015 (Thousand Rupiahs)",2,2,cec9153ed485
SUMATERA UTARA,05,Kab. Tapanuli Utara,,2014,*),1 8.509,,"PDRB Per Kapita Atas Dasar Harga Berlaku di Provinsi Sumatera Utara Menurut Kabupaten/Kota, 2011-2015 (Ribu Rupiah)","Per Capita GRDP at Current Market Prices by Regency/Municipality, in Sumatera Utara Province, 2011-2015 (Thousand Rupiahs)",2,2,60ce646ce9ce
SUMATERA UTARA,06,Kab. Toba Samosir,,2014,*),2 8.990,,"PDRB Per Kapita Atas Dasar Harga Berlaku di Provinsi Sumatera Utara Menurut Kabupaten/Kota, 2011-2015 (Ribu Rupiah)","Per Capita GRDP at Current Market Prices by Regency/Municipality, in Sumatera Utara Province, 2011-2015 (Thousand Rupiahs)",2,2,13e2e4f8d2c5
SUMATERA UTARA,07,Kab. Labuhan Batu,,2014,*),4 8.890,,"PDRB Per Kapita Atas Dasar Harga Berlaku di Provinsi Sumatera Utara Menurut Kabupaten/Kota, 2011-2015 (Ribu Rupiah)","Per Capita GRDP at Current Market Prices by Regency/Municipality, in Sumatera Utara Province, 2011-2015 (Thousand Rupiahs)",2,2,0c5b812d3947
SUMATERA UTARA,08,Kab. Asahan,,2014,*),3 4.732,,"PDRB Per Kapita Atas Dasar Harga Berlaku di Provinsi Sumatera Utara Menurut Kabupaten/Kota, 2011-2015 (Ribu Rupiah)","Per Capita GRDP at Current Market Prices by Regency/Municipality, in Sumatera Utara Province, 2011-2015 (Thousand Rupiahs)",2,2,e3082940ea91
SUMATERA UTARA,09,Kab. Simalungun,,2014,*),3 0.021,,"PDRB Per Kapita Atas Dasar Harga Berlaku di Provinsi Sumatera Utara Menurut Kabupaten/Kota, 2011-2015 (Ribu Rupiah)","Per Capita GRDP at Current Market Prices by Regency/Municipality, in Sumatera Utara Province, 2011-2015 (Thousand Rupiahs)",2,2,bcf26c571739
SUMATERA UTARA,10,Kab. Dairi,,2014,*),2 2.582,,"PDRB Per Kapita Atas Dasar Harga Berlaku di Provinsi Sumatera Utara Menurut Kabupaten/Kota, 2011-2015 (Ribu Rupiah)","Per Capita GRDP at Current Market Prices by Regency/Municipality, in Sumatera Utara Province, 2011-2015 (Thousand Rupiahs)",2,2,566be2b2c93a
SUMATERA UTARA,11,Kab. Karo,,2014,*),3 6.112,,"PDRB Per Kapita Atas Dasar Harga Berlaku di Provinsi Sumatera Utara Menurut Kabupaten/Kota, 2011-2015 (Ribu Rupiah)","Per Capita GRDP at Current Market Prices by Regency/Municipality, in Sumatera Utara Province, 2011-2015 (Thousand Rupiahs)",2,2,78a688e14ed1
SUMATERA UTARA,12,Kab. Deli Serdang,,2014,*),3 5.072,,"PDRB Per Kapita Atas Dasar Harga Berlaku di Provinsi Sumatera Utara Menurut Kabupaten/Kota, 2011-2015 (Ribu Rupiah)","Per Capita GRDP at Current Market Prices by Regency/Municipality, in Sumatera Utara Province, 2011-2015 (Thousand Rupiahs)",2,2,b3e6223180fe
SUMATERA UTARA,13,Kab. Langkat,,2014,*),2 7.605,,"PDRB Per Kapita Atas Dasar Harga Berlaku di Provinsi Sumatera Utara Menurut Kabupaten/Kota, 2011-2015 (Ribu Rupiah)","Per Capita GRDP at Current Market Prices by Regency/Municipality, in Sumatera Utara Province, 2011-2015 (Thousand Rupiahs)",2,2,f8df880a6e00
SUMATERA UTARA,14,Kab. Nias Selatan,,2014,*),1 4.115,,"PDRB Per Kapita Atas Dasar Harga Berlaku di Provinsi Sumatera Utara Menurut Kabupaten/Kota, 2011-2015 (Ribu Rupiah)","Per Capita GRDP at Current Market Prices by Regency/Municipality, in Sumatera Utara Province, 2011-2015 (Thousand Rupiahs)",2,2,52b3d1c6ad90
SUMATERA UTARA,15,Kab. Humbang Hasundutan,,2014,*),2 2.444,,"PDRB Per Kapita Atas Dasar Harga Berlaku di Provinsi Sumatera Utara Menurut Kabupaten/Kota, 2011-2015 (Ribu Rupiah)","Per Capita GRDP at Current Market Prices by Regency/Municipality, in Sumatera Utara Province, 2011-2015 (Thousand Rupiahs)",2,2,9f64f4e456f6
SUMATERA UTARA,16,Kab. Pakpak Bharat,,2014,*),1 6.900,,"PDRB Per Kapita Atas Dasar Harga Berlaku di Provinsi Sumatera Utara Menurut Kabupaten/Kota, 2011-2015 (Ribu Rupiah)","Per Capita GRDP at Current Market Prices by Regency/Municipality, in Sumatera Utara Province, 2011-2015 (Thousand Rupiahs)",2,2,725a6759401a
SUMATERA UTARA,17,Kab. Samosir,,2014,*),2 2.940,,"PDRB Per Kapita Atas Dasar Harga Berlaku di Provinsi Sumatera Utara Menurut Kabupaten/Kota, 2011-2015 (Ribu Rupiah)","Per Capita GRDP at Current Market Prices by Regency/Municipality, in Sumatera Utara Province, 2011-2015 (Thousand Rupiahs)",2,2,e73f16fe0a12
SUMATERA UTARA,18,Kab. Serdang Bedagai,,2014,*),3 0.439,,"PDRB Per Kapita Atas Dasar Harga Berlaku di Provinsi Sumatera Utara Menurut Kabupaten/Kota, 2011-2015 (Ribu Rupiah)","Per Capita GRDP at Current Market Prices by Regency/Municipality, in Sumatera Utara Province, 2011-2015 (Thousand Rupiahs)",2,2,cd7b47da05f0
SUMATERA UTARA,19,Kab. Batu Bara,,2014,*),5 9.114,,"PDRB Per Kapita Atas Dasar Harga Berlaku di Provinsi Sumatera Utara Menurut Kabupaten/Kota, 2011-2015 (Ribu Rupiah)","Per Capita GRDP at Current Market Prices by Regency/Municipality, in Sumatera Utara Province, 2011-2015 (Thousand Rupiahs)",2,2,6b1fcb3487ad
SUMATERA UTARA,20,Kab. Padang Lawas Utara,,2014,*),3 0.237,,"PDRB Per Kapita Atas Dasar Harga Berlaku di Provinsi Sumatera Utara Menurut Kabupaten/Kota, 2011-2015 (Ribu Rupiah)","Per Capita GRDP at Current Market Prices by Regency/Municipality, in Sumatera Utara Province, 2011-2015 (Thousand Rupiahs)",2,2,e0d80d53b69f
SUMATERA UTARA,21,Kab. Padang Lawas,,2014,*),2 8.929,,"PDRB Per Kapita Atas Dasar Harga Berlaku di Provinsi Sumatera Utara Menurut Kabupaten/Kota, 2011-2015 (Ribu Rupiah)","Per Capita GRDP at Current Market Prices by Regency/Municipality, in Sumatera Utara Province, 2011-2015 (Thousand Rupiahs)",2,2,91cff35cd630
SUMATERA UTARA,22,Kab. Labuhan Batu Selatan,,2014,*),5 7.299,,"PDRB Per Kapita Atas Dasar Harga Berlaku di Provinsi Sumatera Utara Menurut Kabupaten/Kota, 2011-2015 (Ribu Rupiah)","Per Capita GRDP at Current Market Prices by Regency/Municipality, in Sumatera Utara Province, 2011-2015 (Thousand Rupiahs)",2,2,ffd623fdd380
SUMATERA UTARA,23,Kab. Labuhan Batu Utara,,2014,*),4 6.802,,"PDRB Per Kapita Atas Dasar Harga Berlaku di Provinsi Sumatera Utara Menurut Kabupaten/Kota, 2011-2015 (Ribu Rupiah)","Per Capita GRDP at Current Market Prices by Regency/Municipality, in Sumatera Utara Province, 2011-2015 (Thousand Rupiahs)",2,2,e6d9cf4b9178
SUMATERA UTARA,24,Kab. Nias Utara,,2014,*),1 7.354,,"PDRB Per Kapita Atas Dasar Harga Berlaku di Provinsi Sumatera Utara Menurut Kabupaten/Kota, 2011-2015 (Ribu Rupiah)","Per Capita GRDP at Current Market Prices by Regency/Municipality, in Sumatera Utara Province, 2011-2015 (Thousand Rupiahs)",2,2,403232607948
SUMATERA UTARA,25,Kab. Nias Barat,,2014,*),1 3.995,,"PDRB Per Kapita Atas Dasar Harga Berlaku di Provinsi Sumatera Utara Menurut Kabupaten/Kota, 2011-2015 (Ribu Rupiah)","Per Capita GRDP at Current Market Prices by Regency/Municipality, in Sumatera Utara Province, 2011-2015 (Thousand Rupiahs)",2,2,80c8cc3062b9
SUMATERA UTARA,71,Kota Sibolga,,2014,*),3 9.766,,"PDRB Per Kapita Atas Dasar Harga Berlaku di Provinsi Sumatera Utara Menurut Kabupaten/Kota, 2011-2015 (Ribu Rupiah)","Per Capita GRDP at Current Market Prices by Regency/Municipality, in Sumatera Utara Province, 2011-2015 (Thousand Rupiahs)",2,2,21646fdc3ec2
SUMATERA UTARA,72,Kota Tanjung Balai,,2014,*),3 2.950,,"PDRB Per Kapita Atas Dasar Harga Berlaku di Provinsi Sumatera Utara Menurut Kabupaten/Kota, 2011-2015 (Ribu Rupiah)","Per Capita GRDP at Current Market Prices by Regency/Municipality, in Sumatera Utara Province, 2011-2015 (Thousand Rupiahs)",2,2,18afd7a1f669
SUMATERA UTARA,73,Kota Pematang Siantar,,2014,*),3 8.984,,"PDRB Per Kapita Atas Dasar Harga Berlaku di Provinsi Sumatera Utara Menurut Kabupaten/Kota, 2011-2015 (Ribu Rupiah)","Per Capita GRDP at Current Market Prices by Regency/Municipality, in Sumatera Utara Province, 2011-2015 (Thousand Rupiahs)",2,2,a64c8e859b09
SUMATERA UTARA,74,Kota Tebing Tinggi,,2014,*),2 5.417,,"PDRB Per Kapita Atas Dasar Harga Berlaku di Provinsi Sumatera Utara Menurut Kabupaten/Kota, 2011-2015 (Ribu Rupiah)","Per Capita GRDP at Current Market Prices by Regency/Municipality, in Sumatera Utara Province, 2011-2015 (Thousand Rupiahs)",2,2,041771186d97
SUMATERA UTARA,75,Kota Medan,,2014,*),6 7.400,,"PDRB Per Kapita Atas Dasar Harga Berlaku di Provinsi Sumatera Utara Menurut Kabupaten/Kota, 2011-2015 (Ribu Rupiah)","Per Capita GRDP at Current Market Prices by Regency/Municipality, in Sumatera Utara Province, 2011-2015 (Thousand Rupiahs)",2,2,909bd56114fa
SUMATERA UTARA,76,Kota Binjai,,2014,*),2 9.230,,"PDRB Per Kapita Atas Dasar Harga Berlaku di Provinsi Sumatera Utara Menurut Kabupaten/Kota, 2011-2015 (Ribu Rupiah)","Per Capita GRDP at Current Market Prices by Regency/Municipality, in Sumatera Utara Province, 2011-2015 (Thousand Rupiahs)",2,2,ffd61abb1ad7
SUMATERA UTARA,77,Kota Padang Sidempuatn,,2014,*),1 9.359,,"PDRB Per Kapita Atas Dasar Harga Berlaku di Provinsi Sumatera Utara Menurut Kabupaten/Kota, 2011-2015 (Ribu Rupiah)","Per Capita GRDP at Current Market Prices by Regency/Municipality, in Sumatera Utara Province, 2011-2015 (Thousand Rupiahs)",2,2,412812398a3a
SUMATERA UTARA,78,Kota Gunungsitoli,,2014,*),2 3.920,,"PDRB Per Kapita Atas Dasar Harga Berlaku di Provinsi Sumatera Utara Menurut Kabupaten/Kota, 2011-2015 (Ribu Rupiah)","Per Capita GRDP at Current Market Prices by Regency/Municipality, in Sumatera Utara Province, 2011-2015 (Thousand Rupiahs)",2,2,ef8b21d978d0
SUMATERA UTARA,,Jml Kab./Kota Total of Reg./Mun.,,2014,*),3 7.603,,"PDRB Per Kapita Atas Dasar Harga Berlaku di Provinsi Sumatera Utara Menurut Kabupaten/Kota, 2011-2015 (Ribu Rupiah)","Per Capita GRDP at Current Market Prices by Regency/Municipality, in Sumatera Utara Province, 2011-2015 (Thousand Rupiahs)",2,2,6025a9f55558
SUMATERA UTARA,,Provinsi/Province,,2014,*),3 7.914,,"PDRB Per Kapita Atas Dasar Harga Berlaku di Provinsi Sumatera Utara Menurut Kabupaten/Kota, 2011-2015 (Ribu Rupiah)","Per Capita GRDP at Current Market Prices by Regency/Municipality, in Sumatera Utara Province, 2011-2015 (Thousand Rupiahs)",2,2,2604acf68c39
SUMATERA BARAT,01,Kab. Kepulauan Mentawai,,2014,*),3 6.082,,"PDRB Per Kapita Atas Dasar Harga Berlaku di Provinsi Sumatera Barat Menurut Kabupaten/Kota, 2011-2015 (Ribu Rupiah)","Per Capita GRDP at Current Market Prices by Regency/Municipality, in Sumatera Barat Province, 2011-2015 (Thousand Rupiahs)",3,3,16ab6bc620f9
SUMATERA BARAT,02,Kab. Pesisir Selatan,,2014,*),2 0.542,,"PDRB Per Kapita Atas Dasar Harga Berlaku di Provinsi Sumatera Barat Menurut Kabupaten/Kota, 2011-2015 (Ribu Rupiah)","Per Capita GRDP at Current Market Prices by Regency/Municipality, in Sumatera Barat Province, 2011-2015 (Thousand Rupiahs)",3,3,bd217af1fb07
SUMATERA BARAT,03,Kab. Solok,,2014,*),2 6.026,,"PDRB Per Kapita Atas Dasar Harga Berlaku di Provinsi Sumatera Barat Menurut Kabupaten/Kota, 2011-2015 (Ribu Rupiah)","Per Capita GRDP at Current Market Prices by Regency/Municipality, in Sumatera Barat Province, 2011-2015 (Thousand Rupiahs)",3,3,58e3d378b416
SUMATERA BARAT,04,Kab. Sijunjung,,2014,*),2 9.609,,"PDRB Per Kapita Atas Dasar Harga Berlaku di Provinsi Sumatera Barat Menurut Kabupaten/Kota, 2011-2015 (Ribu Rupiah)","Per Capita GRDP at Current Market Prices by Regency/Municipality, in Sumatera Barat Province, 2011-2015 (Thousand Rupiahs)",3,3,d7b94fb1922c
SUMATERA BARAT,05,Kab. Tanah Datar,,2014,*),2 6.631,,"PDRB Per Kapita Atas Dasar Harga Berlaku di Provinsi Sumatera Barat Menurut Kabupaten/Kota, 2011-2015 (Ribu Rupiah)","Per Capita GRDP at Current Market Prices by Regency/Municipality, in Sumatera Barat Province, 2011-2015 (Thousand Rupiahs)",3,3,e0c9c2b22197
SUMATERA BARAT,06,Kab. Padang Pariaman,,2014,*),3 5.072,,"PDRB Per Kapita Atas Dasar Harga Berlaku di Provinsi Sumatera Barat Menurut Kabupaten/Kota, 2011-2015 (Ribu Rupiah)","Per Capita GRDP at Current Market Prices by Regency/Municipality, in Sumatera Barat Province, 2011-2015 (Thousand Rupiahs)",3,3,74fd2555dc58
SUMATERA BARAT,07,Kab. Agam,,2014,*),2 9.425,,"PDRB Per Kapita Atas Dasar Harga Berlaku di Provinsi Sumatera Barat Menurut Kabupaten/Kota, 2011-2015 (Ribu Rupiah)","Per Capita GRDP at Current Market Prices by Regency/Municipality, in Sumatera Barat Province, 2011-2015 (Thousand Rupiahs)",3,3,55aa0e72fea8
SUMATERA BARAT,08,Kab. Lima Puluh Kota,,2014,*),2 8.954,,"PDRB Per Kapita Atas Dasar Harga Berlaku di Provinsi Sumatera Barat Menurut Kabupaten/Kota, 2011-2015 (Ribu Rupiah)","Per Capita GRDP at Current Market Prices by Regency/Municipality, in Sumatera Barat Province, 2011-2015 (Thousand Rupiahs)",3,3,ac614000eff3
SUMATERA BARAT,09,Kab. Pasaman,,2014,*),2 2.324,,"PDRB Per Kapita Atas Dasar Harga Berlaku di Provinsi Sumatera Barat Menurut Kabupaten/Kota, 2011-2015 (Ribu Rupiah)","Per Capita GRDP at Current Market Prices by Regency/Municipality, in Sumatera Barat Province, 2011-2015 (Thousand Rupiahs)",3,3,18d959b104e5
SUMATERA BARAT,10,Kab. Solok Selatan,,2014,*),2 4.786,,"PDRB Per Kapita Atas Dasar Harga Berlaku di Provinsi Sumatera Barat Menurut Kabupaten/Kota, 2011-2015 (Ribu Rupiah)","Per Capita GRDP at Current Market Prices by Regency/Municipality, in Sumatera Barat Province, 2011-2015 (Thousand Rupiahs)",3,3,44382cea9930
SUMATERA BARAT,11,Kab. Dharmasraya,,2014,*),3 3.073,,"PDRB Per Kapita Atas Dasar Harga Berlaku di Provinsi Sumatera Barat Menurut Kabupaten/Kota, 2011-2015 (Ribu Rupiah)","Per Capita GRDP at Current Market Prices by Regency/Municipality, in Sumatera Barat Province, 2011-2015 (Thousand Rupiahs)",3,3,1eedd07cef3f
SUMATERA BARAT,12,Kab. Pasaman Barat,,2014,*),2 6.843,,"PDRB Per Kapita Atas Dasar Harga Berlaku di Provinsi Sumatera Barat Menurut Kabupaten/Kota, 2011-2015 (Ribu Rupiah)","Per Capita GRDP at Current Market Prices by Regency/Municipality, in Sumatera Barat Province, 2011-2015 (Thousand Rupiahs)",3,3,2e7a94be7ba8
SUMATERA BARAT,71,Kota Padang,,2014,*),4 6.422,,"PDRB Per Kapita Atas Dasar Harga Berlaku di Provinsi Sumatera Barat Menurut Kabupaten/Kota, 2011-2015 (Ribu Rupiah)","Per Capita GRDP at Current Market Prices by Regency/Municipality, in Sumatera Barat Province, 2011-2015 (Thousand Rupiahs)",3,3,f43659485452
SUMATERA BARAT,72,Kota Solok,,2014,*),4 2.137,,"PDRB Per Kapita Atas Dasar Harga Berlaku di Provinsi Sumatera Barat Menurut Kabupaten/Kota, 2011-2015 (Ribu Rupiah)","Per Capita GRDP at Current Market Prices by Regency/Municipality, in Sumatera Barat Province, 2011-2015 (Thousand Rupiahs)",3,3,3d795c7e7554
SUMATERA BARAT,73,Kota Sawah Lunto,,2014,*),4 2.664,,"PDRB Per Kapita Atas Dasar Harga Berlaku di Provinsi Sumatera Barat Menurut Kabupaten/Kota, 2011-2015 (Ribu Rupiah)","Per Capita GRDP at Current Market Prices by Regency/Municipality, in Sumatera Barat Province, 2011-2015 (Thousand Rupiahs)",3,3,5b2e94ac60de
SUMATERA BARAT,74,Kota Padang Panjang,,2014,*),4 6.758,,"PDRB Per Kapita Atas Dasar Harga Berlaku di Provinsi Sumatera Barat Menurut Kabupaten/Kota, 2011-2015 (Ribu Rupiah)","Per Capita GRDP at Current Market Prices by Regency/Municipality, in Sumatera Barat Province, 2011-2015 (Thousand Rupiahs)",3,3,ddad576ac8ad
SUMATERA BARAT,75,Kota Bukittinggi,,2014,*),4 6.709,,"PDRB Per Kapita Atas Dasar Harga Berlaku di Provinsi Sumatera Barat Menurut Kabupaten/Kota, 2011-2015 (Ribu Rupiah)","Per Capita GRDP at Current Market Prices by Regency/Municipality, in Sumatera Barat Province, 2011-2015 (Thousand Rupiahs)",3,3,45c73a29272f
SUMATERA BARAT,76,Kota Payakumbuh,,2014,*),3 3.258,,"PDRB Per Kapita Atas Dasar Harga Berlaku di Provinsi Sumatera Barat Menurut Kabupaten/Kota, 2011-2015 (Ribu Rupiah)","Per Capita GRDP at Current Market Prices by Regency/Municipality, in Sumatera Barat Province, 2011-2015 (Thousand Rupiahs)",3,3,2243e3b4e66a
SUMATERA BARAT,77,Kota Pariaman,,2014,*),4 0.752,,"PDRB Per Kapita Atas Dasar Harga Berlaku di Provinsi Sumatera Barat Menurut Kabupaten/Kota, 2011-2015 (Ribu Rupiah)","Per Capita GRDP at Current Market Prices by Regency/Municipality, in Sumatera Barat Province, 2011-2015 (Thousand Rupiahs)",3,3,c14209d5e4bd
SUMATERA BARAT,,Jml Kab./Kota Total of Reg./Mun.,,2014,*),3 2.308,,"PDRB Per Kapita Atas Dasar Harga Berlaku di Provinsi Sumatera Barat Menurut Kabupaten/Kota, 2011-2015 (Ribu Rupiah)","Per Capita GRDP at Current Market Prices by Regency/Municipality, in Sumatera Barat Province, 2011-2015 (Thousand Rupiahs)",3,3,fa9834f88a1c
SUMATERA BARAT,,Provinsi/Province,,2014,*),3 2.132,,"PDRB Per Kapita Atas Dasar Harga Berlaku di Provinsi Sumatera Barat Menurut Kabupaten/Kota, 2011-2015 (Ribu Rupiah)","Per Capita GRDP at Current Market Prices by Regency/Municipality, in Sumatera Barat Province, 2011-2015 (Thousand Rupiahs)",3,3,ff6590b04d5d
RIAU,01,Kab. Kuantan Singingi,,2014,*),7 7.330,,"PDRB Per Kapita Atas Dasar Harga Berlaku di Provinsi Riau Menurut Kabupaten/Kota, 2011-2015 (Ribu Rupiah)","Per Capita GRDP at Current Market Prices by Regency/Municipality, in Riau Province, 2011-2015 (Thousand Rupiahs)",4,4,d679881f9a6f
RIAU,02,Kab.indragiri Hulu,,2014,*),8 4.218,,"PDRB Per Kapita Atas Dasar Harga Berlaku di Provinsi Riau Menurut Kabupaten/Kota, 2011-2015 (Ribu Rupiah)","Per Capita GRDP at Current Market Prices by Regency/Municipality, in Riau Province, 2011-2015 (Thousand Rupiahs)",4,4,8cc1f0f86649
RIAU,03,Kab.indragiri Hilir,,2014,*),6 8.846,,"PDRB Per Kapita Atas Dasar Harga Berlaku di Provinsi Riau Menurut Kabupaten/Kota, 2011-2015 (Ribu Rupiah)","Per Capita GRDP at Current Market Prices by Regency/Municipality, in Riau Province, 2011-2015 (Thousand Rupiahs)",4,4,c642e47b606b
RIAU,04,Kab. Pelalawan,,2014,*),9 4.582,,"PDRB Per Kapita Atas Dasar Harga Berlaku di Provinsi Riau Menurut Kabupaten/Kota, 2011-2015 (Ribu Rupiah)","Per Capita GRDP at Current Market Prices by Regency/Municipality, in Riau Province, 2011-2015 (Thousand Rupiahs)",4,4,9d90b924aaf4
RIAU,05,Kab. Siak,,2014,*),2 00.317,,"PDRB Per Kapita Atas Dasar Harga Berlaku di Provinsi Riau Menurut Kabupaten/Kota, 2011-2015 (Ribu Rupiah)","Per Capita GRDP at Current Market Prices by Regency/Municipality, in Riau Province, 2011-2015 (Thousand Rupiahs)",4,4,ed256ca79d6a
RIAU,06,Kab. Kampar,,2014,*),8 9.006,,"PDRB Per Kapita Atas Dasar Harga Berlaku di Provinsi Riau Menurut Kabupaten/Kota, 2011-2015 (Ribu Rupiah)","Per Capita GRDP at Current Market Prices by Regency/Municipality, in Riau Province, 2011-2015 (Thousand Rupiahs)",4,4,18d3a2d5af38
RIAU,07,Kab. Rokan Hulu,,2014,*),4 4.331,,"PDRB Per Kapita Atas Dasar Harga Berlaku di Provinsi Riau Menurut Kabupaten/Kota, 2011-2015 (Ribu Rupiah)","Per Capita GRDP at Current Market Prices by Regency/Municipality, in Riau Province, 2011-2015 (Thousand Rupiahs)",4,4,44004e9336c6
RIAU,08,Kab. Bengkalis,,2014,*),3 09.433,,"PDRB Per Kapita Atas Dasar Harga Berlaku di Provinsi Riau Menurut Kabupaten/Kota, 2011-2015 (Ribu Rupiah)","Per Capita GRDP at Current Market Prices by Regency/Municipality, in Riau Province, 2011-2015 (Thousand Rupiahs)",4,4,333b04bf0f42
RIAU,09,Kab. Rokan Hilir,,2014,*),1 19.615,,"PDRB Per Kapita Atas Dasar Harga Berlaku di Provinsi Riau Menurut Kabupaten/Kota, 2011-2015 (Ribu Rupiah)","Per Capita GRDP at Current Market Prices by Regency/Municipality, in Riau Province, 2011-2015 (Thousand Rupiahs)",4,4,e3f2098a2bc3
RIAU,10,Kab. Kepulauan Meranti,,2014,*),8 4.087,,"PDRB Per Kapita Atas Dasar Harga Berlaku di Provinsi Riau Menurut Kabupaten/Kota, 2011-2015 (Ribu Rupiah)","Per Capita GRDP at Current Market Prices by Regency/Municipality, in Riau Province, 2011-2015 (Thousand Rupiahs)",4,4,36b9e435da1a
RIAU,71,Kota Pekan Baru,,2014,*),7 3.393,,"PDRB Per Kapita Atas Dasar Harga Berlaku di Provinsi Riau Menurut Kabupaten/Kota, 2011-2015 (Ribu Rupiah)","Per Capita GRDP at Current Market Prices by Regency/Municipality, in Riau Province, 2011-2015 (Thousand Rupiahs)",4,4,786860bf3e71
RIAU,73,Kota Dumai,,2014,*),8 4.849,,"PDRB Per Kapita Atas Dasar Harga Berlaku di Provinsi Riau Menurut Kabupaten/Kota, 2011-2015 (Ribu Rupiah)","Per Capita GRDP at Current Market Prices by Regency/Municipality, in Riau Province, 2011-2015 (Thousand Rupiahs)",4,4,6d1b057535df
RIAU,,Jml Kab./Kota Total of Reg./Mun.,,2014,*),1 09.106,,"PDRB Per Kapita Atas Dasar Harga Berlaku di Provinsi Riau Menurut Kabupaten/Kota, 2011-2015 (Ribu Rupiah)","Per Capita GRDP at Current Market Prices by Regency/Municipality, in Riau Province, 2011-2015 (Thousand Rupiahs)",4,4,2ad0294601e3
RIAU,,Provinsi/Province,,2014,*),1 09.783,,"PDRB Per Kapita Atas Dasar Harga Berlaku di Provinsi Riau Menurut Kabupaten/Kota, 2011-2015 (Ribu Rupiah)","Per Capita GRDP at Current Market Prices by Regency/Municipality, in Riau Province, 2011-2015 (Thousand Rupiahs)",4,4,9b432135e1d2
JAMBI,01,Kab. Kerinci,,2014,*),2 6.665,,"PDRB Per Kapita Atas Dasar Harga Berlaku di Provinsi Jambi Menurut Kabupaten/Kota, 2011-2015 (Ribu Rupiah)","Per Capita GRDP at Current Market Prices by Regency/Municipality, in Jambi Province, 2011-2015 (Thousand Rupiahs)",5,5,c8fb65497bbc
JAMBI,02,Kab. Merangin,,2014,*),2 6.332,,"PDRB Per Kapita Atas Dasar Harga Berlaku di Provinsi Jambi Menurut Kabupaten/Kota, 2011-2015 (Ribu Rupiah)","Per Capita GRDP at Current Market Prices by Regency/Municipality, in Jambi Province, 2011-2015 (Thousand Rupiahs)",5,5,a0b81e409df1
JAMBI,03,Kab. Sarolangun,,2014,*),3 8.168,,"PDRB Per Kapita Atas Dasar Harga Berlaku di Provinsi Jambi Menurut Kabupaten/Kota, 2011-2015 (Ribu Rupiah)","Per Capita GRDP at Current Market Prices by Regency/Municipality, in Jambi Province, 2011-2015 (Thousand Rupiahs)",5,5,f00054a385fe
JAMBI,04,Kab. Batanghari,,2014,*),4 2.694,,"PDRB Per Kapita Atas Dasar Harga Berlaku di Provinsi Jambi Menurut Kabupaten/Kota, 2011-2015 (Ribu Rupiah)","Per Capita GRDP at Current Market Prices by Regency/Municipality, in Jambi Province, 2011-2015 (Thousand Rupiahs)",5,5,af9fa5f83764
JAMBI,05,Kab. Muaro Jambi,,2014,*),3 9.617,,"PDRB Per Kapita Atas Dasar Harga Berlaku di Provinsi Jambi Menurut Kabupaten/Kota, 2011-2015 (Ribu Rupiah)","Per Capita GRDP at Current Market Prices by Regency/Municipality, in Jambi Province, 2011-2015 (Thousand Rupiahs)",5,5,c154cdd60ca6
JAMBI,06,Kab. Tanjung Jabung Timur,,2014,*),8 8.546,,"PDRB Per Kapita Atas Dasar Harga Berlaku di Provinsi Jambi Menurut Kabupaten/Kota, 2011-2015 (Ribu Rupiah)","Per Capita GRDP at Current Market Prices by Regency/Municipality, in Jambi Province, 2011-2015 (Thousand Rupiahs)",5,5,d9292b30aadd
JAMBI,07,Kab. Tanjung Jabung Barat,,2014,*),9 5.396,,"PDRB Per Kapita Atas Dasar Harga Berlaku di Provinsi Jambi Menurut Kabupaten/Kota, 2011-2015 (Ribu Rupiah)","Per Capita GRDP at Current Market Prices by Regency/Municipality, in Jambi Province, 2011-2015 (Thousand Rupiahs)",5,5,77be1451ba04
JAMBI,08,Kab. Tebo,,2014,*),2 8.430,,"PDRB Per Kapita Atas Dasar Harga Berlaku di Provinsi Jambi Menurut Kabupaten/Kota, 2011-2015 (Ribu Rupiah)","Per Capita GRDP at Current Market Prices by Regency/Municipality, in Jambi Province, 2011-2015 (Thousand Rupiahs)",5,5,aa4bff5f35c4
JAMBI,09,Kab. Bungo,,2014,*),3 5.110,,"PDRB Per Kapita Atas Dasar Harga Berlaku di Provinsi Jambi Menurut Kabupaten/Kota, 2011-2015 (Ribu Rupiah)","Per Capita GRDP at Current Market Prices by Regency/Municipality, in Jambi Province, 2011-2015 (Thousand Rupiahs)",5,5,b0d379339d26
JAMBI,71,Kota Jambi,,2014,*),3 3.405,,"PDRB Per Kapita Atas Dasar Harga Berlaku di Provinsi Jambi Menurut Kabupaten/Kota, 2011-2015 (Ribu Rupiah)","Per Capita GRDP at Current Market Prices by Regency/Municipality, in Jambi Province, 2011-2015 (Thousand Rupiahs)",5,5,2da74b40f653
JAMBI,72,Kota Sungai Penuh,,2014,*),5 0.040,,"PDRB Per Kapita Atas Dasar Harga Berlaku di Provinsi Jambi Menurut Kabupaten/Kota, 2011-2015 (Ribu Rupiah)","Per Capita GRDP at Current Market Prices by Regency/Municipality, in Jambi Province, 2011-2015 (Thousand Rupiahs)",5,5,64693bf1d6ac
JAMBI,,Jml Kab./Kota Total of Reg./Mun.,,2014,*),4 3.260,,"PDRB Per Kapita Atas Dasar Harga Berlaku di Provinsi Jambi Menurut Kabupaten/Kota, 2011-2015 (Ribu Rupiah)","Per Capita GRDP at Current Market Prices by Regency/Municipality, in Jambi Province, 2011-2015 (Thousand Rupiahs)",5,5,5beda53471a7
JAMBI,,Provinsi/Province,,2014,*),4 3.298,,"PDRB Per Kapita Atas Dasar Harga Berlaku di Provinsi Jambi Menurut Kabupaten/Kota, 2011-2015 (Ribu Rupiah)","Per Capita GRDP at Current Market Prices by Regency/Municipality, in Jambi Province, 2011-2015 (Thousand Rupiahs)",5,5,a9d21312d917
SUMATERA SELATAN,01,Kab. Ogan Komering Ulu,,2014,*),2 8.962,,"PDRB Per Kapita Atas Dasar Harga Berlaku di Provinsi Sumatera Selatan Menurut Kabupaten/Kota, 2011-2015 (Ribu Rupiah)","Per Capita GRDP at Current Market Prices by Regency/Municipality, in Sumatera Selatan Province, 2011-2015 (Thousand Rupiahs)",6,6,75edc1c63293
SUMATERA SELATAN,02,Kab. Ogan Komering Ilir,,2014,*),2 5.939,,"PDRB Per Kapita Atas Dasar Harga Berlaku di Provinsi Sumatera Selatan Menurut Kabupaten/Kota, 2011-2015 (Ribu Rupiah)","Per Capita GRDP at Current Market Prices by Regency/Municipality, in Sumatera Selatan Province, 2011-2015 (Thousand Rupiahs)",6,6,31217873c8a3
SUMATERA SELATAN,03,Kab. Muara Enim,,2014,*),6 3.362,,"PDRB Per Kapita Atas Dasar Harga Berlaku di Provinsi Sumatera Selatan Menurut Kabupaten/Kota, 2011-2015 (Ribu Rupiah)","Per Capita GRDP at Current Market Prices by Regency/Municipality, in Sumatera Selatan Province, 2011-2015 (Thousand Rupiahs)",6,6,9159d6818b81
SUMATERA SELATAN,12,Kab. Penukal Abab Lematang Ilir,#),2014,*),2 6.834,,"PDRB Per Kapita Atas Dasar Harga Berlaku di Provinsi Sumatera Selatan Menurut Kabupaten/Kota, 2011-2015 (Ribu Rupiah)","Per Capita GRDP at Current Market Prices by Regency/Municipality, in Sumatera Selatan Province, 2011-2015 (Thousand Rupiahs)",6,6,bbb4a45b092b
SUMATERA SELATAN,04,Kab. Lahat,,2014,*),3 4.002,,"PDRB Per Kapita Atas Dasar Harga Berlaku di Provinsi Sumatera Selatan Menurut Kabupaten/Kota, 2011-2015 (Ribu Rupiah)","Per Capita GRDP at Current Market Prices by Regency/Municipality, in Sumatera Selatan Province, 2011-2015 (Thousand Rupiahs)",6,6,222d6b0e7b7c
SUMATERA SELATAN,05,Kab. Musi Rawas,,2014,*),3 5.295,,"PDRB Per Kapita Atas Dasar Harga Berlaku di Provinsi Sumatera Selatan Menurut Kabupaten/Kota, 2011-2015 (Ribu Rupiah)","Per Capita GRDP at Current Market Prices by Regency/Municipality, in Sumatera Selatan Province, 2011-2015 (Thousand Rupiahs)",6,6,fa2d3f1ce918
SUMATERA SELATAN,13,Kab. Musi Rawas Utara,#),2014,*),3 2.043,,"PDRB Per Kapita Atas Dasar Harga Berlaku di Provinsi Sumatera Selatan Menurut Kabupaten/Kota, 2011-2015 (Ribu Rupiah)","Per Capita GRDP at Current Market Prices by Regency/Municipality, in Sumatera Selatan Province, 2011-2015 (Thousand Rupiahs)",6,6,657b1d541413
SUMATERA SELATAN,06,Kab. Musi Banyuasin,,2014,*),8 6.679,,"PDRB Per Kapita Atas Dasar Harga Berlaku di Provinsi Sumatera Selatan Menurut Kabupaten/Kota, 2011-2015 (Ribu Rupiah)","Per Capita GRDP at Current Market Prices by Regency/Municipality, in Sumatera Selatan Province, 2011-2015 (Thousand Rupiahs)",6,6,4f640d0bd2a7
SUMATERA SELATAN,07,Kab. Banyuasin,,2014,*),2 3.917,,"PDRB Per Kapita Atas Dasar Harga Berlaku di Provinsi Sumatera Selatan Menurut Kabupaten/Kota, 2011-2015 (Ribu Rupiah)","Per Capita GRDP at Current Market Prices by Regency/Municipality, in Sumatera Selatan Province, 2011-2015 (Thousand Rupiahs)",6,6,724c62b19e8a
SUMATERA SELATAN,08,Kab. Ogan Komering Ulu Selatan,,2014,*),1 7.105,,"PDRB Per Kapita Atas Dasar Harga Berlaku di Provinsi Sumatera Selatan Menurut Kabupaten/Kota, 2011-2015 (Ribu Rupiah)","Per Capita GRDP at Current Market Prices by Regency/Municipality, in Sumatera Selatan Province, 2011-2015 (Thousand Rupiahs)",6,6,6139e6a1479c
SUMATERA SELATAN,09,Kab. Ogan Komering Ulu Timur,,2014,*),1 5.166,,"PDRB Per Kapita Atas Dasar Harga Berlaku di Provinsi Sumatera Selatan Menurut Kabupaten/Kota, 2011-2015 (Ribu Rupiah)","Per Capita GRDP at Current Market Prices by Regency/Municipality, in Sumatera Selatan Province, 2011-2015 (Thousand Rupiahs)",6,6,284cace95bc0
SUMATERA SELATAN,10,Kab. Ogan Ilir,,2014,*),1 8.169,,"PDRB Per Kapita Atas Dasar Harga Berlaku di Provinsi Sumatera Selatan Menurut Kabupaten/Kota, 2011-2015 (Ribu Rupiah)","Per Capita GRDP at Current Market Prices by Regency/Municipality, in Sumatera Selatan Province, 2011-2015 (Thousand Rupiahs)",6,6,0e48e3bd0219
SUMATERA SELATAN,11,Kab. Empat Lawang,,2014,*),1 4.766,,"PDRB Per Kapita Atas Dasar Harga Berlaku di Provinsi Sumatera Selatan Menurut Kabupaten/Kota, 2011-2015 (Ribu Rupiah)","Per Capita GRDP at Current Market Prices by Regency/Municipality, in Sumatera Selatan Province, 2011-2015 (Thousand Rupiahs)",6,6,80f2236667b6
SUMATERA SELATAN,71,Kota Palembang,,2014,*),6 1.041,,"PDRB Per Kapita Atas Dasar Harga Berlaku di Provinsi Sumatera Selatan Menurut Kabupaten/Kota, 2011-2015 (Ribu Rupiah)","Per Capita GRDP at Current Market Prices by Regency/Municipality, in Sumatera Selatan Province, 2011-2015 (Thousand Rupiahs)",6,6,812f7955fbce
SUMATERA SELATAN,72,Kota Prabumulih,,2014,*),2 9.048,,"PDRB Per Kapita Atas Dasar Harga Berlaku di Provinsi Sumatera Selatan Menurut Kabupaten/Kota, 2011-2015 (Ribu Rupiah)","Per Capita GRDP at Current Market Prices by Regency/Municipality, in Sumatera Selatan Province, 2011-2015 (Thousand Rupiahs)",6,6,14b2af173afe
SUMATERA SELATAN,73,Kota Pagar Alam,,2014,*),1 6.099,,"PDRB Per Kapita Atas Dasar Harga Berlaku di Provinsi Sumatera Selatan Menurut Kabupaten/Kota, 2011-2015 (Ribu Rupiah)","Per Capita GRDP at Current Market Prices by Regency/Municipality, in Sumatera Selatan Province, 2011-2015 (Thousand Rupiahs)",6,6,850a516872d3
SUMATERA SELATAN,74,Kota Lubuk Linggau,,2014,*),1 9.389,,"PDRB Per Kapita Atas Dasar Harga Berlaku di Provinsi Sumatera Selatan Menurut Kabupaten/Kota, 2011-2015 (Ribu Rupiah)","Per Capita GRDP at Current Market Prices by Regency/Municipality, in Sumatera Selatan Province, 2011-2015 (Thousand Rupiahs)",6,6,15ac1424f8bc
SUMATERA SELATAN,,Jml Kab./Kota Total of Reg./Mun.,,2014,*),3 8.896,,"PDRB Per Kapita Atas Dasar Harga Berlaku di Provinsi Sumatera Selatan Menurut Kabupaten/Kota, 2011-2015 (Ribu Rupiah)","Per Capita GRDP at Current Market Prices by Regency/Municipality, in Sumatera Selatan Province, 2011-2015 (Thousand Rupiahs)",6,6,cc977961cde6
SUMATERA SELATAN,,Provinsi/Province,,2014,*),3 8.547,,"PDRB Per Kapita Atas Dasar Harga Berlaku di Provinsi Sumatera Selatan Menurut Kabupaten/Kota, 2011-2015 (Ribu Rupiah)","Per Capita GRDP at Current Market Prices by Regency/Municipality, in Sumatera Selatan Province, 2011-2015 (Thousand Rupiahs)",6,6,29b22a698c05
BENGKULU,01,Kab. Bengkulu Selatan,,2014,*),2 4.050,,"PDRB Per Kapita Atas Dasar Harga Berlaku di Provinsi Bengkulu Menurut Kabupaten/Kota, 2011-2015 (Ribu Rupiah)","Per Capita GRDP at Current Market Prices by Regency/Municipality, in Bengkulu Province, 2011-2015 (Thousand Rupiahs)",7,7,cb5b83060c8b
BENGKULU,02,Kab. Rejang Lebong,,2014,*),2 3.376,,"PDRB Per Kapita Atas Dasar Harga Berlaku di Provinsi Bengkulu Menurut Kabupaten/Kota, 2011-2015 (Ribu Rupiah)","Per Capita GRDP at Current Market Prices by Regency/Municipality, in Bengkulu Province, 2011-2015 (Thousand Rupiahs)",7,7,016e13f50d68
BENGKULU,03,Kab. Bengkulu Utara,,2014,*),1 8.297,,"PDRB Per Kapita Atas Dasar Harga Berlaku di Provinsi Bengkulu Menurut Kabupaten/Kota, 2011-2015 (Ribu Rupiah)","Per Capita GRDP at Current Market Prices by Regency/Municipality, in Bengkulu Province, 2011-2015 (Thousand Rupiahs)",7,7,239184a20e74
BENGKULU,04,Kab. Kaur,,2014,*),1 8.412,,"PDRB Per Kapita Atas Dasar Harga Berlaku di Provinsi Bengkulu Menurut Kabupaten/Kota, 2011-2015 (Ribu Rupiah)","Per Capita GRDP at Current Market Prices by Regency/Municipality, in Bengkulu Province, 2011-2015 (Thousand Rupiahs)",7,7,aa63b346719e
BENGKULU,05,Kab. Seluma,,2014,*),1 5.737,,"PDRB Per Kapita Atas Dasar Harga Berlaku di Provinsi Bengkulu Menurut Kabupaten/Kota, 2011-2015 (Ribu Rupiah)","Per Capita GRDP at Current Market Prices by Regency/Municipality, in Bengkulu Province, 2011-2015 (Thousand Rupiahs)",7,7,024625ca425d
BENGKULU,06,Kab. Mukomuko,,2014,*),1 8.688,,"PDRB Per Kapita Atas Dasar Harga Berlaku di Provinsi Bengkulu Menurut Kabupaten/Kota, 2011-2015 (Ribu Rupiah)","Per Capita GRDP at Current Market Prices by Regency/Municipality, in Bengkulu Province, 2011-2015 (Thousand Rupiahs)",7,7,9611eb5429ae
BENGKULU,07,Kab. Lebong,,2014,*),1 9.461,,"PDRB Per Kapita Atas Dasar Harga Berlaku di Provinsi Bengkulu Menurut Kabupaten/Kota, 2011-2015 (Ribu Rupiah)","Per Capita GRDP at Current Market Prices by Regency/Municipality, in Bengkulu Province, 2011-2015 (Thousand Rupiahs)",7,7,2b45ddcadd71
BENGKULU,08,Kab. Kepahiang,,2014,*),2 0.123,,"PDRB Per Kapita Atas Dasar Harga Berlaku di Provinsi Bengkulu Menurut Kabupaten/Kota, 2011-2015 (Ribu Rupiah)","Per Capita GRDP at Current Market Prices by Regency/Municipality, in Bengkulu Province, 2011-2015 (Thousand Rupiahs)",7,7,4d40b2c70fab
BENGKULU,09,Kab. Bengkulu Tengah,,2014,*),2 7.846,,"PDRB Per Kapita Atas Dasar Harga Berlaku di Provinsi Bengkulu Menurut Kabupaten/Kota, 2011-2015 (Ribu Rupiah)","Per Capita GRDP at Current Market Prices by Regency/Municipality, in Bengkulu Province, 2011-2015 (Thousand Rupiahs)",7,7,af8d409fee8b
BENGKULU,71,Kota Bengkulu,,2014,*),4 1.386,,"PDRB Per Kapita Atas Dasar Harga Berlaku di Provinsi Bengkulu Menurut Kabupaten/Kota, 2011-2015 (Ribu Rupiah)","Per Capita GRDP at Current Market Prices by Regency/Municipality, in Bengkulu Province, 2011-2015 (Thousand Rupiahs)",7,7,6a1c53771bd9
BENGKULU,,Jml Kab./Kota Total of Reg./Mun.,,2014,*),2 4.294,,"PDRB Per Kapita Atas Dasar Harga Berlaku di Provinsi Bengkulu Menurut Kabupaten/Kota, 2011-2015 (Ribu Rupiah)","Per Capita GRDP at Current Market Prices by Regency/Municipality, in Bengkulu Province, 2011-2015 (Thousand Rupiahs)",7,7,c51ebd736e8f
BENGKULU,,Provinsi/Province,,2014,*),2 4.606,,"PDRB Per Kapita Atas Dasar Harga Berlaku di Provinsi Bengkulu Menurut Kabupaten/Kota, 2011-2015 (Ribu Rupiah)","Per Capita GRDP at Current Market Prices by Regency/Municipality, in Bengkulu Province, 2011-2015 (Thousand Rupiahs)",7,7,e57b84fb9452
LAMPUNG,01,Kab. Lampung Barat,,2014,*),1 6.038,,"PDRB Per Kapita Atas Dasar Harga Berlaku di Provinsi Lampung Menurut Kabupaten/Kota, 2011-2015 (Ribu Rupiah)","Per Capita GRDP at Current Market Prices by Regency/Municipality, in Lampung Province, 2011-2015 (Thousand Rupiahs)",8,8,8f2c2a21d161
LAMPUNG,13,Kab. Pesisir Barat,#),2014,*),1 9.690,,"PDRB Per Kapita Atas Dasar Harga Berlaku di Provinsi Lampung Menurut Kabupaten/Kota, 2011-2015 (Ribu Rupiah)","Per Capita GRDP at Current Market Prices by Regency/Municipality, in Lampung Province, 2011-2015 (Thousand Rupiahs)",8,8,2faebf692e27
LAMPUNG,02,Kab. Tanggamus,,2014,*),1 7.986,,"PDRB Per Kapita Atas Dasar Harga Berlaku di Provinsi Lampung Menurut Kabupaten/Kota, 2011-2015 (Ribu Rupiah)","Per Capita GRDP at Current Market Prices by Regency/Municipality, in Lampung Province, 2011-2015 (Thousand Rupiahs)",8,8,7ae98edcd9af
LAMPUNG,03,Kab. Lampung Selatan,,2014,*),2 9.388,,"PDRB Per Kapita Atas Dasar Harga Berlaku di Provinsi Lampung Menurut Kabupaten/Kota, 2011-2015 (Ribu Rupiah)","Per Capita GRDP at Current Market Prices by Regency/Municipality, in Lampung Province, 2011-2015 (Thousand Rupiahs)",8,8,1ad452f16df0
LAMPUNG,04,Kab. Lampung Timur,,2014,*),2 9.573,,"PDRB Per Kapita Atas Dasar Harga Berlaku di Provinsi Lampung Menurut Kabupaten/Kota, 2011-2015 (Ribu Rupiah)","Per Capita GRDP at Current Market Prices by Regency/Municipality, in Lampung Province, 2011-2015 (Thousand Rupiahs)",8,8,fb89c996a3a6
LAMPUNG,05,Kab. Lampung Tengah,,2014,*),3 6.152,,"PDRB Per Kapita Atas Dasar Harga Berlaku di Provinsi Lampung Menurut Kabupaten/Kota, 2011-2015 (Ribu Rupiah)","Per Capita GRDP at Current Market Prices by Regency/Municipality, in Lampung Province, 2011-2015 (Thousand Rupiahs)",8,8,3e7883c1f0f8
LAMPUNG,06,Kab. Lampung Utara,,2014,*),2 5.554,,"PDRB Per Kapita Atas Dasar Harga Berlaku di Provinsi Lampung Menurut Kabupaten/Kota, 2011-2015 (Ribu Rupiah)","Per Capita GRDP at Current Market Prices by Regency/Municipality, in Lampung Province, 2011-2015 (Thousand Rupiahs)",8,8,15acb50668ab
LAMPUNG,07,Kab. Way Kanan,,2014,*),2 1.404,,"PDRB Per Kapita Atas Dasar Harga Berlaku di Provinsi Lampung Menurut Kabupaten/Kota, 2011-2015 (Ribu Rupiah)","Per Capita GRDP at Current Market Prices by Regency/Municipality, in Lampung Province, 2011-2015 (Thousand Rupiahs)",8,8,38cbec5467fb
LAMPUNG,08,Kab. Tulang Bawang,,2014,*),3 5.259,,"PDRB Per Kapita Atas Dasar Harga Berlaku di Provinsi Lampung Menurut Kabupaten/Kota, 2011-2015 (Ribu Rupiah)","Per Capita GRDP at Current Market Prices by Regency/Municipality, in Lampung Province, 2011-2015 (Thousand Rupiahs)",8,8,33c538e3b362
LAMPUNG,09,Kab. Pesawaran,,2014,*),2 5.733,,"PDRB Per Kapita Atas Dasar Harga Berlaku di Provinsi Lampung Menurut Kabupaten/Kota, 2011-2015 (Ribu Rupiah)","Per Capita GRDP at Current Market Prices by Regency/Municipality, in Lampung Province, 2011-2015 (Thousand Rupiahs)",8,8,5356c7c8e4a1
LAMPUNG,10,Kab. Pringsewu,,2014,*),1 9.212,,"PDRB Per Kapita Atas Dasar Harga Berlaku di Provinsi Lampung Menurut Kabupaten/Kota, 2011-2015 (Ribu Rupiah)","Per Capita GRDP at Current Market Prices by Regency/Municipality, in Lampung Province, 2011-2015 (Thousand Rupiahs)",8,8,0e20936b42b3
LAMPUNG,11,Kab. Mesuji,,2014,*),3 4.032,,"PDRB Per Kapita Atas Dasar Harga Berlaku di Provinsi Lampung Menurut Kabupaten/Kota, 2011-2015 (Ribu Rupiah)","Per Capita GRDP at Current Market Prices by Regency/Municipality, in Lampung Province, 2011-2015 (Thousand Rupiahs)",8,8,f87e15892db5
LAMPUNG,12,Kab. Tulang Bawang Barat,,2014,*),2 8.237,,"PDRB Per Kapita Atas Dasar Harga Berlaku di Provinsi Lampung Menurut Kabupaten/Kota, 2011-2015 (Ribu Rupiah)","Per Capita GRDP at Current Market Prices by Regency/Municipality, in Lampung Province, 2011-2015 (Thousand Rupiahs)",8,8,f683b9333d0e
LAMPUNG,71,Kota Bandar Lampung,,2014,*),3 6.780,,"PDRB Per Kapita Atas Dasar Harga Berlaku di Provinsi Lampung Menurut Kabupaten/Kota, 2011-2015 (Ribu Rupiah)","Per Capita GRDP at Current Market Prices by Regency/Municipality, in Lampung Province, 2011-2015 (Thousand Rupiahs)",8,8,4e3831dc97fc
LAMPUNG,72,Kota Metro,,2014,*),2 5.669,,"PDRB Per Kapita Atas Dasar Harga Berlaku di Provinsi Lampung Menurut Kabupaten/Kota, 2011-2015 (Ribu Rupiah)","Per Capita GRDP at Current Market Prices by Regency/Municipality, in Lampung Province, 2011-2015 (Thousand Rupiahs)",8,8,ff23d43d853a
LAMPUNG,,Jml Kab./Kota Total of Reg./Mun.,,2014,*),2 8.783,,"PDRB Per Kapita Atas Dasar Harga Berlaku di Provinsi Lampung Menurut Kabupaten/Kota, 2011-2015 (Ribu Rupiah)","Per Capita GRDP at Current Market Prices by Regency/Municipality, in Lampung Province, 2011-2015 (Thousand Rupiahs)",8,8,45858c0e8367
LAMPUNG,,Provinsi/Province,,2014,*),2 8.777,,"PDRB Per Kapita Atas Dasar Harga Berlaku di Provinsi Lampung Menurut Kabupaten/Kota, 2011-2015 (Ribu Rupiah)","Per Capita GRDP at Current Market Prices by Regency/Municipality, in Lampung Province, 2011-2015 (Thousand Rupiahs)",8,8,7fcf4b115592
KEPULAUAN BANGKA BELITUNG,01,Kab. Bangka,,2014,*),3 3.311,,"PDRB Per Kapita Atas Dasar Harga Berlaku di Provinsi Kepulauan Bangka Belitung Menurut Kabupaten/Kota, 2011-2015 (Ribu Rupiah)","Per Capita GRDP at Current Market Prices by Regency/Municipality, in Kepulauan Bangka Belitung Province, 2011-2015 (Thousand Rupiahs)",9,9,2face7849060
KEPULAUAN BANGKA BELITUNG,02,Kab. Belitung,,2014,*),3 9.327,,"PDRB Per Kapita Atas Dasar Harga Berlaku di Provinsi Kepulauan Bangka Belitung Menurut Kabupaten/Kota, 2011-2015 (Ribu Rupiah)","Per Capita GRDP at Current Market Prices by Regency/Municipality, in Kepulauan Bangka Belitung Province, 2011-2015 (Thousand Rupiahs)",9,9,26967b14ca87
KEPULAUAN BANGKA BELITUNG,03,Kab. Bangka Barat,,2014,*),5 5.466,,"PDRB Per Kapita Atas Dasar Harga Berlaku di Provinsi Kepulauan Bangka Belitung Menurut Kabupaten/Kota, 2011-2015 (Ribu Rupiah)","Per Capita GRDP at Current Market Prices by Regency/Municipality, in Kepulauan Bangka Belitung Province, 2011-2015 (Thousand Rupiahs)",9,9,8a15a6aa78f6
KEPULAUAN BANGKA BELITUNG,04,Kab. Bangka Tengah,,2014,*),3 7.752,,"PDRB Per Kapita Atas Dasar Harga Berlaku di Provinsi Kepulauan Bangka Belitung Menurut Kabupaten/Kota, 2011-2015 (Ribu Rupiah)","Per Capita GRDP at Current Market Prices by Regency/Municipality, in Kepulauan Bangka Belitung Province, 2011-2015 (Thousand Rupiahs)",9,9,650b5dfe408f
KEPULAUAN BANGKA BELITUNG,05,Kab. Bangka Selatan,,2014,*),3 3.949,,"PDRB Per Kapita Atas Dasar Harga Berlaku di Provinsi Kepulauan Bangka Belitung Menurut Kabupaten/Kota, 2011-2015 (Ribu Rupiah)","Per Capita GRDP at Current Market Prices by Regency/Municipality, in Kepulauan Bangka Belitung Province, 2011-2015 (Thousand Rupiahs)",9,9,9cda5d80e3e5
KEPULAUAN BANGKA BELITUNG,06,Kab. Belitung Timur,,2014,*),4 8.284,,"PDRB Per Kapita Atas Dasar Harga Berlaku di Provinsi Kepulauan Bangka Belitung Menurut Kabupaten/Kota, 2011-2015 (Ribu Rupiah)","Per Capita GRDP at Current Market Prices by Regency/Municipality, in Kepulauan Bangka Belitung Province, 2011-2015 (Thousand Rupiahs)",9,9,4a27040ab9e6
KEPULAUAN BANGKA BELITUNG,71,Kota Pangkal Pinang,,2014,*),4 8.750,,"PDRB Per Kapita Atas Dasar Harga Berlaku di Provinsi Kepulauan Bangka Belitung Menurut Kabupaten/Kota, 2011-2015 (Ribu Rupiah)","Per Capita GRDP at Current Market Prices by Regency/Municipality, in Kepulauan Bangka Belitung Province, 2011-2015 (Thousand Rupiahs)",9,9,8ec1e2dd419e
KEPULAUAN BANGKA BELITUNG,,Jml Kab./Kota Total of Reg./Mun.,,2014,*),4 1.434,,"PDRB Per Kapita Atas Dasar Harga Berlaku di Provinsi Kepulauan Bangka Belitung Menurut Kabupaten/Kota, 2011-2015 (Ribu Rupiah)","Per Capita GRDP at Current Market Prices by Regency/Municipality, in Kepulauan Bangka Belitung Province, 2011-2015 (Thousand Rupiahs)",9,9,8785d6d3f1c2
KEPULAUAN BANGKA BELITUNG,,Provinsi/Province,,2014,*),4 1.948,,"PDRB Per Kapita Atas Dasar Harga Berlaku di Provinsi Kepulauan Bangka Belitung Menurut Kabupaten/Kota, 2011-2015 (Ribu Rupiah)","Per Capita GRDP at Current Market Prices by Regency/Municipality, in Kepulauan Bangka Belitung Province, 2011-2015 (Thousand Rupiahs)",9,9,e1d5c03d070f
KEPULAUAN RIAU,01,Kab. Karimun,,2014,*),3 8.664,,"PDRB Per Kapita Atas Dasar Harga Berlaku di Provinsi Kepulauan Riau Menurut Kabupaten/Kota, 2011-2015 (Ribu Rupiah)","Per Capita GRDP at Current Market Prices by Regency/Municipality, in Kepulauan Riau Province, 2011-2015 (Thousand Rupiahs)",10,10,b88d1bb47a7f
KEPULAUAN RIAU,02,Kab. Bintan,,2014,*),9 3.038,,"PDRB Per Kapita Atas Dasar Harga Berlaku di Provinsi Kepulauan Riau Menurut Kabupaten/Kota, 2011-2015 (Ribu Rupiah)","Per Capita GRDP at Current Market Prices by Regency/Municipality, in Kepulauan Riau Province, 2011-2015 (Thousand Rupiahs)",10,10,0c4a1042f1d8
KEPULAUAN RIAU,03,Kab. Natuna,,2014,*),2 25.811,,"PDRB Per Kapita Atas Dasar Harga Berlaku di Provinsi Kepulauan Riau Menurut Kabupaten/Kota, 2011-2015 (Ribu Rupiah)","Per Capita GRDP at Current Market Prices by Regency/Municipality, in Kepulauan Riau Province, 2011-2015 (Thousand Rupiahs)",10,10,7d59a9d3f2bb
KEPULAUAN RIAU,04,Kab. Lingga,,2014,*),3 2.295,,"PDRB Per Kapita Atas Dasar Harga Berlaku di Provinsi Kepulauan Riau Menurut Kabupaten/Kota, 2011-2015 (Ribu Rupiah)","Per Capita GRDP at Current Market Prices by Regency/Municipality, in Kepulauan Riau Province, 2011-2015 (Thousand Rupiahs)",10,10,9aa42a602a98
KEPULAUAN RIAU,05,Kab. Kep. Anambas,,2014,*),3 72.230,,"PDRB Per Kapita Atas Dasar Harga Berlaku di Provinsi Kepulauan Riau Menurut Kabupaten/Kota, 2011-2015 (Ribu Rupiah)","Per Capita GRDP at Current Market Prices by Regency/Municipality, in Kepulauan Riau Province, 2011-2015 (Thousand Rupiahs)",10,10,b4c8f1bf8286
KEPULAUAN RIAU,71,Kota Batam,,2014,*),9 3.897,,"PDRB Per Kapita Atas Dasar Harga Berlaku di Provinsi Kepulauan Riau Menurut Kabupaten/Kota, 2011-2015 (Ribu Rupiah)","Per Capita GRDP at Current Market Prices by Regency/Municipality, in Kepulauan Riau Province, 2011-2015 (Thousand Rupiahs)",10,10,ed264c0ddaa0
KEPULAUAN RIAU,72,Kota Tanjung Pinang,,2014,*),7 3.578,,"PDRB Per Kapita Atas Dasar Harga Berlaku di Provinsi Kepulauan Riau Menurut Kabupaten/Kota, 2011-2015 (Ribu Rupiah)","Per Capita GRDP at Current Market Prices by Regency/Municipality, in Kepulauan Riau Province, 2011-2015 (Thousand Rupiahs)",10,10,aaec54860bc1
KEPULAUAN RIAU,,Jml Kab./Kota Total of Reg./Mun.,,2014,*),9 3.295,,"PDRB Per Kapita Atas Dasar Harga Berlaku di Provinsi Kepulauan Riau Menurut Kabupaten/Kota, 2011-2015 (Ribu Rupiah)","Per Capita GRDP at Current Market Prices by Regency/Municipality, in Kepulauan Riau Province, 2011-2015 (Thousand Rupiahs)",10,10,caa6cbcd7d6b
KEPULAUAN RIAU,,Provinsi/Province,,2014,*),9 4.732,,"PDRB Per Kapita Atas Dasar Harga Berlaku di Provinsi Kepulauan Riau Menurut Kabupaten/Kota, 2011-2015 (Ribu Rupiah)","Per Capita GRDP at Current Market Prices by Regency/Municipality, in Kepulauan Riau Province, 2011-2015 (Thousand Rupiahs)",10,10,b0d55fa7a059
ACEH,01,Kab. Simeulue,,2015,**),1 8.722,,"PDRB Per Kapita Atas Dasar Harga Berlaku di Provinsi Aceh Menurut Kabupaten/Kota, 2011-2015 (Ribu Rupiah)","Per Capita GRDP at Current Market Prices by Regency/Municipality, in Aceh Province, 2011-2015 (Thousand Rupiahs)",1,1,05d721533283
ACEH,02,Kab. Aceh Singkil,,2015,**),1 5.811,,"PDRB Per Kapita Atas Dasar Harga Berlaku di Provinsi Aceh Menurut Kabupaten/Kota, 2011-2015 (Ribu Rupiah)","Per Capita GRDP at Current Market Prices by Regency/Municipality, in Aceh Province, 2011-2015 (Thousand Rupiahs)",1,1,5c0cb5204960
ACEH,03,Kab. Aceh Selatan,,2015,**),1 8.924,,"PDRB Per Kapita Atas Dasar Harga Berlaku di Provinsi Aceh Menurut Kabupaten/Kota, 2011-2015 (Ribu Rupiah)","Per Capita GRDP at Current Market Prices by Regency/Municipality, in Aceh Province, 2011-2015 (Thousand Rupiahs)",1,1,6f08db35f004
ACEH,04,Kab. Aceh Tenggara,,2015,**),1 7.900,,"PDRB Per Kapita Atas Dasar Harga Berlaku di Provinsi Aceh Menurut Kabupaten/Kota, 2011-2015 (Ribu Rupiah)","Per Capita GRDP at Current Market Prices by Regency/Municipality, in Aceh Province, 2011-2015 (Thousand Rupiahs)",1,1,3129005fe802
ACEH,05,Kab. Aceh Timur,,2015,**),2 0.421,,"PDRB Per Kapita Atas Dasar Harga Berlaku di Provinsi Aceh Menurut Kabupaten/Kota, 2011-2015 (Ribu Rupiah)","Per Capita GRDP at Current Market Prices by Regency/Municipality, in Aceh Province, 2011-2015 (Thousand Rupiahs)",1,1,fbcf0000c58b
ACEH,06,Kab. Aceh Tengah,,2015,**),3 0.019,,"PDRB Per Kapita Atas Dasar Harga Berlaku di Provinsi Aceh Menurut Kabupaten/Kota, 2011-2015 (Ribu Rupiah)","Per Capita GRDP at Current Market Prices by Regency/Municipality, in Aceh Province, 2011-2015 (Thousand Rupiahs)",1,1,3ffd0124b287
ACEH,07,Kab. Aceh Barat,,2015,**),3 0.079,,"PDRB Per Kapita Atas Dasar Harga Berlaku di Provinsi Aceh Menurut Kabupaten/Kota, 2011-2015 (Ribu Rupiah)","Per Capita GRDP at Current Market Prices by Regency/Municipality, in Aceh Province, 2011-2015 (Thousand Rupiahs)",1,1,a63eb08c8042
ACEH,08,Kab. Aceh Besar,,2015,**),2 6.324,,"PDRB Per Kapita Atas Dasar Harga Berlaku di Provinsi Aceh Menurut Kabupaten/Kota, 2011-2015 (Ribu Rupiah)","Per Capita GRDP at Current Market Prices by Regency/Municipality, in Aceh Province, 2011-2015 (Thousand Rupiahs)",1,1,cc0e1651b6fa
ACEH,09,Kab. Pidie,,2015,**),1 9.074,,"PDRB Per Kapita Atas Dasar Harga Berlaku di Provinsi Aceh Menurut Kabupaten/Kota, 2011-2015 (Ribu Rupiah)","Per Capita GRDP at Current Market Prices by Regency/Municipality, in Aceh Province, 2011-2015 (Thousand Rupiahs)",1,1,da3c1763436b
ACEH,10,Kab. Bireun,,2015,**),2 3.066,,"PDRB Per Kapita Atas Dasar Harga Berlaku di Provinsi Aceh Menurut Kabupaten/Kota, 2011-2015 (Ribu Rupiah)","Per Capita GRDP at Current Market Prices by Regency/Municipality, in Aceh Province, 2011-2015 (Thousand Rupiahs)",1,1,616ad994860d
ACEH,11,Kab. Aceh Utara,,2015,**),2 8.060,,"PDRB Per Kapita Atas Dasar Harga Berlaku di Provinsi Aceh Menurut Kabupaten/Kota, 2011-2015 (Ribu Rupiah)","Per Capita GRDP at Current Market Prices by Regency/Municipality, in Aceh Province, 2011-2015 (Thousand Rupiahs)",1,1,3f925d544af8
ACEH,12,Kab. Aceh Barat Daya,,2015,**),2 1.105,,"PDRB Per Kapita Atas Dasar Harga Berlaku di Provinsi Aceh Menurut Kabupaten/Kota, 2011-2015 (Ribu Rupiah)","Per Capita GRDP at Current Market Prices by Regency/Municipality, in Aceh Province, 2011-2015 (Thousand Rupiahs)",1,1,aa86283be413
ACEH,13,Kab. Gayo Lues,,2015,**),2 3.687,,"PDRB Per Kapita Atas Dasar Harga Berlaku di Provinsi Aceh Menurut Kabupaten/Kota, 2011-2015 (Ribu Rupiah)","Per Capita GRDP at Current Market Prices by Regency/Municipality, in Aceh Province, 2011-2015 (Thousand Rupiahs)",1,1,d7a58f52c5aa
ACEH,14,Kab. Aceh Tamiang,,2015,**),2 0.661,,"PDRB Per Kapita Atas Dasar Harga Berlaku di Provinsi Aceh Menurut Kabupaten/Kota, 2011-2015 (Ribu Rupiah)","Per Capita GRDP at Current Market Prices by Regency/Municipality, in Aceh Province, 2011-2015 (Thousand Rupiahs)",1,1,8a40695e462a
ACEH,15,Kab. Nagan Raya,,2015,**),3 7.416,,"PDRB Per Kapita Atas Dasar Harga Berlaku di Provinsi Aceh Menurut Kabupaten/Kota, 2011-2015 (Ribu Rupiah)","Per Capita GRDP at Current Market Prices by Regency/Municipality, in Aceh Province, 2011-2015 (Thousand Rupiahs)",1,1,0b25cfe0c426
ACEH,16,Kab. Aceh Jaya,,2015,**),2 3.186,,"PDRB Per Kapita Atas Dasar Harga Berlaku di Provinsi Aceh Menurut Kabupaten/Kota, 2011-2015 (Ribu Rupiah)","Per Capita GRDP at Current Market Prices by Regency/Municipality, in Aceh Province, 2011-2015 (Thousand Rupiahs)",1,1,b6e68622a893
ACEH,17,Kab. Bener Meriah,,2015,**),2 6.092,,"PDRB Per Kapita Atas Dasar Harga Berlaku di Provinsi Aceh Menurut Kabupaten/Kota, 2011-2015 (Ribu Rupiah)","Per Capita GRDP at Current Market Prices by Regency/Municipality, in Aceh Province, 2011-2015 (Thousand Rupiahs)",1,1,08a93dfaa3fe
ACEH,18,Kab. Pidie Jaya,,2015,**),1 7.566,,"PDRB Per Kapita Atas Dasar Harga Berlaku di Provinsi Aceh Menurut Kabupaten/Kota, 2011-2015 (Ribu Rupiah)","Per Capita GRDP at Current Market Prices by Regency/Municipality, in Aceh Province, 2011-2015 (Thousand Rupiahs)",1,1,46b35aeba29e
ACEH,71,Kota Banda Aceh,,2015,**),5 8.896,,"PDRB Per Kapita Atas Dasar Harga Berlaku di Provinsi Aceh Menurut Kabupaten/Kota, 2011-2015 (Ribu Rupiah)","Per Capita GRDP at Current Market Prices by Regency/Municipality, in Aceh Province, 2011-2015 (Thousand Rupiahs)",1,1,a312eae16a9b
ACEH,72,Kota Sabang,,2015,**),3 1.818,,"PDRB Per Kapita Atas Dasar Harga Berlaku di Provinsi Aceh Menurut Kabupaten/Kota, 2011-2015 (Ribu Rupiah)","Per Capita GRDP at Current Market Prices by Regency/Municipality, in Aceh Province, 2011-2015 (Thousand Rupiahs)",1,1,ecf08340449b
ACEH,73,Kota Langsa,,2015,**),2 3.579,,"PDRB Per Kapita Atas Dasar Harga Berlaku di Provinsi Aceh Menurut Kabupaten/Kota, 2011-2015 (Ribu Rupiah)","Per Capita GRDP at Current Market Prices by Regency/Municipality, in Aceh Province, 2011-2015 (Thousand Rupiahs)",1,1,9dc4c824f5d6
ACEH,74,Kota Lhokseumawe,,2015,**),4 1.493,,"PDRB Per Kapita Atas Dasar Harga Berlaku di Provinsi Aceh Menurut Kabupaten/Kota, 2011-2015 (Ribu Rupiah)","Per Capita GRDP at Current Market Prices by Regency/Municipality, in Aceh Province, 2011-2015 (Thousand Rupiahs)",1,1,23931d51b4b1
ACEH,75,Kota Subulussalam,,2015,**),1 7.178,,"PDRB Per Kapita Atas Dasar Harga Berlaku di Provinsi Aceh Menurut Kabupaten/Kota, 2011-2015 (Ribu Rupiah)","Per Capita GRDP at Current Market Prices by Regency/Municipality, in Aceh Province, 2011-2015 (Thousand Rupiahs)",1,1,1399bebae783
ACEH,,Jml Kab./Kota Total of Reg./Mun.,,2015,**),2 5.938,,"PDRB Per Kapita Atas Dasar Harga Berlaku di Provinsi Aceh Menurut Kabupaten/Kota, 2011-2015 (Ribu Rupiah)","Per Capita GRDP at Current Market Prices by Regency/Municipality, in Aceh Province, 2011-2015 (Thousand Rupiahs)",1,1,0ea766dfd07e
ACEH,,Provinsi/Province,,2015,**),2 5.830,,"PDRB Per Kapita Atas Dasar Harga Berlaku di Provinsi Aceh Menurut Kabupaten/Kota, 2011-2015 (Ribu Rupiah)","Per Capita GRDP at Current Market Prices by Regency/Municipality, in Aceh Province, 2011-2015 (Thousand Rupiahs)",1,1,c08ea2256b44
SUMATERA UTARA,01,Kab. Nias,,2015,**),1 9.615,,"PDRB Per Kapita Atas Dasar Harga Berlaku di Provinsi Sumatera Utara Menurut Kabupaten/Kota, 2011-2015 (Ribu Rupiah)","Per Capita GRDP at Current Market Prices by Regency/Municipality, in Sumatera Utara Province, 2011-2015 (Thousand Rupiahs)",2,2,c2759253a580
SUMATERA UTARA,02,Kab. Mandailing Natal,,2015,**),2 2.276,,"PDRB Per Kapita Atas Dasar Harga Berlaku di Provinsi Sumatera Utara Menurut Kabupaten/Kota, 2011-2015 (Ribu Rupiah)","Per Capita GRDP at Current Market Prices by Regency/Municipality, in Sumatera Utara Province, 2011-2015 (Thousand Rupiahs)",2,2,def8ea476bbb
SUMATERA UTARA,03,Kab. Tapanuli Selatan,,2015,**),3 6.736,,"PDRB Per Kapita Atas Dasar Harga Berlaku di Provinsi Sumatera Utara Menurut Kabupaten/Kota, 2011-2015 (Ribu Rupiah)","Per Capita GRDP at Current Market Prices by Regency/Municipality, in Sumatera Utara Province, 2011-2015 (Thousand Rupiahs)",2,2,bfa854af3206
SUMATERA UTARA,04,Kab. Tapanuli Tengah,,2015,**),2 0.400,,"PDRB Per Kapita Atas Dasar Harga Berlaku di Provinsi Sumatera Utara Menurut Kabupaten/Kota, 2011-2015 (Ribu Rupiah)","Per Capita GRDP at Current Market Prices by Regency/Municipality, in Sumatera Utara Province, 2011-2015 (Thousand Rupiahs)",2,2,386fd84f31e0
SUMATERA UTARA,05,Kab. Tapanuli Utara,,2015,**),1 9.864,,"PDRB Per Kapita Atas Dasar Harga Berlaku di Provinsi Sumatera Utara Menurut Kabupaten/Kota, 2011-2015 (Ribu Rupiah)","Per Capita GRDP at Current Market Prices by Regency/Municipality, in Sumatera Utara Province, 2011-2015 (Thousand Rupiahs)",2,2,3b02dba38dff
SUMATERA UTARA,06,Kab. Toba Samosir,,2015,**),3 1.350,,"PDRB Per Kapita Atas Dasar Harga Berlaku di Provinsi Sumatera Utara Menurut Kabupaten/Kota, 2011-2015 (Ribu Rupiah)","Per Capita GRDP at Current Market Prices by Regency/Municipality, in Sumatera Utara Province, 2011-2015 (Thousand Rupiahs)",2,2,4a889078e31a
SUMATERA UTARA,07,Kab. Labuhan Batu,,2015,**),5 2.215,,"PDRB Per Kapita Atas Dasar Harga Berlaku di Provinsi Sumatera Utara Menurut Kabupaten/Kota, 2011-2015 (Ribu Rupiah)","Per Capita GRDP at Current Market Prices by Regency/Municipality, in Sumatera Utara Province, 2011-2015 (Thousand Rupiahs)",2,2,0c21f373c56f
SUMATERA UTARA,08,Kab. Asahan,,2015,**),3 7.580,,"PDRB Per Kapita Atas Dasar Harga Berlaku di Provinsi Sumatera Utara Menurut Kabupaten/Kota, 2011-2015 (Ribu Rupiah)","Per Capita GRDP at Current Market Prices by Regency/Municipality, in Sumatera Utara Province, 2011-2015 (Thousand Rupiahs)",2,2,0a9d1630009c
SUMATERA UTARA,09,Kab. Simalungun,,2015,**),3 2.067,,"PDRB Per Kapita Atas Dasar Harga Berlaku di Provinsi Sumatera Utara Menurut Kabupaten/Kota, 2011-2015 (Ribu Rupiah)","Per Capita GRDP at Current Market Prices by Regency/Municipality, in Sumatera Utara Province, 2011-2015 (Thousand Rupiahs)",2,2,bcd2910b628e
SUMATERA UTARA,10,Kab. Dairi,,2015,**),2 4.448,,"PDRB Per Kapita Atas Dasar Harga Berlaku di Provinsi Sumatera Utara Menurut Kabupaten/Kota, 2011-2015 (Ribu Rupiah)","Per Capita GRDP at Current Market Prices by Regency/Municipality, in Sumatera Utara Province, 2011-2015 (Thousand Rupiahs)",2,2,bda2e3f400c9
SUMATERA UTARA,11,Kab. Karo,,2015,**),3 8.888,,"PDRB Per Kapita Atas Dasar Harga Berlaku di Provinsi Sumatera Utara Menurut Kabupaten/Kota, 2011-2015 (Ribu Rupiah)","Per Capita GRDP at Current Market Prices by Regency/Municipality, in Sumatera Utara Province, 2011-2015 (Thousand Rupiahs)",2,2,d194d34d71c9
SUMATERA UTARA,12,Kab. Deli Serdang,,2015,**),3 7.814,,"PDRB Per Kapita Atas Dasar Harga Berlaku di Provinsi Sumatera Utara Menurut Kabupaten/Kota, 2011-2015 (Ribu Rupiah)","Per Capita GRDP at Current Market Prices by Regency/Municipality, in Sumatera Utara Province, 2011-2015 (Thousand Rupiahs)",2,2,49956864706c
SUMATERA UTARA,13,Kab. Langkat,,2015,**),2 9.951,,"PDRB Per Kapita Atas Dasar Harga Berlaku di Provinsi Sumatera Utara Menurut Kabupaten/Kota, 2011-2015 (Ribu Rupiah)","Per Capita GRDP at Current Market Prices by Regency/Municipality, in Sumatera Utara Province, 2011-2015 (Thousand Rupiahs)",2,2,8f5cb017e4ec
SUMATERA UTARA,14,Kab. Nias Selatan,,2015,**),1 5.385,,"PDRB Per Kapita Atas Dasar Harga Berlaku di Provinsi Sumatera Utara Menurut Kabupaten/Kota, 2011-2015 (Ribu Rupiah)","Per Capita GRDP at Current Market Prices by Regency/Municipality, in Sumatera Utara Province, 2011-2015 (Thousand Rupiahs)",2,2,55b1588c379c
SUMATERA UTARA,15,Kab. Humbang Hasundutan,,2015,**),2 4.493,,"PDRB Per Kapita Atas Dasar Harga Berlaku di Provinsi Sumatera Utara Menurut Kabupaten/Kota, 2011-2015 (Ribu Rupiah)","Per Capita GRDP at Current Market Prices by Regency/Municipality, in Sumatera Utara Province, 2011-2015 (Thousand Rupiahs)",2,2,a9304a65a543
SUMATERA UTARA,16,Kab. Pakpak Bharat,,2015,**),1 8.217,,"PDRB Per Kapita Atas Dasar Harga Berlaku di Provinsi Sumatera Utara Menurut Kabupaten/Kota, 2011-2015 (Ribu Rupiah)","Per Capita GRDP at Current Market Prices by Regency/Municipality, in Sumatera Utara Province, 2011-2015 (Thousand Rupiahs)",2,2,9bc761726e74
SUMATERA UTARA,17,Kab. Samosir,,2015,**),2 5.397,,"PDRB Per Kapita Atas Dasar Harga Berlaku di Provinsi Sumatera Utara Menurut Kabupaten/Kota, 2011-2015 (Ribu Rupiah)","Per Capita GRDP at Current Market Prices by Regency/Municipality, in Sumatera Utara Province, 2011-2015 (Thousand Rupiahs)",2,2,d5f3cb09ba34
SUMATERA UTARA,18,Kab. Serdang Bedagai,,2015,**),3 3.130,,"PDRB Per Kapita Atas Dasar Harga Berlaku di Provinsi Sumatera Utara Menurut Kabupaten/Kota, 2011-2015 (Ribu Rupiah)","Per Capita GRDP at Current Market Prices by Regency/Municipality, in Sumatera Utara Province, 2011-2015 (Thousand Rupiahs)",2,2,ed50c9aa8347
SUMATERA UTARA,19,Kab. Batu Bara,,2015,**),6 2.211,,"PDRB Per Kapita Atas Dasar Harga Berlaku di Provinsi Sumatera Utara Menurut Kabupaten/Kota, 2011-2015 (Ribu Rupiah)","Per Capita GRDP at Current Market Prices by Regency/Municipality, in Sumatera Utara Province, 2011-2015 (Thousand Rupiahs)",2,2,e3463fd80e41
SUMATERA UTARA,20,Kab. Padang Lawas Utara,,2015,**),3 2.641,,"PDRB Per Kapita Atas Dasar Harga Berlaku di Provinsi Sumatera Utara Menurut Kabupaten/Kota, 2011-2015 (Ribu Rupiah)","Per Capita GRDP at Current Market Prices by Regency/Municipality, in Sumatera Utara Province, 2011-2015 (Thousand Rupiahs)",2,2,0e8f2815c633
SUMATERA UTARA,21,Kab. Padang Lawas,,2015,**),3 0.631,,"PDRB Per Kapita Atas Dasar Harga Berlaku di Provinsi Sumatera Utara Menurut Kabupaten/Kota, 2011-2015 (Ribu Rupiah)","Per Capita GRDP at Current Market Prices by Regency/Municipality, in Sumatera Utara Province, 2011-2015 (Thousand Rupiahs)",2,2,2c93ac9a8a18
SUMATERA UTARA,22,Kab. Labuhan Batu Selatan,,2015,**),6 0.757,,"PDRB Per Kapita Atas Dasar Harga Berlaku di Provinsi Sumatera Utara Menurut Kabupaten/Kota, 2011-2015 (Ribu Rupiah)","Per Capita GRDP at Current Market Prices by Regency/Municipality, in Sumatera Utara Province, 2011-2015 (Thousand Rupiahs)",2,2,cee350f2db3d
SUMATERA UTARA,23,Kab. Labuhan Batu Utara,,2015,**),5 0.091,,"PDRB Per Kapita Atas Dasar Harga Berlaku di Provinsi Sumatera Utara Menurut Kabupaten/Kota, 2011-2015 (Ribu Rupiah)","Per Capita GRDP at Current Market Prices by Regency/Municipality, in Sumatera Utara Province, 2011-2015 (Thousand Rupiahs)",2,2,a7bba4c2b662
SUMATERA UTARA,24,Kab. Nias Utara,,2015,**),1 8.800,,"PDRB Per Kapita Atas Dasar Harga Berlaku di Provinsi Sumatera Utara Menurut Kabupaten/Kota, 2011-2015 (Ribu Rupiah)","Per Capita GRDP at Current Market Prices by Regency/Municipality, in Sumatera Utara Province, 2011-2015 (Thousand Rupiahs)",2,2,94e259e66f62
SUMATERA UTARA,25,Kab. Nias Barat,,2015,**),1 4.993,,"PDRB Per Kapita Atas Dasar Harga Berlaku di Provinsi Sumatera Utara Menurut Kabupaten/Kota, 2011-2015 (Ribu Rupiah)","Per Capita GRDP at Current Market Prices by Regency/Municipality, in Sumatera Utara Province, 2011-2015 (Thousand Rupiahs)",2,2,745a78d268ca
SUMATERA UTARA,71,Kota Sibolga,,2015,**),4 4.235,,"PDRB Per Kapita Atas Dasar Harga Berlaku di Provinsi Sumatera Utara Menurut Kabupaten/Kota, 2011-2015 (Ribu Rupiah)","Per Capita GRDP at Current Market Prices by Regency/Municipality, in Sumatera Utara Province, 2011-2015 (Thousand Rupiahs)",2,2,929b48455a37
SUMATERA UTARA,72,Kota Tanjung Balai,,2015,**),3 6.089,,"PDRB Per Kapita Atas Dasar Harga Berlaku di Provinsi Sumatera Utara Menurut Kabupaten/Kota, 2011-2015 (Ribu Rupiah)","Per Capita GRDP at Current Market Prices by Regency/Municipality, in Sumatera Utara Province, 2011-2015 (Thousand Rupiahs)",2,2,f078d831b128
SUMATERA UTARA,73,Kota Pematang Siantar,,2015,**),4 2.704,,"PDRB Per Kapita Atas Dasar Harga Berlaku di Provinsi Sumatera Utara Menurut Kabupaten/Kota, 2011-2015 (Ribu Rupiah)","Per Capita GRDP at Current Market Prices by Regency/Municipality, in Sumatera Utara Province, 2011-2015 (Thousand Rupiahs)",2,2,1d4640430af6
SUMATERA UTARA,74,Kota Tebing Tinggi,,2015,**),2 7.449,,"PDRB Per Kapita Atas Dasar Harga Berlaku di Provinsi Sumatera Utara Menurut Kabupaten/Kota, 2011-2015 (Ribu Rupiah)","Per Capita GRDP at Current Market Prices by Regency/Municipality, in Sumatera Utara Province, 2011-2015 (Thousand Rupiahs)",2,2,92a5c24d30ac
SUMATERA UTARA,75,Kota Medan,,2015,**),7 4.471,,"PDRB Per Kapita Atas Dasar Harga Berlaku di Provinsi Sumatera Utara Menurut Kabupaten/Kota, 2011-2015 (Ribu Rupiah)","Per Capita GRDP at Current Market Prices by Regency/Municipality, in Sumatera Utara Province, 2011-2015 (Thousand Rupiahs)",2,2,6a76e6fc194e
SUMATERA UTARA,76,Kota Binjai,,2015,**),3 1.915,,"PDRB Per Kapita Atas Dasar Harga Berlaku di Provinsi Sumatera Utara Menurut Kabupaten/Kota, 2011-2015 (Ribu Rupiah)","Per Capita GRDP at Current Market Prices by Regency/Municipality, in Sumatera Utara Province, 2011-2015 (Thousand Rupiahs)",2,2,2cb43e085199
SUMATERA UTARA,77,Kota Padang Sidempuatn,,2015,**),2 1.089,,"PDRB Per Kapita Atas Dasar Harga Berlaku di Provinsi Sumatera Utara Menurut Kabupaten/Kota, 2011-2015 (Ribu Rupiah)","Per Capita GRDP at Current Market Prices by Regency/Municipality, in Sumatera Utara Province, 2011-2015 (Thousand Rupiahs)",2,2,f761b6d28272
SUMATERA UTARA,78,Kota Gunungsitoli,,2015,**),2 6.276,,"PDRB Per Kapita Atas Dasar Harga Berlaku di Provinsi Sumatera Utara Menurut Kabupaten/Kota, 2011-2015 (Ribu Rupiah)","Per Capita GRDP at Current Market Prices by Regency/Municipality, in Sumatera Utara Province, 2011-2015 (Thousand Rupiahs)",2,2,29ae4b1b2e07
SUMATERA UTARA,,Jml Kab./Kota Total of Reg./Mun.,,2015,**),4 0.799,,"PDRB Per Kapita Atas Dasar Harga Berlaku di Provinsi Sumatera Utara Menurut Kabupaten/Kota, 2011-2015 (Ribu Rupiah)","Per Capita GRDP at Current Market Prices by Regency/Municipality, in Sumatera Utara Province, 2011-2015 (Thousand Rupiahs)",2,2,046aa7cb0c12
SUMATERA UTARA,,Provinsi/Province,,2015,**),4 1.020,,"PDRB Per Kapita Atas Dasar Harga Berlaku di Provinsi Sumatera Utara Menurut Kabupaten/Kota, 2011-2015 (Ribu Rupiah)","Per Capita GRDP at Current Market Prices by Regency/Municipality, in Sumatera Utara Province, 2011-2015 (Thousand Rupiahs)",2,2,1482fa91fc8f
SUMATERA BARAT,01,Kab. Kepulauan Mentawai,,2015,**),3 9.684,,"PDRB Per Kapita Atas Dasar Harga Berlaku di Provinsi Sumatera Barat Menurut Kabupaten/Kota, 2011-2015 (Ribu Rupiah)","Per Capita GRDP at Current Market Prices by Regency/Municipality, in Sumatera Barat Province, 2011-2015 (Thousand Rupiahs)",3,3,0c24f4691973
SUMATERA BARAT,02,Kab. Pesisir Selatan,,2015,**),2 2.072,,"PDRB Per Kapita Atas Dasar Harga Berlaku di Provinsi Sumatera Barat Menurut Kabupaten/Kota, 2011-2015 (Ribu Rupiah)","Per Capita GRDP at Current Market Prices by Regency/Municipality, in Sumatera Barat Province, 2011-2015 (Thousand Rupiahs)",3,3,426badfdd9ee
SUMATERA BARAT,03,Kab. Solok,,2015,**),2 7.842,,"PDRB Per Kapita Atas Dasar Harga Berlaku di Provinsi Sumatera Barat Menurut Kabupaten/Kota, 2011-2015 (Ribu Rupiah)","Per Capita GRDP at Current Market Prices by Regency/Municipality, in Sumatera Barat Province, 2011-2015 (Thousand Rupiahs)",3,3,280023f72fab
SUMATERA BARAT,04,Kab. Sijunjung,,2015,**),3 1.881,,"PDRB Per Kapita Atas Dasar Harga Berlaku di Provinsi Sumatera Barat Menurut Kabupaten/Kota, 2011-2015 (Ribu Rupiah)","Per Capita GRDP at Current Market Prices by Regency/Municipality, in Sumatera Barat Province, 2011-2015 (Thousand Rupiahs)",3,3,e19060c175df
SUMATERA BARAT,05,Kab. Tanah Datar,,2015,**),2 8.640,,"PDRB Per Kapita Atas Dasar Harga Berlaku di Provinsi Sumatera Barat Menurut Kabupaten/Kota, 2011-2015 (Ribu Rupiah)","Per Capita GRDP at Current Market Prices by Regency/Municipality, in Sumatera Barat Province, 2011-2015 (Thousand Rupiahs)",3,3,c35a495a54b6
SUMATERA BARAT,06,Kab. Padang Pariaman,,2015,**),3 8.959,,"PDRB Per Kapita Atas Dasar Harga Berlaku di Provinsi Sumatera Barat Menurut Kabupaten/Kota, 2011-2015 (Ribu Rupiah)","Per Capita GRDP at Current Market Prices by Regency/Municipality, in Sumatera Barat Province, 2011-2015 (Thousand Rupiahs)",3,3,100d90961393
SUMATERA BARAT,07,Kab. Agam,,2015,**),3 1.613,,"PDRB Per Kapita Atas Dasar Harga Berlaku di Provinsi Sumatera Barat Menurut Kabupaten/Kota, 2011-2015 (Ribu Rupiah)","Per Capita GRDP at Current Market Prices by Regency/Municipality, in Sumatera Barat Province, 2011-2015 (Thousand Rupiahs)",3,3,083fabde505e
SUMATERA BARAT,08,Kab. Lima Puluh Kota,,2015,**),3 1.379,,"PDRB Per Kapita Atas Dasar Harga Berlaku di Provinsi Sumatera Barat Menurut Kabupaten/Kota, 2011-2015 (Ribu Rupiah)","Per Capita GRDP at Current Market Prices by Regency/Municipality, in Sumatera Barat Province, 2011-2015 (Thousand Rupiahs)",3,3,adb9947790cd
SUMATERA BARAT,09,Kab. Pasaman,,2015,**),2 3.810,,"PDRB Per Kapita Atas Dasar Harga Berlaku di Provinsi Sumatera Barat Menurut Kabupaten/Kota, 2011-2015 (Ribu Rupiah)","Per Capita GRDP at Current Market Prices by Regency/Municipality, in Sumatera Barat Province, 2011-2015 (Thousand Rupiahs)",3,3,68ce7fe1ffec
SUMATERA BARAT,10,Kab. Solok Selatan,,2015,**),2 6.437,,"PDRB Per Kapita Atas Dasar Harga Berlaku di Provinsi Sumatera Barat Menurut Kabupaten/Kota, 2011-2015 (Ribu Rupiah)","Per Capita GRDP at Current Market Prices by Regency/Municipality, in Sumatera Barat Province, 2011-2015 (Thousand Rupiahs)",3,3,37137c1333c8
SUMATERA BARAT,11,Kab. Dharmasraya,,2015,**),3 4.596,,"PDRB Per Kapita Atas Dasar Harga Berlaku di Provinsi Sumatera Barat Menurut Kabupaten/Kota, 2011-2015 (Ribu Rupiah)","Per Capita GRDP at Current Market Prices by Regency/Municipality, in Sumatera Barat Province, 2011-2015 (Thousand Rupiahs)",3,3,bc98f58fbac5
SUMATERA BARAT,12,Kab. Pasaman Barat,,2015,**),2 8.519,,"PDRB Per Kapita Atas Dasar Harga Berlaku di Provinsi Sumatera Barat Menurut Kabupaten/Kota, 2011-2015 (Ribu Rupiah)","Per Capita GRDP at Current Market Prices by Regency/Municipality, in Sumatera Barat Province, 2011-2015 (Thousand Rupiahs)",3,3,a3472b38f3a3
SUMATERA BARAT,71,Kota Padang,,2015,**),4 9.529,,"PDRB Per Kapita Atas Dasar Harga Berlaku di Provinsi Sumatera Barat Menurut Kabupaten/Kota, 2011-2015 (Ribu Rupiah)","Per Capita GRDP at Current Market Prices by Regency/Municipality, in Sumatera Barat Province, 2011-2015 (Thousand Rupiahs)",3,3,ad8d8e63f79d
SUMATERA BARAT,72,Kota Solok,,2015,**),4 4.860,,"PDRB Per Kapita Atas Dasar Harga Berlaku di Provinsi Sumatera Barat Menurut Kabupaten/Kota, 2011-2015 (Ribu Rupiah)","Per Capita GRDP at Current Market Prices by Regency/Municipality, in Sumatera Barat Province, 2011-2015 (Thousand Rupiahs)",3,3,55baea33f688
SUMATERA BARAT,73,Kota Sawah Lunto,,2015,**),4 5.273,,"PDRB Per Kapita Atas Dasar Harga Berlaku di Provinsi Sumatera Barat Menurut Kabupaten/Kota, 2011-2015 (Ribu Rupiah)","Per Capita GRDP at Current Market Prices by Regency/Municipality, in Sumatera Barat Province, 2011-2015 (Thousand Rupiahs)",3,3,dfd057eda384
SUMATERA BARAT,74,Kota Padang Panjang,,2015,**),4 9.679,,"PDRB Per Kapita Atas Dasar Harga Berlaku di Provinsi Sumatera Barat Menurut Kabupaten/Kota, 2011-2015 (Ribu Rupiah)","Per Capita GRDP at Current Market Prices by Regency/Municipality, in Sumatera Barat Province, 2011-2015 (Thousand Rupiahs)",3,3,9139a68989d1
SUMATERA BARAT,75,Kota Bukittinggi,,2015,**),4 9.889,,"PDRB Per Kapita Atas Dasar Harga Berlaku di Provinsi Sumatera Barat Menurut Kabupaten/Kota, 2011-2015 (Ribu Rupiah)","Per Capita GRDP at Current Market Prices by Regency/Municipality, in Sumatera Barat Province, 2011-2015 (Thousand Rupiahs)",3,3,462253027272
SUMATERA BARAT,76,Kota Payakumbuh,,2015,**),3 5.566,,"PDRB Per Kapita Atas Dasar Harga Berlaku di Provinsi Sumatera Barat Menurut Kabupaten/Kota, 2011-2015 (Ribu Rupiah)","Per Capita GRDP at Current Market Prices by Regency/Municipality, in Sumatera Barat Province, 2011-2015 (Thousand Rupiahs)",3,3,930ebca805f2
SUMATERA BARAT,77,Kota Pariaman,,2015,**),4 3.365,,"PDRB Per Kapita Atas Dasar Harga Berlaku di Provinsi Sumatera Barat Menurut Kabupaten/Kota, 2011-2015 (Ribu Rupiah)","Per Capita GRDP at Current Market Prices by Regency/Municipality, in Sumatera Barat Province, 2011-2015 (Thousand Rupiahs)",3,3,4a4650dfa4ea
SUMATERA BARAT,,Jml Kab./Kota Total of Reg./Mun.,,2015,**),3 4.681,,"PDRB Per Kapita Atas Dasar Harga Berlaku di Provinsi Sumatera Barat Menurut Kabupaten/Kota, 2011-2015 (Ribu Rupiah)","Per Capita GRDP at Current Market Prices by Regency/Municipality, in Sumatera Barat Province, 2011-2015 (Thousand Rupiahs)",3,3,20e0511df038
SUMATERA BARAT,,Provinsi/Province,,2015,**),3 4.411,,"PDRB Per Kapita Atas Dasar Harga Berlaku di Provinsi Sumatera Barat Menurut Kabupaten/Kota, 2011-2015 (Ribu Rupiah)","Per Capita GRDP at Current Market Prices by Regency/Municipality, in Sumatera Barat Province, 2011-2015 (Thousand Rupiahs)",3,3,1b14ac7ce84b
RIAU,01,Kab. Kuantan Singingi,,2015,**),8 0.162,,"PDRB Per Kapita Atas Dasar Harga Berlaku di Provinsi Riau Menurut Kabupaten/Kota, 2011-2015 (Ribu Rupiah)","Per Capita GRDP at Current Market Prices by Regency/Municipality, in Riau Province, 2011-2015 (Thousand Rupiahs)",4,4,0616f6d46e98
RIAU,02,Kab.indragiri Hulu,,2015,**),8 4.498,,"PDRB Per Kapita Atas Dasar Harga Berlaku di Provinsi Riau Menurut Kabupaten/Kota, 2011-2015 (Ribu Rupiah)","Per Capita GRDP at Current Market Prices by Regency/Municipality, in Riau Province, 2011-2015 (Thousand Rupiahs)",4,4,9d5e75c3579c
RIAU,03,Kab.indragiri Hilir,,2015,**),7 3.602,,"PDRB Per Kapita Atas Dasar Harga Berlaku di Provinsi Riau Menurut Kabupaten/Kota, 2011-2015 (Ribu Rupiah)","Per Capita GRDP at Current Market Prices by Regency/Municipality, in Riau Province, 2011-2015 (Thousand Rupiahs)",4,4,679d6bffad02
RIAU,04,Kab. Pelalawan,,2015,**),9 8.721,,"PDRB Per Kapita Atas Dasar Harga Berlaku di Provinsi Riau Menurut Kabupaten/Kota, 2011-2015 (Ribu Rupiah)","Per Capita GRDP at Current Market Prices by Regency/Municipality, in Riau Province, 2011-2015 (Thousand Rupiahs)",4,4,aace3a4e7531
RIAU,05,Kab. Siak,,2015,**),1 75.405,,"PDRB Per Kapita Atas Dasar Harga Berlaku di Provinsi Riau Menurut Kabupaten/Kota, 2011-2015 (Ribu Rupiah)","Per Capita GRDP at Current Market Prices by Regency/Municipality, in Riau Province, 2011-2015 (Thousand Rupiahs)",4,4,3455548d947f
RIAU,06,Kab. Kampar,,2015,**),8 3.575,,"PDRB Per Kapita Atas Dasar Harga Berlaku di Provinsi Riau Menurut Kabupaten/Kota, 2011-2015 (Ribu Rupiah)","Per Capita GRDP at Current Market Prices by Regency/Municipality, in Riau Province, 2011-2015 (Thousand Rupiahs)",4,4,2bcbbffbfb0a
RIAU,07,Kab. Rokan Hulu,,2015,**),4 5.389,,"PDRB Per Kapita Atas Dasar Harga Berlaku di Provinsi Riau Menurut Kabupaten/Kota, 2011-2015 (Ribu Rupiah)","Per Capita GRDP at Current Market Prices by Regency/Municipality, in Riau Province, 2011-2015 (Thousand Rupiahs)",4,4,fa2c74b83f6e
RIAU,08,Kab. Bengkalis,,2015,**),2 49.095,,"PDRB Per Kapita Atas Dasar Harga Berlaku di Provinsi Riau Menurut Kabupaten/Kota, 2011-2015 (Ribu Rupiah)","Per Capita GRDP at Current Market Prices by Regency/Municipality, in Riau Province, 2011-2015 (Thousand Rupiahs)",4,4,4920629e3657
RIAU,09,Kab. Rokan Hilir,,2015,**),1 09.076,,"PDRB Per Kapita Atas Dasar Harga Berlaku di Provinsi Riau Menurut Kabupaten/Kota, 2011-2015 (Ribu Rupiah)","Per Capita GRDP at Current Market Prices by Regency/Municipality, in Riau Province, 2011-2015 (Thousand Rupiahs)",4,4,22a3b1cb7564
RIAU,10,Kab. Kepulauan Meranti,,2015,**),8 3.625,,"PDRB Per Kapita Atas Dasar Harga Berlaku di Provinsi Riau Menurut Kabupaten/Kota, 2011-2015 (Ribu Rupiah)","Per Capita GRDP at Current Market Prices by Regency/Municipality, in Riau Province, 2011-2015 (Thousand Rupiahs)",4,4,ce86a13e36ad
RIAU,71,Kota Pekan Baru,,2015,**),8 0.946,,"PDRB Per Kapita Atas Dasar Harga Berlaku di Provinsi Riau Menurut Kabupaten/Kota, 2011-2015 (Ribu Rupiah)","Per Capita GRDP at Current Market Prices by Regency/Municipality, in Riau Province, 2011-2015 (Thousand Rupiahs)",4,4,b87471ac0bde
RIAU,73,Kota Dumai,,2015,**),8 8.643,,"PDRB Per Kapita Atas Dasar Harga Berlaku di Provinsi Riau Menurut Kabupaten/Kota, 2011-2015 (Ribu Rupiah)","Per Capita GRDP at Current Market Prices by Regency/Municipality, in Riau Province, 2011-2015 (Thousand Rupiahs)",4,4,c48aed7671f9
RIAU,,Jml Kab./Kota Total of Reg./Mun.,,2015,**),1 02.706,,"PDRB Per Kapita Atas Dasar Harga Berlaku di Provinsi Riau Menurut Kabupaten/Kota, 2011-2015 (Ribu Rupiah)","Per Capita GRDP at Current Market Prices by Regency/Municipality, in Riau Province, 2011-2015 (Thousand Rupiahs)",4,4,7187f1ae19b4
RIAU,,Provinsi/Province,,2015,**),1 02.829,,"PDRB Per Kapita Atas Dasar Harga Berlaku di Provinsi Riau Menurut Kabupaten/Kota, 2011-2015 (Ribu Rupiah)","Per Capita GRDP at Current Market Prices by Regency/Municipality, in Riau Province, 2011-2015 (Thousand Rupiahs)",4,4,1a536a31f11a
JAMBI,01,Kab. Kerinci,,2015,**),3 0.091,,"PDRB Per Kapita Atas Dasar Harga Berlaku di Provinsi Jambi Menurut Kabupaten/Kota, 2011-2015 (Ribu Rupiah)","Per Capita GRDP at Current Market Prices by Regency/Municipality, in Jambi Province, 2011-2015 (Thousand Rupiahs)",5,5,c67daa574f95
JAMBI,02,Kab. Merangin,,2015,**),2 8.749,,"PDRB Per Kapita Atas Dasar Harga Berlaku di Provinsi Jambi Menurut Kabupaten/Kota, 2011-2015 (Ribu Rupiah)","Per Capita GRDP at Current Market Prices by Regency/Municipality, in Jambi Province, 2011-2015 (Thousand Rupiahs)",5,5,78a68c9a4801
JAMBI,03,Kab. Sarolangun,,2015,**),4 0.170,,"PDRB Per Kapita Atas Dasar Harga Berlaku di Provinsi Jambi Menurut Kabupaten/Kota, 2011-2015 (Ribu Rupiah)","Per Capita GRDP at Current Market Prices by Regency/Municipality, in Jambi Province, 2011-2015 (Thousand Rupiahs)",5,5,09d31eee8565
JAMBI,04,Kab. Batanghari,,2015,**),4 6.282,,"PDRB Per Kapita Atas Dasar Harga Berlaku di Provinsi Jambi Menurut Kabupaten/Kota, 2011-2015 (Ribu Rupiah)","Per Capita GRDP at Current Market Prices by Regency/Municipality, in Jambi Province, 2011-2015 (Thousand Rupiahs)",5,5,839279c9c4b6
JAMBI,05,Kab. Muaro Jambi,,2015,**),4 2.710,,"PDRB Per Kapita Atas Dasar Harga Berlaku di Provinsi Jambi Menurut Kabupaten/Kota, 2011-2015 (Ribu Rupiah)","Per Capita GRDP at Current Market Prices by Regency/Municipality, in Jambi Province, 2011-2015 (Thousand Rupiahs)",5,5,436852d07278
JAMBI,06,Kab. Tanjung Jabung Timur,,2015,**),8 3.242,,"PDRB Per Kapita Atas Dasar Harga Berlaku di Provinsi Jambi Menurut Kabupaten/Kota, 2011-2015 (Ribu Rupiah)","Per Capita GRDP at Current Market Prices by Regency/Municipality, in Jambi Province, 2011-2015 (Thousand Rupiahs)",5,5,bfd28cfb319a
JAMBI,07,Kab. Tanjung Jabung Barat,,2015,**),9 4.727,,"PDRB Per Kapita Atas Dasar Harga Berlaku di Provinsi Jambi Menurut Kabupaten/Kota, 2011-2015 (Ribu Rupiah)","Per Capita GRDP at Current Market Prices by Regency/Municipality, in Jambi Province, 2011-2015 (Thousand Rupiahs)",5,5,1e9aadc90333
JAMBI,08,Kab. Tebo,,2015,**),3 1.430,,"PDRB Per Kapita Atas Dasar Harga Berlaku di Provinsi Jambi Menurut Kabupaten/Kota, 2011-2015 (Ribu Rupiah)","Per Capita GRDP at Current Market Prices by Regency/Municipality, in Jambi Province, 2011-2015 (Thousand Rupiahs)",5,5,73c6127f0b99
JAMBI,09,Kab. Bungo,,2015,**),3 7.784,,"PDRB Per Kapita Atas Dasar Harga Berlaku di Provinsi Jambi Menurut Kabupaten/Kota, 2011-2015 (Ribu Rupiah)","Per Capita GRDP at Current Market Prices by Regency/Municipality, in Jambi Province, 2011-2015 (Thousand Rupiahs)",5,5,429b250c0e56
JAMBI,71,Kota Jambi,,2015,**),3 7.005,,"PDRB Per Kapita Atas Dasar Harga Berlaku di Provinsi Jambi Menurut Kabupaten/Kota, 2011-2015 (Ribu Rupiah)","Per Capita GRDP at Current Market Prices by Regency/Municipality, in Jambi Province, 2011-2015 (Thousand Rupiahs)",5,5,c146b9346308
JAMBI,72,Kota Sungai Penuh,,2015,**),5 7.207,,"PDRB Per Kapita Atas Dasar Harga Berlaku di Provinsi Jambi Menurut Kabupaten/Kota, 2011-2015 (Ribu Rupiah)","Per Capita GRDP at Current Market Prices by Regency/Municipality, in Jambi Province, 2011-2015 (Thousand Rupiahs)",5,5,514522e9bb5c
JAMBI,,Jml Kab./Kota Total of Reg./Mun.,,2015,**),4 5.511,,"PDRB Per Kapita Atas Dasar Harga Berlaku di Provinsi Jambi Menurut Kabupaten/Kota, 2011-2015 (Ribu Rupiah)","Per Capita GRDP at Current Market Prices by Regency/Municipality, in Jambi Province, 2011-2015 (Thousand Rupiahs)",5,5,9a46061c5737
JAMBI,,Provinsi/Province,,2015,**),4 5.593,,"PDRB Per Kapita Atas Dasar Harga Berlaku di Provinsi Jambi Menurut Kabupaten/Kota, 2011-2015 (Ribu Rupiah)","Per Capita GRDP at Current Market Prices by Regency/Municipality, in Jambi Province, 2011-2015 (Thousand Rupiahs)",5,5,574c5da91332
SUMATERA SELATAN,01,Kab. Ogan Komering Ulu,,2015,**),3 0.426,,"PDRB Per Kapita Atas Dasar Harga Berlaku di Provinsi Sumatera Selatan Menurut Kabupaten/Kota, 2011-2015 (Ribu Rupiah)","Per Capita GRDP at Current Market Prices by Regency/Municipality, in Sumatera Selatan Province, 2011-2015 (Thousand Rupiahs)",6,6,5f3d8e091738
SUMATERA SELATAN,02,Kab. Ogan Komering Ilir,,2015,**),2 7.697,,"PDRB Per Kapita Atas Dasar Harga Berlaku di Provinsi Sumatera Selatan Menurut Kabupaten/Kota, 2011-2015 (Ribu Rupiah)","Per Capita GRDP at Current Market Prices by Regency/Municipality, in Sumatera Selatan Province, 2011-2015 (Thousand Rupiahs)",6,6,c57bea0b3a56
SUMATERA SELATAN,03,Kab. Muara Enim,,2015,**),6 8.265,,"PDRB Per Kapita Atas Dasar Harga Berlaku di Provinsi Sumatera Selatan Menurut Kabupaten/Kota, 2011-2015 (Ribu Rupiah)","Per Capita GRDP at Current Market Prices by Regency/Municipality, in Sumatera Selatan Province, 2011-2015 (Thousand Rupiahs)",6,6,8a4379022f4d
SUMATERA SELATAN,12,Kab. Penukal Abab Lematang Ilir,#),2015,**),2 8.378,,"PDRB Per Kapita Atas Dasar Harga Berlaku di Provinsi Sumatera Selatan Menurut Kabupaten/Kota, 2011-2015 (Ribu Rupiah)","Per Capita GRDP at Current Market Prices by Regency/Municipality, in Sumatera Selatan Province, 2011-2015 (Thousand Rupiahs)",6,6,1887557e1ded
SUMATERA SELATAN,04,Kab. Lahat,,2015,**),3 5.155,,"PDRB Per Kapita Atas Dasar Harga Berlaku di Provinsi Sumatera Selatan Menurut Kabupaten/Kota, 2011-2015 (Ribu Rupiah)","Per Capita GRDP at Current Market Prices by Regency/Municipality, in Sumatera Selatan Province, 2011-2015 (Thousand Rupiahs)",6,6,e609ec79bf3c
SUMATERA SELATAN,05,Kab. Musi Rawas,,2015,**),3 6.689,,"PDRB Per Kapita Atas Dasar Harga Berlaku di Provinsi Sumatera Selatan Menurut Kabupaten/Kota, 2011-2015 (Ribu Rupiah)","Per Capita GRDP at Current Market Prices by Regency/Municipality, in Sumatera Selatan Province, 2011-2015 (Thousand Rupiahs)",6,6,42f3787c8146
SUMATERA SELATAN,13,Kab. Musi Rawas Utara,#),2015,**),3 2.451,,"PDRB Per Kapita Atas Dasar Harga Berlaku di Provinsi Sumatera Selatan Menurut Kabupaten/Kota, 2011-2015 (Ribu Rupiah)","Per Capita GRDP at Current Market Prices by Regency/Municipality, in Sumatera Selatan Province, 2011-2015 (Thousand Rupiahs)",6,6,e90e384ce99e
SUMATERA SELATAN,06,Kab. Musi Banyuasin,,2015,**),8 8.165,,"PDRB Per Kapita Atas Dasar Harga Berlaku di Provinsi Sumatera Selatan Menurut Kabupaten/Kota, 2011-2015 (Ribu Rupiah)","Per Capita GRDP at Current Market Prices by Regency/Municipality, in Sumatera Selatan Province, 2011-2015 (Thousand Rupiahs)",6,6,772d3781aa7f
SUMATERA SELATAN,07,Kab. Banyuasin,,2015,**),2 5.625,,"PDRB Per Kapita Atas Dasar Harga Berlaku di Provinsi Sumatera Selatan Menurut Kabupaten/Kota, 2011-2015 (Ribu Rupiah)","Per Capita GRDP at Current Market Prices by Regency/Municipality, in Sumatera Selatan Province, 2011-2015 (Thousand Rupiahs)",6,6,31d355006acb
SUMATERA SELATAN,08,Kab. Ogan Komering Ulu Selatan,,2015,**),1 8.518,,"PDRB Per Kapita Atas Dasar Harga Berlaku di Provinsi Sumatera Selatan Menurut Kabupaten/Kota, 2011-2015 (Ribu Rupiah)","Per Capita GRDP at Current Market Prices by Regency/Municipality, in Sumatera Selatan Province, 2011-2015 (Thousand Rupiahs)",6,6,45711e2e5827
SUMATERA SELATAN,09,Kab. Ogan Komering Ulu Timur,,2015,**),1 6.938,,"PDRB Per Kapita Atas Dasar Harga Berlaku di Provinsi Sumatera Selatan Menurut Kabupaten/Kota, 2011-2015 (Ribu Rupiah)","Per Capita GRDP at Current Market Prices by Regency/Municipality, in Sumatera Selatan Province, 2011-2015 (Thousand Rupiahs)",6,6,93541a58aef8
SUMATERA SELATAN,10,Kab. Ogan Ilir,,2015,**),1 9.978,,"PDRB Per Kapita Atas Dasar Harga Berlaku di Provinsi Sumatera Selatan Menurut Kabupaten/Kota, 2011-2015 (Ribu Rupiah)","Per Capita GRDP at Current Market Prices by Regency/Municipality, in Sumatera Selatan Province, 2011-2015 (Thousand Rupiahs)",6,6,197254b965c5
SUMATERA SELATAN,11,Kab. Empat Lawang,,2015,**),1 6.024,,"PDRB Per Kapita Atas Dasar Harga Berlaku di Provinsi Sumatera Selatan Menurut Kabupaten/Kota, 2011-2015 (Ribu Rupiah)","Per Capita GRDP at Current Market Prices by Regency/Municipality, in Sumatera Selatan Province, 2011-2015 (Thousand Rupiahs)",6,6,4056eec44c9a
SUMATERA SELATAN,71,Kota Palembang,,2015,**),6 8.638,,"PDRB Per Kapita Atas Dasar Harga Berlaku di Provinsi Sumatera Selatan Menurut Kabupaten/Kota, 2011-2015 (Ribu Rupiah)","Per Capita GRDP at Current Market Prices by Regency/Municipality, in Sumatera Selatan Province, 2011-2015 (Thousand Rupiahs)",6,6,42177551ae7e
SUMATERA SELATAN,72,Kota Prabumulih,,2015,**),3 1.486,,"PDRB Per Kapita Atas Dasar Harga Berlaku di Provinsi Sumatera Selatan Menurut Kabupaten/Kota, 2011-2015 (Ribu Rupiah)","Per Capita GRDP at Current Market Prices by Regency/Municipality, in Sumatera Selatan Province, 2011-2015 (Thousand Rupiahs)",6,6,d80015254cf3
SUMATERA SELATAN,73,Kota Pagar Alam,,2015,**),1 7.030,,"PDRB Per Kapita Atas Dasar Harga Berlaku di Provinsi Sumatera Selatan Menurut Kabupaten/Kota, 2011-2015 (Ribu Rupiah)","Per Capita GRDP at Current Market Prices by Regency/Municipality, in Sumatera Selatan Province, 2011-2015 (Thousand Rupiahs)",6,6,cc509b03ebfc
SUMATERA SELATAN,74,Kota Lubuk Linggau,,2015,**),2 1.384,,"PDRB Per Kapita Atas Dasar Harga Berlaku di Provinsi Sumatera Selatan Menurut Kabupaten/Kota, 2011-2015 (Ribu Rupiah)","Per Capita GRDP at Current Market Prices by Regency/Municipality, in Sumatera Selatan Province, 2011-2015 (Thousand Rupiahs)",6,6,05fa37a31c8e
SUMATERA SELATAN,,Jml Kab./Kota Total of Reg./Mun.,,2015,**),4 1.913,,"PDRB Per Kapita Atas Dasar Harga Berlaku di Provinsi Sumatera Selatan Menurut Kabupaten/Kota, 2011-2015 (Ribu Rupiah)","Per Capita GRDP at Current Market Prices by Regency/Municipality, in Sumatera Selatan Province, 2011-2015 (Thousand Rupiahs)",6,6,b5b8b980d0bf
SUMATERA SELATAN,,Provinsi/Province,,2015,**),4 1.321,,"PDRB Per Kapita Atas Dasar Harga Berlaku di Provinsi Sumatera Selatan Menurut Kabupaten/Kota, 2011-2015 (Ribu Rupiah)","Per Capita GRDP at Current Market Prices by Regency/Municipality, in Sumatera Selatan Province, 2011-2015 (Thousand Rupiahs)",6,6,82bbf67dec7c
BENGKULU,01,Kab. Bengkulu Selatan,,2015,**),2 6.536,,"PDRB Per Kapita Atas Dasar Harga Berlaku di Provinsi Bengkulu Menurut Kabupaten/Kota, 2011-2015 (Ribu Rupiah)","Per Capita GRDP at Current Market Prices by Regency/Municipality, in Bengkulu Province, 2011-2015 (Thousand Rupiahs)",7,7,62eae6f6076c
BENGKULU,02,Kab. Rejang Lebong,,2015,**),2 5.855,,"PDRB Per Kapita Atas Dasar Harga Berlaku di Provinsi Bengkulu Menurut Kabupaten/Kota, 2011-2015 (Ribu Rupiah)","Per Capita GRDP at Current Market Prices by Regency/Municipality, in Bengkulu Province, 2011-2015 (Thousand Rupiahs)",7,7,f8053e3876cd
BENGKULU,03,Kab. Bengkulu Utara,,2015,**),1 9.955,,"PDRB Per Kapita Atas Dasar Harga Berlaku di Provinsi Bengkulu Menurut Kabupaten/Kota, 2011-2015 (Ribu Rupiah)","Per Capita GRDP at Current Market Prices by Regency/Municipality, in Bengkulu Province, 2011-2015 (Thousand Rupiahs)",7,7,f5cbf59eec94
BENGKULU,04,Kab. Kaur,,2015,**),2 0.256,,"PDRB Per Kapita Atas Dasar Harga Berlaku di Provinsi Bengkulu Menurut Kabupaten/Kota, 2011-2015 (Ribu Rupiah)","Per Capita GRDP at Current Market Prices by Regency/Municipality, in Bengkulu Province, 2011-2015 (Thousand Rupiahs)",7,7,0be81d2e5001
BENGKULU,05,Kab. Seluma,,2015,**),1 7.233,,"PDRB Per Kapita Atas Dasar Harga Berlaku di Provinsi Bengkulu Menurut Kabupaten/Kota, 2011-2015 (Ribu Rupiah)","Per Capita GRDP at Current Market Prices by Regency/Municipality, in Bengkulu Province, 2011-2015 (Thousand Rupiahs)",7,7,fcd1ab2306ac
BENGKULU,06,Kab. Mukomuko,,2015,**),2 0.126,,"PDRB Per Kapita Atas Dasar Harga Berlaku di Provinsi Bengkulu Menurut Kabupaten/Kota, 2011-2015 (Ribu Rupiah)","Per Capita GRDP at Current Market Prices by Regency/Municipality, in Bengkulu Province, 2011-2015 (Thousand Rupiahs)",7,7,011b8e3c3167
BENGKULU,07,Kab. Lebong,,2015,**),2 1.343,,"PDRB Per Kapita Atas Dasar Harga Berlaku di Provinsi Bengkulu Menurut Kabupaten/Kota, 2011-2015 (Ribu Rupiah)","Per Capita GRDP at Current Market Prices by Regency/Municipality, in Bengkulu Province, 2011-2015 (Thousand Rupiahs)",7,7,90c307ac594a
BENGKULU,08,Kab. Kepahiang,,2015,**),2 2.293,,"PDRB Per Kapita Atas Dasar Harga Berlaku di Provinsi Bengkulu Menurut Kabupaten/Kota, 2011-2015 (Ribu Rupiah)","Per Capita GRDP at Current Market Prices by Regency/Municipality, in Bengkulu Province, 2011-2015 (Thousand Rupiahs)",7,7,36d3bcdf606b
BENGKULU,09,Kab. Bengkulu Tengah,,2015,**),3 0.485,,"PDRB Per Kapita Atas Dasar Harga Berlaku di Provinsi Bengkulu Menurut Kabupaten/Kota, 2011-2015 (Ribu Rupiah)","Per Capita GRDP at Current Market Prices by Regency/Municipality, in Bengkulu Province, 2011-2015 (Thousand Rupiahs)",7,7,3b36093e4fc6
BENGKULU,71,Kota Bengkulu,,2015,**),4 5.021,,"PDRB Per Kapita Atas Dasar Harga Berlaku di Provinsi Bengkulu Menurut Kabupaten/Kota, 2011-2015 (Ribu Rupiah)","Per Capita GRDP at Current Market Prices by Regency/Municipality, in Bengkulu Province, 2011-2015 (Thousand Rupiahs)",7,7,eeb1261aad5b
BENGKULU,,Jml Kab./Kota Total of Reg./Mun.,,2015,**),2 6.608,,"PDRB Per Kapita Atas Dasar Harga Berlaku di Provinsi Bengkulu Menurut Kabupaten/Kota, 2011-2015 (Ribu Rupiah)","Per Capita GRDP at Current Market Prices by Regency/Municipality, in Bengkulu Province, 2011-2015 (Thousand Rupiahs)",7,7,510d8ca00a3a
BENGKULU,,Provinsi/Province,,2015,**),2 6.850,,"PDRB Per Kapita Atas Dasar Harga Berlaku di Provinsi Bengkulu Menurut Kabupaten/Kota, 2011-2015 (Ribu Rupiah)","Per Capita GRDP at Current Market Prices by Regency/Municipality, in Bengkulu Province, 2011-2015 (Thousand Rupiahs)",7,7,26bf26aef72a
LAMPUNG,01,Kab. Lampung Barat,,2015,**),1 7.491,,"PDRB Per Kapita Atas Dasar Harga Berlaku di Provinsi Lampung Menurut Kabupaten/Kota, 2011-2015 (Ribu Rupiah)","Per Capita GRDP at Current Market Prices by Regency/Municipality, in Lampung Province, 2011-2015 (Thousand Rupiahs)",8,8,be84fb02f484
LAMPUNG,13,Kab. Pesisir Barat,#),2015,**),2 2.201,,"PDRB Per Kapita Atas Dasar Harga Berlaku di Provinsi Lampung Menurut Kabupaten/Kota, 2011-2015 (Ribu Rupiah)","Per Capita GRDP at Current Market Prices by Regency/Municipality, in Lampung Province, 2011-2015 (Thousand Rupiahs)",8,8,a3c3ba07e5d9
LAMPUNG,02,Kab. Tanggamus,,2015,**),1 9.905,,"PDRB Per Kapita Atas Dasar Harga Berlaku di Provinsi Lampung Menurut Kabupaten/Kota, 2011-2015 (Ribu Rupiah)","Per Capita GRDP at Current Market Prices by Regency/Municipality, in Lampung Province, 2011-2015 (Thousand Rupiahs)",8,8,8ca1612875e5
LAMPUNG,03,Kab. Lampung Selatan,,2015,**),3 2.340,,"PDRB Per Kapita Atas Dasar Harga Berlaku di Provinsi Lampung Menurut Kabupaten/Kota, 2011-2015 (Ribu Rupiah)","Per Capita GRDP at Current Market Prices by Regency/Municipality, in Lampung Province, 2011-2015 (Thousand Rupiahs)",8,8,e1a6264e14dc
LAMPUNG,04,Kab. Lampung Timur,,2015,**),3 1.046,,"PDRB Per Kapita Atas Dasar Harga Berlaku di Provinsi Lampung Menurut Kabupaten/Kota, 2011-2015 (Ribu Rupiah)","Per Capita GRDP at Current Market Prices by Regency/Municipality, in Lampung Province, 2011-2015 (Thousand Rupiahs)",8,8,8369164daa1f
LAMPUNG,05,Kab. Lampung Tengah,,2015,**),3 9.377,,"PDRB Per Kapita Atas Dasar Harga Berlaku di Provinsi Lampung Menurut Kabupaten/Kota, 2011-2015 (Ribu Rupiah)","Per Capita GRDP at Current Market Prices by Regency/Municipality, in Lampung Province, 2011-2015 (Thousand Rupiahs)",8,8,7cf7b58158df
LAMPUNG,06,Kab. Lampung Utara,,2015,**),2 7.901,,"PDRB Per Kapita Atas Dasar Harga Berlaku di Provinsi Lampung Menurut Kabupaten/Kota, 2011-2015 (Ribu Rupiah)","Per Capita GRDP at Current Market Prices by Regency/Municipality, in Lampung Province, 2011-2015 (Thousand Rupiahs)",8,8,c9516bd07874
LAMPUNG,07,Kab. Way Kanan,,2015,**),2 3.214,,"PDRB Per Kapita Atas Dasar Harga Berlaku di Provinsi Lampung Menurut Kabupaten/Kota, 2011-2015 (Ribu Rupiah)","Per Capita GRDP at Current Market Prices by Regency/Municipality, in Lampung Province, 2011-2015 (Thousand Rupiahs)",8,8,bf9ab62a3cdf
LAMPUNG,08,Kab. Tulang Bawang,,2015,**),3 9.632,,"PDRB Per Kapita Atas Dasar Harga Berlaku di Provinsi Lampung Menurut Kabupaten/Kota, 2011-2015 (Ribu Rupiah)","Per Capita GRDP at Current Market Prices by Regency/Municipality, in Lampung Province, 2011-2015 (Thousand Rupiahs)",8,8,2ff156dc0dfe
LAMPUNG,09,Kab. Pesawaran,,2015,**),2 9.264,,"PDRB Per Kapita Atas Dasar Harga Berlaku di Provinsi Lampung Menurut Kabupaten/Kota, 2011-2015 (Ribu Rupiah)","Per Capita GRDP at Current Market Prices by Regency/Municipality, in Lampung Province, 2011-2015 (Thousand Rupiahs)",8,8,8325b43317ea
LAMPUNG,10,Kab. Pringsewu,,2015,**),2 0.905,,"PDRB Per Kapita Atas Dasar Harga Berlaku di Provinsi Lampung Menurut Kabupaten/Kota, 2011-2015 (Ribu Rupiah)","Per Capita GRDP at Current Market Prices by Regency/Municipality, in Lampung Province, 2011-2015 (Thousand Rupiahs)",8,8,81c9efafadf8
LAMPUNG,11,Kab. Mesuji,,2015,**),3 7.260,,"PDRB Per Kapita Atas Dasar Harga Berlaku di Provinsi Lampung Menurut Kabupaten/Kota, 2011-2015 (Ribu Rupiah)","Per Capita GRDP at Current Market Prices by Regency/Municipality, in Lampung Province, 2011-2015 (Thousand Rupiahs)",8,8,10c814677b16
LAMPUNG,12,Kab. Tulang Bawang Barat,,2015,**),3 0.647,,"PDRB Per Kapita Atas Dasar Harga Berlaku di Provinsi Lampung Menurut Kabupaten/Kota, 2011-2015 (Ribu Rupiah)","Per Capita GRDP at Current Market Prices by Regency/Municipality, in Lampung Province, 2011-2015 (Thousand Rupiahs)",8,8,e3e547daf57d
LAMPUNG,71,Kota Bandar Lampung,,2015,**),3 9.997,,"PDRB Per Kapita Atas Dasar Harga Berlaku di Provinsi Lampung Menurut Kabupaten/Kota, 2011-2015 (Ribu Rupiah)","Per Capita GRDP at Current Market Prices by Regency/Municipality, in Lampung Province, 2011-2015 (Thousand Rupiahs)",8,8,beb42b6849c9
LAMPUNG,72,Kota Metro,,2015,**),2 7.427,,"PDRB Per Kapita Atas Dasar Harga Berlaku di Provinsi Lampung Menurut Kabupaten/Kota, 2011-2015 (Ribu Rupiah)","Per Capita GRDP at Current Market Prices by Regency/Municipality, in Lampung Province, 2011-2015 (Thousand Rupiahs)",8,8,5d4bbe64626f
LAMPUNG,,Jml Kab./Kota Total of Reg./Mun.,,2015,**),3 1.403,,"PDRB Per Kapita Atas Dasar Harga Berlaku di Provinsi Lampung Menurut Kabupaten/Kota, 2011-2015 (Ribu Rupiah)","Per Capita GRDP at Current Market Prices by Regency/Municipality, in Lampung Province, 2011-2015 (Thousand Rupiahs)",8,8,19bede4e5a5c
LAMPUNG,,Provinsi/Province,,2015,**),3 1.188,,"PDRB Per Kapita Atas Dasar Harga Berlaku di Provinsi Lampung Menurut Kabupaten/Kota, 2011-2015 (Ribu Rupiah)","Per Capita GRDP at Current Market Prices by Regency/Municipality, in Lampung Province, 2011-2015 (Thousand Rupiahs)",8,8,c44fd4ad177d
KEPULAUAN BANGKA BELITUNG,01,Kab. Bangka,,2015,**),3 5.195,,"PDRB Per Kapita Atas Dasar Harga Berlaku di Provinsi Kepulauan Bangka Belitung Menurut Kabupaten/Kota, 2011-2015 (Ribu Rupiah)","Per Capita GRDP at Current Market Prices by Regency/Municipality, in Kepulauan Bangka Belitung Province, 2011-2015 (Thousand Rupiahs)",9,9,0fb9a324ea34
KEPULAUAN BANGKA BELITUNG,02,Kab. Belitung,,2015,**),4 1.965,,"PDRB Per Kapita Atas Dasar Harga Berlaku di Provinsi Kepulauan Bangka Belitung Menurut Kabupaten/Kota, 2011-2015 (Ribu Rupiah)","Per Capita GRDP at Current Market Prices by Regency/Municipality, in Kepulauan Bangka Belitung Province, 2011-2015 (Thousand Rupiahs)",9,9,01e8e356b8be
KEPULAUAN BANGKA BELITUNG,03,Kab. Bangka Barat,,2015,**),5 8.335,,"PDRB Per Kapita Atas Dasar Harga Berlaku di Provinsi Kepulauan Bangka Belitung Menurut Kabupaten/Kota, 2011-2015 (Ribu Rupiah)","Per Capita GRDP at Current Market Prices by Regency/Municipality, in Kepulauan Bangka Belitung Province, 2011-2015 (Thousand Rupiahs)",9,9,4d33b7951cad
KEPULAUAN BANGKA BELITUNG,04,Kab. Bangka Tengah,,2015,**),3 9.005,,"PDRB Per Kapita Atas Dasar Harga Berlaku di Provinsi Kepulauan Bangka Belitung Menurut Kabupaten/Kota, 2011-2015 (Ribu Rupiah)","Per Capita GRDP at Current Market Prices by Regency/Municipality, in Kepulauan Bangka Belitung Province, 2011-2015 (Thousand Rupiahs)",9,9,fa11597d04bb
KEPULAUAN BANGKA BELITUNG,05,Kab. Bangka Selatan,,2015,**),3 5.827,,"PDRB Per Kapita Atas Dasar Harga Berlaku di Provinsi Kepulauan Bangka Belitung Menurut Kabupaten/Kota, 2011-2015 (Ribu Rupiah)","Per Capita GRDP at Current Market Prices by Regency/Municipality, in Kepulauan Bangka Belitung Province, 2011-2015 (Thousand Rupiahs)",9,9,3efc046d7c6d
KEPULAUAN BANGKA BELITUNG,06,Kab. Belitung Timur,,2015,**),5 1.196,,"PDRB Per Kapita Atas Dasar Harga Berlaku di Provinsi Kepulauan Bangka Belitung Menurut Kabupaten/Kota, 2011-2015 (Ribu Rupiah)","Per Capita GRDP at Current Market Prices by Regency/Municipality, in Kepulauan Bangka Belitung Province, 2011-2015 (Thousand Rupiahs)",9,9,940afcb90037
KEPULAUAN BANGKA BELITUNG,71,Kota Pangkal Pinang,,2015,**),5 2.062,,"PDRB Per Kapita Atas Dasar Harga Berlaku di Provinsi Kepulauan Bangka Belitung Menurut Kabupaten/Kota, 2011-2015 (Ribu Rupiah)","Per Capita GRDP at Current Market Prices by Regency/Municipality, in Kepulauan Bangka Belitung Province, 2011-2015 (Thousand Rupiahs)",9,9,a374be94b2b2
KEPULAUAN BANGKA BELITUNG,,Jml Kab./Kota Total of Reg./Mun.,,2015,**),4 3.766,,"PDRB Per Kapita Atas Dasar Harga Berlaku di Provinsi Kepulauan Bangka Belitung Menurut Kabupaten/Kota, 2011-2015 (Ribu Rupiah)","Per Capita GRDP at Current Market Prices by Regency/Municipality, in Kepulauan Bangka Belitung Province, 2011-2015 (Thousand Rupiahs)",9,9,6e14a5f39336
KEPULAUAN BANGKA BELITUNG,,Provinsi/Province,,2015,**),4 4.429,,"PDRB Per Kapita Atas Dasar Harga Berlaku di Provinsi Kepulauan Bangka Belitung Menurut Kabupaten/Kota, 2011-2015 (Ribu Rupiah)","Per Capita GRDP at Current Market Prices by Regency/Municipality, in Kepulauan Bangka Belitung Province, 2011-2015 (Thousand Rupiahs)",9,9,efd4ea538ad6
KEPULAUAN RIAU,01,Kab. Karimun,,2015,**),4 2.725,,"PDRB Per Kapita Atas Dasar Harga Berlaku di Provinsi Kepulauan Riau Menurut Kabupaten/Kota, 2011-2015 (Ribu Rupiah)","Per Capita GRDP at Current Market Prices by Regency/Municipality, in Kepulauan Riau Province, 2011-2015 (Thousand Rupiahs)",10,10,d51830308922
KEPULAUAN RIAU,02,Kab. Bintan,,2015,**),1 02.928,,"PDRB Per Kapita Atas Dasar Harga Berlaku di Provinsi Kepulauan Riau Menurut Kabupaten/Kota, 2011-2015 (Ribu Rupiah)","Per Capita GRDP at Current Market Prices by Regency/Municipality, in Kepulauan Riau Province, 2011-2015 (Thousand Rupiahs)",10,10,4ac506d144ce
KEPULAUAN RIAU,03,Kab. Natuna,,2015,**),2 36.510,,"PDRB Per Kapita Atas Dasar Harga Berlaku di Provinsi Kepulauan Riau Menurut Kabupaten/Kota, 2011-2015 (Ribu Rupiah)","Per Capita GRDP at Current Market Prices by Regency/Municipality, in Kepulauan Riau Province, 2011-2015 (Thousand Rupiahs)",10,10,e174152d4c1c
KEPULAUAN RIAU,04,Kab. Lingga,,2015,**),3 4.301,,"PDRB Per Kapita Atas Dasar Harga Berlaku di Provinsi Kepulauan Riau Menurut Kabupaten/Kota, 2011-2015 (Ribu Rupiah)","Per Capita GRDP at Current Market Prices by Regency/Municipality, in Kepulauan Riau Province, 2011-2015 (Thousand Rupiahs)",10,10,f1df1cc50726
KEPULAUAN RIAU,05,Kab. Kep. Anambas,,2015,**),3 96.874,,"PDRB Per Kapita Atas Dasar Harga Berlaku di Provinsi Kepulauan Riau Menurut Kabupaten/Kota, 2011-2015 (Ribu Rupiah)","Per Capita GRDP at Current Market Prices by Regency/Municipality, in Kepulauan Riau Province, 2011-2015 (Thousand Rupiahs)",10,10,b19cd6263258
KEPULAUAN RIAU,71,Kota Batam,,2015,**),1 01.877,,"PDRB Per Kapita Atas Dasar Harga Berlaku di Provinsi Kepulauan Riau Menurut Kabupaten/Kota, 2011-2015 (Ribu Rupiah)","Per Capita GRDP at Current Market Prices by Regency/Municipality, in Kepulauan Riau Province, 2011-2015 (Thousand Rupiahs)",10,10,0ab23a8609fc
KEPULAUAN RIAU,72,Kota Tanjung Pinang,,2015,**),8 0.557,,"PDRB Per Kapita Atas Dasar Harga Berlaku di Provinsi Kepulauan Riau Menurut Kabupaten/Kota, 2011-2015 (Ribu Rupiah)","Per Capita GRDP at Current Market Prices by Regency/Municipality, in Kepulauan Riau Province, 2011-2015 (Thousand Rupiahs)",10,10,76b0c996f4ec
KEPULAUAN RIAU,,Jml Kab./Kota Total of Reg./Mun.,,2015,**),1 01.113,,"PDRB Per Kapita Atas Dasar Harga Berlaku di Provinsi Kepulauan Riau Menurut Kabupaten/Kota, 2011-2015 (Ribu Rupiah)","Per Capita GRDP at Current Market Prices by Regency/Municipality, in Kepulauan Riau Province, 2011-2015 (Thousand Rupiahs)",10,10,115f86b5fe39
KEPULAUAN RIAU,,Provinsi/Province,,2015,**),1 03.029,,"PDRB Per Kapita Atas Dasar Harga Berlaku di Provinsi Kepulauan Riau Menurut Kabupaten/Kota, 2011-2015 (Ribu Rupiah)","Per Capita GRDP at Current Market Prices by Regency/Municipality, in Kepulauan Riau Province, 2011-2015 (Thousand Rupiahs)",10,10,96bb0c30ff99
DKI JAKARTA,01,Kab. Kepulauan Seribu,,2011,,2 05.787,,"PDRB Per Kapita Atas Dasar Harga Berlaku di Provinsi DKI Jakarta Menurut Kabupaten/Kota, 2011-2015 (Ribu Rupiah)/","Per Capita GRDP at Current Market Prices by Regency/Municipality, in DKI Jakarta Province, 2011-2015 (Thousand Rupiahs)",11,1,06734a7092af
DKI JAKARTA,71,Kota Jakarta Selatan,,2011,,1 30.922,,"PDRB Per Kapita Atas Dasar Harga Berlaku di Provinsi DKI Jakarta Menurut Kabupaten/Kota, 2011-2015 (Ribu Rupiah)/","Per Capita GRDP at Current Market Prices by Regency/Municipality, in DKI Jakarta Province, 2011-2015 (Thousand Rupiahs)",11,1,79cbd15ccb25
DKI JAKARTA,72,Kota Jakarta Timur,,2011,,7 7.561,,"PDRB Per Kapita Atas Dasar Harga Berlaku di Provinsi DKI Jakarta Menurut Kabupaten/Kota, 2011-2015 (Ribu Rupiah)/","Per Capita GRDP at Current Market Prices by Regency/Municipality, in DKI Jakarta Province, 2011-2015 (Thousand Rupiahs)",11,1,36331a85ac36
DKI JAKARTA,73,Kota Jakarta Pusat,,2011,,3 28.567,,"PDRB Per Kapita Atas Dasar Harga Berlaku di Provinsi DKI Jakarta Menurut Kabupaten/Kota, 2011-2015 (Ribu Rupiah)/","Per Capita GRDP at Current Market Prices by Regency/Municipality, in DKI Jakarta Province, 2011-2015 (Thousand Rupiahs)",11,1,fd840d768e68
DKI JAKARTA,74,Kota Jakarta Barat,,2011,,8 8.470,,"PDRB Per Kapita Atas Dasar Harga Berlaku di Provinsi DKI Jakarta Menurut Kabupaten/Kota, 2011-2015 (Ribu Rupiah)/","Per Capita GRDP at Current Market Prices by Regency/Municipality, in DKI Jakarta Province, 2011-2015 (Thousand Rupiahs)",11,1,1a9dc744ba2c
DKI JAKARTA,75,Kota Jakarta Utara,,2011,,1 38.084,,"PDRB Per Kapita Atas Dasar Harga Berlaku di Provinsi DKI Jakarta Menurut Kabupaten/Kota, 2011-2015 (Ribu Rupiah)/","Per Capita GRDP at Current Market Prices by Regency/Municipality, in DKI Jakarta Province, 2011-2015 (Thousand Rupiahs)",11,1,8568d5d9f02a
DKI JAKARTA,,Jml Kab./Kota Total of Reg./Mun.,,2011,,1 25.441,,"PDRB Per Kapita Atas Dasar Harga Berlaku di Provinsi DKI Jakarta Menurut Kabupaten/Kota, 2011-2015 (Ribu Rupiah)/","Per Capita GRDP at Current Market Prices by Regency/Municipality, in DKI Jakarta Province, 2011-2015 (Thousand Rupiahs)",11,1,4a019d1fd659
DKI JAKARTA,,Provinsi/Province,,2011,,1 25.534,,"PDRB Per Kapita Atas Dasar Harga Berlaku di Provinsi DKI Jakarta Menurut Kabupaten/Kota, 2011-2015 (Ribu Rupiah)/","Per Capita GRDP at Current Market Prices by Regency/Municipality, in DKI Jakarta Province, 2011-2015 (Thousand Rupiahs)",11,1,39404c218ce6
JAWA BARAT,01,Kab. Bogor,,2011,,2 1.133,,"PDRB Per Kapita Atas Dasar Harga Berlaku di Provinsi Jawa Barat Menurut Kabupaten/Kota, 2011-2015 (Ribu Rupiah)/","Per Capita GRDP at Current Market Prices by Regency/Municipality, in Jawa Barat Province, 2011-2015 (Thousand Rupiahs)",12,2,a68ac00a2c42
JAWA BARAT,02,Kab. Sukabumi,,2011,,1 3.191,,"PDRB Per Kapita Atas Dasar Harga Berlaku di Provinsi Jawa Barat Menurut Kabupaten/Kota, 2011-2015 (Ribu Rupiah)/","Per Capita GRDP at Current Market Prices by Regency/Municipality, in Jawa Barat Province, 2011-2015 (Thousand Rupiahs)",12,2,851afd7727ef
JAWA BARAT,03,Kab. Cianjur,,2011,,9 .886,,"PDRB Per Kapita Atas Dasar Harga Berlaku di Provinsi Jawa Barat Menurut Kabupaten/Kota, 2011-2015 (Ribu Rupiah)/","Per Capita GRDP at Current Market Prices by Regency/Municipality, in Jawa Barat Province, 2011-2015 (Thousand Rupiahs)",12,2,50cdae5e94b6
JAWA BARAT,04,Kab. Bandung,,2011,,1 6.453,,"PDRB Per Kapita Atas Dasar Harga Berlaku di Provinsi Jawa Barat Menurut Kabupaten/Kota, 2011-2015 (Ribu Rupiah)/","Per Capita GRDP at Current Market Prices by Regency/Municipality, in Jawa Barat Province, 2011-2015 (Thousand Rupiahs)",12,2,c0bf19352d64
JAWA BARAT,05,Kab. Garut,,2011,,1 1.471,,"PDRB Per Kapita Atas Dasar Harga Berlaku di Provinsi Jawa Barat Menurut Kabupaten/Kota, 2011-2015 (Ribu Rupiah)/","Per Capita GRDP at Current Market Prices by Regency/Municipality, in Jawa Barat Province, 2011-2015 (Thousand Rupiahs)",12,2,f8856e0db661
JAWA BARAT,06,Kab. Tasikmalaya,,2011,,1 0.331,,"PDRB Per Kapita Atas Dasar Harga Berlaku di Provinsi Jawa Barat Menurut Kabupaten/Kota, 2011-2015 (Ribu Rupiah)/","Per Capita GRDP at Current Market Prices by Regency/Municipality, in Jawa Barat Province, 2011-2015 (Thousand Rupiahs)",12,2,cdbf1992cd15
JAWA BARAT,07,Kab. Ciamis,,2011,,1 3.611,,"PDRB Per Kapita Atas Dasar Harga Berlaku di Provinsi Jawa Barat Menurut Kabupaten/Kota, 2011-2015 (Ribu Rupiah)/","Per Capita GRDP at Current Market Prices by Regency/Municipality, in Jawa Barat Province, 2011-2015 (Thousand Rupiahs)",12,2,49146150aa1f
JAWA BARAT,18,Kab. Pangandaran,#),2011,,-,,"PDRB Per Kapita Atas Dasar Harga Berlaku di Provinsi Jawa Barat Menurut Kabupaten/Kota, 2011-2015 (Ribu Rupiah)/","Per Capita GRDP at Current Market Prices by Regency/Municipality, in Jawa Barat Province, 2011-2015 (Thousand Rupiahs)",12,2,07416366c80e
JAWA BARAT,08,Kab. Kuningan,,2011,,1 0.549,,"PDRB Per Kapita Atas Dasar Harga Berlaku di Provinsi Jawa Barat Menurut Kabupaten/Kota, 2011-2015 (Ribu Rupiah)/","Per Capita GRDP at Current Market Prices by Regency/Municipality, in Jawa Barat Province, 2011-2015 (Thousand Rupiahs)",12,2,a52c12c16e77
JAWA BARAT,09,Kab. Cirebon,,2011,,1 1.563,,"PDRB Per Kapita Atas Dasar Harga Berlaku di Provinsi Jawa Barat Menurut Kabupaten/Kota, 2011-2015 (Ribu Rupiah)/","Per Capita GRDP at Current Market Prices by Regency/Municipality, in Jawa Barat Province, 2011-2015 (Thousand Rupiahs)",12,2,ffbf582408d8
JAWA BARAT,10,Kab. Majalengka,,2011,,1 2.197,,"PDRB Per Kapita Atas Dasar Harga Berlaku di Provinsi Jawa Barat Menurut Kabupaten/Kota, 2011-2015 (Ribu Rupiah)/","Per Capita GRDP at Current Market Prices by Regency/Municipality, in Jawa Barat Province, 2011-2015 (Thousand Rupiahs)",12,2,e96fe327006f
JAWA BARAT,11,Kab. Sumedang,,2011,,1 4.767,,"PDRB Per Kapita Atas Dasar Harga Berlaku di Provinsi Jawa Barat Menurut Kabupaten/Kota, 2011-2015 (Ribu Rupiah)/","Per Capita GRDP at Current Market Prices by Regency/Municipality, in Jawa Barat Province, 2011-2015 (Thousand Rupiahs)",12,2,327977e87bf3
JAWA BARAT,12,Kab.indramayu,,2011,,3 2.741,,"PDRB Per Kapita Atas Dasar Harga Berlaku di Provinsi Jawa Barat Menurut Kabupaten/Kota, 2011-2015 (Ribu Rupiah)/","Per Capita GRDP at Current Market Prices by Regency/Municipality, in Jawa Barat Province, 2011-2015 (Thousand Rupiahs)",12,2,1dc3f2e6baf5
JAWA BARAT,13,Kab. Subang,,2011,,1 5.267,,"PDRB Per Kapita Atas Dasar Harga Berlaku di Provinsi Jawa Barat Menurut Kabupaten/Kota, 2011-2015 (Ribu Rupiah)/","Per Capita GRDP at Current Market Prices by Regency/Municipality, in Jawa Barat Province, 2011-2015 (Thousand Rupiahs)",12,2,9a3fee64b9ad
JAWA BARAT,14,Kab. Purwakarta,,2011,,3 5.766,,"PDRB Per Kapita Atas Dasar Harga Berlaku di Provinsi Jawa Barat Menurut Kabupaten/Kota, 2011-2015 (Ribu Rupiah)/","Per Capita GRDP at Current Market Prices by Regency/Municipality, in Jawa Barat Province, 2011-2015 (Thousand Rupiahs)",12,2,1ecf7dc321f1
JAWA BARAT,15,Kab. Karawang,,2011,,5 2.102,,"PDRB Per Kapita Atas Dasar Harga Berlaku di Provinsi Jawa Barat Menurut Kabupaten/Kota, 2011-2015 (Ribu Rupiah)/","Per Capita GRDP at Current Market Prices by Regency/Municipality, in Jawa Barat Province, 2011-2015 (Thousand Rupiahs)",12,2,c59e8e3b5ebb
JAWA BARAT,16,Kab. Bekasi,,2011,,6 2.259,,"PDRB Per Kapita Atas Dasar Harga Berlaku di Provinsi Jawa Barat Menurut Kabupaten/Kota, 2011-2015 (Ribu Rupiah)/","Per Capita GRDP at Current Market Prices by Regency/Municipality, in Jawa Barat Province, 2011-2015 (Thousand Rupiahs)",12,2,784dc1fea8bb
JAWA BARAT,17,Kab. Bandung Barat,,2011,,1 3.809,,"PDRB Per Kapita Atas Dasar Harga Berlaku di Provinsi Jawa Barat Menurut Kabupaten/Kota, 2011-2015 (Ribu Rupiah)/","Per Capita GRDP at Current Market Prices by Regency/Municipality, in Jawa Barat Province, 2011-2015 (Thousand Rupiahs)",12,2,ed42043116bd
JAWA BARAT,71,Kota Bogor,,2011,,2 1.260,,"PDRB Per Kapita Atas Dasar Harga Berlaku di Provinsi Jawa Barat Menurut Kabupaten/Kota, 2011-2015 (Ribu Rupiah)/","Per Capita GRDP at Current Market Prices by Regency/Municipality, in Jawa Barat Province, 2011-2015 (Thousand Rupiahs)",12,2,37baab3184b6
JAWA BARAT,72,Kota Sukabumi,,2011,,1 9.439,,"PDRB Per Kapita Atas Dasar Harga Berlaku di Provinsi Jawa Barat Menurut Kabupaten/Kota, 2011-2015 (Ribu Rupiah)/","Per Capita GRDP at Current Market Prices by Regency/Municipality, in Jawa Barat Province, 2011-2015 (Thousand Rupiahs)",12,2,401ef708ae31
JAWA BARAT,73,Kota Bandung,,2011,,4 7.425,,"PDRB Per Kapita Atas Dasar Harga Berlaku di Provinsi Jawa Barat Menurut Kabupaten/Kota, 2011-2015 (Ribu Rupiah)/","Per Capita GRDP at Current Market Prices by Regency/Municipality, in Jawa Barat Province, 2011-2015 (Thousand Rupiahs)",12,2,81c21ea1a3d5
JAWA BARAT,74,Kota Cirebon,,2011,,3 7.767,,"PDRB Per Kapita Atas Dasar Harga Berlaku di Provinsi Jawa Barat Menurut Kabupaten/Kota, 2011-2015 (Ribu Rupiah)/","Per Capita GRDP at Current Market Prices by Regency/Municipality, in Jawa Barat Province, 2011-2015 (Thousand Rupiahs)",12,2,b8c6ba0d47d4
JAWA BARAT,75,Kota Bekasi,,2011,,1 9.010,,"PDRB Per Kapita Atas Dasar Harga Berlaku di Provinsi Jawa Barat Menurut Kabupaten/Kota, 2011-2015 (Ribu Rupiah)/","Per Capita GRDP at Current Market Prices by Regency/Municipality, in Jawa Barat Province, 2011-2015 (Thousand Rupiahs)",12,2,c6bb30c01bb5
JAWA BARAT,76,Kota Depok,,2011,,1 6.232,,"PDRB Per Kapita Atas Dasar Harga Berlaku di Provinsi Jawa Barat Menurut Kabupaten/Kota, 2011-2015 (Ribu Rupiah)/","Per Capita GRDP at Current Market Prices by Regency/Municipality, in Jawa Barat Province, 2011-2015 (Thousand Rupiahs)",12,2,b031aea5a678
JAWA BARAT,77,Kota Cimahi,,2011,,2 6.941,,"PDRB Per Kapita Atas Dasar Harga Berlaku di Provinsi Jawa Barat Menurut Kabupaten/Kota, 2011-2015 (Ribu Rupiah)/","Per Capita GRDP at Current Market Prices by Regency/Municipality, in Jawa Barat Province, 2011-2015 (Thousand Rupiahs)",12,2,65669f1cd2fc
JAWA BARAT,78,Kota Tasikmalaya,,2011,,1 5.702,,"PDRB Per Kapita Atas Dasar Harga Berlaku di Provinsi Jawa Barat Menurut Kabupaten/Kota, 2011-2015 (Ribu Rupiah)/","Per Capita GRDP at Current Market Prices by Regency/Municipality, in Jawa Barat Province, 2011-2015 (Thousand Rupiahs)",12,2,b2b0e40ac92e
JAWA BARAT,79,Kota Banjar,,2011,,1 2.692,,"PDRB Per Kapita Atas Dasar Harga Berlaku di Provinsi Jawa Barat Menurut Kabupaten/Kota, 2011-2015 (Ribu Rupiah)/","Per Capita GRDP at Current Market Prices by Regency/Municipality, in Jawa Barat Province, 2011-2015 (Thousand Rupiahs)",12,2,1f8a21af2925
JAWA BARAT,,Jml Kab./Kota Total of Reg./Mun.,,2011,,2 3.074,,"PDRB Per Kapita Atas Dasar Harga Berlaku di Provinsi Jawa Barat Menurut Kabupaten/Kota, 2011-2015 (Ribu Rupiah)/","Per Capita GRDP at Current Market Prices by Regency/Municipality, in Jawa Barat Province, 2011-2015 (Thousand Rupiahs)",12,2,6bb9e69dd5e7
JAWA BARAT,,Provinsi/Province,,2011,,2 3.251,,"PDRB Per Kapita Atas Dasar Harga Berlaku di Provinsi Jawa Barat Menurut Kabupaten/Kota, 2011-2015 (Ribu Rupiah)/","Per Capita GRDP at Current Market Prices by Regency/Municipality, in Jawa Barat Province, 2011-2015 (Thousand Rupiahs)",12,2,58b242e62f9e
JAWA TENGAH,01,Kab. Cilacap,,2011,,4 7.677,,"PDRB Per Kapita Atas Dasar Harga Berlaku di Provinsi Jawa Tengah Menurut Kabupaten/Kota, 2011-2015 (Ribu Rupiah)/","Per Capita GRDP at Current Market Prices by Regency/Municipality, in Jawa Tengah Province, 2011-2015 (Thousand Rupiahs)",13,3,dde8d0268c82
JAWA TENGAH,02,Kab. Banyumas,,2011,,1 6.556,,"PDRB Per Kapita Atas Dasar Harga Berlaku di Provinsi Jawa Tengah Menurut Kabupaten/Kota, 2011-2015 (Ribu Rupiah)/","Per Capita GRDP at Current Market Prices by Regency/Municipality, in Jawa Tengah Province, 2011-2015 (Thousand Rupiahs)",13,3,35ad57ed7b2a
JAWA TENGAH,03,Kab. Purbalingga,,2011,,1 4.180,,"PDRB Per Kapita Atas Dasar Harga Berlaku di Provinsi Jawa Tengah Menurut Kabupaten/Kota, 2011-2015 (Ribu Rupiah)/","Per Capita GRDP at Current Market Prices by Regency/Municipality, in Jawa Tengah Province, 2011-2015 (Thousand Rupiahs)",13,3,e8f867c759b1
JAWA TENGAH,04,Kab. Banjarnegara,,2011,,1 2.072,,"PDRB Per Kapita Atas Dasar Harga Berlaku di Provinsi Jawa Tengah Menurut Kabupaten/Kota, 2011-2015 (Ribu Rupiah)/","Per Capita GRDP at Current Market Prices by Regency/Municipality, in Jawa Tengah Province, 2011-2015 (Thousand Rupiahs)",13,3,ec20f35c1730
JAWA TENGAH,05,Kab. Kebumen,,2011,,1 1.796,,"PDRB Per Kapita Atas Dasar Harga Berlaku di Provinsi Jawa Tengah Menurut Kabupaten/Kota, 2011-2015 (Ribu Rupiah)/","Per Capita GRDP at Current Market Prices by Regency/Municipality, in Jawa Tengah Province, 2011-2015 (Thousand Rupiahs)",13,3,a6c8f339600e
JAWA TENGAH,06,Kab. Purworejo,,2011,,1 3.699,,"PDRB Per Kapita Atas Dasar Harga Berlaku di Provinsi Jawa Tengah Menurut Kabupaten/Kota, 2011-2015 (Ribu Rupiah)/","Per Capita GRDP at Current Market Prices by Regency/Municipality, in Jawa Tengah Province, 2011-2015 (Thousand Rupiahs)",13,3,cd6a0fa88089
JAWA TENGAH,07,Kab. Wonosobo,,2011,,1 3.203,,"PDRB Per Kapita Atas Dasar Harga Berlaku di Provinsi Jawa Tengah Menurut Kabupaten/Kota, 2011-2015 (Ribu Rupiah)/","Per Capita GRDP at Current Market Prices by Regency/Municipality, in Jawa Tengah Province, 2011-2015 (Thousand Rupiahs)",13,3,a9597f925e0a
JAWA TENGAH,08,Kab. Magelang,,2011,,1 3.518,,"PDRB Per Kapita Atas Dasar Harga Berlaku di Provinsi Jawa Tengah Menurut Kabupaten/Kota, 2011-2015 (Ribu Rupiah)/","Per Capita GRDP at Current Market Prices by Regency/Municipality, in Jawa Tengah Province, 2011-2015 (Thousand Rupiahs)",13,3,62facdc3ffb2
JAWA TENGAH,09,Kab. Boyolali,,2011,,1 6.572,,"PDRB Per Kapita Atas Dasar Harga Berlaku di Provinsi Jawa Tengah Menurut Kabupaten/Kota, 2011-2015 (Ribu Rupiah)/","Per Capita GRDP at Current Market Prices by Regency/Municipality, in Jawa Tengah Province, 2011-2015 (Thousand Rupiahs)",13,3,4c73e320a390
JAWA TENGAH,10,Kab. Klaten,,2011,,1 7.023,,"PDRB Per Kapita Atas Dasar Harga Berlaku di Provinsi Jawa Tengah Menurut Kabupaten/Kota, 2011-2015 (Ribu Rupiah)/","Per Capita GRDP at Current Market Prices by Regency/Municipality, in Jawa Tengah Province, 2011-2015 (Thousand Rupiahs)",13,3,b691c0a7043f
JAWA TENGAH,11,Kab. Sukoharjo,,2011,,2 2.058,,"PDRB Per Kapita Atas Dasar Harga Berlaku di Provinsi Jawa Tengah Menurut Kabupaten/Kota, 2011-2015 (Ribu Rupiah)/","Per Capita GRDP at Current Market Prices by Regency/Municipality, in Jawa Tengah Province, 2011-2015 (Thousand Rupiahs)",13,3,9b5b9781e4f5
JAWA TENGAH,12,Kab. Wonogiri,,2011,,1 5.521,,"PDRB Per Kapita Atas Dasar Harga Berlaku di Provinsi Jawa Tengah Menurut Kabupaten/Kota, 2011-2015 (Ribu Rupiah)/","Per Capita GRDP at Current Market Prices by Regency/Municipality, in Jawa Tengah Province, 2011-2015 (Thousand Rupiahs)",13,3,1d0c0244daa9
JAWA TENGAH,13,Kab. Karanganyar,,2011,,2 2.777,,"PDRB Per Kapita Atas Dasar Harga Berlaku di Provinsi Jawa Tengah Menurut Kabupaten/Kota, 2011-2015 (Ribu Rupiah)/","Per Capita GRDP at Current Market Prices by Regency/Municipality, in Jawa Tengah Province, 2011-2015 (Thousand Rupiahs)",13,3,f907be445c9a
JAWA TENGAH,14,Kab. Sragen,,2011,,2 0.954,,"PDRB Per Kapita Atas Dasar Harga Berlaku di Provinsi Jawa Tengah Menurut Kabupaten/Kota, 2011-2015 (Ribu Rupiah)/","Per Capita GRDP at Current Market Prices by Regency/Municipality, in Jawa Tengah Province, 2011-2015 (Thousand Rupiahs)",13,3,7e0c5f520b4e
JAWA TENGAH,15,Kab. Grobogan,,2011,,1 0.522,,"PDRB Per Kapita Atas Dasar Harga Berlaku di Provinsi Jawa Tengah Menurut Kabupaten/Kota, 2011-2015 (Ribu Rupiah)/","Per Capita GRDP at Current Market Prices by Regency/Municipality, in Jawa Tengah Province, 2011-2015 (Thousand Rupiahs)",13,3,c02a53c0869d
JAWA TENGAH,16,Kab. Blora,,2011,,1 3.608,,"PDRB Per Kapita Atas Dasar Harga Berlaku di Provinsi Jawa Tengah Menurut Kabupaten/Kota, 2011-2015 (Ribu Rupiah)/","Per Capita GRDP at Current Market Prices by Regency/Municipality, in Jawa Tengah Province, 2011-2015 (Thousand Rupiahs)",13,3,d9ce84d84c77
JAWA TENGAH,17,Kab. Rembang,,2011,,1 5.638,,"PDRB Per Kapita Atas Dasar Harga Berlaku di Provinsi Jawa Tengah Menurut Kabupaten/Kota, 2011-2015 (Ribu Rupiah)/","Per Capita GRDP at Current Market Prices by Regency/Municipality, in Jawa Tengah Province, 2011-2015 (Thousand Rupiahs)",13,3,852276d93cb2
JAWA TENGAH,18,Kab. Pati,,2011,,1 7.514,,"PDRB Per Kapita Atas Dasar Harga Berlaku di Provinsi Jawa Tengah Menurut Kabupaten/Kota, 2011-2015 (Ribu Rupiah)/","Per Capita GRDP at Current Market Prices by Regency/Municipality, in Jawa Tengah Province, 2011-2015 (Thousand Rupiahs)",13,3,17ec96d410c8
JAWA TENGAH,19,Kab. Kudus,,2011,,7 2.083,,"PDRB Per Kapita Atas Dasar Harga Berlaku di Provinsi Jawa Tengah Menurut Kabupaten/Kota, 2011-2015 (Ribu Rupiah)/","Per Capita GRDP at Current Market Prices by Regency/Municipality, in Jawa Tengah Province, 2011-2015 (Thousand Rupiahs)",13,3,37d070965948
JAWA TENGAH,20,Kab. Jepara,,2011,,1 3.265,,"PDRB Per Kapita Atas Dasar Harga Berlaku di Provinsi Jawa Tengah Menurut Kabupaten/Kota, 2011-2015 (Ribu Rupiah)/","Per Capita GRDP at Current Market Prices by Regency/Municipality, in Jawa Tengah Province, 2011-2015 (Thousand Rupiahs)",13,3,7a77801b5b89
JAWA TENGAH,21,Kab. Demak,,2011,,1 2.053,,"PDRB Per Kapita Atas Dasar Harga Berlaku di Provinsi Jawa Tengah Menurut Kabupaten/Kota, 2011-2015 (Ribu Rupiah)/","Per Capita GRDP at Current Market Prices by Regency/Municipality, in Jawa Tengah Province, 2011-2015 (Thousand Rupiahs)",13,3,e9956720563c
JAWA TENGAH,22,Kab. Semarang,,2011,,2 5.815,,"PDRB Per Kapita Atas Dasar Harga Berlaku di Provinsi Jawa Tengah Menurut Kabupaten/Kota, 2011-2015 (Ribu Rupiah)/","Per Capita GRDP at Current Market Prices by Regency/Municipality, in Jawa Tengah Province, 2011-2015 (Thousand Rupiahs)",13,3,28e79eca5bb1
JAWA TENGAH,23,Kab. Temanggung,,2011,,1 5.152,,"PDRB Per Kapita Atas Dasar Harga Berlaku di Provinsi Jawa Tengah Menurut Kabupaten/Kota, 2011-2015 (Ribu Rupiah)/","Per Capita GRDP at Current Market Prices by Regency/Municipality, in Jawa Tengah Province, 2011-2015 (Thousand Rupiahs)",13,3,803c432e825b
JAWA TENGAH,24,Kab. Kendal,,2011,,2 3.198,,"PDRB Per Kapita Atas Dasar Harga Berlaku di Provinsi Jawa Tengah Menurut Kabupaten/Kota, 2011-2015 (Ribu Rupiah)/","Per Capita GRDP at Current Market Prices by Regency/Municipality, in Jawa Tengah Province, 2011-2015 (Thousand Rupiahs)",13,3,417de30ac88f
JAWA TENGAH,25,Kab. Batang,,2011,,1 4.982,,"PDRB Per Kapita Atas Dasar Harga Berlaku di Provinsi Jawa Tengah Menurut Kabupaten/Kota, 2011-2015 (Ribu Rupiah)/","Per Capita GRDP at Current Market Prices by Regency/Municipality, in Jawa Tengah Province, 2011-2015 (Thousand Rupiahs)",13,3,158c2a585472
JAWA TENGAH,26,Kab. Pekalongan,,2011,,1 3.567,,"PDRB Per Kapita Atas Dasar Harga Berlaku di Provinsi Jawa Tengah Menurut Kabupaten/Kota, 2011-2015 (Ribu Rupiah)/","Per Capita GRDP at Current Market Prices by Regency/Municipality, in Jawa Tengah Province, 2011-2015 (Thousand Rupiahs)",13,3,9cc7ea8063a3
JAWA TENGAH,27,Kab. Pemalang,,2011,,9 .847,,"PDRB Per Kapita Atas Dasar Harga Berlaku di Provinsi Jawa Tengah Menurut Kabupaten/Kota, 2011-2015 (Ribu Rupiah)/","Per Capita GRDP at Current Market Prices by Regency/Municipality, in Jawa Tengah Province, 2011-2015 (Thousand Rupiahs)",13,3,be4ad32cb3ed
JAWA TENGAH,28,Kab. Tegal,,2011,,1 2.252,,"PDRB Per Kapita Atas Dasar Harga Berlaku di Provinsi Jawa Tengah Menurut Kabupaten/Kota, 2011-2015 (Ribu Rupiah)/","Per Capita GRDP at Current Market Prices by Regency/Municipality, in Jawa Tengah Province, 2011-2015 (Thousand Rupiahs)",13,3,06c17186ebdb
JAWA TENGAH,29,Kab. Brebes,,2011,,1 3.113,,"PDRB Per Kapita Atas Dasar Harga Berlaku di Provinsi Jawa Tengah Menurut Kabupaten/Kota, 2011-2015 (Ribu Rupiah)/","Per Capita GRDP at Current Market Prices by Regency/Municipality, in Jawa Tengah Province, 2011-2015 (Thousand Rupiahs)",13,3,c4efcf1bda96
JAWA TENGAH,71,Kota Magelang,,2011,,3 7.516,,"PDRB Per Kapita Atas Dasar Harga Berlaku di Provinsi Jawa Tengah Menurut Kabupaten/Kota, 2011-2015 (Ribu Rupiah)/","Per Capita GRDP at Current Market Prices by Regency/Municipality, in Jawa Tengah Province, 2011-2015 (Thousand Rupiahs)",13,3,bca7fbc7c737
JAWA TENGAH,72,Kota Surakarta,,2011,,4 7.545,,"PDRB Per Kapita Atas Dasar Harga Berlaku di Provinsi Jawa Tengah Menurut Kabupaten/Kota, 2011-2015 (Ribu Rupiah)/","Per Capita GRDP at Current Market Prices by Regency/Municipality, in Jawa Tengah Province, 2011-2015 (Thousand Rupiahs)",13,3,eec4f9ac4b40
JAWA TENGAH,73,Kota Salatiga,,2011,,3 8.133,,"PDRB Per Kapita Atas Dasar Harga Berlaku di Provinsi Jawa Tengah Menurut Kabupaten/Kota, 2011-2015 (Ribu Rupiah)/","Per Capita GRDP at Current Market Prices by Regency/Municipality, in Jawa Tengah Province, 2011-2015 (Thousand Rupiahs)",13,3,de527482b1dd
JAWA TENGAH,74,Kota Semarang,,2011,,5 7.308,,"PDRB Per Kapita Atas Dasar Harga Berlaku di Provinsi Jawa Tengah Menurut Kabupaten/Kota, 2011-2015 (Ribu Rupiah)/","Per Capita GRDP at Current Market Prices by Regency/Municipality, in Jawa Tengah Province, 2011-2015 (Thousand Rupiahs)",13,3,eb0ed14c1931
JAWA TENGAH,75,Kota Pekalongan,,2011,,1 8.186,,"PDRB Per Kapita Atas Dasar Harga Berlaku di Provinsi Jawa Tengah Menurut Kabupaten/Kota, 2011-2015 (Ribu Rupiah)/","Per Capita GRDP at Current Market Prices by Regency/Municipality, in Jawa Tengah Province, 2011-2015 (Thousand Rupiahs)",13,3,ad4d6df692e5
JAWA TENGAH,76,Kota Tegal,,2011,,3 2.126,,"PDRB Per Kapita Atas Dasar Harga Berlaku di Provinsi Jawa Tengah Menurut Kabupaten/Kota, 2011-2015 (Ribu Rupiah)/","Per Capita GRDP at Current Market Prices by Regency/Municipality, in Jawa Tengah Province, 2011-2015 (Thousand Rupiahs)",13,3,eede88ed3a53
JAWA TENGAH,,Jml Kab./Kota Total of Reg./Mun.,,2011,,2 1.164,,"PDRB Per Kapita Atas Dasar Harga Berlaku di Provinsi Jawa Tengah Menurut Kabupaten/Kota, 2011-2015 (Ribu Rupiah)/","Per Capita GRDP at Current Market Prices by Regency/Municipality, in Jawa Tengah Province, 2011-2015 (Thousand Rupiahs)",13,3,6bf3c2609a02
JAWA TENGAH,,Provinsi/Province,,2011,,2 1.163,,"PDRB Per Kapita Atas Dasar Harga Berlaku di Provinsi Jawa Tengah Menurut Kabupaten/Kota, 2011-2015 (Ribu Rupiah)/","Per Capita GRDP at Current Market Prices by Regency/Municipality, in Jawa Tengah Province, 2011-2015 (Thousand Rupiahs)",13,3,619fbd32edb0
DI YOGYAKARTA,01,Kab. Kulon Progo,,2011,,13.953,,"PDRB Per Kapita Atas Dasar Harga Berlaku di Provinsi DI Yogyakarta Menurut Kabupaten/Kota, 2011-2015 (Ribu Rupiah)/","Per Capita GRDP at Current Market Prices by Regency/Municipality, in DI Yogyakarta Province, 2011-2015 (Thousand Rupiahs)",14,4,74d5789ef6b8
DI YOGYAKARTA,02,Kab. Bantul,,2011,,1 4.413,,"PDRB Per Kapita Atas Dasar Harga Berlaku di Provinsi DI Yogyakarta Menurut Kabupaten/Kota, 2011-2015 (Ribu Rupiah)/","Per Capita GRDP at Current Market Prices by Regency/Municipality, in DI Yogyakarta Province, 2011-2015 (Thousand Rupiahs)",14,4,0f22691445ba
DI YOGYAKARTA,03,Kab. Gunung Kidul,,2011,,1 4.218,,"PDRB Per Kapita Atas Dasar Harga Berlaku di Provinsi DI Yogyakarta Menurut Kabupaten/Kota, 2011-2015 (Ribu Rupiah)/","Per Capita GRDP at Current Market Prices by Regency/Municipality, in DI Yogyakarta Province, 2011-2015 (Thousand Rupiahs)",14,4,21b6f24bc8ee
DI YOGYAKARTA,04,Kab. Sleman,,2011,,2 1.291,,"PDRB Per Kapita Atas Dasar Harga Berlaku di Provinsi DI Yogyakarta Menurut Kabupaten/Kota, 2011-2015 (Ribu Rupiah)/","Per Capita GRDP at Current Market Prices by Regency/Municipality, in DI Yogyakarta Province, 2011-2015 (Thousand Rupiahs)",14,4,175df2180aeb
DI YOGYAKARTA,71,Kota Yogyakarta,,2011,,4 8.400,,"PDRB Per Kapita Atas Dasar Harga Berlaku di Provinsi DI Yogyakarta Menurut Kabupaten/Kota, 2011-2015 (Ribu Rupiah)/","Per Capita GRDP at Current Market Prices by Regency/Municipality, in DI Yogyakarta Province, 2011-2015 (Thousand Rupiahs)",14,4,81d888f6acd5
DI YOGYAKARTA,,Jml Kab./Kota Total of Reg./Mun.,,2011,,2 0.311,,"PDRB Per Kapita Atas Dasar Harga Berlaku di Provinsi DI Yogyakarta Menurut Kabupaten/Kota, 2011-2015 (Ribu Rupiah)/","Per Capita GRDP at Current Market Prices by Regency/Municipality, in DI Yogyakarta Province, 2011-2015 (Thousand Rupiahs)",14,4,b0eaf830e72f
DI YOGYAKARTA,,Provinsi/Province,,2011,,2 0.333,,"PDRB Per Kapita Atas Dasar Harga Berlaku di Provinsi DI Yogyakarta Menurut Kabupaten/Kota, 2011-2015 (Ribu Rupiah)/","Per Capita GRDP at Current Market Prices by Regency/Municipality, in DI Yogyakarta Province, 2011-2015 (Thousand Rupiahs)",14,4,8e0931c2421f
JAWA TIMUR,01,Kab. Pacitan,,2011,,1 3.959,,"PDRB Per Kapita Atas Dasar Harga Berlaku di Provinsi Jawa Timur Menurut Kabupaten/Kota, 2011-2015 (Ribu Rupiah)/","Per Capita GRDP at Current Market Prices by Regency/Municipality, in Jawa Timur Province, 2011-2015 (Thousand Rupiahs)",15,5,102390d81938
JAWA TIMUR,02,Kab. Ponorogo,,2011,,1 1.591,,"PDRB Per Kapita Atas Dasar Harga Berlaku di Provinsi Jawa Timur Menurut Kabupaten/Kota, 2011-2015 (Ribu Rupiah)/","Per Capita GRDP at Current Market Prices by Regency/Municipality, in Jawa Timur Province, 2011-2015 (Thousand Rupiahs)",15,5,a2183002a88e
JAWA TIMUR,03,Kab. Trenggalek,,2011,,1 3.177,,"PDRB Per Kapita Atas Dasar Harga Berlaku di Provinsi Jawa Timur Menurut Kabupaten/Kota, 2011-2015 (Ribu Rupiah)/","Per Capita GRDP at Current Market Prices by Regency/Municipality, in Jawa Timur Province, 2011-2015 (Thousand Rupiahs)",15,5,ec41bd884f7f
JAWA TIMUR,04,Kab. Tulungagung,,2011,,1 8.884,,"PDRB Per Kapita Atas Dasar Harga Berlaku di Provinsi Jawa Timur Menurut Kabupaten/Kota, 2011-2015 (Ribu Rupiah)/","Per Capita GRDP at Current Market Prices by Regency/Municipality, in Jawa Timur Province, 2011-2015 (Thousand Rupiahs)",15,5,35115060f36f
JAWA TIMUR,05,Kab. Blitar,,2011,,1 6.015,,"PDRB Per Kapita Atas Dasar Harga Berlaku di Provinsi Jawa Timur Menurut Kabupaten/Kota, 2011-2015 (Ribu Rupiah)/","Per Capita GRDP at Current Market Prices by Regency/Municipality, in Jawa Timur Province, 2011-2015 (Thousand Rupiahs)",15,5,2c96be654858
JAWA TIMUR,06,Kab. Kediri,,2011,,1 3.503,,"PDRB Per Kapita Atas Dasar Harga Berlaku di Provinsi Jawa Timur Menurut Kabupaten/Kota, 2011-2015 (Ribu Rupiah)/","Per Capita GRDP at Current Market Prices by Regency/Municipality, in Jawa Timur Province, 2011-2015 (Thousand Rupiahs)",15,5,fcebcdde3a86
JAWA TIMUR,07,Kab. Malang,,2011,,1 9.003,,"PDRB Per Kapita Atas Dasar Harga Berlaku di Provinsi Jawa Timur Menurut Kabupaten/Kota, 2011-2015 (Ribu Rupiah)/","Per Capita GRDP at Current Market Prices by Regency/Municipality, in Jawa Timur Province, 2011-2015 (Thousand Rupiahs)",15,5,b923881ea32a
JAWA TIMUR,08,Kab. Lumajang,,2011,,1 5.866,,"PDRB Per Kapita Atas Dasar Harga Berlaku di Provinsi Jawa Timur Menurut Kabupaten/Kota, 2011-2015 (Ribu Rupiah)/","Per Capita GRDP at Current Market Prices by Regency/Municipality, in Jawa Timur Province, 2011-2015 (Thousand Rupiahs)",15,5,d9ebced14532
JAWA TIMUR,09,Kab. Jember,,2011,,1 5.792,,"PDRB Per Kapita Atas Dasar Harga Berlaku di Provinsi Jawa Timur Menurut Kabupaten/Kota, 2011-2015 (Ribu Rupiah)/","Per Capita GRDP at Current Market Prices by Regency/Municipality, in Jawa Timur Province, 2011-2015 (Thousand Rupiahs)",15,5,37350046cbb1
JAWA TIMUR,10,Kab. Banyuwangi,,2011,,2 3.579,,"PDRB Per Kapita Atas Dasar Harga Berlaku di Provinsi Jawa Timur Menurut Kabupaten/Kota, 2011-2015 (Ribu Rupiah)/","Per Capita GRDP at Current Market Prices by Regency/Municipality, in Jawa Timur Province, 2011-2015 (Thousand Rupiahs)",15,5,9e49aa60f43e
JAWA TIMUR,11,Kab. Bondowoso,,2011,,1 2.851,,"PDRB Per Kapita Atas Dasar Harga Berlaku di Provinsi Jawa Timur Menurut Kabupaten/Kota, 2011-2015 (Ribu Rupiah)/","Per Capita GRDP at Current Market Prices by Regency/Municipality, in Jawa Timur Province, 2011-2015 (Thousand Rupiahs)",15,5,f7c2048415a3
JAWA TIMUR,12,Kab. Situbondo,,2011,,1 4.590,,"PDRB Per Kapita Atas Dasar Harga Berlaku di Provinsi Jawa Timur Menurut Kabupaten/Kota, 2011-2015 (Ribu Rupiah)/","Per Capita GRDP at Current Market Prices by Regency/Municipality, in Jawa Timur Province, 2011-2015 (Thousand Rupiahs)",15,5,6ed512c1ccd6
JAWA TIMUR,13,Kab. Probolinggo,,2011,,1 5.231,,"PDRB Per Kapita Atas Dasar Harga Berlaku di Provinsi Jawa Timur Menurut Kabupaten/Kota, 2011-2015 (Ribu Rupiah)/","Per Capita GRDP at Current Market Prices by Regency/Municipality, in Jawa Timur Province, 2011-2015 (Thousand Rupiahs)",15,5,0fa500ba0cf0
JAWA TIMUR,14,Kab. Pasuruan,,2011,,4 5.448,,"PDRB Per Kapita Atas Dasar Harga Berlaku di Provinsi Jawa Timur Menurut Kabupaten/Kota, 2011-2015 (Ribu Rupiah)/","Per Capita GRDP at Current Market Prices by Regency/Municipality, in Jawa Timur Province, 2011-2015 (Thousand Rupiahs)",15,5,7c2a3559dd9b
JAWA TIMUR,15,Kab. Sidoarjo,,2011,,4 7.009,,"PDRB Per Kapita Atas Dasar Harga Berlaku di Provinsi Jawa Timur Menurut Kabupaten/Kota, 2011-2015 (Ribu Rupiah)/","Per Capita GRDP at Current Market Prices by Regency/Municipality, in Jawa Timur Province, 2011-2015 (Thousand Rupiahs)",15,5,cbbd7e83b516
JAWA TIMUR,16,Kab. Mojokerto,,2011,,3 7.230,,"PDRB Per Kapita Atas Dasar Harga Berlaku di Provinsi Jawa Timur Menurut Kabupaten/Kota, 2011-2015 (Ribu Rupiah)/","Per Capita GRDP at Current Market Prices by Regency/Municipality, in Jawa Timur Province, 2011-2015 (Thousand Rupiahs)",15,5,a416298a8d4a
JAWA TIMUR,17,Kab. Jombang,,2011,,1 6.054,,"PDRB Per Kapita Atas Dasar Harga Berlaku di Provinsi Jawa Timur Menurut Kabupaten/Kota, 2011-2015 (Ribu Rupiah)/","Per Capita GRDP at Current Market Prices by Regency/Municipality, in Jawa Timur Province, 2011-2015 (Thousand Rupiahs)",15,5,93cde189dc9e
JAWA TIMUR,18,Kab. Nganjuk,,2011,,1 2.415,,"PDRB Per Kapita Atas Dasar Harga Berlaku di Provinsi Jawa Timur Menurut Kabupaten/Kota, 2011-2015 (Ribu Rupiah)/","Per Capita GRDP at Current Market Prices by Regency/Municipality, in Jawa Timur Province, 2011-2015 (Thousand Rupiahs)",15,5,68487389b395
JAWA TIMUR,19,Kab. Madiun,,2011,,1 3.685,,"PDRB Per Kapita Atas Dasar Harga Berlaku di Provinsi Jawa Timur Menurut Kabupaten/Kota, 2011-2015 (Ribu Rupiah)/","Per Capita GRDP at Current Market Prices by Regency/Municipality, in Jawa Timur Province, 2011-2015 (Thousand Rupiahs)",15,5,c50f3088a817
JAWA TIMUR,20,Kab. Magetan,,2011,,1 4.819,,"PDRB Per Kapita Atas Dasar Harga Berlaku di Provinsi Jawa Timur Menurut Kabupaten/Kota, 2011-2015 (Ribu Rupiah)/","Per Capita GRDP at Current Market Prices by Regency/Municipality, in Jawa Timur Province, 2011-2015 (Thousand Rupiahs)",15,5,9825733b331c
JAWA TIMUR,21,Kab. Ngawi,,2011,,1 1.617,,"PDRB Per Kapita Atas Dasar Harga Berlaku di Provinsi Jawa Timur Menurut Kabupaten/Kota, 2011-2015 (Ribu Rupiah)/","Per Capita GRDP at Current Market Prices by Regency/Municipality, in Jawa Timur Province, 2011-2015 (Thousand Rupiahs)",15,5,c6b1a999949b
JAWA TIMUR,22,Kab. Bojonegoro,,2011,,3 3.961,,"PDRB Per Kapita Atas Dasar Harga Berlaku di Provinsi Jawa Timur Menurut Kabupaten/Kota, 2011-2015 (Ribu Rupiah)/","Per Capita GRDP at Current Market Prices by Regency/Municipality, in Jawa Timur Province, 2011-2015 (Thousand Rupiahs)",15,5,d6b3d8910a56
JAWA TIMUR,23,Kab. Tuban,,2011,,2 7.893,,"PDRB Per Kapita Atas Dasar Harga Berlaku di Provinsi Jawa Timur Menurut Kabupaten/Kota, 2011-2015 (Ribu Rupiah)/","Per Capita GRDP at Current Market Prices by Regency/Municipality, in Jawa Timur Province, 2011-2015 (Thousand Rupiahs)",15,5,f3e6f95a5157
JAWA TIMUR,24,Kab. Lamongan,,2011,,1 5.442,,"PDRB Per Kapita Atas Dasar Harga Berlaku di Provinsi Jawa Timur Menurut Kabupaten/Kota, 2011-2015 (Ribu Rupiah)/","Per Capita GRDP at Current Market Prices by Regency/Municipality, in Jawa Timur Province, 2011-2015 (Thousand Rupiahs)",15,5,fded0eef32d1
JAWA TIMUR,25,Kab. Gresik,,2011,,5 6.245,,"PDRB Per Kapita Atas Dasar Harga Berlaku di Provinsi Jawa Timur Menurut Kabupaten/Kota, 2011-2015 (Ribu Rupiah)/","Per Capita GRDP at Current Market Prices by Regency/Municipality, in Jawa Timur Province, 2011-2015 (Thousand Rupiahs)",15,5,420589ca418b
JAWA TIMUR,26,Kab. Bangkalan,,2011,,1 9.280,,"PDRB Per Kapita Atas Dasar Harga Berlaku di Provinsi Jawa Timur Menurut Kabupaten/Kota, 2011-2015 (Ribu Rupiah)/","Per Capita GRDP at Current Market Prices by Regency/Municipality, in Jawa Timur Province, 2011-2015 (Thousand Rupiahs)",15,5,0b1556e2d378
JAWA TIMUR,27,Kab. Sampang,,2011,,1 2.461,,"PDRB Per Kapita Atas Dasar Harga Berlaku di Provinsi Jawa Timur Menurut Kabupaten/Kota, 2011-2015 (Ribu Rupiah)/","Per Capita GRDP at Current Market Prices by Regency/Municipality, in Jawa Timur Province, 2011-2015 (Thousand Rupiahs)",15,5,fb6ec8d6687f
JAWA TIMUR,28,Kab. Pamekasan,,2011,,9 .812,,"PDRB Per Kapita Atas Dasar Harga Berlaku di Provinsi Jawa Timur Menurut Kabupaten/Kota, 2011-2015 (Ribu Rupiah)/","Per Capita GRDP at Current Market Prices by Regency/Municipality, in Jawa Timur Province, 2011-2015 (Thousand Rupiahs)",15,5,3a4986d54304
JAWA TIMUR,29,Kab. Sumenep,,2011,,1 6.615,,"PDRB Per Kapita Atas Dasar Harga Berlaku di Provinsi Jawa Timur Menurut Kabupaten/Kota, 2011-2015 (Ribu Rupiah)/","Per Capita GRDP at Current Market Prices by Regency/Municipality, in Jawa Timur Province, 2011-2015 (Thousand Rupiahs)",15,5,f3b3531fe301
JAWA TIMUR,71,Kota Kediri,,2011,,2 35.783,,"PDRB Per Kapita Atas Dasar Harga Berlaku di Provinsi Jawa Timur Menurut Kabupaten/Kota, 2011-2015 (Ribu Rupiah)/","Per Capita GRDP at Current Market Prices by Regency/Municipality, in Jawa Timur Province, 2011-2015 (Thousand Rupiahs)",15,5,337488fa2264
JAWA TIMUR,72,Kota Blitar,,2011,,2 3.844,,"PDRB Per Kapita Atas Dasar Harga Berlaku di Provinsi Jawa Timur Menurut Kabupaten/Kota, 2011-2015 (Ribu Rupiah)/","Per Capita GRDP at Current Market Prices by Regency/Municipality, in Jawa Timur Province, 2011-2015 (Thousand Rupiahs)",15,5,168c64a99ebc
JAWA TIMUR,73,Kota Malang,,2011,,4 2.207,,"PDRB Per Kapita Atas Dasar Harga Berlaku di Provinsi Jawa Timur Menurut Kabupaten/Kota, 2011-2015 (Ribu Rupiah)/","Per Capita GRDP at Current Market Prices by Regency/Municipality, in Jawa Timur Province, 2011-2015 (Thousand Rupiahs)",15,5,6c7aef6b50f1
JAWA TIMUR,74,Kota Probolinggo,,2011,,2 4.427,,"PDRB Per Kapita Atas Dasar Harga Berlaku di Provinsi Jawa Timur Menurut Kabupaten/Kota, 2011-2015 (Ribu Rupiah)/","Per Capita GRDP at Current Market Prices by Regency/Municipality, in Jawa Timur Province, 2011-2015 (Thousand Rupiahs)",15,5,4fa63cb7ba76
JAWA TIMUR,75,Kota Pasuruan,,2011,,2 1.171,,"PDRB Per Kapita Atas Dasar Harga Berlaku di Provinsi Jawa Timur Menurut Kabupaten/Kota, 2011-2015 (Ribu Rupiah)/","Per Capita GRDP at Current Market Prices by Regency/Municipality, in Jawa Timur Province, 2011-2015 (Thousand Rupiahs)",15,5,d06e5c01b1a8
JAWA TIMUR,76,Kota Mojokerto,,2011,,2 7.252,,"PDRB Per Kapita Atas Dasar Harga Berlaku di Provinsi Jawa Timur Menurut Kabupaten/Kota, 2011-2015 (Ribu Rupiah)/","Per Capita GRDP at Current Market Prices by Regency/Municipality, in Jawa Timur Province, 2011-2015 (Thousand Rupiahs)",15,5,9d7bd00156cb
JAWA TIMUR,77,Kota Madiun,,2011,,3 9.596,,"PDRB Per Kapita Atas Dasar Harga Berlaku di Provinsi Jawa Timur Menurut Kabupaten/Kota, 2011-2015 (Ribu Rupiah)/","Per Capita GRDP at Current Market Prices by Regency/Municipality, in Jawa Timur Province, 2011-2015 (Thousand Rupiahs)",15,5,d6e49fce7942
JAWA TIMUR,78,Kota Surabaya,,2011,,9 3.861,,"PDRB Per Kapita Atas Dasar Harga Berlaku di Provinsi Jawa Timur Menurut Kabupaten/Kota, 2011-2015 (Ribu Rupiah)/","Per Capita GRDP at Current Market Prices by Regency/Municipality, in Jawa Timur Province, 2011-2015 (Thousand Rupiahs)",15,5,fa58c878edb9
JAWA TIMUR,79,Kota Batu,,2011,,3 7.938,,"PDRB Per Kapita Atas Dasar Harga Berlaku di Provinsi Jawa Timur Menurut Kabupaten/Kota, 2011-2015 (Ribu Rupiah)/","Per Capita GRDP at Current Market Prices by Regency/Municipality, in Jawa Timur Province, 2011-2015 (Thousand Rupiahs)",15,5,9ff64a260339
JAWA TIMUR,,Jml Kab./Kota Total of Reg./Mun.,,2011,,29.646,,"PDRB Per Kapita Atas Dasar Harga Berlaku di Provinsi Jawa Timur Menurut Kabupaten/Kota, 2011-2015 (Ribu Rupiah)/","Per Capita GRDP at Current Market Prices by Regency/Municipality, in Jawa Timur Province, 2011-2015 (Thousand Rupiahs)",15,5,c1de7f62d677
JAWA TIMUR,,Provinsi/Province,,2011,,29.613,,"PDRB Per Kapita Atas Dasar Harga Berlaku di Provinsi Jawa Timur Menurut Kabupaten/Kota, 2011-2015 (Ribu Rupiah)/","Per Capita GRDP at Current Market Prices by Regency/Municipality, in Jawa Timur Province, 2011-2015 (Thousand Rupiahs)",15,5,cbebe9b592a8
BANTEN,01,Kab. Pandeglang,,2011,,1 1.766,,"PDRB Per Kapita Atas Dasar Harga Berlaku di Provinsi Banten Menurut Kabupaten/Kota, 2011-2015 (Ribu Rupiah)/","Per Capita GRDP at Current Market Prices by Regency/Municipality, in Banten Province, 2011-2015 (Thousand Rupiahs)",16,6,105564babbe5
BANTEN,02,Kab. Lebak,,2011,,1 1.416,,"PDRB Per Kapita Atas Dasar Harga Berlaku di Provinsi Banten Menurut Kabupaten/Kota, 2011-2015 (Ribu Rupiah)/","Per Capita GRDP at Current Market Prices by Regency/Municipality, in Banten Province, 2011-2015 (Thousand Rupiahs)",16,6,22379c2e621c
BANTEN,03,Kab. Tangerang,,2011,,2 2.262,,"PDRB Per Kapita Atas Dasar Harga Berlaku di Provinsi Banten Menurut Kabupaten/Kota, 2011-2015 (Ribu Rupiah)/","Per Capita GRDP at Current Market Prices by Regency/Municipality, in Banten Province, 2011-2015 (Thousand Rupiahs)",16,6,4e656d9b352c
BANTEN,04,Kab. Serang,,2011,,2 6.822,,"PDRB Per Kapita Atas Dasar Harga Berlaku di Provinsi Banten Menurut Kabupaten/Kota, 2011-2015 (Ribu Rupiah)/","Per Capita GRDP at Current Market Prices by Regency/Municipality, in Banten Province, 2011-2015 (Thousand Rupiahs)",16,6,76e3070d1d69
BANTEN,71,Kota Tangerang,,2011,,4 0.779,,"PDRB Per Kapita Atas Dasar Harga Berlaku di Provinsi Banten Menurut Kabupaten/Kota, 2011-2015 (Ribu Rupiah)/","Per Capita GRDP at Current Market Prices by Regency/Municipality, in Banten Province, 2011-2015 (Thousand Rupiahs)",16,6,8a45ba80d7a8
BANTEN,72,Kota Cilegon,,2011,,1 29.792,,"PDRB Per Kapita Atas Dasar Harga Berlaku di Provinsi Banten Menurut Kabupaten/Kota, 2011-2015 (Ribu Rupiah)/","Per Capita GRDP at Current Market Prices by Regency/Municipality, in Banten Province, 2011-2015 (Thousand Rupiahs)",16,6,8cb5e7c30d54
BANTEN,73,Kota Serang,,2011,,2 3.856,,"PDRB Per Kapita Atas Dasar Harga Berlaku di Provinsi Banten Menurut Kabupaten/Kota, 2011-2015 (Ribu Rupiah)/","Per Capita GRDP at Current Market Prices by Regency/Municipality, in Banten Province, 2011-2015 (Thousand Rupiahs)",16,6,df086f4ce8d3
BANTEN,74,Kota Tangerang Selatan,,2011,,2 5.921,,"PDRB Per Kapita Atas Dasar Harga Berlaku di Provinsi Banten Menurut Kabupaten/Kota, 2011-2015 (Ribu Rupiah)/","Per Capita GRDP at Current Market Prices by Regency/Municipality, in Banten Province, 2011-2015 (Thousand Rupiahs)",16,6,33da2b2fce78
BANTEN,,Jml Kab./Kota Total of Reg./Mun.,,2011,,2 7.977,,"PDRB Per Kapita Atas Dasar Harga Berlaku di Provinsi Banten Menurut Kabupaten/Kota, 2011-2015 (Ribu Rupiah)/","Per Capita GRDP at Current Market Prices by Regency/Municipality, in Banten Province, 2011-2015 (Thousand Rupiahs)",16,6,6f170bf34594
BANTEN,,Provinsi/Province,,2011,,2 7.977,,"PDRB Per Kapita Atas Dasar Harga Berlaku di Provinsi Banten Menurut Kabupaten/Kota, 2011-2015 (Ribu Rupiah)/","Per Capita GRDP at Current Market Prices by Regency/Municipality, in Banten Province, 2011-2015 (Thousand Rupiahs)",16,6,6681e9588a57
BALI,01,Kab. Jembrana,,2011,,2 3.814,,"PDRB Per Kapita Atas Dasar Harga Berlaku di Provinsi Bali Menurut Kabupaten/Kota, 2011-2015 (Ribu Rupiah)/","Per Capita GRDP at Current Market Prices by Regency/Municipality, in Bali Province, 2011-2015 (Thousand Rupiahs)",17,7,8cd487f58197
BALI,02,Kab. Tabanan,,2011,,2 4.356,,"PDRB Per Kapita Atas Dasar Harga Berlaku di Provinsi Bali Menurut Kabupaten/Kota, 2011-2015 (Ribu Rupiah)/","Per Capita GRDP at Current Market Prices by Regency/Municipality, in Bali Province, 2011-2015 (Thousand Rupiahs)",17,7,4dc71978469a
BALI,03,Kab. Badung,,2011,,4 1.912,,"PDRB Per Kapita Atas Dasar Harga Berlaku di Provinsi Bali Menurut Kabupaten/Kota, 2011-2015 (Ribu Rupiah)/","Per Capita GRDP at Current Market Prices by Regency/Municipality, in Bali Province, 2011-2015 (Thousand Rupiahs)",17,7,1194be29831a
BALI,04,Kab. Gianyar,,2011,,2 5.477,,"PDRB Per Kapita Atas Dasar Harga Berlaku di Provinsi Bali Menurut Kabupaten/Kota, 2011-2015 (Ribu Rupiah)/","Per Capita GRDP at Current Market Prices by Regency/Municipality, in Bali Province, 2011-2015 (Thousand Rupiahs)",17,7,da9e8b5dc1e6
BALI,05,Kab. Klungkung,,2011,,2 3.062,,"PDRB Per Kapita Atas Dasar Harga Berlaku di Provinsi Bali Menurut Kabupaten/Kota, 2011-2015 (Ribu Rupiah)/","Per Capita GRDP at Current Market Prices by Regency/Municipality, in Bali Province, 2011-2015 (Thousand Rupiahs)",17,7,9a04aebc4849
BALI,06,Kab. Bangli,,2011,,1 4.024,,"PDRB Per Kapita Atas Dasar Harga Berlaku di Provinsi Bali Menurut Kabupaten/Kota, 2011-2015 (Ribu Rupiah)/","Per Capita GRDP at Current Market Prices by Regency/Municipality, in Bali Province, 2011-2015 (Thousand Rupiahs)",17,7,ed51f176c54a
BALI,07,Kab. Karangasem,,2011,,1 8.608,,"PDRB Per Kapita Atas Dasar Harga Berlaku di Provinsi Bali Menurut Kabupaten/Kota, 2011-2015 (Ribu Rupiah)/","Per Capita GRDP at Current Market Prices by Regency/Municipality, in Bali Province, 2011-2015 (Thousand Rupiahs)",17,7,738716da0166
BALI,08,Kab. Buleleng,,2011,,2 4.099,,"PDRB Per Kapita Atas Dasar Harga Berlaku di Provinsi Bali Menurut Kabupaten/Kota, 2011-2015 (Ribu Rupiah)/","Per Capita GRDP at Current Market Prices by Regency/Municipality, in Bali Province, 2011-2015 (Thousand Rupiahs)",17,7,f63f1dffa563
BALI,71,Kota Denpasar,,2011,,2 7.949,,"PDRB Per Kapita Atas Dasar Harga Berlaku di Provinsi Bali Menurut Kabupaten/Kota, 2011-2015 (Ribu Rupiah)/","Per Capita GRDP at Current Market Prices by Regency/Municipality, in Bali Province, 2011-2015 (Thousand Rupiahs)",17,7,6ed5b0bbec6e
BALI,,Jml Kab./Kota Total of Reg./Mun.,,2011,,2 6.433,,"PDRB Per Kapita Atas Dasar Harga Berlaku di Provinsi Bali Menurut Kabupaten/Kota, 2011-2015 (Ribu Rupiah)/","Per Capita GRDP at Current Market Prices by Regency/Municipality, in Bali Province, 2011-2015 (Thousand Rupiahs)",17,7,9fbbb9e18c1b
BALI,,Provinsi/Province,,2011,,2 6.433,,"PDRB Per Kapita Atas Dasar Harga Berlaku di Provinsi Bali Menurut Kabupaten/Kota, 2011-2015 (Ribu Rupiah)/","Per Capita GRDP at Current Market Prices by Regency/Municipality, in Bali Province, 2011-2015 (Thousand Rupiahs)",17,7,a6b823669929
NUSA TENGGARA BARAT,01,Kab. Lombok Barat,,2011,,1 2.506,,"PDRB Per Kapita Atas Dasar Harga Berlaku di Provinsi Nusa Tenggara Barat Menurut Kabupaten/Kota, 2011-2015 (Ribu Rupiah)/","Per Capita GRDP at Current Market Prices by Regency/Municipality, in Nusa Tenggara Barat Province, 2011-2015 (Thousand Rupiahs)",18,8,b152e75c807a
NUSA TENGGARA BARAT,02,Kab. Lombok Tengah,,2011,,8 .916,,"PDRB Per Kapita Atas Dasar Harga Berlaku di Provinsi Nusa Tenggara Barat Menurut Kabupaten/Kota, 2011-2015 (Ribu Rupiah)/","Per Capita GRDP at Current Market Prices by Regency/Municipality, in Nusa Tenggara Barat Province, 2011-2015 (Thousand Rupiahs)",18,8,9f1a33664a19
NUSA TENGGARA BARAT,03,Kab. Lombok Timur,,2011,,8 .851,,"PDRB Per Kapita Atas Dasar Harga Berlaku di Provinsi Nusa Tenggara Barat Menurut Kabupaten/Kota, 2011-2015 (Ribu Rupiah)/","Per Capita GRDP at Current Market Prices by Regency/Municipality, in Nusa Tenggara Barat Province, 2011-2015 (Thousand Rupiahs)",18,8,f4c3f59d802f
NUSA TENGGARA BARAT,04,Kab. Sumbawa,,2011,,1 6.120,,"PDRB Per Kapita Atas Dasar Harga Berlaku di Provinsi Nusa Tenggara Barat Menurut Kabupaten/Kota, 2011-2015 (Ribu Rupiah)/","Per Capita GRDP at Current Market Prices by Regency/Municipality, in Nusa Tenggara Barat Province, 2011-2015 (Thousand Rupiahs)",18,8,74f185cc537b
NUSA TENGGARA BARAT,05,Kab. Dompu,,2011,,1 5.232,,"PDRB Per Kapita Atas Dasar Harga Berlaku di Provinsi Nusa Tenggara Barat Menurut Kabupaten/Kota, 2011-2015 (Ribu Rupiah)/","Per Capita GRDP at Current Market Prices by Regency/Municipality, in Nusa Tenggara Barat Province, 2011-2015 (Thousand Rupiahs)",18,8,78fb91dcf880
NUSA TENGGARA BARAT,06,Kab. Bima,,2011,,1 2.435,,"PDRB Per Kapita Atas Dasar Harga Berlaku di Provinsi Nusa Tenggara Barat Menurut Kabupaten/Kota, 2011-2015 (Ribu Rupiah)/","Per Capita GRDP at Current Market Prices by Regency/Municipality, in Nusa Tenggara Barat Province, 2011-2015 (Thousand Rupiahs)",18,8,e7cbccebc52b
NUSA TENGGARA BARAT,07,Kab. Sumbawa Barat,,2011,,1 16.108,,"PDRB Per Kapita Atas Dasar Harga Berlaku di Provinsi Nusa Tenggara Barat Menurut Kabupaten/Kota, 2011-2015 (Ribu Rupiah)/","Per Capita GRDP at Current Market Prices by Regency/Municipality, in Nusa Tenggara Barat Province, 2011-2015 (Thousand Rupiahs)",18,8,afd5e3038070
NUSA TENGGARA BARAT,08,Kab. Lombok Utara,,2011,,1 2.597,,"PDRB Per Kapita Atas Dasar Harga Berlaku di Provinsi Nusa Tenggara Barat Menurut Kabupaten/Kota, 2011-2015 (Ribu Rupiah)/","Per Capita GRDP at Current Market Prices by Regency/Municipality, in Nusa Tenggara Barat Province, 2011-2015 (Thousand Rupiahs)",18,8,b14fcfecffeb
NUSA TENGGARA BARAT,71,Kota Mataram,,2011,,2 1.095,,"PDRB Per Kapita Atas Dasar Harga Berlaku di Provinsi Nusa Tenggara Barat Menurut Kabupaten/Kota, 2011-2015 (Ribu Rupiah)/","Per Capita GRDP at Current Market Prices by Regency/Municipality, in Nusa Tenggara Barat Province, 2011-2015 (Thousand Rupiahs)",18,8,dadaa0997baf
NUSA TENGGARA BARAT,72,Kota Bima,,2011,,1 3.806,,"PDRB Per Kapita Atas Dasar Harga Berlaku di Provinsi Nusa Tenggara Barat Menurut Kabupaten/Kota, 2011-2015 (Ribu Rupiah)/","Per Capita GRDP at Current Market Prices by Regency/Municipality, in Nusa Tenggara Barat Province, 2011-2015 (Thousand Rupiahs)",18,8,91ffbf9bcdad
NUSA TENGGARA BARAT,,Jml Kab./Kota Total of Reg./Mun.,,2011,,1 4.896,,"PDRB Per Kapita Atas Dasar Harga Berlaku di Provinsi Nusa Tenggara Barat Menurut Kabupaten/Kota, 2011-2015 (Ribu Rupiah)/","Per Capita GRDP at Current Market Prices by Regency/Municipality, in Nusa Tenggara Barat Province, 2011-2015 (Thousand Rupiahs)",18,8,9ac78b447ccc
NUSA TENGGARA BARAT,,Provinsi/Province,,2011,,1 4.880,,"PDRB Per Kapita Atas Dasar Harga Berlaku di Provinsi Nusa Tenggara Barat Menurut Kabupaten/Kota, 2011-2015 (Ribu Rupiah)/","Per Capita GRDP at Current Market Prices by Regency/Municipality, in Nusa Tenggara Barat Province, 2011-2015 (Thousand Rupiahs)",18,8,74d10af91757
NUSA TENGGARA TIMUR,01,Kab. Sumba Barat,,2011,,9 .156,,"PDRB Per Kapita Atas Dasar Harga Berlaku di Provinsi Nusa Tenggara Timur Menurut Kabupaten/Kota, 2011-2015 (Ribu Rupiah)/","Per Capita GRDP at Current Market Prices by Regency/Municipality, in Nusa Tenggara Timur Province, 2011-2015 (Thousand Rupiahs)",19,9,18d47172c85e
NUSA TENGGARA TIMUR,02,Kab. Sumba Timur,,2011,,1 2.236,,"PDRB Per Kapita Atas Dasar Harga Berlaku di Provinsi Nusa Tenggara Timur Menurut Kabupaten/Kota, 2011-2015 (Ribu Rupiah)/","Per Capita GRDP at Current Market Prices by Regency/Municipality, in Nusa Tenggara Timur Province, 2011-2015 (Thousand Rupiahs)",19,9,de2a2a86d3a0
NUSA TENGGARA TIMUR,03,Kab. Kupang,,2011,,1 1.247,,"PDRB Per Kapita Atas Dasar Harga Berlaku di Provinsi Nusa Tenggara Timur Menurut Kabupaten/Kota, 2011-2015 (Ribu Rupiah)/","Per Capita GRDP at Current Market Prices by Regency/Municipality, in Nusa Tenggara Timur Province, 2011-2015 (Thousand Rupiahs)",19,9,ea4078a57787
NUSA TENGGARA TIMUR,04,Kab. Timor Tengah Selatan,,2011,,7 .977,,"PDRB Per Kapita Atas Dasar Harga Berlaku di Provinsi Nusa Tenggara Timur Menurut Kabupaten/Kota, 2011-2015 (Ribu Rupiah)/","Per Capita GRDP at Current Market Prices by Regency/Municipality, in Nusa Tenggara Timur Province, 2011-2015 (Thousand Rupiahs)",19,9,3b32cc90df1f
NUSA TENGGARA TIMUR,05,Kab. Timor Tengah Utara,,2011,,8 .848,,"PDRB Per Kapita Atas Dasar Harga Berlaku di Provinsi Nusa Tenggara Timur Menurut Kabupaten/Kota, 2011-2015 (Ribu Rupiah)/","Per Capita GRDP at Current Market Prices by Regency/Municipality, in Nusa Tenggara Timur Province, 2011-2015 (Thousand Rupiahs)",19,9,d2f92bff220b
NUSA TENGGARA TIMUR,06,Kab. Belu,,2011,,9 .149,,"PDRB Per Kapita Atas Dasar Harga Berlaku di Provinsi Nusa Tenggara Timur Menurut Kabupaten/Kota, 2011-2015 (Ribu Rupiah)/","Per Capita GRDP at Current Market Prices by Regency/Municipality, in Nusa Tenggara Timur Province, 2011-2015 (Thousand Rupiahs)",19,9,9bc89fe72307
NUSA TENGGARA TIMUR,21,Kab. Malaka,#),2011,,-,,"PDRB Per Kapita Atas Dasar Harga Berlaku di Provinsi Nusa Tenggara Timur Menurut Kabupaten/Kota, 2011-2015 (Ribu Rupiah)/","Per Capita GRDP at Current Market Prices by Regency/Municipality, in Nusa Tenggara Timur Province, 2011-2015 (Thousand Rupiahs)",19,9,2a33a9b6599a
NUSA TENGGARA TIMUR,07,Kab. Alor,,2011,,7 .501,,"PDRB Per Kapita Atas Dasar Harga Berlaku di Provinsi Nusa Tenggara Timur Menurut Kabupaten/Kota, 2011-2015 (Ribu Rupiah)/","Per Capita GRDP at Current Market Prices by Regency/Municipality, in Nusa Tenggara Timur Province, 2011-2015 (Thousand Rupiahs)",19,9,273c05dcf50d
NUSA TENGGARA TIMUR,08,Kab. Lembata,,2011,,7 .088,,"PDRB Per Kapita Atas Dasar Harga Berlaku di Provinsi Nusa Tenggara Timur Menurut Kabupaten/Kota, 2011-2015 (Ribu Rupiah)/","Per Capita GRDP at Current Market Prices by Regency/Municipality, in Nusa Tenggara Timur Province, 2011-2015 (Thousand Rupiahs)",19,9,af14e93fce67
NUSA TENGGARA TIMUR,09,Kab. Flores Timur,,2011,,1 0.892,,"PDRB Per Kapita Atas Dasar Harga Berlaku di Provinsi Nusa Tenggara Timur Menurut Kabupaten/Kota, 2011-2015 (Ribu Rupiah)/","Per Capita GRDP at Current Market Prices by Regency/Municipality, in Nusa Tenggara Timur Province, 2011-2015 (Thousand Rupiahs)",19,9,442f239acd39
NUSA TENGGARA TIMUR,10,Kab. Sikka,,2011,,8 .033,,"PDRB Per Kapita Atas Dasar Harga Berlaku di Provinsi Nusa Tenggara Timur Menurut Kabupaten/Kota, 2011-2015 (Ribu Rupiah)/","Per Capita GRDP at Current Market Prices by Regency/Municipality, in Nusa Tenggara Timur Province, 2011-2015 (Thousand Rupiahs)",19,9,ed4607f93382
NUSA TENGGARA TIMUR,11,Kab. Ende,,2011,,1 1.181,,"PDRB Per Kapita Atas Dasar Harga Berlaku di Provinsi Nusa Tenggara Timur Menurut Kabupaten/Kota, 2011-2015 (Ribu Rupiah)/","Per Capita GRDP at Current Market Prices by Regency/Municipality, in Nusa Tenggara Timur Province, 2011-2015 (Thousand Rupiahs)",19,9,54c286bb6400
NUSA TENGGARA TIMUR,12,Kab. Ngada,,2011,,1 1.138,,"PDRB Per Kapita Atas Dasar Harga Berlaku di Provinsi Nusa Tenggara Timur Menurut Kabupaten/Kota, 2011-2015 (Ribu Rupiah)/","Per Capita GRDP at Current Market Prices by Regency/Municipality, in Nusa Tenggara Timur Province, 2011-2015 (Thousand Rupiahs)",19,9,377ea22a413f
NUSA TENGGARA TIMUR,13,Kab. Manggarai,,2011,,7 .161,,"PDRB Per Kapita Atas Dasar Harga Berlaku di Provinsi Nusa Tenggara Timur Menurut Kabupaten/Kota, 2011-2015 (Ribu Rupiah)/","Per Capita GRDP at Current Market Prices by Regency/Municipality, in Nusa Tenggara Timur Province, 2011-2015 (Thousand Rupiahs)",19,9,e087c1c4f982
NUSA TENGGARA TIMUR,14,Kab. Rote Ndao,,2011,,1 0.902,,"PDRB Per Kapita Atas Dasar Harga Berlaku di Provinsi Nusa Tenggara Timur Menurut Kabupaten/Kota, 2011-2015 (Ribu Rupiah)/","Per Capita GRDP at Current Market Prices by Regency/Municipality, in Nusa Tenggara Timur Province, 2011-2015 (Thousand Rupiahs)",19,9,4e19aaf36a5e
NUSA TENGGARA TIMUR,15,Kab. Manggarai Barat,,2011,,7 .192,,"PDRB Per Kapita Atas Dasar Harga Berlaku di Provinsi Nusa Tenggara Timur Menurut Kabupaten/Kota, 2011-2015 (Ribu Rupiah)/","Per Capita GRDP at Current Market Prices by Regency/Municipality, in Nusa Tenggara Timur Province, 2011-2015 (Thousand Rupiahs)",19,9,5b9dcaf95403
NUSA TENGGARA TIMUR,16,Kab. Sumba Tengah,,2011,,8 .604,,"PDRB Per Kapita Atas Dasar Harga Berlaku di Provinsi Nusa Tenggara Timur Menurut Kabupaten/Kota, 2011-2015 (Ribu Rupiah)/","Per Capita GRDP at Current Market Prices by Regency/Municipality, in Nusa Tenggara Timur Province, 2011-2015 (Thousand Rupiahs)",19,9,68285deeae01
NUSA TENGGARA TIMUR,17,Kab. Sumba Barat Daya,,2011,,5 .741,,"PDRB Per Kapita Atas Dasar Harga Berlaku di Provinsi Nusa Tenggara Timur Menurut Kabupaten/Kota, 2011-2015 (Ribu Rupiah)/","Per Capita GRDP at Current Market Prices by Regency/Municipality, in Nusa Tenggara Timur Province, 2011-2015 (Thousand Rupiahs)",19,9,7754c79977ae
NUSA TENGGARA TIMUR,18,Kab. Nagekeo,,2011,,7 .776,,"PDRB Per Kapita Atas Dasar Harga Berlaku di Provinsi Nusa Tenggara Timur Menurut Kabupaten/Kota, 2011-2015 (Ribu Rupiah)/","Per Capita GRDP at Current Market Prices by Regency/Municipality, in Nusa Tenggara Timur Province, 2011-2015 (Thousand Rupiahs)",19,9,1f84565dc7e9
NUSA TENGGARA TIMUR,19,Kab. Manggarai Timur,,2011,,5 .586,,"PDRB Per Kapita Atas Dasar Harga Berlaku di Provinsi Nusa Tenggara Timur Menurut Kabupaten/Kota, 2011-2015 (Ribu Rupiah)/","Per Capita GRDP at Current Market Prices by Regency/Municipality, in Nusa Tenggara Timur Province, 2011-2015 (Thousand Rupiahs)",19,9,75b678ce82b4
NUSA TENGGARA TIMUR,20,Kab. Sabu Raijua,,2011,,7 .693,,"PDRB Per Kapita Atas Dasar Harga Berlaku di Provinsi Nusa Tenggara Timur Menurut Kabupaten/Kota, 2011-2015 (Ribu Rupiah)/","Per Capita GRDP at Current Market Prices by Regency/Municipality, in Nusa Tenggara Timur Province, 2011-2015 (Thousand Rupiahs)",19,9,6748f854e834
NUSA TENGGARA TIMUR,71,Kota Kupang,,2011,,2 9.596,,"PDRB Per Kapita Atas Dasar Harga Berlaku di Provinsi Nusa Tenggara Timur Menurut Kabupaten/Kota, 2011-2015 (Ribu Rupiah)/","Per Capita GRDP at Current Market Prices by Regency/Municipality, in Nusa Tenggara Timur Province, 2011-2015 (Thousand Rupiahs)",19,9,29cf8837dcb0
NUSA TENGGARA TIMUR,,Jml Kab./Kota Total of Reg./Mun.,,2011,,1 0.230,,"PDRB Per Kapita Atas Dasar Harga Berlaku di Provinsi Nusa Tenggara Timur Menurut Kabupaten/Kota, 2011-2015 (Ribu Rupiah)/","Per Capita GRDP at Current Market Prices by Regency/Municipality, in Nusa Tenggara Timur Province, 2011-2015 (Thousand Rupiahs)",19,9,c1e785189cb0
NUSA TENGGARA TIMUR,,Provinsi/Province,,2011,,1 0.194,,"PDRB Per Kapita Atas Dasar Harga Berlaku di Provinsi Nusa Tenggara Timur Menurut Kabupaten/Kota, 2011-2015 (Ribu Rupiah)/","Per Capita GRDP at Current Market Prices by Regency/Municipality, in Nusa Tenggara Timur Province, 2011-2015 (Thousand Rupiahs)",19,9,129df80967b6
KALIMANTAN BARAT,01,Kab. Sambas,,2011,,1 9.132,,"PDRB Per Kapita Atas Dasar Harga Berlaku di Provinsi Kalimantan Barat Menurut Kabupaten/Kota, 2011-2015 (Ribu Rupiah)/","Per Capita GRDP at Current Market Prices by Regency/Municipality, in Kalimantan Barat Province, 2011-2015 (Thousand Rupiahs)",20,10,54517d871024
KALIMANTAN BARAT,02,Kab. Bengkayang,,2011,,1 8.404,,"PDRB Per Kapita Atas Dasar Harga Berlaku di Provinsi Kalimantan Barat Menurut Kabupaten/Kota, 2011-2015 (Ribu Rupiah)/","Per Capita GRDP at Current Market Prices by Regency/Municipality, in Kalimantan Barat Province, 2011-2015 (Thousand Rupiahs)",20,10,344eefc91839
KALIMANTAN BARAT,03,Kab. Landak,,2011,,1 4.770,,"PDRB Per Kapita Atas Dasar Harga Berlaku di Provinsi Kalimantan Barat Menurut Kabupaten/Kota, 2011-2015 (Ribu Rupiah)/","Per Capita GRDP at Current Market Prices by Regency/Municipality, in Kalimantan Barat Province, 2011-2015 (Thousand Rupiahs)",20,10,61a26a63feef
KALIMANTAN BARAT,04,Kab. Mempawah,x),2011,,1 5.197,,"PDRB Per Kapita Atas Dasar Harga Berlaku di Provinsi Kalimantan Barat Menurut Kabupaten/Kota, 2011-2015 (Ribu Rupiah)/","Per Capita GRDP at Current Market Prices by Regency/Municipality, in Kalimantan Barat Province, 2011-2015 (Thousand Rupiahs)",20,10,0c0bdd1d9b94
KALIMANTAN BARAT,05,Kab. Sanggau,,2011,,2 3.763,,"PDRB Per Kapita Atas Dasar Harga Berlaku di Provinsi Kalimantan Barat Menurut Kabupaten/Kota, 2011-2015 (Ribu Rupiah)/","Per Capita GRDP at Current Market Prices by Regency/Municipality, in Kalimantan Barat Province, 2011-2015 (Thousand Rupiahs)",20,10,fb6162977268
KALIMANTAN BARAT,06,Kab. Ketapang,,2011,,2 8.407,,"PDRB Per Kapita Atas Dasar Harga Berlaku di Provinsi Kalimantan Barat Menurut Kabupaten/Kota, 2011-2015 (Ribu Rupiah)/","Per Capita GRDP at Current Market Prices by Regency/Municipality, in Kalimantan Barat Province, 2011-2015 (Thousand Rupiahs)",20,10,2312ff1adbea
KALIMANTAN BARAT,07,Kab. Sintang,,2011,,1 8.039,,"PDRB Per Kapita Atas Dasar Harga Berlaku di Provinsi Kalimantan Barat Menurut Kabupaten/Kota, 2011-2015 (Ribu Rupiah)/","Per Capita GRDP at Current Market Prices by Regency/Municipality, in Kalimantan Barat Province, 2011-2015 (Thousand Rupiahs)",20,10,88e0dba1f14e
KALIMANTAN BARAT,08,Kab. Kapuas Hulu,,2011,,2 0.618,,"PDRB Per Kapita Atas Dasar Harga Berlaku di Provinsi Kalimantan Barat Menurut Kabupaten/Kota, 2011-2015 (Ribu Rupiah)/","Per Capita GRDP at Current Market Prices by Regency/Municipality, in Kalimantan Barat Province, 2011-2015 (Thousand Rupiahs)",20,10,afb0b0fffbec
KALIMANTAN BARAT,09,Kab. Sekadau,,2011,,1 5.449,,"PDRB Per Kapita Atas Dasar Harga Berlaku di Provinsi Kalimantan Barat Menurut Kabupaten/Kota, 2011-2015 (Ribu Rupiah)/","Per Capita GRDP at Current Market Prices by Regency/Municipality, in Kalimantan Barat Province, 2011-2015 (Thousand Rupiahs)",20,10,d8f360ef5608
KALIMANTAN BARAT,10,Kab. Melawi,,2011,,1 3.318,,"PDRB Per Kapita Atas Dasar Harga Berlaku di Provinsi Kalimantan Barat Menurut Kabupaten/Kota, 2011-2015 (Ribu Rupiah)/","Per Capita GRDP at Current Market Prices by Regency/Municipality, in Kalimantan Barat Province, 2011-2015 (Thousand Rupiahs)",20,10,bb572fa26055
KALIMANTAN BARAT,11,Kab. Kayong Utara,,2011,,1 8.114,,"PDRB Per Kapita Atas Dasar Harga Berlaku di Provinsi Kalimantan Barat Menurut Kabupaten/Kota, 2011-2015 (Ribu Rupiah)/","Per Capita GRDP at Current Market Prices by Regency/Municipality, in Kalimantan Barat Province, 2011-2015 (Thousand Rupiahs)",20,10,1971fcfc2fe1
KALIMANTAN BARAT,12,Kab. Kubu Raya,,2011,,2 3.187,,"PDRB Per Kapita Atas Dasar Harga Berlaku di Provinsi Kalimantan Barat Menurut Kabupaten/Kota, 2011-2015 (Ribu Rupiah)/","Per Capita GRDP at Current Market Prices by Regency/Municipality, in Kalimantan Barat Province, 2011-2015 (Thousand Rupiahs)",20,10,692e46e3b9ed
KALIMANTAN BARAT,71,Kota Pontianak,,2011,,2 9.793,,"PDRB Per Kapita Atas Dasar Harga Berlaku di Provinsi Kalimantan Barat Menurut Kabupaten/Kota, 2011-2015 (Ribu Rupiah)/","Per Capita GRDP at Current Market Prices by Regency/Municipality, in Kalimantan Barat Province, 2011-2015 (Thousand Rupiahs)",20,10,5f0d0cc1f740
KALIMANTAN BARAT,72,Kota Singkawang,,2011,,2 4.303,,"PDRB Per Kapita Atas Dasar Harga Berlaku di Provinsi Kalimantan Barat Menurut Kabupaten/Kota, 2011-2015 (Ribu Rupiah)/","Per Capita GRDP at Current Market Prices by Regency/Municipality, in Kalimantan Barat Province, 2011-2015 (Thousand Rupiahs)",20,10,adef771ec783
KALIMANTAN BARAT,,Jml Kab./Kota Total of Reg./Mun.,,2011,,2 1.501,,"PDRB Per Kapita Atas Dasar Harga Berlaku di Provinsi Kalimantan Barat Menurut Kabupaten/Kota, 2011-2015 (Ribu Rupiah)/","Per Capita GRDP at Current Market Prices by Regency/Municipality, in Kalimantan Barat Province, 2011-2015 (Thousand Rupiahs)",20,10,131ad2019a69
KALIMANTAN BARAT,,Provinsi/Province,,2011,,2 1.548,,"PDRB Per Kapita Atas Dasar Harga Berlaku di Provinsi Kalimantan Barat Menurut Kabupaten/Kota, 2011-2015 (Ribu Rupiah)/","Per Capita GRDP at Current Market Prices by Regency/Municipality, in Kalimantan Barat Province, 2011-2015 (Thousand Rupiahs)",20,10,ae202eec7e92
DKI JAKARTA,01,Kab. Kepulauan Seribu,,2012,,2 17.147,,"PDRB Per Kapita Atas Dasar Harga Berlaku di Provinsi DKI Jakarta Menurut Kabupaten/Kota, 2011-2015 (Ribu Rupiah)/","Per Capita GRDP at Current Market Prices by Regency/Municipality, in DKI Jakarta Province, 2011-2015 (Thousand Rupiahs)",11,1,e96b9f2a3ae9
DKI JAKARTA,71,Kota Jakarta Selatan,,2012,,1 44.969,,"PDRB Per Kapita Atas Dasar Harga Berlaku di Provinsi DKI Jakarta Menurut Kabupaten/Kota, 2011-2015 (Ribu Rupiah)/","Per Capita GRDP at Current Market Prices by Regency/Municipality, in DKI Jakarta Province, 2011-2015 (Thousand Rupiahs)",11,1,1806edbc24e7
DKI JAKARTA,72,Kota Jakarta Timur,,2012,,8 5.803,,"PDRB Per Kapita Atas Dasar Harga Berlaku di Provinsi DKI Jakarta Menurut Kabupaten/Kota, 2011-2015 (Ribu Rupiah)/","Per Capita GRDP at Current Market Prices by Regency/Municipality, in DKI Jakarta Province, 2011-2015 (Thousand Rupiahs)",11,1,8e733afbfd63
DKI JAKARTA,73,Kota Jakarta Pusat,,2012,,3 69.464,,"PDRB Per Kapita Atas Dasar Harga Berlaku di Provinsi DKI Jakarta Menurut Kabupaten/Kota, 2011-2015 (Ribu Rupiah)/","Per Capita GRDP at Current Market Prices by Regency/Municipality, in DKI Jakarta Province, 2011-2015 (Thousand Rupiahs)",11,1,dcc18b4f10e4
DKI JAKARTA,74,Kota Jakarta Barat,,2012,,9 6.675,,"PDRB Per Kapita Atas Dasar Harga Berlaku di Provinsi DKI Jakarta Menurut Kabupaten/Kota, 2011-2015 (Ribu Rupiah)/","Per Capita GRDP at Current Market Prices by Regency/Municipality, in DKI Jakarta Province, 2011-2015 (Thousand Rupiahs)",11,1,8ebf317a9477
DKI JAKARTA,75,Kota Jakarta Utara,,2012,,1 52.031,,"PDRB Per Kapita Atas Dasar Harga Berlaku di Provinsi DKI Jakarta Menurut Kabupaten/Kota, 2011-2015 (Ribu Rupiah)/","Per Capita GRDP at Current Market Prices by Regency/Municipality, in DKI Jakarta Province, 2011-2015 (Thousand Rupiahs)",11,1,93003380ab21
DKI JAKARTA,,Jml Kab./Kota Total of Reg./Mun.,,2012,,1 38.752,,"PDRB Per Kapita Atas Dasar Harga Berlaku di Provinsi DKI Jakarta Menurut Kabupaten/Kota, 2011-2015 (Ribu Rupiah)/","Per Capita GRDP at Current Market Prices by Regency/Municipality, in DKI Jakarta Province, 2011-2015 (Thousand Rupiahs)",11,1,f3c8edb056e6
DKI JAKARTA,,Provinsi/Province,,2012,,1 38.858,,"PDRB Per Kapita Atas Dasar Harga Berlaku di Provinsi DKI Jakarta Menurut Kabupaten/Kota, 2011-2015 (Ribu Rupiah)/","Per Capita GRDP at Current Market Prices by Regency/Municipality, in DKI Jakarta Province, 2011-2015 (Thousand Rupiahs)",11,1,297abe5b797b
JAWA BARAT,01,Kab. Bogor,,2012,,2 3.719,,"PDRB Per Kapita Atas Dasar Harga Berlaku di Provinsi Jawa Barat Menurut Kabupaten/Kota, 2011-2015 (Ribu Rupiah)/","Per Capita GRDP at Current Market Prices by Regency/Municipality, in Jawa Barat Province, 2011-2015 (Thousand Rupiahs)",12,2,bd61ff7593a7
JAWA BARAT,02,Kab. Sukabumi,,2012,,1 4.184,,"PDRB Per Kapita Atas Dasar Harga Berlaku di Provinsi Jawa Barat Menurut Kabupaten/Kota, 2011-2015 (Ribu Rupiah)/","Per Capita GRDP at Current Market Prices by Regency/Municipality, in Jawa Barat Province, 2011-2015 (Thousand Rupiahs)",12,2,019af8559880
JAWA BARAT,03,Kab. Cianjur,,2012,,1 0.743,,"PDRB Per Kapita Atas Dasar Harga Berlaku di Provinsi Jawa Barat Menurut Kabupaten/Kota, 2011-2015 (Ribu Rupiah)/","Per Capita GRDP at Current Market Prices by Regency/Municipality, in Jawa Barat Province, 2011-2015 (Thousand Rupiahs)",12,2,ab2d824c8619
JAWA BARAT,04,Kab. Bandung,,2012,,1 7.979,,"PDRB Per Kapita Atas Dasar Harga Berlaku di Provinsi Jawa Barat Menurut Kabupaten/Kota, 2011-2015 (Ribu Rupiah)/","Per Capita GRDP at Current Market Prices by Regency/Municipality, in Jawa Barat Province, 2011-2015 (Thousand Rupiahs)",12,2,5fdaf6262073
JAWA BARAT,05,Kab. Garut,,2012,,1 2.258,,"PDRB Per Kapita Atas Dasar Harga Berlaku di Provinsi Jawa Barat Menurut Kabupaten/Kota, 2011-2015 (Ribu Rupiah)/","Per Capita GRDP at Current Market Prices by Regency/Municipality, in Jawa Barat Province, 2011-2015 (Thousand Rupiahs)",12,2,3b25065b4006
JAWA BARAT,06,Kab. Tasikmalaya,,2012,,1 1.126,,"PDRB Per Kapita Atas Dasar Harga Berlaku di Provinsi Jawa Barat Menurut Kabupaten/Kota, 2011-2015 (Ribu Rupiah)/","Per Capita GRDP at Current Market Prices by Regency/Municipality, in Jawa Barat Province, 2011-2015 (Thousand Rupiahs)",12,2,783e19ebb0a7
JAWA BARAT,07,Kab. Ciamis,,2012,,1 4.600,,"PDRB Per Kapita Atas Dasar Harga Berlaku di Provinsi Jawa Barat Menurut Kabupaten/Kota, 2011-2015 (Ribu Rupiah)/","Per Capita GRDP at Current Market Prices by Regency/Municipality, in Jawa Barat Province, 2011-2015 (Thousand Rupiahs)",12,2,851ac489d647
JAWA BARAT,18,Kab. Pangandaran,#),2012,,1 5.589,,"PDRB Per Kapita Atas Dasar Harga Berlaku di Provinsi Jawa Barat Menurut Kabupaten/Kota, 2011-2015 (Ribu Rupiah)/","Per Capita GRDP at Current Market Prices by Regency/Municipality, in Jawa Barat Province, 2011-2015 (Thousand Rupiahs)",12,2,bc5ae250f7fa
JAWA BARAT,08,Kab. Kuningan,,2012,,1 1.531,,"PDRB Per Kapita Atas Dasar Harga Berlaku di Provinsi Jawa Barat Menurut Kabupaten/Kota, 2011-2015 (Ribu Rupiah)/","Per Capita GRDP at Current Market Prices by Regency/Municipality, in Jawa Barat Province, 2011-2015 (Thousand Rupiahs)",12,2,606e7bcf1ad9
JAWA BARAT,09,Kab. Cirebon,,2012,,1 2.664,,"PDRB Per Kapita Atas Dasar Harga Berlaku di Provinsi Jawa Barat Menurut Kabupaten/Kota, 2011-2015 (Ribu Rupiah)/","Per Capita GRDP at Current Market Prices by Regency/Municipality, in Jawa Barat Province, 2011-2015 (Thousand Rupiahs)",12,2,a6b723c0782a
JAWA BARAT,10,Kab. Majalengka,,2012,,1 3.472,,"PDRB Per Kapita Atas Dasar Harga Berlaku di Provinsi Jawa Barat Menurut Kabupaten/Kota, 2011-2015 (Ribu Rupiah)/","Per Capita GRDP at Current Market Prices by Regency/Municipality, in Jawa Barat Province, 2011-2015 (Thousand Rupiahs)",12,2,b2f4a7366653
JAWA BARAT,11,Kab. Sumedang,,2012,,1 6.227,,"PDRB Per Kapita Atas Dasar Harga Berlaku di Provinsi Jawa Barat Menurut Kabupaten/Kota, 2011-2015 (Ribu Rupiah)/","Per Capita GRDP at Current Market Prices by Regency/Municipality, in Jawa Barat Province, 2011-2015 (Thousand Rupiahs)",12,2,142ca00bb52d
JAWA BARAT,12,Kab.indramayu,,2012,,3 5.696,,"PDRB Per Kapita Atas Dasar Harga Berlaku di Provinsi Jawa Barat Menurut Kabupaten/Kota, 2011-2015 (Ribu Rupiah)/","Per Capita GRDP at Current Market Prices by Regency/Municipality, in Jawa Barat Province, 2011-2015 (Thousand Rupiahs)",12,2,a3a39f3332ec
JAWA BARAT,13,Kab. Subang,,2012,,1 5.569,,"PDRB Per Kapita Atas Dasar Harga Berlaku di Provinsi Jawa Barat Menurut Kabupaten/Kota, 2011-2015 (Ribu Rupiah)/","Per Capita GRDP at Current Market Prices by Regency/Municipality, in Jawa Barat Province, 2011-2015 (Thousand Rupiahs)",12,2,6f71e8ab07b7
JAWA BARAT,14,Kab. Purwakarta,,2012,,4 0.200,,"PDRB Per Kapita Atas Dasar Harga Berlaku di Provinsi Jawa Barat Menurut Kabupaten/Kota, 2011-2015 (Ribu Rupiah)/","Per Capita GRDP at Current Market Prices by Regency/Municipality, in Jawa Barat Province, 2011-2015 (Thousand Rupiahs)",12,2,78bc8b388293
JAWA BARAT,15,Kab. Karawang,,2012,,5 6.505,,"PDRB Per Kapita Atas Dasar Harga Berlaku di Provinsi Jawa Barat Menurut Kabupaten/Kota, 2011-2015 (Ribu Rupiah)/","Per Capita GRDP at Current Market Prices by Regency/Municipality, in Jawa Barat Province, 2011-2015 (Thousand Rupiahs)",12,2,a07c27e42332
JAWA BARAT,16,Kab. Bekasi,,2012,,6 5.241,,"PDRB Per Kapita Atas Dasar Harga Berlaku di Provinsi Jawa Barat Menurut Kabupaten/Kota, 2011-2015 (Ribu Rupiah)/","Per Capita GRDP at Current Market Prices by Regency/Municipality, in Jawa Barat Province, 2011-2015 (Thousand Rupiahs)",12,2,57975868d422
JAWA BARAT,17,Kab. Bandung Barat,,2012,,1 5.404,,"PDRB Per Kapita Atas Dasar Harga Berlaku di Provinsi Jawa Barat Menurut Kabupaten/Kota, 2011-2015 (Ribu Rupiah)/","Per Capita GRDP at Current Market Prices by Regency/Municipality, in Jawa Barat Province, 2011-2015 (Thousand Rupiahs)",12,2,cd5adc0d2b43
JAWA BARAT,71,Kota Bogor,,2012,,2 3.370,,"PDRB Per Kapita Atas Dasar Harga Berlaku di Provinsi Jawa Barat Menurut Kabupaten/Kota, 2011-2015 (Ribu Rupiah)/","Per Capita GRDP at Current Market Prices by Regency/Municipality, in Jawa Barat Province, 2011-2015 (Thousand Rupiahs)",12,2,96c8c556a42a
JAWA BARAT,72,Kota Sukabumi,,2012,,2 1.110,,"PDRB Per Kapita Atas Dasar Harga Berlaku di Provinsi Jawa Barat Menurut Kabupaten/Kota, 2011-2015 (Ribu Rupiah)/","Per Capita GRDP at Current Market Prices by Regency/Municipality, in Jawa Barat Province, 2011-2015 (Thousand Rupiahs)",12,2,2e79d0507d43
JAWA BARAT,73,Kota Bandung,,2012,,5 3.992,,"PDRB Per Kapita Atas Dasar Harga Berlaku di Provinsi Jawa Barat Menurut Kabupaten/Kota, 2011-2015 (Ribu Rupiah)/","Per Capita GRDP at Current Market Prices by Regency/Municipality, in Jawa Barat Province, 2011-2015 (Thousand Rupiahs)",12,2,6f0bc7707617
JAWA BARAT,74,Kota Cirebon,,2012,,4 1.110,,"PDRB Per Kapita Atas Dasar Harga Berlaku di Provinsi Jawa Barat Menurut Kabupaten/Kota, 2011-2015 (Ribu Rupiah)/","Per Capita GRDP at Current Market Prices by Regency/Municipality, in Jawa Barat Province, 2011-2015 (Thousand Rupiahs)",12,2,13132912c200
JAWA BARAT,75,Kota Bekasi,,2012,,2 0.691,,"PDRB Per Kapita Atas Dasar Harga Berlaku di Provinsi Jawa Barat Menurut Kabupaten/Kota, 2011-2015 (Ribu Rupiah)/","Per Capita GRDP at Current Market Prices by Regency/Municipality, in Jawa Barat Province, 2011-2015 (Thousand Rupiahs)",12,2,260889ed160e
JAWA BARAT,76,Kota Depok,,2012,,1 7.592,,"PDRB Per Kapita Atas Dasar Harga Berlaku di Provinsi Jawa Barat Menurut Kabupaten/Kota, 2011-2015 (Ribu Rupiah)/","Per Capita GRDP at Current Market Prices by Regency/Municipality, in Jawa Barat Province, 2011-2015 (Thousand Rupiahs)",12,2,c63f2d67867c
JAWA BARAT,77,Kota Cimahi,,2012,,2 9.322,,"PDRB Per Kapita Atas Dasar Harga Berlaku di Provinsi Jawa Barat Menurut Kabupaten/Kota, 2011-2015 (Ribu Rupiah)/","Per Capita GRDP at Current Market Prices by Regency/Municipality, in Jawa Barat Province, 2011-2015 (Thousand Rupiahs)",12,2,3e9fe038b384
JAWA BARAT,78,Kota Tasikmalaya,,2012,,1 7.096,,"PDRB Per Kapita Atas Dasar Harga Berlaku di Provinsi Jawa Barat Menurut Kabupaten/Kota, 2011-2015 (Ribu Rupiah)/","Per Capita GRDP at Current Market Prices by Regency/Municipality, in Jawa Barat Province, 2011-2015 (Thousand Rupiahs)",12,2,6dbdf69bbf8a
JAWA BARAT,79,Kota Banjar,,2012,,1 3.799,,"PDRB Per Kapita Atas Dasar Harga Berlaku di Provinsi Jawa Barat Menurut Kabupaten/Kota, 2011-2015 (Ribu Rupiah)/","Per Capita GRDP at Current Market Prices by Regency/Municipality, in Jawa Barat Province, 2011-2015 (Thousand Rupiahs)",12,2,3c03d0abffed
JAWA BARAT,,Jml Kab./Kota Total of Reg./Mun.,,2012,,2 5.223,,"PDRB Per Kapita Atas Dasar Harga Berlaku di Provinsi Jawa Barat Menurut Kabupaten/Kota, 2011-2015 (Ribu Rupiah)/","Per Capita GRDP at Current Market Prices by Regency/Municipality, in Jawa Barat Province, 2011-2015 (Thousand Rupiahs)",12,2,a44879902f68
JAWA BARAT,,Provinsi/Province,,2012,,2 5.272,,"PDRB Per Kapita Atas Dasar Harga Berlaku di Provinsi Jawa Barat Menurut Kabupaten/Kota, 2011-2015 (Ribu Rupiah)/","Per Capita GRDP at Current Market Prices by Regency/Municipality, in Jawa Barat Province, 2011-2015 (Thousand Rupiahs)",12,2,73f5738b1b1d
JAWA TENGAH,01,Kab. Cilacap,,2012,,4 6.483,,"PDRB Per Kapita Atas Dasar Harga Berlaku di Provinsi Jawa Tengah Menurut Kabupaten/Kota, 2011-2015 (Ribu Rupiah)/","Per Capita GRDP at Current Market Prices by Regency/Municipality, in Jawa Tengah Province, 2011-2015 (Thousand Rupiahs)",13,3,91cb21a6e3de
JAWA TENGAH,02,Kab. Banyumas,,2012,,1 7.917,,"PDRB Per Kapita Atas Dasar Harga Berlaku di Provinsi Jawa Tengah Menurut Kabupaten/Kota, 2011-2015 (Ribu Rupiah)/","Per Capita GRDP at Current Market Prices by Regency/Municipality, in Jawa Tengah Province, 2011-2015 (Thousand Rupiahs)",13,3,bdd5bca035f0
JAWA TENGAH,03,Kab. Purbalingga,,2012,,1 5.451,,"PDRB Per Kapita Atas Dasar Harga Berlaku di Provinsi Jawa Tengah Menurut Kabupaten/Kota, 2011-2015 (Ribu Rupiah)/","Per Capita GRDP at Current Market Prices by Regency/Municipality, in Jawa Tengah Province, 2011-2015 (Thousand Rupiahs)",13,3,bcbbfaa3d729
JAWA TENGAH,04,Kab. Banjarnegara,,2012,,1 3.051,,"PDRB Per Kapita Atas Dasar Harga Berlaku di Provinsi Jawa Tengah Menurut Kabupaten/Kota, 2011-2015 (Ribu Rupiah)/","Per Capita GRDP at Current Market Prices by Regency/Municipality, in Jawa Tengah Province, 2011-2015 (Thousand Rupiahs)",13,3,1b2edfe273d7
JAWA TENGAH,05,Kab. Kebumen,,2012,,1 2.907,,"PDRB Per Kapita Atas Dasar Harga Berlaku di Provinsi Jawa Tengah Menurut Kabupaten/Kota, 2011-2015 (Ribu Rupiah)/","Per Capita GRDP at Current Market Prices by Regency/Municipality, in Jawa Tengah Province, 2011-2015 (Thousand Rupiahs)",13,3,a21383e2f47f
JAWA TENGAH,06,Kab. Purworejo,,2012,,1 4.903,,"PDRB Per Kapita Atas Dasar Harga Berlaku di Provinsi Jawa Tengah Menurut Kabupaten/Kota, 2011-2015 (Ribu Rupiah)/","Per Capita GRDP at Current Market Prices by Regency/Municipality, in Jawa Tengah Province, 2011-2015 (Thousand Rupiahs)",13,3,a6e74c4028cf
JAWA TENGAH,07,Kab. Wonosobo,,2012,,1 4.246,,"PDRB Per Kapita Atas Dasar Harga Berlaku di Provinsi Jawa Tengah Menurut Kabupaten/Kota, 2011-2015 (Ribu Rupiah)/","Per Capita GRDP at Current Market Prices by Regency/Municipality, in Jawa Tengah Province, 2011-2015 (Thousand Rupiahs)",13,3,17f526707d3e
JAWA TENGAH,08,Kab. Magelang,,2012,,1 4.666,,"PDRB Per Kapita Atas Dasar Harga Berlaku di Provinsi Jawa Tengah Menurut Kabupaten/Kota, 2011-2015 (Ribu Rupiah)/","Per Capita GRDP at Current Market Prices by Regency/Municipality, in Jawa Tengah Province, 2011-2015 (Thousand Rupiahs)",13,3,0970bd8a3a88
JAWA TENGAH,09,Kab. Boyolali,,2012,,1 7.966,,"PDRB Per Kapita Atas Dasar Harga Berlaku di Provinsi Jawa Tengah Menurut Kabupaten/Kota, 2011-2015 (Ribu Rupiah)/","Per Capita GRDP at Current Market Prices by Regency/Municipality, in Jawa Tengah Province, 2011-2015 (Thousand Rupiahs)",13,3,cd1b98f109f8
JAWA TENGAH,10,Kab. Klaten,,2012,,1 8.666,,"PDRB Per Kapita Atas Dasar Harga Berlaku di Provinsi Jawa Tengah Menurut Kabupaten/Kota, 2011-2015 (Ribu Rupiah)/","Per Capita GRDP at Current Market Prices by Regency/Municipality, in Jawa Tengah Province, 2011-2015 (Thousand Rupiahs)",13,3,54391fabf196
JAWA TENGAH,11,Kab. Sukoharjo,,2012,,2 4.055,,"PDRB Per Kapita Atas Dasar Harga Berlaku di Provinsi Jawa Tengah Menurut Kabupaten/Kota, 2011-2015 (Ribu Rupiah)/","Per Capita GRDP at Current Market Prices by Regency/Municipality, in Jawa Tengah Province, 2011-2015 (Thousand Rupiahs)",13,3,740b7c03579a
JAWA TENGAH,12,Kab. Wonogiri,,2012,,1 7.070,,"PDRB Per Kapita Atas Dasar Harga Berlaku di Provinsi Jawa Tengah Menurut Kabupaten/Kota, 2011-2015 (Ribu Rupiah)/","Per Capita GRDP at Current Market Prices by Regency/Municipality, in Jawa Tengah Province, 2011-2015 (Thousand Rupiahs)",13,3,60c8c7607925
JAWA TENGAH,13,Kab. Karanganyar,,2012,,2 4.366,,"PDRB Per Kapita Atas Dasar Harga Berlaku di Provinsi Jawa Tengah Menurut Kabupaten/Kota, 2011-2015 (Ribu Rupiah)/","Per Capita GRDP at Current Market Prices by Regency/Municipality, in Jawa Tengah Province, 2011-2015 (Thousand Rupiahs)",13,3,739cc86bef35
JAWA TENGAH,14,Kab. Sragen,,2012,,2 2.910,,"PDRB Per Kapita Atas Dasar Harga Berlaku di Provinsi Jawa Tengah Menurut Kabupaten/Kota, 2011-2015 (Ribu Rupiah)/","Per Capita GRDP at Current Market Prices by Regency/Municipality, in Jawa Tengah Province, 2011-2015 (Thousand Rupiahs)",13,3,6f9f6a4720d1
JAWA TENGAH,15,Kab. Grobogan,,2012,,1 1.458,,"PDRB Per Kapita Atas Dasar Harga Berlaku di Provinsi Jawa Tengah Menurut Kabupaten/Kota, 2011-2015 (Ribu Rupiah)/","Per Capita GRDP at Current Market Prices by Regency/Municipality, in Jawa Tengah Province, 2011-2015 (Thousand Rupiahs)",13,3,bddce302fa4a
JAWA TENGAH,16,Kab. Blora,,2012,,1 4.622,,"PDRB Per Kapita Atas Dasar Harga Berlaku di Provinsi Jawa Tengah Menurut Kabupaten/Kota, 2011-2015 (Ribu Rupiah)/","Per Capita GRDP at Current Market Prices by Regency/Municipality, in Jawa Tengah Province, 2011-2015 (Thousand Rupiahs)",13,3,dd5171153423
JAWA TENGAH,17,Kab. Rembang,,2012,,1 7.104,,"PDRB Per Kapita Atas Dasar Harga Berlaku di Provinsi Jawa Tengah Menurut Kabupaten/Kota, 2011-2015 (Ribu Rupiah)/","Per Capita GRDP at Current Market Prices by Regency/Municipality, in Jawa Tengah Province, 2011-2015 (Thousand Rupiahs)",13,3,19f8b1cd34eb
JAWA TENGAH,18,Kab. Pati,,2012,,1 9.306,,"PDRB Per Kapita Atas Dasar Harga Berlaku di Provinsi Jawa Tengah Menurut Kabupaten/Kota, 2011-2015 (Ribu Rupiah)/","Per Capita GRDP at Current Market Prices by Regency/Municipality, in Jawa Tengah Province, 2011-2015 (Thousand Rupiahs)",13,3,f8dcf2750467
JAWA TENGAH,19,Kab. Kudus,,2012,,7 9.270,,"PDRB Per Kapita Atas Dasar Harga Berlaku di Provinsi Jawa Tengah Menurut Kabupaten/Kota, 2011-2015 (Ribu Rupiah)/","Per Capita GRDP at Current Market Prices by Regency/Municipality, in Jawa Tengah Province, 2011-2015 (Thousand Rupiahs)",13,3,cc73db7a0c4e
JAWA TENGAH,20,Kab. Jepara,,2012,,1 4.425,,"PDRB Per Kapita Atas Dasar Harga Berlaku di Provinsi Jawa Tengah Menurut Kabupaten/Kota, 2011-2015 (Ribu Rupiah)/","Per Capita GRDP at Current Market Prices by Regency/Municipality, in Jawa Tengah Province, 2011-2015 (Thousand Rupiahs)",13,3,0a923dae7869
JAWA TENGAH,21,Kab. Demak,,2012,,1 3.125,,"PDRB Per Kapita Atas Dasar Harga Berlaku di Provinsi Jawa Tengah Menurut Kabupaten/Kota, 2011-2015 (Ribu Rupiah)/","Per Capita GRDP at Current Market Prices by Regency/Municipality, in Jawa Tengah Province, 2011-2015 (Thousand Rupiahs)",13,3,e72324a22ca6
JAWA TENGAH,22,Kab. Semarang,,2012,,2 8.136,,"PDRB Per Kapita Atas Dasar Harga Berlaku di Provinsi Jawa Tengah Menurut Kabupaten/Kota, 2011-2015 (Ribu Rupiah)/","Per Capita GRDP at Current Market Prices by Regency/Municipality, in Jawa Tengah Province, 2011-2015 (Thousand Rupiahs)",13,3,e9b6bcc24a08
JAWA TENGAH,23,Kab. Temanggung,,2012,,1 6.340,,"PDRB Per Kapita Atas Dasar Harga Berlaku di Provinsi Jawa Tengah Menurut Kabupaten/Kota, 2011-2015 (Ribu Rupiah)/","Per Capita GRDP at Current Market Prices by Regency/Municipality, in Jawa Tengah Province, 2011-2015 (Thousand Rupiahs)",13,3,c7c171d995d2
JAWA TENGAH,24,Kab. Kendal,,2012,,2 5.155,,"PDRB Per Kapita Atas Dasar Harga Berlaku di Provinsi Jawa Tengah Menurut Kabupaten/Kota, 2011-2015 (Ribu Rupiah)/","Per Capita GRDP at Current Market Prices by Regency/Municipality, in Jawa Tengah Province, 2011-2015 (Thousand Rupiahs)",13,3,341fe7bca669
JAWA TENGAH,25,Kab. Batang,,2012,,1 6.174,,"PDRB Per Kapita Atas Dasar Harga Berlaku di Provinsi Jawa Tengah Menurut Kabupaten/Kota, 2011-2015 (Ribu Rupiah)/","Per Capita GRDP at Current Market Prices by Regency/Municipality, in Jawa Tengah Province, 2011-2015 (Thousand Rupiahs)",13,3,e2ab116332c2
JAWA TENGAH,26,Kab. Pekalongan,,2012,,1 4.637,,"PDRB Per Kapita Atas Dasar Harga Berlaku di Provinsi Jawa Tengah Menurut Kabupaten/Kota, 2011-2015 (Ribu Rupiah)/","Per Capita GRDP at Current Market Prices by Regency/Municipality, in Jawa Tengah Province, 2011-2015 (Thousand Rupiahs)",13,3,daccaba3b4e3
JAWA TENGAH,27,Kab. Pemalang,,2012,,1 0.698,,"PDRB Per Kapita Atas Dasar Harga Berlaku di Provinsi Jawa Tengah Menurut Kabupaten/Kota, 2011-2015 (Ribu Rupiah)/","Per Capita GRDP at Current Market Prices by Regency/Municipality, in Jawa Tengah Province, 2011-2015 (Thousand Rupiahs)",13,3,33af857dd471
JAWA TENGAH,28,Kab. Tegal,,2012,,1 3.312,,"PDRB Per Kapita Atas Dasar Harga Berlaku di Provinsi Jawa Tengah Menurut Kabupaten/Kota, 2011-2015 (Ribu Rupiah)/","Per Capita GRDP at Current Market Prices by Regency/Municipality, in Jawa Tengah Province, 2011-2015 (Thousand Rupiahs)",13,3,75af57e07c29
JAWA TENGAH,29,Kab. Brebes,,2012,,1 4.048,,"PDRB Per Kapita Atas Dasar Harga Berlaku di Provinsi Jawa Tengah Menurut Kabupaten/Kota, 2011-2015 (Ribu Rupiah)/","Per Capita GRDP at Current Market Prices by Regency/Municipality, in Jawa Tengah Province, 2011-2015 (Thousand Rupiahs)",13,3,7f53d2a1d3a5
JAWA TENGAH,71,Kota Magelang,,2012,,4 0.934,,"PDRB Per Kapita Atas Dasar Harga Berlaku di Provinsi Jawa Tengah Menurut Kabupaten/Kota, 2011-2015 (Ribu Rupiah)/","Per Capita GRDP at Current Market Prices by Regency/Municipality, in Jawa Tengah Province, 2011-2015 (Thousand Rupiahs)",13,3,905a2975be51
JAWA TENGAH,72,Kota Surakarta,,2012,,5 2.286,,"PDRB Per Kapita Atas Dasar Harga Berlaku di Provinsi Jawa Tengah Menurut Kabupaten/Kota, 2011-2015 (Ribu Rupiah)/","Per Capita GRDP at Current Market Prices by Regency/Municipality, in Jawa Tengah Province, 2011-2015 (Thousand Rupiahs)",13,3,c8b37cd7dc61
JAWA TENGAH,73,Kota Salatiga,,2012,,4 1.453,,"PDRB Per Kapita Atas Dasar Harga Berlaku di Provinsi Jawa Tengah Menurut Kabupaten/Kota, 2011-2015 (Ribu Rupiah)/","Per Capita GRDP at Current Market Prices by Regency/Municipality, in Jawa Tengah Province, 2011-2015 (Thousand Rupiahs)",13,3,ba6fca114c46
JAWA TENGAH,74,Kota Semarang,,2012,,6 1.711,,"PDRB Per Kapita Atas Dasar Harga Berlaku di Provinsi Jawa Tengah Menurut Kabupaten/Kota, 2011-2015 (Ribu Rupiah)/","Per Capita GRDP at Current Market Prices by Regency/Municipality, in Jawa Tengah Province, 2011-2015 (Thousand Rupiahs)",13,3,c409728cc6e5
JAWA TENGAH,75,Kota Pekalongan,,2012,,1 9.936,,"PDRB Per Kapita Atas Dasar Harga Berlaku di Provinsi Jawa Tengah Menurut Kabupaten/Kota, 2011-2015 (Ribu Rupiah)/","Per Capita GRDP at Current Market Prices by Regency/Municipality, in Jawa Tengah Province, 2011-2015 (Thousand Rupiahs)",13,3,7d35a2499c44
JAWA TENGAH,76,Kota Tegal,,2012,,3 4.490,,"PDRB Per Kapita Atas Dasar Harga Berlaku di Provinsi Jawa Tengah Menurut Kabupaten/Kota, 2011-2015 (Ribu Rupiah)/","Per Capita GRDP at Current Market Prices by Regency/Municipality, in Jawa Tengah Province, 2011-2015 (Thousand Rupiahs)",13,3,1bb20ae56d4d
JAWA TENGAH,,Jml Kab./Kota Total of Reg./Mun.,,2012,,2 2.754,,"PDRB Per Kapita Atas Dasar Harga Berlaku di Provinsi Jawa Tengah Menurut Kabupaten/Kota, 2011-2015 (Ribu Rupiah)/","Per Capita GRDP at Current Market Prices by Regency/Municipality, in Jawa Tengah Province, 2011-2015 (Thousand Rupiahs)",13,3,90767d2db7d5
JAWA TENGAH,,Provinsi/Province,,2012,,2 2.865,,"PDRB Per Kapita Atas Dasar Harga Berlaku di Provinsi Jawa Tengah Menurut Kabupaten/Kota, 2011-2015 (Ribu Rupiah)/","Per Capita GRDP at Current Market Prices by Regency/Municipality, in Jawa Tengah Province, 2011-2015 (Thousand Rupiahs)",13,3,02a96dd20674
DI YOGYAKARTA,01,Kab. Kulon Progo,,2012,,14.841,,"PDRB Per Kapita Atas Dasar Harga Berlaku di Provinsi DI Yogyakarta Menurut Kabupaten/Kota, 2011-2015 (Ribu Rupiah)/","Per Capita GRDP at Current Market Prices by Regency/Municipality, in DI Yogyakarta Province, 2011-2015 (Thousand Rupiahs)",14,4,a77097e874f2
DI YOGYAKARTA,02,Kab. Bantul,,2012,,1 5.525,,"PDRB Per Kapita Atas Dasar Harga Berlaku di Provinsi DI Yogyakarta Menurut Kabupaten/Kota, 2011-2015 (Ribu Rupiah)/","Per Capita GRDP at Current Market Prices by Regency/Municipality, in DI Yogyakarta Province, 2011-2015 (Thousand Rupiahs)",14,4,af7c6d19d46f
DI YOGYAKARTA,03,Kab. Gunung Kidul,,2012,,1 5.226,,"PDRB Per Kapita Atas Dasar Harga Berlaku di Provinsi DI Yogyakarta Menurut Kabupaten/Kota, 2011-2015 (Ribu Rupiah)/","Per Capita GRDP at Current Market Prices by Regency/Municipality, in DI Yogyakarta Province, 2011-2015 (Thousand Rupiahs)",14,4,9270b916d9d2
DI YOGYAKARTA,04,Kab. Sleman,,2012,,2 2.793,,"PDRB Per Kapita Atas Dasar Harga Berlaku di Provinsi DI Yogyakarta Menurut Kabupaten/Kota, 2011-2015 (Ribu Rupiah)/","Per Capita GRDP at Current Market Prices by Regency/Municipality, in DI Yogyakarta Province, 2011-2015 (Thousand Rupiahs)",14,4,4886402ecf66
DI YOGYAKARTA,71,Kota Yogyakarta,,2012,,5 1.653,,"PDRB Per Kapita Atas Dasar Harga Berlaku di Provinsi DI Yogyakarta Menurut Kabupaten/Kota, 2011-2015 (Ribu Rupiah)/","Per Capita GRDP at Current Market Prices by Regency/Municipality, in DI Yogyakarta Province, 2011-2015 (Thousand Rupiahs)",14,4,eb182caa721b
DI YOGYAKARTA,,Jml Kab./Kota Total of Reg./Mun.,,2012,,2 1.743,,"PDRB Per Kapita Atas Dasar Harga Berlaku di Provinsi DI Yogyakarta Menurut Kabupaten/Kota, 2011-2015 (Ribu Rupiah)/","Per Capita GRDP at Current Market Prices by Regency/Municipality, in DI Yogyakarta Province, 2011-2015 (Thousand Rupiahs)",14,4,af9070c18229
DI YOGYAKARTA,,Provinsi/Province,,2012,,2 1.745,,"PDRB Per Kapita Atas Dasar Harga Berlaku di Provinsi DI Yogyakarta Menurut Kabupaten/Kota, 2011-2015 (Ribu Rupiah)/","Per Capita GRDP at Current Market Prices by Regency/Municipality, in DI Yogyakarta Province, 2011-2015 (Thousand Rupiahs)",14,4,22c93acf173b
JAWA TIMUR,01,Kab. Pacitan,,2012,,1 5.530,,"PDRB Per Kapita Atas Dasar Harga Berlaku di Provinsi Jawa Timur Menurut Kabupaten/Kota, 2011-2015 (Ribu Rupiah)/","Per Capita GRDP at Current Market Prices by Regency/Municipality, in Jawa Timur Province, 2011-2015 (Thousand Rupiahs)",15,5,bb61508ccdec
JAWA TIMUR,02,Kab. Ponorogo,,2012,,1 2.819,,"PDRB Per Kapita Atas Dasar Harga Berlaku di Provinsi Jawa Timur Menurut Kabupaten/Kota, 2011-2015 (Ribu Rupiah)/","Per Capita GRDP at Current Market Prices by Regency/Municipality, in Jawa Timur Province, 2011-2015 (Thousand Rupiahs)",15,5,749680efb6c4
JAWA TIMUR,03,Kab. Trenggalek,,2012,,1 4.624,,"PDRB Per Kapita Atas Dasar Harga Berlaku di Provinsi Jawa Timur Menurut Kabupaten/Kota, 2011-2015 (Ribu Rupiah)/","Per Capita GRDP at Current Market Prices by Regency/Municipality, in Jawa Timur Province, 2011-2015 (Thousand Rupiahs)",15,5,afeb4873d38e
JAWA TIMUR,04,Kab. Tulungagung,,2012,,2 0.920,,"PDRB Per Kapita Atas Dasar Harga Berlaku di Provinsi Jawa Timur Menurut Kabupaten/Kota, 2011-2015 (Ribu Rupiah)/","Per Capita GRDP at Current Market Prices by Regency/Municipality, in Jawa Timur Province, 2011-2015 (Thousand Rupiahs)",15,5,f8dce698881f
JAWA TIMUR,05,Kab. Blitar,,2012,,1 7.576,,"PDRB Per Kapita Atas Dasar Harga Berlaku di Provinsi Jawa Timur Menurut Kabupaten/Kota, 2011-2015 (Ribu Rupiah)/","Per Capita GRDP at Current Market Prices by Regency/Municipality, in Jawa Timur Province, 2011-2015 (Thousand Rupiahs)",15,5,8d406900dc52
JAWA TIMUR,06,Kab. Kediri,,2012,,1 4.843,,"PDRB Per Kapita Atas Dasar Harga Berlaku di Provinsi Jawa Timur Menurut Kabupaten/Kota, 2011-2015 (Ribu Rupiah)/","Per Capita GRDP at Current Market Prices by Regency/Municipality, in Jawa Timur Province, 2011-2015 (Thousand Rupiahs)",15,5,4b8cf26a2c9c
JAWA TIMUR,07,Kab. Malang,,2012,,2 1.196,,"PDRB Per Kapita Atas Dasar Harga Berlaku di Provinsi Jawa Timur Menurut Kabupaten/Kota, 2011-2015 (Ribu Rupiah)/","Per Capita GRDP at Current Market Prices by Regency/Municipality, in Jawa Timur Province, 2011-2015 (Thousand Rupiahs)",15,5,55e154b7abb4
JAWA TIMUR,08,Kab. Lumajang,,2012,,1 7.471,,"PDRB Per Kapita Atas Dasar Harga Berlaku di Provinsi Jawa Timur Menurut Kabupaten/Kota, 2011-2015 (Ribu Rupiah)/","Per Capita GRDP at Current Market Prices by Regency/Municipality, in Jawa Timur Province, 2011-2015 (Thousand Rupiahs)",15,5,a736073d733f
JAWA TIMUR,09,Kab. Jember,,2012,,1 7.456,,"PDRB Per Kapita Atas Dasar Harga Berlaku di Provinsi Jawa Timur Menurut Kabupaten/Kota, 2011-2015 (Ribu Rupiah)/","Per Capita GRDP at Current Market Prices by Regency/Municipality, in Jawa Timur Province, 2011-2015 (Thousand Rupiahs)",15,5,663d525a727b
JAWA TIMUR,10,Kab. Banyuwangi,,2012,,2 6.743,,"PDRB Per Kapita Atas Dasar Harga Berlaku di Provinsi Jawa Timur Menurut Kabupaten/Kota, 2011-2015 (Ribu Rupiah)/","Per Capita GRDP at Current Market Prices by Regency/Municipality, in Jawa Timur Province, 2011-2015 (Thousand Rupiahs)",15,5,793e695c79c9
JAWA TIMUR,11,Kab. Bondowoso,,2012,,1 4.214,,"PDRB Per Kapita Atas Dasar Harga Berlaku di Provinsi Jawa Timur Menurut Kabupaten/Kota, 2011-2015 (Ribu Rupiah)/","Per Capita GRDP at Current Market Prices by Regency/Municipality, in Jawa Timur Province, 2011-2015 (Thousand Rupiahs)",15,5,76e7bb78110f
JAWA TIMUR,12,Kab. Situbondo,,2012,,1 6.277,,"PDRB Per Kapita Atas Dasar Harga Berlaku di Provinsi Jawa Timur Menurut Kabupaten/Kota, 2011-2015 (Ribu Rupiah)/","Per Capita GRDP at Current Market Prices by Regency/Municipality, in Jawa Timur Province, 2011-2015 (Thousand Rupiahs)",15,5,5ff56528302b
JAWA TIMUR,13,Kab. Probolinggo,,2012,,1 6.837,,"PDRB Per Kapita Atas Dasar Harga Berlaku di Provinsi Jawa Timur Menurut Kabupaten/Kota, 2011-2015 (Ribu Rupiah)/","Per Capita GRDP at Current Market Prices by Regency/Municipality, in Jawa Timur Province, 2011-2015 (Thousand Rupiahs)",15,5,deee2d055218
JAWA TIMUR,14,Kab. Pasuruan,,2012,,5 0.307,,"PDRB Per Kapita Atas Dasar Harga Berlaku di Provinsi Jawa Timur Menurut Kabupaten/Kota, 2011-2015 (Ribu Rupiah)/","Per Capita GRDP at Current Market Prices by Regency/Municipality, in Jawa Timur Province, 2011-2015 (Thousand Rupiahs)",15,5,874c6e8f1d89
JAWA TIMUR,15,Kab. Sidoarjo,,2012,,5 2.483,,"PDRB Per Kapita Atas Dasar Harga Berlaku di Provinsi Jawa Timur Menurut Kabupaten/Kota, 2011-2015 (Ribu Rupiah)/","Per Capita GRDP at Current Market Prices by Regency/Municipality, in Jawa Timur Province, 2011-2015 (Thousand Rupiahs)",15,5,0896422a401a
JAWA TIMUR,16,Kab. Mojokerto,,2012,,4 1.335,,"PDRB Per Kapita Atas Dasar Harga Berlaku di Provinsi Jawa Timur Menurut Kabupaten/Kota, 2011-2015 (Ribu Rupiah)/","Per Capita GRDP at Current Market Prices by Regency/Municipality, in Jawa Timur Province, 2011-2015 (Thousand Rupiahs)",15,5,fb94910ab0e2
JAWA TIMUR,17,Kab. Jombang,,2012,,1 7.683,,"PDRB Per Kapita Atas Dasar Harga Berlaku di Provinsi Jawa Timur Menurut Kabupaten/Kota, 2011-2015 (Ribu Rupiah)/","Per Capita GRDP at Current Market Prices by Regency/Municipality, in Jawa Timur Province, 2011-2015 (Thousand Rupiahs)",15,5,d69550b32635
JAWA TIMUR,18,Kab. Nganjuk,,2012,,1 3.692,,"PDRB Per Kapita Atas Dasar Harga Berlaku di Provinsi Jawa Timur Menurut Kabupaten/Kota, 2011-2015 (Ribu Rupiah)/","Per Capita GRDP at Current Market Prices by Regency/Municipality, in Jawa Timur Province, 2011-2015 (Thousand Rupiahs)",15,5,528f57fabd9b
JAWA TIMUR,19,Kab. Madiun,,2012,,1 5.218,,"PDRB Per Kapita Atas Dasar Harga Berlaku di Provinsi Jawa Timur Menurut Kabupaten/Kota, 2011-2015 (Ribu Rupiah)/","Per Capita GRDP at Current Market Prices by Regency/Municipality, in Jawa Timur Province, 2011-2015 (Thousand Rupiahs)",15,5,e5009a204969
JAWA TIMUR,20,Kab. Magetan,,2012,,1 6.321,,"PDRB Per Kapita Atas Dasar Harga Berlaku di Provinsi Jawa Timur Menurut Kabupaten/Kota, 2011-2015 (Ribu Rupiah)/","Per Capita GRDP at Current Market Prices by Regency/Municipality, in Jawa Timur Province, 2011-2015 (Thousand Rupiahs)",15,5,e78e5fcc2eed
JAWA TIMUR,21,Kab. Ngawi,,2012,,1 3.002,,"PDRB Per Kapita Atas Dasar Harga Berlaku di Provinsi Jawa Timur Menurut Kabupaten/Kota, 2011-2015 (Ribu Rupiah)/","Per Capita GRDP at Current Market Prices by Regency/Municipality, in Jawa Timur Province, 2011-2015 (Thousand Rupiahs)",15,5,64e069770942
JAWA TIMUR,22,Kab. Bojonegoro,,2012,,3 5.718,,"PDRB Per Kapita Atas Dasar Harga Berlaku di Provinsi Jawa Timur Menurut Kabupaten/Kota, 2011-2015 (Ribu Rupiah)/","Per Capita GRDP at Current Market Prices by Regency/Municipality, in Jawa Timur Province, 2011-2015 (Thousand Rupiahs)",15,5,8807b192ba59
JAWA TIMUR,23,Kab. Tuban,,2012,,3 1.007,,"PDRB Per Kapita Atas Dasar Harga Berlaku di Provinsi Jawa Timur Menurut Kabupaten/Kota, 2011-2015 (Ribu Rupiah)/","Per Capita GRDP at Current Market Prices by Regency/Municipality, in Jawa Timur Province, 2011-2015 (Thousand Rupiahs)",15,5,0a87a708ca13
JAWA TIMUR,24,Kab. Lamongan,,2012,,1 7.358,,"PDRB Per Kapita Atas Dasar Harga Berlaku di Provinsi Jawa Timur Menurut Kabupaten/Kota, 2011-2015 (Ribu Rupiah)/","Per Capita GRDP at Current Market Prices by Regency/Municipality, in Jawa Timur Province, 2011-2015 (Thousand Rupiahs)",15,5,823b082b5b0c
JAWA TIMUR,25,Kab. Gresik,,2012,,6 1.853,,"PDRB Per Kapita Atas Dasar Harga Berlaku di Provinsi Jawa Timur Menurut Kabupaten/Kota, 2011-2015 (Ribu Rupiah)/","Per Capita GRDP at Current Market Prices by Regency/Municipality, in Jawa Timur Province, 2011-2015 (Thousand Rupiahs)",15,5,e48863fd0179
JAWA TIMUR,26,Kab. Bangkalan,,2012,,1 9.436,,"PDRB Per Kapita Atas Dasar Harga Berlaku di Provinsi Jawa Timur Menurut Kabupaten/Kota, 2011-2015 (Ribu Rupiah)/","Per Capita GRDP at Current Market Prices by Regency/Municipality, in Jawa Timur Province, 2011-2015 (Thousand Rupiahs)",15,5,9fda374863cc
JAWA TIMUR,27,Kab. Sampang,,2012,,1 3.491,,"PDRB Per Kapita Atas Dasar Harga Berlaku di Provinsi Jawa Timur Menurut Kabupaten/Kota, 2011-2015 (Ribu Rupiah)/","Per Capita GRDP at Current Market Prices by Regency/Municipality, in Jawa Timur Province, 2011-2015 (Thousand Rupiahs)",15,5,762a45d4494f
JAWA TIMUR,28,Kab. Pamekasan,,2012,,1 0.886,,"PDRB Per Kapita Atas Dasar Harga Berlaku di Provinsi Jawa Timur Menurut Kabupaten/Kota, 2011-2015 (Ribu Rupiah)/","Per Capita GRDP at Current Market Prices by Regency/Municipality, in Jawa Timur Province, 2011-2015 (Thousand Rupiahs)",15,5,0c6cf4bc7c53
JAWA TIMUR,29,Kab. Sumenep,,2012,,1 9.007,,"PDRB Per Kapita Atas Dasar Harga Berlaku di Provinsi Jawa Timur Menurut Kabupaten/Kota, 2011-2015 (Ribu Rupiah)/","Per Capita GRDP at Current Market Prices by Regency/Municipality, in Jawa Timur Province, 2011-2015 (Thousand Rupiahs)",15,5,c34d9b01897f
JAWA TIMUR,71,Kota Kediri,,2012,,2 64.174,,"PDRB Per Kapita Atas Dasar Harga Berlaku di Provinsi Jawa Timur Menurut Kabupaten/Kota, 2011-2015 (Ribu Rupiah)/","Per Capita GRDP at Current Market Prices by Regency/Municipality, in Jawa Timur Province, 2011-2015 (Thousand Rupiahs)",15,5,f51b727c8f01
JAWA TIMUR,72,Kota Blitar,,2012,,2 6.319,,"PDRB Per Kapita Atas Dasar Harga Berlaku di Provinsi Jawa Timur Menurut Kabupaten/Kota, 2011-2015 (Ribu Rupiah)/","Per Capita GRDP at Current Market Prices by Regency/Municipality, in Jawa Timur Province, 2011-2015 (Thousand Rupiahs)",15,5,fc625d5ec7c3
JAWA TIMUR,73,Kota Malang,,2012,,4 6.430,,"PDRB Per Kapita Atas Dasar Harga Berlaku di Provinsi Jawa Timur Menurut Kabupaten/Kota, 2011-2015 (Ribu Rupiah)/","Per Capita GRDP at Current Market Prices by Regency/Municipality, in Jawa Timur Province, 2011-2015 (Thousand Rupiahs)",15,5,c3b1cec0cbb0
JAWA TIMUR,74,Kota Probolinggo,,2012,,2 6.747,,"PDRB Per Kapita Atas Dasar Harga Berlaku di Provinsi Jawa Timur Menurut Kabupaten/Kota, 2011-2015 (Ribu Rupiah)/","Per Capita GRDP at Current Market Prices by Regency/Municipality, in Jawa Timur Province, 2011-2015 (Thousand Rupiahs)",15,5,b9a478235897
JAWA TIMUR,75,Kota Pasuruan,,2012,,2 3.105,,"PDRB Per Kapita Atas Dasar Harga Berlaku di Provinsi Jawa Timur Menurut Kabupaten/Kota, 2011-2015 (Ribu Rupiah)/","Per Capita GRDP at Current Market Prices by Regency/Municipality, in Jawa Timur Province, 2011-2015 (Thousand Rupiahs)",15,5,3ed21c1d16c3
JAWA TIMUR,76,Kota Mojokerto,,2012,,2 9.886,,"PDRB Per Kapita Atas Dasar Harga Berlaku di Provinsi Jawa Timur Menurut Kabupaten/Kota, 2011-2015 (Ribu Rupiah)/","Per Capita GRDP at Current Market Prices by Regency/Municipality, in Jawa Timur Province, 2011-2015 (Thousand Rupiahs)",15,5,afa277706dea
JAWA TIMUR,77,Kota Madiun,,2012,,4 3.575,,"PDRB Per Kapita Atas Dasar Harga Berlaku di Provinsi Jawa Timur Menurut Kabupaten/Kota, 2011-2015 (Ribu Rupiah)/","Per Capita GRDP at Current Market Prices by Regency/Municipality, in Jawa Timur Province, 2011-2015 (Thousand Rupiahs)",15,5,392953076843
JAWA TIMUR,78,Kota Surabaya,,2012,,1 04.494,,"PDRB Per Kapita Atas Dasar Harga Berlaku di Provinsi Jawa Timur Menurut Kabupaten/Kota, 2011-2015 (Ribu Rupiah)/","Per Capita GRDP at Current Market Prices by Regency/Municipality, in Jawa Timur Province, 2011-2015 (Thousand Rupiahs)",15,5,1da7dc5c20d2
JAWA TIMUR,79,Kota Batu,,2012,,4 1.498,,"PDRB Per Kapita Atas Dasar Harga Berlaku di Provinsi Jawa Timur Menurut Kabupaten/Kota, 2011-2015 (Ribu Rupiah)/","Per Capita GRDP at Current Market Prices by Regency/Municipality, in Jawa Timur Province, 2011-2015 (Thousand Rupiahs)",15,5,c92d8d3b2c18
JAWA TIMUR,,Jml Kab./Kota Total of Reg./Mun.,,2012,,32.849,,"PDRB Per Kapita Atas Dasar Harga Berlaku di Provinsi Jawa Timur Menurut Kabupaten/Kota, 2011-2015 (Ribu Rupiah)/","Per Capita GRDP at Current Market Prices by Regency/Municipality, in Jawa Timur Province, 2011-2015 (Thousand Rupiahs)",15,5,3b0be90a189f
JAWA TIMUR,,Provinsi/Province,,2012,,32.770,,"PDRB Per Kapita Atas Dasar Harga Berlaku di Provinsi Jawa Timur Menurut Kabupaten/Kota, 2011-2015 (Ribu Rupiah)/","Per Capita GRDP at Current Market Prices by Regency/Municipality, in Jawa Timur Province, 2011-2015 (Thousand Rupiahs)",15,5,64dfd6c11fc2
BANTEN,01,Kab. Pandeglang,,2012,,1 2.887,,"PDRB Per Kapita Atas Dasar Harga Berlaku di Provinsi Banten Menurut Kabupaten/Kota, 2011-2015 (Ribu Rupiah)/","Per Capita GRDP at Current Market Prices by Regency/Municipality, in Banten Province, 2011-2015 (Thousand Rupiahs)",16,6,3a62d45a14bb
BANTEN,02,Kab. Lebak,,2012,,1 2.240,,"PDRB Per Kapita Atas Dasar Harga Berlaku di Provinsi Banten Menurut Kabupaten/Kota, 2011-2015 (Ribu Rupiah)/","Per Capita GRDP at Current Market Prices by Regency/Municipality, in Banten Province, 2011-2015 (Thousand Rupiahs)",16,6,eb5a53c995ea
BANTEN,03,Kab. Tangerang,,2012,,2 3.662,,"PDRB Per Kapita Atas Dasar Harga Berlaku di Provinsi Banten Menurut Kabupaten/Kota, 2011-2015 (Ribu Rupiah)/","Per Capita GRDP at Current Market Prices by Regency/Municipality, in Banten Province, 2011-2015 (Thousand Rupiahs)",16,6,b7a28fccb7f5
BANTEN,04,Kab. Serang,,2012,,2 9.241,,"PDRB Per Kapita Atas Dasar Harga Berlaku di Provinsi Banten Menurut Kabupaten/Kota, 2011-2015 (Ribu Rupiah)/","Per Capita GRDP at Current Market Prices by Regency/Municipality, in Banten Province, 2011-2015 (Thousand Rupiahs)",16,6,f947e02a2ea9
BANTEN,71,Kota Tangerang,,2012,,4 3.919,,"PDRB Per Kapita Atas Dasar Harga Berlaku di Provinsi Banten Menurut Kabupaten/Kota, 2011-2015 (Ribu Rupiah)/","Per Capita GRDP at Current Market Prices by Regency/Municipality, in Banten Province, 2011-2015 (Thousand Rupiahs)",16,6,871430eec9be
BANTEN,72,Kota Cilegon,,2012,,1 41.651,,"PDRB Per Kapita Atas Dasar Harga Berlaku di Provinsi Banten Menurut Kabupaten/Kota, 2011-2015 (Ribu Rupiah)/","Per Capita GRDP at Current Market Prices by Regency/Municipality, in Banten Province, 2011-2015 (Thousand Rupiahs)",16,6,245f61c0bae3
BANTEN,73,Kota Serang,,2012,,2 5.576,,"PDRB Per Kapita Atas Dasar Harga Berlaku di Provinsi Banten Menurut Kabupaten/Kota, 2011-2015 (Ribu Rupiah)/","Per Capita GRDP at Current Market Prices by Regency/Municipality, in Banten Province, 2011-2015 (Thousand Rupiahs)",16,6,69f8e7015810
BANTEN,74,Kota Tangerang Selatan,,2012,,2 8.020,,"PDRB Per Kapita Atas Dasar Harga Berlaku di Provinsi Banten Menurut Kabupaten/Kota, 2011-2015 (Ribu Rupiah)/","Per Capita GRDP at Current Market Prices by Regency/Municipality, in Banten Province, 2011-2015 (Thousand Rupiahs)",16,6,3f330d0b35f8
BANTEN,,Jml Kab./Kota Total of Reg./Mun.,,2012,,3 0.202,,"PDRB Per Kapita Atas Dasar Harga Berlaku di Provinsi Banten Menurut Kabupaten/Kota, 2011-2015 (Ribu Rupiah)/","Per Capita GRDP at Current Market Prices by Regency/Municipality, in Banten Province, 2011-2015 (Thousand Rupiahs)",16,6,2f404ac4fd7b
BANTEN,,Provinsi/Province,,2012,,3 0.202,,"PDRB Per Kapita Atas Dasar Harga Berlaku di Provinsi Banten Menurut Kabupaten/Kota, 2011-2015 (Ribu Rupiah)/","Per Capita GRDP at Current Market Prices by Regency/Municipality, in Banten Province, 2011-2015 (Thousand Rupiahs)",16,6,25952b90cfcf
BALI,01,Kab. Jembrana,,2012,,2 6.190,,"PDRB Per Kapita Atas Dasar Harga Berlaku di Provinsi Bali Menurut Kabupaten/Kota, 2011-2015 (Ribu Rupiah)/","Per Capita GRDP at Current Market Prices by Regency/Municipality, in Bali Province, 2011-2015 (Thousand Rupiahs)",17,7,e6aaf4569f71
BALI,02,Kab. Tabanan,,2012,,2 6.811,,"PDRB Per Kapita Atas Dasar Harga Berlaku di Provinsi Bali Menurut Kabupaten/Kota, 2011-2015 (Ribu Rupiah)/","Per Capita GRDP at Current Market Prices by Regency/Municipality, in Bali Province, 2011-2015 (Thousand Rupiahs)",17,7,4df3b061bb10
BALI,03,Kab. Badung,,2012,,4 7.305,,"PDRB Per Kapita Atas Dasar Harga Berlaku di Provinsi Bali Menurut Kabupaten/Kota, 2011-2015 (Ribu Rupiah)/","Per Capita GRDP at Current Market Prices by Regency/Municipality, in Bali Province, 2011-2015 (Thousand Rupiahs)",17,7,f4c372ad5774
BALI,04,Kab. Gianyar,,2012,,2 8.274,,"PDRB Per Kapita Atas Dasar Harga Berlaku di Provinsi Bali Menurut Kabupaten/Kota, 2011-2015 (Ribu Rupiah)/","Per Capita GRDP at Current Market Prices by Regency/Municipality, in Bali Province, 2011-2015 (Thousand Rupiahs)",17,7,3976083dd0dc
BALI,05,Kab. Klungkung,,2012,,2 5.441,,"PDRB Per Kapita Atas Dasar Harga Berlaku di Provinsi Bali Menurut Kabupaten/Kota, 2011-2015 (Ribu Rupiah)/","Per Capita GRDP at Current Market Prices by Regency/Municipality, in Bali Province, 2011-2015 (Thousand Rupiahs)",17,7,d5b3c6482867
BALI,06,Kab. Bangli,,2012,,1 5.376,,"PDRB Per Kapita Atas Dasar Harga Berlaku di Provinsi Bali Menurut Kabupaten/Kota, 2011-2015 (Ribu Rupiah)/","Per Capita GRDP at Current Market Prices by Regency/Municipality, in Bali Province, 2011-2015 (Thousand Rupiahs)",17,7,0a0e1ad5b887
BALI,07,Kab. Karangasem,,2012,,2 0.466,,"PDRB Per Kapita Atas Dasar Harga Berlaku di Provinsi Bali Menurut Kabupaten/Kota, 2011-2015 (Ribu Rupiah)/","Per Capita GRDP at Current Market Prices by Regency/Municipality, in Bali Province, 2011-2015 (Thousand Rupiahs)",17,7,17c5da15f994
BALI,08,Kab. Buleleng,,2012,,2 6.686,,"PDRB Per Kapita Atas Dasar Harga Berlaku di Provinsi Bali Menurut Kabupaten/Kota, 2011-2015 (Ribu Rupiah)/","Per Capita GRDP at Current Market Prices by Regency/Municipality, in Bali Province, 2011-2015 (Thousand Rupiahs)",17,7,0e58bc7c63b2
BALI,71,Kota Denpasar,,2012,,3 1.148,,"PDRB Per Kapita Atas Dasar Harga Berlaku di Provinsi Bali Menurut Kabupaten/Kota, 2011-2015 (Ribu Rupiah)/","Per Capita GRDP at Current Market Prices by Regency/Municipality, in Bali Province, 2011-2015 (Thousand Rupiahs)",17,7,16bd31f04bed
BALI,,Jml Kab./Kota Total of Reg./Mun.,,2012,,2 9.444,,"PDRB Per Kapita Atas Dasar Harga Berlaku di Provinsi Bali Menurut Kabupaten/Kota, 2011-2015 (Ribu Rupiah)/","Per Capita GRDP at Current Market Prices by Regency/Municipality, in Bali Province, 2011-2015 (Thousand Rupiahs)",17,7,3670a7a8cc9c
BALI,,Provinsi/Province,,2012,,2 9.444,,"PDRB Per Kapita Atas Dasar Harga Berlaku di Provinsi Bali Menurut Kabupaten/Kota, 2011-2015 (Ribu Rupiah)/","Per Capita GRDP at Current Market Prices by Regency/Municipality, in Bali Province, 2011-2015 (Thousand Rupiahs)",17,7,29996c6756c7
NUSA TENGGARA BARAT,01,Kab. Lombok Barat,,2012,,1 3.351,,"PDRB Per Kapita Atas Dasar Harga Berlaku di Provinsi Nusa Tenggara Barat Menurut Kabupaten/Kota, 2011-2015 (Ribu Rupiah)/","Per Capita GRDP at Current Market Prices by Regency/Municipality, in Nusa Tenggara Barat Province, 2011-2015 (Thousand Rupiahs)",18,8,289beff73b79
NUSA TENGGARA BARAT,02,Kab. Lombok Tengah,,2012,,1 0.358,,"PDRB Per Kapita Atas Dasar Harga Berlaku di Provinsi Nusa Tenggara Barat Menurut Kabupaten/Kota, 2011-2015 (Ribu Rupiah)/","Per Capita GRDP at Current Market Prices by Regency/Municipality, in Nusa Tenggara Barat Province, 2011-2015 (Thousand Rupiahs)",18,8,9ff60774bed6
NUSA TENGGARA BARAT,03,Kab. Lombok Timur,,2012,,9 .457,,"PDRB Per Kapita Atas Dasar Harga Berlaku di Provinsi Nusa Tenggara Barat Menurut Kabupaten/Kota, 2011-2015 (Ribu Rupiah)/","Per Capita GRDP at Current Market Prices by Regency/Municipality, in Nusa Tenggara Barat Province, 2011-2015 (Thousand Rupiahs)",18,8,e154cf4af721
NUSA TENGGARA BARAT,04,Kab. Sumbawa,,2012,,1 7.349,,"PDRB Per Kapita Atas Dasar Harga Berlaku di Provinsi Nusa Tenggara Barat Menurut Kabupaten/Kota, 2011-2015 (Ribu Rupiah)/","Per Capita GRDP at Current Market Prices by Regency/Municipality, in Nusa Tenggara Barat Province, 2011-2015 (Thousand Rupiahs)",18,8,749ba5838ba6
NUSA TENGGARA BARAT,05,Kab. Dompu,,2012,,1 6.261,,"PDRB Per Kapita Atas Dasar Harga Berlaku di Provinsi Nusa Tenggara Barat Menurut Kabupaten/Kota, 2011-2015 (Ribu Rupiah)/","Per Capita GRDP at Current Market Prices by Regency/Municipality, in Nusa Tenggara Barat Province, 2011-2015 (Thousand Rupiahs)",18,8,cfb89f979c61
NUSA TENGGARA BARAT,06,Kab. Bima,,2012,,1 3.280,,"PDRB Per Kapita Atas Dasar Harga Berlaku di Provinsi Nusa Tenggara Barat Menurut Kabupaten/Kota, 2011-2015 (Ribu Rupiah)/","Per Capita GRDP at Current Market Prices by Regency/Municipality, in Nusa Tenggara Barat Province, 2011-2015 (Thousand Rupiahs)",18,8,48869525675c
NUSA TENGGARA BARAT,07,Kab. Sumbawa Barat,,2012,,8 4.280,,"PDRB Per Kapita Atas Dasar Harga Berlaku di Provinsi Nusa Tenggara Barat Menurut Kabupaten/Kota, 2011-2015 (Ribu Rupiah)/","Per Capita GRDP at Current Market Prices by Regency/Municipality, in Nusa Tenggara Barat Province, 2011-2015 (Thousand Rupiahs)",18,8,f1eb770d0a80
NUSA TENGGARA BARAT,08,Kab. Lombok Utara,,2012,,1 3.316,,"PDRB Per Kapita Atas Dasar Harga Berlaku di Provinsi Nusa Tenggara Barat Menurut Kabupaten/Kota, 2011-2015 (Ribu Rupiah)/","Per Capita GRDP at Current Market Prices by Regency/Municipality, in Nusa Tenggara Barat Province, 2011-2015 (Thousand Rupiahs)",18,8,40c144efb026
NUSA TENGGARA BARAT,71,Kota Mataram,,2012,,2 1.587,,"PDRB Per Kapita Atas Dasar Harga Berlaku di Provinsi Nusa Tenggara Barat Menurut Kabupaten/Kota, 2011-2015 (Ribu Rupiah)/","Per Capita GRDP at Current Market Prices by Regency/Municipality, in Nusa Tenggara Barat Province, 2011-2015 (Thousand Rupiahs)",18,8,df0196b5ed16
NUSA TENGGARA BARAT,72,Kota Bima,,2012,,1 4.634,,"PDRB Per Kapita Atas Dasar Harga Berlaku di Provinsi Nusa Tenggara Barat Menurut Kabupaten/Kota, 2011-2015 (Ribu Rupiah)/","Per Capita GRDP at Current Market Prices by Regency/Municipality, in Nusa Tenggara Barat Province, 2011-2015 (Thousand Rupiahs)",18,8,665279e5b0e2
NUSA TENGGARA BARAT,,Jml Kab./Kota Total of Reg./Mun.,,2012,,1 4.995,,"PDRB Per Kapita Atas Dasar Harga Berlaku di Provinsi Nusa Tenggara Barat Menurut Kabupaten/Kota, 2011-2015 (Ribu Rupiah)/","Per Capita GRDP at Current Market Prices by Regency/Municipality, in Nusa Tenggara Barat Province, 2011-2015 (Thousand Rupiahs)",18,8,e2347120c1b1
NUSA TENGGARA BARAT,,Provinsi/Province,,2012,,1 4.854,,"PDRB Per Kapita Atas Dasar Harga Berlaku di Provinsi Nusa Tenggara Barat Menurut Kabupaten/Kota, 2011-2015 (Ribu Rupiah)/","Per Capita GRDP at Current Market Prices by Regency/Municipality, in Nusa Tenggara Barat Province, 2011-2015 (Thousand Rupiahs)",18,8,8cca54bab112
NUSA TENGGARA TIMUR,01,Kab. Sumba Barat,,2012,,1 0.064,,"PDRB Per Kapita Atas Dasar Harga Berlaku di Provinsi Nusa Tenggara Timur Menurut Kabupaten/Kota, 2011-2015 (Ribu Rupiah)/","Per Capita GRDP at Current Market Prices by Regency/Municipality, in Nusa Tenggara Timur Province, 2011-2015 (Thousand Rupiahs)",19,9,8ff188a8c829
NUSA TENGGARA TIMUR,02,Kab. Sumba Timur,,2012,,1 3.606,,"PDRB Per Kapita Atas Dasar Harga Berlaku di Provinsi Nusa Tenggara Timur Menurut Kabupaten/Kota, 2011-2015 (Ribu Rupiah)/","Per Capita GRDP at Current Market Prices by Regency/Municipality, in Nusa Tenggara Timur Province, 2011-2015 (Thousand Rupiahs)",19,9,e1cf24841bec
NUSA TENGGARA TIMUR,03,Kab. Kupang,,2012,,1 2.314,,"PDRB Per Kapita Atas Dasar Harga Berlaku di Provinsi Nusa Tenggara Timur Menurut Kabupaten/Kota, 2011-2015 (Ribu Rupiah)/","Per Capita GRDP at Current Market Prices by Regency/Municipality, in Nusa Tenggara Timur Province, 2011-2015 (Thousand Rupiahs)",19,9,44cd96c5712e
NUSA TENGGARA TIMUR,04,Kab. Timor Tengah Selatan,,2012,,8 .884,,"PDRB Per Kapita Atas Dasar Harga Berlaku di Provinsi Nusa Tenggara Timur Menurut Kabupaten/Kota, 2011-2015 (Ribu Rupiah)/","Per Capita GRDP at Current Market Prices by Regency/Municipality, in Nusa Tenggara Timur Province, 2011-2015 (Thousand Rupiahs)",19,9,843ba3abb231
NUSA TENGGARA TIMUR,05,Kab. Timor Tengah Utara,,2012,,9 .493,,"PDRB Per Kapita Atas Dasar Harga Berlaku di Provinsi Nusa Tenggara Timur Menurut Kabupaten/Kota, 2011-2015 (Ribu Rupiah)/","Per Capita GRDP at Current Market Prices by Regency/Municipality, in Nusa Tenggara Timur Province, 2011-2015 (Thousand Rupiahs)",19,9,165f979eb893
NUSA TENGGARA TIMUR,06,Kab. Belu,,2012,,9 .970,,"PDRB Per Kapita Atas Dasar Harga Berlaku di Provinsi Nusa Tenggara Timur Menurut Kabupaten/Kota, 2011-2015 (Ribu Rupiah)/","Per Capita GRDP at Current Market Prices by Regency/Municipality, in Nusa Tenggara Timur Province, 2011-2015 (Thousand Rupiahs)",19,9,ba752384f428
NUSA TENGGARA TIMUR,21,Kab. Malaka,#),2012,,-,,"PDRB Per Kapita Atas Dasar Harga Berlaku di Provinsi Nusa Tenggara Timur Menurut Kabupaten/Kota, 2011-2015 (Ribu Rupiah)/","Per Capita GRDP at Current Market Prices by Regency/Municipality, in Nusa Tenggara Timur Province, 2011-2015 (Thousand Rupiahs)",19,9,4a0dc90f5e10
NUSA TENGGARA TIMUR,07,Kab. Alor,,2012,,8 .287,,"PDRB Per Kapita Atas Dasar Harga Berlaku di Provinsi Nusa Tenggara Timur Menurut Kabupaten/Kota, 2011-2015 (Ribu Rupiah)/","Per Capita GRDP at Current Market Prices by Regency/Municipality, in Nusa Tenggara Timur Province, 2011-2015 (Thousand Rupiahs)",19,9,4d45805d13ec
NUSA TENGGARA TIMUR,08,Kab. Lembata,,2012,,7 .847,,"PDRB Per Kapita Atas Dasar Harga Berlaku di Provinsi Nusa Tenggara Timur Menurut Kabupaten/Kota, 2011-2015 (Ribu Rupiah)/","Per Capita GRDP at Current Market Prices by Regency/Municipality, in Nusa Tenggara Timur Province, 2011-2015 (Thousand Rupiahs)",19,9,983fffe2b899
NUSA TENGGARA TIMUR,09,Kab. Flores Timur,,2012,,1 2.026,,"PDRB Per Kapita Atas Dasar Harga Berlaku di Provinsi Nusa Tenggara Timur Menurut Kabupaten/Kota, 2011-2015 (Ribu Rupiah)/","Per Capita GRDP at Current Market Prices by Regency/Municipality, in Nusa Tenggara Timur Province, 2011-2015 (Thousand Rupiahs)",19,9,539b9e95612e
NUSA TENGGARA TIMUR,10,Kab. Sikka,,2012,,8 .844,,"PDRB Per Kapita Atas Dasar Harga Berlaku di Provinsi Nusa Tenggara Timur Menurut Kabupaten/Kota, 2011-2015 (Ribu Rupiah)/","Per Capita GRDP at Current Market Prices by Regency/Municipality, in Nusa Tenggara Timur Province, 2011-2015 (Thousand Rupiahs)",19,9,eabfa8d24141
NUSA TENGGARA TIMUR,11,Kab. Ende,,2012,,1 2.487,,"PDRB Per Kapita Atas Dasar Harga Berlaku di Provinsi Nusa Tenggara Timur Menurut Kabupaten/Kota, 2011-2015 (Ribu Rupiah)/","Per Capita GRDP at Current Market Prices by Regency/Municipality, in Nusa Tenggara Timur Province, 2011-2015 (Thousand Rupiahs)",19,9,84a881af22da
NUSA TENGGARA TIMUR,12,Kab. Ngada,,2012,,1 2.348,,"PDRB Per Kapita Atas Dasar Harga Berlaku di Provinsi Nusa Tenggara Timur Menurut Kabupaten/Kota, 2011-2015 (Ribu Rupiah)/","Per Capita GRDP at Current Market Prices by Regency/Municipality, in Nusa Tenggara Timur Province, 2011-2015 (Thousand Rupiahs)",19,9,ceae2a1ee21a
NUSA TENGGARA TIMUR,13,Kab. Manggarai,,2012,,7 .864,,"PDRB Per Kapita Atas Dasar Harga Berlaku di Provinsi Nusa Tenggara Timur Menurut Kabupaten/Kota, 2011-2015 (Ribu Rupiah)/","Per Capita GRDP at Current Market Prices by Regency/Municipality, in Nusa Tenggara Timur Province, 2011-2015 (Thousand Rupiahs)",19,9,8f985329a34b
NUSA TENGGARA TIMUR,14,Kab. Rote Ndao,,2012,,1 1.520,,"PDRB Per Kapita Atas Dasar Harga Berlaku di Provinsi Nusa Tenggara Timur Menurut Kabupaten/Kota, 2011-2015 (Ribu Rupiah)/","Per Capita GRDP at Current Market Prices by Regency/Municipality, in Nusa Tenggara Timur Province, 2011-2015 (Thousand Rupiahs)",19,9,86b20bea5c92
NUSA TENGGARA TIMUR,15,Kab. Manggarai Barat,,2012,,7 .660,,"PDRB Per Kapita Atas Dasar Harga Berlaku di Provinsi Nusa Tenggara Timur Menurut Kabupaten/Kota, 2011-2015 (Ribu Rupiah)/","Per Capita GRDP at Current Market Prices by Regency/Municipality, in Nusa Tenggara Timur Province, 2011-2015 (Thousand Rupiahs)",19,9,da0eddd881b5
NUSA TENGGARA TIMUR,16,Kab. Sumba Tengah,,2012,,9 .385,,"PDRB Per Kapita Atas Dasar Harga Berlaku di Provinsi Nusa Tenggara Timur Menurut Kabupaten/Kota, 2011-2015 (Ribu Rupiah)/","Per Capita GRDP at Current Market Prices by Regency/Municipality, in Nusa Tenggara Timur Province, 2011-2015 (Thousand Rupiahs)",19,9,800e8de433ba
NUSA TENGGARA TIMUR,17,Kab. Sumba Barat Daya,,2012,,6 .430,,"PDRB Per Kapita Atas Dasar Harga Berlaku di Provinsi Nusa Tenggara Timur Menurut Kabupaten/Kota, 2011-2015 (Ribu Rupiah)/","Per Capita GRDP at Current Market Prices by Regency/Municipality, in Nusa Tenggara Timur Province, 2011-2015 (Thousand Rupiahs)",19,9,2b0ef8b9b97d
NUSA TENGGARA TIMUR,18,Kab. Nagekeo,,2012,,8 .649,,"PDRB Per Kapita Atas Dasar Harga Berlaku di Provinsi Nusa Tenggara Timur Menurut Kabupaten/Kota, 2011-2015 (Ribu Rupiah)/","Per Capita GRDP at Current Market Prices by Regency/Municipality, in Nusa Tenggara Timur Province, 2011-2015 (Thousand Rupiahs)",19,9,ec02ef285457
NUSA TENGGARA TIMUR,19,Kab. Manggarai Timur,,2012,,6 .300,,"PDRB Per Kapita Atas Dasar Harga Berlaku di Provinsi Nusa Tenggara Timur Menurut Kabupaten/Kota, 2011-2015 (Ribu Rupiah)/","Per Capita GRDP at Current Market Prices by Regency/Municipality, in Nusa Tenggara Timur Province, 2011-2015 (Thousand Rupiahs)",19,9,c5ad0468e1b8
NUSA TENGGARA TIMUR,20,Kab. Sabu Raijua,,2012,,8 .848,,"PDRB Per Kapita Atas Dasar Harga Berlaku di Provinsi Nusa Tenggara Timur Menurut Kabupaten/Kota, 2011-2015 (Ribu Rupiah)/","Per Capita GRDP at Current Market Prices by Regency/Municipality, in Nusa Tenggara Timur Province, 2011-2015 (Thousand Rupiahs)",19,9,2e0f7fdeb545
NUSA TENGGARA TIMUR,71,Kota Kupang,,2012,,3 2.397,,"PDRB Per Kapita Atas Dasar Harga Berlaku di Provinsi Nusa Tenggara Timur Menurut Kabupaten/Kota, 2011-2015 (Ribu Rupiah)/","Per Capita GRDP at Current Market Prices by Regency/Municipality, in Nusa Tenggara Timur Province, 2011-2015 (Thousand Rupiahs)",19,9,07891f4bc5ec
NUSA TENGGARA TIMUR,,Jml Kab./Kota Total of Reg./Mun.,,2012,,1 1.269,,"PDRB Per Kapita Atas Dasar Harga Berlaku di Provinsi Nusa Tenggara Timur Menurut Kabupaten/Kota, 2011-2015 (Ribu Rupiah)/","Per Capita GRDP at Current Market Prices by Regency/Municipality, in Nusa Tenggara Timur Province, 2011-2015 (Thousand Rupiahs)",19,9,7d3a3505551e
NUSA TENGGARA TIMUR,,Provinsi/Province,,2012,,1 1.269,,"PDRB Per Kapita Atas Dasar Harga Berlaku di Provinsi Nusa Tenggara Timur Menurut Kabupaten/Kota, 2011-2015 (Ribu Rupiah)/","Per Capita GRDP at Current Market Prices by Regency/Municipality, in Nusa Tenggara Timur Province, 2011-2015 (Thousand Rupiahs)",19,9,96e8a4d15bf5
KALIMANTAN BARAT,01,Kab. Sambas,,2012,,2 0.805,,"PDRB Per Kapita Atas Dasar Harga Berlaku di Provinsi Kalimantan Barat Menurut Kabupaten/Kota, 2011-2015 (Ribu Rupiah)/","Per Capita GRDP at Current Market Prices by Regency/Municipality, in Kalimantan Barat Province, 2011-2015 (Thousand Rupiahs)",20,10,3f9b2b9aa3fa
KALIMANTAN BARAT,02,Kab. Bengkayang,,2012,,2 0.234,,"PDRB Per Kapita Atas Dasar Harga Berlaku di Provinsi Kalimantan Barat Menurut Kabupaten/Kota, 2011-2015 (Ribu Rupiah)/","Per Capita GRDP at Current Market Prices by Regency/Municipality, in Kalimantan Barat Province, 2011-2015 (Thousand Rupiahs)",20,10,b32c649b4b7f
KALIMANTAN BARAT,03,Kab. Landak,,2012,,1 6.103,,"PDRB Per Kapita Atas Dasar Harga Berlaku di Provinsi Kalimantan Barat Menurut Kabupaten/Kota, 2011-2015 (Ribu Rupiah)/","Per Capita GRDP at Current Market Prices by Regency/Municipality, in Kalimantan Barat Province, 2011-2015 (Thousand Rupiahs)",20,10,7b8def0d57b8
KALIMANTAN BARAT,04,Kab. Mempawah,x),2012,,1 6.454,,"PDRB Per Kapita Atas Dasar Harga Berlaku di Provinsi Kalimantan Barat Menurut Kabupaten/Kota, 2011-2015 (Ribu Rupiah)/","Per Capita GRDP at Current Market Prices by Regency/Municipality, in Kalimantan Barat Province, 2011-2015 (Thousand Rupiahs)",20,10,351e3ba6d924
KALIMANTAN BARAT,05,Kab. Sanggau,,2012,,2 5.774,,"PDRB Per Kapita Atas Dasar Harga Berlaku di Provinsi Kalimantan Barat Menurut Kabupaten/Kota, 2011-2015 (Ribu Rupiah)/","Per Capita GRDP at Current Market Prices by Regency/Municipality, in Kalimantan Barat Province, 2011-2015 (Thousand Rupiahs)",20,10,d09e6e10d80c
KALIMANTAN BARAT,06,Kab. Ketapang,,2012,,3 1.155,,"PDRB Per Kapita Atas Dasar Harga Berlaku di Provinsi Kalimantan Barat Menurut Kabupaten/Kota, 2011-2015 (Ribu Rupiah)/","Per Capita GRDP at Current Market Prices by Regency/Municipality, in Kalimantan Barat Province, 2011-2015 (Thousand Rupiahs)",20,10,fa6e1553b350
KALIMANTAN BARAT,07,Kab. Sintang,,2012,,1 9.698,,"PDRB Per Kapita Atas Dasar Harga Berlaku di Provinsi Kalimantan Barat Menurut Kabupaten/Kota, 2011-2015 (Ribu Rupiah)/","Per Capita GRDP at Current Market Prices by Regency/Municipality, in Kalimantan Barat Province, 2011-2015 (Thousand Rupiahs)",20,10,8e6d7ecad7c3
KALIMANTAN BARAT,08,Kab. Kapuas Hulu,,2012,,2 2.414,,"PDRB Per Kapita Atas Dasar Harga Berlaku di Provinsi Kalimantan Barat Menurut Kabupaten/Kota, 2011-2015 (Ribu Rupiah)/","Per Capita GRDP at Current Market Prices by Regency/Municipality, in Kalimantan Barat Province, 2011-2015 (Thousand Rupiahs)",20,10,dd67f831bf23
KALIMANTAN BARAT,09,Kab. Sekadau,,2012,,1 6.860,,"PDRB Per Kapita Atas Dasar Harga Berlaku di Provinsi Kalimantan Barat Menurut Kabupaten/Kota, 2011-2015 (Ribu Rupiah)/","Per Capita GRDP at Current Market Prices by Regency/Municipality, in Kalimantan Barat Province, 2011-2015 (Thousand Rupiahs)",20,10,b36c5abb3a76
KALIMANTAN BARAT,10,Kab. Melawi,,2012,,1 4.789,,"PDRB Per Kapita Atas Dasar Harga Berlaku di Provinsi Kalimantan Barat Menurut Kabupaten/Kota, 2011-2015 (Ribu Rupiah)/","Per Capita GRDP at Current Market Prices by Regency/Municipality, in Kalimantan Barat Province, 2011-2015 (Thousand Rupiahs)",20,10,146947c92dc3
KALIMANTAN BARAT,11,Kab. Kayong Utara,,2012,,2 0.119,,"PDRB Per Kapita Atas Dasar Harga Berlaku di Provinsi Kalimantan Barat Menurut Kabupaten/Kota, 2011-2015 (Ribu Rupiah)/","Per Capita GRDP at Current Market Prices by Regency/Municipality, in Kalimantan Barat Province, 2011-2015 (Thousand Rupiahs)",20,10,8bc59ecad818
KALIMANTAN BARAT,12,Kab. Kubu Raya,,2012,,2 5.178,,"PDRB Per Kapita Atas Dasar Harga Berlaku di Provinsi Kalimantan Barat Menurut Kabupaten/Kota, 2011-2015 (Ribu Rupiah)/","Per Capita GRDP at Current Market Prices by Regency/Municipality, in Kalimantan Barat Province, 2011-2015 (Thousand Rupiahs)",20,10,3045ed05559e
KALIMANTAN BARAT,71,Kota Pontianak,,2012,,3 3.565,,"PDRB Per Kapita Atas Dasar Harga Berlaku di Provinsi Kalimantan Barat Menurut Kabupaten/Kota, 2011-2015 (Ribu Rupiah)/","Per Capita GRDP at Current Market Prices by Regency/Municipality, in Kalimantan Barat Province, 2011-2015 (Thousand Rupiahs)",20,10,6698ee86a63b
KALIMANTAN BARAT,72,Kota Singkawang,,2012,,2 6.695,,"PDRB Per Kapita Atas Dasar Harga Berlaku di Provinsi Kalimantan Barat Menurut Kabupaten/Kota, 2011-2015 (Ribu Rupiah)/","Per Capita GRDP at Current Market Prices by Regency/Municipality, in Kalimantan Barat Province, 2011-2015 (Thousand Rupiahs)",20,10,02d5ed4976ab
KALIMANTAN BARAT,,Jml Kab./Kota Total of Reg./Mun.,,2012,,2 3.602,,"PDRB Per Kapita Atas Dasar Harga Berlaku di Provinsi Kalimantan Barat Menurut Kabupaten/Kota, 2011-2015 (Ribu Rupiah)/","Per Capita GRDP at Current Market Prices by Regency/Municipality, in Kalimantan Barat Province, 2011-2015 (Thousand Rupiahs)",20,10,e18ef5e02e2c
KALIMANTAN BARAT,,Provinsi/Province,,2012,,2 3.427,,"PDRB Per Kapita Atas Dasar Harga Berlaku di Provinsi Kalimantan Barat Menurut Kabupaten/Kota, 2011-2015 (Ribu Rupiah)/","Per Capita GRDP at Current Market Prices by Regency/Municipality, in Kalimantan Barat Province, 2011-2015 (Thousand Rupiahs)",20,10,46d125e47b48
DKI JAKARTA,01,Kab. Kepulauan Seribu,,2013,,2 31.292,,"PDRB Per Kapita Atas Dasar Harga Berlaku di Provinsi DKI Jakarta Menurut Kabupaten/Kota, 2011-2015 (Ribu Rupiah)/","Per Capita GRDP at Current Market Prices by Regency/Municipality, in DKI Jakarta Province, 2011-2015 (Thousand Rupiahs)",11,1,1800a0325145
DKI JAKARTA,71,Kota Jakarta Selatan,,2013,,1 62.050,,"PDRB Per Kapita Atas Dasar Harga Berlaku di Provinsi DKI Jakarta Menurut Kabupaten/Kota, 2011-2015 (Ribu Rupiah)/","Per Capita GRDP at Current Market Prices by Regency/Municipality, in DKI Jakarta Province, 2011-2015 (Thousand Rupiahs)",11,1,0bdb185e6281
DKI JAKARTA,72,Kota Jakarta Timur,,2013,,9 5.761,,"PDRB Per Kapita Atas Dasar Harga Berlaku di Provinsi DKI Jakarta Menurut Kabupaten/Kota, 2011-2015 (Ribu Rupiah)/","Per Capita GRDP at Current Market Prices by Regency/Municipality, in DKI Jakarta Province, 2011-2015 (Thousand Rupiahs)",11,1,a46feed9e2c6
DKI JAKARTA,73,Kota Jakarta Pusat,,2013,,4 17.062,,"PDRB Per Kapita Atas Dasar Harga Berlaku di Provinsi DKI Jakarta Menurut Kabupaten/Kota, 2011-2015 (Ribu Rupiah)/","Per Capita GRDP at Current Market Prices by Regency/Municipality, in DKI Jakarta Province, 2011-2015 (Thousand Rupiahs)",11,1,cf9e3df96d03
DKI JAKARTA,74,Kota Jakarta Barat,,2013,,1 07.936,,"PDRB Per Kapita Atas Dasar Harga Berlaku di Provinsi DKI Jakarta Menurut Kabupaten/Kota, 2011-2015 (Ribu Rupiah)/","Per Capita GRDP at Current Market Prices by Regency/Municipality, in DKI Jakarta Province, 2011-2015 (Thousand Rupiahs)",11,1,7673cf0023fe
DKI JAKARTA,75,Kota Jakarta Utara,,2013,,1 69.393,,"PDRB Per Kapita Atas Dasar Harga Berlaku di Provinsi DKI Jakarta Menurut Kabupaten/Kota, 2011-2015 (Ribu Rupiah)/","Per Capita GRDP at Current Market Prices by Regency/Municipality, in DKI Jakarta Province, 2011-2015 (Thousand Rupiahs)",11,1,536cccba239b
DKI JAKARTA,,Jml Kab./Kota Total of Reg./Mun.,,2013,,1 55.092,,"PDRB Per Kapita Atas Dasar Harga Berlaku di Provinsi DKI Jakarta Menurut Kabupaten/Kota, 2011-2015 (Ribu Rupiah)/","Per Capita GRDP at Current Market Prices by Regency/Municipality, in DKI Jakarta Province, 2011-2015 (Thousand Rupiahs)",11,1,0c078831f216
DKI JAKARTA,,Provinsi/Province,,2013,,1 55.154,,"PDRB Per Kapita Atas Dasar Harga Berlaku di Provinsi DKI Jakarta Menurut Kabupaten/Kota, 2011-2015 (Ribu Rupiah)/","Per Capita GRDP at Current Market Prices by Regency/Municipality, in DKI Jakarta Province, 2011-2015 (Thousand Rupiahs)",11,1,a6d7705ce0ab
JAWA BARAT,01,Kab. Bogor,,2013,,2 6.121,,"PDRB Per Kapita Atas Dasar Harga Berlaku di Provinsi Jawa Barat Menurut Kabupaten/Kota, 2011-2015 (Ribu Rupiah)/","Per Capita GRDP at Current Market Prices by Regency/Municipality, in Jawa Barat Province, 2011-2015 (Thousand Rupiahs)",12,2,c40d32213d03
JAWA BARAT,02,Kab. Sukabumi,,2013,,1 5.973,,"PDRB Per Kapita Atas Dasar Harga Berlaku di Provinsi Jawa Barat Menurut Kabupaten/Kota, 2011-2015 (Ribu Rupiah)/","Per Capita GRDP at Current Market Prices by Regency/Municipality, in Jawa Barat Province, 2011-2015 (Thousand Rupiahs)",12,2,09fd8a898b70
JAWA BARAT,03,Kab. Cianjur,,2013,,1 1.915,,"PDRB Per Kapita Atas Dasar Harga Berlaku di Provinsi Jawa Barat Menurut Kabupaten/Kota, 2011-2015 (Ribu Rupiah)/","Per Capita GRDP at Current Market Prices by Regency/Municipality, in Jawa Barat Province, 2011-2015 (Thousand Rupiahs)",12,2,0db298d7a77e
JAWA BARAT,04,Kab. Bandung,,2013,,1 9.926,,"PDRB Per Kapita Atas Dasar Harga Berlaku di Provinsi Jawa Barat Menurut Kabupaten/Kota, 2011-2015 (Ribu Rupiah)/","Per Capita GRDP at Current Market Prices by Regency/Municipality, in Jawa Barat Province, 2011-2015 (Thousand Rupiahs)",12,2,8a58c6e5f643
JAWA BARAT,05,Kab. Garut,,2013,,1 3.462,,"PDRB Per Kapita Atas Dasar Harga Berlaku di Provinsi Jawa Barat Menurut Kabupaten/Kota, 2011-2015 (Ribu Rupiah)/","Per Capita GRDP at Current Market Prices by Regency/Municipality, in Jawa Barat Province, 2011-2015 (Thousand Rupiahs)",12,2,45009ebf230d
JAWA BARAT,06,Kab. Tasikmalaya,,2013,,1 2.367,,"PDRB Per Kapita Atas Dasar Harga Berlaku di Provinsi Jawa Barat Menurut Kabupaten/Kota, 2011-2015 (Ribu Rupiah)/","Per Capita GRDP at Current Market Prices by Regency/Municipality, in Jawa Barat Province, 2011-2015 (Thousand Rupiahs)",12,2,71e0fb0d313c
JAWA BARAT,07,Kab. Ciamis,,2013,,1 6.162,,"PDRB Per Kapita Atas Dasar Harga Berlaku di Provinsi Jawa Barat Menurut Kabupaten/Kota, 2011-2015 (Ribu Rupiah)/","Per Capita GRDP at Current Market Prices by Regency/Municipality, in Jawa Barat Province, 2011-2015 (Thousand Rupiahs)",12,2,4accd7e564ad
JAWA BARAT,18,Kab. Pangandaran,#),2013,,1 7.318,,"PDRB Per Kapita Atas Dasar Harga Berlaku di Provinsi Jawa Barat Menurut Kabupaten/Kota, 2011-2015 (Ribu Rupiah)/","Per Capita GRDP at Current Market Prices by Regency/Municipality, in Jawa Barat Province, 2011-2015 (Thousand Rupiahs)",12,2,5ccae8cf3c0b
JAWA BARAT,08,Kab. Kuningan,,2013,,1 2.907,,"PDRB Per Kapita Atas Dasar Harga Berlaku di Provinsi Jawa Barat Menurut Kabupaten/Kota, 2011-2015 (Ribu Rupiah)/","Per Capita GRDP at Current Market Prices by Regency/Municipality, in Jawa Barat Province, 2011-2015 (Thousand Rupiahs)",12,2,57d133ce8cf4
JAWA BARAT,09,Kab. Cirebon,,2013,,1 4.051,,"PDRB Per Kapita Atas Dasar Harga Berlaku di Provinsi Jawa Barat Menurut Kabupaten/Kota, 2011-2015 (Ribu Rupiah)/","Per Capita GRDP at Current Market Prices by Regency/Municipality, in Jawa Barat Province, 2011-2015 (Thousand Rupiahs)",12,2,83185408f9d9
JAWA BARAT,10,Kab. Majalengka,,2013,,1 4.988,,"PDRB Per Kapita Atas Dasar Harga Berlaku di Provinsi Jawa Barat Menurut Kabupaten/Kota, 2011-2015 (Ribu Rupiah)/","Per Capita GRDP at Current Market Prices by Regency/Municipality, in Jawa Barat Province, 2011-2015 (Thousand Rupiahs)",12,2,47b8074af0d5
JAWA BARAT,11,Kab. Sumedang,,2013,,1 8.007,,"PDRB Per Kapita Atas Dasar Harga Berlaku di Provinsi Jawa Barat Menurut Kabupaten/Kota, 2011-2015 (Ribu Rupiah)/","Per Capita GRDP at Current Market Prices by Regency/Municipality, in Jawa Barat Province, 2011-2015 (Thousand Rupiahs)",12,2,3229ab26bb08
JAWA BARAT,12,Kab.indramayu,,2013,,3 7.851,,"PDRB Per Kapita Atas Dasar Harga Berlaku di Provinsi Jawa Barat Menurut Kabupaten/Kota, 2011-2015 (Ribu Rupiah)/","Per Capita GRDP at Current Market Prices by Regency/Municipality, in Jawa Barat Province, 2011-2015 (Thousand Rupiahs)",12,2,be08ec797b99
JAWA BARAT,13,Kab. Subang,,2013,,1 6.523,,"PDRB Per Kapita Atas Dasar Harga Berlaku di Provinsi Jawa Barat Menurut Kabupaten/Kota, 2011-2015 (Ribu Rupiah)/","Per Capita GRDP at Current Market Prices by Regency/Municipality, in Jawa Barat Province, 2011-2015 (Thousand Rupiahs)",12,2,b1aa197193de
JAWA BARAT,14,Kab. Purwakarta,,2013,,4 5.222,,"PDRB Per Kapita Atas Dasar Harga Berlaku di Provinsi Jawa Barat Menurut Kabupaten/Kota, 2011-2015 (Ribu Rupiah)/","Per Capita GRDP at Current Market Prices by Regency/Municipality, in Jawa Barat Province, 2011-2015 (Thousand Rupiahs)",12,2,79baf0addaec
JAWA BARAT,15,Kab. Karawang,,2013,,6 3.643,,"PDRB Per Kapita Atas Dasar Harga Berlaku di Provinsi Jawa Barat Menurut Kabupaten/Kota, 2011-2015 (Ribu Rupiah)/","Per Capita GRDP at Current Market Prices by Regency/Municipality, in Jawa Barat Province, 2011-2015 (Thousand Rupiahs)",12,2,1e0b5461dd34
JAWA BARAT,16,Kab. Bekasi,,2013,,6 8.641,,"PDRB Per Kapita Atas Dasar Harga Berlaku di Provinsi Jawa Barat Menurut Kabupaten/Kota, 2011-2015 (Ribu Rupiah)/","Per Capita GRDP at Current Market Prices by Regency/Municipality, in Jawa Barat Province, 2011-2015 (Thousand Rupiahs)",12,2,159371aea149
JAWA BARAT,17,Kab. Bandung Barat,,2013,,1 7.235,,"PDRB Per Kapita Atas Dasar Harga Berlaku di Provinsi Jawa Barat Menurut Kabupaten/Kota, 2011-2015 (Ribu Rupiah)/","Per Capita GRDP at Current Market Prices by Regency/Municipality, in Jawa Barat Province, 2011-2015 (Thousand Rupiahs)",12,2,e8b42461dcf8
JAWA BARAT,71,Kota Bogor,,2013,,2 5.747,,"PDRB Per Kapita Atas Dasar Harga Berlaku di Provinsi Jawa Barat Menurut Kabupaten/Kota, 2011-2015 (Ribu Rupiah)/","Per Capita GRDP at Current Market Prices by Regency/Municipality, in Jawa Barat Province, 2011-2015 (Thousand Rupiahs)",12,2,88d78c37ce3b
JAWA BARAT,72,Kota Sukabumi,,2013,,2 3.442,,"PDRB Per Kapita Atas Dasar Harga Berlaku di Provinsi Jawa Barat Menurut Kabupaten/Kota, 2011-2015 (Ribu Rupiah)/","Per Capita GRDP at Current Market Prices by Regency/Municipality, in Jawa Barat Province, 2011-2015 (Thousand Rupiahs)",12,2,7e550b6d0e3d
JAWA BARAT,73,Kota Bandung,,2013,,6 1.743,,"PDRB Per Kapita Atas Dasar Harga Berlaku di Provinsi Jawa Barat Menurut Kabupaten/Kota, 2011-2015 (Ribu Rupiah)/","Per Capita GRDP at Current Market Prices by Regency/Municipality, in Jawa Barat Province, 2011-2015 (Thousand Rupiahs)",12,2,1371adff32df
JAWA BARAT,74,Kota Cirebon,,2013,,4 5.113,,"PDRB Per Kapita Atas Dasar Harga Berlaku di Provinsi Jawa Barat Menurut Kabupaten/Kota, 2011-2015 (Ribu Rupiah)/","Per Capita GRDP at Current Market Prices by Regency/Municipality, in Jawa Barat Province, 2011-2015 (Thousand Rupiahs)",12,2,d63edec3851d
JAWA BARAT,75,Kota Bekasi,,2013,,2 2.454,,"PDRB Per Kapita Atas Dasar Harga Berlaku di Provinsi Jawa Barat Menurut Kabupaten/Kota, 2011-2015 (Ribu Rupiah)/","Per Capita GRDP at Current Market Prices by Regency/Municipality, in Jawa Barat Province, 2011-2015 (Thousand Rupiahs)",12,2,4247abfc0857
JAWA BARAT,76,Kota Depok,,2013,,1 9.686,,"PDRB Per Kapita Atas Dasar Harga Berlaku di Provinsi Jawa Barat Menurut Kabupaten/Kota, 2011-2015 (Ribu Rupiah)/","Per Capita GRDP at Current Market Prices by Regency/Municipality, in Jawa Barat Province, 2011-2015 (Thousand Rupiahs)",12,2,ebc9fa56133f
JAWA BARAT,77,Kota Cimahi,,2013,,3 2.199,,"PDRB Per Kapita Atas Dasar Harga Berlaku di Provinsi Jawa Barat Menurut Kabupaten/Kota, 2011-2015 (Ribu Rupiah)/","Per Capita GRDP at Current Market Prices by Regency/Municipality, in Jawa Barat Province, 2011-2015 (Thousand Rupiahs)",12,2,7e3bbecd1ab6
JAWA BARAT,78,Kota Tasikmalaya,,2013,,1 8.865,,"PDRB Per Kapita Atas Dasar Harga Berlaku di Provinsi Jawa Barat Menurut Kabupaten/Kota, 2011-2015 (Ribu Rupiah)/","Per Capita GRDP at Current Market Prices by Regency/Municipality, in Jawa Barat Province, 2011-2015 (Thousand Rupiahs)",12,2,d3b8193724cb
JAWA BARAT,79,Kota Banjar,,2013,,1 5.355,,"PDRB Per Kapita Atas Dasar Harga Berlaku di Provinsi Jawa Barat Menurut Kabupaten/Kota, 2011-2015 (Ribu Rupiah)/","Per Capita GRDP at Current Market Prices by Regency/Municipality, in Jawa Barat Province, 2011-2015 (Thousand Rupiahs)",12,2,6ef2e2cb4cc9
JAWA BARAT,,Jml Kab./Kota Total of Reg./Mun.,,2013,,2 7.834,,"PDRB Per Kapita Atas Dasar Harga Berlaku di Provinsi Jawa Barat Menurut Kabupaten/Kota, 2011-2015 (Ribu Rupiah)/","Per Capita GRDP at Current Market Prices by Regency/Municipality, in Jawa Barat Province, 2011-2015 (Thousand Rupiahs)",12,2,df8133885318
JAWA BARAT,,Provinsi/Province,,2013,,2 7.767,,"PDRB Per Kapita Atas Dasar Harga Berlaku di Provinsi Jawa Barat Menurut Kabupaten/Kota, 2011-2015 (Ribu Rupiah)/","Per Capita GRDP at Current Market Prices by Regency/Municipality, in Jawa Barat Province, 2011-2015 (Thousand Rupiahs)",12,2,16d394968cf6
JAWA TENGAH,01,Kab. Cilacap,,2013,,5 1.595,,"PDRB Per Kapita Atas Dasar Harga Berlaku di Provinsi Jawa Tengah Menurut Kabupaten/Kota, 2011-2015 (Ribu Rupiah)/","Per Capita GRDP at Current Market Prices by Regency/Municipality, in Jawa Tengah Province, 2011-2015 (Thousand Rupiahs)",13,3,d168ff292ab9
JAWA TENGAH,02,Kab. Banyumas,,2013,,1 9.538,,"PDRB Per Kapita Atas Dasar Harga Berlaku di Provinsi Jawa Tengah Menurut Kabupaten/Kota, 2011-2015 (Ribu Rupiah)/","Per Capita GRDP at Current Market Prices by Regency/Municipality, in Jawa Tengah Province, 2011-2015 (Thousand Rupiahs)",13,3,741dd1961789
JAWA TENGAH,03,Kab. Purbalingga,,2013,,1 6.811,,"PDRB Per Kapita Atas Dasar Harga Berlaku di Provinsi Jawa Tengah Menurut Kabupaten/Kota, 2011-2015 (Ribu Rupiah)/","Per Capita GRDP at Current Market Prices by Regency/Municipality, in Jawa Tengah Province, 2011-2015 (Thousand Rupiahs)",13,3,69b1022f52c1
JAWA TENGAH,04,Kab. Banjarnegara,,2013,,1 4.329,,"PDRB Per Kapita Atas Dasar Harga Berlaku di Provinsi Jawa Tengah Menurut Kabupaten/Kota, 2011-2015 (Ribu Rupiah)/","Per Capita GRDP at Current Market Prices by Regency/Municipality, in Jawa Tengah Province, 2011-2015 (Thousand Rupiahs)",13,3,bc00d50562a8
JAWA TENGAH,05,Kab. Kebumen,,2013,,1 4.045,,"PDRB Per Kapita Atas Dasar Harga Berlaku di Provinsi Jawa Tengah Menurut Kabupaten/Kota, 2011-2015 (Ribu Rupiah)/","Per Capita GRDP at Current Market Prices by Regency/Municipality, in Jawa Tengah Province, 2011-2015 (Thousand Rupiahs)",13,3,d85e1e233b30
JAWA TENGAH,06,Kab. Purworejo,,2013,,1 6.247,,"PDRB Per Kapita Atas Dasar Harga Berlaku di Provinsi Jawa Tengah Menurut Kabupaten/Kota, 2011-2015 (Ribu Rupiah)/","Per Capita GRDP at Current Market Prices by Regency/Municipality, in Jawa Tengah Province, 2011-2015 (Thousand Rupiahs)",13,3,f02c5314a5f2
JAWA TENGAH,07,Kab. Wonosobo,,2013,,1 5.271,,"PDRB Per Kapita Atas Dasar Harga Berlaku di Provinsi Jawa Tengah Menurut Kabupaten/Kota, 2011-2015 (Ribu Rupiah)/","Per Capita GRDP at Current Market Prices by Regency/Municipality, in Jawa Tengah Province, 2011-2015 (Thousand Rupiahs)",13,3,6cca457cb711
JAWA TENGAH,08,Kab. Magelang,,2013,,1 6.046,,"PDRB Per Kapita Atas Dasar Harga Berlaku di Provinsi Jawa Tengah Menurut Kabupaten/Kota, 2011-2015 (Ribu Rupiah)/","Per Capita GRDP at Current Market Prices by Regency/Municipality, in Jawa Tengah Province, 2011-2015 (Thousand Rupiahs)",13,3,1b723886ace8
JAWA TENGAH,09,Kab. Boyolali,,2013,,1 9.758,,"PDRB Per Kapita Atas Dasar Harga Berlaku di Provinsi Jawa Tengah Menurut Kabupaten/Kota, 2011-2015 (Ribu Rupiah)/","Per Capita GRDP at Current Market Prices by Regency/Municipality, in Jawa Tengah Province, 2011-2015 (Thousand Rupiahs)",13,3,bc965e15c649
JAWA TENGAH,10,Kab. Klaten,,2013,,2 0.318,,"PDRB Per Kapita Atas Dasar Harga Berlaku di Provinsi Jawa Tengah Menurut Kabupaten/Kota, 2011-2015 (Ribu Rupiah)/","Per Capita GRDP at Current Market Prices by Regency/Municipality, in Jawa Tengah Province, 2011-2015 (Thousand Rupiahs)",13,3,196c90c5ad1a
JAWA TENGAH,11,Kab. Sukoharjo,,2013,,2 5.958,,"PDRB Per Kapita Atas Dasar Harga Berlaku di Provinsi Jawa Tengah Menurut Kabupaten/Kota, 2011-2015 (Ribu Rupiah)/","Per Capita GRDP at Current Market Prices by Regency/Municipality, in Jawa Tengah Province, 2011-2015 (Thousand Rupiahs)",13,3,b49bbfa8861f
JAWA TENGAH,12,Kab. Wonogiri,,2013,,1 8.719,,"PDRB Per Kapita Atas Dasar Harga Berlaku di Provinsi Jawa Tengah Menurut Kabupaten/Kota, 2011-2015 (Ribu Rupiah)/","Per Capita GRDP at Current Market Prices by Regency/Municipality, in Jawa Tengah Province, 2011-2015 (Thousand Rupiahs)",13,3,91cc78809872
JAWA TENGAH,13,Kab. Karanganyar,,2013,,2 6.445,,"PDRB Per Kapita Atas Dasar Harga Berlaku di Provinsi Jawa Tengah Menurut Kabupaten/Kota, 2011-2015 (Ribu Rupiah)/","Per Capita GRDP at Current Market Prices by Regency/Municipality, in Jawa Tengah Province, 2011-2015 (Thousand Rupiahs)",13,3,5e1c8c34a97c
JAWA TENGAH,14,Kab. Sragen,,2013,,2 5.081,,"PDRB Per Kapita Atas Dasar Harga Berlaku di Provinsi Jawa Tengah Menurut Kabupaten/Kota, 2011-2015 (Ribu Rupiah)/","Per Capita GRDP at Current Market Prices by Regency/Municipality, in Jawa Tengah Province, 2011-2015 (Thousand Rupiahs)",13,3,d7b23bebbc51
JAWA TENGAH,15,Kab. Grobogan,,2013,,1 2.442,,"PDRB Per Kapita Atas Dasar Harga Berlaku di Provinsi Jawa Tengah Menurut Kabupaten/Kota, 2011-2015 (Ribu Rupiah)/","Per Capita GRDP at Current Market Prices by Regency/Municipality, in Jawa Tengah Province, 2011-2015 (Thousand Rupiahs)",13,3,8d97416edcf3
JAWA TENGAH,16,Kab. Blora,,2013,,1 6.041,,"PDRB Per Kapita Atas Dasar Harga Berlaku di Provinsi Jawa Tengah Menurut Kabupaten/Kota, 2011-2015 (Ribu Rupiah)/","Per Capita GRDP at Current Market Prices by Regency/Municipality, in Jawa Tengah Province, 2011-2015 (Thousand Rupiahs)",13,3,00d35c9d6b00
JAWA TENGAH,17,Kab. Rembang,,2013,,1 8.790,,"PDRB Per Kapita Atas Dasar Harga Berlaku di Provinsi Jawa Tengah Menurut Kabupaten/Kota, 2011-2015 (Ribu Rupiah)/","Per Capita GRDP at Current Market Prices by Regency/Municipality, in Jawa Tengah Province, 2011-2015 (Thousand Rupiahs)",13,3,71ddd65604ef
JAWA TENGAH,18,Kab. Pati,,2013,,2 1.291,,"PDRB Per Kapita Atas Dasar Harga Berlaku di Provinsi Jawa Tengah Menurut Kabupaten/Kota, 2011-2015 (Ribu Rupiah)/","Per Capita GRDP at Current Market Prices by Regency/Municipality, in Jawa Tengah Province, 2011-2015 (Thousand Rupiahs)",13,3,8384c1e085b7
JAWA TENGAH,19,Kab. Kudus,,2013,,8 6.724,,"PDRB Per Kapita Atas Dasar Harga Berlaku di Provinsi Jawa Tengah Menurut Kabupaten/Kota, 2011-2015 (Ribu Rupiah)/","Per Capita GRDP at Current Market Prices by Regency/Municipality, in Jawa Tengah Province, 2011-2015 (Thousand Rupiahs)",13,3,a2d90182d748
JAWA TENGAH,20,Kab. Jepara,,2013,,1 5.627,,"PDRB Per Kapita Atas Dasar Harga Berlaku di Provinsi Jawa Tengah Menurut Kabupaten/Kota, 2011-2015 (Ribu Rupiah)/","Per Capita GRDP at Current Market Prices by Regency/Municipality, in Jawa Tengah Province, 2011-2015 (Thousand Rupiahs)",13,3,b8bf4594ceba
JAWA TENGAH,21,Kab. Demak,,2013,,1 4.409,,"PDRB Per Kapita Atas Dasar Harga Berlaku di Provinsi Jawa Tengah Menurut Kabupaten/Kota, 2011-2015 (Ribu Rupiah)/","Per Capita GRDP at Current Market Prices by Regency/Municipality, in Jawa Tengah Province, 2011-2015 (Thousand Rupiahs)",13,3,64757645d4b3
JAWA TENGAH,22,Kab. Semarang,,2013,,3 0.581,,"PDRB Per Kapita Atas Dasar Harga Berlaku di Provinsi Jawa Tengah Menurut Kabupaten/Kota, 2011-2015 (Ribu Rupiah)/","Per Capita GRDP at Current Market Prices by Regency/Municipality, in Jawa Tengah Province, 2011-2015 (Thousand Rupiahs)",13,3,5d2ab94b1315
JAWA TENGAH,23,Kab. Temanggung,,2013,,1 7.882,,"PDRB Per Kapita Atas Dasar Harga Berlaku di Provinsi Jawa Tengah Menurut Kabupaten/Kota, 2011-2015 (Ribu Rupiah)/","Per Capita GRDP at Current Market Prices by Regency/Municipality, in Jawa Tengah Province, 2011-2015 (Thousand Rupiahs)",13,3,e543a0b02470
JAWA TENGAH,24,Kab. Kendal,,2013,,2 7.271,,"PDRB Per Kapita Atas Dasar Harga Berlaku di Provinsi Jawa Tengah Menurut Kabupaten/Kota, 2011-2015 (Ribu Rupiah)/","Per Capita GRDP at Current Market Prices by Regency/Municipality, in Jawa Tengah Province, 2011-2015 (Thousand Rupiahs)",13,3,aafd75ee0fc2
JAWA TENGAH,25,Kab. Batang,,2013,,1 7.663,,"PDRB Per Kapita Atas Dasar Harga Berlaku di Provinsi Jawa Tengah Menurut Kabupaten/Kota, 2011-2015 (Ribu Rupiah)/","Per Capita GRDP at Current Market Prices by Regency/Municipality, in Jawa Tengah Province, 2011-2015 (Thousand Rupiahs)",13,3,adf5a1d5550e
JAWA TENGAH,26,Kab. Pekalongan,,2013,,1 5.976,,"PDRB Per Kapita Atas Dasar Harga Berlaku di Provinsi Jawa Tengah Menurut Kabupaten/Kota, 2011-2015 (Ribu Rupiah)/","Per Capita GRDP at Current Market Prices by Regency/Municipality, in Jawa Tengah Province, 2011-2015 (Thousand Rupiahs)",13,3,439bb05fee02
JAWA TENGAH,27,Kab. Pemalang,,2013,,1 1.748,,"PDRB Per Kapita Atas Dasar Harga Berlaku di Provinsi Jawa Tengah Menurut Kabupaten/Kota, 2011-2015 (Ribu Rupiah)/","Per Capita GRDP at Current Market Prices by Regency/Municipality, in Jawa Tengah Province, 2011-2015 (Thousand Rupiahs)",13,3,4e1a97205697
JAWA TENGAH,28,Kab. Tegal,,2013,,1 4.677,,"PDRB Per Kapita Atas Dasar Harga Berlaku di Provinsi Jawa Tengah Menurut Kabupaten/Kota, 2011-2015 (Ribu Rupiah)/","Per Capita GRDP at Current Market Prices by Regency/Municipality, in Jawa Tengah Province, 2011-2015 (Thousand Rupiahs)",13,3,35e19c0be403
JAWA TENGAH,29,Kab. Brebes,,2013,,1 5.546,,"PDRB Per Kapita Atas Dasar Harga Berlaku di Provinsi Jawa Tengah Menurut Kabupaten/Kota, 2011-2015 (Ribu Rupiah)/","Per Capita GRDP at Current Market Prices by Regency/Municipality, in Jawa Tengah Province, 2011-2015 (Thousand Rupiahs)",13,3,29c988be949b
JAWA TENGAH,71,Kota Magelang,,2013,,4 4.686,,"PDRB Per Kapita Atas Dasar Harga Berlaku di Provinsi Jawa Tengah Menurut Kabupaten/Kota, 2011-2015 (Ribu Rupiah)/","Per Capita GRDP at Current Market Prices by Regency/Municipality, in Jawa Tengah Province, 2011-2015 (Thousand Rupiahs)",13,3,c46291d85e69
JAWA TENGAH,72,Kota Surakarta,,2013,,5 7.269,,"PDRB Per Kapita Atas Dasar Harga Berlaku di Provinsi Jawa Tengah Menurut Kabupaten/Kota, 2011-2015 (Ribu Rupiah)/","Per Capita GRDP at Current Market Prices by Regency/Municipality, in Jawa Tengah Province, 2011-2015 (Thousand Rupiahs)",13,3,27351746a2c2
JAWA TENGAH,73,Kota Salatiga,,2013,,4 4.710,,"PDRB Per Kapita Atas Dasar Harga Berlaku di Provinsi Jawa Tengah Menurut Kabupaten/Kota, 2011-2015 (Ribu Rupiah)/","Per Capita GRDP at Current Market Prices by Regency/Municipality, in Jawa Tengah Province, 2011-2015 (Thousand Rupiahs)",13,3,bc6b2d8cf6b5
JAWA TENGAH,74,Kota Semarang,,2013,,6 6.169,,"PDRB Per Kapita Atas Dasar Harga Berlaku di Provinsi Jawa Tengah Menurut Kabupaten/Kota, 2011-2015 (Ribu Rupiah)/","Per Capita GRDP at Current Market Prices by Regency/Municipality, in Jawa Tengah Province, 2011-2015 (Thousand Rupiahs)",13,3,1c84c686862d
JAWA TENGAH,75,Kota Pekalongan,,2013,,2 1.988,,"PDRB Per Kapita Atas Dasar Harga Berlaku di Provinsi Jawa Tengah Menurut Kabupaten/Kota, 2011-2015 (Ribu Rupiah)/","Per Capita GRDP at Current Market Prices by Regency/Municipality, in Jawa Tengah Province, 2011-2015 (Thousand Rupiahs)",13,3,0e32d4c32e91
JAWA TENGAH,76,Kota Tegal,,2013,,3 7.460,,"PDRB Per Kapita Atas Dasar Harga Berlaku di Provinsi Jawa Tengah Menurut Kabupaten/Kota, 2011-2015 (Ribu Rupiah)/","Per Capita GRDP at Current Market Prices by Regency/Municipality, in Jawa Tengah Province, 2011-2015 (Thousand Rupiahs)",13,3,2c8834390d3b
JAWA TENGAH,,Jml Kab./Kota Total of Reg./Mun.,,2013,,2 4.865,,"PDRB Per Kapita Atas Dasar Harga Berlaku di Provinsi Jawa Tengah Menurut Kabupaten/Kota, 2011-2015 (Ribu Rupiah)/","Per Capita GRDP at Current Market Prices by Regency/Municipality, in Jawa Tengah Province, 2011-2015 (Thousand Rupiahs)",13,3,61e72b5e13a0
JAWA TENGAH,,Provinsi/Province,,2013,,2 4.952,,"PDRB Per Kapita Atas Dasar Harga Berlaku di Provinsi Jawa Tengah Menurut Kabupaten/Kota, 2011-2015 (Ribu Rupiah)/","Per Capita GRDP at Current Market Prices by Regency/Municipality, in Jawa Tengah Province, 2011-2015 (Thousand Rupiahs)",13,3,e3277900748a
DI YOGYAKARTA,01,Kab. Kulon Progo,,2013,,16.096,,"PDRB Per Kapita Atas Dasar Harga Berlaku di Provinsi DI Yogyakarta Menurut Kabupaten/Kota, 2011-2015 (Ribu Rupiah)/","Per Capita GRDP at Current Market Prices by Regency/Municipality, in DI Yogyakarta Province, 2011-2015 (Thousand Rupiahs)",14,4,798807bd33aa
DI YOGYAKARTA,02,Kab. Bantul,,2013,,1 7.041,,"PDRB Per Kapita Atas Dasar Harga Berlaku di Provinsi DI Yogyakarta Menurut Kabupaten/Kota, 2011-2015 (Ribu Rupiah)/","Per Capita GRDP at Current Market Prices by Regency/Municipality, in DI Yogyakarta Province, 2011-2015 (Thousand Rupiahs)",14,4,b544a70adf3c
DI YOGYAKARTA,03,Kab. Gunung Kidul,,2013,,1 6.467,,"PDRB Per Kapita Atas Dasar Harga Berlaku di Provinsi DI Yogyakarta Menurut Kabupaten/Kota, 2011-2015 (Ribu Rupiah)/","Per Capita GRDP at Current Market Prices by Regency/Municipality, in DI Yogyakarta Province, 2011-2015 (Thousand Rupiahs)",14,4,a87fe9d7eb75
DI YOGYAKARTA,04,Kab. Sleman,,2013,,2 4.783,,"PDRB Per Kapita Atas Dasar Harga Berlaku di Provinsi DI Yogyakarta Menurut Kabupaten/Kota, 2011-2015 (Ribu Rupiah)/","Per Capita GRDP at Current Market Prices by Regency/Municipality, in DI Yogyakarta Province, 2011-2015 (Thousand Rupiahs)",14,4,b36652a461c7
DI YOGYAKARTA,71,Kota Yogyakarta,,2013,,5 5.970,,"PDRB Per Kapita Atas Dasar Harga Berlaku di Provinsi DI Yogyakarta Menurut Kabupaten/Kota, 2011-2015 (Ribu Rupiah)/","Per Capita GRDP at Current Market Prices by Regency/Municipality, in DI Yogyakarta Province, 2011-2015 (Thousand Rupiahs)",14,4,c5642b59a3a2
DI YOGYAKARTA,,Jml Kab./Kota Total of Reg./Mun.,,2013,,2 3.643,,"PDRB Per Kapita Atas Dasar Harga Berlaku di Provinsi DI Yogyakarta Menurut Kabupaten/Kota, 2011-2015 (Ribu Rupiah)/","Per Capita GRDP at Current Market Prices by Regency/Municipality, in DI Yogyakarta Province, 2011-2015 (Thousand Rupiahs)",14,4,da78511a5e39
DI YOGYAKARTA,,Provinsi/Province,,2013,,2 3.624,,"PDRB Per Kapita Atas Dasar Harga Berlaku di Provinsi DI Yogyakarta Menurut Kabupaten/Kota, 2011-2015 (Ribu Rupiah)/","Per Capita GRDP at Current Market Prices by Regency/Municipality, in DI Yogyakarta Province, 2011-2015 (Thousand Rupiahs)",14,4,95b61c8105a3
JAWA TIMUR,01,Kab. Pacitan,,2013,,1 7.186,,"PDRB Per Kapita Atas Dasar Harga Berlaku di Provinsi Jawa Timur Menurut Kabupaten/Kota, 2011-2015 (Ribu Rupiah)/","Per Capita GRDP at Current Market Prices by Regency/Municipality, in Jawa Timur Province, 2011-2015 (Thousand Rupiahs)",15,5,09a2298c45b6
JAWA TIMUR,02,Kab. Ponorogo,,2013,,1 4.068,,"PDRB Per Kapita Atas Dasar Harga Berlaku di Provinsi Jawa Timur Menurut Kabupaten/Kota, 2011-2015 (Ribu Rupiah)/","Per Capita GRDP at Current Market Prices by Regency/Municipality, in Jawa Timur Province, 2011-2015 (Thousand Rupiahs)",15,5,a367fed212c9
JAWA TIMUR,03,Kab. Trenggalek,,2013,,1 6.098,,"PDRB Per Kapita Atas Dasar Harga Berlaku di Provinsi Jawa Timur Menurut Kabupaten/Kota, 2011-2015 (Ribu Rupiah)/","Per Capita GRDP at Current Market Prices by Regency/Municipality, in Jawa Timur Province, 2011-2015 (Thousand Rupiahs)",15,5,af3fce26c94f
JAWA TIMUR,04,Kab. Tulungagung,,2013,,2 3.038,,"PDRB Per Kapita Atas Dasar Harga Berlaku di Provinsi Jawa Timur Menurut Kabupaten/Kota, 2011-2015 (Ribu Rupiah)/","Per Capita GRDP at Current Market Prices by Regency/Municipality, in Jawa Timur Province, 2011-2015 (Thousand Rupiahs)",15,5,6441e341ffce
JAWA TIMUR,05,Kab. Blitar,,2013,,1 9.139,,"PDRB Per Kapita Atas Dasar Harga Berlaku di Provinsi Jawa Timur Menurut Kabupaten/Kota, 2011-2015 (Ribu Rupiah)/","Per Capita GRDP at Current Market Prices by Regency/Municipality, in Jawa Timur Province, 2011-2015 (Thousand Rupiahs)",15,5,0da8b5ce36ac
JAWA TIMUR,06,Kab. Kediri,,2013,,1 6.402,,"PDRB Per Kapita Atas Dasar Harga Berlaku di Provinsi Jawa Timur Menurut Kabupaten/Kota, 2011-2015 (Ribu Rupiah)/","Per Capita GRDP at Current Market Prices by Regency/Municipality, in Jawa Timur Province, 2011-2015 (Thousand Rupiahs)",15,5,27869666f09e
JAWA TIMUR,07,Kab. Malang,,2013,,2 3.389,,"PDRB Per Kapita Atas Dasar Harga Berlaku di Provinsi Jawa Timur Menurut Kabupaten/Kota, 2011-2015 (Ribu Rupiah)/","Per Capita GRDP at Current Market Prices by Regency/Municipality, in Jawa Timur Province, 2011-2015 (Thousand Rupiahs)",15,5,6fb5281c7998
JAWA TIMUR,08,Kab. Lumajang,,2013,,1 9.180,,"PDRB Per Kapita Atas Dasar Harga Berlaku di Provinsi Jawa Timur Menurut Kabupaten/Kota, 2011-2015 (Ribu Rupiah)/","Per Capita GRDP at Current Market Prices by Regency/Municipality, in Jawa Timur Province, 2011-2015 (Thousand Rupiahs)",15,5,48cfd23dc7b6
JAWA TIMUR,09,Kab. Jember,,2013,,1 8.920,,"PDRB Per Kapita Atas Dasar Harga Berlaku di Provinsi Jawa Timur Menurut Kabupaten/Kota, 2011-2015 (Ribu Rupiah)/","Per Capita GRDP at Current Market Prices by Regency/Municipality, in Jawa Timur Province, 2011-2015 (Thousand Rupiahs)",15,5,e48596ca92f2
JAWA TIMUR,10,Kab. Banyuwangi,,2013,,2 9.929,,"PDRB Per Kapita Atas Dasar Harga Berlaku di Provinsi Jawa Timur Menurut Kabupaten/Kota, 2011-2015 (Ribu Rupiah)/","Per Capita GRDP at Current Market Prices by Regency/Municipality, in Jawa Timur Province, 2011-2015 (Thousand Rupiahs)",15,5,f277d132ed1e
JAWA TIMUR,11,Kab. Bondowoso,,2013,,1 5.665,,"PDRB Per Kapita Atas Dasar Harga Berlaku di Provinsi Jawa Timur Menurut Kabupaten/Kota, 2011-2015 (Ribu Rupiah)/","Per Capita GRDP at Current Market Prices by Regency/Municipality, in Jawa Timur Province, 2011-2015 (Thousand Rupiahs)",15,5,67824d202fa9
JAWA TIMUR,12,Kab. Situbondo,,2013,,1 8.031,,"PDRB Per Kapita Atas Dasar Harga Berlaku di Provinsi Jawa Timur Menurut Kabupaten/Kota, 2011-2015 (Ribu Rupiah)/","Per Capita GRDP at Current Market Prices by Regency/Municipality, in Jawa Timur Province, 2011-2015 (Thousand Rupiahs)",15,5,d5b3b4aa985c
JAWA TIMUR,13,Kab. Probolinggo,,2013,,1 8.546,,"PDRB Per Kapita Atas Dasar Harga Berlaku di Provinsi Jawa Timur Menurut Kabupaten/Kota, 2011-2015 (Ribu Rupiah)/","Per Capita GRDP at Current Market Prices by Regency/Municipality, in Jawa Timur Province, 2011-2015 (Thousand Rupiahs)",15,5,433680e0657b
JAWA TIMUR,14,Kab. Pasuruan,,2013,,5 4.565,,"PDRB Per Kapita Atas Dasar Harga Berlaku di Provinsi Jawa Timur Menurut Kabupaten/Kota, 2011-2015 (Ribu Rupiah)/","Per Capita GRDP at Current Market Prices by Regency/Municipality, in Jawa Timur Province, 2011-2015 (Thousand Rupiahs)",15,5,9efd5d97c37b
JAWA TIMUR,15,Kab. Sidoarjo,,2013,,5 7.464,,"PDRB Per Kapita Atas Dasar Harga Berlaku di Provinsi Jawa Timur Menurut Kabupaten/Kota, 2011-2015 (Ribu Rupiah)/","Per Capita GRDP at Current Market Prices by Regency/Municipality, in Jawa Timur Province, 2011-2015 (Thousand Rupiahs)",15,5,6c0e3445545f
JAWA TIMUR,16,Kab. Mojokerto,,2013,,4 5.146,,"PDRB Per Kapita Atas Dasar Harga Berlaku di Provinsi Jawa Timur Menurut Kabupaten/Kota, 2011-2015 (Ribu Rupiah)/","Per Capita GRDP at Current Market Prices by Regency/Municipality, in Jawa Timur Province, 2011-2015 (Thousand Rupiahs)",15,5,5e38ef44015c
JAWA TIMUR,17,Kab. Jombang,,2013,,1 9.360,,"PDRB Per Kapita Atas Dasar Harga Berlaku di Provinsi Jawa Timur Menurut Kabupaten/Kota, 2011-2015 (Ribu Rupiah)/","Per Capita GRDP at Current Market Prices by Regency/Municipality, in Jawa Timur Province, 2011-2015 (Thousand Rupiahs)",15,5,95ca4fb7f4c3
JAWA TIMUR,18,Kab. Nganjuk,,2013,,1 5.117,,"PDRB Per Kapita Atas Dasar Harga Berlaku di Provinsi Jawa Timur Menurut Kabupaten/Kota, 2011-2015 (Ribu Rupiah)/","Per Capita GRDP at Current Market Prices by Regency/Municipality, in Jawa Timur Province, 2011-2015 (Thousand Rupiahs)",15,5,534320f9f35b
JAWA TIMUR,19,Kab. Madiun,,2013,,1 6.809,,"PDRB Per Kapita Atas Dasar Harga Berlaku di Provinsi Jawa Timur Menurut Kabupaten/Kota, 2011-2015 (Ribu Rupiah)/","Per Capita GRDP at Current Market Prices by Regency/Municipality, in Jawa Timur Province, 2011-2015 (Thousand Rupiahs)",15,5,1fbb573e1af8
JAWA TIMUR,20,Kab. Magetan,,2013,,1 8.080,,"PDRB Per Kapita Atas Dasar Harga Berlaku di Provinsi Jawa Timur Menurut Kabupaten/Kota, 2011-2015 (Ribu Rupiah)/","Per Capita GRDP at Current Market Prices by Regency/Municipality, in Jawa Timur Province, 2011-2015 (Thousand Rupiahs)",15,5,4edb52115047
JAWA TIMUR,21,Kab. Ngawi,,2013,,1 4.585,,"PDRB Per Kapita Atas Dasar Harga Berlaku di Provinsi Jawa Timur Menurut Kabupaten/Kota, 2011-2015 (Ribu Rupiah)/","Per Capita GRDP at Current Market Prices by Regency/Municipality, in Jawa Timur Province, 2011-2015 (Thousand Rupiahs)",15,5,d7c1d2569a7a
JAWA TIMUR,22,Kab. Bojonegoro,,2013,,3 9.203,,"PDRB Per Kapita Atas Dasar Harga Berlaku di Provinsi Jawa Timur Menurut Kabupaten/Kota, 2011-2015 (Ribu Rupiah)/","Per Capita GRDP at Current Market Prices by Regency/Municipality, in Jawa Timur Province, 2011-2015 (Thousand Rupiahs)",15,5,b1da5c87f294
JAWA TIMUR,23,Kab. Tuban,,2013,,3 4.173,,"PDRB Per Kapita Atas Dasar Harga Berlaku di Provinsi Jawa Timur Menurut Kabupaten/Kota, 2011-2015 (Ribu Rupiah)/","Per Capita GRDP at Current Market Prices by Regency/Municipality, in Jawa Timur Province, 2011-2015 (Thousand Rupiahs)",15,5,cdb0cbae75a7
JAWA TIMUR,24,Kab. Lamongan,,2013,,1 9.397,,"PDRB Per Kapita Atas Dasar Harga Berlaku di Provinsi Jawa Timur Menurut Kabupaten/Kota, 2011-2015 (Ribu Rupiah)/","Per Capita GRDP at Current Market Prices by Regency/Municipality, in Jawa Timur Province, 2011-2015 (Thousand Rupiahs)",15,5,91d7df6dea1b
JAWA TIMUR,25,Kab. Gresik,,2013,,6 7.764,,"PDRB Per Kapita Atas Dasar Harga Berlaku di Provinsi Jawa Timur Menurut Kabupaten/Kota, 2011-2015 (Ribu Rupiah)/","Per Capita GRDP at Current Market Prices by Regency/Municipality, in Jawa Timur Province, 2011-2015 (Thousand Rupiahs)",15,5,f22a44427d0b
JAWA TIMUR,26,Kab. Bangkalan,,2013,,2 0.841,,"PDRB Per Kapita Atas Dasar Harga Berlaku di Provinsi Jawa Timur Menurut Kabupaten/Kota, 2011-2015 (Ribu Rupiah)/","Per Capita GRDP at Current Market Prices by Regency/Municipality, in Jawa Timur Province, 2011-2015 (Thousand Rupiahs)",15,5,ad54c4e12280
JAWA TIMUR,27,Kab. Sampang,,2013,,1 5.301,,"PDRB Per Kapita Atas Dasar Harga Berlaku di Provinsi Jawa Timur Menurut Kabupaten/Kota, 2011-2015 (Ribu Rupiah)/","Per Capita GRDP at Current Market Prices by Regency/Municipality, in Jawa Timur Province, 2011-2015 (Thousand Rupiahs)",15,5,9c724685ad10
JAWA TIMUR,28,Kab. Pamekasan,,2013,,1 1.977,,"PDRB Per Kapita Atas Dasar Harga Berlaku di Provinsi Jawa Timur Menurut Kabupaten/Kota, 2011-2015 (Ribu Rupiah)/","Per Capita GRDP at Current Market Prices by Regency/Municipality, in Jawa Timur Province, 2011-2015 (Thousand Rupiahs)",15,5,65d56127800c
JAWA TIMUR,29,Kab. Sumenep,,2013,,2 3.897,,"PDRB Per Kapita Atas Dasar Harga Berlaku di Provinsi Jawa Timur Menurut Kabupaten/Kota, 2011-2015 (Ribu Rupiah)/","Per Capita GRDP at Current Market Prices by Regency/Municipality, in Jawa Timur Province, 2011-2015 (Thousand Rupiahs)",15,5,3190908fe4db
JAWA TIMUR,71,Kota Kediri,,2013,,2 88.696,,"PDRB Per Kapita Atas Dasar Harga Berlaku di Provinsi Jawa Timur Menurut Kabupaten/Kota, 2011-2015 (Ribu Rupiah)/","Per Capita GRDP at Current Market Prices by Regency/Municipality, in Jawa Timur Province, 2011-2015 (Thousand Rupiahs)",15,5,c5bd64b390e1
JAWA TIMUR,72,Kota Blitar,,2013,,2 8.957,,"PDRB Per Kapita Atas Dasar Harga Berlaku di Provinsi Jawa Timur Menurut Kabupaten/Kota, 2011-2015 (Ribu Rupiah)/","Per Capita GRDP at Current Market Prices by Regency/Municipality, in Jawa Timur Province, 2011-2015 (Thousand Rupiahs)",15,5,bd1b4b0ec592
JAWA TIMUR,73,Kota Malang,,2013,,5 0.927,,"PDRB Per Kapita Atas Dasar Harga Berlaku di Provinsi Jawa Timur Menurut Kabupaten/Kota, 2011-2015 (Ribu Rupiah)/","Per Capita GRDP at Current Market Prices by Regency/Municipality, in Jawa Timur Province, 2011-2015 (Thousand Rupiahs)",15,5,bc0d70a91619
JAWA TIMUR,74,Kota Probolinggo,,2013,,2 9.319,,"PDRB Per Kapita Atas Dasar Harga Berlaku di Provinsi Jawa Timur Menurut Kabupaten/Kota, 2011-2015 (Ribu Rupiah)/","Per Capita GRDP at Current Market Prices by Regency/Municipality, in Jawa Timur Province, 2011-2015 (Thousand Rupiahs)",15,5,7150a688cb5d
JAWA TIMUR,75,Kota Pasuruan,,2013,,2 5.136,,"PDRB Per Kapita Atas Dasar Harga Berlaku di Provinsi Jawa Timur Menurut Kabupaten/Kota, 2011-2015 (Ribu Rupiah)/","Per Capita GRDP at Current Market Prices by Regency/Municipality, in Jawa Timur Province, 2011-2015 (Thousand Rupiahs)",15,5,9c17796e3c6b
JAWA TIMUR,76,Kota Mojokerto,,2013,,3 2.600,,"PDRB Per Kapita Atas Dasar Harga Berlaku di Provinsi Jawa Timur Menurut Kabupaten/Kota, 2011-2015 (Ribu Rupiah)/","Per Capita GRDP at Current Market Prices by Regency/Municipality, in Jawa Timur Province, 2011-2015 (Thousand Rupiahs)",15,5,7a27651ce465
JAWA TIMUR,77,Kota Madiun,,2013,,4 8.189,,"PDRB Per Kapita Atas Dasar Harga Berlaku di Provinsi Jawa Timur Menurut Kabupaten/Kota, 2011-2015 (Ribu Rupiah)/","Per Capita GRDP at Current Market Prices by Regency/Municipality, in Jawa Timur Province, 2011-2015 (Thousand Rupiahs)",15,5,53234cc75088
JAWA TIMUR,78,Kota Surabaya,,2013,,1 16.162,,"PDRB Per Kapita Atas Dasar Harga Berlaku di Provinsi Jawa Timur Menurut Kabupaten/Kota, 2011-2015 (Ribu Rupiah)/","Per Capita GRDP at Current Market Prices by Regency/Municipality, in Jawa Timur Province, 2011-2015 (Thousand Rupiahs)",15,5,db15c4279738
JAWA TIMUR,79,Kota Batu,,2013,,4 6.275,,"PDRB Per Kapita Atas Dasar Harga Berlaku di Provinsi Jawa Timur Menurut Kabupaten/Kota, 2011-2015 (Ribu Rupiah)/","Per Capita GRDP at Current Market Prices by Regency/Municipality, in Jawa Timur Province, 2011-2015 (Thousand Rupiahs)",15,5,b79ba754d771
JAWA TIMUR,,Jml Kab./Kota Total of Reg./Mun.,,2013,,36.282,,"PDRB Per Kapita Atas Dasar Harga Berlaku di Provinsi Jawa Timur Menurut Kabupaten/Kota, 2011-2015 (Ribu Rupiah)/","Per Capita GRDP at Current Market Prices by Regency/Municipality, in Jawa Timur Province, 2011-2015 (Thousand Rupiahs)",15,5,7566d6117e73
JAWA TIMUR,,Provinsi/Province,,2013,,36.037,,"PDRB Per Kapita Atas Dasar Harga Berlaku di Provinsi Jawa Timur Menurut Kabupaten/Kota, 2011-2015 (Ribu Rupiah)/","Per Capita GRDP at Current Market Prices by Regency/Municipality, in Jawa Timur Province, 2011-2015 (Thousand Rupiahs)",15,5,ae78bdf3bf2c
BANTEN,01,Kab. Pandeglang,,2013,,1 3.900,,"PDRB Per Kapita Atas Dasar Harga Berlaku di Provinsi Banten Menurut Kabupaten/Kota, 2011-2015 (Ribu Rupiah)/","Per Capita GRDP at Current Market Prices by Regency/Municipality, in Banten Province, 2011-2015 (Thousand Rupiahs)",16,6,41fac94fb2e2
BANTEN,02,Kab. Lebak,,2013,,1 3.416,,"PDRB Per Kapita Atas Dasar Harga Berlaku di Provinsi Banten Menurut Kabupaten/Kota, 2011-2015 (Ribu Rupiah)/","Per Capita GRDP at Current Market Prices by Regency/Municipality, in Banten Province, 2011-2015 (Thousand Rupiahs)",16,6,bbc639195b15
BANTEN,03,Kab. Tangerang,,2013,,2 5.515,,"PDRB Per Kapita Atas Dasar Harga Berlaku di Provinsi Banten Menurut Kabupaten/Kota, 2011-2015 (Ribu Rupiah)/","Per Capita GRDP at Current Market Prices by Regency/Municipality, in Banten Province, 2011-2015 (Thousand Rupiahs)",16,6,54a0a3bff691
BANTEN,04,Kab. Serang,,2013,,3 1.685,,"PDRB Per Kapita Atas Dasar Harga Berlaku di Provinsi Banten Menurut Kabupaten/Kota, 2011-2015 (Ribu Rupiah)/","Per Capita GRDP at Current Market Prices by Regency/Municipality, in Banten Province, 2011-2015 (Thousand Rupiahs)",16,6,7119205a7e57
BANTEN,71,Kota Tangerang,,2013,,4 8.433,,"PDRB Per Kapita Atas Dasar Harga Berlaku di Provinsi Banten Menurut Kabupaten/Kota, 2011-2015 (Ribu Rupiah)/","Per Capita GRDP at Current Market Prices by Regency/Municipality, in Banten Province, 2011-2015 (Thousand Rupiahs)",16,6,7ddb12c303ab
BANTEN,72,Kota Cilegon,,2013,,1 55.025,,"PDRB Per Kapita Atas Dasar Harga Berlaku di Provinsi Banten Menurut Kabupaten/Kota, 2011-2015 (Ribu Rupiah)/","Per Capita GRDP at Current Market Prices by Regency/Municipality, in Banten Province, 2011-2015 (Thousand Rupiahs)",16,6,0660f210a1a7
BANTEN,73,Kota Serang,,2013,,2 8.204,,"PDRB Per Kapita Atas Dasar Harga Berlaku di Provinsi Banten Menurut Kabupaten/Kota, 2011-2015 (Ribu Rupiah)/","Per Capita GRDP at Current Market Prices by Regency/Municipality, in Banten Province, 2011-2015 (Thousand Rupiahs)",16,6,e4d65b77fea8
BANTEN,74,Kota Tangerang Selatan,,2013,,3 0.724,,"PDRB Per Kapita Atas Dasar Harga Berlaku di Provinsi Banten Menurut Kabupaten/Kota, 2011-2015 (Ribu Rupiah)/","Per Capita GRDP at Current Market Prices by Regency/Municipality, in Banten Province, 2011-2015 (Thousand Rupiahs)",16,6,4de05a7cc128
BANTEN,,Jml Kab./Kota Total of Reg./Mun.,,2013,,3 2.992,,"PDRB Per Kapita Atas Dasar Harga Berlaku di Provinsi Banten Menurut Kabupaten/Kota, 2011-2015 (Ribu Rupiah)/","Per Capita GRDP at Current Market Prices by Regency/Municipality, in Banten Province, 2011-2015 (Thousand Rupiahs)",16,6,90e9db4bfbb1
BANTEN,,Provinsi/Province,,2013,,3 2.992,,"PDRB Per Kapita Atas Dasar Harga Berlaku di Provinsi Banten Menurut Kabupaten/Kota, 2011-2015 (Ribu Rupiah)/","Per Capita GRDP at Current Market Prices by Regency/Municipality, in Banten Province, 2011-2015 (Thousand Rupiahs)",16,6,32a4ec9e1254
BALI,01,Kab. Jembrana,,2013,,2 8.991,,"PDRB Per Kapita Atas Dasar Harga Berlaku di Provinsi Bali Menurut Kabupaten/Kota, 2011-2015 (Ribu Rupiah)/","Per Capita GRDP at Current Market Prices by Regency/Municipality, in Bali Province, 2011-2015 (Thousand Rupiahs)",17,7,fe788a2b418a
BALI,02,Kab. Tabanan,,2013,,3 0.112,,"PDRB Per Kapita Atas Dasar Harga Berlaku di Provinsi Bali Menurut Kabupaten/Kota, 2011-2015 (Ribu Rupiah)/","Per Capita GRDP at Current Market Prices by Regency/Municipality, in Bali Province, 2011-2015 (Thousand Rupiahs)",17,7,cb053255a2e1
BALI,03,Kab. Badung,,2013,,5 3.972,,"PDRB Per Kapita Atas Dasar Harga Berlaku di Provinsi Bali Menurut Kabupaten/Kota, 2011-2015 (Ribu Rupiah)/","Per Capita GRDP at Current Market Prices by Regency/Municipality, in Bali Province, 2011-2015 (Thousand Rupiahs)",17,7,9b297618492c
BALI,04,Kab. Gianyar,,2013,,3 1.619,,"PDRB Per Kapita Atas Dasar Harga Berlaku di Provinsi Bali Menurut Kabupaten/Kota, 2011-2015 (Ribu Rupiah)/","Per Capita GRDP at Current Market Prices by Regency/Municipality, in Bali Province, 2011-2015 (Thousand Rupiahs)",17,7,1c76d172c258
BALI,05,Kab. Klungkung,,2013,,2 8.178,,"PDRB Per Kapita Atas Dasar Harga Berlaku di Provinsi Bali Menurut Kabupaten/Kota, 2011-2015 (Ribu Rupiah)/","Per Capita GRDP at Current Market Prices by Regency/Municipality, in Bali Province, 2011-2015 (Thousand Rupiahs)",17,7,42ab16091a9c
BALI,06,Kab. Bangli,,2013,,1 7.180,,"PDRB Per Kapita Atas Dasar Harga Berlaku di Provinsi Bali Menurut Kabupaten/Kota, 2011-2015 (Ribu Rupiah)/","Per Capita GRDP at Current Market Prices by Regency/Municipality, in Bali Province, 2011-2015 (Thousand Rupiahs)",17,7,454c3d79ae87
BALI,07,Kab. Karangasem,,2013,,2 2.985,,"PDRB Per Kapita Atas Dasar Harga Berlaku di Provinsi Bali Menurut Kabupaten/Kota, 2011-2015 (Ribu Rupiah)/","Per Capita GRDP at Current Market Prices by Regency/Municipality, in Bali Province, 2011-2015 (Thousand Rupiahs)",17,7,34e56e37f349
BALI,08,Kab. Buleleng,,2013,,2 9.993,,"PDRB Per Kapita Atas Dasar Harga Berlaku di Provinsi Bali Menurut Kabupaten/Kota, 2011-2015 (Ribu Rupiah)/","Per Capita GRDP at Current Market Prices by Regency/Municipality, in Bali Province, 2011-2015 (Thousand Rupiahs)",17,7,488b9bcedb60
BALI,71,Kota Denpasar,,2013,,3 4.731,,"PDRB Per Kapita Atas Dasar Harga Berlaku di Provinsi Bali Menurut Kabupaten/Kota, 2011-2015 (Ribu Rupiah)/","Per Capita GRDP at Current Market Prices by Regency/Municipality, in Bali Province, 2011-2015 (Thousand Rupiahs)",17,7,c911efb69e7c
BALI,,Jml Kab./Kota Total of Reg./Mun.,,2013,,3 3.134,,"PDRB Per Kapita Atas Dasar Harga Berlaku di Provinsi Bali Menurut Kabupaten/Kota, 2011-2015 (Ribu Rupiah)/","Per Capita GRDP at Current Market Prices by Regency/Municipality, in Bali Province, 2011-2015 (Thousand Rupiahs)",17,7,be0f4314a0d7
BALI,,Provinsi/Province,,2013,,3 3.135,,"PDRB Per Kapita Atas Dasar Harga Berlaku di Provinsi Bali Menurut Kabupaten/Kota, 2011-2015 (Ribu Rupiah)/","Per Capita GRDP at Current Market Prices by Regency/Municipality, in Bali Province, 2011-2015 (Thousand Rupiahs)",17,7,67e42154564d
NUSA TENGGARA BARAT,01,Kab. Lombok Barat,,2013,,1 4.173,,"PDRB Per Kapita Atas Dasar Harga Berlaku di Provinsi Nusa Tenggara Barat Menurut Kabupaten/Kota, 2011-2015 (Ribu Rupiah)/","Per Capita GRDP at Current Market Prices by Regency/Municipality, in Nusa Tenggara Barat Province, 2011-2015 (Thousand Rupiahs)",18,8,6f83e9baf469
NUSA TENGGARA BARAT,02,Kab. Lombok Tengah,,2013,,1 1.460,,"PDRB Per Kapita Atas Dasar Harga Berlaku di Provinsi Nusa Tenggara Barat Menurut Kabupaten/Kota, 2011-2015 (Ribu Rupiah)/","Per Capita GRDP at Current Market Prices by Regency/Municipality, in Nusa Tenggara Barat Province, 2011-2015 (Thousand Rupiahs)",18,8,ec9761f41710
NUSA TENGGARA BARAT,03,Kab. Lombok Timur,,2013,,1 0.101,,"PDRB Per Kapita Atas Dasar Harga Berlaku di Provinsi Nusa Tenggara Barat Menurut Kabupaten/Kota, 2011-2015 (Ribu Rupiah)/","Per Capita GRDP at Current Market Prices by Regency/Municipality, in Nusa Tenggara Barat Province, 2011-2015 (Thousand Rupiahs)",18,8,8d7a5f5f6d15
NUSA TENGGARA BARAT,04,Kab. Sumbawa,,2013,,1 8.642,,"PDRB Per Kapita Atas Dasar Harga Berlaku di Provinsi Nusa Tenggara Barat Menurut Kabupaten/Kota, 2011-2015 (Ribu Rupiah)/","Per Capita GRDP at Current Market Prices by Regency/Municipality, in Nusa Tenggara Barat Province, 2011-2015 (Thousand Rupiahs)",18,8,50cfe4181972
NUSA TENGGARA BARAT,05,Kab. Dompu,,2013,,1 7.184,,"PDRB Per Kapita Atas Dasar Harga Berlaku di Provinsi Nusa Tenggara Barat Menurut Kabupaten/Kota, 2011-2015 (Ribu Rupiah)/","Per Capita GRDP at Current Market Prices by Regency/Municipality, in Nusa Tenggara Barat Province, 2011-2015 (Thousand Rupiahs)",18,8,abdf027f5e2a
NUSA TENGGARA BARAT,06,Kab. Bima,,2013,,1 4.179,,"PDRB Per Kapita Atas Dasar Harga Berlaku di Provinsi Nusa Tenggara Barat Menurut Kabupaten/Kota, 2011-2015 (Ribu Rupiah)/","Per Capita GRDP at Current Market Prices by Regency/Municipality, in Nusa Tenggara Barat Province, 2011-2015 (Thousand Rupiahs)",18,8,83868941935f
NUSA TENGGARA BARAT,07,Kab. Sumbawa Barat,,2013,,7 8.952,,"PDRB Per Kapita Atas Dasar Harga Berlaku di Provinsi Nusa Tenggara Barat Menurut Kabupaten/Kota, 2011-2015 (Ribu Rupiah)/","Per Capita GRDP at Current Market Prices by Regency/Municipality, in Nusa Tenggara Barat Province, 2011-2015 (Thousand Rupiahs)",18,8,83920c5297a6
NUSA TENGGARA BARAT,08,Kab. Lombok Utara,,2013,,1 4.037,,"PDRB Per Kapita Atas Dasar Harga Berlaku di Provinsi Nusa Tenggara Barat Menurut Kabupaten/Kota, 2011-2015 (Ribu Rupiah)/","Per Capita GRDP at Current Market Prices by Regency/Municipality, in Nusa Tenggara Barat Province, 2011-2015 (Thousand Rupiahs)",18,8,9eb9a7c65800
NUSA TENGGARA BARAT,71,Kota Mataram,,2013,,2 3.510,,"PDRB Per Kapita Atas Dasar Harga Berlaku di Provinsi Nusa Tenggara Barat Menurut Kabupaten/Kota, 2011-2015 (Ribu Rupiah)/","Per Capita GRDP at Current Market Prices by Regency/Municipality, in Nusa Tenggara Barat Province, 2011-2015 (Thousand Rupiahs)",18,8,67ebbb196bff
NUSA TENGGARA BARAT,72,Kota Bima,,2013,,1 5.504,,"PDRB Per Kapita Atas Dasar Harga Berlaku di Provinsi Nusa Tenggara Barat Menurut Kabupaten/Kota, 2011-2015 (Ribu Rupiah)/","Per Capita GRDP at Current Market Prices by Regency/Municipality, in Nusa Tenggara Barat Province, 2011-2015 (Thousand Rupiahs)",18,8,2375a25cf9f7
NUSA TENGGARA BARAT,,Jml Kab./Kota Total of Reg./Mun.,,2013,,1 5.854,,"PDRB Per Kapita Atas Dasar Harga Berlaku di Provinsi Nusa Tenggara Barat Menurut Kabupaten/Kota, 2011-2015 (Ribu Rupiah)/","Per Capita GRDP at Current Market Prices by Regency/Municipality, in Nusa Tenggara Barat Province, 2011-2015 (Thousand Rupiahs)",18,8,3646cb87ed9d
NUSA TENGGARA BARAT,,Provinsi/Province,,2013,,1 5.628,,"PDRB Per Kapita Atas Dasar Harga Berlaku di Provinsi Nusa Tenggara Barat Menurut Kabupaten/Kota, 2011-2015 (Ribu Rupiah)/","Per Capita GRDP at Current Market Prices by Regency/Municipality, in Nusa Tenggara Barat Province, 2011-2015 (Thousand Rupiahs)",18,8,2d96c8a73356
NUSA TENGGARA TIMUR,01,Kab. Sumba Barat,,2013,,1 1.153,,"PDRB Per Kapita Atas Dasar Harga Berlaku di Provinsi Nusa Tenggara Timur Menurut Kabupaten/Kota, 2011-2015 (Ribu Rupiah)/","Per Capita GRDP at Current Market Prices by Regency/Municipality, in Nusa Tenggara Timur Province, 2011-2015 (Thousand Rupiahs)",19,9,e31eee4bd936
NUSA TENGGARA TIMUR,02,Kab. Sumba Timur,,2013,,1 5.123,,"PDRB Per Kapita Atas Dasar Harga Berlaku di Provinsi Nusa Tenggara Timur Menurut Kabupaten/Kota, 2011-2015 (Ribu Rupiah)/","Per Capita GRDP at Current Market Prices by Regency/Municipality, in Nusa Tenggara Timur Province, 2011-2015 (Thousand Rupiahs)",19,9,5cc163d77646
NUSA TENGGARA TIMUR,03,Kab. Kupang,,2013,,1 3.399,,"PDRB Per Kapita Atas Dasar Harga Berlaku di Provinsi Nusa Tenggara Timur Menurut Kabupaten/Kota, 2011-2015 (Ribu Rupiah)/","Per Capita GRDP at Current Market Prices by Regency/Municipality, in Nusa Tenggara Timur Province, 2011-2015 (Thousand Rupiahs)",19,9,5d67414788d5
NUSA TENGGARA TIMUR,04,Kab. Timor Tengah Selatan,,2013,,9 .865,,"PDRB Per Kapita Atas Dasar Harga Berlaku di Provinsi Nusa Tenggara Timur Menurut Kabupaten/Kota, 2011-2015 (Ribu Rupiah)/","Per Capita GRDP at Current Market Prices by Regency/Municipality, in Nusa Tenggara Timur Province, 2011-2015 (Thousand Rupiahs)",19,9,75af683a0a75
NUSA TENGGARA TIMUR,05,Kab. Timor Tengah Utara,,2013,,1 0.261,,"PDRB Per Kapita Atas Dasar Harga Berlaku di Provinsi Nusa Tenggara Timur Menurut Kabupaten/Kota, 2011-2015 (Ribu Rupiah)/","Per Capita GRDP at Current Market Prices by Regency/Municipality, in Nusa Tenggara Timur Province, 2011-2015 (Thousand Rupiahs)",19,9,7cd087197ed0
NUSA TENGGARA TIMUR,06,Kab. Belu,,2013,,1 2.417,,"PDRB Per Kapita Atas Dasar Harga Berlaku di Provinsi Nusa Tenggara Timur Menurut Kabupaten/Kota, 2011-2015 (Ribu Rupiah)/","Per Capita GRDP at Current Market Prices by Regency/Municipality, in Nusa Tenggara Timur Province, 2011-2015 (Thousand Rupiahs)",19,9,3fdc0a16f489
NUSA TENGGARA TIMUR,21,Kab. Malaka,#),2013,,9 .191,,"PDRB Per Kapita Atas Dasar Harga Berlaku di Provinsi Nusa Tenggara Timur Menurut Kabupaten/Kota, 2011-2015 (Ribu Rupiah)/","Per Capita GRDP at Current Market Prices by Regency/Municipality, in Nusa Tenggara Timur Province, 2011-2015 (Thousand Rupiahs)",19,9,1a12e3ee0aeb
NUSA TENGGARA TIMUR,07,Kab. Alor,,2013,,9 .103,,"PDRB Per Kapita Atas Dasar Harga Berlaku di Provinsi Nusa Tenggara Timur Menurut Kabupaten/Kota, 2011-2015 (Ribu Rupiah)/","Per Capita GRDP at Current Market Prices by Regency/Municipality, in Nusa Tenggara Timur Province, 2011-2015 (Thousand Rupiahs)",19,9,53473b5ca147
NUSA TENGGARA TIMUR,08,Kab. Lembata,,2013,,8 .527,,"PDRB Per Kapita Atas Dasar Harga Berlaku di Provinsi Nusa Tenggara Timur Menurut Kabupaten/Kota, 2011-2015 (Ribu Rupiah)/","Per Capita GRDP at Current Market Prices by Regency/Municipality, in Nusa Tenggara Timur Province, 2011-2015 (Thousand Rupiahs)",19,9,66f68e2d4aed
NUSA TENGGARA TIMUR,09,Kab. Flores Timur,,2013,,1 3.191,,"PDRB Per Kapita Atas Dasar Harga Berlaku di Provinsi Nusa Tenggara Timur Menurut Kabupaten/Kota, 2011-2015 (Ribu Rupiah)/","Per Capita GRDP at Current Market Prices by Regency/Municipality, in Nusa Tenggara Timur Province, 2011-2015 (Thousand Rupiahs)",19,9,68cdaf9ba366
NUSA TENGGARA TIMUR,10,Kab. Sikka,,2013,,9 .655,,"PDRB Per Kapita Atas Dasar Harga Berlaku di Provinsi Nusa Tenggara Timur Menurut Kabupaten/Kota, 2011-2015 (Ribu Rupiah)/","Per Capita GRDP at Current Market Prices by Regency/Municipality, in Nusa Tenggara Timur Province, 2011-2015 (Thousand Rupiahs)",19,9,a019e2b601db
NUSA TENGGARA TIMUR,11,Kab. Ende,,2013,,1 3.884,,"PDRB Per Kapita Atas Dasar Harga Berlaku di Provinsi Nusa Tenggara Timur Menurut Kabupaten/Kota, 2011-2015 (Ribu Rupiah)/","Per Capita GRDP at Current Market Prices by Regency/Municipality, in Nusa Tenggara Timur Province, 2011-2015 (Thousand Rupiahs)",19,9,0936a9c718cf
NUSA TENGGARA TIMUR,12,Kab. Ngada,,2013,,1 3.635,,"PDRB Per Kapita Atas Dasar Harga Berlaku di Provinsi Nusa Tenggara Timur Menurut Kabupaten/Kota, 2011-2015 (Ribu Rupiah)/","Per Capita GRDP at Current Market Prices by Regency/Municipality, in Nusa Tenggara Timur Province, 2011-2015 (Thousand Rupiahs)",19,9,d6be8e23303d
NUSA TENGGARA TIMUR,13,Kab. Manggarai,,2013,,8 .676,,"PDRB Per Kapita Atas Dasar Harga Berlaku di Provinsi Nusa Tenggara Timur Menurut Kabupaten/Kota, 2011-2015 (Ribu Rupiah)/","Per Capita GRDP at Current Market Prices by Regency/Municipality, in Nusa Tenggara Timur Province, 2011-2015 (Thousand Rupiahs)",19,9,341f13bb024f
NUSA TENGGARA TIMUR,14,Kab. Rote Ndao,,2013,,1 2.287,,"PDRB Per Kapita Atas Dasar Harga Berlaku di Provinsi Nusa Tenggara Timur Menurut Kabupaten/Kota, 2011-2015 (Ribu Rupiah)/","Per Capita GRDP at Current Market Prices by Regency/Municipality, in Nusa Tenggara Timur Province, 2011-2015 (Thousand Rupiahs)",19,9,6e86ee651d06
NUSA TENGGARA TIMUR,15,Kab. Manggarai Barat,,2013,,8 .226,,"PDRB Per Kapita Atas Dasar Harga Berlaku di Provinsi Nusa Tenggara Timur Menurut Kabupaten/Kota, 2011-2015 (Ribu Rupiah)/","Per Capita GRDP at Current Market Prices by Regency/Municipality, in Nusa Tenggara Timur Province, 2011-2015 (Thousand Rupiahs)",19,9,6268de58676c
NUSA TENGGARA TIMUR,16,Kab. Sumba Tengah,,2013,,1 0.245,,"PDRB Per Kapita Atas Dasar Harga Berlaku di Provinsi Nusa Tenggara Timur Menurut Kabupaten/Kota, 2011-2015 (Ribu Rupiah)/","Per Capita GRDP at Current Market Prices by Regency/Municipality, in Nusa Tenggara Timur Province, 2011-2015 (Thousand Rupiahs)",19,9,52e916ad0c47
NUSA TENGGARA TIMUR,17,Kab. Sumba Barat Daya,,2013,,7 .096,,"PDRB Per Kapita Atas Dasar Harga Berlaku di Provinsi Nusa Tenggara Timur Menurut Kabupaten/Kota, 2011-2015 (Ribu Rupiah)/","Per Capita GRDP at Current Market Prices by Regency/Municipality, in Nusa Tenggara Timur Province, 2011-2015 (Thousand Rupiahs)",19,9,8972780744bf
NUSA TENGGARA TIMUR,18,Kab. Nagekeo,,2013,,9 .672,,"PDRB Per Kapita Atas Dasar Harga Berlaku di Provinsi Nusa Tenggara Timur Menurut Kabupaten/Kota, 2011-2015 (Ribu Rupiah)/","Per Capita GRDP at Current Market Prices by Regency/Municipality, in Nusa Tenggara Timur Province, 2011-2015 (Thousand Rupiahs)",19,9,199b673512a8
NUSA TENGGARA TIMUR,19,Kab. Manggarai Timur,,2013,,6 .922,,"PDRB Per Kapita Atas Dasar Harga Berlaku di Provinsi Nusa Tenggara Timur Menurut Kabupaten/Kota, 2011-2015 (Ribu Rupiah)/","Per Capita GRDP at Current Market Prices by Regency/Municipality, in Nusa Tenggara Timur Province, 2011-2015 (Thousand Rupiahs)",19,9,de0565ac6845
NUSA TENGGARA TIMUR,20,Kab. Sabu Raijua,,2013,,9 .642,,"PDRB Per Kapita Atas Dasar Harga Berlaku di Provinsi Nusa Tenggara Timur Menurut Kabupaten/Kota, 2011-2015 (Ribu Rupiah)/","Per Capita GRDP at Current Market Prices by Regency/Municipality, in Nusa Tenggara Timur Province, 2011-2015 (Thousand Rupiahs)",19,9,e1f1eab39508
NUSA TENGGARA TIMUR,71,Kota Kupang,,2013,,3 5.466,,"PDRB Per Kapita Atas Dasar Harga Berlaku di Provinsi Nusa Tenggara Timur Menurut Kabupaten/Kota, 2011-2015 (Ribu Rupiah)/","Per Capita GRDP at Current Market Prices by Regency/Municipality, in Nusa Tenggara Timur Province, 2011-2015 (Thousand Rupiahs)",19,9,3807a73b1f2f
NUSA TENGGARA TIMUR,,Jml Kab./Kota Total of Reg./Mun.,,2013,,1 2.382,,"PDRB Per Kapita Atas Dasar Harga Berlaku di Provinsi Nusa Tenggara Timur Menurut Kabupaten/Kota, 2011-2015 (Ribu Rupiah)/","Per Capita GRDP at Current Market Prices by Regency/Municipality, in Nusa Tenggara Timur Province, 2011-2015 (Thousand Rupiahs)",19,9,fc128cf8b41d
NUSA TENGGARA TIMUR,,Provinsi/Province,,2013,,1 2.379,,"PDRB Per Kapita Atas Dasar Harga Berlaku di Provinsi Nusa Tenggara Timur Menurut Kabupaten/Kota, 2011-2015 (Ribu Rupiah)/","Per Capita GRDP at Current Market Prices by Regency/Municipality, in Nusa Tenggara Timur Province, 2011-2015 (Thousand Rupiahs)",19,9,5cdd3d56178f
KALIMANTAN BARAT,01,Kab. Sambas,,2013,,2 2.924,,"PDRB Per Kapita Atas Dasar Harga Berlaku di Provinsi Kalimantan Barat Menurut Kabupaten/Kota, 2011-2015 (Ribu Rupiah)/","Per Capita GRDP at Current Market Prices by Regency/Municipality, in Kalimantan Barat Province, 2011-2015 (Thousand Rupiahs)",20,10,90b748476a7e
KALIMANTAN BARAT,02,Kab. Bengkayang,,2013,,2 2.124,,"PDRB Per Kapita Atas Dasar Harga Berlaku di Provinsi Kalimantan Barat Menurut Kabupaten/Kota, 2011-2015 (Ribu Rupiah)/","Per Capita GRDP at Current Market Prices by Regency/Municipality, in Kalimantan Barat Province, 2011-2015 (Thousand Rupiahs)",20,10,e720cdd638cf
KALIMANTAN BARAT,03,Kab. Landak,,2013,,1 7.537,,"PDRB Per Kapita Atas Dasar Harga Berlaku di Provinsi Kalimantan Barat Menurut Kabupaten/Kota, 2011-2015 (Ribu Rupiah)/","Per Capita GRDP at Current Market Prices by Regency/Municipality, in Kalimantan Barat Province, 2011-2015 (Thousand Rupiahs)",20,10,26ff105adc73
KALIMANTAN BARAT,04,Kab. Mempawah,x),2013,,1 8.091,,"PDRB Per Kapita Atas Dasar Harga Berlaku di Provinsi Kalimantan Barat Menurut Kabupaten/Kota, 2011-2015 (Ribu Rupiah)/","Per Capita GRDP at Current Market Prices by Regency/Municipality, in Kalimantan Barat Province, 2011-2015 (Thousand Rupiahs)",20,10,0a65a094b38e
KALIMANTAN BARAT,05,Kab. Sanggau,,2013,,2 7.791,,"PDRB Per Kapita Atas Dasar Harga Berlaku di Provinsi Kalimantan Barat Menurut Kabupaten/Kota, 2011-2015 (Ribu Rupiah)/","Per Capita GRDP at Current Market Prices by Regency/Municipality, in Kalimantan Barat Province, 2011-2015 (Thousand Rupiahs)",20,10,526a42153774
KALIMANTAN BARAT,06,Kab. Ketapang,,2013,,3 2.571,,"PDRB Per Kapita Atas Dasar Harga Berlaku di Provinsi Kalimantan Barat Menurut Kabupaten/Kota, 2011-2015 (Ribu Rupiah)/","Per Capita GRDP at Current Market Prices by Regency/Municipality, in Kalimantan Barat Province, 2011-2015 (Thousand Rupiahs)",20,10,9d51dd331787
KALIMANTAN BARAT,07,Kab. Sintang,,2013,,2 1.831,,"PDRB Per Kapita Atas Dasar Harga Berlaku di Provinsi Kalimantan Barat Menurut Kabupaten/Kota, 2011-2015 (Ribu Rupiah)/","Per Capita GRDP at Current Market Prices by Regency/Municipality, in Kalimantan Barat Province, 2011-2015 (Thousand Rupiahs)",20,10,5610458ae34f
KALIMANTAN BARAT,08,Kab. Kapuas Hulu,,2013,,2 4.582,,"PDRB Per Kapita Atas Dasar Harga Berlaku di Provinsi Kalimantan Barat Menurut Kabupaten/Kota, 2011-2015 (Ribu Rupiah)/","Per Capita GRDP at Current Market Prices by Regency/Municipality, in Kalimantan Barat Province, 2011-2015 (Thousand Rupiahs)",20,10,d5c8da695649
KALIMANTAN BARAT,09,Kab. Sekadau,,2013,,1 8.511,,"PDRB Per Kapita Atas Dasar Harga Berlaku di Provinsi Kalimantan Barat Menurut Kabupaten/Kota, 2011-2015 (Ribu Rupiah)/","Per Capita GRDP at Current Market Prices by Regency/Municipality, in Kalimantan Barat Province, 2011-2015 (Thousand Rupiahs)",20,10,dc5b7eb6c287
KALIMANTAN BARAT,10,Kab. Melawi,,2013,,1 5.975,,"PDRB Per Kapita Atas Dasar Harga Berlaku di Provinsi Kalimantan Barat Menurut Kabupaten/Kota, 2011-2015 (Ribu Rupiah)/","Per Capita GRDP at Current Market Prices by Regency/Municipality, in Kalimantan Barat Province, 2011-2015 (Thousand Rupiahs)",20,10,374eaf15baf2
KALIMANTAN BARAT,11,Kab. Kayong Utara,,2013,,2 2.014,,"PDRB Per Kapita Atas Dasar Harga Berlaku di Provinsi Kalimantan Barat Menurut Kabupaten/Kota, 2011-2015 (Ribu Rupiah)/","Per Capita GRDP at Current Market Prices by Regency/Municipality, in Kalimantan Barat Province, 2011-2015 (Thousand Rupiahs)",20,10,f616ab039449
KALIMANTAN BARAT,12,Kab. Kubu Raya,,2013,,2 7.763,,"PDRB Per Kapita Atas Dasar Harga Berlaku di Provinsi Kalimantan Barat Menurut Kabupaten/Kota, 2011-2015 (Ribu Rupiah)/","Per Capita GRDP at Current Market Prices by Regency/Municipality, in Kalimantan Barat Province, 2011-2015 (Thousand Rupiahs)",20,10,7ec5c1de4078
KALIMANTAN BARAT,71,Kota Pontianak,,2013,,3 8.063,,"PDRB Per Kapita Atas Dasar Harga Berlaku di Provinsi Kalimantan Barat Menurut Kabupaten/Kota, 2011-2015 (Ribu Rupiah)/","Per Capita GRDP at Current Market Prices by Regency/Municipality, in Kalimantan Barat Province, 2011-2015 (Thousand Rupiahs)",20,10,b1cc3d11bd77
KALIMANTAN BARAT,72,Kota Singkawang,,2013,,2 9.629,,"PDRB Per Kapita Atas Dasar Harga Berlaku di Provinsi Kalimantan Barat Menurut Kabupaten/Kota, 2011-2015 (Ribu Rupiah)/","Per Capita GRDP at Current Market Prices by Regency/Municipality, in Kalimantan Barat Province, 2011-2015 (Thousand Rupiahs)",20,10,227f99c555d1
KALIMANTAN BARAT,,Jml Kab./Kota Total of Reg./Mun.,,2013,,2 5.889,,"PDRB Per Kapita Atas Dasar Harga Berlaku di Provinsi Kalimantan Barat Menurut Kabupaten/Kota, 2011-2015 (Ribu Rupiah)/","Per Capita GRDP at Current Market Prices by Regency/Municipality, in Kalimantan Barat Province, 2011-2015 (Thousand Rupiahs)",20,10,a8e607e71807
KALIMANTAN BARAT,,Provinsi/Province,,2013,,2 5.561,,"PDRB Per Kapita Atas Dasar Harga Berlaku di Provinsi Kalimantan Barat Menurut Kabupaten/Kota, 2011-2015 (Ribu Rupiah)/","Per Capita GRDP at Current Market Prices by Regency/Municipality, in Kalimantan Barat Province, 2011-2015 (Thousand Rupiahs)",20,10,7414360e888b
DKI JAKARTA,01,Kab. Kepulauan Seribu,,2014,*),2 44.831,,"PDRB Per Kapita Atas Dasar Harga Berlaku di Provinsi DKI Jakarta Menurut Kabupaten/Kota, 2011-2015 (Ribu Rupiah)/","Per Capita GRDP at Current Market Prices by Regency/Municipality, in DKI Jakarta Province, 2011-2015 (Thousand Rupiahs)",11,1,074bf1199813
DKI JAKARTA,71,Kota Jakarta Selatan,,2014,*),1 81.736,,"PDRB Per Kapita Atas Dasar Harga Berlaku di Provinsi DKI Jakarta Menurut Kabupaten/Kota, 2011-2015 (Ribu Rupiah)/","Per Capita GRDP at Current Market Prices by Regency/Municipality, in DKI Jakarta Province, 2011-2015 (Thousand Rupiahs)",11,1,18eb9d5525b7
DKI JAKARTA,72,Kota Jakarta Timur,,2014,*),1 08.507,,"PDRB Per Kapita Atas Dasar Harga Berlaku di Provinsi DKI Jakarta Menurut Kabupaten/Kota, 2011-2015 (Ribu Rupiah)/","Per Capita GRDP at Current Market Prices by Regency/Municipality, in DKI Jakarta Province, 2011-2015 (Thousand Rupiahs)",11,1,de35b97f7531
DKI JAKARTA,73,Kota Jakarta Pusat,,2014,*),4 70.520,,"PDRB Per Kapita Atas Dasar Harga Berlaku di Provinsi DKI Jakarta Menurut Kabupaten/Kota, 2011-2015 (Ribu Rupiah)/","Per Capita GRDP at Current Market Prices by Regency/Municipality, in DKI Jakarta Province, 2011-2015 (Thousand Rupiahs)",11,1,f92f734cbf09
DKI JAKARTA,74,Kota Jakarta Barat,,2014,*),1 20.480,,"PDRB Per Kapita Atas Dasar Harga Berlaku di Provinsi DKI Jakarta Menurut Kabupaten/Kota, 2011-2015 (Ribu Rupiah)/","Per Capita GRDP at Current Market Prices by Regency/Municipality, in DKI Jakarta Province, 2011-2015 (Thousand Rupiahs)",11,1,85f31b58bceb
DKI JAKARTA,75,Kota Jakarta Utara,,2014,*),1 93.080,,"PDRB Per Kapita Atas Dasar Harga Berlaku di Provinsi DKI Jakarta Menurut Kabupaten/Kota, 2011-2015 (Ribu Rupiah)/","Per Capita GRDP at Current Market Prices by Regency/Municipality, in DKI Jakarta Province, 2011-2015 (Thousand Rupiahs)",11,1,ae09df573ee2
DKI JAKARTA,,Jml Kab./Kota Total of Reg./Mun.,,2014,*),1 74.663,,"PDRB Per Kapita Atas Dasar Harga Berlaku di Provinsi DKI Jakarta Menurut Kabupaten/Kota, 2011-2015 (Ribu Rupiah)/","Per Capita GRDP at Current Market Prices by Regency/Municipality, in DKI Jakarta Province, 2011-2015 (Thousand Rupiahs)",11,1,203c18b7fe87
DKI JAKARTA,,Provinsi/Province,,2014,*),1 74.706,,"PDRB Per Kapita Atas Dasar Harga Berlaku di Provinsi DKI Jakarta Menurut Kabupaten/Kota, 2011-2015 (Ribu Rupiah)/","Per Capita GRDP at Current Market Prices by Regency/Municipality, in DKI Jakarta Province, 2011-2015 (Thousand Rupiahs)",11,1,e188f8b797a1
JAWA BARAT,01,Kab. Bogor,,2014,*),2 8.377,,"PDRB Per Kapita Atas Dasar Harga Berlaku di Provinsi Jawa Barat Menurut Kabupaten/Kota, 2011-2015 (Ribu Rupiah)/","Per Capita GRDP at Current Market Prices by Regency/Municipality, in Jawa Barat Province, 2011-2015 (Thousand Rupiahs)",12,2,762fbcf17a7c
JAWA BARAT,02,Kab. Sukabumi,,2014,*),1 7.549,,"PDRB Per Kapita Atas Dasar Harga Berlaku di Provinsi Jawa Barat Menurut Kabupaten/Kota, 2011-2015 (Ribu Rupiah)/","Per Capita GRDP at Current Market Prices by Regency/Municipality, in Jawa Barat Province, 2011-2015 (Thousand Rupiahs)",12,2,ed34ee80c41e
JAWA BARAT,03,Kab. Cianjur,,2014,*),1 2.940,,"PDRB Per Kapita Atas Dasar Harga Berlaku di Provinsi Jawa Barat Menurut Kabupaten/Kota, 2011-2015 (Ribu Rupiah)/","Per Capita GRDP at Current Market Prices by Regency/Municipality, in Jawa Barat Province, 2011-2015 (Thousand Rupiahs)",12,2,5d718b78a76d
JAWA BARAT,04,Kab. Bandung,,2014,*),2 2.007,,"PDRB Per Kapita Atas Dasar Harga Berlaku di Provinsi Jawa Barat Menurut Kabupaten/Kota, 2011-2015 (Ribu Rupiah)/","Per Capita GRDP at Current Market Prices by Regency/Municipality, in Jawa Barat Province, 2011-2015 (Thousand Rupiahs)",12,2,2b316172bca4
JAWA BARAT,05,Kab. Garut,,2014,*),1 4.680,,"PDRB Per Kapita Atas Dasar Harga Berlaku di Provinsi Jawa Barat Menurut Kabupaten/Kota, 2011-2015 (Ribu Rupiah)/","Per Capita GRDP at Current Market Prices by Regency/Municipality, in Jawa Barat Province, 2011-2015 (Thousand Rupiahs)",12,2,87cc7b1de33d
JAWA BARAT,06,Kab. Tasikmalaya,,2014,*),1 3.445,,"PDRB Per Kapita Atas Dasar Harga Berlaku di Provinsi Jawa Barat Menurut Kabupaten/Kota, 2011-2015 (Ribu Rupiah)/","Per Capita GRDP at Current Market Prices by Regency/Municipality, in Jawa Barat Province, 2011-2015 (Thousand Rupiahs)",12,2,0d74f7fb7ce0
JAWA BARAT,07,Kab. Ciamis,,2014,*),1 7.550,,"PDRB Per Kapita Atas Dasar Harga Berlaku di Provinsi Jawa Barat Menurut Kabupaten/Kota, 2011-2015 (Ribu Rupiah)/","Per Capita GRDP at Current Market Prices by Regency/Municipality, in Jawa Barat Province, 2011-2015 (Thousand Rupiahs)",12,2,9b8e30d0f40e
JAWA BARAT,18,Kab. Pangandaran,#),2014,*),1 8.737,,"PDRB Per Kapita Atas Dasar Harga Berlaku di Provinsi Jawa Barat Menurut Kabupaten/Kota, 2011-2015 (Ribu Rupiah)/","Per Capita GRDP at Current Market Prices by Regency/Municipality, in Jawa Barat Province, 2011-2015 (Thousand Rupiahs)",12,2,ddb6672f7e97
JAWA BARAT,08,Kab. Kuningan,,2014,*),1 4.297,,"PDRB Per Kapita Atas Dasar Harga Berlaku di Provinsi Jawa Barat Menurut Kabupaten/Kota, 2011-2015 (Ribu Rupiah)/","Per Capita GRDP at Current Market Prices by Regency/Municipality, in Jawa Barat Province, 2011-2015 (Thousand Rupiahs)",12,2,22b2725d1833
JAWA BARAT,09,Kab. Cirebon,,2014,*),1 5.443,,"PDRB Per Kapita Atas Dasar Harga Berlaku di Provinsi Jawa Barat Menurut Kabupaten/Kota, 2011-2015 (Ribu Rupiah)/","Per Capita GRDP at Current Market Prices by Regency/Municipality, in Jawa Barat Province, 2011-2015 (Thousand Rupiahs)",12,2,8a81fe2d8451
JAWA BARAT,10,Kab. Majalengka,,2014,*),1 6.316,,"PDRB Per Kapita Atas Dasar Harga Berlaku di Provinsi Jawa Barat Menurut Kabupaten/Kota, 2011-2015 (Ribu Rupiah)/","Per Capita GRDP at Current Market Prices by Regency/Municipality, in Jawa Barat Province, 2011-2015 (Thousand Rupiahs)",12,2,9fda5e5ab3da
JAWA BARAT,11,Kab. Sumedang,,2014,*),1 9.747,,"PDRB Per Kapita Atas Dasar Harga Berlaku di Provinsi Jawa Barat Menurut Kabupaten/Kota, 2011-2015 (Ribu Rupiah)/","Per Capita GRDP at Current Market Prices by Regency/Municipality, in Jawa Barat Province, 2011-2015 (Thousand Rupiahs)",12,2,78ae619b06a8
JAWA BARAT,12,Kab.indramayu,,2014,*),4 0.204,,"PDRB Per Kapita Atas Dasar Harga Berlaku di Provinsi Jawa Barat Menurut Kabupaten/Kota, 2011-2015 (Ribu Rupiah)/","Per Capita GRDP at Current Market Prices by Regency/Municipality, in Jawa Barat Province, 2011-2015 (Thousand Rupiahs)",12,2,2370316d4aa8
JAWA BARAT,13,Kab. Subang,,2014,*),1 7.722,,"PDRB Per Kapita Atas Dasar Harga Berlaku di Provinsi Jawa Barat Menurut Kabupaten/Kota, 2011-2015 (Ribu Rupiah)/","Per Capita GRDP at Current Market Prices by Regency/Municipality, in Jawa Barat Province, 2011-2015 (Thousand Rupiahs)",12,2,c83d169befde
JAWA BARAT,14,Kab. Purwakarta,,2014,*),4 9.990,,"PDRB Per Kapita Atas Dasar Harga Berlaku di Provinsi Jawa Barat Menurut Kabupaten/Kota, 2011-2015 (Ribu Rupiah)/","Per Capita GRDP at Current Market Prices by Regency/Municipality, in Jawa Barat Province, 2011-2015 (Thousand Rupiahs)",12,2,0bc39f22fbdb
JAWA BARAT,15,Kab. Karawang,,2014,*),6 9.471,,"PDRB Per Kapita Atas Dasar Harga Berlaku di Provinsi Jawa Barat Menurut Kabupaten/Kota, 2011-2015 (Ribu Rupiah)/","Per Capita GRDP at Current Market Prices by Regency/Municipality, in Jawa Barat Province, 2011-2015 (Thousand Rupiahs)",12,2,7b0722b0598c
JAWA BARAT,16,Kab. Bekasi,,2014,*),7 2.881,,"PDRB Per Kapita Atas Dasar Harga Berlaku di Provinsi Jawa Barat Menurut Kabupaten/Kota, 2011-2015 (Ribu Rupiah)/","Per Capita GRDP at Current Market Prices by Regency/Municipality, in Jawa Barat Province, 2011-2015 (Thousand Rupiahs)",12,2,94a85bb7e7f1
JAWA BARAT,17,Kab. Bandung Barat,,2014,*),1 9.059,,"PDRB Per Kapita Atas Dasar Harga Berlaku di Provinsi Jawa Barat Menurut Kabupaten/Kota, 2011-2015 (Ribu Rupiah)/","Per Capita GRDP at Current Market Prices by Regency/Municipality, in Jawa Barat Province, 2011-2015 (Thousand Rupiahs)",12,2,9e7d0f110161
JAWA BARAT,71,Kota Bogor,,2014,*),2 8.278,,"PDRB Per Kapita Atas Dasar Harga Berlaku di Provinsi Jawa Barat Menurut Kabupaten/Kota, 2011-2015 (Ribu Rupiah)/","Per Capita GRDP at Current Market Prices by Regency/Municipality, in Jawa Barat Province, 2011-2015 (Thousand Rupiahs)",12,2,5cfab157fa04
JAWA BARAT,72,Kota Sukabumi,,2014,*),2 5.844,,"PDRB Per Kapita Atas Dasar Harga Berlaku di Provinsi Jawa Barat Menurut Kabupaten/Kota, 2011-2015 (Ribu Rupiah)/","Per Capita GRDP at Current Market Prices by Regency/Municipality, in Jawa Barat Province, 2011-2015 (Thousand Rupiahs)",12,2,933873fa8205
JAWA BARAT,73,Kota Bandung,,2014,*),6 9.894,,"PDRB Per Kapita Atas Dasar Harga Berlaku di Provinsi Jawa Barat Menurut Kabupaten/Kota, 2011-2015 (Ribu Rupiah)/","Per Capita GRDP at Current Market Prices by Regency/Municipality, in Jawa Barat Province, 2011-2015 (Thousand Rupiahs)",12,2,18b429531808
JAWA BARAT,74,Kota Cirebon,,2014,*),4 9.371,,"PDRB Per Kapita Atas Dasar Harga Berlaku di Provinsi Jawa Barat Menurut Kabupaten/Kota, 2011-2015 (Ribu Rupiah)/","Per Capita GRDP at Current Market Prices by Regency/Municipality, in Jawa Barat Province, 2011-2015 (Thousand Rupiahs)",12,2,486f05c51f53
JAWA BARAT,75,Kota Bekasi,,2014,*),2 4.261,,"PDRB Per Kapita Atas Dasar Harga Berlaku di Provinsi Jawa Barat Menurut Kabupaten/Kota, 2011-2015 (Ribu Rupiah)/","Per Capita GRDP at Current Market Prices by Regency/Municipality, in Jawa Barat Province, 2011-2015 (Thousand Rupiahs)",12,2,1acf52616734
JAWA BARAT,76,Kota Depok,,2014,*),2 1.542,,"PDRB Per Kapita Atas Dasar Harga Berlaku di Provinsi Jawa Barat Menurut Kabupaten/Kota, 2011-2015 (Ribu Rupiah)/","Per Capita GRDP at Current Market Prices by Regency/Municipality, in Jawa Barat Province, 2011-2015 (Thousand Rupiahs)",12,2,2c9b5e84de8a
JAWA BARAT,77,Kota Cimahi,,2014,*),3 5.524,,"PDRB Per Kapita Atas Dasar Harga Berlaku di Provinsi Jawa Barat Menurut Kabupaten/Kota, 2011-2015 (Ribu Rupiah)/","Per Capita GRDP at Current Market Prices by Regency/Municipality, in Jawa Barat Province, 2011-2015 (Thousand Rupiahs)",12,2,7c9f14a830c0
JAWA BARAT,78,Kota Tasikmalaya,,2014,*),2 0.806,,"PDRB Per Kapita Atas Dasar Harga Berlaku di Provinsi Jawa Barat Menurut Kabupaten/Kota, 2011-2015 (Ribu Rupiah)/","Per Capita GRDP at Current Market Prices by Regency/Municipality, in Jawa Barat Province, 2011-2015 (Thousand Rupiahs)",12,2,ca37e9586c5a
JAWA BARAT,79,Kota Banjar,,2014,*),1 6.680,,"PDRB Per Kapita Atas Dasar Harga Berlaku di Provinsi Jawa Barat Menurut Kabupaten/Kota, 2011-2015 (Ribu Rupiah)/","Per Capita GRDP at Current Market Prices by Regency/Municipality, in Jawa Barat Province, 2011-2015 (Thousand Rupiahs)",12,2,ae85b2b7913a
JAWA BARAT,,Jml Kab./Kota Total of Reg./Mun.,,2014,*),3 0.433,,"PDRB Per Kapita Atas Dasar Harga Berlaku di Provinsi Jawa Barat Menurut Kabupaten/Kota, 2011-2015 (Ribu Rupiah)/","Per Capita GRDP at Current Market Prices by Regency/Municipality, in Jawa Barat Province, 2011-2015 (Thousand Rupiahs)",12,2,1de7b8de8c3b
JAWA BARAT,,Provinsi/Province,,2014,*),3 0.118,,"PDRB Per Kapita Atas Dasar Harga Berlaku di Provinsi Jawa Barat Menurut Kabupaten/Kota, 2011-2015 (Ribu Rupiah)/","Per Capita GRDP at Current Market Prices by Regency/Municipality, in Jawa Barat Province, 2011-2015 (Thousand Rupiahs)",12,2,15ad213b278c
JAWA TENGAH,01,Kab. Cilacap,,2014,*),5 4.668,,"PDRB Per Kapita Atas Dasar Harga Berlaku di Provinsi Jawa Tengah Menurut Kabupaten/Kota, 2011-2015 (Ribu Rupiah)/","Per Capita GRDP at Current Market Prices by Regency/Municipality, in Jawa Tengah Province, 2011-2015 (Thousand Rupiahs)",13,3,ce9fbbfe7167
JAWA TENGAH,02,Kab. Banyumas,,2014,*),2 1.547,,"PDRB Per Kapita Atas Dasar Harga Berlaku di Provinsi Jawa Tengah Menurut Kabupaten/Kota, 2011-2015 (Ribu Rupiah)/","Per Capita GRDP at Current Market Prices by Regency/Municipality, in Jawa Tengah Province, 2011-2015 (Thousand Rupiahs)",13,3,7416d6316993
JAWA TENGAH,03,Kab. Purbalingga,,2014,*),1 8.845,,"PDRB Per Kapita Atas Dasar Harga Berlaku di Provinsi Jawa Tengah Menurut Kabupaten/Kota, 2011-2015 (Ribu Rupiah)/","Per Capita GRDP at Current Market Prices by Regency/Municipality, in Jawa Tengah Province, 2011-2015 (Thousand Rupiahs)",13,3,45bde8dc02ac
JAWA TENGAH,04,Kab. Banjarnegara,,2014,*),1 6.085,,"PDRB Per Kapita Atas Dasar Harga Berlaku di Provinsi Jawa Tengah Menurut Kabupaten/Kota, 2011-2015 (Ribu Rupiah)/","Per Capita GRDP at Current Market Prices by Regency/Municipality, in Jawa Tengah Province, 2011-2015 (Thousand Rupiahs)",13,3,8a4d3238dfb1
JAWA TENGAH,05,Kab. Kebumen,,2014,*),1 5.866,,"PDRB Per Kapita Atas Dasar Harga Berlaku di Provinsi Jawa Tengah Menurut Kabupaten/Kota, 2011-2015 (Ribu Rupiah)/","Per Capita GRDP at Current Market Prices by Regency/Municipality, in Jawa Tengah Province, 2011-2015 (Thousand Rupiahs)",13,3,7780b5dfe5ff
JAWA TENGAH,06,Kab. Purworejo,,2014,*),1 7.882,,"PDRB Per Kapita Atas Dasar Harga Berlaku di Provinsi Jawa Tengah Menurut Kabupaten/Kota, 2011-2015 (Ribu Rupiah)/","Per Capita GRDP at Current Market Prices by Regency/Municipality, in Jawa Tengah Province, 2011-2015 (Thousand Rupiahs)",13,3,43a89666f5d0
JAWA TENGAH,07,Kab. Wonosobo,,2014,*),1 6.930,,"PDRB Per Kapita Atas Dasar Harga Berlaku di Provinsi Jawa Tengah Menurut Kabupaten/Kota, 2011-2015 (Ribu Rupiah)/","Per Capita GRDP at Current Market Prices by Regency/Municipality, in Jawa Tengah Province, 2011-2015 (Thousand Rupiahs)",13,3,01f5a5fe1b6c
JAWA TENGAH,08,Kab. Magelang,,2014,*),1 7.692,,"PDRB Per Kapita Atas Dasar Harga Berlaku di Provinsi Jawa Tengah Menurut Kabupaten/Kota, 2011-2015 (Ribu Rupiah)/","Per Capita GRDP at Current Market Prices by Regency/Municipality, in Jawa Tengah Province, 2011-2015 (Thousand Rupiahs)",13,3,d9234972cd7e
JAWA TENGAH,09,Kab. Boyolali,,2014,*),2 1.994,,"PDRB Per Kapita Atas Dasar Harga Berlaku di Provinsi Jawa Tengah Menurut Kabupaten/Kota, 2011-2015 (Ribu Rupiah)/","Per Capita GRDP at Current Market Prices by Regency/Municipality, in Jawa Tengah Province, 2011-2015 (Thousand Rupiahs)",13,3,788148d0e11f
JAWA TENGAH,10,Kab. Klaten,,2014,*),2 2.776,,"PDRB Per Kapita Atas Dasar Harga Berlaku di Provinsi Jawa Tengah Menurut Kabupaten/Kota, 2011-2015 (Ribu Rupiah)/","Per Capita GRDP at Current Market Prices by Regency/Municipality, in Jawa Tengah Province, 2011-2015 (Thousand Rupiahs)",13,3,ffbcf57c80da
JAWA TENGAH,11,Kab. Sukoharjo,,2014,*),2 8.449,,"PDRB Per Kapita Atas Dasar Harga Berlaku di Provinsi Jawa Tengah Menurut Kabupaten/Kota, 2011-2015 (Ribu Rupiah)/","Per Capita GRDP at Current Market Prices by Regency/Municipality, in Jawa Tengah Province, 2011-2015 (Thousand Rupiahs)",13,3,d9a25ebf51d3
JAWA TENGAH,12,Kab. Wonogiri,,2014,*),2 0.805,,"PDRB Per Kapita Atas Dasar Harga Berlaku di Provinsi Jawa Tengah Menurut Kabupaten/Kota, 2011-2015 (Ribu Rupiah)/","Per Capita GRDP at Current Market Prices by Regency/Municipality, in Jawa Tengah Province, 2011-2015 (Thousand Rupiahs)",13,3,27c9ed5de045
JAWA TENGAH,13,Kab. Karanganyar,,2014,*),2 9.037,,"PDRB Per Kapita Atas Dasar Harga Berlaku di Provinsi Jawa Tengah Menurut Kabupaten/Kota, 2011-2015 (Ribu Rupiah)/","Per Capita GRDP at Current Market Prices by Regency/Municipality, in Jawa Tengah Province, 2011-2015 (Thousand Rupiahs)",13,3,a01e74269e73
JAWA TENGAH,14,Kab. Sragen,,2014,*),2 7.996,,"PDRB Per Kapita Atas Dasar Harga Berlaku di Provinsi Jawa Tengah Menurut Kabupaten/Kota, 2011-2015 (Ribu Rupiah)/","Per Capita GRDP at Current Market Prices by Regency/Municipality, in Jawa Tengah Province, 2011-2015 (Thousand Rupiahs)",13,3,616acab0d669
JAWA TENGAH,15,Kab. Grobogan,,2014,*),1 3.528,,"PDRB Per Kapita Atas Dasar Harga Berlaku di Provinsi Jawa Tengah Menurut Kabupaten/Kota, 2011-2015 (Ribu Rupiah)/","Per Capita GRDP at Current Market Prices by Regency/Municipality, in Jawa Tengah Province, 2011-2015 (Thousand Rupiahs)",13,3,1c31a64cba47
JAWA TENGAH,16,Kab. Blora,,2014,*),1 7.801,,"PDRB Per Kapita Atas Dasar Harga Berlaku di Provinsi Jawa Tengah Menurut Kabupaten/Kota, 2011-2015 (Ribu Rupiah)/","Per Capita GRDP at Current Market Prices by Regency/Municipality, in Jawa Tengah Province, 2011-2015 (Thousand Rupiahs)",13,3,e032336111ef
JAWA TENGAH,17,Kab. Rembang,,2014,*),2 0.875,,"PDRB Per Kapita Atas Dasar Harga Berlaku di Provinsi Jawa Tengah Menurut Kabupaten/Kota, 2011-2015 (Ribu Rupiah)/","Per Capita GRDP at Current Market Prices by Regency/Municipality, in Jawa Tengah Province, 2011-2015 (Thousand Rupiahs)",13,3,8e2407e72be7
JAWA TENGAH,18,Kab. Pati,,2014,*),2 3.343,,"PDRB Per Kapita Atas Dasar Harga Berlaku di Provinsi Jawa Tengah Menurut Kabupaten/Kota, 2011-2015 (Ribu Rupiah)/","Per Capita GRDP at Current Market Prices by Regency/Municipality, in Jawa Tengah Province, 2011-2015 (Thousand Rupiahs)",13,3,8ab1f0c4bb49
JAWA TENGAH,19,Kab. Kudus,,2014,*),9 5.692,,"PDRB Per Kapita Atas Dasar Harga Berlaku di Provinsi Jawa Tengah Menurut Kabupaten/Kota, 2011-2015 (Ribu Rupiah)/","Per Capita GRDP at Current Market Prices by Regency/Municipality, in Jawa Tengah Province, 2011-2015 (Thousand Rupiahs)",13,3,dbd0b4b7fa57
JAWA TENGAH,20,Kab. Jepara,,2014,*),1 7.138,,"PDRB Per Kapita Atas Dasar Harga Berlaku di Provinsi Jawa Tengah Menurut Kabupaten/Kota, 2011-2015 (Ribu Rupiah)/","Per Capita GRDP at Current Market Prices by Regency/Municipality, in Jawa Tengah Province, 2011-2015 (Thousand Rupiahs)",13,3,a45a7e6480a6
JAWA TENGAH,21,Kab. Demak,,2014,*),1 5.712,,"PDRB Per Kapita Atas Dasar Harga Berlaku di Provinsi Jawa Tengah Menurut Kabupaten/Kota, 2011-2015 (Ribu Rupiah)/","Per Capita GRDP at Current Market Prices by Regency/Municipality, in Jawa Tengah Province, 2011-2015 (Thousand Rupiahs)",13,3,209d729f15fa
JAWA TENGAH,22,Kab. Semarang,,2014,*),3 3.876,,"PDRB Per Kapita Atas Dasar Harga Berlaku di Provinsi Jawa Tengah Menurut Kabupaten/Kota, 2011-2015 (Ribu Rupiah)/","Per Capita GRDP at Current Market Prices by Regency/Municipality, in Jawa Tengah Province, 2011-2015 (Thousand Rupiahs)",13,3,57c61ac8a589
JAWA TENGAH,23,Kab. Temanggung,,2014,*),1 9.746,,"PDRB Per Kapita Atas Dasar Harga Berlaku di Provinsi Jawa Tengah Menurut Kabupaten/Kota, 2011-2015 (Ribu Rupiah)/","Per Capita GRDP at Current Market Prices by Regency/Municipality, in Jawa Tengah Province, 2011-2015 (Thousand Rupiahs)",13,3,9ca321c8c5eb
JAWA TENGAH,24,Kab. Kendal,,2014,*),3 0.184,,"PDRB Per Kapita Atas Dasar Harga Berlaku di Provinsi Jawa Tengah Menurut Kabupaten/Kota, 2011-2015 (Ribu Rupiah)/","Per Capita GRDP at Current Market Prices by Regency/Municipality, in Jawa Tengah Province, 2011-2015 (Thousand Rupiahs)",13,3,e4a88e040e5e
JAWA TENGAH,25,Kab. Batang,,2014,*),1 9.641,,"PDRB Per Kapita Atas Dasar Harga Berlaku di Provinsi Jawa Tengah Menurut Kabupaten/Kota, 2011-2015 (Ribu Rupiah)/","Per Capita GRDP at Current Market Prices by Regency/Municipality, in Jawa Tengah Province, 2011-2015 (Thousand Rupiahs)",13,3,33c8bfb410ca
JAWA TENGAH,26,Kab. Pekalongan,,2014,*),1 7.556,,"PDRB Per Kapita Atas Dasar Harga Berlaku di Provinsi Jawa Tengah Menurut Kabupaten/Kota, 2011-2015 (Ribu Rupiah)/","Per Capita GRDP at Current Market Prices by Regency/Municipality, in Jawa Tengah Province, 2011-2015 (Thousand Rupiahs)",13,3,532a534de721
JAWA TENGAH,27,Kab. Pemalang,,2014,*),1 3.128,,"PDRB Per Kapita Atas Dasar Harga Berlaku di Provinsi Jawa Tengah Menurut Kabupaten/Kota, 2011-2015 (Ribu Rupiah)/","Per Capita GRDP at Current Market Prices by Regency/Municipality, in Jawa Tengah Province, 2011-2015 (Thousand Rupiahs)",13,3,dfd32e02bacd
JAWA TENGAH,28,Kab. Tegal,,2014,*),1 6.271,,"PDRB Per Kapita Atas Dasar Harga Berlaku di Provinsi Jawa Tengah Menurut Kabupaten/Kota, 2011-2015 (Ribu Rupiah)/","Per Capita GRDP at Current Market Prices by Regency/Municipality, in Jawa Tengah Province, 2011-2015 (Thousand Rupiahs)",13,3,507f81c25580
JAWA TENGAH,29,Kab. Brebes,,2014,*),1 7.420,,"PDRB Per Kapita Atas Dasar Harga Berlaku di Provinsi Jawa Tengah Menurut Kabupaten/Kota, 2011-2015 (Ribu Rupiah)/","Per Capita GRDP at Current Market Prices by Regency/Municipality, in Jawa Tengah Province, 2011-2015 (Thousand Rupiahs)",13,3,34fd7dc132c2
JAWA TENGAH,71,Kota Magelang,,2014,*),4 9.170,,"PDRB Per Kapita Atas Dasar Harga Berlaku di Provinsi Jawa Tengah Menurut Kabupaten/Kota, 2011-2015 (Ribu Rupiah)/","Per Capita GRDP at Current Market Prices by Regency/Municipality, in Jawa Tengah Province, 2011-2015 (Thousand Rupiahs)",13,3,f7faef255903
JAWA TENGAH,72,Kota Surakarta,,2014,*),6 2.849,,"PDRB Per Kapita Atas Dasar Harga Berlaku di Provinsi Jawa Tengah Menurut Kabupaten/Kota, 2011-2015 (Ribu Rupiah)/","Per Capita GRDP at Current Market Prices by Regency/Municipality, in Jawa Tengah Province, 2011-2015 (Thousand Rupiahs)",13,3,4926721cda6f
JAWA TENGAH,73,Kota Salatiga,,2014,*),4 9.043,,"PDRB Per Kapita Atas Dasar Harga Berlaku di Provinsi Jawa Tengah Menurut Kabupaten/Kota, 2011-2015 (Ribu Rupiah)/","Per Capita GRDP at Current Market Prices by Regency/Municipality, in Jawa Tengah Province, 2011-2015 (Thousand Rupiahs)",13,3,642d8a67166c
JAWA TENGAH,74,Kota Semarang,,2014,*),7 2.881,,"PDRB Per Kapita Atas Dasar Harga Berlaku di Provinsi Jawa Tengah Menurut Kabupaten/Kota, 2011-2015 (Ribu Rupiah)/","Per Capita GRDP at Current Market Prices by Regency/Municipality, in Jawa Tengah Province, 2011-2015 (Thousand Rupiahs)",13,3,b49f283f3e3d
JAWA TENGAH,75,Kota Pekalongan,,2014,*),2 4.148,,"PDRB Per Kapita Atas Dasar Harga Berlaku di Provinsi Jawa Tengah Menurut Kabupaten/Kota, 2011-2015 (Ribu Rupiah)/","Per Capita GRDP at Current Market Prices by Regency/Municipality, in Jawa Tengah Province, 2011-2015 (Thousand Rupiahs)",13,3,e21de0569e69
JAWA TENGAH,76,Kota Tegal,,2014,*),4 1.070,,"PDRB Per Kapita Atas Dasar Harga Berlaku di Provinsi Jawa Tengah Menurut Kabupaten/Kota, 2011-2015 (Ribu Rupiah)/","Per Capita GRDP at Current Market Prices by Regency/Municipality, in Jawa Tengah Province, 2011-2015 (Thousand Rupiahs)",13,3,94c9fdd0f28f
JAWA TENGAH,,Jml Kab./Kota Total of Reg./Mun.,,2014,*),2 7.403,,"PDRB Per Kapita Atas Dasar Harga Berlaku di Provinsi Jawa Tengah Menurut Kabupaten/Kota, 2011-2015 (Ribu Rupiah)/","Per Capita GRDP at Current Market Prices by Regency/Municipality, in Jawa Tengah Province, 2011-2015 (Thousand Rupiahs)",13,3,3c2886207b62
JAWA TENGAH,,Provinsi/Province,,2014,*),2 7.599,,"PDRB Per Kapita Atas Dasar Harga Berlaku di Provinsi Jawa Tengah Menurut Kabupaten/Kota, 2011-2015 (Ribu Rupiah)/","Per Capita GRDP at Current Market Prices by Regency/Municipality, in Jawa Tengah Province, 2011-2015 (Thousand Rupiahs)",13,3,22cf4ba7bd0f
DI YOGYAKARTA,01,Kab. Kulon Progo,,2014,*),17.253,,"PDRB Per Kapita Atas Dasar Harga Berlaku di Provinsi DI Yogyakarta Menurut Kabupaten/Kota, 2011-2015 (Ribu Rupiah)/","Per Capita GRDP at Current Market Prices by Regency/Municipality, in DI Yogyakarta Province, 2011-2015 (Thousand Rupiahs)",14,4,fde6b007580b
DI YOGYAKARTA,02,Kab. Bantul,,2014,*),1 8.554,,"PDRB Per Kapita Atas Dasar Harga Berlaku di Provinsi DI Yogyakarta Menurut Kabupaten/Kota, 2011-2015 (Ribu Rupiah)/","Per Capita GRDP at Current Market Prices by Regency/Municipality, in DI Yogyakarta Province, 2011-2015 (Thousand Rupiahs)",14,4,e445d6eeb5b2
DI YOGYAKARTA,03,Kab. Gunung Kidul,,2014,*),1 7.751,,"PDRB Per Kapita Atas Dasar Harga Berlaku di Provinsi DI Yogyakarta Menurut Kabupaten/Kota, 2011-2015 (Ribu Rupiah)/","Per Capita GRDP at Current Market Prices by Regency/Municipality, in DI Yogyakarta Province, 2011-2015 (Thousand Rupiahs)",14,4,556f2de3fdee
DI YOGYAKARTA,04,Kab. Sleman,,2014,*),2 6.689,,"PDRB Per Kapita Atas Dasar Harga Berlaku di Provinsi DI Yogyakarta Menurut Kabupaten/Kota, 2011-2015 (Ribu Rupiah)/","Per Capita GRDP at Current Market Prices by Regency/Municipality, in DI Yogyakarta Province, 2011-2015 (Thousand Rupiahs)",14,4,abc8d4ba445a
DI YOGYAKARTA,71,Kota Yogyakarta,,2014,*),6 0.532,,"PDRB Per Kapita Atas Dasar Harga Berlaku di Provinsi DI Yogyakarta Menurut Kabupaten/Kota, 2011-2015 (Ribu Rupiah)/","Per Capita GRDP at Current Market Prices by Regency/Municipality, in DI Yogyakarta Province, 2011-2015 (Thousand Rupiahs)",14,4,262e91a33ca1
DI YOGYAKARTA,,Jml Kab./Kota Total of Reg./Mun.,,2014,*),2 5.540,,"PDRB Per Kapita Atas Dasar Harga Berlaku di Provinsi DI Yogyakarta Menurut Kabupaten/Kota, 2011-2015 (Ribu Rupiah)/","Per Capita GRDP at Current Market Prices by Regency/Municipality, in DI Yogyakarta Province, 2011-2015 (Thousand Rupiahs)",14,4,6f9c886d1955
DI YOGYAKARTA,,Provinsi/Province,,2014,*),2 5.523,,"PDRB Per Kapita Atas Dasar Harga Berlaku di Provinsi DI Yogyakarta Menurut Kabupaten/Kota, 2011-2015 (Ribu Rupiah)/","Per Capita GRDP at Current Market Prices by Regency/Municipality, in DI Yogyakarta Province, 2011-2015 (Thousand Rupiahs)",14,4,4871fa9ba442
JAWA TIMUR,01,Kab. Pacitan,,2014,*),1 9.095,,"PDRB Per Kapita Atas Dasar Harga Berlaku di Provinsi Jawa Timur Menurut Kabupaten/Kota, 2011-2015 (Ribu Rupiah)/","Per Capita GRDP at Current Market Prices by Regency/Municipality, in Jawa Timur Province, 2011-2015 (Thousand Rupiahs)",15,5,ce2f4355a2b2
JAWA TIMUR,02,Kab. Ponorogo,,2014,*),1 5.469,,"PDRB Per Kapita Atas Dasar Harga Berlaku di Provinsi Jawa Timur Menurut Kabupaten/Kota, 2011-2015 (Ribu Rupiah)/","Per Capita GRDP at Current Market Prices by Regency/Municipality, in Jawa Timur Province, 2011-2015 (Thousand Rupiahs)",15,5,efd642d6c160
JAWA TIMUR,03,Kab. Trenggalek,,2014,*),1 7.907,,"PDRB Per Kapita Atas Dasar Harga Berlaku di Provinsi Jawa Timur Menurut Kabupaten/Kota, 2011-2015 (Ribu Rupiah)/","Per Capita GRDP at Current Market Prices by Regency/Municipality, in Jawa Timur Province, 2011-2015 (Thousand Rupiahs)",15,5,9a16d1e52952
JAWA TIMUR,04,Kab. Tulungagung,,2014,*),2 5.375,,"PDRB Per Kapita Atas Dasar Harga Berlaku di Provinsi Jawa Timur Menurut Kabupaten/Kota, 2011-2015 (Ribu Rupiah)/","Per Capita GRDP at Current Market Prices by Regency/Municipality, in Jawa Timur Province, 2011-2015 (Thousand Rupiahs)",15,5,0d4775cdef99
JAWA TIMUR,05,Kab. Blitar,,2014,*),2 1.161,,"PDRB Per Kapita Atas Dasar Harga Berlaku di Provinsi Jawa Timur Menurut Kabupaten/Kota, 2011-2015 (Ribu Rupiah)/","Per Capita GRDP at Current Market Prices by Regency/Municipality, in Jawa Timur Province, 2011-2015 (Thousand Rupiahs)",15,5,45946fae1f97
JAWA TIMUR,06,Kab. Kediri,,2014,*),1 8.034,,"PDRB Per Kapita Atas Dasar Harga Berlaku di Provinsi Jawa Timur Menurut Kabupaten/Kota, 2011-2015 (Ribu Rupiah)/","Per Capita GRDP at Current Market Prices by Regency/Municipality, in Jawa Timur Province, 2011-2015 (Thousand Rupiahs)",15,5,8dbfcc68c1a6
JAWA TIMUR,07,Kab. Malang,,2014,*),2 6.097,,"PDRB Per Kapita Atas Dasar Harga Berlaku di Provinsi Jawa Timur Menurut Kabupaten/Kota, 2011-2015 (Ribu Rupiah)/","Per Capita GRDP at Current Market Prices by Regency/Municipality, in Jawa Timur Province, 2011-2015 (Thousand Rupiahs)",15,5,2f4bcada5bed
JAWA TIMUR,08,Kab. Lumajang,,2014,*),2 1.418,,"PDRB Per Kapita Atas Dasar Harga Berlaku di Provinsi Jawa Timur Menurut Kabupaten/Kota, 2011-2015 (Ribu Rupiah)/","Per Capita GRDP at Current Market Prices by Regency/Municipality, in Jawa Timur Province, 2011-2015 (Thousand Rupiahs)",15,5,6739991881db
JAWA TIMUR,09,Kab. Jember,,2014,*),2 1.111,,"PDRB Per Kapita Atas Dasar Harga Berlaku di Provinsi Jawa Timur Menurut Kabupaten/Kota, 2011-2015 (Ribu Rupiah)/","Per Capita GRDP at Current Market Prices by Regency/Municipality, in Jawa Timur Province, 2011-2015 (Thousand Rupiahs)",15,5,2ae757633274
JAWA TIMUR,10,Kab. Banyuwangi,,2014,*),3 3.629,,"PDRB Per Kapita Atas Dasar Harga Berlaku di Provinsi Jawa Timur Menurut Kabupaten/Kota, 2011-2015 (Ribu Rupiah)/","Per Capita GRDP at Current Market Prices by Regency/Municipality, in Jawa Timur Province, 2011-2015 (Thousand Rupiahs)",15,5,2c132cc82c39
JAWA TIMUR,11,Kab. Bondowoso,,2014,*),1 7.271,,"PDRB Per Kapita Atas Dasar Harga Berlaku di Provinsi Jawa Timur Menurut Kabupaten/Kota, 2011-2015 (Ribu Rupiah)/","Per Capita GRDP at Current Market Prices by Regency/Municipality, in Jawa Timur Province, 2011-2015 (Thousand Rupiahs)",15,5,92c056f16722
JAWA TIMUR,12,Kab. Situbondo,,2014,*),2 0.028,,"PDRB Per Kapita Atas Dasar Harga Berlaku di Provinsi Jawa Timur Menurut Kabupaten/Kota, 2011-2015 (Ribu Rupiah)/","Per Capita GRDP at Current Market Prices by Regency/Municipality, in Jawa Timur Province, 2011-2015 (Thousand Rupiahs)",15,5,2dbe00e74506
JAWA TIMUR,13,Kab. Probolinggo,,2014,*),2 0.443,,"PDRB Per Kapita Atas Dasar Harga Berlaku di Provinsi Jawa Timur Menurut Kabupaten/Kota, 2011-2015 (Ribu Rupiah)/","Per Capita GRDP at Current Market Prices by Regency/Municipality, in Jawa Timur Province, 2011-2015 (Thousand Rupiahs)",15,5,28fd2f0482f8
JAWA TIMUR,14,Kab. Pasuruan,,2014,*),6 0.468,,"PDRB Per Kapita Atas Dasar Harga Berlaku di Provinsi Jawa Timur Menurut Kabupaten/Kota, 2011-2015 (Ribu Rupiah)/","Per Capita GRDP at Current Market Prices by Regency/Municipality, in Jawa Timur Province, 2011-2015 (Thousand Rupiahs)",15,5,1dfe133b3ec2
JAWA TIMUR,15,Kab. Sidoarjo,,2014,*),6 3.172,,"PDRB Per Kapita Atas Dasar Harga Berlaku di Provinsi Jawa Timur Menurut Kabupaten/Kota, 2011-2015 (Ribu Rupiah)/","Per Capita GRDP at Current Market Prices by Regency/Municipality, in Jawa Timur Province, 2011-2015 (Thousand Rupiahs)",15,5,6b355dc71672
JAWA TIMUR,16,Kab. Mojokerto,,2014,*),4 9.700,,"PDRB Per Kapita Atas Dasar Harga Berlaku di Provinsi Jawa Timur Menurut Kabupaten/Kota, 2011-2015 (Ribu Rupiah)/","Per Capita GRDP at Current Market Prices by Regency/Municipality, in Jawa Timur Province, 2011-2015 (Thousand Rupiahs)",15,5,7ee8eb53daf4
JAWA TIMUR,17,Kab. Jombang,,2014,*),2 1.336,,"PDRB Per Kapita Atas Dasar Harga Berlaku di Provinsi Jawa Timur Menurut Kabupaten/Kota, 2011-2015 (Ribu Rupiah)/","Per Capita GRDP at Current Market Prices by Regency/Municipality, in Jawa Timur Province, 2011-2015 (Thousand Rupiahs)",15,5,0daec8c2ae9c
JAWA TIMUR,18,Kab. Nganjuk,,2014,*),1 6.621,,"PDRB Per Kapita Atas Dasar Harga Berlaku di Provinsi Jawa Timur Menurut Kabupaten/Kota, 2011-2015 (Ribu Rupiah)/","Per Capita GRDP at Current Market Prices by Regency/Municipality, in Jawa Timur Province, 2011-2015 (Thousand Rupiahs)",15,5,5869320ee013
JAWA TIMUR,19,Kab. Madiun,,2014,*),1 8.593,,"PDRB Per Kapita Atas Dasar Harga Berlaku di Provinsi Jawa Timur Menurut Kabupaten/Kota, 2011-2015 (Ribu Rupiah)/","Per Capita GRDP at Current Market Prices by Regency/Municipality, in Jawa Timur Province, 2011-2015 (Thousand Rupiahs)",15,5,707f41319a37
JAWA TIMUR,20,Kab. Magetan,,2014,*),2 0.052,,"PDRB Per Kapita Atas Dasar Harga Berlaku di Provinsi Jawa Timur Menurut Kabupaten/Kota, 2011-2015 (Ribu Rupiah)/","Per Capita GRDP at Current Market Prices by Regency/Municipality, in Jawa Timur Province, 2011-2015 (Thousand Rupiahs)",15,5,2352a0306d2e
JAWA TIMUR,21,Kab. Ngawi,,2014,*),1 6.080,,"PDRB Per Kapita Atas Dasar Harga Berlaku di Provinsi Jawa Timur Menurut Kabupaten/Kota, 2011-2015 (Ribu Rupiah)/","Per Capita GRDP at Current Market Prices by Regency/Municipality, in Jawa Timur Province, 2011-2015 (Thousand Rupiahs)",15,5,4ff9f0c9659a
JAWA TIMUR,22,Kab. Bojonegoro,,2014,*),4 1.012,,"PDRB Per Kapita Atas Dasar Harga Berlaku di Provinsi Jawa Timur Menurut Kabupaten/Kota, 2011-2015 (Ribu Rupiah)/","Per Capita GRDP at Current Market Prices by Regency/Municipality, in Jawa Timur Province, 2011-2015 (Thousand Rupiahs)",15,5,9d4084e75d4b
JAWA TIMUR,23,Kab. Tuban,,2014,*),3 8.230,,"PDRB Per Kapita Atas Dasar Harga Berlaku di Provinsi Jawa Timur Menurut Kabupaten/Kota, 2011-2015 (Ribu Rupiah)/","Per Capita GRDP at Current Market Prices by Regency/Municipality, in Jawa Timur Province, 2011-2015 (Thousand Rupiahs)",15,5,df1850a6177b
JAWA TIMUR,24,Kab. Lamongan,,2014,*),2 1.670,,"PDRB Per Kapita Atas Dasar Harga Berlaku di Provinsi Jawa Timur Menurut Kabupaten/Kota, 2011-2015 (Ribu Rupiah)/","Per Capita GRDP at Current Market Prices by Regency/Municipality, in Jawa Timur Province, 2011-2015 (Thousand Rupiahs)",15,5,2ea42b5ec217
JAWA TIMUR,25,Kab. Gresik,,2014,*),7 5.535,,"PDRB Per Kapita Atas Dasar Harga Berlaku di Provinsi Jawa Timur Menurut Kabupaten/Kota, 2011-2015 (Ribu Rupiah)/","Per Capita GRDP at Current Market Prices by Regency/Municipality, in Jawa Timur Province, 2011-2015 (Thousand Rupiahs)",15,5,51335afef3b9
JAWA TIMUR,26,Kab. Bangkalan,,2014,*),2 2.953,,"PDRB Per Kapita Atas Dasar Harga Berlaku di Provinsi Jawa Timur Menurut Kabupaten/Kota, 2011-2015 (Ribu Rupiah)/","Per Capita GRDP at Current Market Prices by Regency/Municipality, in Jawa Timur Province, 2011-2015 (Thousand Rupiahs)",15,5,ac52fbc1e2a3
JAWA TIMUR,27,Kab. Sampang,,2014,*),1 5.799,,"PDRB Per Kapita Atas Dasar Harga Berlaku di Provinsi Jawa Timur Menurut Kabupaten/Kota, 2011-2015 (Ribu Rupiah)/","Per Capita GRDP at Current Market Prices by Regency/Municipality, in Jawa Timur Province, 2011-2015 (Thousand Rupiahs)",15,5,e37a4f46e588
JAWA TIMUR,28,Kab. Pamekasan,,2014,*),1 3.248,,"PDRB Per Kapita Atas Dasar Harga Berlaku di Provinsi Jawa Timur Menurut Kabupaten/Kota, 2011-2015 (Ribu Rupiah)/","Per Capita GRDP at Current Market Prices by Regency/Municipality, in Jawa Timur Province, 2011-2015 (Thousand Rupiahs)",15,5,d4cf4e88a505
JAWA TIMUR,29,Kab. Sumenep,,2014,*),2 6.530,,"PDRB Per Kapita Atas Dasar Harga Berlaku di Provinsi Jawa Timur Menurut Kabupaten/Kota, 2011-2015 (Ribu Rupiah)/","Per Capita GRDP at Current Market Prices by Regency/Municipality, in Jawa Timur Province, 2011-2015 (Thousand Rupiahs)",15,5,e83145d85703
JAWA TIMUR,71,Kota Kediri,,2014,*),3 15.401,,"PDRB Per Kapita Atas Dasar Harga Berlaku di Provinsi Jawa Timur Menurut Kabupaten/Kota, 2011-2015 (Ribu Rupiah)/","Per Capita GRDP at Current Market Prices by Regency/Municipality, in Jawa Timur Province, 2011-2015 (Thousand Rupiahs)",15,5,332fcfb60f05
JAWA TIMUR,72,Kota Blitar,,2014,*),3 1.804,,"PDRB Per Kapita Atas Dasar Harga Berlaku di Provinsi Jawa Timur Menurut Kabupaten/Kota, 2011-2015 (Ribu Rupiah)/","Per Capita GRDP at Current Market Prices by Regency/Municipality, in Jawa Timur Province, 2011-2015 (Thousand Rupiahs)",15,5,55fb99de6108
JAWA TIMUR,73,Kota Malang,,2014,*),5 5.041,,"PDRB Per Kapita Atas Dasar Harga Berlaku di Provinsi Jawa Timur Menurut Kabupaten/Kota, 2011-2015 (Ribu Rupiah)/","Per Capita GRDP at Current Market Prices by Regency/Municipality, in Jawa Timur Province, 2011-2015 (Thousand Rupiahs)",15,5,98738bbb6a91
JAWA TIMUR,74,Kota Probolinggo,,2014,*),3 2.017,,"PDRB Per Kapita Atas Dasar Harga Berlaku di Provinsi Jawa Timur Menurut Kabupaten/Kota, 2011-2015 (Ribu Rupiah)/","Per Capita GRDP at Current Market Prices by Regency/Municipality, in Jawa Timur Province, 2011-2015 (Thousand Rupiahs)",15,5,37c13d7f442c
JAWA TIMUR,75,Kota Pasuruan,,2014,*),2 7.651,,"PDRB Per Kapita Atas Dasar Harga Berlaku di Provinsi Jawa Timur Menurut Kabupaten/Kota, 2011-2015 (Ribu Rupiah)/","Per Capita GRDP at Current Market Prices by Regency/Municipality, in Jawa Timur Province, 2011-2015 (Thousand Rupiahs)",15,5,5c3746c615d3
JAWA TIMUR,76,Kota Mojokerto,,2014,*),3 5.494,,"PDRB Per Kapita Atas Dasar Harga Berlaku di Provinsi Jawa Timur Menurut Kabupaten/Kota, 2011-2015 (Ribu Rupiah)/","Per Capita GRDP at Current Market Prices by Regency/Municipality, in Jawa Timur Province, 2011-2015 (Thousand Rupiahs)",15,5,05d9250bffa5
JAWA TIMUR,77,Kota Madiun,,2014,*),5 2.842,,"PDRB Per Kapita Atas Dasar Harga Berlaku di Provinsi Jawa Timur Menurut Kabupaten/Kota, 2011-2015 (Ribu Rupiah)/","Per Capita GRDP at Current Market Prices by Regency/Municipality, in Jawa Timur Province, 2011-2015 (Thousand Rupiahs)",15,5,04b6b9fa001a
JAWA TIMUR,78,Kota Surabaya,,2014,*),1 28.922,,"PDRB Per Kapita Atas Dasar Harga Berlaku di Provinsi Jawa Timur Menurut Kabupaten/Kota, 2011-2015 (Ribu Rupiah)/","Per Capita GRDP at Current Market Prices by Regency/Municipality, in Jawa Timur Province, 2011-2015 (Thousand Rupiahs)",15,5,e50a2b67cc9c
JAWA TIMUR,79,Kota Batu,,2014,*),5 1.658,,"PDRB Per Kapita Atas Dasar Harga Berlaku di Provinsi Jawa Timur Menurut Kabupaten/Kota, 2011-2015 (Ribu Rupiah)/","Per Capita GRDP at Current Market Prices by Regency/Municipality, in Jawa Timur Province, 2011-2015 (Thousand Rupiahs)",15,5,9fec2a580feb
JAWA TIMUR,,Jml Kab./Kota Total of Reg./Mun.,,2014,*),40.072,,"PDRB Per Kapita Atas Dasar Harga Berlaku di Provinsi Jawa Timur Menurut Kabupaten/Kota, 2011-2015 (Ribu Rupiah)/","Per Capita GRDP at Current Market Prices by Regency/Municipality, in Jawa Timur Province, 2011-2015 (Thousand Rupiahs)",15,5,a5a1612ee315
JAWA TIMUR,,Provinsi/Province,,2014,*),39.881,,"PDRB Per Kapita Atas Dasar Harga Berlaku di Provinsi Jawa Timur Menurut Kabupaten/Kota, 2011-2015 (Ribu Rupiah)/","Per Capita GRDP at Current Market Prices by Regency/Municipality, in Jawa Timur Province, 2011-2015 (Thousand Rupiahs)",15,5,04c3a7554310
BANTEN,01,Kab. Pandeglang,,2014,*),1 5.311,,"PDRB Per Kapita Atas Dasar Harga Berlaku di Provinsi Banten Menurut Kabupaten/Kota, 2011-2015 (Ribu Rupiah)/","Per Capita GRDP at Current Market Prices by Regency/Municipality, in Banten Province, 2011-2015 (Thousand Rupiahs)",16,6,f14dd82448ec
BANTEN,02,Kab. Lebak,,2014,*),1 4.776,,"PDRB Per Kapita Atas Dasar Harga Berlaku di Provinsi Banten Menurut Kabupaten/Kota, 2011-2015 (Ribu Rupiah)/","Per Capita GRDP at Current Market Prices by Regency/Municipality, in Banten Province, 2011-2015 (Thousand Rupiahs)",16,6,993d7d8c74fc
BANTEN,03,Kab. Tangerang,,2014,*),2 8.085,,"PDRB Per Kapita Atas Dasar Harga Berlaku di Provinsi Banten Menurut Kabupaten/Kota, 2011-2015 (Ribu Rupiah)/","Per Capita GRDP at Current Market Prices by Regency/Municipality, in Banten Province, 2011-2015 (Thousand Rupiahs)",16,6,5ef8b3579e54
BANTEN,04,Kab. Serang,,2014,*),3 5.152,,"PDRB Per Kapita Atas Dasar Harga Berlaku di Provinsi Banten Menurut Kabupaten/Kota, 2011-2015 (Ribu Rupiah)/","Per Capita GRDP at Current Market Prices by Regency/Municipality, in Banten Province, 2011-2015 (Thousand Rupiahs)",16,6,85d129b7c4da
BANTEN,71,Kota Tangerang,,2014,*),5 5.389,,"PDRB Per Kapita Atas Dasar Harga Berlaku di Provinsi Banten Menurut Kabupaten/Kota, 2011-2015 (Ribu Rupiah)/","Per Capita GRDP at Current Market Prices by Regency/Municipality, in Banten Province, 2011-2015 (Thousand Rupiahs)",16,6,7d64e9812714
BANTEN,72,Kota Cilegon,,2014,*),1 72.786,,"PDRB Per Kapita Atas Dasar Harga Berlaku di Provinsi Banten Menurut Kabupaten/Kota, 2011-2015 (Ribu Rupiah)/","Per Capita GRDP at Current Market Prices by Regency/Municipality, in Banten Province, 2011-2015 (Thousand Rupiahs)",16,6,2a5b75988964
BANTEN,73,Kota Serang,,2014,*),3 1.202,,"PDRB Per Kapita Atas Dasar Harga Berlaku di Provinsi Banten Menurut Kabupaten/Kota, 2011-2015 (Ribu Rupiah)/","Per Capita GRDP at Current Market Prices by Regency/Municipality, in Banten Province, 2011-2015 (Thousand Rupiahs)",16,6,a26c528fce17
BANTEN,74,Kota Tangerang Selatan,,2014,*),3 3.633,,"PDRB Per Kapita Atas Dasar Harga Berlaku di Provinsi Banten Menurut Kabupaten/Kota, 2011-2015 (Ribu Rupiah)/","Per Capita GRDP at Current Market Prices by Regency/Municipality, in Banten Province, 2011-2015 (Thousand Rupiahs)",16,6,8d78e492c29f
BANTEN,,Jml Kab./Kota Total of Reg./Mun.,,2014,*),3 6.791,,"PDRB Per Kapita Atas Dasar Harga Berlaku di Provinsi Banten Menurut Kabupaten/Kota, 2011-2015 (Ribu Rupiah)/","Per Capita GRDP at Current Market Prices by Regency/Municipality, in Banten Province, 2011-2015 (Thousand Rupiahs)",16,6,9767d1f07667
BANTEN,,Provinsi/Province,,2014,*),3 6.606,,"PDRB Per Kapita Atas Dasar Harga Berlaku di Provinsi Banten Menurut Kabupaten/Kota, 2011-2015 (Ribu Rupiah)/","Per Capita GRDP at Current Market Prices by Regency/Municipality, in Banten Province, 2011-2015 (Thousand Rupiahs)",16,6,1ccd7cfa67ee
BALI,01,Kab. Jembrana,,2014,*),3 3.432,,"PDRB Per Kapita Atas Dasar Harga Berlaku di Provinsi Bali Menurut Kabupaten/Kota, 2011-2015 (Ribu Rupiah)/","Per Capita GRDP at Current Market Prices by Regency/Municipality, in Bali Province, 2011-2015 (Thousand Rupiahs)",17,7,5e7498416e33
BALI,02,Kab. Tabanan,,2014,*),3 4.773,,"PDRB Per Kapita Atas Dasar Harga Berlaku di Provinsi Bali Menurut Kabupaten/Kota, 2011-2015 (Ribu Rupiah)/","Per Capita GRDP at Current Market Prices by Regency/Municipality, in Bali Province, 2011-2015 (Thousand Rupiahs)",17,7,641caf0c60d3
BALI,03,Kab. Badung,,2014,*),6 1.496,,"PDRB Per Kapita Atas Dasar Harga Berlaku di Provinsi Bali Menurut Kabupaten/Kota, 2011-2015 (Ribu Rupiah)/","Per Capita GRDP at Current Market Prices by Regency/Municipality, in Bali Province, 2011-2015 (Thousand Rupiahs)",17,7,4539ca0eeac2
BALI,04,Kab. Gianyar,,2014,*),3 6.509,,"PDRB Per Kapita Atas Dasar Harga Berlaku di Provinsi Bali Menurut Kabupaten/Kota, 2011-2015 (Ribu Rupiah)/","Per Capita GRDP at Current Market Prices by Regency/Municipality, in Bali Province, 2011-2015 (Thousand Rupiahs)",17,7,ba13a5dd0e2a
BALI,05,Kab. Klungkung,,2014,*),3 2.465,,"PDRB Per Kapita Atas Dasar Harga Berlaku di Provinsi Bali Menurut Kabupaten/Kota, 2011-2015 (Ribu Rupiah)/","Per Capita GRDP at Current Market Prices by Regency/Municipality, in Bali Province, 2011-2015 (Thousand Rupiahs)",17,7,9c7304ea6910
BALI,06,Kab. Bangli,,2014,*),1 9.799,,"PDRB Per Kapita Atas Dasar Harga Berlaku di Provinsi Bali Menurut Kabupaten/Kota, 2011-2015 (Ribu Rupiah)/","Per Capita GRDP at Current Market Prices by Regency/Municipality, in Bali Province, 2011-2015 (Thousand Rupiahs)",17,7,2754a1fb2a63
BALI,07,Kab. Karangasem,,2014,*),2 6.528,,"PDRB Per Kapita Atas Dasar Harga Berlaku di Provinsi Bali Menurut Kabupaten/Kota, 2011-2015 (Ribu Rupiah)/","Per Capita GRDP at Current Market Prices by Regency/Municipality, in Bali Province, 2011-2015 (Thousand Rupiahs)",17,7,f13441e6d952
BALI,08,Kab. Buleleng,,2014,*),3 4.780,,"PDRB Per Kapita Atas Dasar Harga Berlaku di Provinsi Bali Menurut Kabupaten/Kota, 2011-2015 (Ribu Rupiah)/","Per Capita GRDP at Current Market Prices by Regency/Municipality, in Bali Province, 2011-2015 (Thousand Rupiahs)",17,7,654c1ed1d90c
BALI,71,Kota Denpasar,,2014,*),3 9.613,,"PDRB Per Kapita Atas Dasar Harga Berlaku di Provinsi Bali Menurut Kabupaten/Kota, 2011-2015 (Ribu Rupiah)/","Per Capita GRDP at Current Market Prices by Regency/Municipality, in Bali Province, 2011-2015 (Thousand Rupiahs)",17,7,2d43a4eca170
BALI,,Jml Kab./Kota Total of Reg./Mun.,,2014,*),3 8.113,,"PDRB Per Kapita Atas Dasar Harga Berlaku di Provinsi Bali Menurut Kabupaten/Kota, 2011-2015 (Ribu Rupiah)/","Per Capita GRDP at Current Market Prices by Regency/Municipality, in Bali Province, 2011-2015 (Thousand Rupiahs)",17,7,628ae776b021
BALI,,Provinsi/Province,,2014,*),3 8.097,,"PDRB Per Kapita Atas Dasar Harga Berlaku di Provinsi Bali Menurut Kabupaten/Kota, 2011-2015 (Ribu Rupiah)/","Per Capita GRDP at Current Market Prices by Regency/Municipality, in Bali Province, 2011-2015 (Thousand Rupiahs)",17,7,ff6246e30bdc
NUSA TENGGARA BARAT,01,Kab. Lombok Barat,,2014,*),1 5.601,,"PDRB Per Kapita Atas Dasar Harga Berlaku di Provinsi Nusa Tenggara Barat Menurut Kabupaten/Kota, 2011-2015 (Ribu Rupiah)/","Per Capita GRDP at Current Market Prices by Regency/Municipality, in Nusa Tenggara Barat Province, 2011-2015 (Thousand Rupiahs)",18,8,a36c9e3ca3fb
NUSA TENGGARA BARAT,02,Kab. Lombok Tengah,,2014,*),1 2.955,,"PDRB Per Kapita Atas Dasar Harga Berlaku di Provinsi Nusa Tenggara Barat Menurut Kabupaten/Kota, 2011-2015 (Ribu Rupiah)/","Per Capita GRDP at Current Market Prices by Regency/Municipality, in Nusa Tenggara Barat Province, 2011-2015 (Thousand Rupiahs)",18,8,b9dc5dc27d7c
NUSA TENGGARA BARAT,03,Kab. Lombok Timur,,2014,*),1 1.072,,"PDRB Per Kapita Atas Dasar Harga Berlaku di Provinsi Nusa Tenggara Barat Menurut Kabupaten/Kota, 2011-2015 (Ribu Rupiah)/","Per Capita GRDP at Current Market Prices by Regency/Municipality, in Nusa Tenggara Barat Province, 2011-2015 (Thousand Rupiahs)",18,8,0cb151491ac4
NUSA TENGGARA BARAT,04,Kab. Sumbawa,,2014,*),2 0.831,,"PDRB Per Kapita Atas Dasar Harga Berlaku di Provinsi Nusa Tenggara Barat Menurut Kabupaten/Kota, 2011-2015 (Ribu Rupiah)/","Per Capita GRDP at Current Market Prices by Regency/Municipality, in Nusa Tenggara Barat Province, 2011-2015 (Thousand Rupiahs)",18,8,08fec59f0d84
NUSA TENGGARA BARAT,05,Kab. Dompu,,2014,*),1 9.029,,"PDRB Per Kapita Atas Dasar Harga Berlaku di Provinsi Nusa Tenggara Barat Menurut Kabupaten/Kota, 2011-2015 (Ribu Rupiah)/","Per Capita GRDP at Current Market Prices by Regency/Municipality, in Nusa Tenggara Barat Province, 2011-2015 (Thousand Rupiahs)",18,8,f5404ff709c4
NUSA TENGGARA BARAT,06,Kab. Bima,,2014,*),1 5.808,,"PDRB Per Kapita Atas Dasar Harga Berlaku di Provinsi Nusa Tenggara Barat Menurut Kabupaten/Kota, 2011-2015 (Ribu Rupiah)/","Per Capita GRDP at Current Market Prices by Regency/Municipality, in Nusa Tenggara Barat Province, 2011-2015 (Thousand Rupiahs)",18,8,a071d3fdbeb7
NUSA TENGGARA BARAT,07,Kab. Sumbawa Barat,,2014,*),7 3.925,,"PDRB Per Kapita Atas Dasar Harga Berlaku di Provinsi Nusa Tenggara Barat Menurut Kabupaten/Kota, 2011-2015 (Ribu Rupiah)/","Per Capita GRDP at Current Market Prices by Regency/Municipality, in Nusa Tenggara Barat Province, 2011-2015 (Thousand Rupiahs)",18,8,1f7dfcbef6a2
NUSA TENGGARA BARAT,08,Kab. Lombok Utara,,2014,*),1 5.450,,"PDRB Per Kapita Atas Dasar Harga Berlaku di Provinsi Nusa Tenggara Barat Menurut Kabupaten/Kota, 2011-2015 (Ribu Rupiah)/","Per Capita GRDP at Current Market Prices by Regency/Municipality, in Nusa Tenggara Barat Province, 2011-2015 (Thousand Rupiahs)",18,8,4e55bf61b9c2
NUSA TENGGARA BARAT,71,Kota Mataram,,2014,*),2 6.388,,"PDRB Per Kapita Atas Dasar Harga Berlaku di Provinsi Nusa Tenggara Barat Menurut Kabupaten/Kota, 2011-2015 (Ribu Rupiah)/","Per Capita GRDP at Current Market Prices by Regency/Municipality, in Nusa Tenggara Barat Province, 2011-2015 (Thousand Rupiahs)",18,8,c851d9fc57d5
NUSA TENGGARA BARAT,72,Kota Bima,,2014,*),1 7.090,,"PDRB Per Kapita Atas Dasar Harga Berlaku di Provinsi Nusa Tenggara Barat Menurut Kabupaten/Kota, 2011-2015 (Ribu Rupiah)/","Per Capita GRDP at Current Market Prices by Regency/Municipality, in Nusa Tenggara Barat Province, 2011-2015 (Thousand Rupiahs)",18,8,b14ac828a0d6
NUSA TENGGARA BARAT,,Jml Kab./Kota Total of Reg./Mun.,,2014,*),1 7.296,,"PDRB Per Kapita Atas Dasar Harga Berlaku di Provinsi Nusa Tenggara Barat Menurut Kabupaten/Kota, 2011-2015 (Ribu Rupiah)/","Per Capita GRDP at Current Market Prices by Regency/Municipality, in Nusa Tenggara Barat Province, 2011-2015 (Thousand Rupiahs)",18,8,da15522ae572
NUSA TENGGARA BARAT,,Provinsi/Province,,2014,*),1 7.108,,"PDRB Per Kapita Atas Dasar Harga Berlaku di Provinsi Nusa Tenggara Barat Menurut Kabupaten/Kota, 2011-2015 (Ribu Rupiah)/","Per Capita GRDP at Current Market Prices by Regency/Municipality, in Nusa Tenggara Barat Province, 2011-2015 (Thousand Rupiahs)",18,8,4649d9b12386
NUSA TENGGARA TIMUR,01,Kab. Sumba Barat,,2014,*),1 2.242,,"PDRB Per Kapita Atas Dasar Harga Berlaku di Provinsi Nusa Tenggara Timur Menurut Kabupaten/Kota, 2011-2015 (Ribu Rupiah)/","Per Capita GRDP at Current Market Prices by Regency/Municipality, in Nusa Tenggara Timur Province, 2011-2015 (Thousand Rupiahs)",19,9,00919ffa5310
NUSA TENGGARA TIMUR,02,Kab. Sumba Timur,,2014,*),1 6.862,,"PDRB Per Kapita Atas Dasar Harga Berlaku di Provinsi Nusa Tenggara Timur Menurut Kabupaten/Kota, 2011-2015 (Ribu Rupiah)/","Per Capita GRDP at Current Market Prices by Regency/Municipality, in Nusa Tenggara Timur Province, 2011-2015 (Thousand Rupiahs)",19,9,6f2522c414cf
NUSA TENGGARA TIMUR,03,Kab. Kupang,,2014,*),1 4.514,,"PDRB Per Kapita Atas Dasar Harga Berlaku di Provinsi Nusa Tenggara Timur Menurut Kabupaten/Kota, 2011-2015 (Ribu Rupiah)/","Per Capita GRDP at Current Market Prices by Regency/Municipality, in Nusa Tenggara Timur Province, 2011-2015 (Thousand Rupiahs)",19,9,e8ea168aceed
NUSA TENGGARA TIMUR,04,Kab. Timor Tengah Selatan,,2014,*),1 0.861,,"PDRB Per Kapita Atas Dasar Harga Berlaku di Provinsi Nusa Tenggara Timur Menurut Kabupaten/Kota, 2011-2015 (Ribu Rupiah)/","Per Capita GRDP at Current Market Prices by Regency/Municipality, in Nusa Tenggara Timur Province, 2011-2015 (Thousand Rupiahs)",19,9,6b7527f38fb6
NUSA TENGGARA TIMUR,05,Kab. Timor Tengah Utara,,2014,*),1 1.065,,"PDRB Per Kapita Atas Dasar Harga Berlaku di Provinsi Nusa Tenggara Timur Menurut Kabupaten/Kota, 2011-2015 (Ribu Rupiah)/","Per Capita GRDP at Current Market Prices by Regency/Municipality, in Nusa Tenggara Timur Province, 2011-2015 (Thousand Rupiahs)",19,9,16eac9ecebbc
NUSA TENGGARA TIMUR,06,Kab. Belu,,2014,*),1 3.626,,"PDRB Per Kapita Atas Dasar Harga Berlaku di Provinsi Nusa Tenggara Timur Menurut Kabupaten/Kota, 2011-2015 (Ribu Rupiah)/","Per Capita GRDP at Current Market Prices by Regency/Municipality, in Nusa Tenggara Timur Province, 2011-2015 (Thousand Rupiahs)",19,9,1ba4f2a8bbe3
NUSA TENGGARA TIMUR,21,Kab. Malaka,#),2014,*),1 0.075,,"PDRB Per Kapita Atas Dasar Harga Berlaku di Provinsi Nusa Tenggara Timur Menurut Kabupaten/Kota, 2011-2015 (Ribu Rupiah)/","Per Capita GRDP at Current Market Prices by Regency/Municipality, in Nusa Tenggara Timur Province, 2011-2015 (Thousand Rupiahs)",19,9,6a4ddc3b1b49
NUSA TENGGARA TIMUR,07,Kab. Alor,,2014,*),9 .947,,"PDRB Per Kapita Atas Dasar Harga Berlaku di Provinsi Nusa Tenggara Timur Menurut Kabupaten/Kota, 2011-2015 (Ribu Rupiah)/","Per Capita GRDP at Current Market Prices by Regency/Municipality, in Nusa Tenggara Timur Province, 2011-2015 (Thousand Rupiahs)",19,9,e32bdfc37505
NUSA TENGGARA TIMUR,08,Kab. Lembata,,2014,*),9 .290,,"PDRB Per Kapita Atas Dasar Harga Berlaku di Provinsi Nusa Tenggara Timur Menurut Kabupaten/Kota, 2011-2015 (Ribu Rupiah)/","Per Capita GRDP at Current Market Prices by Regency/Municipality, in Nusa Tenggara Timur Province, 2011-2015 (Thousand Rupiahs)",19,9,84099d92318a
NUSA TENGGARA TIMUR,09,Kab. Flores Timur,,2014,*),1 4.384,,"PDRB Per Kapita Atas Dasar Harga Berlaku di Provinsi Nusa Tenggara Timur Menurut Kabupaten/Kota, 2011-2015 (Ribu Rupiah)/","Per Capita GRDP at Current Market Prices by Regency/Municipality, in Nusa Tenggara Timur Province, 2011-2015 (Thousand Rupiahs)",19,9,2fa59aa0bb4d
NUSA TENGGARA TIMUR,10,Kab. Sikka,,2014,*),1 0.466,,"PDRB Per Kapita Atas Dasar Harga Berlaku di Provinsi Nusa Tenggara Timur Menurut Kabupaten/Kota, 2011-2015 (Ribu Rupiah)/","Per Capita GRDP at Current Market Prices by Regency/Municipality, in Nusa Tenggara Timur Province, 2011-2015 (Thousand Rupiahs)",19,9,5926559eb822
NUSA TENGGARA TIMUR,11,Kab. Ende,,2014,*),1 5.400,,"PDRB Per Kapita Atas Dasar Harga Berlaku di Provinsi Nusa Tenggara Timur Menurut Kabupaten/Kota, 2011-2015 (Ribu Rupiah)/","Per Capita GRDP at Current Market Prices by Regency/Municipality, in Nusa Tenggara Timur Province, 2011-2015 (Thousand Rupiahs)",19,9,d363e7f25f24
NUSA TENGGARA TIMUR,12,Kab. Ngada,,2014,*),1 4.971,,"PDRB Per Kapita Atas Dasar Harga Berlaku di Provinsi Nusa Tenggara Timur Menurut Kabupaten/Kota, 2011-2015 (Ribu Rupiah)/","Per Capita GRDP at Current Market Prices by Regency/Municipality, in Nusa Tenggara Timur Province, 2011-2015 (Thousand Rupiahs)",19,9,5d68c8b68311
NUSA TENGGARA TIMUR,13,Kab. Manggarai,,2014,*),9 .542,,"PDRB Per Kapita Atas Dasar Harga Berlaku di Provinsi Nusa Tenggara Timur Menurut Kabupaten/Kota, 2011-2015 (Ribu Rupiah)/","Per Capita GRDP at Current Market Prices by Regency/Municipality, in Nusa Tenggara Timur Province, 2011-2015 (Thousand Rupiahs)",19,9,a9e6413c55de
NUSA TENGGARA TIMUR,14,Kab. Rote Ndao,,2014,*),1 3.358,,"PDRB Per Kapita Atas Dasar Harga Berlaku di Provinsi Nusa Tenggara Timur Menurut Kabupaten/Kota, 2011-2015 (Ribu Rupiah)/","Per Capita GRDP at Current Market Prices by Regency/Municipality, in Nusa Tenggara Timur Province, 2011-2015 (Thousand Rupiahs)",19,9,e7a889159364
NUSA TENGGARA TIMUR,15,Kab. Manggarai Barat,,2014,*),8 .859,,"PDRB Per Kapita Atas Dasar Harga Berlaku di Provinsi Nusa Tenggara Timur Menurut Kabupaten/Kota, 2011-2015 (Ribu Rupiah)/","Per Capita GRDP at Current Market Prices by Regency/Municipality, in Nusa Tenggara Timur Province, 2011-2015 (Thousand Rupiahs)",19,9,993b3a16127b
NUSA TENGGARA TIMUR,16,Kab. Sumba Tengah,,2014,*),1 1.133,,"PDRB Per Kapita Atas Dasar Harga Berlaku di Provinsi Nusa Tenggara Timur Menurut Kabupaten/Kota, 2011-2015 (Ribu Rupiah)/","Per Capita GRDP at Current Market Prices by Regency/Municipality, in Nusa Tenggara Timur Province, 2011-2015 (Thousand Rupiahs)",19,9,327fd0941c07
NUSA TENGGARA TIMUR,17,Kab. Sumba Barat Daya,,2014,*),7 .745,,"PDRB Per Kapita Atas Dasar Harga Berlaku di Provinsi Nusa Tenggara Timur Menurut Kabupaten/Kota, 2011-2015 (Ribu Rupiah)/","Per Capita GRDP at Current Market Prices by Regency/Municipality, in Nusa Tenggara Timur Province, 2011-2015 (Thousand Rupiahs)",19,9,c23c81b46ac2
NUSA TENGGARA TIMUR,18,Kab. Nagekeo,,2014,*),1 0.932,,"PDRB Per Kapita Atas Dasar Harga Berlaku di Provinsi Nusa Tenggara Timur Menurut Kabupaten/Kota, 2011-2015 (Ribu Rupiah)/","Per Capita GRDP at Current Market Prices by Regency/Municipality, in Nusa Tenggara Timur Province, 2011-2015 (Thousand Rupiahs)",19,9,1e041b0b6862
NUSA TENGGARA TIMUR,19,Kab. Manggarai Timur,,2014,*),7 .620,,"PDRB Per Kapita Atas Dasar Harga Berlaku di Provinsi Nusa Tenggara Timur Menurut Kabupaten/Kota, 2011-2015 (Ribu Rupiah)/","Per Capita GRDP at Current Market Prices by Regency/Municipality, in Nusa Tenggara Timur Province, 2011-2015 (Thousand Rupiahs)",19,9,cb9c0999e0fc
NUSA TENGGARA TIMUR,20,Kab. Sabu Raijua,,2014,*),1 0.489,,"PDRB Per Kapita Atas Dasar Harga Berlaku di Provinsi Nusa Tenggara Timur Menurut Kabupaten/Kota, 2011-2015 (Ribu Rupiah)/","Per Capita GRDP at Current Market Prices by Regency/Municipality, in Nusa Tenggara Timur Province, 2011-2015 (Thousand Rupiahs)",19,9,31940f74bdbd
NUSA TENGGARA TIMUR,71,Kota Kupang,,2014,*),3 8.828,,"PDRB Per Kapita Atas Dasar Harga Berlaku di Provinsi Nusa Tenggara Timur Menurut Kabupaten/Kota, 2011-2015 (Ribu Rupiah)/","Per Capita GRDP at Current Market Prices by Regency/Municipality, in Nusa Tenggara Timur Province, 2011-2015 (Thousand Rupiahs)",19,9,b0792a010b94
NUSA TENGGARA TIMUR,,Jml Kab./Kota Total of Reg./Mun.,,2014,*),1 3.593,,"PDRB Per Kapita Atas Dasar Harga Berlaku di Provinsi Nusa Tenggara Timur Menurut Kabupaten/Kota, 2011-2015 (Ribu Rupiah)/","Per Capita GRDP at Current Market Prices by Regency/Municipality, in Nusa Tenggara Timur Province, 2011-2015 (Thousand Rupiahs)",19,9,b43cd0770808
NUSA TENGGARA TIMUR,,Provinsi/Province,,2014,*),1 3.619,,"PDRB Per Kapita Atas Dasar Harga Berlaku di Provinsi Nusa Tenggara Timur Menurut Kabupaten/Kota, 2011-2015 (Ribu Rupiah)/","Per Capita GRDP at Current Market Prices by Regency/Municipality, in Nusa Tenggara Timur Province, 2011-2015 (Thousand Rupiahs)",19,9,586a9d8ddb0d
KALIMANTAN BARAT,01,Kab. Sambas,,2014,*),2 5.424,,"PDRB Per Kapita Atas Dasar Harga Berlaku di Provinsi Kalimantan Barat Menurut Kabupaten/Kota, 2011-2015 (Ribu Rupiah)/","Per Capita GRDP at Current Market Prices by Regency/Municipality, in Kalimantan Barat Province, 2011-2015 (Thousand Rupiahs)",20,10,d853588bbc61
KALIMANTAN BARAT,02,Kab. Bengkayang,,2014,*),2 3.896,,"PDRB Per Kapita Atas Dasar Harga Berlaku di Provinsi Kalimantan Barat Menurut Kabupaten/Kota, 2011-2015 (Ribu Rupiah)/","Per Capita GRDP at Current Market Prices by Regency/Municipality, in Kalimantan Barat Province, 2011-2015 (Thousand Rupiahs)",20,10,b6cad95aa929
KALIMANTAN BARAT,03,Kab. Landak,,2014,*),1 9.029,,"PDRB Per Kapita Atas Dasar Harga Berlaku di Provinsi Kalimantan Barat Menurut Kabupaten/Kota, 2011-2015 (Ribu Rupiah)/","Per Capita GRDP at Current Market Prices by Regency/Municipality, in Kalimantan Barat Province, 2011-2015 (Thousand Rupiahs)",20,10,5eb30cdc6f6a
KALIMANTAN BARAT,04,Kab. Mempawah,x),2014,*),2 0.311,,"PDRB Per Kapita Atas Dasar Harga Berlaku di Provinsi Kalimantan Barat Menurut Kabupaten/Kota, 2011-2015 (Ribu Rupiah)/","Per Capita GRDP at Current Market Prices by Regency/Municipality, in Kalimantan Barat Province, 2011-2015 (Thousand Rupiahs)",20,10,acbf0990820c
KALIMANTAN BARAT,05,Kab. Sanggau,,2014,*),2 9.411,,"PDRB Per Kapita Atas Dasar Harga Berlaku di Provinsi Kalimantan Barat Menurut Kabupaten/Kota, 2011-2015 (Ribu Rupiah)/","Per Capita GRDP at Current Market Prices by Regency/Municipality, in Kalimantan Barat Province, 2011-2015 (Thousand Rupiahs)",20,10,87f7e10b4a59
KALIMANTAN BARAT,06,Kab. Ketapang,,2014,*),3 4.395,,"PDRB Per Kapita Atas Dasar Harga Berlaku di Provinsi Kalimantan Barat Menurut Kabupaten/Kota, 2011-2015 (Ribu Rupiah)/","Per Capita GRDP at Current Market Prices by Regency/Municipality, in Kalimantan Barat Province, 2011-2015 (Thousand Rupiahs)",20,10,4bcbab00e945
KALIMANTAN BARAT,07,Kab. Sintang,,2014,*),2 3.786,,"PDRB Per Kapita Atas Dasar Harga Berlaku di Provinsi Kalimantan Barat Menurut Kabupaten/Kota, 2011-2015 (Ribu Rupiah)/","Per Capita GRDP at Current Market Prices by Regency/Municipality, in Kalimantan Barat Province, 2011-2015 (Thousand Rupiahs)",20,10,b8d74e206803
KALIMANTAN BARAT,08,Kab. Kapuas Hulu,,2014,*),2 6.536,,"PDRB Per Kapita Atas Dasar Harga Berlaku di Provinsi Kalimantan Barat Menurut Kabupaten/Kota, 2011-2015 (Ribu Rupiah)/","Per Capita GRDP at Current Market Prices by Regency/Municipality, in Kalimantan Barat Province, 2011-2015 (Thousand Rupiahs)",20,10,d1dea1bdf053
KALIMANTAN BARAT,09,Kab. Sekadau,,2014,*),2 0.398,,"PDRB Per Kapita Atas Dasar Harga Berlaku di Provinsi Kalimantan Barat Menurut Kabupaten/Kota, 2011-2015 (Ribu Rupiah)/","Per Capita GRDP at Current Market Prices by Regency/Municipality, in Kalimantan Barat Province, 2011-2015 (Thousand Rupiahs)",20,10,d37f8ae25fee
KALIMANTAN BARAT,10,Kab. Melawi,,2014,*),1 7.259,,"PDRB Per Kapita Atas Dasar Harga Berlaku di Provinsi Kalimantan Barat Menurut Kabupaten/Kota, 2011-2015 (Ribu Rupiah)/","Per Capita GRDP at Current Market Prices by Regency/Municipality, in Kalimantan Barat Province, 2011-2015 (Thousand Rupiahs)",20,10,3d6e4b22c1ea
KALIMANTAN BARAT,11,Kab. Kayong Utara,,2014,*),2 4.352,,"PDRB Per Kapita Atas Dasar Harga Berlaku di Provinsi Kalimantan Barat Menurut Kabupaten/Kota, 2011-2015 (Ribu Rupiah)/","Per Capita GRDP at Current Market Prices by Regency/Municipality, in Kalimantan Barat Province, 2011-2015 (Thousand Rupiahs)",20,10,259632cdd657
KALIMANTAN BARAT,12,Kab. Kubu Raya,,2014,*),3 1.099,,"PDRB Per Kapita Atas Dasar Harga Berlaku di Provinsi Kalimantan Barat Menurut Kabupaten/Kota, 2011-2015 (Ribu Rupiah)/","Per Capita GRDP at Current Market Prices by Regency/Municipality, in Kalimantan Barat Province, 2011-2015 (Thousand Rupiahs)",20,10,94fedf31bf11
KALIMANTAN BARAT,71,Kota Pontianak,,2014,*),4 1.927,,"PDRB Per Kapita Atas Dasar Harga Berlaku di Provinsi Kalimantan Barat Menurut Kabupaten/Kota, 2011-2015 (Ribu Rupiah)/","Per Capita GRDP at Current Market Prices by Regency/Municipality, in Kalimantan Barat Province, 2011-2015 (Thousand Rupiahs)",20,10,aaaa6d5a04e7
KALIMANTAN BARAT,72,Kota Singkawang,,2014,*),3 2.974,,"PDRB Per Kapita Atas Dasar Harga Berlaku di Provinsi Kalimantan Barat Menurut Kabupaten/Kota, 2011-2015 (Ribu Rupiah)/","Per Capita GRDP at Current Market Prices by Regency/Municipality, in Kalimantan Barat Province, 2011-2015 (Thousand Rupiahs)",20,10,943650c76e65
KALIMANTAN BARAT,,Jml Kab./Kota Total of Reg./Mun.,,2014,*),2 8.279,,"PDRB Per Kapita Atas Dasar Harga Berlaku di Provinsi Kalimantan Barat Menurut Kabupaten/Kota, 2011-2015 (Ribu Rupiah)/","Per Capita GRDP at Current Market Prices by Regency/Municipality, in Kalimantan Barat Province, 2011-2015 (Thousand Rupiahs)",20,10,0bfc7d11413a
KALIMANTAN BARAT,,Provinsi/Province,,2014,*),2 8.067,,"PDRB Per Kapita Atas Dasar Harga Berlaku di Provinsi Kalimantan Barat Menurut Kabupaten/Kota, 2011-2015 (Ribu Rupiah)/","Per Capita GRDP at Current Market Prices by Regency/Municipality, in Kalimantan Barat Province, 2011-2015 (Thousand Rupiahs)",20,10,ead0ba3cb6d5
DKI JAKARTA,01,Kab. Kepulauan Seribu,,2015,**),2 67.602,,"PDRB Per Kapita Atas Dasar Harga Berlaku di Provinsi DKI Jakarta Menurut Kabupaten/Kota, 2011-2015 (Ribu Rupiah)/","Per Capita GRDP at Current Market Prices by Regency/Municipality, in DKI Jakarta Province, 2011-2015 (Thousand Rupiahs)",11,1,1eb1e7cf996f
DKI JAKARTA,71,Kota Jakarta Selatan,,2015,**),2 01.970,,"PDRB Per Kapita Atas Dasar Harga Berlaku di Provinsi DKI Jakarta Menurut Kabupaten/Kota, 2011-2015 (Ribu Rupiah)/","Per Capita GRDP at Current Market Prices by Regency/Municipality, in DKI Jakarta Province, 2011-2015 (Thousand Rupiahs)",11,1,60f65299ff86
DKI JAKARTA,72,Kota Jakarta Timur,,2015,**),1 21.542,,"PDRB Per Kapita Atas Dasar Harga Berlaku di Provinsi DKI Jakarta Menurut Kabupaten/Kota, 2011-2015 (Ribu Rupiah)/","Per Capita GRDP at Current Market Prices by Regency/Municipality, in DKI Jakarta Province, 2011-2015 (Thousand Rupiahs)",11,1,de25486b6995
DKI JAKARTA,73,Kota Jakarta Pusat,,2015,**),5 28.649,,"PDRB Per Kapita Atas Dasar Harga Berlaku di Provinsi DKI Jakarta Menurut Kabupaten/Kota, 2011-2015 (Ribu Rupiah)/","Per Capita GRDP at Current Market Prices by Regency/Municipality, in DKI Jakarta Province, 2011-2015 (Thousand Rupiahs)",11,1,071ac5fa7dbe
DKI JAKARTA,74,Kota Jakarta Barat,,2015,**),1 33.319,,"PDRB Per Kapita Atas Dasar Harga Berlaku di Provinsi DKI Jakarta Menurut Kabupaten/Kota, 2011-2015 (Ribu Rupiah)/","Per Capita GRDP at Current Market Prices by Regency/Municipality, in DKI Jakarta Province, 2011-2015 (Thousand Rupiahs)",11,1,377659cbf5cf
DKI JAKARTA,75,Kota Jakarta Utara,,2015,**),2 16.977,,"PDRB Per Kapita Atas Dasar Harga Berlaku di Provinsi DKI Jakarta Menurut Kabupaten/Kota, 2011-2015 (Ribu Rupiah)/","Per Capita GRDP at Current Market Prices by Regency/Municipality, in DKI Jakarta Province, 2011-2015 (Thousand Rupiahs)",11,1,4cfbb9bbf531
DKI JAKARTA,,Jml Kab./Kota Total of Reg./Mun.,,2015,**),1 94.950,,"PDRB Per Kapita Atas Dasar Harga Berlaku di Provinsi DKI Jakarta Menurut Kabupaten/Kota, 2011-2015 (Ribu Rupiah)/","Per Capita GRDP at Current Market Prices by Regency/Municipality, in DKI Jakarta Province, 2011-2015 (Thousand Rupiahs)",11,1,f15c9e294343
DKI JAKARTA,,Provinsi/Province,,2015,**),1 94.875,,"PDRB Per Kapita Atas Dasar Harga Berlaku di Provinsi DKI Jakarta Menurut Kabupaten/Kota, 2011-2015 (Ribu Rupiah)/","Per Capita GRDP at Current Market Prices by Regency/Municipality, in DKI Jakarta Province, 2011-2015 (Thousand Rupiahs)",11,1,9c5e2efd8bd3
JAWA BARAT,01,Kab. Bogor,,2015,**),3 0.789,,"PDRB Per Kapita Atas Dasar Harga Berlaku di Provinsi Jawa Barat Menurut Kabupaten/Kota, 2011-2015 (Ribu Rupiah)/","Per Capita GRDP at Current Market Prices by Regency/Municipality, in Jawa Barat Province, 2011-2015 (Thousand Rupiahs)",12,2,fd8c50009f99
JAWA BARAT,02,Kab. Sukabumi,,2015,**),1 9.281,,"PDRB Per Kapita Atas Dasar Harga Berlaku di Provinsi Jawa Barat Menurut Kabupaten/Kota, 2011-2015 (Ribu Rupiah)/","Per Capita GRDP at Current Market Prices by Regency/Municipality, in Jawa Barat Province, 2011-2015 (Thousand Rupiahs)",12,2,ed16898f9f7c
JAWA BARAT,03,Kab. Cianjur,,2015,**),1 4.422,,"PDRB Per Kapita Atas Dasar Harga Berlaku di Provinsi Jawa Barat Menurut Kabupaten/Kota, 2011-2015 (Ribu Rupiah)/","Per Capita GRDP at Current Market Prices by Regency/Municipality, in Jawa Barat Province, 2011-2015 (Thousand Rupiahs)",12,2,e848410d6200
JAWA BARAT,04,Kab. Bandung,,2015,**),2 4.276,,"PDRB Per Kapita Atas Dasar Harga Berlaku di Provinsi Jawa Barat Menurut Kabupaten/Kota, 2011-2015 (Ribu Rupiah)/","Per Capita GRDP at Current Market Prices by Regency/Municipality, in Jawa Barat Province, 2011-2015 (Thousand Rupiahs)",12,2,e3233c9d5a57
JAWA BARAT,05,Kab. Garut,,2015,**),1 5.961,,"PDRB Per Kapita Atas Dasar Harga Berlaku di Provinsi Jawa Barat Menurut Kabupaten/Kota, 2011-2015 (Ribu Rupiah)/","Per Capita GRDP at Current Market Prices by Regency/Municipality, in Jawa Barat Province, 2011-2015 (Thousand Rupiahs)",12,2,3d3609562f89
JAWA BARAT,06,Kab. Tasikmalaya,,2015,**),1 4.790,,"PDRB Per Kapita Atas Dasar Harga Berlaku di Provinsi Jawa Barat Menurut Kabupaten/Kota, 2011-2015 (Ribu Rupiah)/","Per Capita GRDP at Current Market Prices by Regency/Municipality, in Jawa Barat Province, 2011-2015 (Thousand Rupiahs)",12,2,a460a028dd8c
JAWA BARAT,07,Kab. Ciamis,,2015,**),1 9.583,,"PDRB Per Kapita Atas Dasar Harga Berlaku di Provinsi Jawa Barat Menurut Kabupaten/Kota, 2011-2015 (Ribu Rupiah)/","Per Capita GRDP at Current Market Prices by Regency/Municipality, in Jawa Barat Province, 2011-2015 (Thousand Rupiahs)",12,2,f4a73d2c021c
JAWA BARAT,18,Kab. Pangandaran,#),2015,**),2 0.922,,"PDRB Per Kapita Atas Dasar Harga Berlaku di Provinsi Jawa Barat Menurut Kabupaten/Kota, 2011-2015 (Ribu Rupiah)/","Per Capita GRDP at Current Market Prices by Regency/Municipality, in Jawa Barat Province, 2011-2015 (Thousand Rupiahs)",12,2,938d7eb9c1fa
JAWA BARAT,08,Kab. Kuningan,,2015,**),1 6.100,,"PDRB Per Kapita Atas Dasar Harga Berlaku di Provinsi Jawa Barat Menurut Kabupaten/Kota, 2011-2015 (Ribu Rupiah)/","Per Capita GRDP at Current Market Prices by Regency/Municipality, in Jawa Barat Province, 2011-2015 (Thousand Rupiahs)",12,2,825943f201bc
JAWA BARAT,09,Kab. Cirebon,,2015,**),1 6.814,,"PDRB Per Kapita Atas Dasar Harga Berlaku di Provinsi Jawa Barat Menurut Kabupaten/Kota, 2011-2015 (Ribu Rupiah)/","Per Capita GRDP at Current Market Prices by Regency/Municipality, in Jawa Barat Province, 2011-2015 (Thousand Rupiahs)",12,2,e6d67f6b17e0
JAWA BARAT,10,Kab. Majalengka,,2015,**),1 7.976,,"PDRB Per Kapita Atas Dasar Harga Berlaku di Provinsi Jawa Barat Menurut Kabupaten/Kota, 2011-2015 (Ribu Rupiah)/","Per Capita GRDP at Current Market Prices by Regency/Municipality, in Jawa Barat Province, 2011-2015 (Thousand Rupiahs)",12,2,7882f835c591
JAWA BARAT,11,Kab. Sumedang,,2015,**),2 1.831,,"PDRB Per Kapita Atas Dasar Harga Berlaku di Provinsi Jawa Barat Menurut Kabupaten/Kota, 2011-2015 (Ribu Rupiah)/","Per Capita GRDP at Current Market Prices by Regency/Municipality, in Jawa Barat Province, 2011-2015 (Thousand Rupiahs)",12,2,828d5e3a640f
JAWA BARAT,12,Kab.indramayu,,2015,**),3 8.661,,"PDRB Per Kapita Atas Dasar Harga Berlaku di Provinsi Jawa Barat Menurut Kabupaten/Kota, 2011-2015 (Ribu Rupiah)/","Per Capita GRDP at Current Market Prices by Regency/Municipality, in Jawa Barat Province, 2011-2015 (Thousand Rupiahs)",12,2,b4f029d5f4ad
JAWA BARAT,13,Kab. Subang,,2015,**),1 9.161,,"PDRB Per Kapita Atas Dasar Harga Berlaku di Provinsi Jawa Barat Menurut Kabupaten/Kota, 2011-2015 (Ribu Rupiah)/","Per Capita GRDP at Current Market Prices by Regency/Municipality, in Jawa Barat Province, 2011-2015 (Thousand Rupiahs)",12,2,1450624acaab
JAWA BARAT,14,Kab. Purwakarta,,2015,**),5 4.407,,"PDRB Per Kapita Atas Dasar Harga Berlaku di Provinsi Jawa Barat Menurut Kabupaten/Kota, 2011-2015 (Ribu Rupiah)/","Per Capita GRDP at Current Market Prices by Regency/Municipality, in Jawa Barat Province, 2011-2015 (Thousand Rupiahs)",12,2,f4078c69bd2a
JAWA BARAT,15,Kab. Karawang,,2015,**),7 3.506,,"PDRB Per Kapita Atas Dasar Harga Berlaku di Provinsi Jawa Barat Menurut Kabupaten/Kota, 2011-2015 (Ribu Rupiah)/","Per Capita GRDP at Current Market Prices by Regency/Municipality, in Jawa Barat Province, 2011-2015 (Thousand Rupiahs)",12,2,e455ab2fefc6
JAWA BARAT,16,Kab. Bekasi,,2015,**),7 5.799,,"PDRB Per Kapita Atas Dasar Harga Berlaku di Provinsi Jawa Barat Menurut Kabupaten/Kota, 2011-2015 (Ribu Rupiah)/","Per Capita GRDP at Current Market Prices by Regency/Municipality, in Jawa Barat Province, 2011-2015 (Thousand Rupiahs)",12,2,5d8795bc0f0f
JAWA BARAT,17,Kab. Bandung Barat,,2015,**),2 0.853,,"PDRB Per Kapita Atas Dasar Harga Berlaku di Provinsi Jawa Barat Menurut Kabupaten/Kota, 2011-2015 (Ribu Rupiah)/","Per Capita GRDP at Current Market Prices by Regency/Municipality, in Jawa Barat Province, 2011-2015 (Thousand Rupiahs)",12,2,cfc45024f386
JAWA BARAT,71,Kota Bogor,,2015,**),3 0.877,,"PDRB Per Kapita Atas Dasar Harga Berlaku di Provinsi Jawa Barat Menurut Kabupaten/Kota, 2011-2015 (Ribu Rupiah)/","Per Capita GRDP at Current Market Prices by Regency/Municipality, in Jawa Barat Province, 2011-2015 (Thousand Rupiahs)",12,2,39bf19f56f4a
JAWA BARAT,72,Kota Sukabumi,,2015,**),2 8.180,,"PDRB Per Kapita Atas Dasar Harga Berlaku di Provinsi Jawa Barat Menurut Kabupaten/Kota, 2011-2015 (Ribu Rupiah)/","Per Capita GRDP at Current Market Prices by Regency/Municipality, in Jawa Barat Province, 2011-2015 (Thousand Rupiahs)",12,2,5d57460b8622
JAWA BARAT,73,Kota Bandung,,2015,**),7 8.908,,"PDRB Per Kapita Atas Dasar Harga Berlaku di Provinsi Jawa Barat Menurut Kabupaten/Kota, 2011-2015 (Ribu Rupiah)/","Per Capita GRDP at Current Market Prices by Regency/Municipality, in Jawa Barat Province, 2011-2015 (Thousand Rupiahs)",12,2,d94f14c8d341
JAWA BARAT,74,Kota Cirebon,,2015,**),5 4.317,,"PDRB Per Kapita Atas Dasar Harga Berlaku di Provinsi Jawa Barat Menurut Kabupaten/Kota, 2011-2015 (Ribu Rupiah)/","Per Capita GRDP at Current Market Prices by Regency/Municipality, in Jawa Barat Province, 2011-2015 (Thousand Rupiahs)",12,2,9ddf00c0acd0
JAWA BARAT,75,Kota Bekasi,,2015,**),2 6.096,,"PDRB Per Kapita Atas Dasar Harga Berlaku di Provinsi Jawa Barat Menurut Kabupaten/Kota, 2011-2015 (Ribu Rupiah)/","Per Capita GRDP at Current Market Prices by Regency/Municipality, in Jawa Barat Province, 2011-2015 (Thousand Rupiahs)",12,2,6da188e5d191
JAWA BARAT,76,Kota Depok,,2015,**),2 3.054,,"PDRB Per Kapita Atas Dasar Harga Berlaku di Provinsi Jawa Barat Menurut Kabupaten/Kota, 2011-2015 (Ribu Rupiah)/","Per Capita GRDP at Current Market Prices by Regency/Municipality, in Jawa Barat Province, 2011-2015 (Thousand Rupiahs)",12,2,cdbca055550c
JAWA BARAT,77,Kota Cimahi,,2015,**),3 8.605,,"PDRB Per Kapita Atas Dasar Harga Berlaku di Provinsi Jawa Barat Menurut Kabupaten/Kota, 2011-2015 (Ribu Rupiah)/","Per Capita GRDP at Current Market Prices by Regency/Municipality, in Jawa Barat Province, 2011-2015 (Thousand Rupiahs)",12,2,14cfd91dbfb1
JAWA BARAT,78,Kota Tasikmalaya,,2015,**),2 3.171,,"PDRB Per Kapita Atas Dasar Harga Berlaku di Provinsi Jawa Barat Menurut Kabupaten/Kota, 2011-2015 (Ribu Rupiah)/","Per Capita GRDP at Current Market Prices by Regency/Municipality, in Jawa Barat Province, 2011-2015 (Thousand Rupiahs)",12,2,4e8444e41ab5
JAWA BARAT,79,Kota Banjar,,2015,**),1 8.358,,"PDRB Per Kapita Atas Dasar Harga Berlaku di Provinsi Jawa Barat Menurut Kabupaten/Kota, 2011-2015 (Ribu Rupiah)/","Per Capita GRDP at Current Market Prices by Regency/Municipality, in Jawa Barat Province, 2011-2015 (Thousand Rupiahs)",12,2,2de5ad98accc
JAWA BARAT,,Jml Kab./Kota Total of Reg./Mun.,,2015,**),3 2.881,,"PDRB Per Kapita Atas Dasar Harga Berlaku di Provinsi Jawa Barat Menurut Kabupaten/Kota, 2011-2015 (Ribu Rupiah)/","Per Capita GRDP at Current Market Prices by Regency/Municipality, in Jawa Barat Province, 2011-2015 (Thousand Rupiahs)",12,2,151e979fcf66
JAWA BARAT,,Provinsi/Province,,2015,**),3 2.652,,"PDRB Per Kapita Atas Dasar Harga Berlaku di Provinsi Jawa Barat Menurut Kabupaten/Kota, 2011-2015 (Ribu Rupiah)/","Per Capita GRDP at Current Market Prices by Regency/Municipality, in Jawa Barat Province, 2011-2015 (Thousand Rupiahs)",12,2,0f6fdfe9bd68
JAWA TENGAH,01,Kab. Cilacap,,2015,**),5 8.759,,"PDRB Per Kapita Atas Dasar Harga Berlaku di Provinsi Jawa Tengah Menurut Kabupaten/Kota, 2011-2015 (Ribu Rupiah)/","Per Capita GRDP at Current Market Prices by Regency/Municipality, in Jawa Tengah Province, 2011-2015 (Thousand Rupiahs)",13,3,e5a89940c4b8
JAWA TENGAH,02,Kab. Banyumas,,2015,**),2 3.717,,"PDRB Per Kapita Atas Dasar Harga Berlaku di Provinsi Jawa Tengah Menurut Kabupaten/Kota, 2011-2015 (Ribu Rupiah)/","Per Capita GRDP at Current Market Prices by Regency/Municipality, in Jawa Tengah Province, 2011-2015 (Thousand Rupiahs)",13,3,5147aa8d21e6
JAWA TENGAH,03,Kab. Purbalingga,,2015,**),2 0.665,,"PDRB Per Kapita Atas Dasar Harga Berlaku di Provinsi Jawa Tengah Menurut Kabupaten/Kota, 2011-2015 (Ribu Rupiah)/","Per Capita GRDP at Current Market Prices by Regency/Municipality, in Jawa Tengah Province, 2011-2015 (Thousand Rupiahs)",13,3,f4b7fcc30f0e
JAWA TENGAH,04,Kab. Banjarnegara,,2015,**),1 7.737,,"PDRB Per Kapita Atas Dasar Harga Berlaku di Provinsi Jawa Tengah Menurut Kabupaten/Kota, 2011-2015 (Ribu Rupiah)/","Per Capita GRDP at Current Market Prices by Regency/Municipality, in Jawa Tengah Province, 2011-2015 (Thousand Rupiahs)",13,3,8f1ca07d5fe4
JAWA TENGAH,05,Kab. Kebumen,,2015,**),1 7.712,,"PDRB Per Kapita Atas Dasar Harga Berlaku di Provinsi Jawa Tengah Menurut Kabupaten/Kota, 2011-2015 (Ribu Rupiah)/","Per Capita GRDP at Current Market Prices by Regency/Municipality, in Jawa Tengah Province, 2011-2015 (Thousand Rupiahs)",13,3,06612009d459
JAWA TENGAH,06,Kab. Purworejo,,2015,**),1 9.479,,"PDRB Per Kapita Atas Dasar Harga Berlaku di Provinsi Jawa Tengah Menurut Kabupaten/Kota, 2011-2015 (Ribu Rupiah)/","Per Capita GRDP at Current Market Prices by Regency/Municipality, in Jawa Tengah Province, 2011-2015 (Thousand Rupiahs)",13,3,96ba94922427
JAWA TENGAH,07,Kab. Wonosobo,,2015,**),1 8.426,,"PDRB Per Kapita Atas Dasar Harga Berlaku di Provinsi Jawa Tengah Menurut Kabupaten/Kota, 2011-2015 (Ribu Rupiah)/","Per Capita GRDP at Current Market Prices by Regency/Municipality, in Jawa Tengah Province, 2011-2015 (Thousand Rupiahs)",13,3,9ab4401a7b11
JAWA TENGAH,08,Kab. Magelang,,2015,**),1 9.366,,"PDRB Per Kapita Atas Dasar Harga Berlaku di Provinsi Jawa Tengah Menurut Kabupaten/Kota, 2011-2015 (Ribu Rupiah)/","Per Capita GRDP at Current Market Prices by Regency/Municipality, in Jawa Tengah Province, 2011-2015 (Thousand Rupiahs)",13,3,06b031d37a2f
JAWA TENGAH,09,Kab. Boyolali,,2015,**),2 4.380,,"PDRB Per Kapita Atas Dasar Harga Berlaku di Provinsi Jawa Tengah Menurut Kabupaten/Kota, 2011-2015 (Ribu Rupiah)/","Per Capita GRDP at Current Market Prices by Regency/Municipality, in Jawa Tengah Province, 2011-2015 (Thousand Rupiahs)",13,3,541d9a2fdcc2
JAWA TENGAH,10,Kab. Klaten,,2015,**),2 5.127,,"PDRB Per Kapita Atas Dasar Harga Berlaku di Provinsi Jawa Tengah Menurut Kabupaten/Kota, 2011-2015 (Ribu Rupiah)/","Per Capita GRDP at Current Market Prices by Regency/Municipality, in Jawa Tengah Province, 2011-2015 (Thousand Rupiahs)",13,3,3758ffda3041
JAWA TENGAH,11,Kab. Sukoharjo,,2015,**),3 0.866,,"PDRB Per Kapita Atas Dasar Harga Berlaku di Provinsi Jawa Tengah Menurut Kabupaten/Kota, 2011-2015 (Ribu Rupiah)/","Per Capita GRDP at Current Market Prices by Regency/Municipality, in Jawa Tengah Province, 2011-2015 (Thousand Rupiahs)",13,3,480ea0c7d6c3
JAWA TENGAH,12,Kab. Wonogiri,,2015,**),2 2.707,,"PDRB Per Kapita Atas Dasar Harga Berlaku di Provinsi Jawa Tengah Menurut Kabupaten/Kota, 2011-2015 (Ribu Rupiah)/","Per Capita GRDP at Current Market Prices by Regency/Municipality, in Jawa Tengah Province, 2011-2015 (Thousand Rupiahs)",13,3,2db6929539a4
JAWA TENGAH,13,Kab. Karanganyar,,2015,**),3 1.398,,"PDRB Per Kapita Atas Dasar Harga Berlaku di Provinsi Jawa Tengah Menurut Kabupaten/Kota, 2011-2015 (Ribu Rupiah)/","Per Capita GRDP at Current Market Prices by Regency/Municipality, in Jawa Tengah Province, 2011-2015 (Thousand Rupiahs)",13,3,6506d89fea2d
JAWA TENGAH,14,Kab. Sragen,,2015,**),3 1.006,,"PDRB Per Kapita Atas Dasar Harga Berlaku di Provinsi Jawa Tengah Menurut Kabupaten/Kota, 2011-2015 (Ribu Rupiah)/","Per Capita GRDP at Current Market Prices by Regency/Municipality, in Jawa Tengah Province, 2011-2015 (Thousand Rupiahs)",13,3,0759c82cc613
JAWA TENGAH,15,Kab. Grobogan,,2015,**),1 4.934,,"PDRB Per Kapita Atas Dasar Harga Berlaku di Provinsi Jawa Tengah Menurut Kabupaten/Kota, 2011-2015 (Ribu Rupiah)/","Per Capita GRDP at Current Market Prices by Regency/Municipality, in Jawa Tengah Province, 2011-2015 (Thousand Rupiahs)",13,3,5a630e142897
JAWA TENGAH,16,Kab. Blora,,2015,**),1 9.209,,"PDRB Per Kapita Atas Dasar Harga Berlaku di Provinsi Jawa Tengah Menurut Kabupaten/Kota, 2011-2015 (Ribu Rupiah)/","Per Capita GRDP at Current Market Prices by Regency/Municipality, in Jawa Tengah Province, 2011-2015 (Thousand Rupiahs)",13,3,53a5ac540d52
JAWA TENGAH,17,Kab. Rembang,,2015,**),2 2.326,,"PDRB Per Kapita Atas Dasar Harga Berlaku di Provinsi Jawa Tengah Menurut Kabupaten/Kota, 2011-2015 (Ribu Rupiah)/","Per Capita GRDP at Current Market Prices by Regency/Municipality, in Jawa Tengah Province, 2011-2015 (Thousand Rupiahs)",13,3,5f014a5e3208
JAWA TENGAH,18,Kab. Pati,,2015,**),2 5.667,,"PDRB Per Kapita Atas Dasar Harga Berlaku di Provinsi Jawa Tengah Menurut Kabupaten/Kota, 2011-2015 (Ribu Rupiah)/","Per Capita GRDP at Current Market Prices by Regency/Municipality, in Jawa Tengah Province, 2011-2015 (Thousand Rupiahs)",13,3,cc8ceda95cb5
JAWA TENGAH,19,Kab. Kudus,,2015,**),1 02.154,,"PDRB Per Kapita Atas Dasar Harga Berlaku di Provinsi Jawa Tengah Menurut Kabupaten/Kota, 2011-2015 (Ribu Rupiah)/","Per Capita GRDP at Current Market Prices by Regency/Municipality, in Jawa Tengah Province, 2011-2015 (Thousand Rupiahs)",13,3,1946b140b103
JAWA TENGAH,20,Kab. Jepara,,2015,**),1 8.559,,"PDRB Per Kapita Atas Dasar Harga Berlaku di Provinsi Jawa Tengah Menurut Kabupaten/Kota, 2011-2015 (Ribu Rupiah)/","Per Capita GRDP at Current Market Prices by Regency/Municipality, in Jawa Tengah Province, 2011-2015 (Thousand Rupiahs)",13,3,980e059efef7
JAWA TENGAH,21,Kab. Demak,,2015,**),1 7.287,,"PDRB Per Kapita Atas Dasar Harga Berlaku di Provinsi Jawa Tengah Menurut Kabupaten/Kota, 2011-2015 (Ribu Rupiah)/","Per Capita GRDP at Current Market Prices by Regency/Municipality, in Jawa Tengah Province, 2011-2015 (Thousand Rupiahs)",13,3,1304bffe31e6
JAWA TENGAH,22,Kab. Semarang,,2015,**),3 6.763,,"PDRB Per Kapita Atas Dasar Harga Berlaku di Provinsi Jawa Tengah Menurut Kabupaten/Kota, 2011-2015 (Ribu Rupiah)/","Per Capita GRDP at Current Market Prices by Regency/Municipality, in Jawa Tengah Province, 2011-2015 (Thousand Rupiahs)",13,3,1845ca64e135
JAWA TENGAH,23,Kab. Temanggung,,2015,**),2 1.577,,"PDRB Per Kapita Atas Dasar Harga Berlaku di Provinsi Jawa Tengah Menurut Kabupaten/Kota, 2011-2015 (Ribu Rupiah)/","Per Capita GRDP at Current Market Prices by Regency/Municipality, in Jawa Tengah Province, 2011-2015 (Thousand Rupiahs)",13,3,69c8fcf8e570
JAWA TENGAH,24,Kab. Kendal,,2015,**),3 2.834,,"PDRB Per Kapita Atas Dasar Harga Berlaku di Provinsi Jawa Tengah Menurut Kabupaten/Kota, 2011-2015 (Ribu Rupiah)/","Per Capita GRDP at Current Market Prices by Regency/Municipality, in Jawa Tengah Province, 2011-2015 (Thousand Rupiahs)",13,3,6ce96b07f20b
JAWA TENGAH,25,Kab. Batang,,2015,**),2 1.584,,"PDRB Per Kapita Atas Dasar Harga Berlaku di Provinsi Jawa Tengah Menurut Kabupaten/Kota, 2011-2015 (Ribu Rupiah)/","Per Capita GRDP at Current Market Prices by Regency/Municipality, in Jawa Tengah Province, 2011-2015 (Thousand Rupiahs)",13,3,3e8b852753af
JAWA TENGAH,26,Kab. Pekalongan,,2015,**),1 9.140,,"PDRB Per Kapita Atas Dasar Harga Berlaku di Provinsi Jawa Tengah Menurut Kabupaten/Kota, 2011-2015 (Ribu Rupiah)/","Per Capita GRDP at Current Market Prices by Regency/Municipality, in Jawa Tengah Province, 2011-2015 (Thousand Rupiahs)",13,3,19ccff8d3de7
JAWA TENGAH,27,Kab. Pemalang,,2015,**),1 4.457,,"PDRB Per Kapita Atas Dasar Harga Berlaku di Provinsi Jawa Tengah Menurut Kabupaten/Kota, 2011-2015 (Ribu Rupiah)/","Per Capita GRDP at Current Market Prices by Regency/Municipality, in Jawa Tengah Province, 2011-2015 (Thousand Rupiahs)",13,3,4196873954ad
JAWA TENGAH,28,Kab. Tegal,,2015,**),1 7.950,,"PDRB Per Kapita Atas Dasar Harga Berlaku di Provinsi Jawa Tengah Menurut Kabupaten/Kota, 2011-2015 (Ribu Rupiah)/","Per Capita GRDP at Current Market Prices by Regency/Municipality, in Jawa Tengah Province, 2011-2015 (Thousand Rupiahs)",13,3,52331bb3af3e
JAWA TENGAH,29,Kab. Brebes,,2015,**),1 9.314,,"PDRB Per Kapita Atas Dasar Harga Berlaku di Provinsi Jawa Tengah Menurut Kabupaten/Kota, 2011-2015 (Ribu Rupiah)/","Per Capita GRDP at Current Market Prices by Regency/Municipality, in Jawa Tengah Province, 2011-2015 (Thousand Rupiahs)",13,3,32eec9e294b0
JAWA TENGAH,71,Kota Magelang,,2015,**),5 3.538,,"PDRB Per Kapita Atas Dasar Harga Berlaku di Provinsi Jawa Tengah Menurut Kabupaten/Kota, 2011-2015 (Ribu Rupiah)/","Per Capita GRDP at Current Market Prices by Regency/Municipality, in Jawa Tengah Province, 2011-2015 (Thousand Rupiahs)",13,3,6dce0225cbbd
JAWA TENGAH,72,Kota Surakarta,,2015,**),6 8.295,,"PDRB Per Kapita Atas Dasar Harga Berlaku di Provinsi Jawa Tengah Menurut Kabupaten/Kota, 2011-2015 (Ribu Rupiah)/","Per Capita GRDP at Current Market Prices by Regency/Municipality, in Jawa Tengah Province, 2011-2015 (Thousand Rupiahs)",13,3,4d0ccd39747d
JAWA TENGAH,73,Kota Salatiga,,2015,**),5 3.033,,"PDRB Per Kapita Atas Dasar Harga Berlaku di Provinsi Jawa Tengah Menurut Kabupaten/Kota, 2011-2015 (Ribu Rupiah)/","Per Capita GRDP at Current Market Prices by Regency/Municipality, in Jawa Tengah Province, 2011-2015 (Thousand Rupiahs)",13,3,792f174dc3f1
JAWA TENGAH,74,Kota Semarang,,2015,**),7 8.930,,"PDRB Per Kapita Atas Dasar Harga Berlaku di Provinsi Jawa Tengah Menurut Kabupaten/Kota, 2011-2015 (Ribu Rupiah)/","Per Capita GRDP at Current Market Prices by Regency/Municipality, in Jawa Tengah Province, 2011-2015 (Thousand Rupiahs)",13,3,e284d58b842c
JAWA TENGAH,75,Kota Pekalongan,,2015,**),2 6.242,,"PDRB Per Kapita Atas Dasar Harga Berlaku di Provinsi Jawa Tengah Menurut Kabupaten/Kota, 2011-2015 (Ribu Rupiah)/","Per Capita GRDP at Current Market Prices by Regency/Municipality, in Jawa Tengah Province, 2011-2015 (Thousand Rupiahs)",13,3,88b3b283c277
JAWA TENGAH,76,Kota Tegal,,2015,**),4 4.627,,"PDRB Per Kapita Atas Dasar Harga Berlaku di Provinsi Jawa Tengah Menurut Kabupaten/Kota, 2011-2015 (Ribu Rupiah)/","Per Capita GRDP at Current Market Prices by Regency/Municipality, in Jawa Tengah Province, 2011-2015 (Thousand Rupiahs)",13,3,9aa0c617e4bc
JAWA TENGAH,,Jml Kab./Kota Total of Reg./Mun.,,2015,**),2 9.873,,"PDRB Per Kapita Atas Dasar Harga Berlaku di Provinsi Jawa Tengah Menurut Kabupaten/Kota, 2011-2015 (Ribu Rupiah)/","Per Capita GRDP at Current Market Prices by Regency/Municipality, in Jawa Tengah Province, 2011-2015 (Thousand Rupiahs)",13,3,714d218f1a39
JAWA TENGAH,,Provinsi/Province,,2015,**),3 0.025,,"PDRB Per Kapita Atas Dasar Harga Berlaku di Provinsi Jawa Tengah Menurut Kabupaten/Kota, 2011-2015 (Ribu Rupiah)/","Per Capita GRDP at Current Market Prices by Regency/Municipality, in Jawa Tengah Province, 2011-2015 (Thousand Rupiahs)",13,3,c5d6d38aa006
DI YOGYAKARTA,01,Kab. Kulon Progo,,2015,**),18.589,,"PDRB Per Kapita Atas Dasar Harga Berlaku di Provinsi DI Yogyakarta Menurut Kabupaten/Kota, 2011-2015 (Ribu Rupiah)/","Per Capita GRDP at Current Market Prices by Regency/Municipality, in DI Yogyakarta Province, 2011-2015 (Thousand Rupiahs)",14,4,02755f2c81a7
DI YOGYAKARTA,02,Kab. Bantul,,2015,**),2 0.058,,"PDRB Per Kapita Atas Dasar Harga Berlaku di Provinsi DI Yogyakarta Menurut Kabupaten/Kota, 2011-2015 (Ribu Rupiah)/","Per Capita GRDP at Current Market Prices by Regency/Municipality, in DI Yogyakarta Province, 2011-2015 (Thousand Rupiahs)",14,4,85e8a41731c4
DI YOGYAKARTA,03,Kab. Gunung Kidul,,2015,**),1 9.341,,"PDRB Per Kapita Atas Dasar Harga Berlaku di Provinsi DI Yogyakarta Menurut Kabupaten/Kota, 2011-2015 (Ribu Rupiah)/","Per Capita GRDP at Current Market Prices by Regency/Municipality, in DI Yogyakarta Province, 2011-2015 (Thousand Rupiahs)",14,4,bc6261d2f639
DI YOGYAKARTA,04,Kab. Sleman,,2015,**),2 8.914,,"PDRB Per Kapita Atas Dasar Harga Berlaku di Provinsi DI Yogyakarta Menurut Kabupaten/Kota, 2011-2015 (Ribu Rupiah)/","Per Capita GRDP at Current Market Prices by Regency/Municipality, in DI Yogyakarta Province, 2011-2015 (Thousand Rupiahs)",14,4,2eecc164ae97
DI YOGYAKARTA,71,Kota Yogyakarta,,2015,**),6 5.154,,"PDRB Per Kapita Atas Dasar Harga Berlaku di Provinsi DI Yogyakarta Menurut Kabupaten/Kota, 2011-2015 (Ribu Rupiah)/","Per Capita GRDP at Current Market Prices by Regency/Municipality, in DI Yogyakarta Province, 2011-2015 (Thousand Rupiahs)",14,4,8b7cf48ad9e5
DI YOGYAKARTA,,Jml Kab./Kota Total of Reg./Mun.,,2015,**),2 7.623,,"PDRB Per Kapita Atas Dasar Harga Berlaku di Provinsi DI Yogyakarta Menurut Kabupaten/Kota, 2011-2015 (Ribu Rupiah)/","Per Capita GRDP at Current Market Prices by Regency/Municipality, in DI Yogyakarta Province, 2011-2015 (Thousand Rupiahs)",14,4,08574c0eb286
DI YOGYAKARTA,,Provinsi/Province,,2015,**),2 7.559,,"PDRB Per Kapita Atas Dasar Harga Berlaku di Provinsi DI Yogyakarta Menurut Kabupaten/Kota, 2011-2015 (Ribu Rupiah)/","Per Capita GRDP at Current Market Prices by Regency/Municipality, in DI Yogyakarta Province, 2011-2015 (Thousand Rupiahs)",14,4,6b5d376905e3
JAWA TIMUR,01,Kab. Pacitan,,2015,**),2 1.036,,"PDRB Per Kapita Atas Dasar Harga Berlaku di Provinsi Jawa Timur Menurut Kabupaten/Kota, 2011-2015 (Ribu Rupiah)/","Per Capita GRDP at Current Market Prices by Regency/Municipality, in Jawa Timur Province, 2011-2015 (Thousand Rupiahs)",15,5,0b4804cd1f38
JAWA TIMUR,02,Kab. Ponorogo,,2015,**),1 7.193,,"PDRB Per Kapita Atas Dasar Harga Berlaku di Provinsi Jawa Timur Menurut Kabupaten/Kota, 2011-2015 (Ribu Rupiah)/","Per Capita GRDP at Current Market Prices by Regency/Municipality, in Jawa Timur Province, 2011-2015 (Thousand Rupiahs)",15,5,1b9de54d4ab0
JAWA TIMUR,03,Kab. Trenggalek,,2015,**),1 9.780,,"PDRB Per Kapita Atas Dasar Harga Berlaku di Provinsi Jawa Timur Menurut Kabupaten/Kota, 2011-2015 (Ribu Rupiah)/","Per Capita GRDP at Current Market Prices by Regency/Municipality, in Jawa Timur Province, 2011-2015 (Thousand Rupiahs)",15,5,b6dd1244b98b
JAWA TIMUR,04,Kab. Tulungagung,,2015,**),2 7.826,,"PDRB Per Kapita Atas Dasar Harga Berlaku di Provinsi Jawa Timur Menurut Kabupaten/Kota, 2011-2015 (Ribu Rupiah)/","Per Capita GRDP at Current Market Prices by Regency/Municipality, in Jawa Timur Province, 2011-2015 (Thousand Rupiahs)",15,5,88dde610d8fb
JAWA TIMUR,05,Kab. Blitar,,2015,**),2 3.377,,"PDRB Per Kapita Atas Dasar Harga Berlaku di Provinsi Jawa Timur Menurut Kabupaten/Kota, 2011-2015 (Ribu Rupiah)/","Per Capita GRDP at Current Market Prices by Regency/Municipality, in Jawa Timur Province, 2011-2015 (Thousand Rupiahs)",15,5,8738a0f86690
JAWA TIMUR,06,Kab. Kediri,,2015,**),1 9.706,,"PDRB Per Kapita Atas Dasar Harga Berlaku di Provinsi Jawa Timur Menurut Kabupaten/Kota, 2011-2015 (Ribu Rupiah)/","Per Capita GRDP at Current Market Prices by Regency/Municipality, in Jawa Timur Province, 2011-2015 (Thousand Rupiahs)",15,5,9d6aec724265
JAWA TIMUR,07,Kab. Malang,,2015,**),2 9.023,,"PDRB Per Kapita Atas Dasar Harga Berlaku di Provinsi Jawa Timur Menurut Kabupaten/Kota, 2011-2015 (Ribu Rupiah)/","Per Capita GRDP at Current Market Prices by Regency/Municipality, in Jawa Timur Province, 2011-2015 (Thousand Rupiahs)",15,5,578cecac2c6e
JAWA TIMUR,08,Kab. Lumajang,,2015,**),2 3.740,,"PDRB Per Kapita Atas Dasar Harga Berlaku di Provinsi Jawa Timur Menurut Kabupaten/Kota, 2011-2015 (Ribu Rupiah)/","Per Capita GRDP at Current Market Prices by Regency/Municipality, in Jawa Timur Province, 2011-2015 (Thousand Rupiahs)",15,5,525fe75d6704
JAWA TIMUR,09,Kab. Jember,,2015,**),2 3.421,,"PDRB Per Kapita Atas Dasar Harga Berlaku di Provinsi Jawa Timur Menurut Kabupaten/Kota, 2011-2015 (Ribu Rupiah)/","Per Capita GRDP at Current Market Prices by Regency/Municipality, in Jawa Timur Province, 2011-2015 (Thousand Rupiahs)",15,5,e1e5ede45ca2
JAWA TIMUR,10,Kab. Banyuwangi,,2015,**),3 7.776,,"PDRB Per Kapita Atas Dasar Harga Berlaku di Provinsi Jawa Timur Menurut Kabupaten/Kota, 2011-2015 (Ribu Rupiah)/","Per Capita GRDP at Current Market Prices by Regency/Municipality, in Jawa Timur Province, 2011-2015 (Thousand Rupiahs)",15,5,03bba92cf07a
JAWA TIMUR,11,Kab. Bondowoso,,2015,**),1 9.029,,"PDRB Per Kapita Atas Dasar Harga Berlaku di Provinsi Jawa Timur Menurut Kabupaten/Kota, 2011-2015 (Ribu Rupiah)/","Per Capita GRDP at Current Market Prices by Regency/Municipality, in Jawa Timur Province, 2011-2015 (Thousand Rupiahs)",15,5,0c9d84000704
JAWA TIMUR,12,Kab. Situbondo,,2015,**),2 2.093,,"PDRB Per Kapita Atas Dasar Harga Berlaku di Provinsi Jawa Timur Menurut Kabupaten/Kota, 2011-2015 (Ribu Rupiah)/","Per Capita GRDP at Current Market Prices by Regency/Municipality, in Jawa Timur Province, 2011-2015 (Thousand Rupiahs)",15,5,54d6e2449ef2
JAWA TIMUR,13,Kab. Probolinggo,,2015,**),2 2.515,,"PDRB Per Kapita Atas Dasar Harga Berlaku di Provinsi Jawa Timur Menurut Kabupaten/Kota, 2011-2015 (Ribu Rupiah)/","Per Capita GRDP at Current Market Prices by Regency/Municipality, in Jawa Timur Province, 2011-2015 (Thousand Rupiahs)",15,5,5f4e73c92d46
JAWA TIMUR,14,Kab. Pasuruan,,2015,**),6 5.929,,"PDRB Per Kapita Atas Dasar Harga Berlaku di Provinsi Jawa Timur Menurut Kabupaten/Kota, 2011-2015 (Ribu Rupiah)/","Per Capita GRDP at Current Market Prices by Regency/Municipality, in Jawa Timur Province, 2011-2015 (Thousand Rupiahs)",15,5,8c0d14b00b9d
JAWA TIMUR,15,Kab. Sidoarjo,,2015,**),6 9.132,,"PDRB Per Kapita Atas Dasar Harga Berlaku di Provinsi Jawa Timur Menurut Kabupaten/Kota, 2011-2015 (Ribu Rupiah)/","Per Capita GRDP at Current Market Prices by Regency/Municipality, in Jawa Timur Province, 2011-2015 (Thousand Rupiahs)",15,5,c2e839927ef3
JAWA TIMUR,16,Kab. Mojokerto,,2015,**),5 4.443,,"PDRB Per Kapita Atas Dasar Harga Berlaku di Provinsi Jawa Timur Menurut Kabupaten/Kota, 2011-2015 (Ribu Rupiah)/","Per Capita GRDP at Current Market Prices by Regency/Municipality, in Jawa Timur Province, 2011-2015 (Thousand Rupiahs)",15,5,693ffae606ca
JAWA TIMUR,17,Kab. Jombang,,2015,**),2 3.488,,"PDRB Per Kapita Atas Dasar Harga Berlaku di Provinsi Jawa Timur Menurut Kabupaten/Kota, 2011-2015 (Ribu Rupiah)/","Per Capita GRDP at Current Market Prices by Regency/Municipality, in Jawa Timur Province, 2011-2015 (Thousand Rupiahs)",15,5,bedd833be448
JAWA TIMUR,18,Kab. Nganjuk,,2015,**),1 8.359,,"PDRB Per Kapita Atas Dasar Harga Berlaku di Provinsi Jawa Timur Menurut Kabupaten/Kota, 2011-2015 (Ribu Rupiah)/","Per Capita GRDP at Current Market Prices by Regency/Municipality, in Jawa Timur Province, 2011-2015 (Thousand Rupiahs)",15,5,8dab208a422e
JAWA TIMUR,19,Kab. Madiun,,2015,**),2 0.522,,"PDRB Per Kapita Atas Dasar Harga Berlaku di Provinsi Jawa Timur Menurut Kabupaten/Kota, 2011-2015 (Ribu Rupiah)/","Per Capita GRDP at Current Market Prices by Regency/Municipality, in Jawa Timur Province, 2011-2015 (Thousand Rupiahs)",15,5,c397b7e96a3c
JAWA TIMUR,20,Kab. Magetan,,2015,**),2 2.116,,"PDRB Per Kapita Atas Dasar Harga Berlaku di Provinsi Jawa Timur Menurut Kabupaten/Kota, 2011-2015 (Ribu Rupiah)/","Per Capita GRDP at Current Market Prices by Regency/Municipality, in Jawa Timur Province, 2011-2015 (Thousand Rupiahs)",15,5,16e0634eb6e2
JAWA TIMUR,21,Kab. Ngawi,,2015,**),1 8.094,,"PDRB Per Kapita Atas Dasar Harga Berlaku di Provinsi Jawa Timur Menurut Kabupaten/Kota, 2011-2015 (Ribu Rupiah)/","Per Capita GRDP at Current Market Prices by Regency/Municipality, in Jawa Timur Province, 2011-2015 (Thousand Rupiahs)",15,5,504a18c26252
JAWA TIMUR,22,Kab. Bojonegoro,,2015,**),3 7.724,,"PDRB Per Kapita Atas Dasar Harga Berlaku di Provinsi Jawa Timur Menurut Kabupaten/Kota, 2011-2015 (Ribu Rupiah)/","Per Capita GRDP at Current Market Prices by Regency/Municipality, in Jawa Timur Province, 2011-2015 (Thousand Rupiahs)",15,5,f41352bd6fd6
JAWA TIMUR,23,Kab. Tuban,,2015,**),4 1.810,,"PDRB Per Kapita Atas Dasar Harga Berlaku di Provinsi Jawa Timur Menurut Kabupaten/Kota, 2011-2015 (Ribu Rupiah)/","Per Capita GRDP at Current Market Prices by Regency/Municipality, in Jawa Timur Province, 2011-2015 (Thousand Rupiahs)",15,5,3190f61447f9
JAWA TIMUR,24,Kab. Lamongan,,2015,**),2 4.273,,"PDRB Per Kapita Atas Dasar Harga Berlaku di Provinsi Jawa Timur Menurut Kabupaten/Kota, 2011-2015 (Ribu Rupiah)/","Per Capita GRDP at Current Market Prices by Regency/Municipality, in Jawa Timur Province, 2011-2015 (Thousand Rupiahs)",15,5,57dceb24a116
JAWA TIMUR,25,Kab. Gresik,,2015,**),8 0.194,,"PDRB Per Kapita Atas Dasar Harga Berlaku di Provinsi Jawa Timur Menurut Kabupaten/Kota, 2011-2015 (Ribu Rupiah)/","Per Capita GRDP at Current Market Prices by Regency/Municipality, in Jawa Timur Province, 2011-2015 (Thousand Rupiahs)",15,5,87da57daae8f
JAWA TIMUR,26,Kab. Bangkalan,,2015,**),1 9.960,,"PDRB Per Kapita Atas Dasar Harga Berlaku di Provinsi Jawa Timur Menurut Kabupaten/Kota, 2011-2015 (Ribu Rupiah)/","Per Capita GRDP at Current Market Prices by Regency/Municipality, in Jawa Timur Province, 2011-2015 (Thousand Rupiahs)",15,5,9f53d1287c69
JAWA TIMUR,27,Kab. Sampang,,2015,**),1 5.689,,"PDRB Per Kapita Atas Dasar Harga Berlaku di Provinsi Jawa Timur Menurut Kabupaten/Kota, 2011-2015 (Ribu Rupiah)/","Per Capita GRDP at Current Market Prices by Regency/Municipality, in Jawa Timur Province, 2011-2015 (Thousand Rupiahs)",15,5,86649084e5a0
JAWA TIMUR,28,Kab. Pamekasan,,2015,**),1 4.565,,"PDRB Per Kapita Atas Dasar Harga Berlaku di Provinsi Jawa Timur Menurut Kabupaten/Kota, 2011-2015 (Ribu Rupiah)/","Per Capita GRDP at Current Market Prices by Regency/Municipality, in Jawa Timur Province, 2011-2015 (Thousand Rupiahs)",15,5,8c41f7616a76
JAWA TIMUR,29,Kab. Sumenep,,2015,**),2 5.182,,"PDRB Per Kapita Atas Dasar Harga Berlaku di Provinsi Jawa Timur Menurut Kabupaten/Kota, 2011-2015 (Ribu Rupiah)/","Per Capita GRDP at Current Market Prices by Regency/Municipality, in Jawa Timur Province, 2011-2015 (Thousand Rupiahs)",15,5,683cd975ad2e
JAWA TIMUR,71,Kota Kediri,,2015,**),3 48.010,,"PDRB Per Kapita Atas Dasar Harga Berlaku di Provinsi Jawa Timur Menurut Kabupaten/Kota, 2011-2015 (Ribu Rupiah)/","Per Capita GRDP at Current Market Prices by Regency/Municipality, in Jawa Timur Province, 2011-2015 (Thousand Rupiahs)",15,5,e49b5c394e4f
JAWA TIMUR,72,Kota Blitar,,2015,**),3 4.944,,"PDRB Per Kapita Atas Dasar Harga Berlaku di Provinsi Jawa Timur Menurut Kabupaten/Kota, 2011-2015 (Ribu Rupiah)/","Per Capita GRDP at Current Market Prices by Regency/Municipality, in Jawa Timur Province, 2011-2015 (Thousand Rupiahs)",15,5,ad9c014a12fd
JAWA TIMUR,73,Kota Malang,,2015,**),6 0.881,,"PDRB Per Kapita Atas Dasar Harga Berlaku di Provinsi Jawa Timur Menurut Kabupaten/Kota, 2011-2015 (Ribu Rupiah)/","Per Capita GRDP at Current Market Prices by Regency/Municipality, in Jawa Timur Province, 2011-2015 (Thousand Rupiahs)",15,5,7bc51f7bcd51
JAWA TIMUR,74,Kota Probolinggo,,2015,**),3 5.247,,"PDRB Per Kapita Atas Dasar Harga Berlaku di Provinsi Jawa Timur Menurut Kabupaten/Kota, 2011-2015 (Ribu Rupiah)/","Per Capita GRDP at Current Market Prices by Regency/Municipality, in Jawa Timur Province, 2011-2015 (Thousand Rupiahs)",15,5,110c6442030e
JAWA TIMUR,75,Kota Pasuruan,,2015,**),3 0.539,,"PDRB Per Kapita Atas Dasar Harga Berlaku di Provinsi Jawa Timur Menurut Kabupaten/Kota, 2011-2015 (Ribu Rupiah)/","Per Capita GRDP at Current Market Prices by Regency/Municipality, in Jawa Timur Province, 2011-2015 (Thousand Rupiahs)",15,5,86f087b09368
JAWA TIMUR,76,Kota Mojokerto,,2015,**),3 8.829,,"PDRB Per Kapita Atas Dasar Harga Berlaku di Provinsi Jawa Timur Menurut Kabupaten/Kota, 2011-2015 (Ribu Rupiah)/","Per Capita GRDP at Current Market Prices by Regency/Municipality, in Jawa Timur Province, 2011-2015 (Thousand Rupiahs)",15,5,5713a66db96b
JAWA TIMUR,77,Kota Madiun,,2015,**),5 8.239,,"PDRB Per Kapita Atas Dasar Harga Berlaku di Provinsi Jawa Timur Menurut Kabupaten/Kota, 2011-2015 (Ribu Rupiah)/","Per Capita GRDP at Current Market Prices by Regency/Municipality, in Jawa Timur Province, 2011-2015 (Thousand Rupiahs)",15,5,cd3976af733f
JAWA TIMUR,78,Kota Surabaya,,2015,**),1 42.596,,"PDRB Per Kapita Atas Dasar Harga Berlaku di Provinsi Jawa Timur Menurut Kabupaten/Kota, 2011-2015 (Ribu Rupiah)/","Per Capita GRDP at Current Market Prices by Regency/Municipality, in Jawa Timur Province, 2011-2015 (Thousand Rupiahs)",15,5,ed54346db655
JAWA TIMUR,79,Kota Batu,,2015,**),5 7.413,,"PDRB Per Kapita Atas Dasar Harga Berlaku di Provinsi Jawa Timur Menurut Kabupaten/Kota, 2011-2015 (Ribu Rupiah)/","Per Capita GRDP at Current Market Prices by Regency/Municipality, in Jawa Timur Province, 2011-2015 (Thousand Rupiahs)",15,5,8d88aec6c38a
JAWA TIMUR,,Jml Kab./Kota Total of Reg./Mun.,,2015,**),43.620,,"PDRB Per Kapita Atas Dasar Harga Berlaku di Provinsi Jawa Timur Menurut Kabupaten/Kota, 2011-2015 (Ribu Rupiah)/","Per Capita GRDP at Current Market Prices by Regency/Municipality, in Jawa Timur Province, 2011-2015 (Thousand Rupiahs)",15,5,4e9dbfb705e2
JAWA TIMUR,,Provinsi/Province,,2015,**),43.500,,"PDRB Per Kapita Atas Dasar Harga Berlaku di Provinsi Jawa Timur Menurut Kabupaten/Kota, 2011-2015 (Ribu Rupiah)/","Per Capita GRDP at Current Market Prices by Regency/Municipality, in Jawa Timur Province, 2011-2015 (Thousand Rupiahs)",15,5,4ad24429467e
BANTEN,01,Kab. Pandeglang,,2015,**),1 6.970,,"PDRB Per Kapita Atas Dasar Harga Berlaku di Provinsi Banten Menurut Kabupaten/Kota, 2011-2015 (Ribu Rupiah)/","Per Capita GRDP at Current Market Prices by Regency/Municipality, in Banten Province, 2011-2015 (Thousand Rupiahs)",16,6,bb09181cd8d2
BANTEN,02,Kab. Lebak,,2015,**),1 6.325,,"PDRB Per Kapita Atas Dasar Harga Berlaku di Provinsi Banten Menurut Kabupaten/Kota, 2011-2015 (Ribu Rupiah)/","Per Capita GRDP at Current Market Prices by Regency/Municipality, in Banten Province, 2011-2015 (Thousand Rupiahs)",16,6,0cb72f0a3ed0
BANTEN,03,Kab. Tangerang,,2015,**),3 0.275,,"PDRB Per Kapita Atas Dasar Harga Berlaku di Provinsi Banten Menurut Kabupaten/Kota, 2011-2015 (Ribu Rupiah)/","Per Capita GRDP at Current Market Prices by Regency/Municipality, in Banten Province, 2011-2015 (Thousand Rupiahs)",16,6,84b06517db0b
BANTEN,04,Kab. Serang,,2015,**),3 8.197,,"PDRB Per Kapita Atas Dasar Harga Berlaku di Provinsi Banten Menurut Kabupaten/Kota, 2011-2015 (Ribu Rupiah)/","Per Capita GRDP at Current Market Prices by Regency/Municipality, in Banten Province, 2011-2015 (Thousand Rupiahs)",16,6,08d9cdad3afd
BANTEN,71,Kota Tangerang,,2015,**),6 1.609,,"PDRB Per Kapita Atas Dasar Harga Berlaku di Provinsi Banten Menurut Kabupaten/Kota, 2011-2015 (Ribu Rupiah)/","Per Capita GRDP at Current Market Prices by Regency/Municipality, in Banten Province, 2011-2015 (Thousand Rupiahs)",16,6,8bd8c9fd0b3f
BANTEN,72,Kota Cilegon,,2015,**),1 89.182,,"PDRB Per Kapita Atas Dasar Harga Berlaku di Provinsi Banten Menurut Kabupaten/Kota, 2011-2015 (Ribu Rupiah)/","Per Capita GRDP at Current Market Prices by Regency/Municipality, in Banten Province, 2011-2015 (Thousand Rupiahs)",16,6,4fc171d4abea
BANTEN,73,Kota Serang,,2015,**),3 3.996,,"PDRB Per Kapita Atas Dasar Harga Berlaku di Provinsi Banten Menurut Kabupaten/Kota, 2011-2015 (Ribu Rupiah)/","Per Capita GRDP at Current Market Prices by Regency/Municipality, in Banten Province, 2011-2015 (Thousand Rupiahs)",16,6,02177c81a322
BANTEN,74,Kota Tangerang Selatan,,2015,**),3 6.317,,"PDRB Per Kapita Atas Dasar Harga Berlaku di Provinsi Banten Menurut Kabupaten/Kota, 2011-2015 (Ribu Rupiah)/","Per Capita GRDP at Current Market Prices by Regency/Municipality, in Banten Province, 2011-2015 (Thousand Rupiahs)",16,6,703455260d2b
BANTEN,,Jml Kab./Kota Total of Reg./Mun.,,2015,**),4 0.263,,"PDRB Per Kapita Atas Dasar Harga Berlaku di Provinsi Banten Menurut Kabupaten/Kota, 2011-2015 (Ribu Rupiah)/","Per Capita GRDP at Current Market Prices by Regency/Municipality, in Banten Province, 2011-2015 (Thousand Rupiahs)",16,6,caecd00afe00
BANTEN,,Provinsi/Province,,2015,**),3 9.977,,"PDRB Per Kapita Atas Dasar Harga Berlaku di Provinsi Banten Menurut Kabupaten/Kota, 2011-2015 (Ribu Rupiah)/","Per Capita GRDP at Current Market Prices by Regency/Municipality, in Banten Province, 2011-2015 (Thousand Rupiahs)",16,6,83bcfcfba88c
BALI,01,Kab. Jembrana,,2015,**),3 7.828,,"PDRB Per Kapita Atas Dasar Harga Berlaku di Provinsi Bali Menurut Kabupaten/Kota, 2011-2015 (Ribu Rupiah)/","Per Capita GRDP at Current Market Prices by Regency/Municipality, in Bali Province, 2011-2015 (Thousand Rupiahs)",17,7,832c665e67ba
BALI,02,Kab. Tabanan,,2015,**),3 9.464,,"PDRB Per Kapita Atas Dasar Harga Berlaku di Provinsi Bali Menurut Kabupaten/Kota, 2011-2015 (Ribu Rupiah)/","Per Capita GRDP at Current Market Prices by Regency/Municipality, in Bali Province, 2011-2015 (Thousand Rupiahs)",17,7,1b760341e593
BALI,03,Kab. Badung,,2015,**),6 6.971,,"PDRB Per Kapita Atas Dasar Harga Berlaku di Provinsi Bali Menurut Kabupaten/Kota, 2011-2015 (Ribu Rupiah)/","Per Capita GRDP at Current Market Prices by Regency/Municipality, in Bali Province, 2011-2015 (Thousand Rupiahs)",17,7,5c336e807b44
BALI,04,Kab. Gianyar,,2015,**),4 0.499,,"PDRB Per Kapita Atas Dasar Harga Berlaku di Provinsi Bali Menurut Kabupaten/Kota, 2011-2015 (Ribu Rupiah)/","Per Capita GRDP at Current Market Prices by Regency/Municipality, in Bali Province, 2011-2015 (Thousand Rupiahs)",17,7,ea92ec92424c
BALI,05,Kab. Klungkung,,2015,**),3 6.503,,"PDRB Per Kapita Atas Dasar Harga Berlaku di Provinsi Bali Menurut Kabupaten/Kota, 2011-2015 (Ribu Rupiah)/","Per Capita GRDP at Current Market Prices by Regency/Municipality, in Bali Province, 2011-2015 (Thousand Rupiahs)",17,7,ed9e7c935c7d
BALI,06,Kab. Bangli,,2015,**),2 2.418,,"PDRB Per Kapita Atas Dasar Harga Berlaku di Provinsi Bali Menurut Kabupaten/Kota, 2011-2015 (Ribu Rupiah)/","Per Capita GRDP at Current Market Prices by Regency/Municipality, in Bali Province, 2011-2015 (Thousand Rupiahs)",17,7,0e6c523c32a7
BALI,07,Kab. Karangasem,,2015,**),3 0.105,,"PDRB Per Kapita Atas Dasar Harga Berlaku di Provinsi Bali Menurut Kabupaten/Kota, 2011-2015 (Ribu Rupiah)/","Per Capita GRDP at Current Market Prices by Regency/Municipality, in Bali Province, 2011-2015 (Thousand Rupiahs)",17,7,7b939c90cacb
BALI,08,Kab. Buleleng,,2015,**),3 9.448,,"PDRB Per Kapita Atas Dasar Harga Berlaku di Provinsi Bali Menurut Kabupaten/Kota, 2011-2015 (Ribu Rupiah)/","Per Capita GRDP at Current Market Prices by Regency/Municipality, in Bali Province, 2011-2015 (Thousand Rupiahs)",17,7,b816902899f0
BALI,71,Kota Denpasar,,2015,**),4 3.681,,"PDRB Per Kapita Atas Dasar Harga Berlaku di Provinsi Bali Menurut Kabupaten/Kota, 2011-2015 (Ribu Rupiah)/","Per Capita GRDP at Current Market Prices by Regency/Municipality, in Bali Province, 2011-2015 (Thousand Rupiahs)",17,7,8c2559bcb28f
BALI,,Jml Kab./Kota Total of Reg./Mun.,,2015,**),4 2.495,,"PDRB Per Kapita Atas Dasar Harga Berlaku di Provinsi Bali Menurut Kabupaten/Kota, 2011-2015 (Ribu Rupiah)/","Per Capita GRDP at Current Market Prices by Regency/Municipality, in Bali Province, 2011-2015 (Thousand Rupiahs)",17,7,0a8267b28ae5
BALI,,Provinsi/Province,,2015,**),4 2.663,,"PDRB Per Kapita Atas Dasar Harga Berlaku di Provinsi Bali Menurut Kabupaten/Kota, 2011-2015 (Ribu Rupiah)/","Per Capita GRDP at Current Market Prices by Regency/Municipality, in Bali Province, 2011-2015 (Thousand Rupiahs)",17,7,0cbb409e65d5
NUSA TENGGARA BARAT,01,Kab. Lombok Barat,,2015,**),1 7.325,,"PDRB Per Kapita Atas Dasar Harga Berlaku di Provinsi Nusa Tenggara Barat Menurut Kabupaten/Kota, 2011-2015 (Ribu Rupiah)/","Per Capita GRDP at Current Market Prices by Regency/Municipality, in Nusa Tenggara Barat Province, 2011-2015 (Thousand Rupiahs)",18,8,23bceeee2939
NUSA TENGGARA BARAT,02,Kab. Lombok Tengah,,2015,**),1 4.560,,"PDRB Per Kapita Atas Dasar Harga Berlaku di Provinsi Nusa Tenggara Barat Menurut Kabupaten/Kota, 2011-2015 (Ribu Rupiah)/","Per Capita GRDP at Current Market Prices by Regency/Municipality, in Nusa Tenggara Barat Province, 2011-2015 (Thousand Rupiahs)",18,8,68d958b32880
NUSA TENGGARA BARAT,03,Kab. Lombok Timur,,2015,**),1 2.234,,"PDRB Per Kapita Atas Dasar Harga Berlaku di Provinsi Nusa Tenggara Barat Menurut Kabupaten/Kota, 2011-2015 (Ribu Rupiah)/","Per Capita GRDP at Current Market Prices by Regency/Municipality, in Nusa Tenggara Barat Province, 2011-2015 (Thousand Rupiahs)",18,8,625170b02fb7
NUSA TENGGARA BARAT,04,Kab. Sumbawa,,2015,**),2 3.200,,"PDRB Per Kapita Atas Dasar Harga Berlaku di Provinsi Nusa Tenggara Barat Menurut Kabupaten/Kota, 2011-2015 (Ribu Rupiah)/","Per Capita GRDP at Current Market Prices by Regency/Municipality, in Nusa Tenggara Barat Province, 2011-2015 (Thousand Rupiahs)",18,8,5ba004e9b684
NUSA TENGGARA BARAT,05,Kab. Dompu,,2015,**),2 1.011,,"PDRB Per Kapita Atas Dasar Harga Berlaku di Provinsi Nusa Tenggara Barat Menurut Kabupaten/Kota, 2011-2015 (Ribu Rupiah)/","Per Capita GRDP at Current Market Prices by Regency/Municipality, in Nusa Tenggara Barat Province, 2011-2015 (Thousand Rupiahs)",18,8,af97ed60d88d
NUSA TENGGARA BARAT,06,Kab. Bima,,2015,**),1 7.695,,"PDRB Per Kapita Atas Dasar Harga Berlaku di Provinsi Nusa Tenggara Barat Menurut Kabupaten/Kota, 2011-2015 (Ribu Rupiah)/","Per Capita GRDP at Current Market Prices by Regency/Municipality, in Nusa Tenggara Barat Province, 2011-2015 (Thousand Rupiahs)",18,8,c8f41d08e276
NUSA TENGGARA BARAT,07,Kab. Sumbawa Barat,,2015,**),1 63.198,,"PDRB Per Kapita Atas Dasar Harga Berlaku di Provinsi Nusa Tenggara Barat Menurut Kabupaten/Kota, 2011-2015 (Ribu Rupiah)/","Per Capita GRDP at Current Market Prices by Regency/Municipality, in Nusa Tenggara Barat Province, 2011-2015 (Thousand Rupiahs)",18,8,5a9a48eed18c
NUSA TENGGARA BARAT,08,Kab. Lombok Utara,,2015,**),1 6.891,,"PDRB Per Kapita Atas Dasar Harga Berlaku di Provinsi Nusa Tenggara Barat Menurut Kabupaten/Kota, 2011-2015 (Ribu Rupiah)/","Per Capita GRDP at Current Market Prices by Regency/Municipality, in Nusa Tenggara Barat Province, 2011-2015 (Thousand Rupiahs)",18,8,be709e0f334d
NUSA TENGGARA BARAT,71,Kota Mataram,,2015,**),2 9.406,,"PDRB Per Kapita Atas Dasar Harga Berlaku di Provinsi Nusa Tenggara Barat Menurut Kabupaten/Kota, 2011-2015 (Ribu Rupiah)/","Per Capita GRDP at Current Market Prices by Regency/Municipality, in Nusa Tenggara Barat Province, 2011-2015 (Thousand Rupiahs)",18,8,5889113ec8ab
NUSA TENGGARA BARAT,72,Kota Bima,,2015,**),1 8.739,,"PDRB Per Kapita Atas Dasar Harga Berlaku di Provinsi Nusa Tenggara Barat Menurut Kabupaten/Kota, 2011-2015 (Ribu Rupiah)/","Per Capita GRDP at Current Market Prices by Regency/Municipality, in Nusa Tenggara Barat Province, 2011-2015 (Thousand Rupiahs)",18,8,6cfc2fff206c
NUSA TENGGARA BARAT,,Jml Kab./Kota Total of Reg./Mun.,,2015,**),2 1.507,,"PDRB Per Kapita Atas Dasar Harga Berlaku di Provinsi Nusa Tenggara Barat Menurut Kabupaten/Kota, 2011-2015 (Ribu Rupiah)/","Per Capita GRDP at Current Market Prices by Regency/Municipality, in Nusa Tenggara Barat Province, 2011-2015 (Thousand Rupiahs)",18,8,5f96803baa7d
NUSA TENGGARA BARAT,,Provinsi/Province,,2015,**),2 1.257,,"PDRB Per Kapita Atas Dasar Harga Berlaku di Provinsi Nusa Tenggara Barat Menurut Kabupaten/Kota, 2011-2015 (Ribu Rupiah)/","Per Capita GRDP at Current Market Prices by Regency/Municipality, in Nusa Tenggara Barat Province, 2011-2015 (Thousand Rupiahs)",18,8,515e29e3f6a5
NUSA TENGGARA TIMUR,01,Kab. Sumba Barat,,2015,**),1 3.473,,"PDRB Per Kapita Atas Dasar Harga Berlaku di Provinsi Nusa Tenggara Timur Menurut Kabupaten/Kota, 2011-2015 (Ribu Rupiah)/","Per Capita GRDP at Current Market Prices by Regency/Municipality, in Nusa Tenggara Timur Province, 2011-2015 (Thousand Rupiahs)",19,9,d72aca5ba9da
NUSA TENGGARA TIMUR,02,Kab. Sumba Timur,,2015,**),1 8.520,,"PDRB Per Kapita Atas Dasar Harga Berlaku di Provinsi Nusa Tenggara Timur Menurut Kabupaten/Kota, 2011-2015 (Ribu Rupiah)/","Per Capita GRDP at Current Market Prices by Regency/Municipality, in Nusa Tenggara Timur Province, 2011-2015 (Thousand Rupiahs)",19,9,762a1019903a
NUSA TENGGARA TIMUR,03,Kab. Kupang,,2015,**),1 5.628,,"PDRB Per Kapita Atas Dasar Harga Berlaku di Provinsi Nusa Tenggara Timur Menurut Kabupaten/Kota, 2011-2015 (Ribu Rupiah)/","Per Capita GRDP at Current Market Prices by Regency/Municipality, in Nusa Tenggara Timur Province, 2011-2015 (Thousand Rupiahs)",19,9,34763c6c8403
NUSA TENGGARA TIMUR,04,Kab. Timor Tengah Selatan,,2015,**),1 2.020,,"PDRB Per Kapita Atas Dasar Harga Berlaku di Provinsi Nusa Tenggara Timur Menurut Kabupaten/Kota, 2011-2015 (Ribu Rupiah)/","Per Capita GRDP at Current Market Prices by Regency/Municipality, in Nusa Tenggara Timur Province, 2011-2015 (Thousand Rupiahs)",19,9,1be74e76c174
NUSA TENGGARA TIMUR,05,Kab. Timor Tengah Utara,,2015,**),1 1.996,,"PDRB Per Kapita Atas Dasar Harga Berlaku di Provinsi Nusa Tenggara Timur Menurut Kabupaten/Kota, 2011-2015 (Ribu Rupiah)/","Per Capita GRDP at Current Market Prices by Regency/Municipality, in Nusa Tenggara Timur Province, 2011-2015 (Thousand Rupiahs)",19,9,f68830a988ae
NUSA TENGGARA TIMUR,06,Kab. Belu,,2015,**),1 4.881,,"PDRB Per Kapita Atas Dasar Harga Berlaku di Provinsi Nusa Tenggara Timur Menurut Kabupaten/Kota, 2011-2015 (Ribu Rupiah)/","Per Capita GRDP at Current Market Prices by Regency/Municipality, in Nusa Tenggara Timur Province, 2011-2015 (Thousand Rupiahs)",19,9,ff5d67f25ed7
NUSA TENGGARA TIMUR,21,Kab. Malaka,#),2015,**),1 0.931,,"PDRB Per Kapita Atas Dasar Harga Berlaku di Provinsi Nusa Tenggara Timur Menurut Kabupaten/Kota, 2011-2015 (Ribu Rupiah)/","Per Capita GRDP at Current Market Prices by Regency/Municipality, in Nusa Tenggara Timur Province, 2011-2015 (Thousand Rupiahs)",19,9,b8d734f30d6c
NUSA TENGGARA TIMUR,07,Kab. Alor,,2015,**),1 0.815,,"PDRB Per Kapita Atas Dasar Harga Berlaku di Provinsi Nusa Tenggara Timur Menurut Kabupaten/Kota, 2011-2015 (Ribu Rupiah)/","Per Capita GRDP at Current Market Prices by Regency/Municipality, in Nusa Tenggara Timur Province, 2011-2015 (Thousand Rupiahs)",19,9,963317494865
NUSA TENGGARA TIMUR,08,Kab. Lembata,,2015,**),1 0.086,,"PDRB Per Kapita Atas Dasar Harga Berlaku di Provinsi Nusa Tenggara Timur Menurut Kabupaten/Kota, 2011-2015 (Ribu Rupiah)/","Per Capita GRDP at Current Market Prices by Regency/Municipality, in Nusa Tenggara Timur Province, 2011-2015 (Thousand Rupiahs)",19,9,17636705e9f9
NUSA TENGGARA TIMUR,09,Kab. Flores Timur,,2015,**),1 5.728,,"PDRB Per Kapita Atas Dasar Harga Berlaku di Provinsi Nusa Tenggara Timur Menurut Kabupaten/Kota, 2011-2015 (Ribu Rupiah)/","Per Capita GRDP at Current Market Prices by Regency/Municipality, in Nusa Tenggara Timur Province, 2011-2015 (Thousand Rupiahs)",19,9,97875a9ab6a2
NUSA TENGGARA TIMUR,10,Kab. Sikka,,2015,**),1 1.183,,"PDRB Per Kapita Atas Dasar Harga Berlaku di Provinsi Nusa Tenggara Timur Menurut Kabupaten/Kota, 2011-2015 (Ribu Rupiah)/","Per Capita GRDP at Current Market Prices by Regency/Municipality, in Nusa Tenggara Timur Province, 2011-2015 (Thousand Rupiahs)",19,9,b21cb9ce3409
NUSA TENGGARA TIMUR,11,Kab. Ende,,2015,**),1 6.975,,"PDRB Per Kapita Atas Dasar Harga Berlaku di Provinsi Nusa Tenggara Timur Menurut Kabupaten/Kota, 2011-2015 (Ribu Rupiah)/","Per Capita GRDP at Current Market Prices by Regency/Municipality, in Nusa Tenggara Timur Province, 2011-2015 (Thousand Rupiahs)",19,9,7954ea1c0e00
NUSA TENGGARA TIMUR,12,Kab. Ngada,,2015,**),1 6.417,,"PDRB Per Kapita Atas Dasar Harga Berlaku di Provinsi Nusa Tenggara Timur Menurut Kabupaten/Kota, 2011-2015 (Ribu Rupiah)/","Per Capita GRDP at Current Market Prices by Regency/Municipality, in Nusa Tenggara Timur Province, 2011-2015 (Thousand Rupiahs)",19,9,07267b8b4590
NUSA TENGGARA TIMUR,13,Kab. Manggarai,,2015,**),1 0.474,,"PDRB Per Kapita Atas Dasar Harga Berlaku di Provinsi Nusa Tenggara Timur Menurut Kabupaten/Kota, 2011-2015 (Ribu Rupiah)/","Per Capita GRDP at Current Market Prices by Regency/Municipality, in Nusa Tenggara Timur Province, 2011-2015 (Thousand Rupiahs)",19,9,4e6317bfbe43
NUSA TENGGARA TIMUR,14,Kab. Rote Ndao,,2015,**),1 4.639,,"PDRB Per Kapita Atas Dasar Harga Berlaku di Provinsi Nusa Tenggara Timur Menurut Kabupaten/Kota, 2011-2015 (Ribu Rupiah)/","Per Capita GRDP at Current Market Prices by Regency/Municipality, in Nusa Tenggara Timur Province, 2011-2015 (Thousand Rupiahs)",19,9,d9df87a37424
NUSA TENGGARA TIMUR,15,Kab. Manggarai Barat,,2015,**),9 .306,,"PDRB Per Kapita Atas Dasar Harga Berlaku di Provinsi Nusa Tenggara Timur Menurut Kabupaten/Kota, 2011-2015 (Ribu Rupiah)/","Per Capita GRDP at Current Market Prices by Regency/Municipality, in Nusa Tenggara Timur Province, 2011-2015 (Thousand Rupiahs)",19,9,402891a40435
NUSA TENGGARA TIMUR,16,Kab. Sumba Tengah,,2015,**),1 2.098,,"PDRB Per Kapita Atas Dasar Harga Berlaku di Provinsi Nusa Tenggara Timur Menurut Kabupaten/Kota, 2011-2015 (Ribu Rupiah)/","Per Capita GRDP at Current Market Prices by Regency/Municipality, in Nusa Tenggara Timur Province, 2011-2015 (Thousand Rupiahs)",19,9,c7e99b4f5541
NUSA TENGGARA TIMUR,17,Kab. Sumba Barat Daya,,2015,**),8 .435,,"PDRB Per Kapita Atas Dasar Harga Berlaku di Provinsi Nusa Tenggara Timur Menurut Kabupaten/Kota, 2011-2015 (Ribu Rupiah)/","Per Capita GRDP at Current Market Prices by Regency/Municipality, in Nusa Tenggara Timur Province, 2011-2015 (Thousand Rupiahs)",19,9,2f2a7ab50e29
NUSA TENGGARA TIMUR,18,Kab. Nagekeo,,2015,**),1 2.183,,"PDRB Per Kapita Atas Dasar Harga Berlaku di Provinsi Nusa Tenggara Timur Menurut Kabupaten/Kota, 2011-2015 (Ribu Rupiah)/","Per Capita GRDP at Current Market Prices by Regency/Municipality, in Nusa Tenggara Timur Province, 2011-2015 (Thousand Rupiahs)",19,9,781cf01ba423
NUSA TENGGARA TIMUR,19,Kab. Manggarai Timur,,2015,**),8 .352,,"PDRB Per Kapita Atas Dasar Harga Berlaku di Provinsi Nusa Tenggara Timur Menurut Kabupaten/Kota, 2011-2015 (Ribu Rupiah)/","Per Capita GRDP at Current Market Prices by Regency/Municipality, in Nusa Tenggara Timur Province, 2011-2015 (Thousand Rupiahs)",19,9,8a517e4fe490
NUSA TENGGARA TIMUR,20,Kab. Sabu Raijua,,2015,**),1 1.462,,"PDRB Per Kapita Atas Dasar Harga Berlaku di Provinsi Nusa Tenggara Timur Menurut Kabupaten/Kota, 2011-2015 (Ribu Rupiah)/","Per Capita GRDP at Current Market Prices by Regency/Municipality, in Nusa Tenggara Timur Province, 2011-2015 (Thousand Rupiahs)",19,9,801f2c406a7e
NUSA TENGGARA TIMUR,71,Kota Kupang,,2015,**),4 2.524,,"PDRB Per Kapita Atas Dasar Harga Berlaku di Provinsi Nusa Tenggara Timur Menurut Kabupaten/Kota, 2011-2015 (Ribu Rupiah)/","Per Capita GRDP at Current Market Prices by Regency/Municipality, in Nusa Tenggara Timur Province, 2011-2015 (Thousand Rupiahs)",19,9,2124801184ac
NUSA TENGGARA TIMUR,,Jml Kab./Kota Total of Reg./Mun.,,2015,**),1 4.865,,"PDRB Per Kapita Atas Dasar Harga Berlaku di Provinsi Nusa Tenggara Timur Menurut Kabupaten/Kota, 2011-2015 (Ribu Rupiah)/","Per Capita GRDP at Current Market Prices by Regency/Municipality, in Nusa Tenggara Timur Province, 2011-2015 (Thousand Rupiahs)",19,9,db2f9d0fa7d0
NUSA TENGGARA TIMUR,,Provinsi/Province,,2015,**),1 4.928,,"PDRB Per Kapita Atas Dasar Harga Berlaku di Provinsi Nusa Tenggara Timur Menurut Kabupaten/Kota, 2011-2015 (Ribu Rupiah)/","Per Capita GRDP at Current Market Prices by Regency/Municipality, in Nusa Tenggara Timur Province, 2011-2015 (Thousand Rupiahs)",19,9,f76803deb7c5
KALIMANTAN BARAT,01,Kab. Sambas,,2015,**),2 8.039,,"PDRB Per Kapita Atas Dasar Harga Berlaku di Provinsi Kalimantan Barat Menurut Kabupaten/Kota, 2011-2015 (Ribu Rupiah)/","Per Capita GRDP at Current Market Prices by Regency/Municipality, in Kalimantan Barat Province, 2011-2015 (Thousand Rupiahs)",20,10,cfb2fa0bce8c
KALIMANTAN BARAT,02,Kab. Bengkayang,,2015,**),2 5.787,,"PDRB Per Kapita Atas Dasar Harga Berlaku di Provinsi Kalimantan Barat Menurut Kabupaten/Kota, 2011-2015 (Ribu Rupiah)/","Per Capita GRDP at Current Market Prices by Regency/Municipality, in Kalimantan Barat Province, 2011-2015 (Thousand Rupiahs)",20,10,a33e7a818126
KALIMANTAN BARAT,03,Kab. Landak,,2015,**),2 0.821,,"PDRB Per Kapita Atas Dasar Harga Berlaku di Provinsi Kalimantan Barat Menurut Kabupaten/Kota, 2011-2015 (Ribu Rupiah)/","Per Capita GRDP at Current Market Prices by Regency/Municipality, in Kalimantan Barat Province, 2011-2015 (Thousand Rupiahs)",20,10,040f4005d8e7
KALIMANTAN BARAT,04,Kab. Mempawah,x),2015,**),2 2.800,,"PDRB Per Kapita Atas Dasar Harga Berlaku di Provinsi Kalimantan Barat Menurut Kabupaten/Kota, 2011-2015 (Ribu Rupiah)/","Per Capita GRDP at Current Market Prices by Regency/Municipality, in Kalimantan Barat Province, 2011-2015 (Thousand Rupiahs)",20,10,d347eeafd2d4
KALIMANTAN BARAT,05,Kab. Sanggau,,2015,**),3 1.420,,"PDRB Per Kapita Atas Dasar Harga Berlaku di Provinsi Kalimantan Barat Menurut Kabupaten/Kota, 2011-2015 (Ribu Rupiah)/","Per Capita GRDP at Current Market Prices by Regency/Municipality, in Kalimantan Barat Province, 2011-2015 (Thousand Rupiahs)",20,10,dc634ec5ed02
KALIMANTAN BARAT,06,Kab. Ketapang,,2015,**),3 6.675,,"PDRB Per Kapita Atas Dasar Harga Berlaku di Provinsi Kalimantan Barat Menurut Kabupaten/Kota, 2011-2015 (Ribu Rupiah)/","Per Capita GRDP at Current Market Prices by Regency/Municipality, in Kalimantan Barat Province, 2011-2015 (Thousand Rupiahs)",20,10,d11137da84d1
KALIMANTAN BARAT,07,Kab. Sintang,,2015,**),2 5.727,,"PDRB Per Kapita Atas Dasar Harga Berlaku di Provinsi Kalimantan Barat Menurut Kabupaten/Kota, 2011-2015 (Ribu Rupiah)/","Per Capita GRDP at Current Market Prices by Regency/Municipality, in Kalimantan Barat Province, 2011-2015 (Thousand Rupiahs)",20,10,6b2827e62a1f
KALIMANTAN BARAT,08,Kab. Kapuas Hulu,,2015,**),2 8.665,,"PDRB Per Kapita Atas Dasar Harga Berlaku di Provinsi Kalimantan Barat Menurut Kabupaten/Kota, 2011-2015 (Ribu Rupiah)/","Per Capita GRDP at Current Market Prices by Regency/Municipality, in Kalimantan Barat Province, 2011-2015 (Thousand Rupiahs)",20,10,2df21c6ef2af
KALIMANTAN BARAT,09,Kab. Sekadau,,2015,**),2 2.427,,"PDRB Per Kapita Atas Dasar Harga Berlaku di Provinsi Kalimantan Barat Menurut Kabupaten/Kota, 2011-2015 (Ribu Rupiah)/","Per Capita GRDP at Current Market Prices by Regency/Municipality, in Kalimantan Barat Province, 2011-2015 (Thousand Rupiahs)",20,10,81439b5f296d
KALIMANTAN BARAT,10,Kab. Melawi,,2015,**),1 8.644,,"PDRB Per Kapita Atas Dasar Harga Berlaku di Provinsi Kalimantan Barat Menurut Kabupaten/Kota, 2011-2015 (Ribu Rupiah)/","Per Capita GRDP at Current Market Prices by Regency/Municipality, in Kalimantan Barat Province, 2011-2015 (Thousand Rupiahs)",20,10,584651f6e0de
KALIMANTAN BARAT,11,Kab. Kayong Utara,,2015,**),2 6.633,,"PDRB Per Kapita Atas Dasar Harga Berlaku di Provinsi Kalimantan Barat Menurut Kabupaten/Kota, 2011-2015 (Ribu Rupiah)/","Per Capita GRDP at Current Market Prices by Regency/Municipality, in Kalimantan Barat Province, 2011-2015 (Thousand Rupiahs)",20,10,e9159fbe89b2
KALIMANTAN BARAT,12,Kab. Kubu Raya,,2015,**),3 5.100,,"PDRB Per Kapita Atas Dasar Harga Berlaku di Provinsi Kalimantan Barat Menurut Kabupaten/Kota, 2011-2015 (Ribu Rupiah)/","Per Capita GRDP at Current Market Prices by Regency/Municipality, in Kalimantan Barat Province, 2011-2015 (Thousand Rupiahs)",20,10,dda385de48d1
KALIMANTAN BARAT,71,Kota Pontianak,,2015,**),4 5.412,,"PDRB Per Kapita Atas Dasar Harga Berlaku di Provinsi Kalimantan Barat Menurut Kabupaten/Kota, 2011-2015 (Ribu Rupiah)/","Per Capita GRDP at Current Market Prices by Regency/Municipality, in Kalimantan Barat Province, 2011-2015 (Thousand Rupiahs)",20,10,d625e22aaabc
KALIMANTAN BARAT,72,Kota Singkawang,,2015,**),3 6.015,,"PDRB Per Kapita Atas Dasar Harga Berlaku di Provinsi Kalimantan Barat Menurut Kabupaten/Kota, 2011-2015 (Ribu Rupiah)/","Per Capita GRDP at Current Market Prices by Regency/Municipality, in Kalimantan Barat Province, 2011-2015 (Thousand Rupiahs)",20,10,469c1bed7989
KALIMANTAN BARAT,,Jml Kab./Kota Total of Reg./Mun.,,2015,**),3 0.837,,"PDRB Per Kapita Atas Dasar Harga Berlaku di Provinsi Kalimantan Barat Menurut Kabupaten/Kota, 2011-2015 (Ribu Rupiah)/","Per Capita GRDP at Current Market Prices by Regency/Municipality, in Kalimantan Barat Province, 2011-2015 (Thousand Rupiahs)",20,10,23307b5b14fe
KALIMANTAN BARAT,,Provinsi/Province,,2015,**),3 0.668,,"PDRB Per Kapita Atas Dasar Harga Berlaku di Provinsi Kalimantan Barat Menurut Kabupaten/Kota, 2011-2015 (Ribu Rupiah)/","Per Capita GRDP at Current Market Prices by Regency/Municipality, in Kalimantan Barat Province, 2011-2015 (Thousand Rupiahs)",20,10,8eea3c6663a6
KALIMANTAN TENGAH,01,Kab. Kotawaringin Barat,,2011,,3 3.324,,"PDRB Per Kapita Atas Dasar Harga Berlaku di Provinsi Kalimantan Tengah Menurut Kabupaten/Kota, 2011-2015 (Ribu Rupiah)","Per Capita GRDP at Current Market Prices by Regency/Municipality, in Kalimantan Tengah Province, 2011-2015 (Thousand Rupiahs)",21,1,b1e11e324097
KALIMANTAN TENGAH,02,Kab. Kotawaringin Timur,,2011,,2 9.141,,"PDRB Per Kapita Atas Dasar Harga Berlaku di Provinsi Kalimantan Tengah Menurut Kabupaten/Kota, 2011-2015 (Ribu Rupiah)","Per Capita GRDP at Current Market Prices by Regency/Municipality, in Kalimantan Tengah Province, 2011-2015 (Thousand Rupiahs)",21,1,c312502cc8fe
KALIMANTAN TENGAH,03,Kab. Kapuas,,2011,,2 0.429,,"PDRB Per Kapita Atas Dasar Harga Berlaku di Provinsi Kalimantan Tengah Menurut Kabupaten/Kota, 2011-2015 (Ribu Rupiah)","Per Capita GRDP at Current Market Prices by Regency/Municipality, in Kalimantan Tengah Province, 2011-2015 (Thousand Rupiahs)",21,1,1d6131e1446b
KALIMANTAN TENGAH,04,Kab. Barito Selatan,,2011,,2 5.048,,"PDRB Per Kapita Atas Dasar Harga Berlaku di Provinsi Kalimantan Tengah Menurut Kabupaten/Kota, 2011-2015 (Ribu Rupiah)","Per Capita GRDP at Current Market Prices by Regency/Municipality, in Kalimantan Tengah Province, 2011-2015 (Thousand Rupiahs)",21,1,3a602b700f1b
KALIMANTAN TENGAH,05,Kab. Barito Utara,,2011,,4 0.434,,"PDRB Per Kapita Atas Dasar Harga Berlaku di Provinsi Kalimantan Tengah Menurut Kabupaten/Kota, 2011-2015 (Ribu Rupiah)","Per Capita GRDP at Current Market Prices by Regency/Municipality, in Kalimantan Tengah Province, 2011-2015 (Thousand Rupiahs)",21,1,789da23098cd
KALIMANTAN TENGAH,06,Kab. Sukamara,,2011,,3 9.899,,"PDRB Per Kapita Atas Dasar Harga Berlaku di Provinsi Kalimantan Tengah Menurut Kabupaten/Kota, 2011-2015 (Ribu Rupiah)","Per Capita GRDP at Current Market Prices by Regency/Municipality, in Kalimantan Tengah Province, 2011-2015 (Thousand Rupiahs)",21,1,c60152be9e5f
KALIMANTAN TENGAH,07,Kab. Lamandau,,2011,,3 6.194,,"PDRB Per Kapita Atas Dasar Harga Berlaku di Provinsi Kalimantan Tengah Menurut Kabupaten/Kota, 2011-2015 (Ribu Rupiah)","Per Capita GRDP at Current Market Prices by Regency/Municipality, in Kalimantan Tengah Province, 2011-2015 (Thousand Rupiahs)",21,1,fa3bf89a45f2
KALIMANTAN TENGAH,08,Kab. Seruyan,,2011,,2 9.091,,"PDRB Per Kapita Atas Dasar Harga Berlaku di Provinsi Kalimantan Tengah Menurut Kabupaten/Kota, 2011-2015 (Ribu Rupiah)","Per Capita GRDP at Current Market Prices by Regency/Municipality, in Kalimantan Tengah Province, 2011-2015 (Thousand Rupiahs)",21,1,78f53cec7623
KALIMANTAN TENGAH,09,Kab. Katingan,,2011,,2 2.442,,"PDRB Per Kapita Atas Dasar Harga Berlaku di Provinsi Kalimantan Tengah Menurut Kabupaten/Kota, 2011-2015 (Ribu Rupiah)","Per Capita GRDP at Current Market Prices by Regency/Municipality, in Kalimantan Tengah Province, 2011-2015 (Thousand Rupiahs)",21,1,5e08168b2921
KALIMANTAN TENGAH,10,Kab. Pulang Pisau,,2011,,1 7.946,,"PDRB Per Kapita Atas Dasar Harga Berlaku di Provinsi Kalimantan Tengah Menurut Kabupaten/Kota, 2011-2015 (Ribu Rupiah)","Per Capita GRDP at Current Market Prices by Regency/Municipality, in Kalimantan Tengah Province, 2011-2015 (Thousand Rupiahs)",21,1,7acb587d7c86
KALIMANTAN TENGAH,11,Kab. Gunung Mas,,2011,,2 2.753,,"PDRB Per Kapita Atas Dasar Harga Berlaku di Provinsi Kalimantan Tengah Menurut Kabupaten/Kota, 2011-2015 (Ribu Rupiah)","Per Capita GRDP at Current Market Prices by Regency/Municipality, in Kalimantan Tengah Province, 2011-2015 (Thousand Rupiahs)",21,1,2d110513172c
KALIMANTAN TENGAH,12,Kab. Barito Timur,,2011,,3 7.436,,"PDRB Per Kapita Atas Dasar Harga Berlaku di Provinsi Kalimantan Tengah Menurut Kabupaten/Kota, 2011-2015 (Ribu Rupiah)","Per Capita GRDP at Current Market Prices by Regency/Municipality, in Kalimantan Tengah Province, 2011-2015 (Thousand Rupiahs)",21,1,12d5ecf1a11a
KALIMANTAN TENGAH,13,Kab. Murung Raya,,2011,,4 0.541,,"PDRB Per Kapita Atas Dasar Harga Berlaku di Provinsi Kalimantan Tengah Menurut Kabupaten/Kota, 2011-2015 (Ribu Rupiah)","Per Capita GRDP at Current Market Prices by Regency/Municipality, in Kalimantan Tengah Province, 2011-2015 (Thousand Rupiahs)",21,1,d5c2a0cc4cd9
KALIMANTAN TENGAH,71,Kota Palangka Raya,,2011,,2 9.124,,"PDRB Per Kapita Atas Dasar Harga Berlaku di Provinsi Kalimantan Tengah Menurut Kabupaten/Kota, 2011-2015 (Ribu Rupiah)","Per Capita GRDP at Current Market Prices by Regency/Municipality, in Kalimantan Tengah Province, 2011-2015 (Thousand Rupiahs)",21,1,2b29bf2647ea
KALIMANTAN TENGAH,,Jml Kab./Kota Total of Reg./Mun.,,2011,,2 8.666,,"PDRB Per Kapita Atas Dasar Harga Berlaku di Provinsi Kalimantan Tengah Menurut Kabupaten/Kota, 2011-2015 (Ribu Rupiah)","Per Capita GRDP at Current Market Prices by Regency/Municipality, in Kalimantan Tengah Province, 2011-2015 (Thousand Rupiahs)",21,1,1bf84042e3c5
KALIMANTAN TENGAH,,Provinsi/Province,,2011,,2 8.953,,"PDRB Per Kapita Atas Dasar Harga Berlaku di Provinsi Kalimantan Tengah Menurut Kabupaten/Kota, 2011-2015 (Ribu Rupiah)","Per Capita GRDP at Current Market Prices by Regency/Municipality, in Kalimantan Tengah Province, 2011-2015 (Thousand Rupiahs)",21,1,cec2dcd323bc
KALIMANTAN SELATAN,01,Kab. Tanah Laut,,2011,,2 6.844,,"PDRB Per Kapita Atas Dasar Harga Berlaku di Provinsi Kalimantan Selatan Menurut Kabupaten/Kota, 2011-2015 (Ribu Rupiah)","Per Capita GRDP at Current Market Prices by Regency/Municipality, in Kalimantan Selatan Province, 2011-2015 (Thousand Rupiahs)",22,2,4fac4b7a3790
KALIMANTAN SELATAN,02,Kab. Kota Baru,,2011,,4 4.352,,"PDRB Per Kapita Atas Dasar Harga Berlaku di Provinsi Kalimantan Selatan Menurut Kabupaten/Kota, 2011-2015 (Ribu Rupiah)","Per Capita GRDP at Current Market Prices by Regency/Municipality, in Kalimantan Selatan Province, 2011-2015 (Thousand Rupiahs)",22,2,2cc8a7b53f49
KALIMANTAN SELATAN,03,Kab. Banjar,,2011,,1 6.941,,"PDRB Per Kapita Atas Dasar Harga Berlaku di Provinsi Kalimantan Selatan Menurut Kabupaten/Kota, 2011-2015 (Ribu Rupiah)","Per Capita GRDP at Current Market Prices by Regency/Municipality, in Kalimantan Selatan Province, 2011-2015 (Thousand Rupiahs)",22,2,6804448edd3f
KALIMANTAN SELATAN,04,Kab. Barito Kuala,,2011,,1 4.840,,"PDRB Per Kapita Atas Dasar Harga Berlaku di Provinsi Kalimantan Selatan Menurut Kabupaten/Kota, 2011-2015 (Ribu Rupiah)","Per Capita GRDP at Current Market Prices by Regency/Municipality, in Kalimantan Selatan Province, 2011-2015 (Thousand Rupiahs)",22,2,a29f494c2247
KALIMANTAN SELATAN,05,Kab. Tapin,,2011,,2 7.439,,"PDRB Per Kapita Atas Dasar Harga Berlaku di Provinsi Kalimantan Selatan Menurut Kabupaten/Kota, 2011-2015 (Ribu Rupiah)","Per Capita GRDP at Current Market Prices by Regency/Municipality, in Kalimantan Selatan Province, 2011-2015 (Thousand Rupiahs)",22,2,b894c5ea4ed0
KALIMANTAN SELATAN,06,Kab. Hulu Sungai Selatan,,2011,,1 4.669,,"PDRB Per Kapita Atas Dasar Harga Berlaku di Provinsi Kalimantan Selatan Menurut Kabupaten/Kota, 2011-2015 (Ribu Rupiah)","Per Capita GRDP at Current Market Prices by Regency/Municipality, in Kalimantan Selatan Province, 2011-2015 (Thousand Rupiahs)",22,2,8106069dc885
KALIMANTAN SELATAN,07,Kab. Hulu Sungai Tengah,,2011,,1 3.570,,"PDRB Per Kapita Atas Dasar Harga Berlaku di Provinsi Kalimantan Selatan Menurut Kabupaten/Kota, 2011-2015 (Ribu Rupiah)","Per Capita GRDP at Current Market Prices by Regency/Municipality, in Kalimantan Selatan Province, 2011-2015 (Thousand Rupiahs)",22,2,7ea309bb9fbb
KALIMANTAN SELATAN,08,Kab. Hulu Sungai Utara,,2011,,1 0.758,,"PDRB Per Kapita Atas Dasar Harga Berlaku di Provinsi Kalimantan Selatan Menurut Kabupaten/Kota, 2011-2015 (Ribu Rupiah)","Per Capita GRDP at Current Market Prices by Regency/Municipality, in Kalimantan Selatan Province, 2011-2015 (Thousand Rupiahs)",22,2,42898df56469
KALIMANTAN SELATAN,09,Kab. Tabalong,,2011,,5 4.557,,"PDRB Per Kapita Atas Dasar Harga Berlaku di Provinsi Kalimantan Selatan Menurut Kabupaten/Kota, 2011-2015 (Ribu Rupiah)","Per Capita GRDP at Current Market Prices by Regency/Municipality, in Kalimantan Selatan Province, 2011-2015 (Thousand Rupiahs)",22,2,25edb9dff1e4
KALIMANTAN SELATAN,10,Kab. Tanah Bumbu,,2011,,4 4.592,,"PDRB Per Kapita Atas Dasar Harga Berlaku di Provinsi Kalimantan Selatan Menurut Kabupaten/Kota, 2011-2015 (Ribu Rupiah)","Per Capita GRDP at Current Market Prices by Regency/Municipality, in Kalimantan Selatan Province, 2011-2015 (Thousand Rupiahs)",22,2,b007c919884c
KALIMANTAN SELATAN,11,Kab. Balangan,,2011,,6 4.978,,"PDRB Per Kapita Atas Dasar Harga Berlaku di Provinsi Kalimantan Selatan Menurut Kabupaten/Kota, 2011-2015 (Ribu Rupiah)","Per Capita GRDP at Current Market Prices by Regency/Municipality, in Kalimantan Selatan Province, 2011-2015 (Thousand Rupiahs)",22,2,869bdc3fcf22
KALIMANTAN SELATAN,71,Kota Banjarmasin,,2011,,2 2.780,,"PDRB Per Kapita Atas Dasar Harga Berlaku di Provinsi Kalimantan Selatan Menurut Kabupaten/Kota, 2011-2015 (Ribu Rupiah)","Per Capita GRDP at Current Market Prices by Regency/Municipality, in Kalimantan Selatan Province, 2011-2015 (Thousand Rupiahs)",22,2,b718b0f47d86
KALIMANTAN SELATAN,72,Kota Banjar Baru,,2011,,1 8.805,,"PDRB Per Kapita Atas Dasar Harga Berlaku di Provinsi Kalimantan Selatan Menurut Kabupaten/Kota, 2011-2015 (Ribu Rupiah)","Per Capita GRDP at Current Market Prices by Regency/Municipality, in Kalimantan Selatan Province, 2011-2015 (Thousand Rupiahs)",22,2,d190e04d868b
KALIMANTAN SELATAN,,Jml Kab./Kota Total of Reg./Mun.,,2011,,2 6.520,,"PDRB Per Kapita Atas Dasar Harga Berlaku di Provinsi Kalimantan Selatan Menurut Kabupaten/Kota, 2011-2015 (Ribu Rupiah)","Per Capita GRDP at Current Market Prices by Regency/Municipality, in Kalimantan Selatan Province, 2011-2015 (Thousand Rupiahs)",22,2,d3bd9e164b05
KALIMANTAN SELATAN,,Provinsi/Province,,2011,,2 6.594,,"PDRB Per Kapita Atas Dasar Harga Berlaku di Provinsi Kalimantan Selatan Menurut Kabupaten/Kota, 2011-2015 (Ribu Rupiah)","Per Capita GRDP at Current Market Prices by Regency/Municipality, in Kalimantan Selatan Province, 2011-2015 (Thousand Rupiahs)",22,2,3c34d70635b2
KALIMANTAN TIMUR,01,Kab. Paser,,2011,,1 41.914,,"PDRB Per Kapita Atas Dasar Harga Berlaku di Provinsi Kalimantan Timur Menurut Kabupaten/Kota, 2011-2015 (Ribu Rupiah)","Per Capita GRDP at Current Market Prices by Regency/Municipality, in Kalimantan Timur Province, 2011-2015 (Thousand Rupiahs)",23,3,0e5a6fcd2028
KALIMANTAN TIMUR,02,Kab. Kutai Barat,,2011,,1 17.984,,"PDRB Per Kapita Atas Dasar Harga Berlaku di Provinsi Kalimantan Timur Menurut Kabupaten/Kota, 2011-2015 (Ribu Rupiah)","Per Capita GRDP at Current Market Prices by Regency/Municipality, in Kalimantan Timur Province, 2011-2015 (Thousand Rupiahs)",23,3,94e8974fcfbf
KALIMANTAN TIMUR,11,Kab. Mahakam Ulu,#),2011,,,,"PDRB Per Kapita Atas Dasar Harga Berlaku di Provinsi Kalimantan Timur Menurut Kabupaten/Kota, 2011-2015 (Ribu Rupiah)","Per Capita GRDP at Current Market Prices by Regency/Municipality, in Kalimantan Timur Province, 2011-2015 (Thousand Rupiahs)",23,3,3e8cf425fd8c
KALIMANTAN TIMUR,03,Kab. Kutai Kartanegara,,2011,,2 30.858,,"PDRB Per Kapita Atas Dasar Harga Berlaku di Provinsi Kalimantan Timur Menurut Kabupaten/Kota, 2011-2015 (Ribu Rupiah)","Per Capita GRDP at Current Market Prices by Regency/Municipality, in Kalimantan Timur Province, 2011-2015 (Thousand Rupiahs)",23,3,2a15460cd365
KALIMANTAN TIMUR,04,Kab. Kutai Timur,,2011,,3 28.527,,"PDRB Per Kapita Atas Dasar Harga Berlaku di Provinsi Kalimantan Timur Menurut Kabupaten/Kota, 2011-2015 (Ribu Rupiah)","Per Capita GRDP at Current Market Prices by Regency/Municipality, in Kalimantan Timur Province, 2011-2015 (Thousand Rupiahs)",23,3,086f62d49674
KALIMANTAN TIMUR,05,Kab. Berau,,2011,,1 10.814,,"PDRB Per Kapita Atas Dasar Harga Berlaku di Provinsi Kalimantan Timur Menurut Kabupaten/Kota, 2011-2015 (Ribu Rupiah)","Per Capita GRDP at Current Market Prices by Regency/Municipality, in Kalimantan Timur Province, 2011-2015 (Thousand Rupiahs)",23,3,2d9fc65f2d0e
KALIMANTAN TIMUR,06,Kab. Malinau,,2011,,8 2.471,,"PDRB Per Kapita Atas Dasar Harga Berlaku di Provinsi Kalimantan Timur Menurut Kabupaten/Kota, 2011-2015 (Ribu Rupiah)","Per Capita GRDP at Current Market Prices by Regency/Municipality, in Kalimantan Timur Province, 2011-2015 (Thousand Rupiahs)",23,3,729f7286c5b2
KALIMANTAN TIMUR,07,Kab. Bulungan,,2011,,8 6.168,,"PDRB Per Kapita Atas Dasar Harga Berlaku di Provinsi Kalimantan Timur Menurut Kabupaten/Kota, 2011-2015 (Ribu Rupiah)","Per Capita GRDP at Current Market Prices by Regency/Municipality, in Kalimantan Timur Province, 2011-2015 (Thousand Rupiahs)",23,3,a7c4a182081d
KALIMANTAN TIMUR,08,Kab. Nunukan,,2011,,7 2.392,,"PDRB Per Kapita Atas Dasar Harga Berlaku di Provinsi Kalimantan Timur Menurut Kabupaten/Kota, 2011-2015 (Ribu Rupiah)","Per Capita GRDP at Current Market Prices by Regency/Municipality, in Kalimantan Timur Province, 2011-2015 (Thousand Rupiahs)",23,3,dddaf1fa824d
KALIMANTAN TIMUR,09,Kab. Penajam Paser Utara,,2011,,4 0.636,,"PDRB Per Kapita Atas Dasar Harga Berlaku di Provinsi Kalimantan Timur Menurut Kabupaten/Kota, 2011-2015 (Ribu Rupiah)","Per Capita GRDP at Current Market Prices by Regency/Municipality, in Kalimantan Timur Province, 2011-2015 (Thousand Rupiahs)",23,3,3c5eaf5964c6
KALIMANTAN TIMUR,10,Kab. Tana Tidung,,2011,,1 88.820,,"PDRB Per Kapita Atas Dasar Harga Berlaku di Provinsi Kalimantan Timur Menurut Kabupaten/Kota, 2011-2015 (Ribu Rupiah)","Per Capita GRDP at Current Market Prices by Regency/Municipality, in Kalimantan Timur Province, 2011-2015 (Thousand Rupiahs)",23,3,7fa0e4d322b1
KALIMANTAN TIMUR,71,Kota Balikpapan,,2011,,9 9.925,,"PDRB Per Kapita Atas Dasar Harga Berlaku di Provinsi Kalimantan Timur Menurut Kabupaten/Kota, 2011-2015 (Ribu Rupiah)","Per Capita GRDP at Current Market Prices by Regency/Municipality, in Kalimantan Timur Province, 2011-2015 (Thousand Rupiahs)",23,3,55fc7c9cd0ff
KALIMANTAN TIMUR,72,Kota Samarinda,,2011,,5 5.672,,"PDRB Per Kapita Atas Dasar Harga Berlaku di Provinsi Kalimantan Timur Menurut Kabupaten/Kota, 2011-2015 (Ribu Rupiah)","Per Capita GRDP at Current Market Prices by Regency/Municipality, in Kalimantan Timur Province, 2011-2015 (Thousand Rupiahs)",23,3,67e37d5070e8
KALIMANTAN TIMUR,73,Kota Tarakan,,2011,,6 3.495,,"PDRB Per Kapita Atas Dasar Harga Berlaku di Provinsi Kalimantan Timur Menurut Kabupaten/Kota, 2011-2015 (Ribu Rupiah)","Per Capita GRDP at Current Market Prices by Regency/Municipality, in Kalimantan Timur Province, 2011-2015 (Thousand Rupiahs)",23,3,dd921e7bb538
KALIMANTAN TIMUR,74,Kota Bontang,,2011,,3 74.806,,"PDRB Per Kapita Atas Dasar Harga Berlaku di Provinsi Kalimantan Timur Menurut Kabupaten/Kota, 2011-2015 (Ribu Rupiah)","Per Capita GRDP at Current Market Prices by Regency/Municipality, in Kalimantan Timur Province, 2011-2015 (Thousand Rupiahs)",23,3,c0f99c231d54
KALIMANTAN TIMUR,,Jml Kab./Kota Total of Reg./Mun.,,2011,,1 40.145,,"PDRB Per Kapita Atas Dasar Harga Berlaku di Provinsi Kalimantan Timur Menurut Kabupaten/Kota, 2011-2015 (Ribu Rupiah)","Per Capita GRDP at Current Market Prices by Regency/Municipality, in Kalimantan Timur Province, 2011-2015 (Thousand Rupiahs)",23,3,b75c074b54ca
KALIMANTAN TIMUR,,Provinsi/Province,,2011,,1 40.230,,"PDRB Per Kapita Atas Dasar Harga Berlaku di Provinsi Kalimantan Timur Menurut Kabupaten/Kota, 2011-2015 (Ribu Rupiah)","Per Capita GRDP at Current Market Prices by Regency/Municipality, in Kalimantan Timur Province, 2011-2015 (Thousand Rupiahs)",23,3,c9d78d79f178
KALIMANTAN TIMUR,01,Kab. Malinau,,2011,,,,"PDRB Per Kapita Atas Dasar Harga Berlaku di Provinsi Kalimantan Timur Menurut Kabupaten/Kota, 2011-2015 (Ribu Rupiah)","Per Capita GRDP at Current Market Prices by Regency/Municipality, in Kalimantan Timur Province, 2011-2015 (Thousand Rupiahs)",23,3,e8aef06232cc
KALIMANTAN TIMUR,02,Kab. Bulungan,,2011,,,,"PDRB Per Kapita Atas Dasar Harga Berlaku di Provinsi Kalimantan Timur Menurut Kabupaten/Kota, 2011-2015 (Ribu Rupiah)","Per Capita GRDP at Current Market Prices by Regency/Municipality, in Kalimantan Timur Province, 2011-2015 (Thousand Rupiahs)",23,3,89d9191bb368
KALIMANTAN TIMUR,03,Kab. Tana Tidung,,2011,,,,"PDRB Per Kapita Atas Dasar Harga Berlaku di Provinsi Kalimantan Timur Menurut Kabupaten/Kota, 2011-2015 (Ribu Rupiah)","Per Capita GRDP at Current Market Prices by Regency/Municipality, in Kalimantan Timur Province, 2011-2015 (Thousand Rupiahs)",23,3,b0669248ee98
KALIMANTAN TIMUR,04,Kab. Nunukan,,2011,,,,"PDRB Per Kapita Atas Dasar Harga Berlaku di Provinsi Kalimantan Timur Menurut Kabupaten/Kota, 2011-2015 (Ribu Rupiah)","Per Capita GRDP at Current Market Prices by Regency/Municipality, in Kalimantan Timur Province, 2011-2015 (Thousand Rupiahs)",23,3,375cda71cf5e
KALIMANTAN TIMUR,71,Kota Tarakan,,2011,,,,"PDRB Per Kapita Atas Dasar Harga Berlaku di Provinsi Kalimantan Timur Menurut Kabupaten/Kota, 2011-2015 (Ribu Rupiah)","Per Capita GRDP at Current Market Prices by Regency/Municipality, in Kalimantan Timur Province, 2011-2015 (Thousand Rupiahs)",23,3,e68067146859
KALIMANTAN TIMUR,,Jml Kab./Kota Total of Reg./Mun.,,2011,,--,,"PDRB Per Kapita Atas Dasar Harga Berlaku di Provinsi Kalimantan Timur Menurut Kabupaten/Kota, 2011-2015 (Ribu Rupiah)","Per Capita GRDP at Current Market Prices by Regency/Municipality, in Kalimantan Timur Province, 2011-2015 (Thousand Rupiahs)",23,3,0c6eefc52885
KALIMANTAN TIMUR,,Provinsi/Province,,2011,,--,,"PDRB Per Kapita Atas Dasar Harga Berlaku di Provinsi Kalimantan Timur Menurut Kabupaten/Kota, 2011-2015 (Ribu Rupiah)","Per Capita GRDP at Current Market Prices by Regency/Municipality, in Kalimantan Timur Province, 2011-2015 (Thousand Rupiahs)",23,3,bd0d8762897d
SULAWESI UTARA,01,Kab. Bolaang Mongondow,,2011,,1 5.767,,"PDRB Per Kapita Atas Dasar Harga Berlaku di Provinsi Sulawesi Utara Menurut Kabupaten/Kota, 2011-2015 (Ribu Rupiah)","Per Capita GRDP at Current Market Prices by Regency/Municipality, in Sulawesi Utara Province, 2011-2015 (Thousand Rupiahs)",25,5,84492faa97d2
SULAWESI UTARA,02,Kab. Minahasa,,2011,,2 4.249,,"PDRB Per Kapita Atas Dasar Harga Berlaku di Provinsi Sulawesi Utara Menurut Kabupaten/Kota, 2011-2015 (Ribu Rupiah)","Per Capita GRDP at Current Market Prices by Regency/Municipality, in Sulawesi Utara Province, 2011-2015 (Thousand Rupiahs)",25,5,6e96a72b476d
SULAWESI UTARA,03,Kab. Kepulauan Sangihe,,2011,,1 5.615,,"PDRB Per Kapita Atas Dasar Harga Berlaku di Provinsi Sulawesi Utara Menurut Kabupaten/Kota, 2011-2015 (Ribu Rupiah)","Per Capita GRDP at Current Market Prices by Regency/Municipality, in Sulawesi Utara Province, 2011-2015 (Thousand Rupiahs)",25,5,13c740ab4999
SULAWESI UTARA,04,Kab. Kepulauan Talaud,,2011,,1 2.859,,"PDRB Per Kapita Atas Dasar Harga Berlaku di Provinsi Sulawesi Utara Menurut Kabupaten/Kota, 2011-2015 (Ribu Rupiah)","Per Capita GRDP at Current Market Prices by Regency/Municipality, in Sulawesi Utara Province, 2011-2015 (Thousand Rupiahs)",25,5,fb01b7f2d7bb
SULAWESI UTARA,05,Kab. Minahasa Selatan,,2011,,1 9.562,,"PDRB Per Kapita Atas Dasar Harga Berlaku di Provinsi Sulawesi Utara Menurut Kabupaten/Kota, 2011-2015 (Ribu Rupiah)","Per Capita GRDP at Current Market Prices by Regency/Municipality, in Sulawesi Utara Province, 2011-2015 (Thousand Rupiahs)",25,5,8d8577d28a97
SULAWESI UTARA,06,Kab. Minahasa Utara,,2011,,2 9.952,,"PDRB Per Kapita Atas Dasar Harga Berlaku di Provinsi Sulawesi Utara Menurut Kabupaten/Kota, 2011-2015 (Ribu Rupiah)","Per Capita GRDP at Current Market Prices by Regency/Municipality, in Sulawesi Utara Province, 2011-2015 (Thousand Rupiahs)",25,5,f74e3ed26170
SULAWESI UTARA,07,Kab. Bolaang Mongondow Utara,,2011,,1 4.892,,"PDRB Per Kapita Atas Dasar Harga Berlaku di Provinsi Sulawesi Utara Menurut Kabupaten/Kota, 2011-2015 (Ribu Rupiah)","Per Capita GRDP at Current Market Prices by Regency/Municipality, in Sulawesi Utara Province, 2011-2015 (Thousand Rupiahs)",25,5,4829c888d53a
SULAWESI UTARA,08,Kab. Siau Tagulandang Biaro,,2011,,1 4.867,,"PDRB Per Kapita Atas Dasar Harga Berlaku di Provinsi Sulawesi Utara Menurut Kabupaten/Kota, 2011-2015 (Ribu Rupiah)","Per Capita GRDP at Current Market Prices by Regency/Municipality, in Sulawesi Utara Province, 2011-2015 (Thousand Rupiahs)",25,5,2cad6a467b11
SULAWESI UTARA,09,Kab. Minahasa Tenggara,,2011,,2 2.866,,"PDRB Per Kapita Atas Dasar Harga Berlaku di Provinsi Sulawesi Utara Menurut Kabupaten/Kota, 2011-2015 (Ribu Rupiah)","Per Capita GRDP at Current Market Prices by Regency/Municipality, in Sulawesi Utara Province, 2011-2015 (Thousand Rupiahs)",25,5,94e144d9cdcd
SULAWESI UTARA,10,Kab. Bolaang Mongondow Selatan,,2011,,1 4.401,,"PDRB Per Kapita Atas Dasar Harga Berlaku di Provinsi Sulawesi Utara Menurut Kabupaten/Kota, 2011-2015 (Ribu Rupiah)","Per Capita GRDP at Current Market Prices by Regency/Municipality, in Sulawesi Utara Province, 2011-2015 (Thousand Rupiahs)",25,5,13bc25917f9b
SULAWESI UTARA,11,Kab. Bolaang Mongondow Timur,,2011,,1 8.673,,"PDRB Per Kapita Atas Dasar Harga Berlaku di Provinsi Sulawesi Utara Menurut Kabupaten/Kota, 2011-2015 (Ribu Rupiah)","Per Capita GRDP at Current Market Prices by Regency/Municipality, in Sulawesi Utara Province, 2011-2015 (Thousand Rupiahs)",25,5,98bec34bccb4
SULAWESI UTARA,71,Kota Manado,,2011,,3 8.218,,"PDRB Per Kapita Atas Dasar Harga Berlaku di Provinsi Sulawesi Utara Menurut Kabupaten/Kota, 2011-2015 (Ribu Rupiah)","Per Capita GRDP at Current Market Prices by Regency/Municipality, in Sulawesi Utara Province, 2011-2015 (Thousand Rupiahs)",25,5,80c4abe2afa0
SULAWESI UTARA,72,Kota Bitung,,2011,,3 9.187,,"PDRB Per Kapita Atas Dasar Harga Berlaku di Provinsi Sulawesi Utara Menurut Kabupaten/Kota, 2011-2015 (Ribu Rupiah)","Per Capita GRDP at Current Market Prices by Regency/Municipality, in Sulawesi Utara Province, 2011-2015 (Thousand Rupiahs)",25,5,b9011be09105
SULAWESI UTARA,73,Kota Tomohon,,2011,,2 1.428,,"PDRB Per Kapita Atas Dasar Harga Berlaku di Provinsi Sulawesi Utara Menurut Kabupaten/Kota, 2011-2015 (Ribu Rupiah)","Per Capita GRDP at Current Market Prices by Regency/Municipality, in Sulawesi Utara Province, 2011-2015 (Thousand Rupiahs)",25,5,c104212a436a
SULAWESI UTARA,74,Kota Kotamobagu,,2011,,1 3.783,,"PDRB Per Kapita Atas Dasar Harga Berlaku di Provinsi Sulawesi Utara Menurut Kabupaten/Kota, 2011-2015 (Ribu Rupiah)","Per Capita GRDP at Current Market Prices by Regency/Municipality, in Sulawesi Utara Province, 2011-2015 (Thousand Rupiahs)",25,5,a702bd7cbb8d
SULAWESI UTARA,,Jml Kab./Kota Total of Reg./Mun.,,2011,,2 4.742,,"PDRB Per Kapita Atas Dasar Harga Berlaku di Provinsi Sulawesi Utara Menurut Kabupaten/Kota, 2011-2015 (Ribu Rupiah)","Per Capita GRDP at Current Market Prices by Regency/Municipality, in Sulawesi Utara Province, 2011-2015 (Thousand Rupiahs)",25,5,e2b4f021e604
SULAWESI UTARA,,Provinsi/Province,,2011,,2 4.868,,"PDRB Per Kapita Atas Dasar Harga Berlaku di Provinsi Sulawesi Utara Menurut Kabupaten/Kota, 2011-2015 (Ribu Rupiah)","Per Capita GRDP at Current Market Prices by Regency/Municipality, in Sulawesi Utara Province, 2011-2015 (Thousand Rupiahs)",25,5,e613892c1645
SULAWESI TENGAH,01,Kab. Banggai Kepulauan,,2011,,1 6.167,,"PDRB Per Kapita Atas Dasar Harga Berlaku di Provinsi Sulawesi Tengah Menurut Kabupaten/Kota, 2011-2015 (Ribu Rupiah)","Per Capita GRDP at Current Market Prices by Regency/Municipality, in Sulawesi Tengah Province, 2011-2015 (Thousand Rupiahs)",26,6,02f696d20a75
SULAWESI TENGAH,11,Kab. Banggai Laut,#),2011,,,,"PDRB Per Kapita Atas Dasar Harga Berlaku di Provinsi Sulawesi Tengah Menurut Kabupaten/Kota, 2011-2015 (Ribu Rupiah)","Per Capita GRDP at Current Market Prices by Regency/Municipality, in Sulawesi Tengah Province, 2011-2015 (Thousand Rupiahs)",26,6,646611dcfe02
SULAWESI TENGAH,02,Kab. Banggai,,2011,,2 1.926,,"PDRB Per Kapita Atas Dasar Harga Berlaku di Provinsi Sulawesi Tengah Menurut Kabupaten/Kota, 2011-2015 (Ribu Rupiah)","Per Capita GRDP at Current Market Prices by Regency/Municipality, in Sulawesi Tengah Province, 2011-2015 (Thousand Rupiahs)",26,6,1a25a5a940c5
SULAWESI TENGAH,03,Kab. Morowali,,2011,,3 9.470,,"PDRB Per Kapita Atas Dasar Harga Berlaku di Provinsi Sulawesi Tengah Menurut Kabupaten/Kota, 2011-2015 (Ribu Rupiah)","Per Capita GRDP at Current Market Prices by Regency/Municipality, in Sulawesi Tengah Province, 2011-2015 (Thousand Rupiahs)",26,6,e8aaa4bc882c
SULAWESI TENGAH,12,Kab. Morowali Utara,#),2011,,,,"PDRB Per Kapita Atas Dasar Harga Berlaku di Provinsi Sulawesi Tengah Menurut Kabupaten/Kota, 2011-2015 (Ribu Rupiah)","Per Capita GRDP at Current Market Prices by Regency/Municipality, in Sulawesi Tengah Province, 2011-2015 (Thousand Rupiahs)",26,6,452e766b2f5b
SULAWESI TENGAH,04,Kab. Poso,,2011,,1 8.972,,"PDRB Per Kapita Atas Dasar Harga Berlaku di Provinsi Sulawesi Tengah Menurut Kabupaten/Kota, 2011-2015 (Ribu Rupiah)","Per Capita GRDP at Current Market Prices by Regency/Municipality, in Sulawesi Tengah Province, 2011-2015 (Thousand Rupiahs)",26,6,ae8df25f524c
SULAWESI TENGAH,05,Kab. Donggala,,2011,,2 0.991,,"PDRB Per Kapita Atas Dasar Harga Berlaku di Provinsi Sulawesi Tengah Menurut Kabupaten/Kota, 2011-2015 (Ribu Rupiah)","Per Capita GRDP at Current Market Prices by Regency/Municipality, in Sulawesi Tengah Province, 2011-2015 (Thousand Rupiahs)",26,6,63a9e27919bc
SULAWESI TENGAH,06,Kab. Toli-Toli,,2011,,1 7.536,,"PDRB Per Kapita Atas Dasar Harga Berlaku di Provinsi Sulawesi Tengah Menurut Kabupaten/Kota, 2011-2015 (Ribu Rupiah)","Per Capita GRDP at Current Market Prices by Regency/Municipality, in Sulawesi Tengah Province, 2011-2015 (Thousand Rupiahs)",26,6,8e11033bc291
SULAWESI TENGAH,07,Kab. Buol,,2011,,2 1.197,,"PDRB Per Kapita Atas Dasar Harga Berlaku di Provinsi Sulawesi Tengah Menurut Kabupaten/Kota, 2011-2015 (Ribu Rupiah)","Per Capita GRDP at Current Market Prices by Regency/Municipality, in Sulawesi Tengah Province, 2011-2015 (Thousand Rupiahs)",26,6,392b2126353e
SULAWESI TENGAH,08,Kab. Parigi Moutong,,2011,,1 9.251,,"PDRB Per Kapita Atas Dasar Harga Berlaku di Provinsi Sulawesi Tengah Menurut Kabupaten/Kota, 2011-2015 (Ribu Rupiah)","Per Capita GRDP at Current Market Prices by Regency/Municipality, in Sulawesi Tengah Province, 2011-2015 (Thousand Rupiahs)",26,6,35261a3f6387
SULAWESI TENGAH,09,Kab. Tojo Una-Una,,2011,,1 8.593,,"PDRB Per Kapita Atas Dasar Harga Berlaku di Provinsi Sulawesi Tengah Menurut Kabupaten/Kota, 2011-2015 (Ribu Rupiah)","Per Capita GRDP at Current Market Prices by Regency/Municipality, in Sulawesi Tengah Province, 2011-2015 (Thousand Rupiahs)",26,6,0ff32b2194a1
SULAWESI TENGAH,10,Kab. Sigi,,2011,,1 9.504,,"PDRB Per Kapita Atas Dasar Harga Berlaku di Provinsi Sulawesi Tengah Menurut Kabupaten/Kota, 2011-2015 (Ribu Rupiah)","Per Capita GRDP at Current Market Prices by Regency/Municipality, in Sulawesi Tengah Province, 2011-2015 (Thousand Rupiahs)",26,6,f515f463119b
SULAWESI TENGAH,71,Kota Palu,,2011,,2 9.165,,"PDRB Per Kapita Atas Dasar Harga Berlaku di Provinsi Sulawesi Tengah Menurut Kabupaten/Kota, 2011-2015 (Ribu Rupiah)","Per Capita GRDP at Current Market Prices by Regency/Municipality, in Sulawesi Tengah Province, 2011-2015 (Thousand Rupiahs)",26,6,36e9b10e86e0
SULAWESI TENGAH,,Jml Kab./Kota Total of Reg./Mun.,,2011,,2 2.345,,"PDRB Per Kapita Atas Dasar Harga Berlaku di Provinsi Sulawesi Tengah Menurut Kabupaten/Kota, 2011-2015 (Ribu Rupiah)","Per Capita GRDP at Current Market Prices by Regency/Municipality, in Sulawesi Tengah Province, 2011-2015 (Thousand Rupiahs)",26,6,c471f73dfc43
SULAWESI TENGAH,,Provinsi/Province,,2011,,2 2.547,,"PDRB Per Kapita Atas Dasar Harga Berlaku di Provinsi Sulawesi Tengah Menurut Kabupaten/Kota, 2011-2015 (Ribu Rupiah)","Per Capita GRDP at Current Market Prices by Regency/Municipality, in Sulawesi Tengah Province, 2011-2015 (Thousand Rupiahs)",26,6,e27f3510c5e7
SULAWESI SELATAN,01,Kab. Kepulauan Selayar,,2011,,1 7.081,,"PDRB Per Kapita Atas Dasar Harga Berlaku di Provinsi Sulawesi Selatan Menurut Kabupaten/Kota, 2011-2015 (Ribu Rupiah)","Per Capita GRDP at Current Market Prices by Regency/Municipality, in Sulawesi Selatan Province, 2011-2015 (Thousand Rupiahs)",27,7,51f96700484f
SULAWESI SELATAN,02,Kab. Bulukumba,,2011,,1 3.299,,"PDRB Per Kapita Atas Dasar Harga Berlaku di Provinsi Sulawesi Selatan Menurut Kabupaten/Kota, 2011-2015 (Ribu Rupiah)","Per Capita GRDP at Current Market Prices by Regency/Municipality, in Sulawesi Selatan Province, 2011-2015 (Thousand Rupiahs)",27,7,4f23f6b539c5
SULAWESI SELATAN,03,Kab. Bantaeng,,2011,,1 8.181,,"PDRB Per Kapita Atas Dasar Harga Berlaku di Provinsi Sulawesi Selatan Menurut Kabupaten/Kota, 2011-2015 (Ribu Rupiah)","Per Capita GRDP at Current Market Prices by Regency/Municipality, in Sulawesi Selatan Province, 2011-2015 (Thousand Rupiahs)",27,7,f7157344b450
SULAWESI SELATAN,04,Kab. Jeneponto,,2011,,1 1.835,,"PDRB Per Kapita Atas Dasar Harga Berlaku di Provinsi Sulawesi Selatan Menurut Kabupaten/Kota, 2011-2015 (Ribu Rupiah)","Per Capita GRDP at Current Market Prices by Regency/Municipality, in Sulawesi Selatan Province, 2011-2015 (Thousand Rupiahs)",27,7,ae516079e0bd
SULAWESI SELATAN,05,Kab. Takalar,,2011,,1 3.883,,"PDRB Per Kapita Atas Dasar Harga Berlaku di Provinsi Sulawesi Selatan Menurut Kabupaten/Kota, 2011-2015 (Ribu Rupiah)","Per Capita GRDP at Current Market Prices by Regency/Municipality, in Sulawesi Selatan Province, 2011-2015 (Thousand Rupiahs)",27,7,7fc7cab3aa49
SULAWESI SELATAN,06,Kab. Gowa,,2011,,1 2.311,,"PDRB Per Kapita Atas Dasar Harga Berlaku di Provinsi Sulawesi Selatan Menurut Kabupaten/Kota, 2011-2015 (Ribu Rupiah)","Per Capita GRDP at Current Market Prices by Regency/Municipality, in Sulawesi Selatan Province, 2011-2015 (Thousand Rupiahs)",27,7,f67e5148af80
SULAWESI SELATAN,07,Kab. Sinjai,,2011,,1 8.679,,"PDRB Per Kapita Atas Dasar Harga Berlaku di Provinsi Sulawesi Selatan Menurut Kabupaten/Kota, 2011-2015 (Ribu Rupiah)","Per Capita GRDP at Current Market Prices by Regency/Municipality, in Sulawesi Selatan Province, 2011-2015 (Thousand Rupiahs)",27,7,2cc8124e0193
SULAWESI SELATAN,08,Kab. Maros,,2011,,2 6.542,,"PDRB Per Kapita Atas Dasar Harga Berlaku di Provinsi Sulawesi Selatan Menurut Kabupaten/Kota, 2011-2015 (Ribu Rupiah)","Per Capita GRDP at Current Market Prices by Regency/Municipality, in Sulawesi Selatan Province, 2011-2015 (Thousand Rupiahs)",27,7,621a96906672
SULAWESI SELATAN,09,Kab. Pangkajene dan Kepulauan,,2011,,3 2.220,,"PDRB Per Kapita Atas Dasar Harga Berlaku di Provinsi Sulawesi Selatan Menurut Kabupaten/Kota, 2011-2015 (Ribu Rupiah)","Per Capita GRDP at Current Market Prices by Regency/Municipality, in Sulawesi Selatan Province, 2011-2015 (Thousand Rupiahs)",27,7,7f62ab385dfb
SULAWESI SELATAN,10,Kab. Barru,,2011,,1 7.402,,"PDRB Per Kapita Atas Dasar Harga Berlaku di Provinsi Sulawesi Selatan Menurut Kabupaten/Kota, 2011-2015 (Ribu Rupiah)","Per Capita GRDP at Current Market Prices by Regency/Municipality, in Sulawesi Selatan Province, 2011-2015 (Thousand Rupiahs)",27,7,ce4a634ae4d3
SULAWESI SELATAN,11,Kab. Bone,,2011,,1 7.697,,"PDRB Per Kapita Atas Dasar Harga Berlaku di Provinsi Sulawesi Selatan Menurut Kabupaten/Kota, 2011-2015 (Ribu Rupiah)","Per Capita GRDP at Current Market Prices by Regency/Municipality, in Sulawesi Selatan Province, 2011-2015 (Thousand Rupiahs)",27,7,40da04beeee1
SULAWESI SELATAN,12,Kab. Soppeng,,2011,,1 9.046,,"PDRB Per Kapita Atas Dasar Harga Berlaku di Provinsi Sulawesi Selatan Menurut Kabupaten/Kota, 2011-2015 (Ribu Rupiah)","Per Capita GRDP at Current Market Prices by Regency/Municipality, in Sulawesi Selatan Province, 2011-2015 (Thousand Rupiahs)",27,7,37ea6c50fa94
SULAWESI SELATAN,13,Kab. Wajo,,2011,,2 3.065,,"PDRB Per Kapita Atas Dasar Harga Berlaku di Provinsi Sulawesi Selatan Menurut Kabupaten/Kota, 2011-2015 (Ribu Rupiah)","Per Capita GRDP at Current Market Prices by Regency/Municipality, in Sulawesi Selatan Province, 2011-2015 (Thousand Rupiahs)",27,7,913fb5252b28
SULAWESI SELATAN,14,Kab. Sidenreng Rappang,,2011,,1 9.016,,"PDRB Per Kapita Atas Dasar Harga Berlaku di Provinsi Sulawesi Selatan Menurut Kabupaten/Kota, 2011-2015 (Ribu Rupiah)","Per Capita GRDP at Current Market Prices by Regency/Municipality, in Sulawesi Selatan Province, 2011-2015 (Thousand Rupiahs)",27,7,317bc925ca8b
SULAWESI SELATAN,15,Kab. Pinrang,,2011,,2 1.248,,"PDRB Per Kapita Atas Dasar Harga Berlaku di Provinsi Sulawesi Selatan Menurut Kabupaten/Kota, 2011-2015 (Ribu Rupiah)","Per Capita GRDP at Current Market Prices by Regency/Municipality, in Sulawesi Selatan Province, 2011-2015 (Thousand Rupiahs)",27,7,a3249725161d
SULAWESI SELATAN,16,Kab. Enrekang,,2011,,1 5.805,,"PDRB Per Kapita Atas Dasar Harga Berlaku di Provinsi Sulawesi Selatan Menurut Kabupaten/Kota, 2011-2015 (Ribu Rupiah)","Per Capita GRDP at Current Market Prices by Regency/Municipality, in Sulawesi Selatan Province, 2011-2015 (Thousand Rupiahs)",27,7,7b7720ebdd5c
SULAWESI SELATAN,17,Kab. Luwu,,2011,,1 7.433,,"PDRB Per Kapita Atas Dasar Harga Berlaku di Provinsi Sulawesi Selatan Menurut Kabupaten/Kota, 2011-2015 (Ribu Rupiah)","Per Capita GRDP at Current Market Prices by Regency/Municipality, in Sulawesi Selatan Province, 2011-2015 (Thousand Rupiahs)",27,7,6338ab6bec1b
SULAWESI SELATAN,18,Kab. Tana Toraja,,2011,,1 2.542,,"PDRB Per Kapita Atas Dasar Harga Berlaku di Provinsi Sulawesi Selatan Menurut Kabupaten/Kota, 2011-2015 (Ribu Rupiah)","Per Capita GRDP at Current Market Prices by Regency/Municipality, in Sulawesi Selatan Province, 2011-2015 (Thousand Rupiahs)",27,7,097c39150ad3
SULAWESI SELATAN,22,Kab. Luwu Utara,,2011,,1 6.948,,"PDRB Per Kapita Atas Dasar Harga Berlaku di Provinsi Sulawesi Selatan Menurut Kabupaten/Kota, 2011-2015 (Ribu Rupiah)","Per Capita GRDP at Current Market Prices by Regency/Municipality, in Sulawesi Selatan Province, 2011-2015 (Thousand Rupiahs)",27,7,095063392371
SULAWESI SELATAN,25,Kab. Luwu Timur,,2011,,5 5.281,,"PDRB Per Kapita Atas Dasar Harga Berlaku di Provinsi Sulawesi Selatan Menurut Kabupaten/Kota, 2011-2015 (Ribu Rupiah)","Per Capita GRDP at Current Market Prices by Regency/Municipality, in Sulawesi Selatan Province, 2011-2015 (Thousand Rupiahs)",27,7,d0169b5b6763
SULAWESI SELATAN,26,Kab. Toraja Utara,,2011,,1 3.534,,"PDRB Per Kapita Atas Dasar Harga Berlaku di Provinsi Sulawesi Selatan Menurut Kabupaten/Kota, 2011-2015 (Ribu Rupiah)","Per Capita GRDP at Current Market Prices by Regency/Municipality, in Sulawesi Selatan Province, 2011-2015 (Thousand Rupiahs)",27,7,5317558fd687
SULAWESI SELATAN,71,Kota Makassar,,2011,,4 9.292,,"PDRB Per Kapita Atas Dasar Harga Berlaku di Provinsi Sulawesi Selatan Menurut Kabupaten/Kota, 2011-2015 (Ribu Rupiah)","Per Capita GRDP at Current Market Prices by Regency/Municipality, in Sulawesi Selatan Province, 2011-2015 (Thousand Rupiahs)",27,7,d300dedc56ad
SULAWESI SELATAN,72,Kota Parepare,,2011,,2 3.374,,"PDRB Per Kapita Atas Dasar Harga Berlaku di Provinsi Sulawesi Selatan Menurut Kabupaten/Kota, 2011-2015 (Ribu Rupiah)","Per Capita GRDP at Current Market Prices by Regency/Municipality, in Sulawesi Selatan Province, 2011-2015 (Thousand Rupiahs)",27,7,f1062372addd
SULAWESI SELATAN,73,Kota Palopo,,2011,,2 1.815,,"PDRB Per Kapita Atas Dasar Harga Berlaku di Provinsi Sulawesi Selatan Menurut Kabupaten/Kota, 2011-2015 (Ribu Rupiah)","Per Capita GRDP at Current Market Prices by Regency/Municipality, in Sulawesi Selatan Province, 2011-2015 (Thousand Rupiahs)",27,7,6725fa06f46d
SULAWESI SELATAN,,Jml Kab./Kota Total of Reg./Mun.,,2011,,2 4.356,,"PDRB Per Kapita Atas Dasar Harga Berlaku di Provinsi Sulawesi Selatan Menurut Kabupaten/Kota, 2011-2015 (Ribu Rupiah)","Per Capita GRDP at Current Market Prices by Regency/Municipality, in Sulawesi Selatan Province, 2011-2015 (Thousand Rupiahs)",27,7,6c443cfb2c9b
SULAWESI SELATAN,,Provinsi/Province,,2011,,2 4.312,,"PDRB Per Kapita Atas Dasar Harga Berlaku di Provinsi Sulawesi Selatan Menurut Kabupaten/Kota, 2011-2015 (Ribu Rupiah)","Per Capita GRDP at Current Market Prices by Regency/Municipality, in Sulawesi Selatan Province, 2011-2015 (Thousand Rupiahs)",27,7,98f63d89f261
SULAWESI TENGGARA,01,Kab. Buton,,2011,,1 6.503,,"PDRB Per Kapita Atas Dasar Harga Berlaku di Provinsi Sulawesi Tenggara Menurut Kabupaten/Kota, 2011-2015 (Ribu Rupiah)","Per Capita GRDP at Current Market Prices by Regency/Municipality, in Sulawesi Tenggara Province, 2011-2015 (Thousand Rupiahs)",28,8,da1eb5047235
SULAWESI TENGGARA,14,Kab. Buton Tengah,#),2011,,,,"PDRB Per Kapita Atas Dasar Harga Berlaku di Provinsi Sulawesi Tenggara Menurut Kabupaten/Kota, 2011-2015 (Ribu Rupiah)","Per Capita GRDP at Current Market Prices by Regency/Municipality, in Sulawesi Tenggara Province, 2011-2015 (Thousand Rupiahs)",28,8,b440c2d8c2d4
SULAWESI TENGGARA,15,Kab. Buton Selatan,#),2011,,,,"PDRB Per Kapita Atas Dasar Harga Berlaku di Provinsi Sulawesi Tenggara Menurut Kabupaten/Kota, 2011-2015 (Ribu Rupiah)","Per Capita GRDP at Current Market Prices by Regency/Municipality, in Sulawesi Tenggara Province, 2011-2015 (Thousand Rupiahs)",28,8,eea400a3f5f5
SULAWESI TENGGARA,02,Kab. Muna,,2011,,1 5.589,,"PDRB Per Kapita Atas Dasar Harga Berlaku di Provinsi Sulawesi Tenggara Menurut Kabupaten/Kota, 2011-2015 (Ribu Rupiah)","Per Capita GRDP at Current Market Prices by Regency/Municipality, in Sulawesi Tenggara Province, 2011-2015 (Thousand Rupiahs)",28,8,39ccfe49cf5d
SULAWESI TENGGARA,13,Kab. Muna Barat,#),2011,,,,"PDRB Per Kapita Atas Dasar Harga Berlaku di Provinsi Sulawesi Tenggara Menurut Kabupaten/Kota, 2011-2015 (Ribu Rupiah)","Per Capita GRDP at Current Market Prices by Regency/Municipality, in Sulawesi Tenggara Province, 2011-2015 (Thousand Rupiahs)",28,8,829f149afd3a
SULAWESI TENGGARA,03,Kab. Konawe,,2011,,1 8.268,,"PDRB Per Kapita Atas Dasar Harga Berlaku di Provinsi Sulawesi Tenggara Menurut Kabupaten/Kota, 2011-2015 (Ribu Rupiah)","Per Capita GRDP at Current Market Prices by Regency/Municipality, in Sulawesi Tenggara Province, 2011-2015 (Thousand Rupiahs)",28,8,9f5e4638614d
SULAWESI TENGGARA,12,Kab. Konawe Kepulauan,#),2011,,,,"PDRB Per Kapita Atas Dasar Harga Berlaku di Provinsi Sulawesi Tenggara Menurut Kabupaten/Kota, 2011-2015 (Ribu Rupiah)","Per Capita GRDP at Current Market Prices by Regency/Municipality, in Sulawesi Tenggara Province, 2011-2015 (Thousand Rupiahs)",28,8,f0c7c44ad7e8
SULAWESI TENGGARA,04,Kab. Kolaka,,2011,,4 0.352,,"PDRB Per Kapita Atas Dasar Harga Berlaku di Provinsi Sulawesi Tenggara Menurut Kabupaten/Kota, 2011-2015 (Ribu Rupiah)","Per Capita GRDP at Current Market Prices by Regency/Municipality, in Sulawesi Tenggara Province, 2011-2015 (Thousand Rupiahs)",28,8,0a0e5f0c1589
SULAWESI TENGGARA,11,Kab. Kolaka Timur,#),2011,,,,"PDRB Per Kapita Atas Dasar Harga Berlaku di Provinsi Sulawesi Tenggara Menurut Kabupaten/Kota, 2011-2015 (Ribu Rupiah)","Per Capita GRDP at Current Market Prices by Regency/Municipality, in Sulawesi Tenggara Province, 2011-2015 (Thousand Rupiahs)",28,8,440f127bb851
SULAWESI TENGGARA,05,Kab. Konawe Selatan,,2011,,1 8.557,,"PDRB Per Kapita Atas Dasar Harga Berlaku di Provinsi Sulawesi Tenggara Menurut Kabupaten/Kota, 2011-2015 (Ribu Rupiah)","Per Capita GRDP at Current Market Prices by Regency/Municipality, in Sulawesi Tenggara Province, 2011-2015 (Thousand Rupiahs)",28,8,587da5f16ae8
SULAWESI TENGGARA,06,Kab. Bombana,,2011,,1 9.292,,"PDRB Per Kapita Atas Dasar Harga Berlaku di Provinsi Sulawesi Tenggara Menurut Kabupaten/Kota, 2011-2015 (Ribu Rupiah)","Per Capita GRDP at Current Market Prices by Regency/Municipality, in Sulawesi Tenggara Province, 2011-2015 (Thousand Rupiahs)",28,8,61021c571fe7
SULAWESI TENGGARA,07,Kab. Wakatobi,,2011,,1 9.186,,"PDRB Per Kapita Atas Dasar Harga Berlaku di Provinsi Sulawesi Tenggara Menurut Kabupaten/Kota, 2011-2015 (Ribu Rupiah)","Per Capita GRDP at Current Market Prices by Regency/Municipality, in Sulawesi Tenggara Province, 2011-2015 (Thousand Rupiahs)",28,8,168a5ef784bf
SULAWESI TENGGARA,08,Kab. Kolaka Utara,,2011,,2 8.809,,"PDRB Per Kapita Atas Dasar Harga Berlaku di Provinsi Sulawesi Tenggara Menurut Kabupaten/Kota, 2011-2015 (Ribu Rupiah)","Per Capita GRDP at Current Market Prices by Regency/Municipality, in Sulawesi Tenggara Province, 2011-2015 (Thousand Rupiahs)",28,8,0fce9d370e18
SULAWESI TENGGARA,09,Kab. Buton Utara,,2011,,2 4.277,,"PDRB Per Kapita Atas Dasar Harga Berlaku di Provinsi Sulawesi Tenggara Menurut Kabupaten/Kota, 2011-2015 (Ribu Rupiah)","Per Capita GRDP at Current Market Prices by Regency/Municipality, in Sulawesi Tenggara Province, 2011-2015 (Thousand Rupiahs)",28,8,2433871d3ee2
SULAWESI TENGGARA,10,Kab. Konawe Utara,,2011,,3 4.364,,"PDRB Per Kapita Atas Dasar Harga Berlaku di Provinsi Sulawesi Tenggara Menurut Kabupaten/Kota, 2011-2015 (Ribu Rupiah)","Per Capita GRDP at Current Market Prices by Regency/Municipality, in Sulawesi Tenggara Province, 2011-2015 (Thousand Rupiahs)",28,8,b2103c9cd356
SULAWESI TENGGARA,71,Kota Kendari,,2011,,3 0.980,,"PDRB Per Kapita Atas Dasar Harga Berlaku di Provinsi Sulawesi Tenggara Menurut Kabupaten/Kota, 2011-2015 (Ribu Rupiah)","Per Capita GRDP at Current Market Prices by Regency/Municipality, in Sulawesi Tenggara Province, 2011-2015 (Thousand Rupiahs)",28,8,cf99fad77a33
SULAWESI TENGGARA,72,Kota Baubau,,2011,,2 6.472,,"PDRB Per Kapita Atas Dasar Harga Berlaku di Provinsi Sulawesi Tenggara Menurut Kabupaten/Kota, 2011-2015 (Ribu Rupiah)","Per Capita GRDP at Current Market Prices by Regency/Municipality, in Sulawesi Tenggara Province, 2011-2015 (Thousand Rupiahs)",28,8,768802193776
SULAWESI TENGGARA,,Jml Kab./Kota Total of Reg./Mun.,,2011,,2 4.305,,"PDRB Per Kapita Atas Dasar Harga Berlaku di Provinsi Sulawesi Tenggara Menurut Kabupaten/Kota, 2011-2015 (Ribu Rupiah)","Per Capita GRDP at Current Market Prices by Regency/Municipality, in Sulawesi Tenggara Province, 2011-2015 (Thousand Rupiahs)",28,8,ac72c38d14a1
SULAWESI TENGGARA,,Provinsi/Province,,2011,,2 4.302,,"PDRB Per Kapita Atas Dasar Harga Berlaku di Provinsi Sulawesi Tenggara Menurut Kabupaten/Kota, 2011-2015 (Ribu Rupiah)","Per Capita GRDP at Current Market Prices by Regency/Municipality, in Sulawesi Tenggara Province, 2011-2015 (Thousand Rupiahs)",28,8,def113688973
GORONTALO,01,Kab. Boalemo,,2011,,1 6.351,,"PDRB Per Kapita Atas Dasar Harga Berlaku di Provinsi Gorontalo Menurut Kabupaten/Kota, 2011-2015 (Ribu Rupiah)","Per Capita GRDP at Current Market Prices by Regency/Municipality, in Gorontalo Province, 2011-2015 (Thousand Rupiahs)",29,9,62045ea143b9
GORONTALO,02,Kab. Gorontalo,,2011,,1 5.154,,"PDRB Per Kapita Atas Dasar Harga Berlaku di Provinsi Gorontalo Menurut Kabupaten/Kota, 2011-2015 (Ribu Rupiah)","Per Capita GRDP at Current Market Prices by Regency/Municipality, in Gorontalo Province, 2011-2015 (Thousand Rupiahs)",29,9,92ea507dec72
GORONTALO,03,Kab. Pohuwato,,2011,,2 1.372,,"PDRB Per Kapita Atas Dasar Harga Berlaku di Provinsi Gorontalo Menurut Kabupaten/Kota, 2011-2015 (Ribu Rupiah)","Per Capita GRDP at Current Market Prices by Regency/Municipality, in Gorontalo Province, 2011-2015 (Thousand Rupiahs)",29,9,d4f4d8b141b7
GORONTALO,04,Kab. Bone Bolango,,2011,,1 3.401,,"PDRB Per Kapita Atas Dasar Harga Berlaku di Provinsi Gorontalo Menurut Kabupaten/Kota, 2011-2015 (Ribu Rupiah)","Per Capita GRDP at Current Market Prices by Regency/Municipality, in Gorontalo Province, 2011-2015 (Thousand Rupiahs)",29,9,8b9f4e3073f6
GORONTALO,05,Kab. Gorontalo Utara,,2011,,1 3.313,,"PDRB Per Kapita Atas Dasar Harga Berlaku di Provinsi Gorontalo Menurut Kabupaten/Kota, 2011-2015 (Ribu Rupiah)","Per Capita GRDP at Current Market Prices by Regency/Municipality, in Gorontalo Province, 2011-2015 (Thousand Rupiahs)",29,9,476cf4fd71eb
GORONTALO,71,Kota Gorontalo,,2011,,1 9.810,,"PDRB Per Kapita Atas Dasar Harga Berlaku di Provinsi Gorontalo Menurut Kabupaten/Kota, 2011-2015 (Ribu Rupiah)","Per Capita GRDP at Current Market Prices by Regency/Municipality, in Gorontalo Province, 2011-2015 (Thousand Rupiahs)",29,9,9306c217c505
GORONTALO,,Jml Kab./Kota Total of Reg./Mun.,,2011,,1 6.472,,"PDRB Per Kapita Atas Dasar Harga Berlaku di Provinsi Gorontalo Menurut Kabupaten/Kota, 2011-2015 (Ribu Rupiah)","Per Capita GRDP at Current Market Prices by Regency/Municipality, in Gorontalo Province, 2011-2015 (Thousand Rupiahs)",29,9,06074599a4dd
GORONTALO,,Provinsi/Province,,2011,,1 6.382,,"PDRB Per Kapita Atas Dasar Harga Berlaku di Provinsi Gorontalo Menurut Kabupaten/Kota, 2011-2015 (Ribu Rupiah)","Per Capita GRDP at Current Market Prices by Regency/Municipality, in Gorontalo Province, 2011-2015 (Thousand Rupiahs)",29,9,ddbc38409a61
SULAWESI BARAT,01,Kab. Majene,,2011,,1 5.178,,"PDRB Per Kapita Atas Dasar Harga Berlaku di Provinsi Sulawesi Barat Menurut Kabupaten/Kota, 2011-2015 (Ribu Rupiah)","Per Capita GRDP at Current Market Prices by Regency/Municipality, in Sulawesi Barat Province, 2011-2015 (Thousand Rupiahs)",30,10,903a4ee749a4
SULAWESI BARAT,02,Kab. Polewali Mandar,,2011,,1 4.226,,"PDRB Per Kapita Atas Dasar Harga Berlaku di Provinsi Sulawesi Barat Menurut Kabupaten/Kota, 2011-2015 (Ribu Rupiah)","Per Capita GRDP at Current Market Prices by Regency/Municipality, in Sulawesi Barat Province, 2011-2015 (Thousand Rupiahs)",30,10,3f712d52ca00
SULAWESI BARAT,03,Kab. Mamasa,,2011,,1 0.264,,"PDRB Per Kapita Atas Dasar Harga Berlaku di Provinsi Sulawesi Barat Menurut Kabupaten/Kota, 2011-2015 (Ribu Rupiah)","Per Capita GRDP at Current Market Prices by Regency/Municipality, in Sulawesi Barat Province, 2011-2015 (Thousand Rupiahs)",30,10,e4b5b438bae3
SULAWESI BARAT,04,Kab. Mamuju,,2011,,1 8.402,,"PDRB Per Kapita Atas Dasar Harga Berlaku di Provinsi Sulawesi Barat Menurut Kabupaten/Kota, 2011-2015 (Ribu Rupiah)","Per Capita GRDP at Current Market Prices by Regency/Municipality, in Sulawesi Barat Province, 2011-2015 (Thousand Rupiahs)",30,10,d480a38e8456
SULAWESI BARAT,06,Kab. Mamuju Tengah,#),2011,,,,"PDRB Per Kapita Atas Dasar Harga Berlaku di Provinsi Sulawesi Barat Menurut Kabupaten/Kota, 2011-2015 (Ribu Rupiah)","Per Capita GRDP at Current Market Prices by Regency/Municipality, in Sulawesi Barat Province, 2011-2015 (Thousand Rupiahs)",30,10,b575e9b1b4a4
SULAWESI BARAT,05,Kab. Mamuju Utara,,2011,,2 9.767,,"PDRB Per Kapita Atas Dasar Harga Berlaku di Provinsi Sulawesi Barat Menurut Kabupaten/Kota, 2011-2015 (Ribu Rupiah)","Per Capita GRDP at Current Market Prices by Regency/Municipality, in Sulawesi Barat Province, 2011-2015 (Thousand Rupiahs)",30,10,99ca4de80dc1
SULAWESI BARAT,,Jml Kab./Kota Total of Reg./Mun.,,2011,,1 6.921,,"PDRB Per Kapita Atas Dasar Harga Berlaku di Provinsi Sulawesi Barat Menurut Kabupaten/Kota, 2011-2015 (Ribu Rupiah)","Per Capita GRDP at Current Market Prices by Regency/Municipality, in Sulawesi Barat Province, 2011-2015 (Thousand Rupiahs)",30,10,8d3d3a7c1491
SULAWESI BARAT,,Provinsi/Province,,2011,,1 7.002,,"PDRB Per Kapita Atas Dasar Harga Berlaku di Provinsi Sulawesi Barat Menurut Kabupaten/Kota, 2011-2015 (Ribu Rupiah)","Per Capita GRDP at Current Market Prices by Regency/Municipality, in Sulawesi Barat Province, 2011-2015 (Thousand Rupiahs)",30,10,e88c622fd8b3
KALIMANTAN TENGAH,01,Kab. Kotawaringin Barat,,2012,,3 6.236,,"PDRB Per Kapita Atas Dasar Harga Berlaku di Provinsi Kalimantan Tengah Menurut Kabupaten/Kota, 2011-2015 (Ribu Rupiah)","Per Capita GRDP at Current Market Prices by Regency/Municipality, in Kalimantan Tengah Province, 2011-2015 (Thousand Rupiahs)",21,1,f52e833f4e51
KALIMANTAN TENGAH,02,Kab. Kotawaringin Timur,,2012,,3 1.402,,"PDRB Per Kapita Atas Dasar Harga Berlaku di Provinsi Kalimantan Tengah Menurut Kabupaten/Kota, 2011-2015 (Ribu Rupiah)","Per Capita GRDP at Current Market Prices by Regency/Municipality, in Kalimantan Tengah Province, 2011-2015 (Thousand Rupiahs)",21,1,aea6a1751288
KALIMANTAN TENGAH,03,Kab. Kapuas,,2012,,2 2.660,,"PDRB Per Kapita Atas Dasar Harga Berlaku di Provinsi Kalimantan Tengah Menurut Kabupaten/Kota, 2011-2015 (Ribu Rupiah)","Per Capita GRDP at Current Market Prices by Regency/Municipality, in Kalimantan Tengah Province, 2011-2015 (Thousand Rupiahs)",21,1,e5dc72848927
KALIMANTAN TENGAH,04,Kab. Barito Selatan,,2012,,2 6.939,,"PDRB Per Kapita Atas Dasar Harga Berlaku di Provinsi Kalimantan Tengah Menurut Kabupaten/Kota, 2011-2015 (Ribu Rupiah)","Per Capita GRDP at Current Market Prices by Regency/Municipality, in Kalimantan Tengah Province, 2011-2015 (Thousand Rupiahs)",21,1,f54ccc139605
KALIMANTAN TENGAH,05,Kab. Barito Utara,,2012,,4 3.973,,"PDRB Per Kapita Atas Dasar Harga Berlaku di Provinsi Kalimantan Tengah Menurut Kabupaten/Kota, 2011-2015 (Ribu Rupiah)","Per Capita GRDP at Current Market Prices by Regency/Municipality, in Kalimantan Tengah Province, 2011-2015 (Thousand Rupiahs)",21,1,6cc328a6737e
KALIMANTAN TENGAH,06,Kab. Sukamara,,2012,,4 2.591,,"PDRB Per Kapita Atas Dasar Harga Berlaku di Provinsi Kalimantan Tengah Menurut Kabupaten/Kota, 2011-2015 (Ribu Rupiah)","Per Capita GRDP at Current Market Prices by Regency/Municipality, in Kalimantan Tengah Province, 2011-2015 (Thousand Rupiahs)",21,1,43f3dbc47366
KALIMANTAN TENGAH,07,Kab. Lamandau,,2012,,4 0.313,,"PDRB Per Kapita Atas Dasar Harga Berlaku di Provinsi Kalimantan Tengah Menurut Kabupaten/Kota, 2011-2015 (Ribu Rupiah)","Per Capita GRDP at Current Market Prices by Regency/Municipality, in Kalimantan Tengah Province, 2011-2015 (Thousand Rupiahs)",21,1,3b73ade56512
KALIMANTAN TENGAH,08,Kab. Seruyan,,2012,,3 0.729,,"PDRB Per Kapita Atas Dasar Harga Berlaku di Provinsi Kalimantan Tengah Menurut Kabupaten/Kota, 2011-2015 (Ribu Rupiah)","Per Capita GRDP at Current Market Prices by Regency/Municipality, in Kalimantan Tengah Province, 2011-2015 (Thousand Rupiahs)",21,1,135498e05114
KALIMANTAN TENGAH,09,Kab. Katingan,,2012,,2 5.068,,"PDRB Per Kapita Atas Dasar Harga Berlaku di Provinsi Kalimantan Tengah Menurut Kabupaten/Kota, 2011-2015 (Ribu Rupiah)","Per Capita GRDP at Current Market Prices by Regency/Municipality, in Kalimantan Tengah Province, 2011-2015 (Thousand Rupiahs)",21,1,046287f4e192
KALIMANTAN TENGAH,10,Kab. Pulang Pisau,,2012,,2 0.181,,"PDRB Per Kapita Atas Dasar Harga Berlaku di Provinsi Kalimantan Tengah Menurut Kabupaten/Kota, 2011-2015 (Ribu Rupiah)","Per Capita GRDP at Current Market Prices by Regency/Municipality, in Kalimantan Tengah Province, 2011-2015 (Thousand Rupiahs)",21,1,bfbe04737074
KALIMANTAN TENGAH,11,Kab. Gunung Mas,,2012,,2 5.292,,"PDRB Per Kapita Atas Dasar Harga Berlaku di Provinsi Kalimantan Tengah Menurut Kabupaten/Kota, 2011-2015 (Ribu Rupiah)","Per Capita GRDP at Current Market Prices by Regency/Municipality, in Kalimantan Tengah Province, 2011-2015 (Thousand Rupiahs)",21,1,547946feed30
KALIMANTAN TENGAH,12,Kab. Barito Timur,,2012,,3 9.252,,"PDRB Per Kapita Atas Dasar Harga Berlaku di Provinsi Kalimantan Tengah Menurut Kabupaten/Kota, 2011-2015 (Ribu Rupiah)","Per Capita GRDP at Current Market Prices by Regency/Municipality, in Kalimantan Tengah Province, 2011-2015 (Thousand Rupiahs)",21,1,d78ebdab21e2
KALIMANTAN TENGAH,13,Kab. Murung Raya,,2012,,4 3.427,,"PDRB Per Kapita Atas Dasar Harga Berlaku di Provinsi Kalimantan Tengah Menurut Kabupaten/Kota, 2011-2015 (Ribu Rupiah)","Per Capita GRDP at Current Market Prices by Regency/Municipality, in Kalimantan Tengah Province, 2011-2015 (Thousand Rupiahs)",21,1,59bced58cc3a
KALIMANTAN TENGAH,71,Kota Palangka Raya,,2012,,3 1.997,,"PDRB Per Kapita Atas Dasar Harga Berlaku di Provinsi Kalimantan Tengah Menurut Kabupaten/Kota, 2011-2015 (Ribu Rupiah)","Per Capita GRDP at Current Market Prices by Regency/Municipality, in Kalimantan Tengah Province, 2011-2015 (Thousand Rupiahs)",21,1,a470bab00b01
KALIMANTAN TENGAH,,Jml Kab./Kota Total of Reg./Mun.,,2012,,3 1.202,,"PDRB Per Kapita Atas Dasar Harga Berlaku di Provinsi Kalimantan Tengah Menurut Kabupaten/Kota, 2011-2015 (Ribu Rupiah)","Per Capita GRDP at Current Market Prices by Regency/Municipality, in Kalimantan Tengah Province, 2011-2015 (Thousand Rupiahs)",21,1,21904cf13ec1
KALIMANTAN TENGAH,,Provinsi/Province,,2012,,3 1.516,,"PDRB Per Kapita Atas Dasar Harga Berlaku di Provinsi Kalimantan Tengah Menurut Kabupaten/Kota, 2011-2015 (Ribu Rupiah)","Per Capita GRDP at Current Market Prices by Regency/Municipality, in Kalimantan Tengah Province, 2011-2015 (Thousand Rupiahs)",21,1,3e68ca831ced
KALIMANTAN SELATAN,01,Kab. Tanah Laut,,2012,,2 8.294,,"PDRB Per Kapita Atas Dasar Harga Berlaku di Provinsi Kalimantan Selatan Menurut Kabupaten/Kota, 2011-2015 (Ribu Rupiah)","Per Capita GRDP at Current Market Prices by Regency/Municipality, in Kalimantan Selatan Province, 2011-2015 (Thousand Rupiahs)",22,2,887f7c5bc851
KALIMANTAN SELATAN,02,Kab. Kota Baru,,2012,,4 6.932,,"PDRB Per Kapita Atas Dasar Harga Berlaku di Provinsi Kalimantan Selatan Menurut Kabupaten/Kota, 2011-2015 (Ribu Rupiah)","Per Capita GRDP at Current Market Prices by Regency/Municipality, in Kalimantan Selatan Province, 2011-2015 (Thousand Rupiahs)",22,2,5ef8a930de27
KALIMANTAN SELATAN,03,Kab. Banjar,,2012,,1 8.054,,"PDRB Per Kapita Atas Dasar Harga Berlaku di Provinsi Kalimantan Selatan Menurut Kabupaten/Kota, 2011-2015 (Ribu Rupiah)","Per Capita GRDP at Current Market Prices by Regency/Municipality, in Kalimantan Selatan Province, 2011-2015 (Thousand Rupiahs)",22,2,1ce3d6d3aeb6
KALIMANTAN SELATAN,04,Kab. Barito Kuala,,2012,,1 5.877,,"PDRB Per Kapita Atas Dasar Harga Berlaku di Provinsi Kalimantan Selatan Menurut Kabupaten/Kota, 2011-2015 (Ribu Rupiah)","Per Capita GRDP at Current Market Prices by Regency/Municipality, in Kalimantan Selatan Province, 2011-2015 (Thousand Rupiahs)",22,2,51f6ed6cfd55
KALIMANTAN SELATAN,05,Kab. Tapin,,2012,,2 9.053,,"PDRB Per Kapita Atas Dasar Harga Berlaku di Provinsi Kalimantan Selatan Menurut Kabupaten/Kota, 2011-2015 (Ribu Rupiah)","Per Capita GRDP at Current Market Prices by Regency/Municipality, in Kalimantan Selatan Province, 2011-2015 (Thousand Rupiahs)",22,2,51e7ff1c7128
KALIMANTAN SELATAN,06,Kab. Hulu Sungai Selatan,,2012,,1 5.743,,"PDRB Per Kapita Atas Dasar Harga Berlaku di Provinsi Kalimantan Selatan Menurut Kabupaten/Kota, 2011-2015 (Ribu Rupiah)","Per Capita GRDP at Current Market Prices by Regency/Municipality, in Kalimantan Selatan Province, 2011-2015 (Thousand Rupiahs)",22,2,2e8ea1042c79
KALIMANTAN SELATAN,07,Kab. Hulu Sungai Tengah,,2012,,1 4.469,,"PDRB Per Kapita Atas Dasar Harga Berlaku di Provinsi Kalimantan Selatan Menurut Kabupaten/Kota, 2011-2015 (Ribu Rupiah)","Per Capita GRDP at Current Market Prices by Regency/Municipality, in Kalimantan Selatan Province, 2011-2015 (Thousand Rupiahs)",22,2,5aa73ce87819
KALIMANTAN SELATAN,08,Kab. Hulu Sungai Utara,,2012,,1 1.697,,"PDRB Per Kapita Atas Dasar Harga Berlaku di Provinsi Kalimantan Selatan Menurut Kabupaten/Kota, 2011-2015 (Ribu Rupiah)","Per Capita GRDP at Current Market Prices by Regency/Municipality, in Kalimantan Selatan Province, 2011-2015 (Thousand Rupiahs)",22,2,9227098abc7d
KALIMANTAN SELATAN,09,Kab. Tabalong,,2012,,5 6.746,,"PDRB Per Kapita Atas Dasar Harga Berlaku di Provinsi Kalimantan Selatan Menurut Kabupaten/Kota, 2011-2015 (Ribu Rupiah)","Per Capita GRDP at Current Market Prices by Regency/Municipality, in Kalimantan Selatan Province, 2011-2015 (Thousand Rupiahs)",22,2,bfa328d02190
KALIMANTAN SELATAN,10,Kab. Tanah Bumbu,,2012,,4 5.494,,"PDRB Per Kapita Atas Dasar Harga Berlaku di Provinsi Kalimantan Selatan Menurut Kabupaten/Kota, 2011-2015 (Ribu Rupiah)","Per Capita GRDP at Current Market Prices by Regency/Municipality, in Kalimantan Selatan Province, 2011-2015 (Thousand Rupiahs)",22,2,736ffd611078
KALIMANTAN SELATAN,11,Kab. Balangan,,2012,,6 7.367,,"PDRB Per Kapita Atas Dasar Harga Berlaku di Provinsi Kalimantan Selatan Menurut Kabupaten/Kota, 2011-2015 (Ribu Rupiah)","Per Capita GRDP at Current Market Prices by Regency/Municipality, in Kalimantan Selatan Province, 2011-2015 (Thousand Rupiahs)",22,2,0772a50d9c80
KALIMANTAN SELATAN,71,Kota Banjarmasin,,2012,,2 4.988,,"PDRB Per Kapita Atas Dasar Harga Berlaku di Provinsi Kalimantan Selatan Menurut Kabupaten/Kota, 2011-2015 (Ribu Rupiah)","Per Capita GRDP at Current Market Prices by Regency/Municipality, in Kalimantan Selatan Province, 2011-2015 (Thousand Rupiahs)",22,2,9c48ac285c47
KALIMANTAN SELATAN,72,Kota Banjar Baru,,2012,,2 0.403,,"PDRB Per Kapita Atas Dasar Harga Berlaku di Provinsi Kalimantan Selatan Menurut Kabupaten/Kota, 2011-2015 (Ribu Rupiah)","Per Capita GRDP at Current Market Prices by Regency/Municipality, in Kalimantan Selatan Province, 2011-2015 (Thousand Rupiahs)",22,2,09334421a473
KALIMANTAN SELATAN,,Jml Kab./Kota Total of Reg./Mun.,,2012,,2 8.119,,"PDRB Per Kapita Atas Dasar Harga Berlaku di Provinsi Kalimantan Selatan Menurut Kabupaten/Kota, 2011-2015 (Ribu Rupiah)","Per Capita GRDP at Current Market Prices by Regency/Municipality, in Kalimantan Selatan Province, 2011-2015 (Thousand Rupiahs)",22,2,87483f8ae072
KALIMANTAN SELATAN,,Provinsi/Province,,2012,,2 8.197,,"PDRB Per Kapita Atas Dasar Harga Berlaku di Provinsi Kalimantan Selatan Menurut Kabupaten/Kota, 2011-2015 (Ribu Rupiah)","Per Capita GRDP at Current Market Prices by Regency/Municipality, in Kalimantan Selatan Province, 2011-2015 (Thousand Rupiahs)",22,2,d19a03f48e6c
KALIMANTAN TIMUR,01,Kab. Paser,,2012,,1 43.760,,"PDRB Per Kapita Atas Dasar Harga Berlaku di Provinsi Kalimantan Timur Menurut Kabupaten/Kota, 2011-2015 (Ribu Rupiah)","Per Capita GRDP at Current Market Prices by Regency/Municipality, in Kalimantan Timur Province, 2011-2015 (Thousand Rupiahs)",23,3,1588617c52eb
KALIMANTAN TIMUR,02,Kab. Kutai Barat,,2012,,1 36.558,,"PDRB Per Kapita Atas Dasar Harga Berlaku di Provinsi Kalimantan Timur Menurut Kabupaten/Kota, 2011-2015 (Ribu Rupiah)","Per Capita GRDP at Current Market Prices by Regency/Municipality, in Kalimantan Timur Province, 2011-2015 (Thousand Rupiahs)",23,3,c94384410864
KALIMANTAN TIMUR,11,Kab. Mahakam Ulu,#),2012,,-,,"PDRB Per Kapita Atas Dasar Harga Berlaku di Provinsi Kalimantan Timur Menurut Kabupaten/Kota, 2011-2015 (Ribu Rupiah)","Per Capita GRDP at Current Market Prices by Regency/Municipality, in Kalimantan Timur Province, 2011-2015 (Thousand Rupiahs)",23,3,5a34a36da6f3
KALIMANTAN TIMUR,03,Kab. Kutai Kartanegara,,2012,,2 51.415,,"PDRB Per Kapita Atas Dasar Harga Berlaku di Provinsi Kalimantan Timur Menurut Kabupaten/Kota, 2011-2015 (Ribu Rupiah)","Per Capita GRDP at Current Market Prices by Regency/Municipality, in Kalimantan Timur Province, 2011-2015 (Thousand Rupiahs)",23,3,af4b6ea14852
KALIMANTAN TIMUR,04,Kab. Kutai Timur,,2012,,3 27.099,,"PDRB Per Kapita Atas Dasar Harga Berlaku di Provinsi Kalimantan Timur Menurut Kabupaten/Kota, 2011-2015 (Ribu Rupiah)","Per Capita GRDP at Current Market Prices by Regency/Municipality, in Kalimantan Timur Province, 2011-2015 (Thousand Rupiahs)",23,3,0e151dea80a6
KALIMANTAN TIMUR,05,Kab. Berau,,2012,,1 30.012,,"PDRB Per Kapita Atas Dasar Harga Berlaku di Provinsi Kalimantan Timur Menurut Kabupaten/Kota, 2011-2015 (Ribu Rupiah)","Per Capita GRDP at Current Market Prices by Regency/Municipality, in Kalimantan Timur Province, 2011-2015 (Thousand Rupiahs)",23,3,e479eb658920
KALIMANTAN TIMUR,06,Kab. Malinau,,2012,,7 9.354,,"PDRB Per Kapita Atas Dasar Harga Berlaku di Provinsi Kalimantan Timur Menurut Kabupaten/Kota, 2011-2015 (Ribu Rupiah)","Per Capita GRDP at Current Market Prices by Regency/Municipality, in Kalimantan Timur Province, 2011-2015 (Thousand Rupiahs)",23,3,14cca32862c5
KALIMANTAN TIMUR,07,Kab. Bulungan,,2012,,9 6.137,,"PDRB Per Kapita Atas Dasar Harga Berlaku di Provinsi Kalimantan Timur Menurut Kabupaten/Kota, 2011-2015 (Ribu Rupiah)","Per Capita GRDP at Current Market Prices by Regency/Municipality, in Kalimantan Timur Province, 2011-2015 (Thousand Rupiahs)",23,3,d7ee146c04fd
KALIMANTAN TIMUR,08,Kab. Nunukan,,2012,,7 8.056,,"PDRB Per Kapita Atas Dasar Harga Berlaku di Provinsi Kalimantan Timur Menurut Kabupaten/Kota, 2011-2015 (Ribu Rupiah)","Per Capita GRDP at Current Market Prices by Regency/Municipality, in Kalimantan Timur Province, 2011-2015 (Thousand Rupiahs)",23,3,ac24e232fa60
KALIMANTAN TIMUR,09,Kab. Penajam Paser Utara,,2012,,4 3.486,,"PDRB Per Kapita Atas Dasar Harga Berlaku di Provinsi Kalimantan Timur Menurut Kabupaten/Kota, 2011-2015 (Ribu Rupiah)","Per Capita GRDP at Current Market Prices by Regency/Municipality, in Kalimantan Timur Province, 2011-2015 (Thousand Rupiahs)",23,3,0c960dbb03df
KALIMANTAN TIMUR,10,Kab. Tana Tidung,,2012,,1 80.449,,"PDRB Per Kapita Atas Dasar Harga Berlaku di Provinsi Kalimantan Timur Menurut Kabupaten/Kota, 2011-2015 (Ribu Rupiah)","Per Capita GRDP at Current Market Prices by Regency/Municipality, in Kalimantan Timur Province, 2011-2015 (Thousand Rupiahs)",23,3,1e95ef1fd2ac
KALIMANTAN TIMUR,71,Kota Balikpapan,,2012,,1 00.632,,"PDRB Per Kapita Atas Dasar Harga Berlaku di Provinsi Kalimantan Timur Menurut Kabupaten/Kota, 2011-2015 (Ribu Rupiah)","Per Capita GRDP at Current Market Prices by Regency/Municipality, in Kalimantan Timur Province, 2011-2015 (Thousand Rupiahs)",23,3,43f1705d9d7c
KALIMANTAN TIMUR,72,Kota Samarinda,,2012,,5 3.919,,"PDRB Per Kapita Atas Dasar Harga Berlaku di Provinsi Kalimantan Timur Menurut Kabupaten/Kota, 2011-2015 (Ribu Rupiah)","Per Capita GRDP at Current Market Prices by Regency/Municipality, in Kalimantan Timur Province, 2011-2015 (Thousand Rupiahs)",23,3,323cf86855f5
KALIMANTAN TIMUR,73,Kota Tarakan,,2012,,7 0.280,,"PDRB Per Kapita Atas Dasar Harga Berlaku di Provinsi Kalimantan Timur Menurut Kabupaten/Kota, 2011-2015 (Ribu Rupiah)","Per Capita GRDP at Current Market Prices by Regency/Municipality, in Kalimantan Timur Province, 2011-2015 (Thousand Rupiahs)",23,3,b825f124637c
KALIMANTAN TIMUR,74,Kota Bontang,,2012,,3 58.419,,"PDRB Per Kapita Atas Dasar Harga Berlaku di Provinsi Kalimantan Timur Menurut Kabupaten/Kota, 2011-2015 (Ribu Rupiah)","Per Capita GRDP at Current Market Prices by Regency/Municipality, in Kalimantan Timur Province, 2011-2015 (Thousand Rupiahs)",23,3,d9f8f0485889
KALIMANTAN TIMUR,,Jml Kab./Kota Total of Reg./Mun.,,2012,,1 45.925,,"PDRB Per Kapita Atas Dasar Harga Berlaku di Provinsi Kalimantan Timur Menurut Kabupaten/Kota, 2011-2015 (Ribu Rupiah)","Per Capita GRDP at Current Market Prices by Regency/Municipality, in Kalimantan Timur Province, 2011-2015 (Thousand Rupiahs)",23,3,d1923a4ad1bf
KALIMANTAN TIMUR,,Provinsi/Province,,2012,,1 45.998,,"PDRB Per Kapita Atas Dasar Harga Berlaku di Provinsi Kalimantan Timur Menurut Kabupaten/Kota, 2011-2015 (Ribu Rupiah)","Per Capita GRDP at Current Market Prices by Regency/Municipality, in Kalimantan Timur Province, 2011-2015 (Thousand Rupiahs)",23,3,688b6aff8d1a
KALIMANTAN TIMUR,01,Kab. Malinau,,2012,,8 5.391,,"PDRB Per Kapita Atas Dasar Harga Berlaku di Provinsi Kalimantan Timur Menurut Kabupaten/Kota, 2011-2015 (Ribu Rupiah)","Per Capita GRDP at Current Market Prices by Regency/Municipality, in Kalimantan Timur Province, 2011-2015 (Thousand Rupiahs)",23,3,3262d429d044
KALIMANTAN TIMUR,02,Kab. Bulungan,,2012,,9 7.809,,"PDRB Per Kapita Atas Dasar Harga Berlaku di Provinsi Kalimantan Timur Menurut Kabupaten/Kota, 2011-2015 (Ribu Rupiah)","Per Capita GRDP at Current Market Prices by Regency/Municipality, in Kalimantan Timur Province, 2011-2015 (Thousand Rupiahs)",23,3,773d95b83958
KALIMANTAN TIMUR,03,Kab. Tana Tidung,,2012,,1 85.363,,"PDRB Per Kapita Atas Dasar Harga Berlaku di Provinsi Kalimantan Timur Menurut Kabupaten/Kota, 2011-2015 (Ribu Rupiah)","Per Capita GRDP at Current Market Prices by Regency/Municipality, in Kalimantan Timur Province, 2011-2015 (Thousand Rupiahs)",23,3,5d4d2ae5f43b
KALIMANTAN TIMUR,04,Kab. Nunukan,,2012,,8 2.901,,"PDRB Per Kapita Atas Dasar Harga Berlaku di Provinsi Kalimantan Timur Menurut Kabupaten/Kota, 2011-2015 (Ribu Rupiah)","Per Capita GRDP at Current Market Prices by Regency/Municipality, in Kalimantan Timur Province, 2011-2015 (Thousand Rupiahs)",23,3,168544d8a49a
KALIMANTAN TIMUR,71,Kota Tarakan,,2012,,7 6.959,,"PDRB Per Kapita Atas Dasar Harga Berlaku di Provinsi Kalimantan Timur Menurut Kabupaten/Kota, 2011-2015 (Ribu Rupiah)","Per Capita GRDP at Current Market Prices by Regency/Municipality, in Kalimantan Timur Province, 2011-2015 (Thousand Rupiahs)",23,3,5ce89018c3ed
KALIMANTAN TIMUR,,Jml Kab./Kota Total of Reg./Mun.,,2012,,8 7.366,,"PDRB Per Kapita Atas Dasar Harga Berlaku di Provinsi Kalimantan Timur Menurut Kabupaten/Kota, 2011-2015 (Ribu Rupiah)","Per Capita GRDP at Current Market Prices by Regency/Municipality, in Kalimantan Timur Province, 2011-2015 (Thousand Rupiahs)",23,3,6de5bef526f5
KALIMANTAN TIMUR,,Provinsi/Province,,2012,,8 8.415,,"PDRB Per Kapita Atas Dasar Harga Berlaku di Provinsi Kalimantan Timur Menurut Kabupaten/Kota, 2011-2015 (Ribu Rupiah)","Per Capita GRDP at Current Market Prices by Regency/Municipality, in Kalimantan Timur Province, 2011-2015 (Thousand Rupiahs)",23,3,9133006e1e9b
SULAWESI UTARA,01,Kab. Bolaang Mongondow,,2012,,1 7.176,,"PDRB Per Kapita Atas Dasar Harga Berlaku di Provinsi Sulawesi Utara Menurut Kabupaten/Kota, 2011-2015 (Ribu Rupiah)","Per Capita GRDP at Current Market Prices by Regency/Municipality, in Sulawesi Utara Province, 2011-2015 (Thousand Rupiahs)",25,5,2c391e119a73
SULAWESI UTARA,02,Kab. Minahasa,,2012,,2 6.912,,"PDRB Per Kapita Atas Dasar Harga Berlaku di Provinsi Sulawesi Utara Menurut Kabupaten/Kota, 2011-2015 (Ribu Rupiah)","Per Capita GRDP at Current Market Prices by Regency/Municipality, in Sulawesi Utara Province, 2011-2015 (Thousand Rupiahs)",25,5,038ebdd86d4b
SULAWESI UTARA,03,Kab. Kepulauan Sangihe,,2012,,1 7.140,,"PDRB Per Kapita Atas Dasar Harga Berlaku di Provinsi Sulawesi Utara Menurut Kabupaten/Kota, 2011-2015 (Ribu Rupiah)","Per Capita GRDP at Current Market Prices by Regency/Municipality, in Sulawesi Utara Province, 2011-2015 (Thousand Rupiahs)",25,5,cb67112e62e5
SULAWESI UTARA,04,Kab. Kepulauan Talaud,,2012,,1 3.906,,"PDRB Per Kapita Atas Dasar Harga Berlaku di Provinsi Sulawesi Utara Menurut Kabupaten/Kota, 2011-2015 (Ribu Rupiah)","Per Capita GRDP at Current Market Prices by Regency/Municipality, in Sulawesi Utara Province, 2011-2015 (Thousand Rupiahs)",25,5,3f7cf36ceb72
SULAWESI UTARA,05,Kab. Minahasa Selatan,,2012,,2 1.359,,"PDRB Per Kapita Atas Dasar Harga Berlaku di Provinsi Sulawesi Utara Menurut Kabupaten/Kota, 2011-2015 (Ribu Rupiah)","Per Capita GRDP at Current Market Prices by Regency/Municipality, in Sulawesi Utara Province, 2011-2015 (Thousand Rupiahs)",25,5,dce07aa97fd0
SULAWESI UTARA,06,Kab. Minahasa Utara,,2012,,3 3.181,,"PDRB Per Kapita Atas Dasar Harga Berlaku di Provinsi Sulawesi Utara Menurut Kabupaten/Kota, 2011-2015 (Ribu Rupiah)","Per Capita GRDP at Current Market Prices by Regency/Municipality, in Sulawesi Utara Province, 2011-2015 (Thousand Rupiahs)",25,5,aaa8f74aa277
SULAWESI UTARA,07,Kab. Bolaang Mongondow Utara,,2012,,1 6.386,,"PDRB Per Kapita Atas Dasar Harga Berlaku di Provinsi Sulawesi Utara Menurut Kabupaten/Kota, 2011-2015 (Ribu Rupiah)","Per Capita GRDP at Current Market Prices by Regency/Municipality, in Sulawesi Utara Province, 2011-2015 (Thousand Rupiahs)",25,5,eeb2aa47992f
SULAWESI UTARA,08,Kab. Siau Tagulandang Biaro,,2012,,1 6.514,,"PDRB Per Kapita Atas Dasar Harga Berlaku di Provinsi Sulawesi Utara Menurut Kabupaten/Kota, 2011-2015 (Ribu Rupiah)","Per Capita GRDP at Current Market Prices by Regency/Municipality, in Sulawesi Utara Province, 2011-2015 (Thousand Rupiahs)",25,5,e62b6ddcce21
SULAWESI UTARA,09,Kab. Minahasa Tenggara,,2012,,2 5.077,,"PDRB Per Kapita Atas Dasar Harga Berlaku di Provinsi Sulawesi Utara Menurut Kabupaten/Kota, 2011-2015 (Ribu Rupiah)","Per Capita GRDP at Current Market Prices by Regency/Municipality, in Sulawesi Utara Province, 2011-2015 (Thousand Rupiahs)",25,5,b5d2958dd45f
SULAWESI UTARA,10,Kab. Bolaang Mongondow Selatan,,2012,,1 6.142,,"PDRB Per Kapita Atas Dasar Harga Berlaku di Provinsi Sulawesi Utara Menurut Kabupaten/Kota, 2011-2015 (Ribu Rupiah)","Per Capita GRDP at Current Market Prices by Regency/Municipality, in Sulawesi Utara Province, 2011-2015 (Thousand Rupiahs)",25,5,96287233f5a8
SULAWESI UTARA,11,Kab. Bolaang Mongondow Timur,,2012,,2 0.514,,"PDRB Per Kapita Atas Dasar Harga Berlaku di Provinsi Sulawesi Utara Menurut Kabupaten/Kota, 2011-2015 (Ribu Rupiah)","Per Capita GRDP at Current Market Prices by Regency/Municipality, in Sulawesi Utara Province, 2011-2015 (Thousand Rupiahs)",25,5,df2298b87207
SULAWESI UTARA,71,Kota Manado,,2012,,4 2.485,,"PDRB Per Kapita Atas Dasar Harga Berlaku di Provinsi Sulawesi Utara Menurut Kabupaten/Kota, 2011-2015 (Ribu Rupiah)","Per Capita GRDP at Current Market Prices by Regency/Municipality, in Sulawesi Utara Province, 2011-2015 (Thousand Rupiahs)",25,5,a87404214404
SULAWESI UTARA,72,Kota Bitung,,2012,,4 3.150,,"PDRB Per Kapita Atas Dasar Harga Berlaku di Provinsi Sulawesi Utara Menurut Kabupaten/Kota, 2011-2015 (Ribu Rupiah)","Per Capita GRDP at Current Market Prices by Regency/Municipality, in Sulawesi Utara Province, 2011-2015 (Thousand Rupiahs)",25,5,4bf2af771236
SULAWESI UTARA,73,Kota Tomohon,,2012,,2 3.303,,"PDRB Per Kapita Atas Dasar Harga Berlaku di Provinsi Sulawesi Utara Menurut Kabupaten/Kota, 2011-2015 (Ribu Rupiah)","Per Capita GRDP at Current Market Prices by Regency/Municipality, in Sulawesi Utara Province, 2011-2015 (Thousand Rupiahs)",25,5,2a0d23f71485
SULAWESI UTARA,74,Kota Kotamobagu,,2012,,1 5.333,,"PDRB Per Kapita Atas Dasar Harga Berlaku di Provinsi Sulawesi Utara Menurut Kabupaten/Kota, 2011-2015 (Ribu Rupiah)","Per Capita GRDP at Current Market Prices by Regency/Municipality, in Sulawesi Utara Province, 2011-2015 (Thousand Rupiahs)",25,5,a1d3888173bc
SULAWESI UTARA,,Jml Kab./Kota Total of Reg./Mun.,,2012,,2 7.303,,"PDRB Per Kapita Atas Dasar Harga Berlaku di Provinsi Sulawesi Utara Menurut Kabupaten/Kota, 2011-2015 (Ribu Rupiah)","Per Capita GRDP at Current Market Prices by Regency/Municipality, in Sulawesi Utara Province, 2011-2015 (Thousand Rupiahs)",25,5,1ad1b9edffb1
SULAWESI UTARA,,Provinsi/Province,,2012,,2 7.373,,"PDRB Per Kapita Atas Dasar Harga Berlaku di Provinsi Sulawesi Utara Menurut Kabupaten/Kota, 2011-2015 (Ribu Rupiah)","Per Capita GRDP at Current Market Prices by Regency/Municipality, in Sulawesi Utara Province, 2011-2015 (Thousand Rupiahs)",25,5,81c7417fc948
SULAWESI TENGAH,01,Kab. Banggai Kepulauan,,2012,,1 7.999,,"PDRB Per Kapita Atas Dasar Harga Berlaku di Provinsi Sulawesi Tengah Menurut Kabupaten/Kota, 2011-2015 (Ribu Rupiah)","Per Capita GRDP at Current Market Prices by Regency/Municipality, in Sulawesi Tengah Province, 2011-2015 (Thousand Rupiahs)",26,6,315076309a0e
SULAWESI TENGAH,11,Kab. Banggai Laut,#),2012,,-,,"PDRB Per Kapita Atas Dasar Harga Berlaku di Provinsi Sulawesi Tengah Menurut Kabupaten/Kota, 2011-2015 (Ribu Rupiah)","Per Capita GRDP at Current Market Prices by Regency/Municipality, in Sulawesi Tengah Province, 2011-2015 (Thousand Rupiahs)",26,6,39786c101071
SULAWESI TENGAH,02,Kab. Banggai,,2012,,2 5.430,,"PDRB Per Kapita Atas Dasar Harga Berlaku di Provinsi Sulawesi Tengah Menurut Kabupaten/Kota, 2011-2015 (Ribu Rupiah)","Per Capita GRDP at Current Market Prices by Regency/Municipality, in Sulawesi Tengah Province, 2011-2015 (Thousand Rupiahs)",26,6,11334f095909
SULAWESI TENGAH,03,Kab. Morowali,,2012,,4 8.826,,"PDRB Per Kapita Atas Dasar Harga Berlaku di Provinsi Sulawesi Tengah Menurut Kabupaten/Kota, 2011-2015 (Ribu Rupiah)","Per Capita GRDP at Current Market Prices by Regency/Municipality, in Sulawesi Tengah Province, 2011-2015 (Thousand Rupiahs)",26,6,8151ce9e5209
SULAWESI TENGAH,12,Kab. Morowali Utara,#),2012,,-,,"PDRB Per Kapita Atas Dasar Harga Berlaku di Provinsi Sulawesi Tengah Menurut Kabupaten/Kota, 2011-2015 (Ribu Rupiah)","Per Capita GRDP at Current Market Prices by Regency/Municipality, in Sulawesi Tengah Province, 2011-2015 (Thousand Rupiahs)",26,6,4ef63eb11264
SULAWESI TENGAH,04,Kab. Poso,,2012,,2 1.208,,"PDRB Per Kapita Atas Dasar Harga Berlaku di Provinsi Sulawesi Tengah Menurut Kabupaten/Kota, 2011-2015 (Ribu Rupiah)","Per Capita GRDP at Current Market Prices by Regency/Municipality, in Sulawesi Tengah Province, 2011-2015 (Thousand Rupiahs)",26,6,ac9ca165f0bb
SULAWESI TENGAH,05,Kab. Donggala,,2012,,2 3.306,,"PDRB Per Kapita Atas Dasar Harga Berlaku di Provinsi Sulawesi Tengah Menurut Kabupaten/Kota, 2011-2015 (Ribu Rupiah)","Per Capita GRDP at Current Market Prices by Regency/Municipality, in Sulawesi Tengah Province, 2011-2015 (Thousand Rupiahs)",26,6,1b2b8a8ac584
SULAWESI TENGAH,06,Kab. Toli-Toli,,2012,,1 9.786,,"PDRB Per Kapita Atas Dasar Harga Berlaku di Provinsi Sulawesi Tengah Menurut Kabupaten/Kota, 2011-2015 (Ribu Rupiah)","Per Capita GRDP at Current Market Prices by Regency/Municipality, in Sulawesi Tengah Province, 2011-2015 (Thousand Rupiahs)",26,6,3a42e45c4555
SULAWESI TENGAH,07,Kab. Buol,,2012,,2 3.504,,"PDRB Per Kapita Atas Dasar Harga Berlaku di Provinsi Sulawesi Tengah Menurut Kabupaten/Kota, 2011-2015 (Ribu Rupiah)","Per Capita GRDP at Current Market Prices by Regency/Municipality, in Sulawesi Tengah Province, 2011-2015 (Thousand Rupiahs)",26,6,08bf6220d49d
SULAWESI TENGAH,08,Kab. Parigi Moutong,,2012,,2 1.378,,"PDRB Per Kapita Atas Dasar Harga Berlaku di Provinsi Sulawesi Tengah Menurut Kabupaten/Kota, 2011-2015 (Ribu Rupiah)","Per Capita GRDP at Current Market Prices by Regency/Municipality, in Sulawesi Tengah Province, 2011-2015 (Thousand Rupiahs)",26,6,2e29aa79b992
SULAWESI TENGAH,09,Kab. Tojo Una-Una,,2012,,2 1.348,,"PDRB Per Kapita Atas Dasar Harga Berlaku di Provinsi Sulawesi Tengah Menurut Kabupaten/Kota, 2011-2015 (Ribu Rupiah)","Per Capita GRDP at Current Market Prices by Regency/Municipality, in Sulawesi Tengah Province, 2011-2015 (Thousand Rupiahs)",26,6,fc31d37d952d
SULAWESI TENGAH,10,Kab. Sigi,,2012,,2 1.775,,"PDRB Per Kapita Atas Dasar Harga Berlaku di Provinsi Sulawesi Tengah Menurut Kabupaten/Kota, 2011-2015 (Ribu Rupiah)","Per Capita GRDP at Current Market Prices by Regency/Municipality, in Sulawesi Tengah Province, 2011-2015 (Thousand Rupiahs)",26,6,1032bff7d6af
SULAWESI TENGAH,71,Kota Palu,,2012,,3 2.903,,"PDRB Per Kapita Atas Dasar Harga Berlaku di Provinsi Sulawesi Tengah Menurut Kabupaten/Kota, 2011-2015 (Ribu Rupiah)","Per Capita GRDP at Current Market Prices by Regency/Municipality, in Sulawesi Tengah Province, 2011-2015 (Thousand Rupiahs)",26,6,f8c6c99193cd
SULAWESI TENGAH,,Jml Kab./Kota Total of Reg./Mun.,,2012,,2 5.501,,"PDRB Per Kapita Atas Dasar Harga Berlaku di Provinsi Sulawesi Tengah Menurut Kabupaten/Kota, 2011-2015 (Ribu Rupiah)","Per Capita GRDP at Current Market Prices by Regency/Municipality, in Sulawesi Tengah Province, 2011-2015 (Thousand Rupiahs)",26,6,ffd630843b1e
SULAWESI TENGAH,,Provinsi/Province,,2012,,2 5.422,,"PDRB Per Kapita Atas Dasar Harga Berlaku di Provinsi Sulawesi Tengah Menurut Kabupaten/Kota, 2011-2015 (Ribu Rupiah)","Per Capita GRDP at Current Market Prices by Regency/Municipality, in Sulawesi Tengah Province, 2011-2015 (Thousand Rupiahs)",26,6,0fb3fd6ef47a
SULAWESI SELATAN,01,Kab. Kepulauan Selayar,,2012,,1 9.625,,"PDRB Per Kapita Atas Dasar Harga Berlaku di Provinsi Sulawesi Selatan Menurut Kabupaten/Kota, 2011-2015 (Ribu Rupiah)","Per Capita GRDP at Current Market Prices by Regency/Municipality, in Sulawesi Selatan Province, 2011-2015 (Thousand Rupiahs)",27,7,5d02d59cff1c
SULAWESI SELATAN,02,Kab. Bulukumba,,2012,,1 5.534,,"PDRB Per Kapita Atas Dasar Harga Berlaku di Provinsi Sulawesi Selatan Menurut Kabupaten/Kota, 2011-2015 (Ribu Rupiah)","Per Capita GRDP at Current Market Prices by Regency/Municipality, in Sulawesi Selatan Province, 2011-2015 (Thousand Rupiahs)",27,7,1b22d1f4082a
SULAWESI SELATAN,03,Kab. Bantaeng,,2012,,2 1.276,,"PDRB Per Kapita Atas Dasar Harga Berlaku di Provinsi Sulawesi Selatan Menurut Kabupaten/Kota, 2011-2015 (Ribu Rupiah)","Per Capita GRDP at Current Market Prices by Regency/Municipality, in Sulawesi Selatan Province, 2011-2015 (Thousand Rupiahs)",27,7,f027c0c2a25d
SULAWESI SELATAN,04,Kab. Jeneponto,,2012,,1 3.538,,"PDRB Per Kapita Atas Dasar Harga Berlaku di Provinsi Sulawesi Selatan Menurut Kabupaten/Kota, 2011-2015 (Ribu Rupiah)","Per Capita GRDP at Current Market Prices by Regency/Municipality, in Sulawesi Selatan Province, 2011-2015 (Thousand Rupiahs)",27,7,12b5277b4b45
SULAWESI SELATAN,05,Kab. Takalar,,2012,,1 5.749,,"PDRB Per Kapita Atas Dasar Harga Berlaku di Provinsi Sulawesi Selatan Menurut Kabupaten/Kota, 2011-2015 (Ribu Rupiah)","Per Capita GRDP at Current Market Prices by Regency/Municipality, in Sulawesi Selatan Province, 2011-2015 (Thousand Rupiahs)",27,7,f313acb7d834
SULAWESI SELATAN,06,Kab. Gowa,,2012,,1 3.742,,"PDRB Per Kapita Atas Dasar Harga Berlaku di Provinsi Sulawesi Selatan Menurut Kabupaten/Kota, 2011-2015 (Ribu Rupiah)","Per Capita GRDP at Current Market Prices by Regency/Municipality, in Sulawesi Selatan Province, 2011-2015 (Thousand Rupiahs)",27,7,67b09a2c9a72
SULAWESI SELATAN,07,Kab. Sinjai,,2012,,2 1.126,,"PDRB Per Kapita Atas Dasar Harga Berlaku di Provinsi Sulawesi Selatan Menurut Kabupaten/Kota, 2011-2015 (Ribu Rupiah)","Per Capita GRDP at Current Market Prices by Regency/Municipality, in Sulawesi Selatan Province, 2011-2015 (Thousand Rupiahs)",27,7,fa45a6cdd00d
SULAWESI SELATAN,08,Kab. Maros,,2012,,3 1.795,,"PDRB Per Kapita Atas Dasar Harga Berlaku di Provinsi Sulawesi Selatan Menurut Kabupaten/Kota, 2011-2015 (Ribu Rupiah)","Per Capita GRDP at Current Market Prices by Regency/Municipality, in Sulawesi Selatan Province, 2011-2015 (Thousand Rupiahs)",27,7,11c8a8477c30
SULAWESI SELATAN,09,Kab. Pangkajene dan Kepulauan,,2012,,3 7.505,,"PDRB Per Kapita Atas Dasar Harga Berlaku di Provinsi Sulawesi Selatan Menurut Kabupaten/Kota, 2011-2015 (Ribu Rupiah)","Per Capita GRDP at Current Market Prices by Regency/Municipality, in Sulawesi Selatan Province, 2011-2015 (Thousand Rupiahs)",27,7,333830c81118
SULAWESI SELATAN,10,Kab. Barru,,2012,,1 9.974,,"PDRB Per Kapita Atas Dasar Harga Berlaku di Provinsi Sulawesi Selatan Menurut Kabupaten/Kota, 2011-2015 (Ribu Rupiah)","Per Capita GRDP at Current Market Prices by Regency/Municipality, in Sulawesi Selatan Province, 2011-2015 (Thousand Rupiahs)",27,7,1fcfebe98846
SULAWESI SELATAN,11,Kab. Bone,,2012,,2 0.333,,"PDRB Per Kapita Atas Dasar Harga Berlaku di Provinsi Sulawesi Selatan Menurut Kabupaten/Kota, 2011-2015 (Ribu Rupiah)","Per Capita GRDP at Current Market Prices by Regency/Municipality, in Sulawesi Selatan Province, 2011-2015 (Thousand Rupiahs)",27,7,1f9d9893dc0e
SULAWESI SELATAN,12,Kab. Soppeng,,2012,,2 1.147,,"PDRB Per Kapita Atas Dasar Harga Berlaku di Provinsi Sulawesi Selatan Menurut Kabupaten/Kota, 2011-2015 (Ribu Rupiah)","Per Capita GRDP at Current Market Prices by Regency/Municipality, in Sulawesi Selatan Province, 2011-2015 (Thousand Rupiahs)",27,7,2bc8833fa036
SULAWESI SELATAN,13,Kab. Wajo,,2012,,2 6.116,,"PDRB Per Kapita Atas Dasar Harga Berlaku di Provinsi Sulawesi Selatan Menurut Kabupaten/Kota, 2011-2015 (Ribu Rupiah)","Per Capita GRDP at Current Market Prices by Regency/Municipality, in Sulawesi Selatan Province, 2011-2015 (Thousand Rupiahs)",27,7,9e83184a132a
SULAWESI SELATAN,14,Kab. Sidenreng Rappang,,2012,,2 1.830,,"PDRB Per Kapita Atas Dasar Harga Berlaku di Provinsi Sulawesi Selatan Menurut Kabupaten/Kota, 2011-2015 (Ribu Rupiah)","Per Capita GRDP at Current Market Prices by Regency/Municipality, in Sulawesi Selatan Province, 2011-2015 (Thousand Rupiahs)",27,7,0590a46bbaa1
SULAWESI SELATAN,15,Kab. Pinrang,,2012,,2 4.387,,"PDRB Per Kapita Atas Dasar Harga Berlaku di Provinsi Sulawesi Selatan Menurut Kabupaten/Kota, 2011-2015 (Ribu Rupiah)","Per Capita GRDP at Current Market Prices by Regency/Municipality, in Sulawesi Selatan Province, 2011-2015 (Thousand Rupiahs)",27,7,713b80a18fc8
SULAWESI SELATAN,16,Kab. Enrekang,,2012,,1 7.773,,"PDRB Per Kapita Atas Dasar Harga Berlaku di Provinsi Sulawesi Selatan Menurut Kabupaten/Kota, 2011-2015 (Ribu Rupiah)","Per Capita GRDP at Current Market Prices by Regency/Municipality, in Sulawesi Selatan Province, 2011-2015 (Thousand Rupiahs)",27,7,aa9f58351466
SULAWESI SELATAN,17,Kab. Luwu,,2012,,1 9.673,,"PDRB Per Kapita Atas Dasar Harga Berlaku di Provinsi Sulawesi Selatan Menurut Kabupaten/Kota, 2011-2015 (Ribu Rupiah)","Per Capita GRDP at Current Market Prices by Regency/Municipality, in Sulawesi Selatan Province, 2011-2015 (Thousand Rupiahs)",27,7,51d4f3e28e78
SULAWESI SELATAN,18,Kab. Tana Toraja,,2012,,1 4.378,,"PDRB Per Kapita Atas Dasar Harga Berlaku di Provinsi Sulawesi Selatan Menurut Kabupaten/Kota, 2011-2015 (Ribu Rupiah)","Per Capita GRDP at Current Market Prices by Regency/Municipality, in Sulawesi Selatan Province, 2011-2015 (Thousand Rupiahs)",27,7,d2b4ac9c7308
SULAWESI SELATAN,22,Kab. Luwu Utara,,2012,,1 8.887,,"PDRB Per Kapita Atas Dasar Harga Berlaku di Provinsi Sulawesi Selatan Menurut Kabupaten/Kota, 2011-2015 (Ribu Rupiah)","Per Capita GRDP at Current Market Prices by Regency/Municipality, in Sulawesi Selatan Province, 2011-2015 (Thousand Rupiahs)",27,7,4f0932dc9e5a
SULAWESI SELATAN,25,Kab. Luwu Timur,,2012,,5 9.472,,"PDRB Per Kapita Atas Dasar Harga Berlaku di Provinsi Sulawesi Selatan Menurut Kabupaten/Kota, 2011-2015 (Ribu Rupiah)","Per Capita GRDP at Current Market Prices by Regency/Municipality, in Sulawesi Selatan Province, 2011-2015 (Thousand Rupiahs)",27,7,9594bcac3258
SULAWESI SELATAN,26,Kab. Toraja Utara,,2012,,1 6.063,,"PDRB Per Kapita Atas Dasar Harga Berlaku di Provinsi Sulawesi Selatan Menurut Kabupaten/Kota, 2011-2015 (Ribu Rupiah)","Per Capita GRDP at Current Market Prices by Regency/Municipality, in Sulawesi Selatan Province, 2011-2015 (Thousand Rupiahs)",27,7,0da33bf72329
SULAWESI SELATAN,71,Kota Makassar,,2012,,5 6.245,,"PDRB Per Kapita Atas Dasar Harga Berlaku di Provinsi Sulawesi Selatan Menurut Kabupaten/Kota, 2011-2015 (Ribu Rupiah)","Per Capita GRDP at Current Market Prices by Regency/Municipality, in Sulawesi Selatan Province, 2011-2015 (Thousand Rupiahs)",27,7,8fd555c0e972
SULAWESI SELATAN,72,Kota Parepare,,2012,,2 6.249,,"PDRB Per Kapita Atas Dasar Harga Berlaku di Provinsi Sulawesi Selatan Menurut Kabupaten/Kota, 2011-2015 (Ribu Rupiah)","Per Capita GRDP at Current Market Prices by Regency/Municipality, in Sulawesi Selatan Province, 2011-2015 (Thousand Rupiahs)",27,7,9ccf061e0402
SULAWESI SELATAN,73,Kota Palopo,,2012,,2 3.569,,"PDRB Per Kapita Atas Dasar Harga Berlaku di Provinsi Sulawesi Selatan Menurut Kabupaten/Kota, 2011-2015 (Ribu Rupiah)","Per Capita GRDP at Current Market Prices by Regency/Municipality, in Sulawesi Selatan Province, 2011-2015 (Thousand Rupiahs)",27,7,7745a205227c
SULAWESI SELATAN,,Jml Kab./Kota Total of Reg./Mun.,,2012,,2 7.765,,"PDRB Per Kapita Atas Dasar Harga Berlaku di Provinsi Sulawesi Selatan Menurut Kabupaten/Kota, 2011-2015 (Ribu Rupiah)","Per Capita GRDP at Current Market Prices by Regency/Municipality, in Sulawesi Selatan Province, 2011-2015 (Thousand Rupiahs)",27,7,795a8fedbdea
SULAWESI SELATAN,,Provinsi/Province,,2012,,2 7.671,,"PDRB Per Kapita Atas Dasar Harga Berlaku di Provinsi Sulawesi Selatan Menurut Kabupaten/Kota, 2011-2015 (Ribu Rupiah)","Per Capita GRDP at Current Market Prices by Regency/Municipality, in Sulawesi Selatan Province, 2011-2015 (Thousand Rupiahs)",27,7,c6f24ff491aa
SULAWESI TENGGARA,01,Kab. Buton,,2012,,1 8.881,,"PDRB Per Kapita Atas Dasar Harga Berlaku di Provinsi Sulawesi Tenggara Menurut Kabupaten/Kota, 2011-2015 (Ribu Rupiah)","Per Capita GRDP at Current Market Prices by Regency/Municipality, in Sulawesi Tenggara Province, 2011-2015 (Thousand Rupiahs)",28,8,a9a551402334
SULAWESI TENGGARA,14,Kab. Buton Tengah,#),2012,,,,"PDRB Per Kapita Atas Dasar Harga Berlaku di Provinsi Sulawesi Tenggara Menurut Kabupaten/Kota, 2011-2015 (Ribu Rupiah)","Per Capita GRDP at Current Market Prices by Regency/Municipality, in Sulawesi Tenggara Province, 2011-2015 (Thousand Rupiahs)",28,8,ee8d94d803e2
SULAWESI TENGGARA,15,Kab. Buton Selatan,#),2012,,,,"PDRB Per Kapita Atas Dasar Harga Berlaku di Provinsi Sulawesi Tenggara Menurut Kabupaten/Kota, 2011-2015 (Ribu Rupiah)","Per Capita GRDP at Current Market Prices by Regency/Municipality, in Sulawesi Tenggara Province, 2011-2015 (Thousand Rupiahs)",28,8,ebb81d9661f9
SULAWESI TENGGARA,02,Kab. Muna,,2012,,1 7.188,,"PDRB Per Kapita Atas Dasar Harga Berlaku di Provinsi Sulawesi Tenggara Menurut Kabupaten/Kota, 2011-2015 (Ribu Rupiah)","Per Capita GRDP at Current Market Prices by Regency/Municipality, in Sulawesi Tenggara Province, 2011-2015 (Thousand Rupiahs)",28,8,4ca32c694347
SULAWESI TENGGARA,13,Kab. Muna Barat,#),2012,,,,"PDRB Per Kapita Atas Dasar Harga Berlaku di Provinsi Sulawesi Tenggara Menurut Kabupaten/Kota, 2011-2015 (Ribu Rupiah)","Per Capita GRDP at Current Market Prices by Regency/Municipality, in Sulawesi Tenggara Province, 2011-2015 (Thousand Rupiahs)",28,8,0f2a88ce391f
SULAWESI TENGGARA,03,Kab. Konawe,,2012,,2 0.416,,"PDRB Per Kapita Atas Dasar Harga Berlaku di Provinsi Sulawesi Tenggara Menurut Kabupaten/Kota, 2011-2015 (Ribu Rupiah)","Per Capita GRDP at Current Market Prices by Regency/Municipality, in Sulawesi Tenggara Province, 2011-2015 (Thousand Rupiahs)",28,8,450e96dcb157
SULAWESI TENGGARA,12,Kab. Konawe Kepulauan,#),2012,,-,,"PDRB Per Kapita Atas Dasar Harga Berlaku di Provinsi Sulawesi Tenggara Menurut Kabupaten/Kota, 2011-2015 (Ribu Rupiah)","Per Capita GRDP at Current Market Prices by Regency/Municipality, in Sulawesi Tenggara Province, 2011-2015 (Thousand Rupiahs)",28,8,c7ef537ea1eb
SULAWESI TENGGARA,04,Kab. Kolaka,,2012,,4 7.454,,"PDRB Per Kapita Atas Dasar Harga Berlaku di Provinsi Sulawesi Tenggara Menurut Kabupaten/Kota, 2011-2015 (Ribu Rupiah)","Per Capita GRDP at Current Market Prices by Regency/Municipality, in Sulawesi Tenggara Province, 2011-2015 (Thousand Rupiahs)",28,8,a297b957c9e3
SULAWESI TENGGARA,11,Kab. Kolaka Timur,#),2012,,-,,"PDRB Per Kapita Atas Dasar Harga Berlaku di Provinsi Sulawesi Tenggara Menurut Kabupaten/Kota, 2011-2015 (Ribu Rupiah)","Per Capita GRDP at Current Market Prices by Regency/Municipality, in Sulawesi Tenggara Province, 2011-2015 (Thousand Rupiahs)",28,8,58ac81642c72
SULAWESI TENGGARA,05,Kab. Konawe Selatan,,2012,,2 0.933,,"PDRB Per Kapita Atas Dasar Harga Berlaku di Provinsi Sulawesi Tenggara Menurut Kabupaten/Kota, 2011-2015 (Ribu Rupiah)","Per Capita GRDP at Current Market Prices by Regency/Municipality, in Sulawesi Tenggara Province, 2011-2015 (Thousand Rupiahs)",28,8,d41abae95d20
SULAWESI TENGGARA,06,Kab. Bombana,,2012,,2 1.627,,"PDRB Per Kapita Atas Dasar Harga Berlaku di Provinsi Sulawesi Tenggara Menurut Kabupaten/Kota, 2011-2015 (Ribu Rupiah)","Per Capita GRDP at Current Market Prices by Regency/Municipality, in Sulawesi Tenggara Province, 2011-2015 (Thousand Rupiahs)",28,8,25a0cb165914
SULAWESI TENGGARA,07,Kab. Wakatobi,,2012,,2 1.828,,"PDRB Per Kapita Atas Dasar Harga Berlaku di Provinsi Sulawesi Tenggara Menurut Kabupaten/Kota, 2011-2015 (Ribu Rupiah)","Per Capita GRDP at Current Market Prices by Regency/Municipality, in Sulawesi Tenggara Province, 2011-2015 (Thousand Rupiahs)",28,8,824691092c15
SULAWESI TENGGARA,08,Kab. Kolaka Utara,,2012,,3 2.559,,"PDRB Per Kapita Atas Dasar Harga Berlaku di Provinsi Sulawesi Tenggara Menurut Kabupaten/Kota, 2011-2015 (Ribu Rupiah)","Per Capita GRDP at Current Market Prices by Regency/Municipality, in Sulawesi Tenggara Province, 2011-2015 (Thousand Rupiahs)",28,8,9f1484ae11c9
SULAWESI TENGGARA,09,Kab. Buton Utara,,2012,,2 7.024,,"PDRB Per Kapita Atas Dasar Harga Berlaku di Provinsi Sulawesi Tenggara Menurut Kabupaten/Kota, 2011-2015 (Ribu Rupiah)","Per Capita GRDP at Current Market Prices by Regency/Municipality, in Sulawesi Tenggara Province, 2011-2015 (Thousand Rupiahs)",28,8,d315697bf6c5
SULAWESI TENGGARA,10,Kab. Konawe Utara,,2012,,3 8.084,,"PDRB Per Kapita Atas Dasar Harga Berlaku di Provinsi Sulawesi Tenggara Menurut Kabupaten/Kota, 2011-2015 (Ribu Rupiah)","Per Capita GRDP at Current Market Prices by Regency/Municipality, in Sulawesi Tenggara Province, 2011-2015 (Thousand Rupiahs)",28,8,dd13e1d1b0ae
SULAWESI TENGGARA,71,Kota Kendari,,2012,,3 3.834,,"PDRB Per Kapita Atas Dasar Harga Berlaku di Provinsi Sulawesi Tenggara Menurut Kabupaten/Kota, 2011-2015 (Ribu Rupiah)","Per Capita GRDP at Current Market Prices by Regency/Municipality, in Sulawesi Tenggara Province, 2011-2015 (Thousand Rupiahs)",28,8,4c28b0e117eb
SULAWESI TENGGARA,72,Kota Baubau,,2012,,2 9.288,,"PDRB Per Kapita Atas Dasar Harga Berlaku di Provinsi Sulawesi Tenggara Menurut Kabupaten/Kota, 2011-2015 (Ribu Rupiah)","Per Capita GRDP at Current Market Prices by Regency/Municipality, in Sulawesi Tenggara Province, 2011-2015 (Thousand Rupiahs)",28,8,96aad879b819
SULAWESI TENGGARA,,Jml Kab./Kota Total of Reg./Mun.,,2012,,2 7.509,,"PDRB Per Kapita Atas Dasar Harga Berlaku di Provinsi Sulawesi Tenggara Menurut Kabupaten/Kota, 2011-2015 (Ribu Rupiah)","Per Capita GRDP at Current Market Prices by Regency/Municipality, in Sulawesi Tenggara Province, 2011-2015 (Thousand Rupiahs)",28,8,57eaa30f7635
SULAWESI TENGGARA,,Provinsi/Province,,2012,,2 7.583,,"PDRB Per Kapita Atas Dasar Harga Berlaku di Provinsi Sulawesi Tenggara Menurut Kabupaten/Kota, 2011-2015 (Ribu Rupiah)","Per Capita GRDP at Current Market Prices by Regency/Municipality, in Sulawesi Tenggara Province, 2011-2015 (Thousand Rupiahs)",28,8,a5443b06823c
GORONTALO,01,Kab. Boalemo,,2012,,1 8.153,,"PDRB Per Kapita Atas Dasar Harga Berlaku di Provinsi Gorontalo Menurut Kabupaten/Kota, 2011-2015 (Ribu Rupiah)","Per Capita GRDP at Current Market Prices by Regency/Municipality, in Gorontalo Province, 2011-2015 (Thousand Rupiahs)",29,9,bf8b1c52df7b
GORONTALO,02,Kab. Gorontalo,,2012,,1 6.837,,"PDRB Per Kapita Atas Dasar Harga Berlaku di Provinsi Gorontalo Menurut Kabupaten/Kota, 2011-2015 (Ribu Rupiah)","Per Capita GRDP at Current Market Prices by Regency/Municipality, in Gorontalo Province, 2011-2015 (Thousand Rupiahs)",29,9,620d51d72baf
GORONTALO,03,Kab. Pohuwato,,2012,,2 3.425,,"PDRB Per Kapita Atas Dasar Harga Berlaku di Provinsi Gorontalo Menurut Kabupaten/Kota, 2011-2015 (Ribu Rupiah)","Per Capita GRDP at Current Market Prices by Regency/Municipality, in Gorontalo Province, 2011-2015 (Thousand Rupiahs)",29,9,27735c720527
GORONTALO,04,Kab. Bone Bolango,,2012,,1 4.821,,"PDRB Per Kapita Atas Dasar Harga Berlaku di Provinsi Gorontalo Menurut Kabupaten/Kota, 2011-2015 (Ribu Rupiah)","Per Capita GRDP at Current Market Prices by Regency/Municipality, in Gorontalo Province, 2011-2015 (Thousand Rupiahs)",29,9,211a2de55e30
GORONTALO,05,Kab. Gorontalo Utara,,2012,,1 4.703,,"PDRB Per Kapita Atas Dasar Harga Berlaku di Provinsi Gorontalo Menurut Kabupaten/Kota, 2011-2015 (Ribu Rupiah)","Per Capita GRDP at Current Market Prices by Regency/Municipality, in Gorontalo Province, 2011-2015 (Thousand Rupiahs)",29,9,e24e720b1f9e
GORONTALO,71,Kota Gorontalo,,2012,,2 1.979,,"PDRB Per Kapita Atas Dasar Harga Berlaku di Provinsi Gorontalo Menurut Kabupaten/Kota, 2011-2015 (Ribu Rupiah)","Per Capita GRDP at Current Market Prices by Regency/Municipality, in Gorontalo Province, 2011-2015 (Thousand Rupiahs)",29,9,7a337db3594d
GORONTALO,,Jml Kab./Kota Total of Reg./Mun.,,2012,,1 8.252,,"PDRB Per Kapita Atas Dasar Harga Berlaku di Provinsi Gorontalo Menurut Kabupaten/Kota, 2011-2015 (Ribu Rupiah)","Per Capita GRDP at Current Market Prices by Regency/Municipality, in Gorontalo Province, 2011-2015 (Thousand Rupiahs)",29,9,5ae032609557
GORONTALO,,Provinsi/Province,,2012,,1 8.208,,"PDRB Per Kapita Atas Dasar Harga Berlaku di Provinsi Gorontalo Menurut Kabupaten/Kota, 2011-2015 (Ribu Rupiah)","Per Capita GRDP at Current Market Prices by Regency/Municipality, in Gorontalo Province, 2011-2015 (Thousand Rupiahs)",29,9,979b35370aaa
SULAWESI BARAT,01,Kab. Majene,,2012,,1 6.551,,"PDRB Per Kapita Atas Dasar Harga Berlaku di Provinsi Sulawesi Barat Menurut Kabupaten/Kota, 2011-2015 (Ribu Rupiah)","Per Capita GRDP at Current Market Prices by Regency/Municipality, in Sulawesi Barat Province, 2011-2015 (Thousand Rupiahs)",30,10,8074bb9cf94c
SULAWESI BARAT,02,Kab. Polewali Mandar,,2012,,1 5.834,,"PDRB Per Kapita Atas Dasar Harga Berlaku di Provinsi Sulawesi Barat Menurut Kabupaten/Kota, 2011-2015 (Ribu Rupiah)","Per Capita GRDP at Current Market Prices by Regency/Municipality, in Sulawesi Barat Province, 2011-2015 (Thousand Rupiahs)",30,10,3dab394f4433
SULAWESI BARAT,03,Kab. Mamasa,,2012,,1 1.165,,"PDRB Per Kapita Atas Dasar Harga Berlaku di Provinsi Sulawesi Barat Menurut Kabupaten/Kota, 2011-2015 (Ribu Rupiah)","Per Capita GRDP at Current Market Prices by Regency/Municipality, in Sulawesi Barat Province, 2011-2015 (Thousand Rupiahs)",30,10,1ba739577dad
SULAWESI BARAT,04,Kab. Mamuju,,2012,,2 0.175,,"PDRB Per Kapita Atas Dasar Harga Berlaku di Provinsi Sulawesi Barat Menurut Kabupaten/Kota, 2011-2015 (Ribu Rupiah)","Per Capita GRDP at Current Market Prices by Regency/Municipality, in Sulawesi Barat Province, 2011-2015 (Thousand Rupiahs)",30,10,10cbb3d308eb
SULAWESI BARAT,06,Kab. Mamuju Tengah,#),2012,,1 5.632,,"PDRB Per Kapita Atas Dasar Harga Berlaku di Provinsi Sulawesi Barat Menurut Kabupaten/Kota, 2011-2015 (Ribu Rupiah)","Per Capita GRDP at Current Market Prices by Regency/Municipality, in Sulawesi Barat Province, 2011-2015 (Thousand Rupiahs)",30,10,3852f9a91cc2
SULAWESI BARAT,05,Kab. Mamuju Utara,,2012,,3 3.016,,"PDRB Per Kapita Atas Dasar Harga Berlaku di Provinsi Sulawesi Barat Menurut Kabupaten/Kota, 2011-2015 (Ribu Rupiah)","Per Capita GRDP at Current Market Prices by Regency/Municipality, in Sulawesi Barat Province, 2011-2015 (Thousand Rupiahs)",30,10,a16b4f7d3163
SULAWESI BARAT,,Jml Kab./Kota Total of Reg./Mun.,,2012,,1 8.687,,"PDRB Per Kapita Atas Dasar Harga Berlaku di Provinsi Sulawesi Barat Menurut Kabupaten/Kota, 2011-2015 (Ribu Rupiah)","Per Capita GRDP at Current Market Prices by Regency/Municipality, in Sulawesi Barat Province, 2011-2015 (Thousand Rupiahs)",30,10,a071b6f6152b
SULAWESI BARAT,,Provinsi/Province,,2012,,1 8.688,,"PDRB Per Kapita Atas Dasar Harga Berlaku di Provinsi Sulawesi Barat Menurut Kabupaten/Kota, 2011-2015 (Ribu Rupiah)","Per Capita GRDP at Current Market Prices by Regency/Municipality, in Sulawesi Barat Province, 2011-2015 (Thousand Rupiahs)",30,10,03da286f46b9
KALIMANTAN TENGAH,01,Kab. Kotawaringin Barat,,2013,,3 9.454,,"PDRB Per Kapita Atas Dasar Harga Berlaku di Provinsi Kalimantan Tengah Menurut Kabupaten/Kota, 2011-2015 (Ribu Rupiah)","Per Capita GRDP at Current Market Prices by Regency/Municipality, in Kalimantan Tengah Province, 2011-2015 (Thousand Rupiahs)",21,1,7ae38c8c2c2a
KALIMANTAN TENGAH,02,Kab. Kotawaringin Timur,,2013,,3 4.520,,"PDRB Per Kapita Atas Dasar Harga Berlaku di Provinsi Kalimantan Tengah Menurut Kabupaten/Kota, 2011-2015 (Ribu Rupiah)","Per Capita GRDP at Current Market Prices by Regency/Municipality, in Kalimantan Tengah Province, 2011-2015 (Thousand Rupiahs)",21,1,c7a82bc1152e
KALIMANTAN TENGAH,03,Kab. Kapuas,,2013,,2 5.023,,"PDRB Per Kapita Atas Dasar Harga Berlaku di Provinsi Kalimantan Tengah Menurut Kabupaten/Kota, 2011-2015 (Ribu Rupiah)","Per Capita GRDP at Current Market Prices by Regency/Municipality, in Kalimantan Tengah Province, 2011-2015 (Thousand Rupiahs)",21,1,024b8a5e506f
KALIMANTAN TENGAH,04,Kab. Barito Selatan,,2013,,2 9.158,,"PDRB Per Kapita Atas Dasar Harga Berlaku di Provinsi Kalimantan Tengah Menurut Kabupaten/Kota, 2011-2015 (Ribu Rupiah)","Per Capita GRDP at Current Market Prices by Regency/Municipality, in Kalimantan Tengah Province, 2011-2015 (Thousand Rupiahs)",21,1,1421a558995a
KALIMANTAN TENGAH,05,Kab. Barito Utara,,2013,,4 7.921,,"PDRB Per Kapita Atas Dasar Harga Berlaku di Provinsi Kalimantan Tengah Menurut Kabupaten/Kota, 2011-2015 (Ribu Rupiah)","Per Capita GRDP at Current Market Prices by Regency/Municipality, in Kalimantan Tengah Province, 2011-2015 (Thousand Rupiahs)",21,1,44894de2f6c0
KALIMANTAN TENGAH,06,Kab. Sukamara,,2013,,4 5.714,,"PDRB Per Kapita Atas Dasar Harga Berlaku di Provinsi Kalimantan Tengah Menurut Kabupaten/Kota, 2011-2015 (Ribu Rupiah)","Per Capita GRDP at Current Market Prices by Regency/Municipality, in Kalimantan Tengah Province, 2011-2015 (Thousand Rupiahs)",21,1,e5ddc9292fb4
KALIMANTAN TENGAH,07,Kab. Lamandau,,2013,,4 3.525,,"PDRB Per Kapita Atas Dasar Harga Berlaku di Provinsi Kalimantan Tengah Menurut Kabupaten/Kota, 2011-2015 (Ribu Rupiah)","Per Capita GRDP at Current Market Prices by Regency/Municipality, in Kalimantan Tengah Province, 2011-2015 (Thousand Rupiahs)",21,1,fc2c466f3ad9
KALIMANTAN TENGAH,08,Kab. Seruyan,,2013,,3 2.729,,"PDRB Per Kapita Atas Dasar Harga Berlaku di Provinsi Kalimantan Tengah Menurut Kabupaten/Kota, 2011-2015 (Ribu Rupiah)","Per Capita GRDP at Current Market Prices by Regency/Municipality, in Kalimantan Tengah Province, 2011-2015 (Thousand Rupiahs)",21,1,f373ff7e2cb4
KALIMANTAN TENGAH,09,Kab. Katingan,,2013,,2 7.761,,"PDRB Per Kapita Atas Dasar Harga Berlaku di Provinsi Kalimantan Tengah Menurut Kabupaten/Kota, 2011-2015 (Ribu Rupiah)","Per Capita GRDP at Current Market Prices by Regency/Municipality, in Kalimantan Tengah Province, 2011-2015 (Thousand Rupiahs)",21,1,86022845c363
KALIMANTAN TENGAH,10,Kab. Pulang Pisau,,2013,,2 2.838,,"PDRB Per Kapita Atas Dasar Harga Berlaku di Provinsi Kalimantan Tengah Menurut Kabupaten/Kota, 2011-2015 (Ribu Rupiah)","Per Capita GRDP at Current Market Prices by Regency/Municipality, in Kalimantan Tengah Province, 2011-2015 (Thousand Rupiahs)",21,1,0124d3bb3ebf
KALIMANTAN TENGAH,11,Kab. Gunung Mas,,2013,,2 8.423,,"PDRB Per Kapita Atas Dasar Harga Berlaku di Provinsi Kalimantan Tengah Menurut Kabupaten/Kota, 2011-2015 (Ribu Rupiah)","Per Capita GRDP at Current Market Prices by Regency/Municipality, in Kalimantan Tengah Province, 2011-2015 (Thousand Rupiahs)",21,1,a6869905c427
KALIMANTAN TENGAH,12,Kab. Barito Timur,,2013,,4 1.413,,"PDRB Per Kapita Atas Dasar Harga Berlaku di Provinsi Kalimantan Tengah Menurut Kabupaten/Kota, 2011-2015 (Ribu Rupiah)","Per Capita GRDP at Current Market Prices by Regency/Municipality, in Kalimantan Tengah Province, 2011-2015 (Thousand Rupiahs)",21,1,ba47d8ad9f5c
KALIMANTAN TENGAH,13,Kab. Murung Raya,,2013,,4 6.148,,"PDRB Per Kapita Atas Dasar Harga Berlaku di Provinsi Kalimantan Tengah Menurut Kabupaten/Kota, 2011-2015 (Ribu Rupiah)","Per Capita GRDP at Current Market Prices by Regency/Municipality, in Kalimantan Tengah Province, 2011-2015 (Thousand Rupiahs)",21,1,3d34d84365a2
KALIMANTAN TENGAH,71,Kota Palangka Raya,,2013,,3 5.336,,"PDRB Per Kapita Atas Dasar Harga Berlaku di Provinsi Kalimantan Tengah Menurut Kabupaten/Kota, 2011-2015 (Ribu Rupiah)","Per Capita GRDP at Current Market Prices by Regency/Municipality, in Kalimantan Tengah Province, 2011-2015 (Thousand Rupiahs)",21,1,a64c962dc4e9
KALIMANTAN TENGAH,,Jml Kab./Kota Total of Reg./Mun.,,2013,,3 4.092,,"PDRB Per Kapita Atas Dasar Harga Berlaku di Provinsi Kalimantan Tengah Menurut Kabupaten/Kota, 2011-2015 (Ribu Rupiah)","Per Capita GRDP at Current Market Prices by Regency/Municipality, in Kalimantan Tengah Province, 2011-2015 (Thousand Rupiahs)",21,1,d4c00e68c19f
KALIMANTAN TENGAH,,Provinsi/Province,,2013,,3 4.367,,"PDRB Per Kapita Atas Dasar Harga Berlaku di Provinsi Kalimantan Tengah Menurut Kabupaten/Kota, 2011-2015 (Ribu Rupiah)","Per Capita GRDP at Current Market Prices by Regency/Municipality, in Kalimantan Tengah Province, 2011-2015 (Thousand Rupiahs)",21,1,dff6515c3a10
KALIMANTAN SELATAN,01,Kab. Tanah Laut,,2013,,2 9.999,,"PDRB Per Kapita Atas Dasar Harga Berlaku di Provinsi Kalimantan Selatan Menurut Kabupaten/Kota, 2011-2015 (Ribu Rupiah)","Per Capita GRDP at Current Market Prices by Regency/Municipality, in Kalimantan Selatan Province, 2011-2015 (Thousand Rupiahs)",22,2,c065e2da79cd
KALIMANTAN SELATAN,02,Kab. Kota Baru,,2013,,4 9.962,,"PDRB Per Kapita Atas Dasar Harga Berlaku di Provinsi Kalimantan Selatan Menurut Kabupaten/Kota, 2011-2015 (Ribu Rupiah)","Per Capita GRDP at Current Market Prices by Regency/Municipality, in Kalimantan Selatan Province, 2011-2015 (Thousand Rupiahs)",22,2,01b795117b68
KALIMANTAN SELATAN,03,Kab. Banjar,,2013,,1 9.181,,"PDRB Per Kapita Atas Dasar Harga Berlaku di Provinsi Kalimantan Selatan Menurut Kabupaten/Kota, 2011-2015 (Ribu Rupiah)","Per Capita GRDP at Current Market Prices by Regency/Municipality, in Kalimantan Selatan Province, 2011-2015 (Thousand Rupiahs)",22,2,fe7e1ced61a3
KALIMANTAN SELATAN,04,Kab. Barito Kuala,,2013,,1 6.920,,"PDRB Per Kapita Atas Dasar Harga Berlaku di Provinsi Kalimantan Selatan Menurut Kabupaten/Kota, 2011-2015 (Ribu Rupiah)","Per Capita GRDP at Current Market Prices by Regency/Municipality, in Kalimantan Selatan Province, 2011-2015 (Thousand Rupiahs)",22,2,38d87471d98e
KALIMANTAN SELATAN,05,Kab. Tapin,,2013,,3 0.990,,"PDRB Per Kapita Atas Dasar Harga Berlaku di Provinsi Kalimantan Selatan Menurut Kabupaten/Kota, 2011-2015 (Ribu Rupiah)","Per Capita GRDP at Current Market Prices by Regency/Municipality, in Kalimantan Selatan Province, 2011-2015 (Thousand Rupiahs)",22,2,9c0174741f47
KALIMANTAN SELATAN,06,Kab. Hulu Sungai Selatan,,2013,,1 7.153,,"PDRB Per Kapita Atas Dasar Harga Berlaku di Provinsi Kalimantan Selatan Menurut Kabupaten/Kota, 2011-2015 (Ribu Rupiah)","Per Capita GRDP at Current Market Prices by Regency/Municipality, in Kalimantan Selatan Province, 2011-2015 (Thousand Rupiahs)",22,2,a2df64b260b1
KALIMANTAN SELATAN,07,Kab. Hulu Sungai Tengah,,2013,,1 5.799,,"PDRB Per Kapita Atas Dasar Harga Berlaku di Provinsi Kalimantan Selatan Menurut Kabupaten/Kota, 2011-2015 (Ribu Rupiah)","Per Capita GRDP at Current Market Prices by Regency/Municipality, in Kalimantan Selatan Province, 2011-2015 (Thousand Rupiahs)",22,2,e3f3ed292ef3
KALIMANTAN SELATAN,08,Kab. Hulu Sungai Utara,,2013,,1 2.700,,"PDRB Per Kapita Atas Dasar Harga Berlaku di Provinsi Kalimantan Selatan Menurut Kabupaten/Kota, 2011-2015 (Ribu Rupiah)","Per Capita GRDP at Current Market Prices by Regency/Municipality, in Kalimantan Selatan Province, 2011-2015 (Thousand Rupiahs)",22,2,8ffad354bfe6
KALIMANTAN SELATAN,09,Kab. Tabalong,,2013,,5 9.608,,"PDRB Per Kapita Atas Dasar Harga Berlaku di Provinsi Kalimantan Selatan Menurut Kabupaten/Kota, 2011-2015 (Ribu Rupiah)","Per Capita GRDP at Current Market Prices by Regency/Municipality, in Kalimantan Selatan Province, 2011-2015 (Thousand Rupiahs)",22,2,7a38fa98a21d
KALIMANTAN SELATAN,10,Kab. Tanah Bumbu,,2013,,4 6.580,,"PDRB Per Kapita Atas Dasar Harga Berlaku di Provinsi Kalimantan Selatan Menurut Kabupaten/Kota, 2011-2015 (Ribu Rupiah)","Per Capita GRDP at Current Market Prices by Regency/Municipality, in Kalimantan Selatan Province, 2011-2015 (Thousand Rupiahs)",22,2,ef252d417a89
KALIMANTAN SELATAN,11,Kab. Balangan,,2013,,7 2.706,,"PDRB Per Kapita Atas Dasar Harga Berlaku di Provinsi Kalimantan Selatan Menurut Kabupaten/Kota, 2011-2015 (Ribu Rupiah)","Per Capita GRDP at Current Market Prices by Regency/Municipality, in Kalimantan Selatan Province, 2011-2015 (Thousand Rupiahs)",22,2,8ef4af58399c
KALIMANTAN SELATAN,71,Kota Banjarmasin,,2013,,2 7.301,,"PDRB Per Kapita Atas Dasar Harga Berlaku di Provinsi Kalimantan Selatan Menurut Kabupaten/Kota, 2011-2015 (Ribu Rupiah)","Per Capita GRDP at Current Market Prices by Regency/Municipality, in Kalimantan Selatan Province, 2011-2015 (Thousand Rupiahs)",22,2,a5a156552e66
KALIMANTAN SELATAN,72,Kota Banjar Baru,,2013,,2 2.401,,"PDRB Per Kapita Atas Dasar Harga Berlaku di Provinsi Kalimantan Selatan Menurut Kabupaten/Kota, 2011-2015 (Ribu Rupiah)","Per Capita GRDP at Current Market Prices by Regency/Municipality, in Kalimantan Selatan Province, 2011-2015 (Thousand Rupiahs)",22,2,3fc57a1206e9
KALIMANTAN SELATAN,,Jml Kab./Kota Total of Reg./Mun.,,2013,,3 0.019,,"PDRB Per Kapita Atas Dasar Harga Berlaku di Provinsi Kalimantan Selatan Menurut Kabupaten/Kota, 2011-2015 (Ribu Rupiah)","Per Capita GRDP at Current Market Prices by Regency/Municipality, in Kalimantan Selatan Province, 2011-2015 (Thousand Rupiahs)",22,2,f550255e9ac6
KALIMANTAN SELATAN,,Provinsi/Province,,2013,,3 0.058,,"PDRB Per Kapita Atas Dasar Harga Berlaku di Provinsi Kalimantan Selatan Menurut Kabupaten/Kota, 2011-2015 (Ribu Rupiah)","Per Capita GRDP at Current Market Prices by Regency/Municipality, in Kalimantan Selatan Province, 2011-2015 (Thousand Rupiahs)",22,2,3d058ff8691a
KALIMANTAN TIMUR,01,Kab. Paser,,2013,,1 47.670,,"PDRB Per Kapita Atas Dasar Harga Berlaku di Provinsi Kalimantan Timur Menurut Kabupaten/Kota, 2011-2015 (Ribu Rupiah)","Per Capita GRDP at Current Market Prices by Regency/Municipality, in Kalimantan Timur Province, 2011-2015 (Thousand Rupiahs)",23,3,302ad4632dc0
KALIMANTAN TIMUR,02,Kab. Kutai Barat,,2013,,1 52.454,,"PDRB Per Kapita Atas Dasar Harga Berlaku di Provinsi Kalimantan Timur Menurut Kabupaten/Kota, 2011-2015 (Ribu Rupiah)","Per Capita GRDP at Current Market Prices by Regency/Municipality, in Kalimantan Timur Province, 2011-2015 (Thousand Rupiahs)",23,3,50bac678e2d9
KALIMANTAN TIMUR,11,Kab. Mahakam Ulu,#),2013,,6 1.277,,"PDRB Per Kapita Atas Dasar Harga Berlaku di Provinsi Kalimantan Timur Menurut Kabupaten/Kota, 2011-2015 (Ribu Rupiah)","Per Capita GRDP at Current Market Prices by Regency/Municipality, in Kalimantan Timur Province, 2011-2015 (Thousand Rupiahs)",23,3,d9903e7b3e98
KALIMANTAN TIMUR,03,Kab. Kutai Kartanegara,,2013,,2 36.608,,"PDRB Per Kapita Atas Dasar Harga Berlaku di Provinsi Kalimantan Timur Menurut Kabupaten/Kota, 2011-2015 (Ribu Rupiah)","Per Capita GRDP at Current Market Prices by Regency/Municipality, in Kalimantan Timur Province, 2011-2015 (Thousand Rupiahs)",23,3,db59fe9a1550
KALIMANTAN TIMUR,04,Kab. Kutai Timur,,2013,,3 34.487,,"PDRB Per Kapita Atas Dasar Harga Berlaku di Provinsi Kalimantan Timur Menurut Kabupaten/Kota, 2011-2015 (Ribu Rupiah)","Per Capita GRDP at Current Market Prices by Regency/Municipality, in Kalimantan Timur Province, 2011-2015 (Thousand Rupiahs)",23,3,7fa9be06f1c3
KALIMANTAN TIMUR,05,Kab. Berau,,2013,,1 42.077,,"PDRB Per Kapita Atas Dasar Harga Berlaku di Provinsi Kalimantan Timur Menurut Kabupaten/Kota, 2011-2015 (Ribu Rupiah)","Per Capita GRDP at Current Market Prices by Regency/Municipality, in Kalimantan Timur Province, 2011-2015 (Thousand Rupiahs)",23,3,96c00f7993ea
KALIMANTAN TIMUR,06,Kab. Malinau,,2013,,,,"PDRB Per Kapita Atas Dasar Harga Berlaku di Provinsi Kalimantan Timur Menurut Kabupaten/Kota, 2011-2015 (Ribu Rupiah)","Per Capita GRDP at Current Market Prices by Regency/Municipality, in Kalimantan Timur Province, 2011-2015 (Thousand Rupiahs)",23,3,bff1d16471da
KALIMANTAN TIMUR,07,Kab. Bulungan,,2013,,,,"PDRB Per Kapita Atas Dasar Harga Berlaku di Provinsi Kalimantan Timur Menurut Kabupaten/Kota, 2011-2015 (Ribu Rupiah)","Per Capita GRDP at Current Market Prices by Regency/Municipality, in Kalimantan Timur Province, 2011-2015 (Thousand Rupiahs)",23,3,3416e3f6742d
KALIMANTAN TIMUR,08,Kab. Nunukan,,2013,,,,"PDRB Per Kapita Atas Dasar Harga Berlaku di Provinsi Kalimantan Timur Menurut Kabupaten/Kota, 2011-2015 (Ribu Rupiah)","Per Capita GRDP at Current Market Prices by Regency/Municipality, in Kalimantan Timur Province, 2011-2015 (Thousand Rupiahs)",23,3,84fcbc511175
KALIMANTAN TIMUR,09,Kab. Penajam Paser Utara,,2013,,4 6.476,,"PDRB Per Kapita Atas Dasar Harga Berlaku di Provinsi Kalimantan Timur Menurut Kabupaten/Kota, 2011-2015 (Ribu Rupiah)","Per Capita GRDP at Current Market Prices by Regency/Municipality, in Kalimantan Timur Province, 2011-2015 (Thousand Rupiahs)",23,3,b49ca93b60d9
KALIMANTAN TIMUR,10,Kab. Tana Tidung,,2013,,,,"PDRB Per Kapita Atas Dasar Harga Berlaku di Provinsi Kalimantan Timur Menurut Kabupaten/Kota, 2011-2015 (Ribu Rupiah)","Per Capita GRDP at Current Market Prices by Regency/Municipality, in Kalimantan Timur Province, 2011-2015 (Thousand Rupiahs)",23,3,f92e953d80d7
KALIMANTAN TIMUR,71,Kota Balikpapan,,2013,,1 08.178,,"PDRB Per Kapita Atas Dasar Harga Berlaku di Provinsi Kalimantan Timur Menurut Kabupaten/Kota, 2011-2015 (Ribu Rupiah)","Per Capita GRDP at Current Market Prices by Regency/Municipality, in Kalimantan Timur Province, 2011-2015 (Thousand Rupiahs)",23,3,0f5be21abaf4
KALIMANTAN TIMUR,72,Kota Samarinda,,2013,,5 7.392,,"PDRB Per Kapita Atas Dasar Harga Berlaku di Provinsi Kalimantan Timur Menurut Kabupaten/Kota, 2011-2015 (Ribu Rupiah)","Per Capita GRDP at Current Market Prices by Regency/Municipality, in Kalimantan Timur Province, 2011-2015 (Thousand Rupiahs)",23,3,de22bb9e4009
KALIMANTAN TIMUR,73,Kota Tarakan,,2013,,,,"PDRB Per Kapita Atas Dasar Harga Berlaku di Provinsi Kalimantan Timur Menurut Kabupaten/Kota, 2011-2015 (Ribu Rupiah)","Per Capita GRDP at Current Market Prices by Regency/Municipality, in Kalimantan Timur Province, 2011-2015 (Thousand Rupiahs)",23,3,d985142847ef
KALIMANTAN TIMUR,74,Kota Bontang,,2013,,3 61.035,,"PDRB Per Kapita Atas Dasar Harga Berlaku di Provinsi Kalimantan Timur Menurut Kabupaten/Kota, 2011-2015 (Ribu Rupiah)","Per Capita GRDP at Current Market Prices by Regency/Municipality, in Kalimantan Timur Province, 2011-2015 (Thousand Rupiahs)",23,3,b097b4016e50
KALIMANTAN TIMUR,,Jml Kab./Kota Total of Reg./Mun.,,2013,,1 59.016,,"PDRB Per Kapita Atas Dasar Harga Berlaku di Provinsi Kalimantan Timur Menurut Kabupaten/Kota, 2011-2015 (Ribu Rupiah)","Per Capita GRDP at Current Market Prices by Regency/Municipality, in Kalimantan Timur Province, 2011-2015 (Thousand Rupiahs)",23,3,55406053c626
KALIMANTAN TIMUR,,Provinsi/Province,,2013,,1 58.473,,"PDRB Per Kapita Atas Dasar Harga Berlaku di Provinsi Kalimantan Timur Menurut Kabupaten/Kota, 2011-2015 (Ribu Rupiah)","Per Capita GRDP at Current Market Prices by Regency/Municipality, in Kalimantan Timur Province, 2011-2015 (Thousand Rupiahs)",23,3,0ca2f3fe1e9f
KALIMANTAN TIMUR,01,Kab. Malinau,,2013,,8 7.710,,"PDRB Per Kapita Atas Dasar Harga Berlaku di Provinsi Kalimantan Timur Menurut Kabupaten/Kota, 2011-2015 (Ribu Rupiah)","Per Capita GRDP at Current Market Prices by Regency/Municipality, in Kalimantan Timur Province, 2011-2015 (Thousand Rupiahs)",23,3,759a8169706f
KALIMANTAN TIMUR,02,Kab. Bulungan,,2013,,1 00.916,,"PDRB Per Kapita Atas Dasar Harga Berlaku di Provinsi Kalimantan Timur Menurut Kabupaten/Kota, 2011-2015 (Ribu Rupiah)","Per Capita GRDP at Current Market Prices by Regency/Municipality, in Kalimantan Timur Province, 2011-2015 (Thousand Rupiahs)",23,3,c1ef4cc5562c
KALIMANTAN TIMUR,03,Kab. Tana Tidung,,2013,,1 86.239,,"PDRB Per Kapita Atas Dasar Harga Berlaku di Provinsi Kalimantan Timur Menurut Kabupaten/Kota, 2011-2015 (Ribu Rupiah)","Per Capita GRDP at Current Market Prices by Regency/Municipality, in Kalimantan Timur Province, 2011-2015 (Thousand Rupiahs)",23,3,dbf6f85ef206
KALIMANTAN TIMUR,04,Kab. Nunukan,,2013,,8 8.927,,"PDRB Per Kapita Atas Dasar Harga Berlaku di Provinsi Kalimantan Timur Menurut Kabupaten/Kota, 2011-2015 (Ribu Rupiah)","Per Capita GRDP at Current Market Prices by Regency/Municipality, in Kalimantan Timur Province, 2011-2015 (Thousand Rupiahs)",23,3,63d150869b6f
KALIMANTAN TIMUR,71,Kota Tarakan,,2013,,8 6.177,,"PDRB Per Kapita Atas Dasar Harga Berlaku di Provinsi Kalimantan Timur Menurut Kabupaten/Kota, 2011-2015 (Ribu Rupiah)","Per Capita GRDP at Current Market Prices by Regency/Municipality, in Kalimantan Timur Province, 2011-2015 (Thousand Rupiahs)",23,3,62930826235c
KALIMANTAN TIMUR,,Jml Kab./Kota Total of Reg./Mun.,,2013,,9 3.421,,"PDRB Per Kapita Atas Dasar Harga Berlaku di Provinsi Kalimantan Timur Menurut Kabupaten/Kota, 2011-2015 (Ribu Rupiah)","Per Capita GRDP at Current Market Prices by Regency/Municipality, in Kalimantan Timur Province, 2011-2015 (Thousand Rupiahs)",23,3,d5e2846124fb
KALIMANTAN TIMUR,,Provinsi/Province,,2013,,9 6.363,,"PDRB Per Kapita Atas Dasar Harga Berlaku di Provinsi Kalimantan Timur Menurut Kabupaten/Kota, 2011-2015 (Ribu Rupiah)","Per Capita GRDP at Current Market Prices by Regency/Municipality, in Kalimantan Timur Province, 2011-2015 (Thousand Rupiahs)",23,3,8b92661c0991
SULAWESI UTARA,01,Kab. Bolaang Mongondow,,2013,,1 8.906,,"PDRB Per Kapita Atas Dasar Harga Berlaku di Provinsi Sulawesi Utara Menurut Kabupaten/Kota, 2011-2015 (Ribu Rupiah)","Per Capita GRDP at Current Market Prices by Regency/Municipality, in Sulawesi Utara Province, 2011-2015 (Thousand Rupiahs)",25,5,ac4ec4ba3766
SULAWESI UTARA,02,Kab. Minahasa,,2013,,2 9.686,,"PDRB Per Kapita Atas Dasar Harga Berlaku di Provinsi Sulawesi Utara Menurut Kabupaten/Kota, 2011-2015 (Ribu Rupiah)","Per Capita GRDP at Current Market Prices by Regency/Municipality, in Sulawesi Utara Province, 2011-2015 (Thousand Rupiahs)",25,5,5f0e256cc2c8
SULAWESI UTARA,03,Kab. Kepulauan Sangihe,,2013,,1 8.918,,"PDRB Per Kapita Atas Dasar Harga Berlaku di Provinsi Sulawesi Utara Menurut Kabupaten/Kota, 2011-2015 (Ribu Rupiah)","Per Capita GRDP at Current Market Prices by Regency/Municipality, in Sulawesi Utara Province, 2011-2015 (Thousand Rupiahs)",25,5,c98eb0d09668
SULAWESI UTARA,04,Kab. Kepulauan Talaud,,2013,,1 5.047,,"PDRB Per Kapita Atas Dasar Harga Berlaku di Provinsi Sulawesi Utara Menurut Kabupaten/Kota, 2011-2015 (Ribu Rupiah)","Per Capita GRDP at Current Market Prices by Regency/Municipality, in Sulawesi Utara Province, 2011-2015 (Thousand Rupiahs)",25,5,5f22b2bfb911
SULAWESI UTARA,05,Kab. Minahasa Selatan,,2013,,2 3.669,,"PDRB Per Kapita Atas Dasar Harga Berlaku di Provinsi Sulawesi Utara Menurut Kabupaten/Kota, 2011-2015 (Ribu Rupiah)","Per Capita GRDP at Current Market Prices by Regency/Municipality, in Sulawesi Utara Province, 2011-2015 (Thousand Rupiahs)",25,5,1c0b2d8ea353
SULAWESI UTARA,06,Kab. Minahasa Utara,,2013,,3 6.879,,"PDRB Per Kapita Atas Dasar Harga Berlaku di Provinsi Sulawesi Utara Menurut Kabupaten/Kota, 2011-2015 (Ribu Rupiah)","Per Capita GRDP at Current Market Prices by Regency/Municipality, in Sulawesi Utara Province, 2011-2015 (Thousand Rupiahs)",25,5,0b96e927f700
SULAWESI UTARA,07,Kab. Bolaang Mongondow Utara,,2013,,1 8.308,,"PDRB Per Kapita Atas Dasar Harga Berlaku di Provinsi Sulawesi Utara Menurut Kabupaten/Kota, 2011-2015 (Ribu Rupiah)","Per Capita GRDP at Current Market Prices by Regency/Municipality, in Sulawesi Utara Province, 2011-2015 (Thousand Rupiahs)",25,5,9ba872697873
SULAWESI UTARA,08,Kab. Siau Tagulandang Biaro,,2013,,1 8.682,,"PDRB Per Kapita Atas Dasar Harga Berlaku di Provinsi Sulawesi Utara Menurut Kabupaten/Kota, 2011-2015 (Ribu Rupiah)","Per Capita GRDP at Current Market Prices by Regency/Municipality, in Sulawesi Utara Province, 2011-2015 (Thousand Rupiahs)",25,5,7c874025358b
SULAWESI UTARA,09,Kab. Minahasa Tenggara,,2013,,2 7.702,,"PDRB Per Kapita Atas Dasar Harga Berlaku di Provinsi Sulawesi Utara Menurut Kabupaten/Kota, 2011-2015 (Ribu Rupiah)","Per Capita GRDP at Current Market Prices by Regency/Municipality, in Sulawesi Utara Province, 2011-2015 (Thousand Rupiahs)",25,5,463b3aa7576e
SULAWESI UTARA,10,Kab. Bolaang Mongondow Selatan,,2013,,1 8.025,,"PDRB Per Kapita Atas Dasar Harga Berlaku di Provinsi Sulawesi Utara Menurut Kabupaten/Kota, 2011-2015 (Ribu Rupiah)","Per Capita GRDP at Current Market Prices by Regency/Municipality, in Sulawesi Utara Province, 2011-2015 (Thousand Rupiahs)",25,5,2808f94bd184
SULAWESI UTARA,11,Kab. Bolaang Mongondow Timur,,2013,,2 2.589,,"PDRB Per Kapita Atas Dasar Harga Berlaku di Provinsi Sulawesi Utara Menurut Kabupaten/Kota, 2011-2015 (Ribu Rupiah)","Per Capita GRDP at Current Market Prices by Regency/Municipality, in Sulawesi Utara Province, 2011-2015 (Thousand Rupiahs)",25,5,c9ddf38d0659
SULAWESI UTARA,71,Kota Manado,,2013,,4 7.281,,"PDRB Per Kapita Atas Dasar Harga Berlaku di Provinsi Sulawesi Utara Menurut Kabupaten/Kota, 2011-2015 (Ribu Rupiah)","Per Capita GRDP at Current Market Prices by Regency/Municipality, in Sulawesi Utara Province, 2011-2015 (Thousand Rupiahs)",25,5,1e7ef8226807
SULAWESI UTARA,72,Kota Bitung,,2013,,4 7.190,,"PDRB Per Kapita Atas Dasar Harga Berlaku di Provinsi Sulawesi Utara Menurut Kabupaten/Kota, 2011-2015 (Ribu Rupiah)","Per Capita GRDP at Current Market Prices by Regency/Municipality, in Sulawesi Utara Province, 2011-2015 (Thousand Rupiahs)",25,5,ad28d0c86854
SULAWESI UTARA,73,Kota Tomohon,,2013,,2 5.316,,"PDRB Per Kapita Atas Dasar Harga Berlaku di Provinsi Sulawesi Utara Menurut Kabupaten/Kota, 2011-2015 (Ribu Rupiah)","Per Capita GRDP at Current Market Prices by Regency/Municipality, in Sulawesi Utara Province, 2011-2015 (Thousand Rupiahs)",25,5,d169cbf7d02b
SULAWESI UTARA,74,Kota Kotamobagu,,2013,,1 6.861,,"PDRB Per Kapita Atas Dasar Harga Berlaku di Provinsi Sulawesi Utara Menurut Kabupaten/Kota, 2011-2015 (Ribu Rupiah)","Per Capita GRDP at Current Market Prices by Regency/Municipality, in Sulawesi Utara Province, 2011-2015 (Thousand Rupiahs)",25,5,2549c071268f
SULAWESI UTARA,,Jml Kab./Kota Total of Reg./Mun.,,2013,,3 0.168,,"PDRB Per Kapita Atas Dasar Harga Berlaku di Provinsi Sulawesi Utara Menurut Kabupaten/Kota, 2011-2015 (Ribu Rupiah)","Per Capita GRDP at Current Market Prices by Regency/Municipality, in Sulawesi Utara Province, 2011-2015 (Thousand Rupiahs)",25,5,399bc535d431
SULAWESI UTARA,,Provinsi/Province,,2013,,3 0.121,,"PDRB Per Kapita Atas Dasar Harga Berlaku di Provinsi Sulawesi Utara Menurut Kabupaten/Kota, 2011-2015 (Ribu Rupiah)","Per Capita GRDP at Current Market Prices by Regency/Municipality, in Sulawesi Utara Province, 2011-2015 (Thousand Rupiahs)",25,5,f3ec0ec9a963
SULAWESI TENGAH,01,Kab. Banggai Kepulauan,,2013,,1 9.663,,"PDRB Per Kapita Atas Dasar Harga Berlaku di Provinsi Sulawesi Tengah Menurut Kabupaten/Kota, 2011-2015 (Ribu Rupiah)","Per Capita GRDP at Current Market Prices by Regency/Municipality, in Sulawesi Tengah Province, 2011-2015 (Thousand Rupiahs)",26,6,5b675143decc
SULAWESI TENGAH,11,Kab. Banggai Laut,#),2013,,2 0.199,,"PDRB Per Kapita Atas Dasar Harga Berlaku di Provinsi Sulawesi Tengah Menurut Kabupaten/Kota, 2011-2015 (Ribu Rupiah)","Per Capita GRDP at Current Market Prices by Regency/Municipality, in Sulawesi Tengah Province, 2011-2015 (Thousand Rupiahs)",26,6,6d6e50810266
SULAWESI TENGAH,02,Kab. Banggai,,2013,,2 9.011,,"PDRB Per Kapita Atas Dasar Harga Berlaku di Provinsi Sulawesi Tengah Menurut Kabupaten/Kota, 2011-2015 (Ribu Rupiah)","Per Capita GRDP at Current Market Prices by Regency/Municipality, in Sulawesi Tengah Province, 2011-2015 (Thousand Rupiahs)",26,6,6f262f5d4667
SULAWESI TENGAH,03,Kab. Morowali,,2013,,6 3.379,,"PDRB Per Kapita Atas Dasar Harga Berlaku di Provinsi Sulawesi Tengah Menurut Kabupaten/Kota, 2011-2015 (Ribu Rupiah)","Per Capita GRDP at Current Market Prices by Regency/Municipality, in Sulawesi Tengah Province, 2011-2015 (Thousand Rupiahs)",26,6,fbae2e92961b
SULAWESI TENGAH,12,Kab. Morowali Utara,#),2013,,5 6.216,,"PDRB Per Kapita Atas Dasar Harga Berlaku di Provinsi Sulawesi Tengah Menurut Kabupaten/Kota, 2011-2015 (Ribu Rupiah)","Per Capita GRDP at Current Market Prices by Regency/Municipality, in Sulawesi Tengah Province, 2011-2015 (Thousand Rupiahs)",26,6,172df8b9bd00
SULAWESI TENGAH,04,Kab. Poso,,2013,,2 3.440,,"PDRB Per Kapita Atas Dasar Harga Berlaku di Provinsi Sulawesi Tengah Menurut Kabupaten/Kota, 2011-2015 (Ribu Rupiah)","Per Capita GRDP at Current Market Prices by Regency/Municipality, in Sulawesi Tengah Province, 2011-2015 (Thousand Rupiahs)",26,6,469d6f62e3b3
SULAWESI TENGAH,05,Kab. Donggala,,2013,,2 5.883,,"PDRB Per Kapita Atas Dasar Harga Berlaku di Provinsi Sulawesi Tengah Menurut Kabupaten/Kota, 2011-2015 (Ribu Rupiah)","Per Capita GRDP at Current Market Prices by Regency/Municipality, in Sulawesi Tengah Province, 2011-2015 (Thousand Rupiahs)",26,6,70382db6daa8
SULAWESI TENGAH,06,Kab. Toli-Toli,,2013,,2 2.168,,"PDRB Per Kapita Atas Dasar Harga Berlaku di Provinsi Sulawesi Tengah Menurut Kabupaten/Kota, 2011-2015 (Ribu Rupiah)","Per Capita GRDP at Current Market Prices by Regency/Municipality, in Sulawesi Tengah Province, 2011-2015 (Thousand Rupiahs)",26,6,45cfa8989973
SULAWESI TENGAH,07,Kab. Buol,,2013,,2 6.029,,"PDRB Per Kapita Atas Dasar Harga Berlaku di Provinsi Sulawesi Tengah Menurut Kabupaten/Kota, 2011-2015 (Ribu Rupiah)","Per Capita GRDP at Current Market Prices by Regency/Municipality, in Sulawesi Tengah Province, 2011-2015 (Thousand Rupiahs)",26,6,c3291159403e
SULAWESI TENGAH,08,Kab. Parigi Moutong,,2013,,2 3.670,,"PDRB Per Kapita Atas Dasar Harga Berlaku di Provinsi Sulawesi Tengah Menurut Kabupaten/Kota, 2011-2015 (Ribu Rupiah)","Per Capita GRDP at Current Market Prices by Regency/Municipality, in Sulawesi Tengah Province, 2011-2015 (Thousand Rupiahs)",26,6,50d64a5af03b
SULAWESI TENGAH,09,Kab. Tojo Una-Una,,2013,,2 3.835,,"PDRB Per Kapita Atas Dasar Harga Berlaku di Provinsi Sulawesi Tengah Menurut Kabupaten/Kota, 2011-2015 (Ribu Rupiah)","Per Capita GRDP at Current Market Prices by Regency/Municipality, in Sulawesi Tengah Province, 2011-2015 (Thousand Rupiahs)",26,6,c0a19c8ee82d
SULAWESI TENGAH,10,Kab. Sigi,,2013,,2 4.091,,"PDRB Per Kapita Atas Dasar Harga Berlaku di Provinsi Sulawesi Tengah Menurut Kabupaten/Kota, 2011-2015 (Ribu Rupiah)","Per Capita GRDP at Current Market Prices by Regency/Municipality, in Sulawesi Tengah Province, 2011-2015 (Thousand Rupiahs)",26,6,766a62e241da
SULAWESI TENGAH,71,Kota Palu,,2013,,3 7.193,,"PDRB Per Kapita Atas Dasar Harga Berlaku di Provinsi Sulawesi Tengah Menurut Kabupaten/Kota, 2011-2015 (Ribu Rupiah)","Per Capita GRDP at Current Market Prices by Regency/Municipality, in Sulawesi Tengah Province, 2011-2015 (Thousand Rupiahs)",26,6,c1419ba25afe
SULAWESI TENGAH,,Jml Kab./Kota Total of Reg./Mun.,,2013,,2 8.930,,"PDRB Per Kapita Atas Dasar Harga Berlaku di Provinsi Sulawesi Tengah Menurut Kabupaten/Kota, 2011-2015 (Ribu Rupiah)","Per Capita GRDP at Current Market Prices by Regency/Municipality, in Sulawesi Tengah Province, 2011-2015 (Thousand Rupiahs)",26,6,241a40820c65
SULAWESI TENGAH,,Provinsi/Province,,2013,,2 8.664,,"PDRB Per Kapita Atas Dasar Harga Berlaku di Provinsi Sulawesi Tengah Menurut Kabupaten/Kota, 2011-2015 (Ribu Rupiah)","Per Capita GRDP at Current Market Prices by Regency/Municipality, in Sulawesi Tengah Province, 2011-2015 (Thousand Rupiahs)",26,6,0cc7bd1a2aed
SULAWESI SELATAN,01,Kab. Kepulauan Selayar,,2013,,2 2.645,,"PDRB Per Kapita Atas Dasar Harga Berlaku di Provinsi Sulawesi Selatan Menurut Kabupaten/Kota, 2011-2015 (Ribu Rupiah)","Per Capita GRDP at Current Market Prices by Regency/Municipality, in Sulawesi Selatan Province, 2011-2015 (Thousand Rupiahs)",27,7,7828b996dfe2
SULAWESI SELATAN,02,Kab. Bulukumba,,2013,,1 7.751,,"PDRB Per Kapita Atas Dasar Harga Berlaku di Provinsi Sulawesi Selatan Menurut Kabupaten/Kota, 2011-2015 (Ribu Rupiah)","Per Capita GRDP at Current Market Prices by Regency/Municipality, in Sulawesi Selatan Province, 2011-2015 (Thousand Rupiahs)",27,7,766cd377c91c
SULAWESI SELATAN,03,Kab. Bantaeng,,2013,,2 4.034,,"PDRB Per Kapita Atas Dasar Harga Berlaku di Provinsi Sulawesi Selatan Menurut Kabupaten/Kota, 2011-2015 (Ribu Rupiah)","Per Capita GRDP at Current Market Prices by Regency/Municipality, in Sulawesi Selatan Province, 2011-2015 (Thousand Rupiahs)",27,7,c2f1d5c29a13
SULAWESI SELATAN,04,Kab. Jeneponto,,2013,,1 5.008,,"PDRB Per Kapita Atas Dasar Harga Berlaku di Provinsi Sulawesi Selatan Menurut Kabupaten/Kota, 2011-2015 (Ribu Rupiah)","Per Capita GRDP at Current Market Prices by Regency/Municipality, in Sulawesi Selatan Province, 2011-2015 (Thousand Rupiahs)",27,7,8103f7ecc037
SULAWESI SELATAN,05,Kab. Takalar,,2013,,1 7.835,,"PDRB Per Kapita Atas Dasar Harga Berlaku di Provinsi Sulawesi Selatan Menurut Kabupaten/Kota, 2011-2015 (Ribu Rupiah)","Per Capita GRDP at Current Market Prices by Regency/Municipality, in Sulawesi Selatan Province, 2011-2015 (Thousand Rupiahs)",27,7,9779e503fd79
SULAWESI SELATAN,06,Kab. Gowa,,2013,,1 5.391,,"PDRB Per Kapita Atas Dasar Harga Berlaku di Provinsi Sulawesi Selatan Menurut Kabupaten/Kota, 2011-2015 (Ribu Rupiah)","Per Capita GRDP at Current Market Prices by Regency/Municipality, in Sulawesi Selatan Province, 2011-2015 (Thousand Rupiahs)",27,7,46fe5722bdb5
SULAWESI SELATAN,07,Kab. Sinjai,,2013,,2 3.848,,"PDRB Per Kapita Atas Dasar Harga Berlaku di Provinsi Sulawesi Selatan Menurut Kabupaten/Kota, 2011-2015 (Ribu Rupiah)","Per Capita GRDP at Current Market Prices by Regency/Municipality, in Sulawesi Selatan Province, 2011-2015 (Thousand Rupiahs)",27,7,34da7da55882
SULAWESI SELATAN,08,Kab. Maros,,2013,,3 6.067,,"PDRB Per Kapita Atas Dasar Harga Berlaku di Provinsi Sulawesi Selatan Menurut Kabupaten/Kota, 2011-2015 (Ribu Rupiah)","Per Capita GRDP at Current Market Prices by Regency/Municipality, in Sulawesi Selatan Province, 2011-2015 (Thousand Rupiahs)",27,7,1288fb8260a5
SULAWESI SELATAN,09,Kab. Pangkajene dan Kepulauan,,2013,,4 3.389,,"PDRB Per Kapita Atas Dasar Harga Berlaku di Provinsi Sulawesi Selatan Menurut Kabupaten/Kota, 2011-2015 (Ribu Rupiah)","Per Capita GRDP at Current Market Prices by Regency/Municipality, in Sulawesi Selatan Province, 2011-2015 (Thousand Rupiahs)",27,7,e0f67cb149b0
SULAWESI SELATAN,10,Kab. Barru,,2013,,2 2.642,,"PDRB Per Kapita Atas Dasar Harga Berlaku di Provinsi Sulawesi Selatan Menurut Kabupaten/Kota, 2011-2015 (Ribu Rupiah)","Per Capita GRDP at Current Market Prices by Regency/Municipality, in Sulawesi Selatan Province, 2011-2015 (Thousand Rupiahs)",27,7,b178ab8d8603
SULAWESI SELATAN,11,Kab. Bone,,2013,,2 2.795,,"PDRB Per Kapita Atas Dasar Harga Berlaku di Provinsi Sulawesi Selatan Menurut Kabupaten/Kota, 2011-2015 (Ribu Rupiah)","Per Capita GRDP at Current Market Prices by Regency/Municipality, in Sulawesi Selatan Province, 2011-2015 (Thousand Rupiahs)",27,7,b8c2b733f822
SULAWESI SELATAN,12,Kab. Soppeng,,2013,,2 3.951,,"PDRB Per Kapita Atas Dasar Harga Berlaku di Provinsi Sulawesi Selatan Menurut Kabupaten/Kota, 2011-2015 (Ribu Rupiah)","Per Capita GRDP at Current Market Prices by Regency/Municipality, in Sulawesi Selatan Province, 2011-2015 (Thousand Rupiahs)",27,7,bd3e17e27d3c
SULAWESI SELATAN,13,Kab. Wajo,,2013,,2 9.772,,"PDRB Per Kapita Atas Dasar Harga Berlaku di Provinsi Sulawesi Selatan Menurut Kabupaten/Kota, 2011-2015 (Ribu Rupiah)","Per Capita GRDP at Current Market Prices by Regency/Municipality, in Sulawesi Selatan Province, 2011-2015 (Thousand Rupiahs)",27,7,9a067091032c
SULAWESI SELATAN,14,Kab. Sidenreng Rappang,,2013,,2 4.482,,"PDRB Per Kapita Atas Dasar Harga Berlaku di Provinsi Sulawesi Selatan Menurut Kabupaten/Kota, 2011-2015 (Ribu Rupiah)","Per Capita GRDP at Current Market Prices by Regency/Municipality, in Sulawesi Selatan Province, 2011-2015 (Thousand Rupiahs)",27,7,ef916c5580cd
SULAWESI SELATAN,15,Kab. Pinrang,,2013,,2 7.381,,"PDRB Per Kapita Atas Dasar Harga Berlaku di Provinsi Sulawesi Selatan Menurut Kabupaten/Kota, 2011-2015 (Ribu Rupiah)","Per Capita GRDP at Current Market Prices by Regency/Municipality, in Sulawesi Selatan Province, 2011-2015 (Thousand Rupiahs)",27,7,90790df66428
SULAWESI SELATAN,16,Kab. Enrekang,,2013,,2 0.976,,"PDRB Per Kapita Atas Dasar Harga Berlaku di Provinsi Sulawesi Selatan Menurut Kabupaten/Kota, 2011-2015 (Ribu Rupiah)","Per Capita GRDP at Current Market Prices by Regency/Municipality, in Sulawesi Selatan Province, 2011-2015 (Thousand Rupiahs)",27,7,1353d13bfe11
SULAWESI SELATAN,17,Kab. Luwu,,2013,,2 2.342,,"PDRB Per Kapita Atas Dasar Harga Berlaku di Provinsi Sulawesi Selatan Menurut Kabupaten/Kota, 2011-2015 (Ribu Rupiah)","Per Capita GRDP at Current Market Prices by Regency/Municipality, in Sulawesi Selatan Province, 2011-2015 (Thousand Rupiahs)",27,7,f5525c193a64
SULAWESI SELATAN,18,Kab. Tana Toraja,,2013,,1 6.284,,"PDRB Per Kapita Atas Dasar Harga Berlaku di Provinsi Sulawesi Selatan Menurut Kabupaten/Kota, 2011-2015 (Ribu Rupiah)","Per Capita GRDP at Current Market Prices by Regency/Municipality, in Sulawesi Selatan Province, 2011-2015 (Thousand Rupiahs)",27,7,ba1ece4fc80a
SULAWESI SELATAN,22,Kab. Luwu Utara,,2013,,2 1.318,,"PDRB Per Kapita Atas Dasar Harga Berlaku di Provinsi Sulawesi Selatan Menurut Kabupaten/Kota, 2011-2015 (Ribu Rupiah)","Per Capita GRDP at Current Market Prices by Regency/Municipality, in Sulawesi Selatan Province, 2011-2015 (Thousand Rupiahs)",27,7,af00ccdf2daf
SULAWESI SELATAN,25,Kab. Luwu Timur,,2013,,6 3.353,,"PDRB Per Kapita Atas Dasar Harga Berlaku di Provinsi Sulawesi Selatan Menurut Kabupaten/Kota, 2011-2015 (Ribu Rupiah)","Per Capita GRDP at Current Market Prices by Regency/Municipality, in Sulawesi Selatan Province, 2011-2015 (Thousand Rupiahs)",27,7,1a20c53f2e92
SULAWESI SELATAN,26,Kab. Toraja Utara,,2013,,1 9.024,,"PDRB Per Kapita Atas Dasar Harga Berlaku di Provinsi Sulawesi Selatan Menurut Kabupaten/Kota, 2011-2015 (Ribu Rupiah)","Per Capita GRDP at Current Market Prices by Regency/Municipality, in Sulawesi Selatan Province, 2011-2015 (Thousand Rupiahs)",27,7,1706bc27f748
SULAWESI SELATAN,71,Kota Makassar,,2013,,6 2.755,,"PDRB Per Kapita Atas Dasar Harga Berlaku di Provinsi Sulawesi Selatan Menurut Kabupaten/Kota, 2011-2015 (Ribu Rupiah)","Per Capita GRDP at Current Market Prices by Regency/Municipality, in Sulawesi Selatan Province, 2011-2015 (Thousand Rupiahs)",27,7,cf33072a8f6d
SULAWESI SELATAN,72,Kota Parepare,,2013,,2 9.148,,"PDRB Per Kapita Atas Dasar Harga Berlaku di Provinsi Sulawesi Selatan Menurut Kabupaten/Kota, 2011-2015 (Ribu Rupiah)","Per Capita GRDP at Current Market Prices by Regency/Municipality, in Sulawesi Selatan Province, 2011-2015 (Thousand Rupiahs)",27,7,56fc5b215a28
SULAWESI SELATAN,73,Kota Palopo,,2013,,2 6.000,,"PDRB Per Kapita Atas Dasar Harga Berlaku di Provinsi Sulawesi Selatan Menurut Kabupaten/Kota, 2011-2015 (Ribu Rupiah)","Per Capita GRDP at Current Market Prices by Regency/Municipality, in Sulawesi Selatan Province, 2011-2015 (Thousand Rupiahs)",27,7,d47c9efccc81
SULAWESI SELATAN,,Jml Kab./Kota Total of Reg./Mun.,,2013,,3 1.211,,"PDRB Per Kapita Atas Dasar Harga Berlaku di Provinsi Sulawesi Selatan Menurut Kabupaten/Kota, 2011-2015 (Ribu Rupiah)","Per Capita GRDP at Current Market Prices by Regency/Municipality, in Sulawesi Selatan Province, 2011-2015 (Thousand Rupiahs)",27,7,3fdecc27ec3f
SULAWESI SELATAN,,Provinsi/Province,,2013,,3 1.028,,"PDRB Per Kapita Atas Dasar Harga Berlaku di Provinsi Sulawesi Selatan Menurut Kabupaten/Kota, 2011-2015 (Ribu Rupiah)","Per Capita GRDP at Current Market Prices by Regency/Municipality, in Sulawesi Selatan Province, 2011-2015 (Thousand Rupiahs)",27,7,aaf948860fc0
SULAWESI TENGGARA,01,Kab. Buton,,2013,,2 0.911,,"PDRB Per Kapita Atas Dasar Harga Berlaku di Provinsi Sulawesi Tenggara Menurut Kabupaten/Kota, 2011-2015 (Ribu Rupiah)","Per Capita GRDP at Current Market Prices by Regency/Municipality, in Sulawesi Tenggara Province, 2011-2015 (Thousand Rupiahs)",28,8,0cdcf16f7bce
SULAWESI TENGGARA,14,Kab. Buton Tengah,#),2013,,-,,"PDRB Per Kapita Atas Dasar Harga Berlaku di Provinsi Sulawesi Tenggara Menurut Kabupaten/Kota, 2011-2015 (Ribu Rupiah)","Per Capita GRDP at Current Market Prices by Regency/Municipality, in Sulawesi Tenggara Province, 2011-2015 (Thousand Rupiahs)",28,8,9ddaa8eb9220
SULAWESI TENGGARA,15,Kab. Buton Selatan,#),2013,,-,,"PDRB Per Kapita Atas Dasar Harga Berlaku di Provinsi Sulawesi Tenggara Menurut Kabupaten/Kota, 2011-2015 (Ribu Rupiah)","Per Capita GRDP at Current Market Prices by Regency/Municipality, in Sulawesi Tenggara Province, 2011-2015 (Thousand Rupiahs)",28,8,7e4c65429b7d
SULAWESI TENGGARA,02,Kab. Muna,,2013,,1 8.680,,"PDRB Per Kapita Atas Dasar Harga Berlaku di Provinsi Sulawesi Tenggara Menurut Kabupaten/Kota, 2011-2015 (Ribu Rupiah)","Per Capita GRDP at Current Market Prices by Regency/Municipality, in Sulawesi Tenggara Province, 2011-2015 (Thousand Rupiahs)",28,8,5a9bfca28188
SULAWESI TENGGARA,13,Kab. Muna Barat,#),2013,,-,,"PDRB Per Kapita Atas Dasar Harga Berlaku di Provinsi Sulawesi Tenggara Menurut Kabupaten/Kota, 2011-2015 (Ribu Rupiah)","Per Capita GRDP at Current Market Prices by Regency/Municipality, in Sulawesi Tenggara Province, 2011-2015 (Thousand Rupiahs)",28,8,a85b1ea9c8af
SULAWESI TENGGARA,03,Kab. Konawe,,2013,,2 1.670,,"PDRB Per Kapita Atas Dasar Harga Berlaku di Provinsi Sulawesi Tenggara Menurut Kabupaten/Kota, 2011-2015 (Ribu Rupiah)","Per Capita GRDP at Current Market Prices by Regency/Municipality, in Sulawesi Tenggara Province, 2011-2015 (Thousand Rupiahs)",28,8,0662615934ed
SULAWESI TENGGARA,12,Kab. Konawe Kepulauan,#),2013,,2 4.836,,"PDRB Per Kapita Atas Dasar Harga Berlaku di Provinsi Sulawesi Tenggara Menurut Kabupaten/Kota, 2011-2015 (Ribu Rupiah)","Per Capita GRDP at Current Market Prices by Regency/Municipality, in Sulawesi Tenggara Province, 2011-2015 (Thousand Rupiahs)",28,8,326e4706e0b4
SULAWESI TENGGARA,04,Kab. Kolaka,,2013,,8 2.567,,"PDRB Per Kapita Atas Dasar Harga Berlaku di Provinsi Sulawesi Tenggara Menurut Kabupaten/Kota, 2011-2015 (Ribu Rupiah)","Per Capita GRDP at Current Market Prices by Regency/Municipality, in Sulawesi Tenggara Province, 2011-2015 (Thousand Rupiahs)",28,8,e6ac80c7591a
SULAWESI TENGGARA,11,Kab. Kolaka Timur,#),2013,,1 4.907,,"PDRB Per Kapita Atas Dasar Harga Berlaku di Provinsi Sulawesi Tenggara Menurut Kabupaten/Kota, 2011-2015 (Ribu Rupiah)","Per Capita GRDP at Current Market Prices by Regency/Municipality, in Sulawesi Tenggara Province, 2011-2015 (Thousand Rupiahs)",28,8,1b147b8ae810
SULAWESI TENGGARA,05,Kab. Konawe Selatan,,2013,,2 2.933,,"PDRB Per Kapita Atas Dasar Harga Berlaku di Provinsi Sulawesi Tenggara Menurut Kabupaten/Kota, 2011-2015 (Ribu Rupiah)","Per Capita GRDP at Current Market Prices by Regency/Municipality, in Sulawesi Tenggara Province, 2011-2015 (Thousand Rupiahs)",28,8,db2e7659e4b6
SULAWESI TENGGARA,06,Kab. Bombana,,2013,,2 3.071,,"PDRB Per Kapita Atas Dasar Harga Berlaku di Provinsi Sulawesi Tenggara Menurut Kabupaten/Kota, 2011-2015 (Ribu Rupiah)","Per Capita GRDP at Current Market Prices by Regency/Municipality, in Sulawesi Tenggara Province, 2011-2015 (Thousand Rupiahs)",28,8,19fe3650d0c1
SULAWESI TENGGARA,07,Kab. Wakatobi,,2013,,2 4.288,,"PDRB Per Kapita Atas Dasar Harga Berlaku di Provinsi Sulawesi Tenggara Menurut Kabupaten/Kota, 2011-2015 (Ribu Rupiah)","Per Capita GRDP at Current Market Prices by Regency/Municipality, in Sulawesi Tenggara Province, 2011-2015 (Thousand Rupiahs)",28,8,90fb49b774ae
SULAWESI TENGGARA,08,Kab. Kolaka Utara,,2013,,3 5.248,,"PDRB Per Kapita Atas Dasar Harga Berlaku di Provinsi Sulawesi Tenggara Menurut Kabupaten/Kota, 2011-2015 (Ribu Rupiah)","Per Capita GRDP at Current Market Prices by Regency/Municipality, in Sulawesi Tenggara Province, 2011-2015 (Thousand Rupiahs)",28,8,0d0f3e7c99eb
SULAWESI TENGGARA,09,Kab. Buton Utara,,2013,,2 9.940,,"PDRB Per Kapita Atas Dasar Harga Berlaku di Provinsi Sulawesi Tenggara Menurut Kabupaten/Kota, 2011-2015 (Ribu Rupiah)","Per Capita GRDP at Current Market Prices by Regency/Municipality, in Sulawesi Tenggara Province, 2011-2015 (Thousand Rupiahs)",28,8,3ea47c1a4805
SULAWESI TENGGARA,10,Kab. Konawe Utara,,2013,,4 0.528,,"PDRB Per Kapita Atas Dasar Harga Berlaku di Provinsi Sulawesi Tenggara Menurut Kabupaten/Kota, 2011-2015 (Ribu Rupiah)","Per Capita GRDP at Current Market Prices by Regency/Municipality, in Sulawesi Tenggara Province, 2011-2015 (Thousand Rupiahs)",28,8,84d462cc5b50
SULAWESI TENGGARA,71,Kota Kendari,,2013,,3 6.323,,"PDRB Per Kapita Atas Dasar Harga Berlaku di Provinsi Sulawesi Tenggara Menurut Kabupaten/Kota, 2011-2015 (Ribu Rupiah)","Per Capita GRDP at Current Market Prices by Regency/Municipality, in Sulawesi Tenggara Province, 2011-2015 (Thousand Rupiahs)",28,8,04160a5da926
SULAWESI TENGGARA,72,Kota Baubau,,2013,,3 1.897,,"PDRB Per Kapita Atas Dasar Harga Berlaku di Provinsi Sulawesi Tenggara Menurut Kabupaten/Kota, 2011-2015 (Ribu Rupiah)","Per Capita GRDP at Current Market Prices by Regency/Municipality, in Sulawesi Tenggara Province, 2011-2015 (Thousand Rupiahs)",28,8,446b8074deeb
SULAWESI TENGGARA,,Jml Kab./Kota Total of Reg./Mun.,,2013,,2 9.642,,"PDRB Per Kapita Atas Dasar Harga Berlaku di Provinsi Sulawesi Tenggara Menurut Kabupaten/Kota, 2011-2015 (Ribu Rupiah)","Per Capita GRDP at Current Market Prices by Regency/Municipality, in Sulawesi Tenggara Province, 2011-2015 (Thousand Rupiahs)",28,8,f9a5d8fa8ea8
SULAWESI TENGGARA,,Provinsi/Province,,2013,,2 9.641,,"PDRB Per Kapita Atas Dasar Harga Berlaku di Provinsi Sulawesi Tenggara Menurut Kabupaten/Kota, 2011-2015 (Ribu Rupiah)","Per Capita GRDP at Current Market Prices by Regency/Municipality, in Sulawesi Tenggara Province, 2011-2015 (Thousand Rupiahs)",28,8,d59768055661
GORONTALO,01,Kab. Boalemo,,2013,,2 0.158,,"PDRB Per Kapita Atas Dasar Harga Berlaku di Provinsi Gorontalo Menurut Kabupaten/Kota, 2011-2015 (Ribu Rupiah)","Per Capita GRDP at Current Market Prices by Regency/Municipality, in Gorontalo Province, 2011-2015 (Thousand Rupiahs)",29,9,7528c6626c78
GORONTALO,02,Kab. Gorontalo,,2013,,1 8.969,,"PDRB Per Kapita Atas Dasar Harga Berlaku di Provinsi Gorontalo Menurut Kabupaten/Kota, 2011-2015 (Ribu Rupiah)","Per Capita GRDP at Current Market Prices by Regency/Municipality, in Gorontalo Province, 2011-2015 (Thousand Rupiahs)",29,9,4b7950455b83
GORONTALO,03,Kab. Pohuwato,,2013,,2 5.601,,"PDRB Per Kapita Atas Dasar Harga Berlaku di Provinsi Gorontalo Menurut Kabupaten/Kota, 2011-2015 (Ribu Rupiah)","Per Capita GRDP at Current Market Prices by Regency/Municipality, in Gorontalo Province, 2011-2015 (Thousand Rupiahs)",29,9,d33949bd4538
GORONTALO,04,Kab. Bone Bolango,,2013,,1 6.277,,"PDRB Per Kapita Atas Dasar Harga Berlaku di Provinsi Gorontalo Menurut Kabupaten/Kota, 2011-2015 (Ribu Rupiah)","Per Capita GRDP at Current Market Prices by Regency/Municipality, in Gorontalo Province, 2011-2015 (Thousand Rupiahs)",29,9,a136a95c164a
GORONTALO,05,Kab. Gorontalo Utara,,2013,,1 6.317,,"PDRB Per Kapita Atas Dasar Harga Berlaku di Provinsi Gorontalo Menurut Kabupaten/Kota, 2011-2015 (Ribu Rupiah)","Per Capita GRDP at Current Market Prices by Regency/Municipality, in Gorontalo Province, 2011-2015 (Thousand Rupiahs)",29,9,cd5653f22dd2
GORONTALO,71,Kota Gorontalo,,2013,,2 4.096,,"PDRB Per Kapita Atas Dasar Harga Berlaku di Provinsi Gorontalo Menurut Kabupaten/Kota, 2011-2015 (Ribu Rupiah)","Per Capita GRDP at Current Market Prices by Regency/Municipality, in Gorontalo Province, 2011-2015 (Thousand Rupiahs)",29,9,d79edca31936
GORONTALO,,Jml Kab./Kota Total of Reg./Mun.,,2013,,2 0.244,,"PDRB Per Kapita Atas Dasar Harga Berlaku di Provinsi Gorontalo Menurut Kabupaten/Kota, 2011-2015 (Ribu Rupiah)","Per Capita GRDP at Current Market Prices by Regency/Municipality, in Gorontalo Province, 2011-2015 (Thousand Rupiahs)",29,9,76b8f9f84b69
GORONTALO,,Provinsi/Province,,2013,,2 0.154,,"PDRB Per Kapita Atas Dasar Harga Berlaku di Provinsi Gorontalo Menurut Kabupaten/Kota, 2011-2015 (Ribu Rupiah)","Per Capita GRDP at Current Market Prices by Regency/Municipality, in Gorontalo Province, 2011-2015 (Thousand Rupiahs)",29,9,8e7a081760b7
SULAWESI BARAT,01,Kab. Majene,,2013,,1 7.919,,"PDRB Per Kapita Atas Dasar Harga Berlaku di Provinsi Sulawesi Barat Menurut Kabupaten/Kota, 2011-2015 (Ribu Rupiah)","Per Capita GRDP at Current Market Prices by Regency/Municipality, in Sulawesi Barat Province, 2011-2015 (Thousand Rupiahs)",30,10,96aa77b907b0
SULAWESI BARAT,02,Kab. Polewali Mandar,,2013,,1 7.376,,"PDRB Per Kapita Atas Dasar Harga Berlaku di Provinsi Sulawesi Barat Menurut Kabupaten/Kota, 2011-2015 (Ribu Rupiah)","Per Capita GRDP at Current Market Prices by Regency/Municipality, in Sulawesi Barat Province, 2011-2015 (Thousand Rupiahs)",30,10,82f61be8b76e
SULAWESI BARAT,03,Kab. Mamasa,,2013,,1 1.903,,"PDRB Per Kapita Atas Dasar Harga Berlaku di Provinsi Sulawesi Barat Menurut Kabupaten/Kota, 2011-2015 (Ribu Rupiah)","Per Capita GRDP at Current Market Prices by Regency/Municipality, in Sulawesi Barat Province, 2011-2015 (Thousand Rupiahs)",30,10,21ef192355ea
SULAWESI BARAT,04,Kab. Mamuju,,2013,,2 5.060,,"PDRB Per Kapita Atas Dasar Harga Berlaku di Provinsi Sulawesi Barat Menurut Kabupaten/Kota, 2011-2015 (Ribu Rupiah)","Per Capita GRDP at Current Market Prices by Regency/Municipality, in Sulawesi Barat Province, 2011-2015 (Thousand Rupiahs)",30,10,5308ad1a9866
SULAWESI BARAT,06,Kab. Mamuju Tengah,#),2013,,1 7.305,,"PDRB Per Kapita Atas Dasar Harga Berlaku di Provinsi Sulawesi Barat Menurut Kabupaten/Kota, 2011-2015 (Ribu Rupiah)","Per Capita GRDP at Current Market Prices by Regency/Municipality, in Sulawesi Barat Province, 2011-2015 (Thousand Rupiahs)",30,10,e4155ac57723
SULAWESI BARAT,05,Kab. Mamuju Utara,,2013,,3 5.981,,"PDRB Per Kapita Atas Dasar Harga Berlaku di Provinsi Sulawesi Barat Menurut Kabupaten/Kota, 2011-2015 (Ribu Rupiah)","Per Capita GRDP at Current Market Prices by Regency/Municipality, in Sulawesi Barat Province, 2011-2015 (Thousand Rupiahs)",30,10,f21d00735cea
SULAWESI BARAT,,Jml Kab./Kota Total of Reg./Mun.,,2013,,2 0.432,,"PDRB Per Kapita Atas Dasar Harga Berlaku di Provinsi Sulawesi Barat Menurut Kabupaten/Kota, 2011-2015 (Ribu Rupiah)","Per Capita GRDP at Current Market Prices by Regency/Municipality, in Sulawesi Barat Province, 2011-2015 (Thousand Rupiahs)",30,10,2a0faa38fc66
SULAWESI BARAT,,Provinsi/Province,,2013,,2 0.457,,"PDRB Per Kapita Atas Dasar Harga Berlaku di Provinsi Sulawesi Barat Menurut Kabupaten/Kota, 2011-2015 (Ribu Rupiah)","Per Capita GRDP at Current Market Prices by Regency/Municipality, in Sulawesi Barat Province, 2011-2015 (Thousand Rupiahs)",30,10,ac2f61f736b9
KALIMANTAN TENGAH,01,Kab. Kotawaringin Barat,,2014,*),4 3.673,,"PDRB Per Kapita Atas Dasar Harga Berlaku di Provinsi Kalimantan Tengah Menurut Kabupaten/Kota, 2011-2015 (Ribu Rupiah)","Per Capita GRDP at Current Market Prices by Regency/Municipality, in Kalimantan Tengah Province, 2011-2015 (Thousand Rupiahs)",21,1,7d21c5f9541f
KALIMANTAN TENGAH,02,Kab. Kotawaringin Timur,,2014,*),3 6.506,,"PDRB Per Kapita Atas Dasar Harga Berlaku di Provinsi Kalimantan Tengah Menurut Kabupaten/Kota, 2011-2015 (Ribu Rupiah)","Per Capita GRDP at Current Market Prices by Regency/Municipality, in Kalimantan Tengah Province, 2011-2015 (Thousand Rupiahs)",21,1,5da806934cc3
KALIMANTAN TENGAH,03,Kab. Kapuas,,2014,*),2 7.783,,"PDRB Per Kapita Atas Dasar Harga Berlaku di Provinsi Kalimantan Tengah Menurut Kabupaten/Kota, 2011-2015 (Ribu Rupiah)","Per Capita GRDP at Current Market Prices by Regency/Municipality, in Kalimantan Tengah Province, 2011-2015 (Thousand Rupiahs)",21,1,d9cf6440776e
KALIMANTAN TENGAH,04,Kab. Barito Selatan,,2014,*),3 1.227,,"PDRB Per Kapita Atas Dasar Harga Berlaku di Provinsi Kalimantan Tengah Menurut Kabupaten/Kota, 2011-2015 (Ribu Rupiah)","Per Capita GRDP at Current Market Prices by Regency/Municipality, in Kalimantan Tengah Province, 2011-2015 (Thousand Rupiahs)",21,1,e4f2d0cf9ae0
KALIMANTAN TENGAH,05,Kab. Barito Utara,,2014,*),4 9.785,,"PDRB Per Kapita Atas Dasar Harga Berlaku di Provinsi Kalimantan Tengah Menurut Kabupaten/Kota, 2011-2015 (Ribu Rupiah)","Per Capita GRDP at Current Market Prices by Regency/Municipality, in Kalimantan Tengah Province, 2011-2015 (Thousand Rupiahs)",21,1,b8881029afce
KALIMANTAN TENGAH,06,Kab. Sukamara,,2014,*),4 9.271,,"PDRB Per Kapita Atas Dasar Harga Berlaku di Provinsi Kalimantan Tengah Menurut Kabupaten/Kota, 2011-2015 (Ribu Rupiah)","Per Capita GRDP at Current Market Prices by Regency/Municipality, in Kalimantan Tengah Province, 2011-2015 (Thousand Rupiahs)",21,1,a6c103a25712
KALIMANTAN TENGAH,07,Kab. Lamandau,,2014,*),4 6.746,,"PDRB Per Kapita Atas Dasar Harga Berlaku di Provinsi Kalimantan Tengah Menurut Kabupaten/Kota, 2011-2015 (Ribu Rupiah)","Per Capita GRDP at Current Market Prices by Regency/Municipality, in Kalimantan Tengah Province, 2011-2015 (Thousand Rupiahs)",21,1,a1e1300289f4
KALIMANTAN TENGAH,08,Kab. Seruyan,,2014,*),3 4.437,,"PDRB Per Kapita Atas Dasar Harga Berlaku di Provinsi Kalimantan Tengah Menurut Kabupaten/Kota, 2011-2015 (Ribu Rupiah)","Per Capita GRDP at Current Market Prices by Regency/Municipality, in Kalimantan Tengah Province, 2011-2015 (Thousand Rupiahs)",21,1,b761cf938d41
KALIMANTAN TENGAH,09,Kab. Katingan,,2014,*),3 0.892,,"PDRB Per Kapita Atas Dasar Harga Berlaku di Provinsi Kalimantan Tengah Menurut Kabupaten/Kota, 2011-2015 (Ribu Rupiah)","Per Capita GRDP at Current Market Prices by Regency/Municipality, in Kalimantan Tengah Province, 2011-2015 (Thousand Rupiahs)",21,1,09770e4799d1
KALIMANTAN TENGAH,10,Kab. Pulang Pisau,,2014,*),2 6.137,,"PDRB Per Kapita Atas Dasar Harga Berlaku di Provinsi Kalimantan Tengah Menurut Kabupaten/Kota, 2011-2015 (Ribu Rupiah)","Per Capita GRDP at Current Market Prices by Regency/Municipality, in Kalimantan Tengah Province, 2011-2015 (Thousand Rupiahs)",21,1,518cd5f0e9aa
KALIMANTAN TENGAH,11,Kab. Gunung Mas,,2014,*),3 1.513,,"PDRB Per Kapita Atas Dasar Harga Berlaku di Provinsi Kalimantan Tengah Menurut Kabupaten/Kota, 2011-2015 (Ribu Rupiah)","Per Capita GRDP at Current Market Prices by Regency/Municipality, in Kalimantan Tengah Province, 2011-2015 (Thousand Rupiahs)",21,1,1e9cfed73807
KALIMANTAN TENGAH,12,Kab. Barito Timur,,2014,*),4 3.541,,"PDRB Per Kapita Atas Dasar Harga Berlaku di Provinsi Kalimantan Tengah Menurut Kabupaten/Kota, 2011-2015 (Ribu Rupiah)","Per Capita GRDP at Current Market Prices by Regency/Municipality, in Kalimantan Tengah Province, 2011-2015 (Thousand Rupiahs)",21,1,f64e69202d75
KALIMANTAN TENGAH,13,Kab. Murung Raya,,2014,*),4 8.447,,"PDRB Per Kapita Atas Dasar Harga Berlaku di Provinsi Kalimantan Tengah Menurut Kabupaten/Kota, 2011-2015 (Ribu Rupiah)","Per Capita GRDP at Current Market Prices by Regency/Municipality, in Kalimantan Tengah Province, 2011-2015 (Thousand Rupiahs)",21,1,7ad613606bb2
KALIMANTAN TENGAH,71,Kota Palangka Raya,,2014,*),3 8.975,,"PDRB Per Kapita Atas Dasar Harga Berlaku di Provinsi Kalimantan Tengah Menurut Kabupaten/Kota, 2011-2015 (Ribu Rupiah)","Per Capita GRDP at Current Market Prices by Regency/Municipality, in Kalimantan Tengah Province, 2011-2015 (Thousand Rupiahs)",21,1,220d6402bc06
KALIMANTAN TENGAH,,Jml Kab./Kota Total of Reg./Mun.,,2014,*),3 6.899,,"PDRB Per Kapita Atas Dasar Harga Berlaku di Provinsi Kalimantan Tengah Menurut Kabupaten/Kota, 2011-2015 (Ribu Rupiah)","Per Capita GRDP at Current Market Prices by Regency/Municipality, in Kalimantan Tengah Province, 2011-2015 (Thousand Rupiahs)",21,1,37067b230288
KALIMANTAN TENGAH,,Provinsi/Province,,2014,*),3 6.841,,"PDRB Per Kapita Atas Dasar Harga Berlaku di Provinsi Kalimantan Tengah Menurut Kabupaten/Kota, 2011-2015 (Ribu Rupiah)","Per Capita GRDP at Current Market Prices by Regency/Municipality, in Kalimantan Tengah Province, 2011-2015 (Thousand Rupiahs)",21,1,b321d5d48f7a
KALIMANTAN SELATAN,01,Kab. Tanah Laut,,2014,*),3 1.950,,"PDRB Per Kapita Atas Dasar Harga Berlaku di Provinsi Kalimantan Selatan Menurut Kabupaten/Kota, 2011-2015 (Ribu Rupiah)","Per Capita GRDP at Current Market Prices by Regency/Municipality, in Kalimantan Selatan Province, 2011-2015 (Thousand Rupiahs)",22,2,9c86b997779e
KALIMANTAN SELATAN,02,Kab. Kota Baru,,2014,*),5 4.383,,"PDRB Per Kapita Atas Dasar Harga Berlaku di Provinsi Kalimantan Selatan Menurut Kabupaten/Kota, 2011-2015 (Ribu Rupiah)","Per Capita GRDP at Current Market Prices by Regency/Municipality, in Kalimantan Selatan Province, 2011-2015 (Thousand Rupiahs)",22,2,d83aa393db7a
KALIMANTAN SELATAN,03,Kab. Banjar,,2014,*),2 1.013,,"PDRB Per Kapita Atas Dasar Harga Berlaku di Provinsi Kalimantan Selatan Menurut Kabupaten/Kota, 2011-2015 (Ribu Rupiah)","Per Capita GRDP at Current Market Prices by Regency/Municipality, in Kalimantan Selatan Province, 2011-2015 (Thousand Rupiahs)",22,2,d14d174b7244
KALIMANTAN SELATAN,04,Kab. Barito Kuala,,2014,*),1 8.781,,"PDRB Per Kapita Atas Dasar Harga Berlaku di Provinsi Kalimantan Selatan Menurut Kabupaten/Kota, 2011-2015 (Ribu Rupiah)","Per Capita GRDP at Current Market Prices by Regency/Municipality, in Kalimantan Selatan Province, 2011-2015 (Thousand Rupiahs)",22,2,b0e74ff4f265
KALIMANTAN SELATAN,05,Kab. Tapin,,2014,*),3 4.352,,"PDRB Per Kapita Atas Dasar Harga Berlaku di Provinsi Kalimantan Selatan Menurut Kabupaten/Kota, 2011-2015 (Ribu Rupiah)","Per Capita GRDP at Current Market Prices by Regency/Municipality, in Kalimantan Selatan Province, 2011-2015 (Thousand Rupiahs)",22,2,c46deb300d77
KALIMANTAN SELATAN,06,Kab. Hulu Sungai Selatan,,2014,*),1 8.961,,"PDRB Per Kapita Atas Dasar Harga Berlaku di Provinsi Kalimantan Selatan Menurut Kabupaten/Kota, 2011-2015 (Ribu Rupiah)","Per Capita GRDP at Current Market Prices by Regency/Municipality, in Kalimantan Selatan Province, 2011-2015 (Thousand Rupiahs)",22,2,b01fc32dd30e
KALIMANTAN SELATAN,07,Kab. Hulu Sungai Tengah,,2014,*),1 7.630,,"PDRB Per Kapita Atas Dasar Harga Berlaku di Provinsi Kalimantan Selatan Menurut Kabupaten/Kota, 2011-2015 (Ribu Rupiah)","Per Capita GRDP at Current Market Prices by Regency/Municipality, in Kalimantan Selatan Province, 2011-2015 (Thousand Rupiahs)",22,2,28c562cbc442
KALIMANTAN SELATAN,08,Kab. Hulu Sungai Utara,,2014,*),1 4.153,,"PDRB Per Kapita Atas Dasar Harga Berlaku di Provinsi Kalimantan Selatan Menurut Kabupaten/Kota, 2011-2015 (Ribu Rupiah)","Per Capita GRDP at Current Market Prices by Regency/Municipality, in Kalimantan Selatan Province, 2011-2015 (Thousand Rupiahs)",22,2,56d9b45e6b12
KALIMANTAN SELATAN,09,Kab. Tabalong,,2014,*),6 2.790,,"PDRB Per Kapita Atas Dasar Harga Berlaku di Provinsi Kalimantan Selatan Menurut Kabupaten/Kota, 2011-2015 (Ribu Rupiah)","Per Capita GRDP at Current Market Prices by Regency/Municipality, in Kalimantan Selatan Province, 2011-2015 (Thousand Rupiahs)",22,2,aed476d17c28
KALIMANTAN SELATAN,10,Kab. Tanah Bumbu,,2014,*),4 8.905,,"PDRB Per Kapita Atas Dasar Harga Berlaku di Provinsi Kalimantan Selatan Menurut Kabupaten/Kota, 2011-2015 (Ribu Rupiah)","Per Capita GRDP at Current Market Prices by Regency/Municipality, in Kalimantan Selatan Province, 2011-2015 (Thousand Rupiahs)",22,2,e3a70ddbda2f
KALIMANTAN SELATAN,11,Kab. Balangan,,2014,*),7 7.288,,"PDRB Per Kapita Atas Dasar Harga Berlaku di Provinsi Kalimantan Selatan Menurut Kabupaten/Kota, 2011-2015 (Ribu Rupiah)","Per Capita GRDP at Current Market Prices by Regency/Municipality, in Kalimantan Selatan Province, 2011-2015 (Thousand Rupiahs)",22,2,042926b4245e
KALIMANTAN SELATAN,71,Kota Banjarmasin,,2014,*),3 0.722,,"PDRB Per Kapita Atas Dasar Harga Berlaku di Provinsi Kalimantan Selatan Menurut Kabupaten/Kota, 2011-2015 (Ribu Rupiah)","Per Capita GRDP at Current Market Prices by Regency/Municipality, in Kalimantan Selatan Province, 2011-2015 (Thousand Rupiahs)",22,2,323a3bf97465
KALIMANTAN SELATAN,72,Kota Banjar Baru,,2014,*),2 4.768,,"PDRB Per Kapita Atas Dasar Harga Berlaku di Provinsi Kalimantan Selatan Menurut Kabupaten/Kota, 2011-2015 (Ribu Rupiah)","Per Capita GRDP at Current Market Prices by Regency/Municipality, in Kalimantan Selatan Province, 2011-2015 (Thousand Rupiahs)",22,2,46e771d43ec2
KALIMANTAN SELATAN,,Jml Kab./Kota Total of Reg./Mun.,,2014,*),3 2.655,,"PDRB Per Kapita Atas Dasar Harga Berlaku di Provinsi Kalimantan Selatan Menurut Kabupaten/Kota, 2011-2015 (Ribu Rupiah)","Per Capita GRDP at Current Market Prices by Regency/Municipality, in Kalimantan Selatan Province, 2011-2015 (Thousand Rupiahs)",22,2,26f1f2e8aa52
KALIMANTAN SELATAN,,Provinsi/Province,,2014,*),3 2.604,,"PDRB Per Kapita Atas Dasar Harga Berlaku di Provinsi Kalimantan Selatan Menurut Kabupaten/Kota, 2011-2015 (Ribu Rupiah)","Per Capita GRDP at Current Market Prices by Regency/Municipality, in Kalimantan Selatan Province, 2011-2015 (Thousand Rupiahs)",22,2,a81add526188
KALIMANTAN TIMUR,01,Kab. Paser,,2014,*),1 53.215,,"PDRB Per Kapita Atas Dasar Harga Berlaku di Provinsi Kalimantan Timur Menurut Kabupaten/Kota, 2011-2015 (Ribu Rupiah)","Per Capita GRDP at Current Market Prices by Regency/Municipality, in Kalimantan Timur Province, 2011-2015 (Thousand Rupiahs)",23,3,6efc01909de5
KALIMANTAN TIMUR,02,Kab. Kutai Barat,,2014,*),1 46.768,,"PDRB Per Kapita Atas Dasar Harga Berlaku di Provinsi Kalimantan Timur Menurut Kabupaten/Kota, 2011-2015 (Ribu Rupiah)","Per Capita GRDP at Current Market Prices by Regency/Municipality, in Kalimantan Timur Province, 2011-2015 (Thousand Rupiahs)",23,3,f25e76d46bef
KALIMANTAN TIMUR,11,Kab. Mahakam Ulu,#),2014,*),6 8.579,,"PDRB Per Kapita Atas Dasar Harga Berlaku di Provinsi Kalimantan Timur Menurut Kabupaten/Kota, 2011-2015 (Ribu Rupiah)","Per Capita GRDP at Current Market Prices by Regency/Municipality, in Kalimantan Timur Province, 2011-2015 (Thousand Rupiahs)",23,3,c88093cabf81
KALIMANTAN TIMUR,03,Kab. Kutai Kartanegara,,2014,*),2 23.721,,"PDRB Per Kapita Atas Dasar Harga Berlaku di Provinsi Kalimantan Timur Menurut Kabupaten/Kota, 2011-2015 (Ribu Rupiah)","Per Capita GRDP at Current Market Prices by Regency/Municipality, in Kalimantan Timur Province, 2011-2015 (Thousand Rupiahs)",23,3,47d08e31fd4d
KALIMANTAN TIMUR,04,Kab. Kutai Timur,,2014,*),3 16.080,,"PDRB Per Kapita Atas Dasar Harga Berlaku di Provinsi Kalimantan Timur Menurut Kabupaten/Kota, 2011-2015 (Ribu Rupiah)","Per Capita GRDP at Current Market Prices by Regency/Municipality, in Kalimantan Timur Province, 2011-2015 (Thousand Rupiahs)",23,3,be95cd6b5d4b
KALIMANTAN TIMUR,05,Kab. Berau,,2014,*),1 46.414,,"PDRB Per Kapita Atas Dasar Harga Berlaku di Provinsi Kalimantan Timur Menurut Kabupaten/Kota, 2011-2015 (Ribu Rupiah)","Per Capita GRDP at Current Market Prices by Regency/Municipality, in Kalimantan Timur Province, 2011-2015 (Thousand Rupiahs)",23,3,a4d5e8df01e6
KALIMANTAN TIMUR,06,Kab. Malinau,,2014,*),,,"PDRB Per Kapita Atas Dasar Harga Berlaku di Provinsi Kalimantan Timur Menurut Kabupaten/Kota, 2011-2015 (Ribu Rupiah)","Per Capita GRDP at Current Market Prices by Regency/Municipality, in Kalimantan Timur Province, 2011-2015 (Thousand Rupiahs)",23,3,982c0430d3e9
KALIMANTAN TIMUR,07,Kab. Bulungan,,2014,*),,,"PDRB Per Kapita Atas Dasar Harga Berlaku di Provinsi Kalimantan Timur Menurut Kabupaten/Kota, 2011-2015 (Ribu Rupiah)","Per Capita GRDP at Current Market Prices by Regency/Municipality, in Kalimantan Timur Province, 2011-2015 (Thousand Rupiahs)",23,3,1bde7795a2d1
KALIMANTAN TIMUR,08,Kab. Nunukan,,2014,*),,,"PDRB Per Kapita Atas Dasar Harga Berlaku di Provinsi Kalimantan Timur Menurut Kabupaten/Kota, 2011-2015 (Ribu Rupiah)","Per Capita GRDP at Current Market Prices by Regency/Municipality, in Kalimantan Timur Province, 2011-2015 (Thousand Rupiahs)",23,3,12f5847692dc
KALIMANTAN TIMUR,09,Kab. Penajam Paser Utara,,2014,*),5 0.528,,"PDRB Per Kapita Atas Dasar Harga Berlaku di Provinsi Kalimantan Timur Menurut Kabupaten/Kota, 2011-2015 (Ribu Rupiah)","Per Capita GRDP at Current Market Prices by Regency/Municipality, in Kalimantan Timur Province, 2011-2015 (Thousand Rupiahs)",23,3,1d61a20a9c47
KALIMANTAN TIMUR,10,Kab. Tana Tidung,,2014,*),,,"PDRB Per Kapita Atas Dasar Harga Berlaku di Provinsi Kalimantan Timur Menurut Kabupaten/Kota, 2011-2015 (Ribu Rupiah)","Per Capita GRDP at Current Market Prices by Regency/Municipality, in Kalimantan Timur Province, 2011-2015 (Thousand Rupiahs)",23,3,08d36a3b4daf
KALIMANTAN TIMUR,71,Kota Balikpapan,,2014,*),1 18.351,,"PDRB Per Kapita Atas Dasar Harga Berlaku di Provinsi Kalimantan Timur Menurut Kabupaten/Kota, 2011-2015 (Ribu Rupiah)","Per Capita GRDP at Current Market Prices by Regency/Municipality, in Kalimantan Timur Province, 2011-2015 (Thousand Rupiahs)",23,3,001fe6f328f3
KALIMANTAN TIMUR,72,Kota Samarinda,,2014,*),6 0.539,,"PDRB Per Kapita Atas Dasar Harga Berlaku di Provinsi Kalimantan Timur Menurut Kabupaten/Kota, 2011-2015 (Ribu Rupiah)","Per Capita GRDP at Current Market Prices by Regency/Municipality, in Kalimantan Timur Province, 2011-2015 (Thousand Rupiahs)",23,3,38dcb7f72e55
KALIMANTAN TIMUR,73,Kota Tarakan,,2014,*),,,"PDRB Per Kapita Atas Dasar Harga Berlaku di Provinsi Kalimantan Timur Menurut Kabupaten/Kota, 2011-2015 (Ribu Rupiah)","Per Capita GRDP at Current Market Prices by Regency/Municipality, in Kalimantan Timur Province, 2011-2015 (Thousand Rupiahs)",23,3,d21d42670023
KALIMANTAN TIMUR,74,Kota Bontang,,2014,*),3 69.041,,"PDRB Per Kapita Atas Dasar Harga Berlaku di Provinsi Kalimantan Timur Menurut Kabupaten/Kota, 2011-2015 (Ribu Rupiah)","Per Capita GRDP at Current Market Prices by Regency/Municipality, in Kalimantan Timur Province, 2011-2015 (Thousand Rupiahs)",23,3,bc6a21d03dd4
KALIMANTAN TIMUR,,Jml Kab./Kota Total of Reg./Mun.,,2014,*),1 58.807,,"PDRB Per Kapita Atas Dasar Harga Berlaku di Provinsi Kalimantan Timur Menurut Kabupaten/Kota, 2011-2015 (Ribu Rupiah)","Per Capita GRDP at Current Market Prices by Regency/Municipality, in Kalimantan Timur Province, 2011-2015 (Thousand Rupiahs)",23,3,ba58d31f08b0
KALIMANTAN TIMUR,,Provinsi/Province,,2014,*),1 57.215,,"PDRB Per Kapita Atas Dasar Harga Berlaku di Provinsi Kalimantan Timur Menurut Kabupaten/Kota, 2011-2015 (Ribu Rupiah)","Per Capita GRDP at Current Market Prices by Regency/Municipality, in Kalimantan Timur Province, 2011-2015 (Thousand Rupiahs)",23,3,aaf81055d0ff
KALIMANTAN TIMUR,01,Kab. Malinau,,2014,*),8 8.298,,"PDRB Per Kapita Atas Dasar Harga Berlaku di Provinsi Kalimantan Timur Menurut Kabupaten/Kota, 2011-2015 (Ribu Rupiah)","Per Capita GRDP at Current Market Prices by Regency/Municipality, in Kalimantan Timur Province, 2011-2015 (Thousand Rupiahs)",23,3,20c7ff32e012
KALIMANTAN TIMUR,02,Kab. Bulungan,,2014,*),9 9.081,,"PDRB Per Kapita Atas Dasar Harga Berlaku di Provinsi Kalimantan Timur Menurut Kabupaten/Kota, 2011-2015 (Ribu Rupiah)","Per Capita GRDP at Current Market Prices by Regency/Municipality, in Kalimantan Timur Province, 2011-2015 (Thousand Rupiahs)",23,3,b54164b715f4
KALIMANTAN TIMUR,03,Kab. Tana Tidung,,2014,*),1 79.665,,"PDRB Per Kapita Atas Dasar Harga Berlaku di Provinsi Kalimantan Timur Menurut Kabupaten/Kota, 2011-2015 (Ribu Rupiah)","Per Capita GRDP at Current Market Prices by Regency/Municipality, in Kalimantan Timur Province, 2011-2015 (Thousand Rupiahs)",23,3,13a8bbd29a1c
KALIMANTAN TIMUR,04,Kab. Nunukan,,2014,*),8 5.015,,"PDRB Per Kapita Atas Dasar Harga Berlaku di Provinsi Kalimantan Timur Menurut Kabupaten/Kota, 2011-2015 (Ribu Rupiah)","Per Capita GRDP at Current Market Prices by Regency/Municipality, in Kalimantan Timur Province, 2011-2015 (Thousand Rupiahs)",23,3,f024e13d70b8
KALIMANTAN TIMUR,71,Kota Tarakan,,2014,*),9 0.422,,"PDRB Per Kapita Atas Dasar Harga Berlaku di Provinsi Kalimantan Timur Menurut Kabupaten/Kota, 2011-2015 (Ribu Rupiah)","Per Capita GRDP at Current Market Prices by Regency/Municipality, in Kalimantan Timur Province, 2011-2015 (Thousand Rupiahs)",23,3,0460705b2c8d
KALIMANTAN TIMUR,,Jml Kab./Kota Total of Reg./Mun.,,2014,*),9 3.458,,"PDRB Per Kapita Atas Dasar Harga Berlaku di Provinsi Kalimantan Timur Menurut Kabupaten/Kota, 2011-2015 (Ribu Rupiah)","Per Capita GRDP at Current Market Prices by Regency/Municipality, in Kalimantan Timur Province, 2011-2015 (Thousand Rupiahs)",23,3,26888889cb57
KALIMANTAN TIMUR,,Provinsi/Province,,2014,*),9 7.858,,"PDRB Per Kapita Atas Dasar Harga Berlaku di Provinsi Kalimantan Timur Menurut Kabupaten/Kota, 2011-2015 (Ribu Rupiah)","Per Capita GRDP at Current Market Prices by Regency/Municipality, in Kalimantan Timur Province, 2011-2015 (Thousand Rupiahs)",23,3,d2bdc3c3ae47
SULAWESI UTARA,01,Kab. Bolaang Mongondow,,2014,*),2 0.664,,"PDRB Per Kapita Atas Dasar Harga Berlaku di Provinsi Sulawesi Utara Menurut Kabupaten/Kota, 2011-2015 (Ribu Rupiah)","Per Capita GRDP at Current Market Prices by Regency/Municipality, in Sulawesi Utara Province, 2011-2015 (Thousand Rupiahs)",25,5,447f2d7f6840
SULAWESI UTARA,02,Kab. Minahasa,,2014,*),3 3.125,,"PDRB Per Kapita Atas Dasar Harga Berlaku di Provinsi Sulawesi Utara Menurut Kabupaten/Kota, 2011-2015 (Ribu Rupiah)","Per Capita GRDP at Current Market Prices by Regency/Municipality, in Sulawesi Utara Province, 2011-2015 (Thousand Rupiahs)",25,5,f4c769e17ef2
SULAWESI UTARA,03,Kab. Kepulauan Sangihe,,2014,*),2 0.931,,"PDRB Per Kapita Atas Dasar Harga Berlaku di Provinsi Sulawesi Utara Menurut Kabupaten/Kota, 2011-2015 (Ribu Rupiah)","Per Capita GRDP at Current Market Prices by Regency/Municipality, in Sulawesi Utara Province, 2011-2015 (Thousand Rupiahs)",25,5,24401145eaf3
SULAWESI UTARA,04,Kab. Kepulauan Talaud,,2014,*),1 6.417,,"PDRB Per Kapita Atas Dasar Harga Berlaku di Provinsi Sulawesi Utara Menurut Kabupaten/Kota, 2011-2015 (Ribu Rupiah)","Per Capita GRDP at Current Market Prices by Regency/Municipality, in Sulawesi Utara Province, 2011-2015 (Thousand Rupiahs)",25,5,5334e2ae07a5
SULAWESI UTARA,05,Kab. Minahasa Selatan,,2014,*),2 6.068,,"PDRB Per Kapita Atas Dasar Harga Berlaku di Provinsi Sulawesi Utara Menurut Kabupaten/Kota, 2011-2015 (Ribu Rupiah)","Per Capita GRDP at Current Market Prices by Regency/Municipality, in Sulawesi Utara Province, 2011-2015 (Thousand Rupiahs)",25,5,e2479df2e7dc
SULAWESI UTARA,06,Kab. Minahasa Utara,,2014,*),4 2.064,,"PDRB Per Kapita Atas Dasar Harga Berlaku di Provinsi Sulawesi Utara Menurut Kabupaten/Kota, 2011-2015 (Ribu Rupiah)","Per Capita GRDP at Current Market Prices by Regency/Municipality, in Sulawesi Utara Province, 2011-2015 (Thousand Rupiahs)",25,5,fe5e78f088a9
SULAWESI UTARA,07,Kab. Bolaang Mongondow Utara,,2014,*),2 0.499,,"PDRB Per Kapita Atas Dasar Harga Berlaku di Provinsi Sulawesi Utara Menurut Kabupaten/Kota, 2011-2015 (Ribu Rupiah)","Per Capita GRDP at Current Market Prices by Regency/Municipality, in Sulawesi Utara Province, 2011-2015 (Thousand Rupiahs)",25,5,c179484465d0
SULAWESI UTARA,08,Kab. Siau Tagulandang Biaro,,2014,*),2 1.150,,"PDRB Per Kapita Atas Dasar Harga Berlaku di Provinsi Sulawesi Utara Menurut Kabupaten/Kota, 2011-2015 (Ribu Rupiah)","Per Capita GRDP at Current Market Prices by Regency/Municipality, in Sulawesi Utara Province, 2011-2015 (Thousand Rupiahs)",25,5,f6cab3f4fcb7
SULAWESI UTARA,09,Kab. Minahasa Tenggara,,2014,*),3 0.856,,"PDRB Per Kapita Atas Dasar Harga Berlaku di Provinsi Sulawesi Utara Menurut Kabupaten/Kota, 2011-2015 (Ribu Rupiah)","Per Capita GRDP at Current Market Prices by Regency/Municipality, in Sulawesi Utara Province, 2011-2015 (Thousand Rupiahs)",25,5,c91900d22911
SULAWESI UTARA,10,Kab. Bolaang Mongondow Selatan,,2014,*),2 0.525,,"PDRB Per Kapita Atas Dasar Harga Berlaku di Provinsi Sulawesi Utara Menurut Kabupaten/Kota, 2011-2015 (Ribu Rupiah)","Per Capita GRDP at Current Market Prices by Regency/Municipality, in Sulawesi Utara Province, 2011-2015 (Thousand Rupiahs)",25,5,7db9defb3b09
SULAWESI UTARA,11,Kab. Bolaang Mongondow Timur,,2014,*),2 4.701,,"PDRB Per Kapita Atas Dasar Harga Berlaku di Provinsi Sulawesi Utara Menurut Kabupaten/Kota, 2011-2015 (Ribu Rupiah)","Per Capita GRDP at Current Market Prices by Regency/Municipality, in Sulawesi Utara Province, 2011-2015 (Thousand Rupiahs)",25,5,13a9e5064571
SULAWESI UTARA,71,Kota Manado,,2014,*),5 3.126,,"PDRB Per Kapita Atas Dasar Harga Berlaku di Provinsi Sulawesi Utara Menurut Kabupaten/Kota, 2011-2015 (Ribu Rupiah)","Per Capita GRDP at Current Market Prices by Regency/Municipality, in Sulawesi Utara Province, 2011-2015 (Thousand Rupiahs)",25,5,cfcb4ffc3073
SULAWESI UTARA,72,Kota Bitung,,2014,*),5 1.700,,"PDRB Per Kapita Atas Dasar Harga Berlaku di Provinsi Sulawesi Utara Menurut Kabupaten/Kota, 2011-2015 (Ribu Rupiah)","Per Capita GRDP at Current Market Prices by Regency/Municipality, in Sulawesi Utara Province, 2011-2015 (Thousand Rupiahs)",25,5,fcf8fb837c0b
SULAWESI UTARA,73,Kota Tomohon,,2014,*),2 7.324,,"PDRB Per Kapita Atas Dasar Harga Berlaku di Provinsi Sulawesi Utara Menurut Kabupaten/Kota, 2011-2015 (Ribu Rupiah)","Per Capita GRDP at Current Market Prices by Regency/Municipality, in Sulawesi Utara Province, 2011-2015 (Thousand Rupiahs)",25,5,461180481358
SULAWESI UTARA,74,Kota Kotamobagu,,2014,*),1 8.602,,"PDRB Per Kapita Atas Dasar Harga Berlaku di Provinsi Sulawesi Utara Menurut Kabupaten/Kota, 2011-2015 (Ribu Rupiah)","Per Capita GRDP at Current Market Prices by Regency/Municipality, in Sulawesi Utara Province, 2011-2015 (Thousand Rupiahs)",25,5,2e766b665fee
SULAWESI UTARA,,Jml Kab./Kota Total of Reg./Mun.,,2014,*),3 3.568,,"PDRB Per Kapita Atas Dasar Harga Berlaku di Provinsi Sulawesi Utara Menurut Kabupaten/Kota, 2011-2015 (Ribu Rupiah)","Per Capita GRDP at Current Market Prices by Regency/Municipality, in Sulawesi Utara Province, 2011-2015 (Thousand Rupiahs)",25,5,68c52fb4f942
SULAWESI UTARA,,Provinsi/Province,,2014,*),3 3.776,,"PDRB Per Kapita Atas Dasar Harga Berlaku di Provinsi Sulawesi Utara Menurut Kabupaten/Kota, 2011-2015 (Ribu Rupiah)","Per Capita GRDP at Current Market Prices by Regency/Municipality, in Sulawesi Utara Province, 2011-2015 (Thousand Rupiahs)",25,5,9fc7975ab5f7
SULAWESI TENGAH,01,Kab. Banggai Kepulauan,,2014,*),2 1.748,,"PDRB Per Kapita Atas Dasar Harga Berlaku di Provinsi Sulawesi Tengah Menurut Kabupaten/Kota, 2011-2015 (Ribu Rupiah)","Per Capita GRDP at Current Market Prices by Regency/Municipality, in Sulawesi Tengah Province, 2011-2015 (Thousand Rupiahs)",26,6,3944f3b583b7
SULAWESI TENGAH,11,Kab. Banggai Laut,#),2014,*),2 2.288,,"PDRB Per Kapita Atas Dasar Harga Berlaku di Provinsi Sulawesi Tengah Menurut Kabupaten/Kota, 2011-2015 (Ribu Rupiah)","Per Capita GRDP at Current Market Prices by Regency/Municipality, in Sulawesi Tengah Province, 2011-2015 (Thousand Rupiahs)",26,6,89c71a374338
SULAWESI TENGAH,02,Kab. Banggai,,2014,*),3 2.227,,"PDRB Per Kapita Atas Dasar Harga Berlaku di Provinsi Sulawesi Tengah Menurut Kabupaten/Kota, 2011-2015 (Ribu Rupiah)","Per Capita GRDP at Current Market Prices by Regency/Municipality, in Sulawesi Tengah Province, 2011-2015 (Thousand Rupiahs)",26,6,1594d5071e80
SULAWESI TENGAH,03,Kab. Morowali,,2014,*),6 8.445,,"PDRB Per Kapita Atas Dasar Harga Berlaku di Provinsi Sulawesi Tengah Menurut Kabupaten/Kota, 2011-2015 (Ribu Rupiah)","Per Capita GRDP at Current Market Prices by Regency/Municipality, in Sulawesi Tengah Province, 2011-2015 (Thousand Rupiahs)",26,6,5e83efae7efd
SULAWESI TENGAH,12,Kab. Morowali Utara,#),2014,*),5 7.557,,"PDRB Per Kapita Atas Dasar Harga Berlaku di Provinsi Sulawesi Tengah Menurut Kabupaten/Kota, 2011-2015 (Ribu Rupiah)","Per Capita GRDP at Current Market Prices by Regency/Municipality, in Sulawesi Tengah Province, 2011-2015 (Thousand Rupiahs)",26,6,e37cbc9d7f23
SULAWESI TENGAH,04,Kab. Poso,,2014,*),2 6.222,,"PDRB Per Kapita Atas Dasar Harga Berlaku di Provinsi Sulawesi Tengah Menurut Kabupaten/Kota, 2011-2015 (Ribu Rupiah)","Per Capita GRDP at Current Market Prices by Regency/Municipality, in Sulawesi Tengah Province, 2011-2015 (Thousand Rupiahs)",26,6,7928969d3556
SULAWESI TENGAH,05,Kab. Donggala,,2014,*),2 8.892,,"PDRB Per Kapita Atas Dasar Harga Berlaku di Provinsi Sulawesi Tengah Menurut Kabupaten/Kota, 2011-2015 (Ribu Rupiah)","Per Capita GRDP at Current Market Prices by Regency/Municipality, in Sulawesi Tengah Province, 2011-2015 (Thousand Rupiahs)",26,6,a521e57d9162
SULAWESI TENGAH,06,Kab. Toli-Toli,,2014,*),2 4.619,,"PDRB Per Kapita Atas Dasar Harga Berlaku di Provinsi Sulawesi Tengah Menurut Kabupaten/Kota, 2011-2015 (Ribu Rupiah)","Per Capita GRDP at Current Market Prices by Regency/Municipality, in Sulawesi Tengah Province, 2011-2015 (Thousand Rupiahs)",26,6,9632c170ee52
SULAWESI TENGAH,07,Kab. Buol,,2014,*),2 8.643,,"PDRB Per Kapita Atas Dasar Harga Berlaku di Provinsi Sulawesi Tengah Menurut Kabupaten/Kota, 2011-2015 (Ribu Rupiah)","Per Capita GRDP at Current Market Prices by Regency/Municipality, in Sulawesi Tengah Province, 2011-2015 (Thousand Rupiahs)",26,6,e3246ab3f226
SULAWESI TENGAH,08,Kab. Parigi Moutong,,2014,*),2 6.233,,"PDRB Per Kapita Atas Dasar Harga Berlaku di Provinsi Sulawesi Tengah Menurut Kabupaten/Kota, 2011-2015 (Ribu Rupiah)","Per Capita GRDP at Current Market Prices by Regency/Municipality, in Sulawesi Tengah Province, 2011-2015 (Thousand Rupiahs)",26,6,8449a2da8d7b
SULAWESI TENGAH,09,Kab. Tojo Una-Una,,2014,*),2 6.599,,"PDRB Per Kapita Atas Dasar Harga Berlaku di Provinsi Sulawesi Tengah Menurut Kabupaten/Kota, 2011-2015 (Ribu Rupiah)","Per Capita GRDP at Current Market Prices by Regency/Municipality, in Sulawesi Tengah Province, 2011-2015 (Thousand Rupiahs)",26,6,c3de77a2b849
SULAWESI TENGAH,10,Kab. Sigi,,2014,*),2 6.741,,"PDRB Per Kapita Atas Dasar Harga Berlaku di Provinsi Sulawesi Tengah Menurut Kabupaten/Kota, 2011-2015 (Ribu Rupiah)","Per Capita GRDP at Current Market Prices by Regency/Municipality, in Sulawesi Tengah Province, 2011-2015 (Thousand Rupiahs)",26,6,f7fdae893f5f
SULAWESI TENGAH,71,Kota Palu,,2014,*),4 1.854,,"PDRB Per Kapita Atas Dasar Harga Berlaku di Provinsi Sulawesi Tengah Menurut Kabupaten/Kota, 2011-2015 (Ribu Rupiah)","Per Capita GRDP at Current Market Prices by Regency/Municipality, in Sulawesi Tengah Province, 2011-2015 (Thousand Rupiahs)",26,6,682aaad3167e
SULAWESI TENGAH,,Jml Kab./Kota Total of Reg./Mun.,,2014,*),3 1.950,,"PDRB Per Kapita Atas Dasar Harga Berlaku di Provinsi Sulawesi Tengah Menurut Kabupaten/Kota, 2011-2015 (Ribu Rupiah)","Per Capita GRDP at Current Market Prices by Regency/Municipality, in Sulawesi Tengah Province, 2011-2015 (Thousand Rupiahs)",26,6,40f84ca2721d
SULAWESI TENGAH,,Provinsi/Province,,2014,*),3 1.881,,"PDRB Per Kapita Atas Dasar Harga Berlaku di Provinsi Sulawesi Tengah Menurut Kabupaten/Kota, 2011-2015 (Ribu Rupiah)","Per Capita GRDP at Current Market Prices by Regency/Municipality, in Sulawesi Tengah Province, 2011-2015 (Thousand Rupiahs)",26,6,7be4531c87bf
SULAWESI SELATAN,01,Kab. Kepulauan Selayar,,2014,*),2 7.141,,"PDRB Per Kapita Atas Dasar Harga Berlaku di Provinsi Sulawesi Selatan Menurut Kabupaten/Kota, 2011-2015 (Ribu Rupiah)","Per Capita GRDP at Current Market Prices by Regency/Municipality, in Sulawesi Selatan Province, 2011-2015 (Thousand Rupiahs)",27,7,0fd1bbc48a50
SULAWESI SELATAN,02,Kab. Bulukumba,,2014,*),2 0.565,,"PDRB Per Kapita Atas Dasar Harga Berlaku di Provinsi Sulawesi Selatan Menurut Kabupaten/Kota, 2011-2015 (Ribu Rupiah)","Per Capita GRDP at Current Market Prices by Regency/Municipality, in Sulawesi Selatan Province, 2011-2015 (Thousand Rupiahs)",27,7,85d3e1d8d59e
SULAWESI SELATAN,03,Kab. Bantaeng,,2014,*),2 7.233,,"PDRB Per Kapita Atas Dasar Harga Berlaku di Provinsi Sulawesi Selatan Menurut Kabupaten/Kota, 2011-2015 (Ribu Rupiah)","Per Capita GRDP at Current Market Prices by Regency/Municipality, in Sulawesi Selatan Province, 2011-2015 (Thousand Rupiahs)",27,7,37d3f26c029c
SULAWESI SELATAN,04,Kab. Jeneponto,,2014,*),1 7.428,,"PDRB Per Kapita Atas Dasar Harga Berlaku di Provinsi Sulawesi Selatan Menurut Kabupaten/Kota, 2011-2015 (Ribu Rupiah)","Per Capita GRDP at Current Market Prices by Regency/Municipality, in Sulawesi Selatan Province, 2011-2015 (Thousand Rupiahs)",27,7,4a71f092e58a
SULAWESI SELATAN,05,Kab. Takalar,,2014,*),2 0.730,,"PDRB Per Kapita Atas Dasar Harga Berlaku di Provinsi Sulawesi Selatan Menurut Kabupaten/Kota, 2011-2015 (Ribu Rupiah)","Per Capita GRDP at Current Market Prices by Regency/Municipality, in Sulawesi Selatan Province, 2011-2015 (Thousand Rupiahs)",27,7,e6632a0c71f1
SULAWESI SELATAN,06,Kab. Gowa,,2014,*),1 6.979,,"PDRB Per Kapita Atas Dasar Harga Berlaku di Provinsi Sulawesi Selatan Menurut Kabupaten/Kota, 2011-2015 (Ribu Rupiah)","Per Capita GRDP at Current Market Prices by Regency/Municipality, in Sulawesi Selatan Province, 2011-2015 (Thousand Rupiahs)",27,7,d994cad62510
SULAWESI SELATAN,07,Kab. Sinjai,,2014,*),2 7.420,,"PDRB Per Kapita Atas Dasar Harga Berlaku di Provinsi Sulawesi Selatan Menurut Kabupaten/Kota, 2011-2015 (Ribu Rupiah)","Per Capita GRDP at Current Market Prices by Regency/Municipality, in Sulawesi Selatan Province, 2011-2015 (Thousand Rupiahs)",27,7,dd7ae28baadb
SULAWESI SELATAN,08,Kab. Maros,,2014,*),4 0.711,,"PDRB Per Kapita Atas Dasar Harga Berlaku di Provinsi Sulawesi Selatan Menurut Kabupaten/Kota, 2011-2015 (Ribu Rupiah)","Per Capita GRDP at Current Market Prices by Regency/Municipality, in Sulawesi Selatan Province, 2011-2015 (Thousand Rupiahs)",27,7,36dea09bd088
SULAWESI SELATAN,09,Kab. Pangkajene dan Kepulauan,,2014,*),4 9.863,,"PDRB Per Kapita Atas Dasar Harga Berlaku di Provinsi Sulawesi Selatan Menurut Kabupaten/Kota, 2011-2015 (Ribu Rupiah)","Per Capita GRDP at Current Market Prices by Regency/Municipality, in Sulawesi Selatan Province, 2011-2015 (Thousand Rupiahs)",27,7,f5e34930c788
SULAWESI SELATAN,10,Kab. Barru,,2014,*),2 6.034,,"PDRB Per Kapita Atas Dasar Harga Berlaku di Provinsi Sulawesi Selatan Menurut Kabupaten/Kota, 2011-2015 (Ribu Rupiah)","Per Capita GRDP at Current Market Prices by Regency/Municipality, in Sulawesi Selatan Province, 2011-2015 (Thousand Rupiahs)",27,7,265af222a9ae
SULAWESI SELATAN,11,Kab. Bone,,2014,*),2 6.919,,"PDRB Per Kapita Atas Dasar Harga Berlaku di Provinsi Sulawesi Selatan Menurut Kabupaten/Kota, 2011-2015 (Ribu Rupiah)","Per Capita GRDP at Current Market Prices by Regency/Municipality, in Sulawesi Selatan Province, 2011-2015 (Thousand Rupiahs)",27,7,af251e7ff7d7
SULAWESI SELATAN,12,Kab. Soppeng,,2014,*),2 7.355,,"PDRB Per Kapita Atas Dasar Harga Berlaku di Provinsi Sulawesi Selatan Menurut Kabupaten/Kota, 2011-2015 (Ribu Rupiah)","Per Capita GRDP at Current Market Prices by Regency/Municipality, in Sulawesi Selatan Province, 2011-2015 (Thousand Rupiahs)",27,7,9e22fea72ff6
SULAWESI SELATAN,13,Kab. Wajo,,2014,*),3 4.839,,"PDRB Per Kapita Atas Dasar Harga Berlaku di Provinsi Sulawesi Selatan Menurut Kabupaten/Kota, 2011-2015 (Ribu Rupiah)","Per Capita GRDP at Current Market Prices by Regency/Municipality, in Sulawesi Selatan Province, 2011-2015 (Thousand Rupiahs)",27,7,609ac547ab30
SULAWESI SELATAN,14,Kab. Sidenreng Rappang,,2014,*),2 8.080,,"PDRB Per Kapita Atas Dasar Harga Berlaku di Provinsi Sulawesi Selatan Menurut Kabupaten/Kota, 2011-2015 (Ribu Rupiah)","Per Capita GRDP at Current Market Prices by Regency/Municipality, in Sulawesi Selatan Province, 2011-2015 (Thousand Rupiahs)",27,7,84899ede5277
SULAWESI SELATAN,15,Kab. Pinrang,,2014,*),3 1.217,,"PDRB Per Kapita Atas Dasar Harga Berlaku di Provinsi Sulawesi Selatan Menurut Kabupaten/Kota, 2011-2015 (Ribu Rupiah)","Per Capita GRDP at Current Market Prices by Regency/Municipality, in Sulawesi Selatan Province, 2011-2015 (Thousand Rupiahs)",27,7,3c0809d7320d
SULAWESI SELATAN,16,Kab. Enrekang,,2014,*),2 3.351,,"PDRB Per Kapita Atas Dasar Harga Berlaku di Provinsi Sulawesi Selatan Menurut Kabupaten/Kota, 2011-2015 (Ribu Rupiah)","Per Capita GRDP at Current Market Prices by Regency/Municipality, in Sulawesi Selatan Province, 2011-2015 (Thousand Rupiahs)",27,7,b8e85d4463d7
SULAWESI SELATAN,17,Kab. Luwu,,2014,*),2 5.984,,"PDRB Per Kapita Atas Dasar Harga Berlaku di Provinsi Sulawesi Selatan Menurut Kabupaten/Kota, 2011-2015 (Ribu Rupiah)","Per Capita GRDP at Current Market Prices by Regency/Municipality, in Sulawesi Selatan Province, 2011-2015 (Thousand Rupiahs)",27,7,e10208505457
SULAWESI SELATAN,18,Kab. Tana Toraja,,2014,*),1 8.795,,"PDRB Per Kapita Atas Dasar Harga Berlaku di Provinsi Sulawesi Selatan Menurut Kabupaten/Kota, 2011-2015 (Ribu Rupiah)","Per Capita GRDP at Current Market Prices by Regency/Municipality, in Sulawesi Selatan Province, 2011-2015 (Thousand Rupiahs)",27,7,f3ffa90a4efb
SULAWESI SELATAN,22,Kab. Luwu Utara,,2014,*),2 5.304,,"PDRB Per Kapita Atas Dasar Harga Berlaku di Provinsi Sulawesi Selatan Menurut Kabupaten/Kota, 2011-2015 (Ribu Rupiah)","Per Capita GRDP at Current Market Prices by Regency/Municipality, in Sulawesi Selatan Province, 2011-2015 (Thousand Rupiahs)",27,7,e254bf3e774a
SULAWESI SELATAN,25,Kab. Luwu Timur,,2014,*),7 6.083,,"PDRB Per Kapita Atas Dasar Harga Berlaku di Provinsi Sulawesi Selatan Menurut Kabupaten/Kota, 2011-2015 (Ribu Rupiah)","Per Capita GRDP at Current Market Prices by Regency/Municipality, in Sulawesi Selatan Province, 2011-2015 (Thousand Rupiahs)",27,7,b3490102f36a
SULAWESI SELATAN,26,Kab. Toraja Utara,,2014,*),2 2.448,,"PDRB Per Kapita Atas Dasar Harga Berlaku di Provinsi Sulawesi Selatan Menurut Kabupaten/Kota, 2011-2015 (Ribu Rupiah)","Per Capita GRDP at Current Market Prices by Regency/Municipality, in Sulawesi Selatan Province, 2011-2015 (Thousand Rupiahs)",27,7,844d35ed85a1
SULAWESI SELATAN,71,Kota Makassar,,2014,*),7 0.246,,"PDRB Per Kapita Atas Dasar Harga Berlaku di Provinsi Sulawesi Selatan Menurut Kabupaten/Kota, 2011-2015 (Ribu Rupiah)","Per Capita GRDP at Current Market Prices by Regency/Municipality, in Sulawesi Selatan Province, 2011-2015 (Thousand Rupiahs)",27,7,5582e04f256c
SULAWESI SELATAN,72,Kota Parepare,,2014,*),3 2.393,,"PDRB Per Kapita Atas Dasar Harga Berlaku di Provinsi Sulawesi Selatan Menurut Kabupaten/Kota, 2011-2015 (Ribu Rupiah)","Per Capita GRDP at Current Market Prices by Regency/Municipality, in Sulawesi Selatan Province, 2011-2015 (Thousand Rupiahs)",27,7,beff44c216c4
SULAWESI SELATAN,73,Kota Palopo,,2014,*),2 8.898,,"PDRB Per Kapita Atas Dasar Harga Berlaku di Provinsi Sulawesi Selatan Menurut Kabupaten/Kota, 2011-2015 (Ribu Rupiah)","Per Capita GRDP at Current Market Prices by Regency/Municipality, in Sulawesi Selatan Province, 2011-2015 (Thousand Rupiahs)",27,7,4edfac764b37
SULAWESI SELATAN,,Jml Kab./Kota Total of Reg./Mun.,,2014,*),3 5.726,,"PDRB Per Kapita Atas Dasar Harga Berlaku di Provinsi Sulawesi Selatan Menurut Kabupaten/Kota, 2011-2015 (Ribu Rupiah)","Per Capita GRDP at Current Market Prices by Regency/Municipality, in Sulawesi Selatan Province, 2011-2015 (Thousand Rupiahs)",27,7,0d52e401e7d2
SULAWESI SELATAN,,Provinsi/Province,,2014,*),3 5.534,,"PDRB Per Kapita Atas Dasar Harga Berlaku di Provinsi Sulawesi Selatan Menurut Kabupaten/Kota, 2011-2015 (Ribu Rupiah)","Per Capita GRDP at Current Market Prices by Regency/Municipality, in Sulawesi Selatan Province, 2011-2015 (Thousand Rupiahs)",27,7,99eb46a04aa7
SULAWESI TENGGARA,01,Kab. Buton,,2014,*),2 6.488,,"PDRB Per Kapita Atas Dasar Harga Berlaku di Provinsi Sulawesi Tenggara Menurut Kabupaten/Kota, 2011-2015 (Ribu Rupiah)","Per Capita GRDP at Current Market Prices by Regency/Municipality, in Sulawesi Tenggara Province, 2011-2015 (Thousand Rupiahs)",28,8,ca5608c92d78
SULAWESI TENGGARA,14,Kab. Buton Tengah,#),2014,*),1 6.782,,"PDRB Per Kapita Atas Dasar Harga Berlaku di Provinsi Sulawesi Tenggara Menurut Kabupaten/Kota, 2011-2015 (Ribu Rupiah)","Per Capita GRDP at Current Market Prices by Regency/Municipality, in Sulawesi Tenggara Province, 2011-2015 (Thousand Rupiahs)",28,8,4e75e3340140
SULAWESI TENGGARA,15,Kab. Buton Selatan,#),2014,*),2 3.744,,"PDRB Per Kapita Atas Dasar Harga Berlaku di Provinsi Sulawesi Tenggara Menurut Kabupaten/Kota, 2011-2015 (Ribu Rupiah)","Per Capita GRDP at Current Market Prices by Regency/Municipality, in Sulawesi Tenggara Province, 2011-2015 (Thousand Rupiahs)",28,8,074df679c4ed
SULAWESI TENGGARA,02,Kab. Muna,,2014,*),2 1.252,,"PDRB Per Kapita Atas Dasar Harga Berlaku di Provinsi Sulawesi Tenggara Menurut Kabupaten/Kota, 2011-2015 (Ribu Rupiah)","Per Capita GRDP at Current Market Prices by Regency/Municipality, in Sulawesi Tenggara Province, 2011-2015 (Thousand Rupiahs)",28,8,b404d84e0da4
SULAWESI TENGGARA,13,Kab. Muna Barat,#),2014,*),2 0.227,,"PDRB Per Kapita Atas Dasar Harga Berlaku di Provinsi Sulawesi Tenggara Menurut Kabupaten/Kota, 2011-2015 (Ribu Rupiah)","Per Capita GRDP at Current Market Prices by Regency/Municipality, in Sulawesi Tenggara Province, 2011-2015 (Thousand Rupiahs)",28,8,c38c83cee703
SULAWESI TENGGARA,03,Kab. Konawe,,2014,*),2 3.975,,"PDRB Per Kapita Atas Dasar Harga Berlaku di Provinsi Sulawesi Tenggara Menurut Kabupaten/Kota, 2011-2015 (Ribu Rupiah)","Per Capita GRDP at Current Market Prices by Regency/Municipality, in Sulawesi Tenggara Province, 2011-2015 (Thousand Rupiahs)",28,8,6d3bf19c05bb
SULAWESI TENGGARA,12,Kab. Konawe Kepulauan,#),2014,*),2 7.303,,"PDRB Per Kapita Atas Dasar Harga Berlaku di Provinsi Sulawesi Tenggara Menurut Kabupaten/Kota, 2011-2015 (Ribu Rupiah)","Per Capita GRDP at Current Market Prices by Regency/Municipality, in Sulawesi Tenggara Province, 2011-2015 (Thousand Rupiahs)",28,8,8f70e3963be4
SULAWESI TENGGARA,04,Kab. Kolaka,,2014,*),8 3.968,,"PDRB Per Kapita Atas Dasar Harga Berlaku di Provinsi Sulawesi Tenggara Menurut Kabupaten/Kota, 2011-2015 (Ribu Rupiah)","Per Capita GRDP at Current Market Prices by Regency/Municipality, in Sulawesi Tenggara Province, 2011-2015 (Thousand Rupiahs)",28,8,395e08bdf8ac
SULAWESI TENGGARA,11,Kab. Kolaka Timur,#),2014,*),1 6.406,,"PDRB Per Kapita Atas Dasar Harga Berlaku di Provinsi Sulawesi Tenggara Menurut Kabupaten/Kota, 2011-2015 (Ribu Rupiah)","Per Capita GRDP at Current Market Prices by Regency/Municipality, in Sulawesi Tenggara Province, 2011-2015 (Thousand Rupiahs)",28,8,ab57d4906760
SULAWESI TENGGARA,05,Kab. Konawe Selatan,,2014,*),2 5.213,,"PDRB Per Kapita Atas Dasar Harga Berlaku di Provinsi Sulawesi Tenggara Menurut Kabupaten/Kota, 2011-2015 (Ribu Rupiah)","Per Capita GRDP at Current Market Prices by Regency/Municipality, in Sulawesi Tenggara Province, 2011-2015 (Thousand Rupiahs)",28,8,887e196558f4
SULAWESI TENGGARA,06,Kab. Bombana,,2014,*),2 4.956,,"PDRB Per Kapita Atas Dasar Harga Berlaku di Provinsi Sulawesi Tenggara Menurut Kabupaten/Kota, 2011-2015 (Ribu Rupiah)","Per Capita GRDP at Current Market Prices by Regency/Municipality, in Sulawesi Tenggara Province, 2011-2015 (Thousand Rupiahs)",28,8,b327313490d4
SULAWESI TENGGARA,07,Kab. Wakatobi,,2014,*),2 7.170,,"PDRB Per Kapita Atas Dasar Harga Berlaku di Provinsi Sulawesi Tenggara Menurut Kabupaten/Kota, 2011-2015 (Ribu Rupiah)","Per Capita GRDP at Current Market Prices by Regency/Municipality, in Sulawesi Tenggara Province, 2011-2015 (Thousand Rupiahs)",28,8,a30d1d61930d
SULAWESI TENGGARA,08,Kab. Kolaka Utara,,2014,*),3 8.577,,"PDRB Per Kapita Atas Dasar Harga Berlaku di Provinsi Sulawesi Tenggara Menurut Kabupaten/Kota, 2011-2015 (Ribu Rupiah)","Per Capita GRDP at Current Market Prices by Regency/Municipality, in Sulawesi Tenggara Province, 2011-2015 (Thousand Rupiahs)",28,8,f1933846be84
SULAWESI TENGGARA,09,Kab. Buton Utara,,2014,*),3 3.585,,"PDRB Per Kapita Atas Dasar Harga Berlaku di Provinsi Sulawesi Tenggara Menurut Kabupaten/Kota, 2011-2015 (Ribu Rupiah)","Per Capita GRDP at Current Market Prices by Regency/Municipality, in Sulawesi Tenggara Province, 2011-2015 (Thousand Rupiahs)",28,8,bdb410ba1ebe
SULAWESI TENGGARA,10,Kab. Konawe Utara,,2014,*),4 2.663,,"PDRB Per Kapita Atas Dasar Harga Berlaku di Provinsi Sulawesi Tenggara Menurut Kabupaten/Kota, 2011-2015 (Ribu Rupiah)","Per Capita GRDP at Current Market Prices by Regency/Municipality, in Sulawesi Tenggara Province, 2011-2015 (Thousand Rupiahs)",28,8,2462dde07652
SULAWESI TENGGARA,71,Kota Kendari,,2014,*),3 9.760,,"PDRB Per Kapita Atas Dasar Harga Berlaku di Provinsi Sulawesi Tenggara Menurut Kabupaten/Kota, 2011-2015 (Ribu Rupiah)","Per Capita GRDP at Current Market Prices by Regency/Municipality, in Sulawesi Tenggara Province, 2011-2015 (Thousand Rupiahs)",28,8,321457e7ac19
SULAWESI TENGGARA,72,Kota Baubau,,2014,*),3 5.147,,"PDRB Per Kapita Atas Dasar Harga Berlaku di Provinsi Sulawesi Tenggara Menurut Kabupaten/Kota, 2011-2015 (Ribu Rupiah)","Per Capita GRDP at Current Market Prices by Regency/Municipality, in Sulawesi Tenggara Province, 2011-2015 (Thousand Rupiahs)",28,8,7f2ee9b72a84
SULAWESI TENGGARA,,Jml Kab./Kota Total of Reg./Mun.,,2014,*),3 2.102,,"PDRB Per Kapita Atas Dasar Harga Berlaku di Provinsi Sulawesi Tenggara Menurut Kabupaten/Kota, 2011-2015 (Ribu Rupiah)","Per Capita GRDP at Current Market Prices by Regency/Municipality, in Sulawesi Tenggara Province, 2011-2015 (Thousand Rupiahs)",28,8,3ee2c5ffa603
SULAWESI TENGGARA,,Provinsi/Province,,2014,*),3 2.111,,"PDRB Per Kapita Atas Dasar Harga Berlaku di Provinsi Sulawesi Tenggara Menurut Kabupaten/Kota, 2011-2015 (Ribu Rupiah)","Per Capita GRDP at Current Market Prices by Regency/Municipality, in Sulawesi Tenggara Province, 2011-2015 (Thousand Rupiahs)",28,8,a06fc3fb0ae3
GORONTALO,01,Kab. Boalemo,,2014,*),2 2.416,,"PDRB Per Kapita Atas Dasar Harga Berlaku di Provinsi Gorontalo Menurut Kabupaten/Kota, 2011-2015 (Ribu Rupiah)","Per Capita GRDP at Current Market Prices by Regency/Municipality, in Gorontalo Province, 2011-2015 (Thousand Rupiahs)",29,9,6706ed36f15e
GORONTALO,02,Kab. Gorontalo,,2014,*),2 1.565,,"PDRB Per Kapita Atas Dasar Harga Berlaku di Provinsi Gorontalo Menurut Kabupaten/Kota, 2011-2015 (Ribu Rupiah)","Per Capita GRDP at Current Market Prices by Regency/Municipality, in Gorontalo Province, 2011-2015 (Thousand Rupiahs)",29,9,8c873c743a37
GORONTALO,03,Kab. Pohuwato,,2014,*),2 8.340,,"PDRB Per Kapita Atas Dasar Harga Berlaku di Provinsi Gorontalo Menurut Kabupaten/Kota, 2011-2015 (Ribu Rupiah)","Per Capita GRDP at Current Market Prices by Regency/Municipality, in Gorontalo Province, 2011-2015 (Thousand Rupiahs)",29,9,a782666e10b0
GORONTALO,04,Kab. Bone Bolango,,2014,*),1 8.322,,"PDRB Per Kapita Atas Dasar Harga Berlaku di Provinsi Gorontalo Menurut Kabupaten/Kota, 2011-2015 (Ribu Rupiah)","Per Capita GRDP at Current Market Prices by Regency/Municipality, in Gorontalo Province, 2011-2015 (Thousand Rupiahs)",29,9,5fd08e42092e
GORONTALO,05,Kab. Gorontalo Utara,,2014,*),1 8.169,,"PDRB Per Kapita Atas Dasar Harga Berlaku di Provinsi Gorontalo Menurut Kabupaten/Kota, 2011-2015 (Ribu Rupiah)","Per Capita GRDP at Current Market Prices by Regency/Municipality, in Gorontalo Province, 2011-2015 (Thousand Rupiahs)",29,9,098f330977ae
GORONTALO,71,Kota Gorontalo,,2014,*),2 6.225,,"PDRB Per Kapita Atas Dasar Harga Berlaku di Provinsi Gorontalo Menurut Kabupaten/Kota, 2011-2015 (Ribu Rupiah)","Per Capita GRDP at Current Market Prices by Regency/Municipality, in Gorontalo Province, 2011-2015 (Thousand Rupiahs)",29,9,4968d9e689f0
GORONTALO,,Jml Kab./Kota Total of Reg./Mun.,,2014,*),2 2.601,,"PDRB Per Kapita Atas Dasar Harga Berlaku di Provinsi Gorontalo Menurut Kabupaten/Kota, 2011-2015 (Ribu Rupiah)","Per Capita GRDP at Current Market Prices by Regency/Municipality, in Gorontalo Province, 2011-2015 (Thousand Rupiahs)",29,9,c714fdfd304b
GORONTALO,,Provinsi/Province,,2014,*),2 2.582,,"PDRB Per Kapita Atas Dasar Harga Berlaku di Provinsi Gorontalo Menurut Kabupaten/Kota, 2011-2015 (Ribu Rupiah)","Per Capita GRDP at Current Market Prices by Regency/Municipality, in Gorontalo Province, 2011-2015 (Thousand Rupiahs)",29,9,6bb451aabfbf
SULAWESI BARAT,01,Kab. Majene,,2014,*),1 9.707,,"PDRB Per Kapita Atas Dasar Harga Berlaku di Provinsi Sulawesi Barat Menurut Kabupaten/Kota, 2011-2015 (Ribu Rupiah)","Per Capita GRDP at Current Market Prices by Regency/Municipality, in Sulawesi Barat Province, 2011-2015 (Thousand Rupiahs)",30,10,b76bd508e784
SULAWESI BARAT,02,Kab. Polewali Mandar,,2014,*),1 9.597,,"PDRB Per Kapita Atas Dasar Harga Berlaku di Provinsi Sulawesi Barat Menurut Kabupaten/Kota, 2011-2015 (Ribu Rupiah)","Per Capita GRDP at Current Market Prices by Regency/Municipality, in Sulawesi Barat Province, 2011-2015 (Thousand Rupiahs)",30,10,44730226a000
SULAWESI BARAT,03,Kab. Mamasa,,2014,*),1 2.798,,"PDRB Per Kapita Atas Dasar Harga Berlaku di Provinsi Sulawesi Barat Menurut Kabupaten/Kota, 2011-2015 (Ribu Rupiah)","Per Capita GRDP at Current Market Prices by Regency/Municipality, in Sulawesi Barat Province, 2011-2015 (Thousand Rupiahs)",30,10,172a7b980f29
SULAWESI BARAT,04,Kab. Mamuju,,2014,*),2 8.240,,"PDRB Per Kapita Atas Dasar Harga Berlaku di Provinsi Sulawesi Barat Menurut Kabupaten/Kota, 2011-2015 (Ribu Rupiah)","Per Capita GRDP at Current Market Prices by Regency/Municipality, in Sulawesi Barat Province, 2011-2015 (Thousand Rupiahs)",30,10,13322adc5582
SULAWESI BARAT,06,Kab. Mamuju Tengah,#),2014,*),1 8.775,,"PDRB Per Kapita Atas Dasar Harga Berlaku di Provinsi Sulawesi Barat Menurut Kabupaten/Kota, 2011-2015 (Ribu Rupiah)","Per Capita GRDP at Current Market Prices by Regency/Municipality, in Sulawesi Barat Province, 2011-2015 (Thousand Rupiahs)",30,10,8f23d2047bbe
SULAWESI BARAT,05,Kab. Mamuju Utara,,2014,*),4 4.243,,"PDRB Per Kapita Atas Dasar Harga Berlaku di Provinsi Sulawesi Barat Menurut Kabupaten/Kota, 2011-2015 (Ribu Rupiah)","Per Capita GRDP at Current Market Prices by Regency/Municipality, in Sulawesi Barat Province, 2011-2015 (Thousand Rupiahs)",30,10,586b63019d1b
SULAWESI BARAT,,Jml Kab./Kota Total of Reg./Mun.,,2014,*),2 3.353,,"PDRB Per Kapita Atas Dasar Harga Berlaku di Provinsi Sulawesi Barat Menurut Kabupaten/Kota, 2011-2015 (Ribu Rupiah)","Per Capita GRDP at Current Market Prices by Regency/Municipality, in Sulawesi Barat Province, 2011-2015 (Thousand Rupiahs)",30,10,a16f4230993a
SULAWESI BARAT,,Provinsi/Province,,2014,*),2 3.419,,"PDRB Per Kapita Atas Dasar Harga Berlaku di Provinsi Sulawesi Barat Menurut Kabupaten/Kota, 2011-2015 (Ribu Rupiah)","Per Capita GRDP at Current Market Prices by Regency/Municipality, in Sulawesi Barat Province, 2011-2015 (Thousand Rupiahs)",30,10,bffd530d7e3b
KALIMANTAN TENGAH,01,Kab. Kotawaringin Barat,,2015,**),4 7.009,,"PDRB Per Kapita Atas Dasar Harga Berlaku di Provinsi Kalimantan Tengah Menurut Kabupaten/Kota, 2011-2015 (Ribu Rupiah)","Per Capita GRDP at Current Market Prices by Regency/Municipality, in Kalimantan Tengah Province, 2011-2015 (Thousand Rupiahs)",21,1,2b6fa1df18b6
KALIMANTAN TENGAH,02,Kab. Kotawaringin Timur,,2015,**),4 0.279,,"PDRB Per Kapita Atas Dasar Harga Berlaku di Provinsi Kalimantan Tengah Menurut Kabupaten/Kota, 2011-2015 (Ribu Rupiah)","Per Capita GRDP at Current Market Prices by Regency/Municipality, in Kalimantan Tengah Province, 2011-2015 (Thousand Rupiahs)",21,1,0ffa723d7f6d
KALIMANTAN TENGAH,03,Kab. Kapuas,,2015,**),3 0.920,,"PDRB Per Kapita Atas Dasar Harga Berlaku di Provinsi Kalimantan Tengah Menurut Kabupaten/Kota, 2011-2015 (Ribu Rupiah)","Per Capita GRDP at Current Market Prices by Regency/Municipality, in Kalimantan Tengah Province, 2011-2015 (Thousand Rupiahs)",21,1,0a94f67051a7
KALIMANTAN TENGAH,04,Kab. Barito Selatan,,2015,**),3 3.706,,"PDRB Per Kapita Atas Dasar Harga Berlaku di Provinsi Kalimantan Tengah Menurut Kabupaten/Kota, 2011-2015 (Ribu Rupiah)","Per Capita GRDP at Current Market Prices by Regency/Municipality, in Kalimantan Tengah Province, 2011-2015 (Thousand Rupiahs)",21,1,929d4dac2c25
KALIMANTAN TENGAH,05,Kab. Barito Utara,,2015,**),5 2.806,,"PDRB Per Kapita Atas Dasar Harga Berlaku di Provinsi Kalimantan Tengah Menurut Kabupaten/Kota, 2011-2015 (Ribu Rupiah)","Per Capita GRDP at Current Market Prices by Regency/Municipality, in Kalimantan Tengah Province, 2011-2015 (Thousand Rupiahs)",21,1,f1a14692f262
KALIMANTAN TENGAH,06,Kab. Sukamara,,2015,**),5 2.101,,"PDRB Per Kapita Atas Dasar Harga Berlaku di Provinsi Kalimantan Tengah Menurut Kabupaten/Kota, 2011-2015 (Ribu Rupiah)","Per Capita GRDP at Current Market Prices by Regency/Municipality, in Kalimantan Tengah Province, 2011-2015 (Thousand Rupiahs)",21,1,f1099f7ad69d
KALIMANTAN TENGAH,07,Kab. Lamandau,,2015,**),4 9.446,,"PDRB Per Kapita Atas Dasar Harga Berlaku di Provinsi Kalimantan Tengah Menurut Kabupaten/Kota, 2011-2015 (Ribu Rupiah)","Per Capita GRDP at Current Market Prices by Regency/Municipality, in Kalimantan Tengah Province, 2011-2015 (Thousand Rupiahs)",21,1,9e6683b3c686
KALIMANTAN TENGAH,08,Kab. Seruyan,,2015,**),3 5.815,,"PDRB Per Kapita Atas Dasar Harga Berlaku di Provinsi Kalimantan Tengah Menurut Kabupaten/Kota, 2011-2015 (Ribu Rupiah)","Per Capita GRDP at Current Market Prices by Regency/Municipality, in Kalimantan Tengah Province, 2011-2015 (Thousand Rupiahs)",21,1,08fa2f329d74
KALIMANTAN TENGAH,09,Kab. Katingan,,2015,**),3 4.188,,"PDRB Per Kapita Atas Dasar Harga Berlaku di Provinsi Kalimantan Tengah Menurut Kabupaten/Kota, 2011-2015 (Ribu Rupiah)","Per Capita GRDP at Current Market Prices by Regency/Municipality, in Kalimantan Tengah Province, 2011-2015 (Thousand Rupiahs)",21,1,5f03e823e3e1
KALIMANTAN TENGAH,10,Kab. Pulang Pisau,,2015,**),2 9.535,,"PDRB Per Kapita Atas Dasar Harga Berlaku di Provinsi Kalimantan Tengah Menurut Kabupaten/Kota, 2011-2015 (Ribu Rupiah)","Per Capita GRDP at Current Market Prices by Regency/Municipality, in Kalimantan Tengah Province, 2011-2015 (Thousand Rupiahs)",21,1,d7da85ebd108
KALIMANTAN TENGAH,11,Kab. Gunung Mas,,2015,**),3 4.572,,"PDRB Per Kapita Atas Dasar Harga Berlaku di Provinsi Kalimantan Tengah Menurut Kabupaten/Kota, 2011-2015 (Ribu Rupiah)","Per Capita GRDP at Current Market Prices by Regency/Municipality, in Kalimantan Tengah Province, 2011-2015 (Thousand Rupiahs)",21,1,b1d28b0fb3ad
KALIMANTAN TENGAH,12,Kab. Barito Timur,,2015,**),4 5.376,,"PDRB Per Kapita Atas Dasar Harga Berlaku di Provinsi Kalimantan Tengah Menurut Kabupaten/Kota, 2011-2015 (Ribu Rupiah)","Per Capita GRDP at Current Market Prices by Regency/Municipality, in Kalimantan Tengah Province, 2011-2015 (Thousand Rupiahs)",21,1,0bd27fa83771
KALIMANTAN TENGAH,13,Kab. Murung Raya,,2015,**),5 1.134,,"PDRB Per Kapita Atas Dasar Harga Berlaku di Provinsi Kalimantan Tengah Menurut Kabupaten/Kota, 2011-2015 (Ribu Rupiah)","Per Capita GRDP at Current Market Prices by Regency/Municipality, in Kalimantan Tengah Province, 2011-2015 (Thousand Rupiahs)",21,1,085dc08d578d
KALIMANTAN TENGAH,71,Kota Palangka Raya,,2015,**),4 3.442,,"PDRB Per Kapita Atas Dasar Harga Berlaku di Provinsi Kalimantan Tengah Menurut Kabupaten/Kota, 2011-2015 (Ribu Rupiah)","Per Capita GRDP at Current Market Prices by Regency/Municipality, in Kalimantan Tengah Province, 2011-2015 (Thousand Rupiahs)",21,1,e0afd87b6274
KALIMANTAN TENGAH,,Jml Kab./Kota Total of Reg./Mun.,,2015,**),4 0.099,,"PDRB Per Kapita Atas Dasar Harga Berlaku di Provinsi Kalimantan Tengah Menurut Kabupaten/Kota, 2011-2015 (Ribu Rupiah)","Per Capita GRDP at Current Market Prices by Regency/Municipality, in Kalimantan Tengah Province, 2011-2015 (Thousand Rupiahs)",21,1,159fd1bf7ba7
KALIMANTAN TENGAH,,Provinsi/Province,,2015,**),4 0.139,,"PDRB Per Kapita Atas Dasar Harga Berlaku di Provinsi Kalimantan Tengah Menurut Kabupaten/Kota, 2011-2015 (Ribu Rupiah)","Per Capita GRDP at Current Market Prices by Regency/Municipality, in Kalimantan Tengah Province, 2011-2015 (Thousand Rupiahs)",21,1,d1ae8209e02f
KALIMANTAN SELATAN,01,Kab. Tanah Laut,,2015,**),3 3.289,,"PDRB Per Kapita Atas Dasar Harga Berlaku di Provinsi Kalimantan Selatan Menurut Kabupaten/Kota, 2011-2015 (Ribu Rupiah)","Per Capita GRDP at Current Market Prices by Regency/Municipality, in Kalimantan Selatan Province, 2011-2015 (Thousand Rupiahs)",22,2,412ff3f90845
KALIMANTAN SELATAN,02,Kab. Kota Baru,,2015,**),5 6.810,,"PDRB Per Kapita Atas Dasar Harga Berlaku di Provinsi Kalimantan Selatan Menurut Kabupaten/Kota, 2011-2015 (Ribu Rupiah)","Per Capita GRDP at Current Market Prices by Regency/Municipality, in Kalimantan Selatan Province, 2011-2015 (Thousand Rupiahs)",22,2,d8fac004f085
KALIMANTAN SELATAN,03,Kab. Banjar,,2015,**),2 2.489,,"PDRB Per Kapita Atas Dasar Harga Berlaku di Provinsi Kalimantan Selatan Menurut Kabupaten/Kota, 2011-2015 (Ribu Rupiah)","Per Capita GRDP at Current Market Prices by Regency/Municipality, in Kalimantan Selatan Province, 2011-2015 (Thousand Rupiahs)",22,2,b7391c9ffcc7
KALIMANTAN SELATAN,04,Kab. Barito Kuala,,2015,**),2 0.750,,"PDRB Per Kapita Atas Dasar Harga Berlaku di Provinsi Kalimantan Selatan Menurut Kabupaten/Kota, 2011-2015 (Ribu Rupiah)","Per Capita GRDP at Current Market Prices by Regency/Municipality, in Kalimantan Selatan Province, 2011-2015 (Thousand Rupiahs)",22,2,378d658bf760
KALIMANTAN SELATAN,05,Kab. Tapin,,2015,**),3 5.635,,"PDRB Per Kapita Atas Dasar Harga Berlaku di Provinsi Kalimantan Selatan Menurut Kabupaten/Kota, 2011-2015 (Ribu Rupiah)","Per Capita GRDP at Current Market Prices by Regency/Municipality, in Kalimantan Selatan Province, 2011-2015 (Thousand Rupiahs)",22,2,c132ea9a8236
KALIMANTAN SELATAN,06,Kab. Hulu Sungai Selatan,,2015,**),2 1.045,,"PDRB Per Kapita Atas Dasar Harga Berlaku di Provinsi Kalimantan Selatan Menurut Kabupaten/Kota, 2011-2015 (Ribu Rupiah)","Per Capita GRDP at Current Market Prices by Regency/Municipality, in Kalimantan Selatan Province, 2011-2015 (Thousand Rupiahs)",22,2,650f4b83c143
KALIMANTAN SELATAN,07,Kab. Hulu Sungai Tengah,,2015,**),1 9.693,,"PDRB Per Kapita Atas Dasar Harga Berlaku di Provinsi Kalimantan Selatan Menurut Kabupaten/Kota, 2011-2015 (Ribu Rupiah)","Per Capita GRDP at Current Market Prices by Regency/Municipality, in Kalimantan Selatan Province, 2011-2015 (Thousand Rupiahs)",22,2,93ce468385f7
KALIMANTAN SELATAN,08,Kab. Hulu Sungai Utara,,2015,**),1 5.775,,"PDRB Per Kapita Atas Dasar Harga Berlaku di Provinsi Kalimantan Selatan Menurut Kabupaten/Kota, 2011-2015 (Ribu Rupiah)","Per Capita GRDP at Current Market Prices by Regency/Municipality, in Kalimantan Selatan Province, 2011-2015 (Thousand Rupiahs)",22,2,89549a6ccee0
KALIMANTAN SELATAN,09,Kab. Tabalong,,2015,**),6 3.046,,"PDRB Per Kapita Atas Dasar Harga Berlaku di Provinsi Kalimantan Selatan Menurut Kabupaten/Kota, 2011-2015 (Ribu Rupiah)","Per Capita GRDP at Current Market Prices by Regency/Municipality, in Kalimantan Selatan Province, 2011-2015 (Thousand Rupiahs)",22,2,3e0b42838273
KALIMANTAN SELATAN,10,Kab. Tanah Bumbu,,2015,**),4 9.787,,"PDRB Per Kapita Atas Dasar Harga Berlaku di Provinsi Kalimantan Selatan Menurut Kabupaten/Kota, 2011-2015 (Ribu Rupiah)","Per Capita GRDP at Current Market Prices by Regency/Municipality, in Kalimantan Selatan Province, 2011-2015 (Thousand Rupiahs)",22,2,22e7aae127af
KALIMANTAN SELATAN,11,Kab. Balangan,,2015,**),7 6.328,,"PDRB Per Kapita Atas Dasar Harga Berlaku di Provinsi Kalimantan Selatan Menurut Kabupaten/Kota, 2011-2015 (Ribu Rupiah)","Per Capita GRDP at Current Market Prices by Regency/Municipality, in Kalimantan Selatan Province, 2011-2015 (Thousand Rupiahs)",22,2,7f5282af0eeb
KALIMANTAN SELATAN,71,Kota Banjarmasin,,2015,**),3 4.244,,"PDRB Per Kapita Atas Dasar Harga Berlaku di Provinsi Kalimantan Selatan Menurut Kabupaten/Kota, 2011-2015 (Ribu Rupiah)","Per Capita GRDP at Current Market Prices by Regency/Municipality, in Kalimantan Selatan Province, 2011-2015 (Thousand Rupiahs)",22,2,afbdda29f335
KALIMANTAN SELATAN,72,Kota Banjar Baru,,2015,**),2 7.725,,"PDRB Per Kapita Atas Dasar Harga Berlaku di Provinsi Kalimantan Selatan Menurut Kabupaten/Kota, 2011-2015 (Ribu Rupiah)","Per Capita GRDP at Current Market Prices by Regency/Municipality, in Kalimantan Selatan Province, 2011-2015 (Thousand Rupiahs)",22,2,dcbd46f9c5df
KALIMANTAN SELATAN,,Jml Kab./Kota Total of Reg./Mun.,,2015,**),3 4.570,,"PDRB Per Kapita Atas Dasar Harga Berlaku di Provinsi Kalimantan Selatan Menurut Kabupaten/Kota, 2011-2015 (Ribu Rupiah)","Per Capita GRDP at Current Market Prices by Regency/Municipality, in Kalimantan Selatan Province, 2011-2015 (Thousand Rupiahs)",22,2,8875c15694bd
KALIMANTAN SELATAN,,Provinsi/Province,,2015,**),3 4.467,,"PDRB Per Kapita Atas Dasar Harga Berlaku di Provinsi Kalimantan Selatan Menurut Kabupaten/Kota, 2011-2015 (Ribu Rupiah)","Per Capita GRDP at Current Market Prices by Regency/Municipality, in Kalimantan Selatan Province, 2011-2015 (Thousand Rupiahs)",22,2,d0297dae2d68
KALIMANTAN TIMUR,01,Kab. Paser,,2015,**),1 45.918,,"PDRB Per Kapita Atas Dasar Harga Berlaku di Provinsi Kalimantan Timur Menurut Kabupaten/Kota, 2011-2015 (Ribu Rupiah)","Per Capita GRDP at Current Market Prices by Regency/Municipality, in Kalimantan Timur Province, 2011-2015 (Thousand Rupiahs)",23,3,16230bd5d6b8
KALIMANTAN TIMUR,02,Kab. Kutai Barat,,2015,**),1 44.599,,"PDRB Per Kapita Atas Dasar Harga Berlaku di Provinsi Kalimantan Timur Menurut Kabupaten/Kota, 2011-2015 (Ribu Rupiah)","Per Capita GRDP at Current Market Prices by Regency/Municipality, in Kalimantan Timur Province, 2011-2015 (Thousand Rupiahs)",23,3,aee881dd0de4
KALIMANTAN TIMUR,11,Kab. Mahakam Ulu,#),2015,**),7 4.650,,"PDRB Per Kapita Atas Dasar Harga Berlaku di Provinsi Kalimantan Timur Menurut Kabupaten/Kota, 2011-2015 (Ribu Rupiah)","Per Capita GRDP at Current Market Prices by Regency/Municipality, in Kalimantan Timur Province, 2011-2015 (Thousand Rupiahs)",23,3,474ff72a063d
KALIMANTAN TIMUR,03,Kab. Kutai Kartanegara,,2015,**),1 79.066,,"PDRB Per Kapita Atas Dasar Harga Berlaku di Provinsi Kalimantan Timur Menurut Kabupaten/Kota, 2011-2015 (Ribu Rupiah)","Per Capita GRDP at Current Market Prices by Regency/Municipality, in Kalimantan Timur Province, 2011-2015 (Thousand Rupiahs)",23,3,53b2f053665c
KALIMANTAN TIMUR,04,Kab. Kutai Timur,,2015,**),2 92.058,,"PDRB Per Kapita Atas Dasar Harga Berlaku di Provinsi Kalimantan Timur Menurut Kabupaten/Kota, 2011-2015 (Ribu Rupiah)","Per Capita GRDP at Current Market Prices by Regency/Municipality, in Kalimantan Timur Province, 2011-2015 (Thousand Rupiahs)",23,3,5c4436968101
KALIMANTAN TIMUR,05,Kab. Berau,,2015,**),1 45.699,,"PDRB Per Kapita Atas Dasar Harga Berlaku di Provinsi Kalimantan Timur Menurut Kabupaten/Kota, 2011-2015 (Ribu Rupiah)","Per Capita GRDP at Current Market Prices by Regency/Municipality, in Kalimantan Timur Province, 2011-2015 (Thousand Rupiahs)",23,3,9421ca6269cc
KALIMANTAN TIMUR,06,Kab. Malinau,,2015,**),3,,"PDRB Per Kapita Atas Dasar Harga Berlaku di Provinsi Kalimantan Timur Menurut Kabupaten/Kota, 2011-2015 (Ribu Rupiah)","Per Capita GRDP at Current Market Prices by Regency/Municipality, in Kalimantan Timur Province, 2011-2015 (Thousand Rupiahs)",23,3,e717e23e198e
KALIMANTAN TIMUR,07,Kab. Bulungan,,2015,**),3,,"PDRB Per Kapita Atas Dasar Harga Berlaku di Provinsi Kalimantan Timur Menurut Kabupaten/Kota, 2011-2015 (Ribu Rupiah)","Per Capita GRDP at Current Market Prices by Regency/Municipality, in Kalimantan Timur Province, 2011-2015 (Thousand Rupiahs)",23,3,614234162c15
KALIMANTAN TIMUR,08,Kab. Nunukan,,2015,**),3,,"PDRB Per Kapita Atas Dasar Harga Berlaku di Provinsi Kalimantan Timur Menurut Kabupaten/Kota, 2011-2015 (Ribu Rupiah)","Per Capita GRDP at Current Market Prices by Regency/Municipality, in Kalimantan Timur Province, 2011-2015 (Thousand Rupiahs)",23,3,bf34944dfda9
KALIMANTAN TIMUR,09,Kab. Penajam Paser Utara,,2015,**),4 8.128,,"PDRB Per Kapita Atas Dasar Harga Berlaku di Provinsi Kalimantan Timur Menurut Kabupaten/Kota, 2011-2015 (Ribu Rupiah)","Per Capita GRDP at Current Market Prices by Regency/Municipality, in Kalimantan Timur Province, 2011-2015 (Thousand Rupiahs)",23,3,8c3ded300de6
KALIMANTAN TIMUR,10,Kab. Tana Tidung,,2015,**),3,,"PDRB Per Kapita Atas Dasar Harga Berlaku di Provinsi Kalimantan Timur Menurut Kabupaten/Kota, 2011-2015 (Ribu Rupiah)","Per Capita GRDP at Current Market Prices by Regency/Municipality, in Kalimantan Timur Province, 2011-2015 (Thousand Rupiahs)",23,3,232e35030a4a
KALIMANTAN TIMUR,71,Kota Balikpapan,,2015,**),1 20.321,,"PDRB Per Kapita Atas Dasar Harga Berlaku di Provinsi Kalimantan Timur Menurut Kabupaten/Kota, 2011-2015 (Ribu Rupiah)","Per Capita GRDP at Current Market Prices by Regency/Municipality, in Kalimantan Timur Province, 2011-2015 (Thousand Rupiahs)",23,3,b5f2230dd722
KALIMANTAN TIMUR,72,Kota Samarinda,,2015,**),6 3.003,,"PDRB Per Kapita Atas Dasar Harga Berlaku di Provinsi Kalimantan Timur Menurut Kabupaten/Kota, 2011-2015 (Ribu Rupiah)","Per Capita GRDP at Current Market Prices by Regency/Municipality, in Kalimantan Timur Province, 2011-2015 (Thousand Rupiahs)",23,3,3fc068fd9707
KALIMANTAN TIMUR,73,Kota Tarakan,,2015,**),3,,"PDRB Per Kapita Atas Dasar Harga Berlaku di Provinsi Kalimantan Timur Menurut Kabupaten/Kota, 2011-2015 (Ribu Rupiah)","Per Capita GRDP at Current Market Prices by Regency/Municipality, in Kalimantan Timur Province, 2011-2015 (Thousand Rupiahs)",23,3,aff38576df6f
KALIMANTAN TIMUR,74,Kota Bontang,,2015,**),3 52.881,,"PDRB Per Kapita Atas Dasar Harga Berlaku di Provinsi Kalimantan Timur Menurut Kabupaten/Kota, 2011-2015 (Ribu Rupiah)","Per Capita GRDP at Current Market Prices by Regency/Municipality, in Kalimantan Timur Province, 2011-2015 (Thousand Rupiahs)",23,3,f6bbe72527b3
KALIMANTAN TIMUR,,Jml Kab./Kota Total of Reg./Mun.,,2015,**),1 47.106,,"PDRB Per Kapita Atas Dasar Harga Berlaku di Provinsi Kalimantan Timur Menurut Kabupaten/Kota, 2011-2015 (Ribu Rupiah)","Per Capita GRDP at Current Market Prices by Regency/Municipality, in Kalimantan Timur Province, 2011-2015 (Thousand Rupiahs)",23,3,ae22a31da240
KALIMANTAN TIMUR,,Provinsi/Province,,2015,**),1 46.461,,"PDRB Per Kapita Atas Dasar Harga Berlaku di Provinsi Kalimantan Timur Menurut Kabupaten/Kota, 2011-2015 (Ribu Rupiah)","Per Capita GRDP at Current Market Prices by Regency/Municipality, in Kalimantan Timur Province, 2011-2015 (Thousand Rupiahs)",23,3,231590a9410d
KALIMANTAN TIMUR,01,Kab. Malinau,,2015,**),4,,"PDRB Per Kapita Atas Dasar Harga Berlaku di Provinsi Kalimantan Timur Menurut Kabupaten/Kota, 2011-2015 (Ribu Rupiah)","Per Capita GRDP at Current Market Prices by Regency/Municipality, in Kalimantan Timur Province, 2011-2015 (Thousand Rupiahs)",23,3,af79149bef96
KALIMANTAN TIMUR,02,Kab. Bulungan,,2015,**),4,,"PDRB Per Kapita Atas Dasar Harga Berlaku di Provinsi Kalimantan Timur Menurut Kabupaten/Kota, 2011-2015 (Ribu Rupiah)","Per Capita GRDP at Current Market Prices by Regency/Municipality, in Kalimantan Timur Province, 2011-2015 (Thousand Rupiahs)",23,3,53c23f718d9f
KALIMANTAN TIMUR,03,Kab. Tana Tidung,,2015,**),4,,"PDRB Per Kapita Atas Dasar Harga Berlaku di Provinsi Kalimantan Timur Menurut Kabupaten/Kota, 2011-2015 (Ribu Rupiah)","Per Capita GRDP at Current Market Prices by Regency/Municipality, in Kalimantan Timur Province, 2011-2015 (Thousand Rupiahs)",23,3,22695aec19e5
KALIMANTAN TIMUR,04,Kab. Nunukan,,2015,**),4,,"PDRB Per Kapita Atas Dasar Harga Berlaku di Provinsi Kalimantan Timur Menurut Kabupaten/Kota, 2011-2015 (Ribu Rupiah)","Per Capita GRDP at Current Market Prices by Regency/Municipality, in Kalimantan Timur Province, 2011-2015 (Thousand Rupiahs)",23,3,2ab53cea0790
KALIMANTAN TIMUR,71,Kota Tarakan,,2015,**),4,,"PDRB Per Kapita Atas Dasar Harga Berlaku di Provinsi Kalimantan Timur Menurut Kabupaten/Kota, 2011-2015 (Ribu Rupiah)","Per Capita GRDP at Current Market Prices by Regency/Municipality, in Kalimantan Timur Province, 2011-2015 (Thousand Rupiahs)",23,3,cd452f72ef18
KALIMANTAN TIMUR,,Jml Kab./Kota Total of Reg./Mun.,,2015,**),4,,"PDRB Per Kapita Atas Dasar Harga Berlaku di Provinsi Kalimantan Timur Menurut Kabupaten/Kota, 2011-2015 (Ribu Rupiah)","Per Capita GRDP at Current Market Prices by Regency/Municipality, in Kalimantan Timur Province, 2011-2015 (Thousand Rupiahs)",23,3,5ae2025be409
KALIMANTAN TIMUR,,Provinsi/Province,,2015,**),4,,"PDRB Per Kapita Atas Dasar Harga Berlaku di Provinsi Kalimantan Timur Menurut Kabupaten/Kota, 2011-2015 (Ribu Rupiah)","Per Capita GRDP at Current Market Prices by Regency/Municipality, in Kalimantan Timur Province, 2011-2015 (Thousand Rupiahs)",23,3,f26553203078
SULAWESI UTARA,01,Kab. Bolaang Mongondow,,2015,**),2 2.928,,"PDRB Per Kapita Atas Dasar Harga Berlaku di Provinsi Sulawesi Utara Menurut Kabupaten/Kota, 2011-2015 (Ribu Rupiah)","Per Capita GRDP at Current Market Prices by Regency/Municipality, in Sulawesi Utara Province, 2011-2015 (Thousand Rupiahs)",25,5,cf77e67fd999
SULAWESI UTARA,02,Kab. Minahasa,,2015,**),3 6.567,,"PDRB Per Kapita Atas Dasar Harga Berlaku di Provinsi Sulawesi Utara Menurut Kabupaten/Kota, 2011-2015 (Ribu Rupiah)","Per Capita GRDP at Current Market Prices by Regency/Municipality, in Sulawesi Utara Province, 2011-2015 (Thousand Rupiahs)",25,5,ed3005130f92
SULAWESI UTARA,03,Kab. Kepulauan Sangihe,,2015,**),2 3.372,,"PDRB Per Kapita Atas Dasar Harga Berlaku di Provinsi Sulawesi Utara Menurut Kabupaten/Kota, 2011-2015 (Ribu Rupiah)","Per Capita GRDP at Current Market Prices by Regency/Municipality, in Sulawesi Utara Province, 2011-2015 (Thousand Rupiahs)",25,5,0f2e65f79c64
SULAWESI UTARA,04,Kab. Kepulauan Talaud,,2015,**),1 8.124,,"PDRB Per Kapita Atas Dasar Harga Berlaku di Provinsi Sulawesi Utara Menurut Kabupaten/Kota, 2011-2015 (Ribu Rupiah)","Per Capita GRDP at Current Market Prices by Regency/Municipality, in Sulawesi Utara Province, 2011-2015 (Thousand Rupiahs)",25,5,23fc759c344a
SULAWESI UTARA,05,Kab. Minahasa Selatan,,2015,**),2 9.611,,"PDRB Per Kapita Atas Dasar Harga Berlaku di Provinsi Sulawesi Utara Menurut Kabupaten/Kota, 2011-2015 (Ribu Rupiah)","Per Capita GRDP at Current Market Prices by Regency/Municipality, in Sulawesi Utara Province, 2011-2015 (Thousand Rupiahs)",25,5,1c25704d6520
SULAWESI UTARA,06,Kab. Minahasa Utara,,2015,**),4 7.444,,"PDRB Per Kapita Atas Dasar Harga Berlaku di Provinsi Sulawesi Utara Menurut Kabupaten/Kota, 2011-2015 (Ribu Rupiah)","Per Capita GRDP at Current Market Prices by Regency/Municipality, in Sulawesi Utara Province, 2011-2015 (Thousand Rupiahs)",25,5,798da714258b
SULAWESI UTARA,07,Kab. Bolaang Mongondow Utara,,2015,**),2 2.541,,"PDRB Per Kapita Atas Dasar Harga Berlaku di Provinsi Sulawesi Utara Menurut Kabupaten/Kota, 2011-2015 (Ribu Rupiah)","Per Capita GRDP at Current Market Prices by Regency/Municipality, in Sulawesi Utara Province, 2011-2015 (Thousand Rupiahs)",25,5,1973ba9beb8d
SULAWESI UTARA,08,Kab. Siau Tagulandang Biaro,,2015,**),2 3.976,,"PDRB Per Kapita Atas Dasar Harga Berlaku di Provinsi Sulawesi Utara Menurut Kabupaten/Kota, 2011-2015 (Ribu Rupiah)","Per Capita GRDP at Current Market Prices by Regency/Municipality, in Sulawesi Utara Province, 2011-2015 (Thousand Rupiahs)",25,5,cce825faa761
SULAWESI UTARA,09,Kab. Minahasa Tenggara,,2015,**),3 4.487,,"PDRB Per Kapita Atas Dasar Harga Berlaku di Provinsi Sulawesi Utara Menurut Kabupaten/Kota, 2011-2015 (Ribu Rupiah)","Per Capita GRDP at Current Market Prices by Regency/Municipality, in Sulawesi Utara Province, 2011-2015 (Thousand Rupiahs)",25,5,909816197d9a
SULAWESI UTARA,10,Kab. Bolaang Mongondow Selatan,,2015,**),2 2.668,,"PDRB Per Kapita Atas Dasar Harga Berlaku di Provinsi Sulawesi Utara Menurut Kabupaten/Kota, 2011-2015 (Ribu Rupiah)","Per Capita GRDP at Current Market Prices by Regency/Municipality, in Sulawesi Utara Province, 2011-2015 (Thousand Rupiahs)",25,5,3bd2a365fb76
SULAWESI UTARA,11,Kab. Bolaang Mongondow Timur,,2015,**),2 7.937,,"PDRB Per Kapita Atas Dasar Harga Berlaku di Provinsi Sulawesi Utara Menurut Kabupaten/Kota, 2011-2015 (Ribu Rupiah)","Per Capita GRDP at Current Market Prices by Regency/Municipality, in Sulawesi Utara Province, 2011-2015 (Thousand Rupiahs)",25,5,c9c38b8cbb2b
SULAWESI UTARA,71,Kota Manado,,2015,**),6 0.019,,"PDRB Per Kapita Atas Dasar Harga Berlaku di Provinsi Sulawesi Utara Menurut Kabupaten/Kota, 2011-2015 (Ribu Rupiah)","Per Capita GRDP at Current Market Prices by Regency/Municipality, in Sulawesi Utara Province, 2011-2015 (Thousand Rupiahs)",25,5,e80c050ce9c9
SULAWESI UTARA,72,Kota Bitung,,2015,**),5 6.563,,"PDRB Per Kapita Atas Dasar Harga Berlaku di Provinsi Sulawesi Utara Menurut Kabupaten/Kota, 2011-2015 (Ribu Rupiah)","Per Capita GRDP at Current Market Prices by Regency/Municipality, in Sulawesi Utara Province, 2011-2015 (Thousand Rupiahs)",25,5,3faf120b39f8
SULAWESI UTARA,73,Kota Tomohon,,2015,**),2 9.795,,"PDRB Per Kapita Atas Dasar Harga Berlaku di Provinsi Sulawesi Utara Menurut Kabupaten/Kota, 2011-2015 (Ribu Rupiah)","Per Capita GRDP at Current Market Prices by Regency/Municipality, in Sulawesi Utara Province, 2011-2015 (Thousand Rupiahs)",25,5,b42c75e8345d
SULAWESI UTARA,74,Kota Kotamobagu,,2015,**),2 0.557,,"PDRB Per Kapita Atas Dasar Harga Berlaku di Provinsi Sulawesi Utara Menurut Kabupaten/Kota, 2011-2015 (Ribu Rupiah)","Per Capita GRDP at Current Market Prices by Regency/Municipality, in Sulawesi Utara Province, 2011-2015 (Thousand Rupiahs)",25,5,1072b56deb98
SULAWESI UTARA,,Jml Kab./Kota Total of Reg./Mun.,,2015,**),3 7.451,,"PDRB Per Kapita Atas Dasar Harga Berlaku di Provinsi Sulawesi Utara Menurut Kabupaten/Kota, 2011-2015 (Ribu Rupiah)","Per Capita GRDP at Current Market Prices by Regency/Municipality, in Sulawesi Utara Province, 2011-2015 (Thousand Rupiahs)",25,5,9a15b5e5811e
SULAWESI UTARA,,Provinsi/Province,,2015,**),3 7.840,,"PDRB Per Kapita Atas Dasar Harga Berlaku di Provinsi Sulawesi Utara Menurut Kabupaten/Kota, 2011-2015 (Ribu Rupiah)","Per Capita GRDP at Current Market Prices by Regency/Municipality, in Sulawesi Utara Province, 2011-2015 (Thousand Rupiahs)",25,5,db422152a5d2
SULAWESI TENGAH,01,Kab. Banggai Kepulauan,,2015,**),2 3.726,,"PDRB Per Kapita Atas Dasar Harga Berlaku di Provinsi Sulawesi Tengah Menurut Kabupaten/Kota, 2011-2015 (Ribu Rupiah)","Per Capita GRDP at Current Market Prices by Regency/Municipality, in Sulawesi Tengah Province, 2011-2015 (Thousand Rupiahs)",26,6,86b87df4ed96
SULAWESI TENGAH,11,Kab. Banggai Laut,#),2015,**),2 4.524,,"PDRB Per Kapita Atas Dasar Harga Berlaku di Provinsi Sulawesi Tengah Menurut Kabupaten/Kota, 2011-2015 (Ribu Rupiah)","Per Capita GRDP at Current Market Prices by Regency/Municipality, in Sulawesi Tengah Province, 2011-2015 (Thousand Rupiahs)",26,6,576d736aa095
SULAWESI TENGAH,02,Kab. Banggai,,2015,**),4 3.016,,"PDRB Per Kapita Atas Dasar Harga Berlaku di Provinsi Sulawesi Tengah Menurut Kabupaten/Kota, 2011-2015 (Ribu Rupiah)","Per Capita GRDP at Current Market Prices by Regency/Municipality, in Sulawesi Tengah Province, 2011-2015 (Thousand Rupiahs)",26,6,baea441d4da5
SULAWESI TENGAH,03,Kab. Morowali,,2015,**),1 14.568,,"PDRB Per Kapita Atas Dasar Harga Berlaku di Provinsi Sulawesi Tengah Menurut Kabupaten/Kota, 2011-2015 (Ribu Rupiah)","Per Capita GRDP at Current Market Prices by Regency/Municipality, in Sulawesi Tengah Province, 2011-2015 (Thousand Rupiahs)",26,6,72be1445f562
SULAWESI TENGAH,12,Kab. Morowali Utara,#),2015,**),6 6.602,,"PDRB Per Kapita Atas Dasar Harga Berlaku di Provinsi Sulawesi Tengah Menurut Kabupaten/Kota, 2011-2015 (Ribu Rupiah)","Per Capita GRDP at Current Market Prices by Regency/Municipality, in Sulawesi Tengah Province, 2011-2015 (Thousand Rupiahs)",26,6,a71c5244f921
SULAWESI TENGAH,04,Kab. Poso,,2015,**),2 8.651,,"PDRB Per Kapita Atas Dasar Harga Berlaku di Provinsi Sulawesi Tengah Menurut Kabupaten/Kota, 2011-2015 (Ribu Rupiah)","Per Capita GRDP at Current Market Prices by Regency/Municipality, in Sulawesi Tengah Province, 2011-2015 (Thousand Rupiahs)",26,6,5459b3770825
SULAWESI TENGAH,05,Kab. Donggala,,2015,**),3 1.902,,"PDRB Per Kapita Atas Dasar Harga Berlaku di Provinsi Sulawesi Tengah Menurut Kabupaten/Kota, 2011-2015 (Ribu Rupiah)","Per Capita GRDP at Current Market Prices by Regency/Municipality, in Sulawesi Tengah Province, 2011-2015 (Thousand Rupiahs)",26,6,b62c7563401e
SULAWESI TENGAH,06,Kab. Toli-Toli,,2015,**),2 7.004,,"PDRB Per Kapita Atas Dasar Harga Berlaku di Provinsi Sulawesi Tengah Menurut Kabupaten/Kota, 2011-2015 (Ribu Rupiah)","Per Capita GRDP at Current Market Prices by Regency/Municipality, in Sulawesi Tengah Province, 2011-2015 (Thousand Rupiahs)",26,6,8fc352026186
SULAWESI TENGAH,07,Kab. Buol,,2015,**),3 0.679,,"PDRB Per Kapita Atas Dasar Harga Berlaku di Provinsi Sulawesi Tengah Menurut Kabupaten/Kota, 2011-2015 (Ribu Rupiah)","Per Capita GRDP at Current Market Prices by Regency/Municipality, in Sulawesi Tengah Province, 2011-2015 (Thousand Rupiahs)",26,6,11decf977650
SULAWESI TENGAH,08,Kab. Parigi Moutong,,2015,**),2 9.080,,"PDRB Per Kapita Atas Dasar Harga Berlaku di Provinsi Sulawesi Tengah Menurut Kabupaten/Kota, 2011-2015 (Ribu Rupiah)","Per Capita GRDP at Current Market Prices by Regency/Municipality, in Sulawesi Tengah Province, 2011-2015 (Thousand Rupiahs)",26,6,8c196dd250cd
SULAWESI TENGAH,09,Kab. Tojo Una-Una,,2015,**),2 8.827,,"PDRB Per Kapita Atas Dasar Harga Berlaku di Provinsi Sulawesi Tengah Menurut Kabupaten/Kota, 2011-2015 (Ribu Rupiah)","Per Capita GRDP at Current Market Prices by Regency/Municipality, in Sulawesi Tengah Province, 2011-2015 (Thousand Rupiahs)",26,6,36d7094f800c
SULAWESI TENGAH,10,Kab. Sigi,,2015,**),2 9.140,,"PDRB Per Kapita Atas Dasar Harga Berlaku di Provinsi Sulawesi Tengah Menurut Kabupaten/Kota, 2011-2015 (Ribu Rupiah)","Per Capita GRDP at Current Market Prices by Regency/Municipality, in Sulawesi Tengah Province, 2011-2015 (Thousand Rupiahs)",26,6,f4f6eef1935e
SULAWESI TENGAH,71,Kota Palu,,2015,**),4 6.889,,"PDRB Per Kapita Atas Dasar Harga Berlaku di Provinsi Sulawesi Tengah Menurut Kabupaten/Kota, 2011-2015 (Ribu Rupiah)","Per Capita GRDP at Current Market Prices by Regency/Municipality, in Sulawesi Tengah Province, 2011-2015 (Thousand Rupiahs)",26,6,984f3e71ad60
SULAWESI TENGAH,,Jml Kab./Kota Total of Reg./Mun.,,2015,**),3 7.813,,"PDRB Per Kapita Atas Dasar Harga Berlaku di Provinsi Sulawesi Tengah Menurut Kabupaten/Kota, 2011-2015 (Ribu Rupiah)","Per Capita GRDP at Current Market Prices by Regency/Municipality, in Sulawesi Tengah Province, 2011-2015 (Thousand Rupiahs)",26,6,944c49b5a1f8
SULAWESI TENGAH,,Provinsi/Province,,2015,**),3 7.403,,"PDRB Per Kapita Atas Dasar Harga Berlaku di Provinsi Sulawesi Tengah Menurut Kabupaten/Kota, 2011-2015 (Ribu Rupiah)","Per Capita GRDP at Current Market Prices by Regency/Municipality, in Sulawesi Tengah Province, 2011-2015 (Thousand Rupiahs)",26,6,9d2e7ef62976
SULAWESI SELATAN,01,Kab. Kepulauan Selayar,,2015,**),3 1.869,,"PDRB Per Kapita Atas Dasar Harga Berlaku di Provinsi Sulawesi Selatan Menurut Kabupaten/Kota, 2011-2015 (Ribu Rupiah)","Per Capita GRDP at Current Market Prices by Regency/Municipality, in Sulawesi Selatan Province, 2011-2015 (Thousand Rupiahs)",27,7,28be3ff73d80
SULAWESI SELATAN,02,Kab. Bulukumba,,2015,**),2 3.349,,"PDRB Per Kapita Atas Dasar Harga Berlaku di Provinsi Sulawesi Selatan Menurut Kabupaten/Kota, 2011-2015 (Ribu Rupiah)","Per Capita GRDP at Current Market Prices by Regency/Municipality, in Sulawesi Selatan Province, 2011-2015 (Thousand Rupiahs)",27,7,2e7dfea0d52b
SULAWESI SELATAN,03,Kab. Bantaeng,,2015,**),3 0.564,,"PDRB Per Kapita Atas Dasar Harga Berlaku di Provinsi Sulawesi Selatan Menurut Kabupaten/Kota, 2011-2015 (Ribu Rupiah)","Per Capita GRDP at Current Market Prices by Regency/Municipality, in Sulawesi Selatan Province, 2011-2015 (Thousand Rupiahs)",27,7,8c1d4945ffd1
SULAWESI SELATAN,04,Kab. Jeneponto,,2015,**),1 9.685,,"PDRB Per Kapita Atas Dasar Harga Berlaku di Provinsi Sulawesi Selatan Menurut Kabupaten/Kota, 2011-2015 (Ribu Rupiah)","Per Capita GRDP at Current Market Prices by Regency/Municipality, in Sulawesi Selatan Province, 2011-2015 (Thousand Rupiahs)",27,7,4536e7be8102
SULAWESI SELATAN,05,Kab. Takalar,,2015,**),2 3.736,,"PDRB Per Kapita Atas Dasar Harga Berlaku di Provinsi Sulawesi Selatan Menurut Kabupaten/Kota, 2011-2015 (Ribu Rupiah)","Per Capita GRDP at Current Market Prices by Regency/Municipality, in Sulawesi Selatan Province, 2011-2015 (Thousand Rupiahs)",27,7,8bddc2a227a6
SULAWESI SELATAN,06,Kab. Gowa,,2015,**),1 9.004,,"PDRB Per Kapita Atas Dasar Harga Berlaku di Provinsi Sulawesi Selatan Menurut Kabupaten/Kota, 2011-2015 (Ribu Rupiah)","Per Capita GRDP at Current Market Prices by Regency/Municipality, in Sulawesi Selatan Province, 2011-2015 (Thousand Rupiahs)",27,7,4575ef08b56f
SULAWESI SELATAN,07,Kab. Sinjai,,2015,**),3 1.546,,"PDRB Per Kapita Atas Dasar Harga Berlaku di Provinsi Sulawesi Selatan Menurut Kabupaten/Kota, 2011-2015 (Ribu Rupiah)","Per Capita GRDP at Current Market Prices by Regency/Municipality, in Sulawesi Selatan Province, 2011-2015 (Thousand Rupiahs)",27,7,b1d836dec9d2
SULAWESI SELATAN,08,Kab. Maros,,2015,**),4 6.471,,"PDRB Per Kapita Atas Dasar Harga Berlaku di Provinsi Sulawesi Selatan Menurut Kabupaten/Kota, 2011-2015 (Ribu Rupiah)","Per Capita GRDP at Current Market Prices by Regency/Municipality, in Sulawesi Selatan Province, 2011-2015 (Thousand Rupiahs)",27,7,63727905179f
SULAWESI SELATAN,09,Kab. Pangkajene dan Kepulauan,,2015,**),5 7.113,,"PDRB Per Kapita Atas Dasar Harga Berlaku di Provinsi Sulawesi Selatan Menurut Kabupaten/Kota, 2011-2015 (Ribu Rupiah)","Per Capita GRDP at Current Market Prices by Regency/Municipality, in Sulawesi Selatan Province, 2011-2015 (Thousand Rupiahs)",27,7,3493b5d232b6
SULAWESI SELATAN,10,Kab. Barru,,2015,**),2 8.726,,"PDRB Per Kapita Atas Dasar Harga Berlaku di Provinsi Sulawesi Selatan Menurut Kabupaten/Kota, 2011-2015 (Ribu Rupiah)","Per Capita GRDP at Current Market Prices by Regency/Municipality, in Sulawesi Selatan Province, 2011-2015 (Thousand Rupiahs)",27,7,7ca3723c2904
SULAWESI SELATAN,11,Kab. Bone,,2015,**),3 1.160,,"PDRB Per Kapita Atas Dasar Harga Berlaku di Provinsi Sulawesi Selatan Menurut Kabupaten/Kota, 2011-2015 (Ribu Rupiah)","Per Capita GRDP at Current Market Prices by Regency/Municipality, in Sulawesi Selatan Province, 2011-2015 (Thousand Rupiahs)",27,7,21029d221ab0
SULAWESI SELATAN,12,Kab. Soppeng,,2015,**),3 0.199,,"PDRB Per Kapita Atas Dasar Harga Berlaku di Provinsi Sulawesi Selatan Menurut Kabupaten/Kota, 2011-2015 (Ribu Rupiah)","Per Capita GRDP at Current Market Prices by Regency/Municipality, in Sulawesi Selatan Province, 2011-2015 (Thousand Rupiahs)",27,7,393aa517e4d9
SULAWESI SELATAN,13,Kab. Wajo,,2015,**),3 8.390,,"PDRB Per Kapita Atas Dasar Harga Berlaku di Provinsi Sulawesi Selatan Menurut Kabupaten/Kota, 2011-2015 (Ribu Rupiah)","Per Capita GRDP at Current Market Prices by Regency/Municipality, in Sulawesi Selatan Province, 2011-2015 (Thousand Rupiahs)",27,7,a321b2501324
SULAWESI SELATAN,14,Kab. Sidenreng Rappang,,2015,**),3 2.038,,"PDRB Per Kapita Atas Dasar Harga Berlaku di Provinsi Sulawesi Selatan Menurut Kabupaten/Kota, 2011-2015 (Ribu Rupiah)","Per Capita GRDP at Current Market Prices by Regency/Municipality, in Sulawesi Selatan Province, 2011-2015 (Thousand Rupiahs)",27,7,801eb062b53e
SULAWESI SELATAN,15,Kab. Pinrang,,2015,**),3 5.831,,"PDRB Per Kapita Atas Dasar Harga Berlaku di Provinsi Sulawesi Selatan Menurut Kabupaten/Kota, 2011-2015 (Ribu Rupiah)","Per Capita GRDP at Current Market Prices by Regency/Municipality, in Sulawesi Selatan Province, 2011-2015 (Thousand Rupiahs)",27,7,41763558871b
SULAWESI SELATAN,16,Kab. Enrekang,,2015,**),2 6.198,,"PDRB Per Kapita Atas Dasar Harga Berlaku di Provinsi Sulawesi Selatan Menurut Kabupaten/Kota, 2011-2015 (Ribu Rupiah)","Per Capita GRDP at Current Market Prices by Regency/Municipality, in Sulawesi Selatan Province, 2011-2015 (Thousand Rupiahs)",27,7,4665217ee51a
SULAWESI SELATAN,17,Kab. Luwu,,2015,**),2 9.592,,"PDRB Per Kapita Atas Dasar Harga Berlaku di Provinsi Sulawesi Selatan Menurut Kabupaten/Kota, 2011-2015 (Ribu Rupiah)","Per Capita GRDP at Current Market Prices by Regency/Municipality, in Sulawesi Selatan Province, 2011-2015 (Thousand Rupiahs)",27,7,a70a675bd4d2
SULAWESI SELATAN,18,Kab. Tana Toraja,,2015,**),2 1.405,,"PDRB Per Kapita Atas Dasar Harga Berlaku di Provinsi Sulawesi Selatan Menurut Kabupaten/Kota, 2011-2015 (Ribu Rupiah)","Per Capita GRDP at Current Market Prices by Regency/Municipality, in Sulawesi Selatan Province, 2011-2015 (Thousand Rupiahs)",27,7,ee2dbb841505
SULAWESI SELATAN,22,Kab. Luwu Utara,,2015,**),2 8.682,,"PDRB Per Kapita Atas Dasar Harga Berlaku di Provinsi Sulawesi Selatan Menurut Kabupaten/Kota, 2011-2015 (Ribu Rupiah)","Per Capita GRDP at Current Market Prices by Regency/Municipality, in Sulawesi Selatan Province, 2011-2015 (Thousand Rupiahs)",27,7,7f6f41d3f14a
SULAWESI SELATAN,25,Kab. Luwu Timur,,2015,**),7 6.282,,"PDRB Per Kapita Atas Dasar Harga Berlaku di Provinsi Sulawesi Selatan Menurut Kabupaten/Kota, 2011-2015 (Ribu Rupiah)","Per Capita GRDP at Current Market Prices by Regency/Municipality, in Sulawesi Selatan Province, 2011-2015 (Thousand Rupiahs)",27,7,2499445145c5
SULAWESI SELATAN,26,Kab. Toraja Utara,,2015,**),2 5.900,,"PDRB Per Kapita Atas Dasar Harga Berlaku di Provinsi Sulawesi Selatan Menurut Kabupaten/Kota, 2011-2015 (Ribu Rupiah)","Per Capita GRDP at Current Market Prices by Regency/Municipality, in Sulawesi Selatan Province, 2011-2015 (Thousand Rupiahs)",27,7,567297c88e12
SULAWESI SELATAN,71,Kota Makassar,,2015,**),7 8.772,,"PDRB Per Kapita Atas Dasar Harga Berlaku di Provinsi Sulawesi Selatan Menurut Kabupaten/Kota, 2011-2015 (Ribu Rupiah)","Per Capita GRDP at Current Market Prices by Regency/Municipality, in Sulawesi Selatan Province, 2011-2015 (Thousand Rupiahs)",27,7,ad2ca6af704a
SULAWESI SELATAN,72,Kota Parepare,,2015,**),3 6.478,,"PDRB Per Kapita Atas Dasar Harga Berlaku di Provinsi Sulawesi Selatan Menurut Kabupaten/Kota, 2011-2015 (Ribu Rupiah)","Per Capita GRDP at Current Market Prices by Regency/Municipality, in Sulawesi Selatan Province, 2011-2015 (Thousand Rupiahs)",27,7,8f7a8e61009e
SULAWESI SELATAN,73,Kota Palopo,,2015,**),3 1.491,,"PDRB Per Kapita Atas Dasar Harga Berlaku di Provinsi Sulawesi Selatan Menurut Kabupaten/Kota, 2011-2015 (Ribu Rupiah)","Per Capita GRDP at Current Market Prices by Regency/Municipality, in Sulawesi Selatan Province, 2011-2015 (Thousand Rupiahs)",27,7,f2de42b19b14
SULAWESI SELATAN,,Jml Kab./Kota Total of Reg./Mun.,,2015,**),4 0.100,,"PDRB Per Kapita Atas Dasar Harga Berlaku di Provinsi Sulawesi Selatan Menurut Kabupaten/Kota, 2011-2015 (Ribu Rupiah)","Per Capita GRDP at Current Market Prices by Regency/Municipality, in Sulawesi Selatan Province, 2011-2015 (Thousand Rupiahs)",27,7,8d6b2716addf
SULAWESI SELATAN,,Provinsi/Province,,2015,**),4 0.110,,"PDRB Per Kapita Atas Dasar Harga Berlaku di Provinsi Sulawesi Selatan Menurut Kabupaten/Kota, 2011-2015 (Ribu Rupiah)","Per Capita GRDP at Current Market Prices by Regency/Municipality, in Sulawesi Selatan Province, 2011-2015 (Thousand Rupiahs)",27,7,0a93252153e8
SULAWESI TENGGARA,01,Kab. Buton,,2015,**),2 8.576,,"PDRB Per Kapita Atas Dasar Harga Berlaku di Provinsi Sulawesi Tenggara Menurut Kabupaten/Kota, 2011-2015 (Ribu Rupiah)","Per Capita GRDP at Current Market Prices by Regency/Municipality, in Sulawesi Tenggara Province, 2011-2015 (Thousand Rupiahs)",28,8,9fc08d1f426a
SULAWESI TENGGARA,14,Kab. Buton Tengah,#),2015,**),1 7.844,,"PDRB Per Kapita Atas Dasar Harga Berlaku di Provinsi Sulawesi Tenggara Menurut Kabupaten/Kota, 2011-2015 (Ribu Rupiah)","Per Capita GRDP at Current Market Prices by Regency/Municipality, in Sulawesi Tenggara Province, 2011-2015 (Thousand Rupiahs)",28,8,ed06877873fd
SULAWESI TENGGARA,15,Kab. Buton Selatan,#),2015,**),2 5.732,,"PDRB Per Kapita Atas Dasar Harga Berlaku di Provinsi Sulawesi Tenggara Menurut Kabupaten/Kota, 2011-2015 (Ribu Rupiah)","Per Capita GRDP at Current Market Prices by Regency/Municipality, in Sulawesi Tenggara Province, 2011-2015 (Thousand Rupiahs)",28,8,baa611deabdf
SULAWESI TENGGARA,02,Kab. Muna,,2015,**),2 3.465,,"PDRB Per Kapita Atas Dasar Harga Berlaku di Provinsi Sulawesi Tenggara Menurut Kabupaten/Kota, 2011-2015 (Ribu Rupiah)","Per Capita GRDP at Current Market Prices by Regency/Municipality, in Sulawesi Tenggara Province, 2011-2015 (Thousand Rupiahs)",28,8,12d13f2a5115
SULAWESI TENGGARA,13,Kab. Muna Barat,#),2015,**),2 2.610,,"PDRB Per Kapita Atas Dasar Harga Berlaku di Provinsi Sulawesi Tenggara Menurut Kabupaten/Kota, 2011-2015 (Ribu Rupiah)","Per Capita GRDP at Current Market Prices by Regency/Municipality, in Sulawesi Tenggara Province, 2011-2015 (Thousand Rupiahs)",28,8,11d8373e985b
SULAWESI TENGGARA,03,Kab. Konawe,,2015,**),2 6.131,,"PDRB Per Kapita Atas Dasar Harga Berlaku di Provinsi Sulawesi Tenggara Menurut Kabupaten/Kota, 2011-2015 (Ribu Rupiah)","Per Capita GRDP at Current Market Prices by Regency/Municipality, in Sulawesi Tenggara Province, 2011-2015 (Thousand Rupiahs)",28,8,dd26b6657584
SULAWESI TENGGARA,12,Kab. Konawe Kepulauan,#),2015,**),2 9.705,,"PDRB Per Kapita Atas Dasar Harga Berlaku di Provinsi Sulawesi Tenggara Menurut Kabupaten/Kota, 2011-2015 (Ribu Rupiah)","Per Capita GRDP at Current Market Prices by Regency/Municipality, in Sulawesi Tenggara Province, 2011-2015 (Thousand Rupiahs)",28,8,e4c72df3be48
SULAWESI TENGGARA,04,Kab. Kolaka,,2015,**),9 2.011,,"PDRB Per Kapita Atas Dasar Harga Berlaku di Provinsi Sulawesi Tenggara Menurut Kabupaten/Kota, 2011-2015 (Ribu Rupiah)","Per Capita GRDP at Current Market Prices by Regency/Municipality, in Sulawesi Tenggara Province, 2011-2015 (Thousand Rupiahs)",28,8,22e236b493c0
SULAWESI TENGGARA,11,Kab. Kolaka Timur,#),2015,**),1 7.653,,"PDRB Per Kapita Atas Dasar Harga Berlaku di Provinsi Sulawesi Tenggara Menurut Kabupaten/Kota, 2011-2015 (Ribu Rupiah)","Per Capita GRDP at Current Market Prices by Regency/Municipality, in Sulawesi Tenggara Province, 2011-2015 (Thousand Rupiahs)",28,8,b38ffc7d3d15
SULAWESI TENGGARA,05,Kab. Konawe Selatan,,2015,**),2 8.340,,"PDRB Per Kapita Atas Dasar Harga Berlaku di Provinsi Sulawesi Tenggara Menurut Kabupaten/Kota, 2011-2015 (Ribu Rupiah)","Per Capita GRDP at Current Market Prices by Regency/Municipality, in Sulawesi Tenggara Province, 2011-2015 (Thousand Rupiahs)",28,8,850913f9e611
SULAWESI TENGGARA,06,Kab. Bombana,,2015,**),2 7.486,,"PDRB Per Kapita Atas Dasar Harga Berlaku di Provinsi Sulawesi Tenggara Menurut Kabupaten/Kota, 2011-2015 (Ribu Rupiah)","Per Capita GRDP at Current Market Prices by Regency/Municipality, in Sulawesi Tenggara Province, 2011-2015 (Thousand Rupiahs)",28,8,24aa08ec6508
SULAWESI TENGGARA,07,Kab. Wakatobi,,2015,**),3 0.709,,"PDRB Per Kapita Atas Dasar Harga Berlaku di Provinsi Sulawesi Tenggara Menurut Kabupaten/Kota, 2011-2015 (Ribu Rupiah)","Per Capita GRDP at Current Market Prices by Regency/Municipality, in Sulawesi Tenggara Province, 2011-2015 (Thousand Rupiahs)",28,8,2a51a3b9c9ba
SULAWESI TENGGARA,08,Kab. Kolaka Utara,,2015,**),4 1.872,,"PDRB Per Kapita Atas Dasar Harga Berlaku di Provinsi Sulawesi Tenggara Menurut Kabupaten/Kota, 2011-2015 (Ribu Rupiah)","Per Capita GRDP at Current Market Prices by Regency/Municipality, in Sulawesi Tenggara Province, 2011-2015 (Thousand Rupiahs)",28,8,60676893d6f5
SULAWESI TENGGARA,09,Kab. Buton Utara,,2015,**),3 6.181,,"PDRB Per Kapita Atas Dasar Harga Berlaku di Provinsi Sulawesi Tenggara Menurut Kabupaten/Kota, 2011-2015 (Ribu Rupiah)","Per Capita GRDP at Current Market Prices by Regency/Municipality, in Sulawesi Tenggara Province, 2011-2015 (Thousand Rupiahs)",28,8,2a328835d14b
SULAWESI TENGGARA,10,Kab. Konawe Utara,,2015,**),4 6.284,,"PDRB Per Kapita Atas Dasar Harga Berlaku di Provinsi Sulawesi Tenggara Menurut Kabupaten/Kota, 2011-2015 (Ribu Rupiah)","Per Capita GRDP at Current Market Prices by Regency/Municipality, in Sulawesi Tenggara Province, 2011-2015 (Thousand Rupiahs)",28,8,6b62f2d642d2
SULAWESI TENGGARA,71,Kota Kendari,,2015,**),4 3.533,,"PDRB Per Kapita Atas Dasar Harga Berlaku di Provinsi Sulawesi Tenggara Menurut Kabupaten/Kota, 2011-2015 (Ribu Rupiah)","Per Capita GRDP at Current Market Prices by Regency/Municipality, in Sulawesi Tenggara Province, 2011-2015 (Thousand Rupiahs)",28,8,1ad5b1e04dc9
SULAWESI TENGGARA,72,Kota Baubau,,2015,**),3 8.715,,"PDRB Per Kapita Atas Dasar Harga Berlaku di Provinsi Sulawesi Tenggara Menurut Kabupaten/Kota, 2011-2015 (Ribu Rupiah)","Per Capita GRDP at Current Market Prices by Regency/Municipality, in Sulawesi Tenggara Province, 2011-2015 (Thousand Rupiahs)",28,8,93fd0e99293a
SULAWESI TENGGARA,,Jml Kab./Kota Total of Reg./Mun.,,2015,**),3 5.265,,"PDRB Per Kapita Atas Dasar Harga Berlaku di Provinsi Sulawesi Tenggara Menurut Kabupaten/Kota, 2011-2015 (Ribu Rupiah)","Per Capita GRDP at Current Market Prices by Regency/Municipality, in Sulawesi Tenggara Province, 2011-2015 (Thousand Rupiahs)",28,8,3276b8710056
SULAWESI TENGGARA,,Provinsi/Province,,2015,**),3 5.103,,"PDRB Per Kapita Atas Dasar Harga Berlaku di Provinsi Sulawesi Tenggara Menurut Kabupaten/Kota, 2011-2015 (Ribu Rupiah)","Per Capita GRDP at Current Market Prices by Regency/Municipality, in Sulawesi Tenggara Province, 2011-2015 (Thousand Rupiahs)",28,8,5e032908951d
GORONTALO,01,Kab. Boalemo,,2015,**),2 4.700,,"PDRB Per Kapita Atas Dasar Harga Berlaku di Provinsi Gorontalo Menurut Kabupaten/Kota, 2011-2015 (Ribu Rupiah)","Per Capita GRDP at Current Market Prices by Regency/Municipality, in Gorontalo Province, 2011-2015 (Thousand Rupiahs)",29,9,d11f95789636
GORONTALO,02,Kab. Gorontalo,,2015,**),2 4.246,,"PDRB Per Kapita Atas Dasar Harga Berlaku di Provinsi Gorontalo Menurut Kabupaten/Kota, 2011-2015 (Ribu Rupiah)","Per Capita GRDP at Current Market Prices by Regency/Municipality, in Gorontalo Province, 2011-2015 (Thousand Rupiahs)",29,9,f966b7af9e62
GORONTALO,03,Kab. Pohuwato,,2015,**),3 1.080,,"PDRB Per Kapita Atas Dasar Harga Berlaku di Provinsi Gorontalo Menurut Kabupaten/Kota, 2011-2015 (Ribu Rupiah)","Per Capita GRDP at Current Market Prices by Regency/Municipality, in Gorontalo Province, 2011-2015 (Thousand Rupiahs)",29,9,727854880666
GORONTALO,04,Kab. Bone Bolango,,2015,**),2 0.486,,"PDRB Per Kapita Atas Dasar Harga Berlaku di Provinsi Gorontalo Menurut Kabupaten/Kota, 2011-2015 (Ribu Rupiah)","Per Capita GRDP at Current Market Prices by Regency/Municipality, in Gorontalo Province, 2011-2015 (Thousand Rupiahs)",29,9,d97001770f94
GORONTALO,05,Kab. Gorontalo Utara,,2015,**),2 0.448,,"PDRB Per Kapita Atas Dasar Harga Berlaku di Provinsi Gorontalo Menurut Kabupaten/Kota, 2011-2015 (Ribu Rupiah)","Per Capita GRDP at Current Market Prices by Regency/Municipality, in Gorontalo Province, 2011-2015 (Thousand Rupiahs)",29,9,05b49af3ecd9
GORONTALO,71,Kota Gorontalo,,2015,**),2 8.606,,"PDRB Per Kapita Atas Dasar Harga Berlaku di Provinsi Gorontalo Menurut Kabupaten/Kota, 2011-2015 (Ribu Rupiah)","Per Capita GRDP at Current Market Prices by Regency/Municipality, in Gorontalo Province, 2011-2015 (Thousand Rupiahs)",29,9,5cf0d3a0699b
GORONTALO,,Jml Kab./Kota Total of Reg./Mun.,,2015,**),2 5.091,,"PDRB Per Kapita Atas Dasar Harga Berlaku di Provinsi Gorontalo Menurut Kabupaten/Kota, 2011-2015 (Ribu Rupiah)","Per Capita GRDP at Current Market Prices by Regency/Municipality, in Gorontalo Province, 2011-2015 (Thousand Rupiahs)",29,9,e947677587ec
GORONTALO,,Provinsi/Province,,2015,**),2 5.183,,"PDRB Per Kapita Atas Dasar Harga Berlaku di Provinsi Gorontalo Menurut Kabupaten/Kota, 2011-2015 (Ribu Rupiah)","Per Capita GRDP at Current Market Prices by Regency/Municipality, in Gorontalo Province, 2011-2015 (Thousand Rupiahs)",29,9,dea449314b34
SULAWESI BARAT,01,Kab. Majene,,2015,**),2 1.224,,"PDRB Per Kapita Atas Dasar Harga Berlaku di Provinsi Sulawesi Barat Menurut Kabupaten/Kota, 2011-2015 (Ribu Rupiah)","Per Capita GRDP at Current Market Prices by Regency/Municipality, in Sulawesi Barat Province, 2011-2015 (Thousand Rupiahs)",30,10,c267e53947db
SULAWESI BARAT,02,Kab. Polewali Mandar,,2015,**),2 1.755,,"PDRB Per Kapita Atas Dasar Harga Berlaku di Provinsi Sulawesi Barat Menurut Kabupaten/Kota, 2011-2015 (Ribu Rupiah)","Per Capita GRDP at Current Market Prices by Regency/Municipality, in Sulawesi Barat Province, 2011-2015 (Thousand Rupiahs)",30,10,62f6c47b933e
SULAWESI BARAT,03,Kab. Mamasa,,2015,**),1 3.928,,"PDRB Per Kapita Atas Dasar Harga Berlaku di Provinsi Sulawesi Barat Menurut Kabupaten/Kota, 2011-2015 (Ribu Rupiah)","Per Capita GRDP at Current Market Prices by Regency/Municipality, in Sulawesi Barat Province, 2011-2015 (Thousand Rupiahs)",30,10,d4259d84d301
SULAWESI BARAT,04,Kab. Mamuju,,2015,**),3 0.935,,"PDRB Per Kapita Atas Dasar Harga Berlaku di Provinsi Sulawesi Barat Menurut Kabupaten/Kota, 2011-2015 (Ribu Rupiah)","Per Capita GRDP at Current Market Prices by Regency/Municipality, in Sulawesi Barat Province, 2011-2015 (Thousand Rupiahs)",30,10,b77018a06c87
SULAWESI BARAT,06,Kab. Mamuju Tengah,#),2015,**),10,,"PDRB Per Kapita Atas Dasar Harga Berlaku di Provinsi Sulawesi Barat Menurut Kabupaten/Kota, 2011-2015 (Ribu Rupiah)","Per Capita GRDP at Current Market Prices by Regency/Municipality, in Sulawesi Barat Province, 2011-2015 (Thousand Rupiahs)",30,10,9eb5c1d5692e
SULAWESI BARAT,05,Kab. Mamuju Utara,,2015,**),4 8.614,,"PDRB Per Kapita Atas Dasar Harga Berlaku di Provinsi Sulawesi Barat Menurut Kabupaten/Kota, 2011-2015 (Ribu Rupiah)","Per Capita GRDP at Current Market Prices by Regency/Municipality, in Sulawesi Barat Province, 2011-2015 (Thousand Rupiahs)",30,10,a77557994e5a
SULAWESI BARAT,,Jml Kab./Kota Total of Reg./Mun.,,2015,**),2 5.659,,"PDRB Per Kapita Atas Dasar Harga Berlaku di Provinsi Sulawesi Barat Menurut Kabupaten/Kota, 2011-2015 (Ribu Rupiah)","Per Capita GRDP at Current Market Prices by Regency/Municipality, in Sulawesi Barat Province, 2011-2015 (Thousand Rupiahs)",30,10,1511a61aff0d
SULAWESI BARAT,,Provinsi/Province,,2015,**),2 5.750,,"PDRB Per Kapita Atas Dasar Harga Berlaku di Provinsi Sulawesi Barat Menurut Kabupaten/Kota, 2011-2015 (Ribu Rupiah)","Per Capita GRDP at Current Market Prices by Regency/Municipality, in Sulawesi Barat Province, 2011-2015 (Thousand Rupiahs)",30,10,ae71749179b9
MALUKU,01,Kab. Maluku Tenggara Barat,,2011,,1 0.768,,"PDRB Per Kapita Atas Dasar Harga Berlaku di Provinsi Maluku Menurut Kabupaten/Kota, 2011-2015 (Ribu Rupiah)","Per Capita GRDP at Current Market Prices by Regency/Municipality, in Maluku Province, 2011-2015 (Thousand Rupiahs)",31,1,3cdd0101b1cc
MALUKU,02,Kab. Maluku Tenggara,,2011,,1 3.922,,"PDRB Per Kapita Atas Dasar Harga Berlaku di Provinsi Maluku Menurut Kabupaten/Kota, 2011-2015 (Ribu Rupiah)","Per Capita GRDP at Current Market Prices by Regency/Municipality, in Maluku Province, 2011-2015 (Thousand Rupiahs)",31,1,76b3956ae859
MALUKU,03,Kab. Maluku Tengah,,2011,,1 1.008,,"PDRB Per Kapita Atas Dasar Harga Berlaku di Provinsi Maluku Menurut Kabupaten/Kota, 2011-2015 (Ribu Rupiah)","Per Capita GRDP at Current Market Prices by Regency/Municipality, in Maluku Province, 2011-2015 (Thousand Rupiahs)",31,1,381af1a5d17c
MALUKU,04,Kab. Buru,,2011,,9 .623,,"PDRB Per Kapita Atas Dasar Harga Berlaku di Provinsi Maluku Menurut Kabupaten/Kota, 2011-2015 (Ribu Rupiah)","Per Capita GRDP at Current Market Prices by Regency/Municipality, in Maluku Province, 2011-2015 (Thousand Rupiahs)",31,1,f8a602c96a71
MALUKU,05,Kab. Kepulauan Aru,,2011,,1 7.935,,"PDRB Per Kapita Atas Dasar Harga Berlaku di Provinsi Maluku Menurut Kabupaten/Kota, 2011-2015 (Ribu Rupiah)","Per Capita GRDP at Current Market Prices by Regency/Municipality, in Maluku Province, 2011-2015 (Thousand Rupiahs)",31,1,d69488529058
MALUKU,06,Kab. Seram Bagian Barat,,2011,,8 .263,,"PDRB Per Kapita Atas Dasar Harga Berlaku di Provinsi Maluku Menurut Kabupaten/Kota, 2011-2015 (Ribu Rupiah)","Per Capita GRDP at Current Market Prices by Regency/Municipality, in Maluku Province, 2011-2015 (Thousand Rupiahs)",31,1,493d8e4c341f
MALUKU,07,Kab. Seram Bagian Timur,,2011,,1 6.989,,"PDRB Per Kapita Atas Dasar Harga Berlaku di Provinsi Maluku Menurut Kabupaten/Kota, 2011-2015 (Ribu Rupiah)","Per Capita GRDP at Current Market Prices by Regency/Municipality, in Maluku Province, 2011-2015 (Thousand Rupiahs)",31,1,88982162dfc5
MALUKU,08,Kab. Maluku Barat Daya,,2011,,9 .854,,"PDRB Per Kapita Atas Dasar Harga Berlaku di Provinsi Maluku Menurut Kabupaten/Kota, 2011-2015 (Ribu Rupiah)","Per Capita GRDP at Current Market Prices by Regency/Municipality, in Maluku Province, 2011-2015 (Thousand Rupiahs)",31,1,fb1c97cd7700
MALUKU,09,Kab. Buru Selatan,,2011,,1 1.026,,"PDRB Per Kapita Atas Dasar Harga Berlaku di Provinsi Maluku Menurut Kabupaten/Kota, 2011-2015 (Ribu Rupiah)","Per Capita GRDP at Current Market Prices by Regency/Municipality, in Maluku Province, 2011-2015 (Thousand Rupiahs)",31,1,77edd46a8a00
MALUKU,71,Kota Ambon,,2011,,1 9.494,,"PDRB Per Kapita Atas Dasar Harga Berlaku di Provinsi Maluku Menurut Kabupaten/Kota, 2011-2015 (Ribu Rupiah)","Per Capita GRDP at Current Market Prices by Regency/Municipality, in Maluku Province, 2011-2015 (Thousand Rupiahs)",31,1,e110e251a99c
MALUKU,72,Kota Tual,,2011,,1 6.851,,"PDRB Per Kapita Atas Dasar Harga Berlaku di Provinsi Maluku Menurut Kabupaten/Kota, 2011-2015 (Ribu Rupiah)","Per Capita GRDP at Current Market Prices by Regency/Municipality, in Maluku Province, 2011-2015 (Thousand Rupiahs)",31,1,ba569b410f99
MALUKU,,Jml Kab./Kota Total of Reg./Mun.,,2011,,1 3.604,,"PDRB Per Kapita Atas Dasar Harga Berlaku di Provinsi Maluku Menurut Kabupaten/Kota, 2011-2015 (Ribu Rupiah)","Per Capita GRDP at Current Market Prices by Regency/Municipality, in Maluku Province, 2011-2015 (Thousand Rupiahs)",31,1,f3324c9a3dcb
MALUKU,,Provinsi/Province,,2011,,1 3.604,,"PDRB Per Kapita Atas Dasar Harga Berlaku di Provinsi Maluku Menurut Kabupaten/Kota, 2011-2015 (Ribu Rupiah)","Per Capita GRDP at Current Market Prices by Regency/Municipality, in Maluku Province, 2011-2015 (Thousand Rupiahs)",31,1,617a10de0d20
MALUKU UTARA,01,Kab. Halmahera Barat,,2011,,1 0.302,,"PDRB Per Kapita Atas Dasar Harga Berlaku di Provinsi Maluku Utara Menurut Kabupaten/Kota, 2011-2015 (Ribu Rupiah)","Per Capita GRDP at Current Market Prices by Regency/Municipality, in Maluku Utara Province, 2011-2015 (Thousand Rupiahs)",32,2,7888a0946cce
MALUKU UTARA,02,Kab. Halmahera Tengah,,2011,,2 4.320,,"PDRB Per Kapita Atas Dasar Harga Berlaku di Provinsi Maluku Utara Menurut Kabupaten/Kota, 2011-2015 (Ribu Rupiah)","Per Capita GRDP at Current Market Prices by Regency/Municipality, in Maluku Utara Province, 2011-2015 (Thousand Rupiahs)",32,2,28b08381f655
MALUKU UTARA,03,Kab. Kepulauan Sula,,2011,,1 2.761,,"PDRB Per Kapita Atas Dasar Harga Berlaku di Provinsi Maluku Utara Menurut Kabupaten/Kota, 2011-2015 (Ribu Rupiah)","Per Capita GRDP at Current Market Prices by Regency/Municipality, in Maluku Utara Province, 2011-2015 (Thousand Rupiahs)",32,2,c071eae3ceda
MALUKU UTARA,08,Kab. Pulau Taliabu,#),2011,,-,,"PDRB Per Kapita Atas Dasar Harga Berlaku di Provinsi Maluku Utara Menurut Kabupaten/Kota, 2011-2015 (Ribu Rupiah)","Per Capita GRDP at Current Market Prices by Regency/Municipality, in Maluku Utara Province, 2011-2015 (Thousand Rupiahs)",32,2,5e9661993146
MALUKU UTARA,04,Kab. Halmahera Selatan,,2011,,1 2.418,,"PDRB Per Kapita Atas Dasar Harga Berlaku di Provinsi Maluku Utara Menurut Kabupaten/Kota, 2011-2015 (Ribu Rupiah)","Per Capita GRDP at Current Market Prices by Regency/Municipality, in Maluku Utara Province, 2011-2015 (Thousand Rupiahs)",32,2,fc6df5a00ebb
MALUKU UTARA,05,Kab. Halmahera Utara,,2011,,1 6.302,,"PDRB Per Kapita Atas Dasar Harga Berlaku di Provinsi Maluku Utara Menurut Kabupaten/Kota, 2011-2015 (Ribu Rupiah)","Per Capita GRDP at Current Market Prices by Regency/Municipality, in Maluku Utara Province, 2011-2015 (Thousand Rupiahs)",32,2,1a641b7923cf
MALUKU UTARA,06,Kab. Halmahera Timur,,2011,,2 3.750,,"PDRB Per Kapita Atas Dasar Harga Berlaku di Provinsi Maluku Utara Menurut Kabupaten/Kota, 2011-2015 (Ribu Rupiah)","Per Capita GRDP at Current Market Prices by Regency/Municipality, in Maluku Utara Province, 2011-2015 (Thousand Rupiahs)",32,2,ee48174eaa6b
MALUKU UTARA,07,Kab. Pulau Morotai,,2011,,1 2.491,,"PDRB Per Kapita Atas Dasar Harga Berlaku di Provinsi Maluku Utara Menurut Kabupaten/Kota, 2011-2015 (Ribu Rupiah)","Per Capita GRDP at Current Market Prices by Regency/Municipality, in Maluku Utara Province, 2011-2015 (Thousand Rupiahs)",32,2,72271002396e
MALUKU UTARA,71,Kota Ternate,,2011,,2 1.460,,"PDRB Per Kapita Atas Dasar Harga Berlaku di Provinsi Maluku Utara Menurut Kabupaten/Kota, 2011-2015 (Ribu Rupiah)","Per Capita GRDP at Current Market Prices by Regency/Municipality, in Maluku Utara Province, 2011-2015 (Thousand Rupiahs)",32,2,b2809b07f1b3
MALUKU UTARA,72,Kota Tidore Kepulauan,,2011,,1 4.388,,"PDRB Per Kapita Atas Dasar Harga Berlaku di Provinsi Maluku Utara Menurut Kabupaten/Kota, 2011-2015 (Ribu Rupiah)","Per Capita GRDP at Current Market Prices by Regency/Municipality, in Maluku Utara Province, 2011-2015 (Thousand Rupiahs)",32,2,53ced09745c3
MALUKU UTARA,,Jml Kab./Kota Total of Reg./Mun.,,2011,,1 5.965,,"PDRB Per Kapita Atas Dasar Harga Berlaku di Provinsi Maluku Utara Menurut Kabupaten/Kota, 2011-2015 (Ribu Rupiah)","Per Capita GRDP at Current Market Prices by Regency/Municipality, in Maluku Utara Province, 2011-2015 (Thousand Rupiahs)",32,2,6efbca0876cf
MALUKU UTARA,,Provinsi/Province,,2011,,1 6.003,,"PDRB Per Kapita Atas Dasar Harga Berlaku di Provinsi Maluku Utara Menurut Kabupaten/Kota, 2011-2015 (Ribu Rupiah)","Per Capita GRDP at Current Market Prices by Regency/Municipality, in Maluku Utara Province, 2011-2015 (Thousand Rupiahs)",32,2,8bbc5690c3cf
PAPUA BARAT,01,Kab. Fak-Fak,,2011,,3 2.251,,"PDRB Per Kapita Atas Dasar Harga Berlaku di Provinsi Papua Barat Menurut Kabupaten/Kota, 2011-2015 (Ribu Rupiah)","Per Capita GRDP at Current Market Prices by Regency/Municipality, in Papua Barat Province, 2011-2015 (Thousand Rupiahs)",33,3,989a14310d31
PAPUA BARAT,02,Kab. Kaimana,,2011,,2 5.726,,"PDRB Per Kapita Atas Dasar Harga Berlaku di Provinsi Papua Barat Menurut Kabupaten/Kota, 2011-2015 (Ribu Rupiah)","Per Capita GRDP at Current Market Prices by Regency/Municipality, in Papua Barat Province, 2011-2015 (Thousand Rupiahs)",33,3,214bc0f7b928
PAPUA BARAT,03,Kab. Teluk Wondama,,2011,,2 5.983,,"PDRB Per Kapita Atas Dasar Harga Berlaku di Provinsi Papua Barat Menurut Kabupaten/Kota, 2011-2015 (Ribu Rupiah)","Per Capita GRDP at Current Market Prices by Regency/Municipality, in Papua Barat Province, 2011-2015 (Thousand Rupiahs)",33,3,6cccf9c06fea
PAPUA BARAT,04,Kab. Teluk Bintuni,,2011,,3 64.568,,"PDRB Per Kapita Atas Dasar Harga Berlaku di Provinsi Papua Barat Menurut Kabupaten/Kota, 2011-2015 (Ribu Rupiah)","Per Capita GRDP at Current Market Prices by Regency/Municipality, in Papua Barat Province, 2011-2015 (Thousand Rupiahs)",33,3,278f5abf579a
PAPUA BARAT,05,Kab. Manokwari,,2011,,2 4.508,,"PDRB Per Kapita Atas Dasar Harga Berlaku di Provinsi Papua Barat Menurut Kabupaten/Kota, 2011-2015 (Ribu Rupiah)","Per Capita GRDP at Current Market Prices by Regency/Municipality, in Papua Barat Province, 2011-2015 (Thousand Rupiahs)",33,3,81aa9b3f8acf
PAPUA BARAT,11,Kab. Manokwari Selatan,#),2011,,-,,"PDRB Per Kapita Atas Dasar Harga Berlaku di Provinsi Papua Barat Menurut Kabupaten/Kota, 2011-2015 (Ribu Rupiah)","Per Capita GRDP at Current Market Prices by Regency/Municipality, in Papua Barat Province, 2011-2015 (Thousand Rupiahs)",33,3,6c791226c075
PAPUA BARAT,12,Kab. Pegunungan Arfak,#),2011,,-,,"PDRB Per Kapita Atas Dasar Harga Berlaku di Provinsi Papua Barat Menurut Kabupaten/Kota, 2011-2015 (Ribu Rupiah)","Per Capita GRDP at Current Market Prices by Regency/Municipality, in Papua Barat Province, 2011-2015 (Thousand Rupiahs)",33,3,b6f822acec95
PAPUA BARAT,06,Kab. Sorong Selatan,,2011,,2 0.921,,"PDRB Per Kapita Atas Dasar Harga Berlaku di Provinsi Papua Barat Menurut Kabupaten/Kota, 2011-2015 (Ribu Rupiah)","Per Capita GRDP at Current Market Prices by Regency/Municipality, in Papua Barat Province, 2011-2015 (Thousand Rupiahs)",33,3,a183d85963b4
PAPUA BARAT,07,Kab. Sorong,,2011,,1 05.749,,"PDRB Per Kapita Atas Dasar Harga Berlaku di Provinsi Papua Barat Menurut Kabupaten/Kota, 2011-2015 (Ribu Rupiah)","Per Capita GRDP at Current Market Prices by Regency/Municipality, in Papua Barat Province, 2011-2015 (Thousand Rupiahs)",33,3,19acbefeabf9
PAPUA BARAT,08,Kab. Raja Ampat,,2011,,4 2.048,,"PDRB Per Kapita Atas Dasar Harga Berlaku di Provinsi Papua Barat Menurut Kabupaten/Kota, 2011-2015 (Ribu Rupiah)","Per Capita GRDP at Current Market Prices by Regency/Municipality, in Papua Barat Province, 2011-2015 (Thousand Rupiahs)",33,3,810c91b87ba3
PAPUA BARAT,09,Kab. Tambrauw,,2011,,7 .579,,"PDRB Per Kapita Atas Dasar Harga Berlaku di Provinsi Papua Barat Menurut Kabupaten/Kota, 2011-2015 (Ribu Rupiah)","Per Capita GRDP at Current Market Prices by Regency/Municipality, in Papua Barat Province, 2011-2015 (Thousand Rupiahs)",33,3,a617b4ca2fd4
PAPUA BARAT,10,Kab. Maybrat,,2011,,9 .202,,"PDRB Per Kapita Atas Dasar Harga Berlaku di Provinsi Papua Barat Menurut Kabupaten/Kota, 2011-2015 (Ribu Rupiah)","Per Capita GRDP at Current Market Prices by Regency/Municipality, in Papua Barat Province, 2011-2015 (Thousand Rupiahs)",33,3,609a7324819f
PAPUA BARAT,71,Kota Sorong,,2011,,2 8.006,,"PDRB Per Kapita Atas Dasar Harga Berlaku di Provinsi Papua Barat Menurut Kabupaten/Kota, 2011-2015 (Ribu Rupiah)","Per Capita GRDP at Current Market Prices by Regency/Municipality, in Papua Barat Province, 2011-2015 (Thousand Rupiahs)",33,3,61f71335123c
PAPUA BARAT,,Jml Kab./Kota Total of Reg./Mun.,,2011,,5 6.905,,"PDRB Per Kapita Atas Dasar Harga Berlaku di Provinsi Papua Barat Menurut Kabupaten/Kota, 2011-2015 (Ribu Rupiah)","Per Capita GRDP at Current Market Prices by Regency/Municipality, in Papua Barat Province, 2011-2015 (Thousand Rupiahs)",33,3,8808af908078
PAPUA BARAT,,Provinsi/Province,,2011,,5 6.305,,"PDRB Per Kapita Atas Dasar Harga Berlaku di Provinsi Papua Barat Menurut Kabupaten/Kota, 2011-2015 (Ribu Rupiah)","Per Capita GRDP at Current Market Prices by Regency/Municipality, in Papua Barat Province, 2011-2015 (Thousand Rupiahs)",33,3,b0132a4735ab
PAPUA,01,Kab. Merauke,,2011,,2 9.507,,"PDRB Per Kapita Atas Dasar Harga Berlaku di Provinsi Papua Menurut Kabupaten/Kota, 2011-2015 (Ribu Rupiah)","Per Capita GRDP at Current Market Prices by Regency/Municipality, in Papua Province, 2011-2015 (Thousand Rupiahs)",34,4,1c06901f1b7d
PAPUA,02,Kab. Jayawijaya,,2011,,1 5.497,,"PDRB Per Kapita Atas Dasar Harga Berlaku di Provinsi Papua Menurut Kabupaten/Kota, 2011-2015 (Ribu Rupiah)","Per Capita GRDP at Current Market Prices by Regency/Municipality, in Papua Province, 2011-2015 (Thousand Rupiahs)",34,4,9967888c3001
PAPUA,03,Kab. Jayapura,,2011,,4 5.569,,"PDRB Per Kapita Atas Dasar Harga Berlaku di Provinsi Papua Menurut Kabupaten/Kota, 2011-2015 (Ribu Rupiah)","Per Capita GRDP at Current Market Prices by Regency/Municipality, in Papua Province, 2011-2015 (Thousand Rupiahs)",34,4,887288795d2c
PAPUA,04,Kab. Nabire,,2011,,3 4.230,,"PDRB Per Kapita Atas Dasar Harga Berlaku di Provinsi Papua Menurut Kabupaten/Kota, 2011-2015 (Ribu Rupiah)","Per Capita GRDP at Current Market Prices by Regency/Municipality, in Papua Province, 2011-2015 (Thousand Rupiahs)",34,4,73a0806cae23
PAPUA,08,Kab. Kepulauan Yapen,,2011,,2 2.730,,"PDRB Per Kapita Atas Dasar Harga Berlaku di Provinsi Papua Menurut Kabupaten/Kota, 2011-2015 (Ribu Rupiah)","Per Capita GRDP at Current Market Prices by Regency/Municipality, in Papua Province, 2011-2015 (Thousand Rupiahs)",34,4,0ae426da5eb6
PAPUA,09,Kab. Biak Numfor,,2011,,2 0.749,,"PDRB Per Kapita Atas Dasar Harga Berlaku di Provinsi Papua Menurut Kabupaten/Kota, 2011-2015 (Ribu Rupiah)","Per Capita GRDP at Current Market Prices by Regency/Municipality, in Papua Province, 2011-2015 (Thousand Rupiahs)",34,4,7af8112d61bb
PAPUA,10,Kab. Paniai,,2011,,1 1.733,,"PDRB Per Kapita Atas Dasar Harga Berlaku di Provinsi Papua Menurut Kabupaten/Kota, 2011-2015 (Ribu Rupiah)","Per Capita GRDP at Current Market Prices by Regency/Municipality, in Papua Province, 2011-2015 (Thousand Rupiahs)",34,4,dc4eee773217
PAPUA,11,Kab. Puncak Jaya,,2011,,6 .916,,"PDRB Per Kapita Atas Dasar Harga Berlaku di Provinsi Papua Menurut Kabupaten/Kota, 2011-2015 (Ribu Rupiah)","Per Capita GRDP at Current Market Prices by Regency/Municipality, in Papua Province, 2011-2015 (Thousand Rupiahs)",34,4,c8a94c79ffc1
PAPUA,12,Kab. Mimika,,2011,,2 83.473,,"PDRB Per Kapita Atas Dasar Harga Berlaku di Provinsi Papua Menurut Kabupaten/Kota, 2011-2015 (Ribu Rupiah)","Per Capita GRDP at Current Market Prices by Regency/Municipality, in Papua Province, 2011-2015 (Thousand Rupiahs)",34,4,b3edeaeac8a4
PAPUA,13,Kab. Boven Digoel,,2011,,4 1.780,,"PDRB Per Kapita Atas Dasar Harga Berlaku di Provinsi Papua Menurut Kabupaten/Kota, 2011-2015 (Ribu Rupiah)","Per Capita GRDP at Current Market Prices by Regency/Municipality, in Papua Province, 2011-2015 (Thousand Rupiahs)",34,4,7a99c64ab76d
PAPUA,14,Kab. Mappi,,2011,,1 4.237,,"PDRB Per Kapita Atas Dasar Harga Berlaku di Provinsi Papua Menurut Kabupaten/Kota, 2011-2015 (Ribu Rupiah)","Per Capita GRDP at Current Market Prices by Regency/Municipality, in Papua Province, 2011-2015 (Thousand Rupiahs)",34,4,0277c659fdba
PAPUA,15,Kab. Asmat,,2011,,1 2.407,,"PDRB Per Kapita Atas Dasar Harga Berlaku di Provinsi Papua Menurut Kabupaten/Kota, 2011-2015 (Ribu Rupiah)","Per Capita GRDP at Current Market Prices by Regency/Municipality, in Papua Province, 2011-2015 (Thousand Rupiahs)",34,4,c154b9f188a9
PAPUA,16,Kab. Yahukimo,,2011,,5 .739,,"PDRB Per Kapita Atas Dasar Harga Berlaku di Provinsi Papua Menurut Kabupaten/Kota, 2011-2015 (Ribu Rupiah)","Per Capita GRDP at Current Market Prices by Regency/Municipality, in Papua Province, 2011-2015 (Thousand Rupiahs)",34,4,27a56ecfdea3
PAPUA,17,Kab. Pegunungan Bintang,,2011,,1 3.726,,"PDRB Per Kapita Atas Dasar Harga Berlaku di Provinsi Papua Menurut Kabupaten/Kota, 2011-2015 (Ribu Rupiah)","Per Capita GRDP at Current Market Prices by Regency/Municipality, in Papua Province, 2011-2015 (Thousand Rupiahs)",34,4,a6fb3598a46a
PAPUA,18,Kab. Tolikara,,2011,,6 .533,,"PDRB Per Kapita Atas Dasar Harga Berlaku di Provinsi Papua Menurut Kabupaten/Kota, 2011-2015 (Ribu Rupiah)","Per Capita GRDP at Current Market Prices by Regency/Municipality, in Papua Province, 2011-2015 (Thousand Rupiahs)",34,4,19ae8fefa877
PAPUA,19,Kab. Sarmi,,2011,,3 3.650,,"PDRB Per Kapita Atas Dasar Harga Berlaku di Provinsi Papua Menurut Kabupaten/Kota, 2011-2015 (Ribu Rupiah)","Per Capita GRDP at Current Market Prices by Regency/Municipality, in Papua Province, 2011-2015 (Thousand Rupiahs)",34,4,aac5090e5731
PAPUA,20,Kab. Keerom,,2011,,2 5.078,,"PDRB Per Kapita Atas Dasar Harga Berlaku di Provinsi Papua Menurut Kabupaten/Kota, 2011-2015 (Ribu Rupiah)","Per Capita GRDP at Current Market Prices by Regency/Municipality, in Papua Province, 2011-2015 (Thousand Rupiahs)",34,4,50f9e99e1e81
PAPUA,26,Kab. Waropen,,2011,,3 0.103,,"PDRB Per Kapita Atas Dasar Harga Berlaku di Provinsi Papua Menurut Kabupaten/Kota, 2011-2015 (Ribu Rupiah)","Per Capita GRDP at Current Market Prices by Regency/Municipality, in Papua Province, 2011-2015 (Thousand Rupiahs)",34,4,564bb87036fc
PAPUA,27,Kab. Supiori,,2011,,3 1.726,,"PDRB Per Kapita Atas Dasar Harga Berlaku di Provinsi Papua Menurut Kabupaten/Kota, 2011-2015 (Ribu Rupiah)","Per Capita GRDP at Current Market Prices by Regency/Municipality, in Papua Province, 2011-2015 (Thousand Rupiahs)",34,4,405b07434009
PAPUA,28,Kab. Mamberamo Raya,,2011,,2 9.062,,"PDRB Per Kapita Atas Dasar Harga Berlaku di Provinsi Papua Menurut Kabupaten/Kota, 2011-2015 (Ribu Rupiah)","Per Capita GRDP at Current Market Prices by Regency/Municipality, in Papua Province, 2011-2015 (Thousand Rupiahs)",34,4,dee230dfb4d2
PAPUA,29,Kab. Nduga,,2011,,5 .193,,"PDRB Per Kapita Atas Dasar Harga Berlaku di Provinsi Papua Menurut Kabupaten/Kota, 2011-2015 (Ribu Rupiah)","Per Capita GRDP at Current Market Prices by Regency/Municipality, in Papua Province, 2011-2015 (Thousand Rupiahs)",34,4,0c3a627c52b3
PAPUA,30,Kab. Lanny Jaya,,2011,,4 .427,,"PDRB Per Kapita Atas Dasar Harga Berlaku di Provinsi Papua Menurut Kabupaten/Kota, 2011-2015 (Ribu Rupiah)","Per Capita GRDP at Current Market Prices by Regency/Municipality, in Papua Province, 2011-2015 (Thousand Rupiahs)",34,4,300fc31e9039
PAPUA,31,Kab. Mamberamo Tengah,,2011,,1 0.494,,"PDRB Per Kapita Atas Dasar Harga Berlaku di Provinsi Papua Menurut Kabupaten/Kota, 2011-2015 (Ribu Rupiah)","Per Capita GRDP at Current Market Prices by Regency/Municipality, in Papua Province, 2011-2015 (Thousand Rupiahs)",34,4,b1740cc26856
PAPUA,32,Kab. Yalimo,,2011,,7 .852,,"PDRB Per Kapita Atas Dasar Harga Berlaku di Provinsi Papua Menurut Kabupaten/Kota, 2011-2015 (Ribu Rupiah)","Per Capita GRDP at Current Market Prices by Regency/Municipality, in Papua Province, 2011-2015 (Thousand Rupiahs)",34,4,e4a9f4d487b8
PAPUA,33,Kab. Puncak,,2011,,5 .056,,"PDRB Per Kapita Atas Dasar Harga Berlaku di Provinsi Papua Menurut Kabupaten/Kota, 2011-2015 (Ribu Rupiah)","Per Capita GRDP at Current Market Prices by Regency/Municipality, in Papua Province, 2011-2015 (Thousand Rupiahs)",34,4,feb1ab8d1521
PAPUA,34,Kab. Dogiyai,,2011,,6 .153,,"PDRB Per Kapita Atas Dasar Harga Berlaku di Provinsi Papua Menurut Kabupaten/Kota, 2011-2015 (Ribu Rupiah)","Per Capita GRDP at Current Market Prices by Regency/Municipality, in Papua Province, 2011-2015 (Thousand Rupiahs)",34,4,8c109c66c7f9
PAPUA,35,Kab.intan Jaya,,2011,,9 .997,,"PDRB Per Kapita Atas Dasar Harga Berlaku di Provinsi Papua Menurut Kabupaten/Kota, 2011-2015 (Ribu Rupiah)","Per Capita GRDP at Current Market Prices by Regency/Municipality, in Papua Province, 2011-2015 (Thousand Rupiahs)",34,4,5804c77fa0b8
PAPUA,36,Kab. Deiyai,,2011,,7 .345,,"PDRB Per Kapita Atas Dasar Harga Berlaku di Provinsi Papua Menurut Kabupaten/Kota, 2011-2015 (Ribu Rupiah)","Per Capita GRDP at Current Market Prices by Regency/Municipality, in Papua Province, 2011-2015 (Thousand Rupiahs)",34,4,083a8d764e4a
PAPUA,71,Kota Jayapura,,2011,,4 9.556,,"PDRB Per Kapita Atas Dasar Harga Berlaku di Provinsi Papua Menurut Kabupaten/Kota, 2011-2015 (Ribu Rupiah)","Per Capita GRDP at Current Market Prices by Regency/Municipality, in Papua Province, 2011-2015 (Thousand Rupiahs)",34,4,39d94c9ccd48
PAPUA,,Jml Kab./Kota Total of Reg./Mun.,,2011,,3 6.916,,"PDRB Per Kapita Atas Dasar Harga Berlaku di Provinsi Papua Menurut Kabupaten/Kota, 2011-2015 (Ribu Rupiah)","Per Capita GRDP at Current Market Prices by Regency/Municipality, in Papua Province, 2011-2015 (Thousand Rupiahs)",34,4,ab1b52b65c22
PAPUA,,Provinsi/Province,,2011,,3 7.111,,"PDRB Per Kapita Atas Dasar Harga Berlaku di Provinsi Papua Menurut Kabupaten/Kota, 2011-2015 (Ribu Rupiah)","Per Capita GRDP at Current Market Prices by Regency/Municipality, in Papua Province, 2011-2015 (Thousand Rupiahs)",34,4,a1144a5993ce
MALUKU,01,Kab. Maluku Tenggara Barat,,2012,,1 2.404,,"PDRB Per Kapita Atas Dasar Harga Berlaku di Provinsi Maluku Menurut Kabupaten/Kota, 2011-2015 (Ribu Rupiah)","Per Capita GRDP at Current Market Prices by Regency/Municipality, in Maluku Province, 2011-2015 (Thousand Rupiahs)",31,1,46a65818d9eb
MALUKU,02,Kab. Maluku Tenggara,,2012,,1 6.039,,"PDRB Per Kapita Atas Dasar Harga Berlaku di Provinsi Maluku Menurut Kabupaten/Kota, 2011-2015 (Ribu Rupiah)","Per Capita GRDP at Current Market Prices by Regency/Municipality, in Maluku Province, 2011-2015 (Thousand Rupiahs)",31,1,6ade1f8ef2a1
MALUKU,03,Kab. Maluku Tengah,,2012,,1 2.597,,"PDRB Per Kapita Atas Dasar Harga Berlaku di Provinsi Maluku Menurut Kabupaten/Kota, 2011-2015 (Ribu Rupiah)","Per Capita GRDP at Current Market Prices by Regency/Municipality, in Maluku Province, 2011-2015 (Thousand Rupiahs)",31,1,fd8dc6154ae8
MALUKU,04,Kab. Buru,,2012,,1 0.762,,"PDRB Per Kapita Atas Dasar Harga Berlaku di Provinsi Maluku Menurut Kabupaten/Kota, 2011-2015 (Ribu Rupiah)","Per Capita GRDP at Current Market Prices by Regency/Municipality, in Maluku Province, 2011-2015 (Thousand Rupiahs)",31,1,b3600cc590bc
MALUKU,05,Kab. Kepulauan Aru,,2012,,2 0.704,,"PDRB Per Kapita Atas Dasar Harga Berlaku di Provinsi Maluku Menurut Kabupaten/Kota, 2011-2015 (Ribu Rupiah)","Per Capita GRDP at Current Market Prices by Regency/Municipality, in Maluku Province, 2011-2015 (Thousand Rupiahs)",31,1,cd204c685b0c
MALUKU,06,Kab. Seram Bagian Barat,,2012,,9 .423,,"PDRB Per Kapita Atas Dasar Harga Berlaku di Provinsi Maluku Menurut Kabupaten/Kota, 2011-2015 (Ribu Rupiah)","Per Capita GRDP at Current Market Prices by Regency/Municipality, in Maluku Province, 2011-2015 (Thousand Rupiahs)",31,1,45753bcfb415
MALUKU,07,Kab. Seram Bagian Timur,,2012,,1 9.028,,"PDRB Per Kapita Atas Dasar Harga Berlaku di Provinsi Maluku Menurut Kabupaten/Kota, 2011-2015 (Ribu Rupiah)","Per Capita GRDP at Current Market Prices by Regency/Municipality, in Maluku Province, 2011-2015 (Thousand Rupiahs)",31,1,4694df3b175a
MALUKU,08,Kab. Maluku Barat Daya,,2012,,1 1.435,,"PDRB Per Kapita Atas Dasar Harga Berlaku di Provinsi Maluku Menurut Kabupaten/Kota, 2011-2015 (Ribu Rupiah)","Per Capita GRDP at Current Market Prices by Regency/Municipality, in Maluku Province, 2011-2015 (Thousand Rupiahs)",31,1,4c2137ef8f36
MALUKU,09,Kab. Buru Selatan,,2012,,1 2.326,,"PDRB Per Kapita Atas Dasar Harga Berlaku di Provinsi Maluku Menurut Kabupaten/Kota, 2011-2015 (Ribu Rupiah)","Per Capita GRDP at Current Market Prices by Regency/Municipality, in Maluku Province, 2011-2015 (Thousand Rupiahs)",31,1,b5369e080885
MALUKU,71,Kota Ambon,,2012,,2 1.551,,"PDRB Per Kapita Atas Dasar Harga Berlaku di Provinsi Maluku Menurut Kabupaten/Kota, 2011-2015 (Ribu Rupiah)","Per Capita GRDP at Current Market Prices by Regency/Municipality, in Maluku Province, 2011-2015 (Thousand Rupiahs)",31,1,bfe636ece4df
MALUKU,72,Kota Tual,,2012,,1 9.184,,"PDRB Per Kapita Atas Dasar Harga Berlaku di Provinsi Maluku Menurut Kabupaten/Kota, 2011-2015 (Ribu Rupiah)","Per Capita GRDP at Current Market Prices by Regency/Municipality, in Maluku Province, 2011-2015 (Thousand Rupiahs)",31,1,962ebc237dab
MALUKU,,Jml Kab./Kota Total of Reg./Mun.,,2012,,1 5.418,,"PDRB Per Kapita Atas Dasar Harga Berlaku di Provinsi Maluku Menurut Kabupaten/Kota, 2011-2015 (Ribu Rupiah)","Per Capita GRDP at Current Market Prices by Regency/Municipality, in Maluku Province, 2011-2015 (Thousand Rupiahs)",31,1,4d87e260f0bd
MALUKU,,Provinsi/Province,,2012,,1 5.418,,"PDRB Per Kapita Atas Dasar Harga Berlaku di Provinsi Maluku Menurut Kabupaten/Kota, 2011-2015 (Ribu Rupiah)","Per Capita GRDP at Current Market Prices by Regency/Municipality, in Maluku Province, 2011-2015 (Thousand Rupiahs)",31,1,cdcf89bb5b3d
MALUKU UTARA,01,Kab. Halmahera Barat,,2012,,1 1.311,,"PDRB Per Kapita Atas Dasar Harga Berlaku di Provinsi Maluku Utara Menurut Kabupaten/Kota, 2011-2015 (Ribu Rupiah)","Per Capita GRDP at Current Market Prices by Regency/Municipality, in Maluku Utara Province, 2011-2015 (Thousand Rupiahs)",32,2,d6616340963f
MALUKU UTARA,02,Kab. Halmahera Tengah,,2012,,2 6.510,,"PDRB Per Kapita Atas Dasar Harga Berlaku di Provinsi Maluku Utara Menurut Kabupaten/Kota, 2011-2015 (Ribu Rupiah)","Per Capita GRDP at Current Market Prices by Regency/Municipality, in Maluku Utara Province, 2011-2015 (Thousand Rupiahs)",32,2,631ad69976a5
MALUKU UTARA,03,Kab. Kepulauan Sula,,2012,,1 4.141,,"PDRB Per Kapita Atas Dasar Harga Berlaku di Provinsi Maluku Utara Menurut Kabupaten/Kota, 2011-2015 (Ribu Rupiah)","Per Capita GRDP at Current Market Prices by Regency/Municipality, in Maluku Utara Province, 2011-2015 (Thousand Rupiahs)",32,2,bc960edc6f7e
MALUKU UTARA,08,Kab. Pulau Taliabu,#),2012,,-,,"PDRB Per Kapita Atas Dasar Harga Berlaku di Provinsi Maluku Utara Menurut Kabupaten/Kota, 2011-2015 (Ribu Rupiah)","Per Capita GRDP at Current Market Prices by Regency/Municipality, in Maluku Utara Province, 2011-2015 (Thousand Rupiahs)",32,2,580b1f514203
MALUKU UTARA,04,Kab. Halmahera Selatan,,2012,,1 3.728,,"PDRB Per Kapita Atas Dasar Harga Berlaku di Provinsi Maluku Utara Menurut Kabupaten/Kota, 2011-2015 (Ribu Rupiah)","Per Capita GRDP at Current Market Prices by Regency/Municipality, in Maluku Utara Province, 2011-2015 (Thousand Rupiahs)",32,2,fec11b1ace50
MALUKU UTARA,05,Kab. Halmahera Utara,,2012,,1 7.835,,"PDRB Per Kapita Atas Dasar Harga Berlaku di Provinsi Maluku Utara Menurut Kabupaten/Kota, 2011-2015 (Ribu Rupiah)","Per Capita GRDP at Current Market Prices by Regency/Municipality, in Maluku Utara Province, 2011-2015 (Thousand Rupiahs)",32,2,9a9c48f9dca3
MALUKU UTARA,06,Kab. Halmahera Timur,,2012,,2 5.668,,"PDRB Per Kapita Atas Dasar Harga Berlaku di Provinsi Maluku Utara Menurut Kabupaten/Kota, 2011-2015 (Ribu Rupiah)","Per Capita GRDP at Current Market Prices by Regency/Municipality, in Maluku Utara Province, 2011-2015 (Thousand Rupiahs)",32,2,8b86d2f5ffbd
MALUKU UTARA,07,Kab. Pulau Morotai,,2012,,1 3.704,,"PDRB Per Kapita Atas Dasar Harga Berlaku di Provinsi Maluku Utara Menurut Kabupaten/Kota, 2011-2015 (Ribu Rupiah)","Per Capita GRDP at Current Market Prices by Regency/Municipality, in Maluku Utara Province, 2011-2015 (Thousand Rupiahs)",32,2,7fd43499c8f7
MALUKU UTARA,71,Kota Ternate,,2012,,2 4.082,,"PDRB Per Kapita Atas Dasar Harga Berlaku di Provinsi Maluku Utara Menurut Kabupaten/Kota, 2011-2015 (Ribu Rupiah)","Per Capita GRDP at Current Market Prices by Regency/Municipality, in Maluku Utara Province, 2011-2015 (Thousand Rupiahs)",32,2,0c6525461d64
MALUKU UTARA,72,Kota Tidore Kepulauan,,2012,,1 5.890,,"PDRB Per Kapita Atas Dasar Harga Berlaku di Provinsi Maluku Utara Menurut Kabupaten/Kota, 2011-2015 (Ribu Rupiah)","Per Capita GRDP at Current Market Prices by Regency/Municipality, in Maluku Utara Province, 2011-2015 (Thousand Rupiahs)",32,2,08c401a144b1
MALUKU UTARA,,Jml Kab./Kota Total of Reg./Mun.,,2012,,1 7.635,,"PDRB Per Kapita Atas Dasar Harga Berlaku di Provinsi Maluku Utara Menurut Kabupaten/Kota, 2011-2015 (Ribu Rupiah)","Per Capita GRDP at Current Market Prices by Regency/Municipality, in Maluku Utara Province, 2011-2015 (Thousand Rupiahs)",32,2,4d3a0db8f055
MALUKU UTARA,,Provinsi/Province,,2012,,1 7.726,,"PDRB Per Kapita Atas Dasar Harga Berlaku di Provinsi Maluku Utara Menurut Kabupaten/Kota, 2011-2015 (Ribu Rupiah)","Per Capita GRDP at Current Market Prices by Regency/Municipality, in Maluku Utara Province, 2011-2015 (Thousand Rupiahs)",32,2,f5ff379d26d0
PAPUA BARAT,01,Kab. Fak-Fak,,2012,,3 5.874,,"PDRB Per Kapita Atas Dasar Harga Berlaku di Provinsi Papua Barat Menurut Kabupaten/Kota, 2011-2015 (Ribu Rupiah)","Per Capita GRDP at Current Market Prices by Regency/Municipality, in Papua Barat Province, 2011-2015 (Thousand Rupiahs)",33,3,9b808ee4f55f
PAPUA BARAT,02,Kab. Kaimana,,2012,,2 8.693,,"PDRB Per Kapita Atas Dasar Harga Berlaku di Provinsi Papua Barat Menurut Kabupaten/Kota, 2011-2015 (Ribu Rupiah)","Per Capita GRDP at Current Market Prices by Regency/Municipality, in Papua Barat Province, 2011-2015 (Thousand Rupiahs)",33,3,4b7f8446c624
PAPUA BARAT,03,Kab. Teluk Wondama,,2012,,2 8.503,,"PDRB Per Kapita Atas Dasar Harga Berlaku di Provinsi Papua Barat Menurut Kabupaten/Kota, 2011-2015 (Ribu Rupiah)","Per Capita GRDP at Current Market Prices by Regency/Municipality, in Papua Barat Province, 2011-2015 (Thousand Rupiahs)",33,3,93fbf17395c9
PAPUA BARAT,04,Kab. Teluk Bintuni,,2012,,3 73.377,,"PDRB Per Kapita Atas Dasar Harga Berlaku di Provinsi Papua Barat Menurut Kabupaten/Kota, 2011-2015 (Ribu Rupiah)","Per Capita GRDP at Current Market Prices by Regency/Municipality, in Papua Barat Province, 2011-2015 (Thousand Rupiahs)",33,3,9cec0107d146
PAPUA BARAT,05,Kab. Manokwari,,2012,,3 2.260,,"PDRB Per Kapita Atas Dasar Harga Berlaku di Provinsi Papua Barat Menurut Kabupaten/Kota, 2011-2015 (Ribu Rupiah)","Per Capita GRDP at Current Market Prices by Regency/Municipality, in Papua Barat Province, 2011-2015 (Thousand Rupiahs)",33,3,99e0f9ce465c
PAPUA BARAT,11,Kab. Manokwari Selatan,#),2012,,2 2.023,,"PDRB Per Kapita Atas Dasar Harga Berlaku di Provinsi Papua Barat Menurut Kabupaten/Kota, 2011-2015 (Ribu Rupiah)","Per Capita GRDP at Current Market Prices by Regency/Municipality, in Papua Barat Province, 2011-2015 (Thousand Rupiahs)",33,3,3c27562b37b8
PAPUA BARAT,12,Kab. Pegunungan Arfak,#),2012,,4 .035,,"PDRB Per Kapita Atas Dasar Harga Berlaku di Provinsi Papua Barat Menurut Kabupaten/Kota, 2011-2015 (Ribu Rupiah)","Per Capita GRDP at Current Market Prices by Regency/Municipality, in Papua Barat Province, 2011-2015 (Thousand Rupiahs)",33,3,54c0c7ea9ace
PAPUA BARAT,06,Kab. Sorong Selatan,,2012,,2 2.887,,"PDRB Per Kapita Atas Dasar Harga Berlaku di Provinsi Papua Barat Menurut Kabupaten/Kota, 2011-2015 (Ribu Rupiah)","Per Capita GRDP at Current Market Prices by Regency/Municipality, in Papua Barat Province, 2011-2015 (Thousand Rupiahs)",33,3,c348eab4adcc
PAPUA BARAT,07,Kab. Sorong,,2012,,1 03.965,,"PDRB Per Kapita Atas Dasar Harga Berlaku di Provinsi Papua Barat Menurut Kabupaten/Kota, 2011-2015 (Ribu Rupiah)","Per Capita GRDP at Current Market Prices by Regency/Municipality, in Papua Barat Province, 2011-2015 (Thousand Rupiahs)",33,3,b3c3bc1bd1dc
PAPUA BARAT,08,Kab. Raja Ampat,,2012,,4 4.530,,"PDRB Per Kapita Atas Dasar Harga Berlaku di Provinsi Papua Barat Menurut Kabupaten/Kota, 2011-2015 (Ribu Rupiah)","Per Capita GRDP at Current Market Prices by Regency/Municipality, in Papua Barat Province, 2011-2015 (Thousand Rupiahs)",33,3,23c5125e3072
PAPUA BARAT,09,Kab. Tambrauw,,2012,,8 .471,,"PDRB Per Kapita Atas Dasar Harga Berlaku di Provinsi Papua Barat Menurut Kabupaten/Kota, 2011-2015 (Ribu Rupiah)","Per Capita GRDP at Current Market Prices by Regency/Municipality, in Papua Barat Province, 2011-2015 (Thousand Rupiahs)",33,3,8f2570d118ad
PAPUA BARAT,10,Kab. Maybrat,,2012,,9 .891,,"PDRB Per Kapita Atas Dasar Harga Berlaku di Provinsi Papua Barat Menurut Kabupaten/Kota, 2011-2015 (Ribu Rupiah)","Per Capita GRDP at Current Market Prices by Regency/Municipality, in Papua Barat Province, 2011-2015 (Thousand Rupiahs)",33,3,5074ccca876e
PAPUA BARAT,71,Kota Sorong,,2012,,3 1.303,,"PDRB Per Kapita Atas Dasar Harga Berlaku di Provinsi Papua Barat Menurut Kabupaten/Kota, 2011-2015 (Ribu Rupiah)","Per Capita GRDP at Current Market Prices by Regency/Municipality, in Papua Barat Province, 2011-2015 (Thousand Rupiahs)",33,3,a4ba594e1878
PAPUA BARAT,,Jml Kab./Kota Total of Reg./Mun.,,2012,,5 9.669,,"PDRB Per Kapita Atas Dasar Harga Berlaku di Provinsi Papua Barat Menurut Kabupaten/Kota, 2011-2015 (Ribu Rupiah)","Per Capita GRDP at Current Market Prices by Regency/Municipality, in Papua Barat Province, 2011-2015 (Thousand Rupiahs)",33,3,c17b02311dbf
PAPUA BARAT,,Provinsi/Province,,2012,,5 8.763,,"PDRB Per Kapita Atas Dasar Harga Berlaku di Provinsi Papua Barat Menurut Kabupaten/Kota, 2011-2015 (Ribu Rupiah)","Per Capita GRDP at Current Market Prices by Regency/Municipality, in Papua Barat Province, 2011-2015 (Thousand Rupiahs)",33,3,dee90e807f4b
PAPUA,01,Kab. Merauke,,2012,,3 2.861,,"PDRB Per Kapita Atas Dasar Harga Berlaku di Provinsi Papua Menurut Kabupaten/Kota, 2011-2015 (Ribu Rupiah)","Per Capita GRDP at Current Market Prices by Regency/Municipality, in Papua Province, 2011-2015 (Thousand Rupiahs)",34,4,e28524d04412
PAPUA,02,Kab. Jayawijaya,,2012,,1 7.634,,"PDRB Per Kapita Atas Dasar Harga Berlaku di Provinsi Papua Menurut Kabupaten/Kota, 2011-2015 (Ribu Rupiah)","Per Capita GRDP at Current Market Prices by Regency/Municipality, in Papua Province, 2011-2015 (Thousand Rupiahs)",34,4,6d9eac4c159d
PAPUA,03,Kab. Jayapura,,2012,,5 2.087,,"PDRB Per Kapita Atas Dasar Harga Berlaku di Provinsi Papua Menurut Kabupaten/Kota, 2011-2015 (Ribu Rupiah)","Per Capita GRDP at Current Market Prices by Regency/Municipality, in Papua Province, 2011-2015 (Thousand Rupiahs)",34,4,bd9e7f662310
PAPUA,04,Kab. Nabire,,2012,,3 7.996,,"PDRB Per Kapita Atas Dasar Harga Berlaku di Provinsi Papua Menurut Kabupaten/Kota, 2011-2015 (Ribu Rupiah)","Per Capita GRDP at Current Market Prices by Regency/Municipality, in Papua Province, 2011-2015 (Thousand Rupiahs)",34,4,fbf38eb494a0
PAPUA,08,Kab. Kepulauan Yapen,,2012,,2 4.562,,"PDRB Per Kapita Atas Dasar Harga Berlaku di Provinsi Papua Menurut Kabupaten/Kota, 2011-2015 (Ribu Rupiah)","Per Capita GRDP at Current Market Prices by Regency/Municipality, in Papua Province, 2011-2015 (Thousand Rupiahs)",34,4,4240ffd1fc9e
PAPUA,09,Kab. Biak Numfor,,2012,,2 3.015,,"PDRB Per Kapita Atas Dasar Harga Berlaku di Provinsi Papua Menurut Kabupaten/Kota, 2011-2015 (Ribu Rupiah)","Per Capita GRDP at Current Market Prices by Regency/Municipality, in Papua Province, 2011-2015 (Thousand Rupiahs)",34,4,cec72e58e32e
PAPUA,10,Kab. Paniai,,2012,,1 2.448,,"PDRB Per Kapita Atas Dasar Harga Berlaku di Provinsi Papua Menurut Kabupaten/Kota, 2011-2015 (Ribu Rupiah)","Per Capita GRDP at Current Market Prices by Regency/Municipality, in Papua Province, 2011-2015 (Thousand Rupiahs)",34,4,7f3f5a657529
PAPUA,11,Kab. Puncak Jaya,,2012,,7 .179,,"PDRB Per Kapita Atas Dasar Harga Berlaku di Provinsi Papua Menurut Kabupaten/Kota, 2011-2015 (Ribu Rupiah)","Per Capita GRDP at Current Market Prices by Regency/Municipality, in Papua Province, 2011-2015 (Thousand Rupiahs)",34,4,1b03196df725
PAPUA,12,Kab. Mimika,,2012,,2 60.035,,"PDRB Per Kapita Atas Dasar Harga Berlaku di Provinsi Papua Menurut Kabupaten/Kota, 2011-2015 (Ribu Rupiah)","Per Capita GRDP at Current Market Prices by Regency/Municipality, in Papua Province, 2011-2015 (Thousand Rupiahs)",34,4,c45637516b66
PAPUA,13,Kab. Boven Digoel,,2012,,4 4.074,,"PDRB Per Kapita Atas Dasar Harga Berlaku di Provinsi Papua Menurut Kabupaten/Kota, 2011-2015 (Ribu Rupiah)","Per Capita GRDP at Current Market Prices by Regency/Municipality, in Papua Province, 2011-2015 (Thousand Rupiahs)",34,4,dda037c698e1
PAPUA,14,Kab. Mappi,,2012,,1 5.511,,"PDRB Per Kapita Atas Dasar Harga Berlaku di Provinsi Papua Menurut Kabupaten/Kota, 2011-2015 (Ribu Rupiah)","Per Capita GRDP at Current Market Prices by Regency/Municipality, in Papua Province, 2011-2015 (Thousand Rupiahs)",34,4,da3c7bc548fc
PAPUA,15,Kab. Asmat,,2012,,1 3.944,,"PDRB Per Kapita Atas Dasar Harga Berlaku di Provinsi Papua Menurut Kabupaten/Kota, 2011-2015 (Ribu Rupiah)","Per Capita GRDP at Current Market Prices by Regency/Municipality, in Papua Province, 2011-2015 (Thousand Rupiahs)",34,4,bf7e60bd0cea
PAPUA,16,Kab. Yahukimo,,2012,,6 .768,,"PDRB Per Kapita Atas Dasar Harga Berlaku di Provinsi Papua Menurut Kabupaten/Kota, 2011-2015 (Ribu Rupiah)","Per Capita GRDP at Current Market Prices by Regency/Municipality, in Papua Province, 2011-2015 (Thousand Rupiahs)",34,4,aa819b8db12b
PAPUA,17,Kab. Pegunungan Bintang,,2012,,1 4.654,,"PDRB Per Kapita Atas Dasar Harga Berlaku di Provinsi Papua Menurut Kabupaten/Kota, 2011-2015 (Ribu Rupiah)","Per Capita GRDP at Current Market Prices by Regency/Municipality, in Papua Province, 2011-2015 (Thousand Rupiahs)",34,4,c205c39f37e4
PAPUA,18,Kab. Tolikara,,2012,,.6 .630,,"PDRB Per Kapita Atas Dasar Harga Berlaku di Provinsi Papua Menurut Kabupaten/Kota, 2011-2015 (Ribu Rupiah)","Per Capita GRDP at Current Market Prices by Regency/Municipality, in Papua Province, 2011-2015 (Thousand Rupiahs)",34,4,19dd303459a9
PAPUA,19,Kab. Sarmi,,2012,,3 6.575,,"PDRB Per Kapita Atas Dasar Harga Berlaku di Provinsi Papua Menurut Kabupaten/Kota, 2011-2015 (Ribu Rupiah)","Per Capita GRDP at Current Market Prices by Regency/Municipality, in Papua Province, 2011-2015 (Thousand Rupiahs)",34,4,1d9b94b8e4ad
PAPUA,20,Kab. Keerom,,2012,,2 8.170,,"PDRB Per Kapita Atas Dasar Harga Berlaku di Provinsi Papua Menurut Kabupaten/Kota, 2011-2015 (Ribu Rupiah)","Per Capita GRDP at Current Market Prices by Regency/Municipality, in Papua Province, 2011-2015 (Thousand Rupiahs)",34,4,69fee3694e27
PAPUA,26,Kab. Waropen,,2012,,3 4.495,,"PDRB Per Kapita Atas Dasar Harga Berlaku di Provinsi Papua Menurut Kabupaten/Kota, 2011-2015 (Ribu Rupiah)","Per Capita GRDP at Current Market Prices by Regency/Municipality, in Papua Province, 2011-2015 (Thousand Rupiahs)",34,4,fb365b7ae8bf
PAPUA,27,Kab. Supiori,,2012,,3 5.239,,"PDRB Per Kapita Atas Dasar Harga Berlaku di Provinsi Papua Menurut Kabupaten/Kota, 2011-2015 (Ribu Rupiah)","Per Capita GRDP at Current Market Prices by Regency/Municipality, in Papua Province, 2011-2015 (Thousand Rupiahs)",34,4,514778311649
PAPUA,28,Kab. Mamberamo Raya,,2012,,3 3.044,,"PDRB Per Kapita Atas Dasar Harga Berlaku di Provinsi Papua Menurut Kabupaten/Kota, 2011-2015 (Ribu Rupiah)","Per Capita GRDP at Current Market Prices by Regency/Municipality, in Papua Province, 2011-2015 (Thousand Rupiahs)",34,4,83f4a0786c32
PAPUA,29,Kab. Nduga,,2012,,6 .187,,"PDRB Per Kapita Atas Dasar Harga Berlaku di Provinsi Papua Menurut Kabupaten/Kota, 2011-2015 (Ribu Rupiah)","Per Capita GRDP at Current Market Prices by Regency/Municipality, in Papua Province, 2011-2015 (Thousand Rupiahs)",34,4,f91ff9502705
PAPUA,30,Kab. Lanny Jaya,,2012,,5 .341,,"PDRB Per Kapita Atas Dasar Harga Berlaku di Provinsi Papua Menurut Kabupaten/Kota, 2011-2015 (Ribu Rupiah)","Per Capita GRDP at Current Market Prices by Regency/Municipality, in Papua Province, 2011-2015 (Thousand Rupiahs)",34,4,da7e5a004187
PAPUA,31,Kab. Mamberamo Tengah,,2012,,1 2.602,,"PDRB Per Kapita Atas Dasar Harga Berlaku di Provinsi Papua Menurut Kabupaten/Kota, 2011-2015 (Ribu Rupiah)","Per Capita GRDP at Current Market Prices by Regency/Municipality, in Papua Province, 2011-2015 (Thousand Rupiahs)",34,4,e823e6dd0255
PAPUA,32,Kab. Yalimo,,2012,,9 .292,,"PDRB Per Kapita Atas Dasar Harga Berlaku di Provinsi Papua Menurut Kabupaten/Kota, 2011-2015 (Ribu Rupiah)","Per Capita GRDP at Current Market Prices by Regency/Municipality, in Papua Province, 2011-2015 (Thousand Rupiahs)",34,4,1af657be5cb9
PAPUA,33,Kab. Puncak,,2012,,5 .708,,"PDRB Per Kapita Atas Dasar Harga Berlaku di Provinsi Papua Menurut Kabupaten/Kota, 2011-2015 (Ribu Rupiah)","Per Capita GRDP at Current Market Prices by Regency/Municipality, in Papua Province, 2011-2015 (Thousand Rupiahs)",34,4,e9c9aa59e6cf
PAPUA,34,Kab. Dogiyai,,2012,,6 .845,,"PDRB Per Kapita Atas Dasar Harga Berlaku di Provinsi Papua Menurut Kabupaten/Kota, 2011-2015 (Ribu Rupiah)","Per Capita GRDP at Current Market Prices by Regency/Municipality, in Papua Province, 2011-2015 (Thousand Rupiahs)",34,4,25aa64f27348
PAPUA,35,Kab.intan Jaya,,2012,,1 2.440,,"PDRB Per Kapita Atas Dasar Harga Berlaku di Provinsi Papua Menurut Kabupaten/Kota, 2011-2015 (Ribu Rupiah)","Per Capita GRDP at Current Market Prices by Regency/Municipality, in Papua Province, 2011-2015 (Thousand Rupiahs)",34,4,95f1c100a568
PAPUA,36,Kab. Deiyai,,2012,,8 .118,,"PDRB Per Kapita Atas Dasar Harga Berlaku di Provinsi Papua Menurut Kabupaten/Kota, 2011-2015 (Ribu Rupiah)","Per Capita GRDP at Current Market Prices by Regency/Municipality, in Papua Province, 2011-2015 (Thousand Rupiahs)",34,4,a6063c3c7a85
PAPUA,71,Kota Jayapura,,2012,,5 6.419,,"PDRB Per Kapita Atas Dasar Harga Berlaku di Provinsi Papua Menurut Kabupaten/Kota, 2011-2015 (Ribu Rupiah)","Per Capita GRDP at Current Market Prices by Regency/Municipality, in Papua Province, 2011-2015 (Thousand Rupiahs)",34,4,a214389b8a1c
PAPUA,,Jml Kab./Kota Total of Reg./Mun.,,2012,,3 7.633,,"PDRB Per Kapita Atas Dasar Harga Berlaku di Provinsi Papua Menurut Kabupaten/Kota, 2011-2015 (Ribu Rupiah)","Per Capita GRDP at Current Market Prices by Regency/Municipality, in Papua Province, 2011-2015 (Thousand Rupiahs)",34,4,852859966ad4
PAPUA,,Provinsi/Province,,2012,,3 7.935,,"PDRB Per Kapita Atas Dasar Harga Berlaku di Provinsi Papua Menurut Kabupaten/Kota, 2011-2015 (Ribu Rupiah)","Per Capita GRDP at Current Market Prices by Regency/Municipality, in Papua Province, 2011-2015 (Thousand Rupiahs)",34,4,5c6e5b0b122c
MALUKU,01,Kab. Maluku Tenggara Barat,,2013,,1 3.826,,"PDRB Per Kapita Atas Dasar Harga Berlaku di Provinsi Maluku Menurut Kabupaten/Kota, 2011-2015 (Ribu Rupiah)","Per Capita GRDP at Current Market Prices by Regency/Municipality, in Maluku Province, 2011-2015 (Thousand Rupiahs)",31,1,c7d4752d146c
MALUKU,02,Kab. Maluku Tenggara,,2013,,1 8.309,,"PDRB Per Kapita Atas Dasar Harga Berlaku di Provinsi Maluku Menurut Kabupaten/Kota, 2011-2015 (Ribu Rupiah)","Per Capita GRDP at Current Market Prices by Regency/Municipality, in Maluku Province, 2011-2015 (Thousand Rupiahs)",31,1,da9ade15ccb3
MALUKU,03,Kab. Maluku Tengah,,2013,,1 4.192,,"PDRB Per Kapita Atas Dasar Harga Berlaku di Provinsi Maluku Menurut Kabupaten/Kota, 2011-2015 (Ribu Rupiah)","Per Capita GRDP at Current Market Prices by Regency/Municipality, in Maluku Province, 2011-2015 (Thousand Rupiahs)",31,1,734b22badea8
MALUKU,04,Kab. Buru,,2013,,1 1.710,,"PDRB Per Kapita Atas Dasar Harga Berlaku di Provinsi Maluku Menurut Kabupaten/Kota, 2011-2015 (Ribu Rupiah)","Per Capita GRDP at Current Market Prices by Regency/Municipality, in Maluku Province, 2011-2015 (Thousand Rupiahs)",31,1,9e8da7cf70b1
MALUKU,05,Kab. Kepulauan Aru,,2013,,2 3.360,,"PDRB Per Kapita Atas Dasar Harga Berlaku di Provinsi Maluku Menurut Kabupaten/Kota, 2011-2015 (Ribu Rupiah)","Per Capita GRDP at Current Market Prices by Regency/Municipality, in Maluku Province, 2011-2015 (Thousand Rupiahs)",31,1,5cf1c5cf22db
MALUKU,06,Kab. Seram Bagian Barat,,2013,,1 0.605,,"PDRB Per Kapita Atas Dasar Harga Berlaku di Provinsi Maluku Menurut Kabupaten/Kota, 2011-2015 (Ribu Rupiah)","Per Capita GRDP at Current Market Prices by Regency/Municipality, in Maluku Province, 2011-2015 (Thousand Rupiahs)",31,1,d8a41b734572
MALUKU,07,Kab. Seram Bagian Timur,,2013,,2 0.439,,"PDRB Per Kapita Atas Dasar Harga Berlaku di Provinsi Maluku Menurut Kabupaten/Kota, 2011-2015 (Ribu Rupiah)","Per Capita GRDP at Current Market Prices by Regency/Municipality, in Maluku Province, 2011-2015 (Thousand Rupiahs)",31,1,8034331fdb06
MALUKU,08,Kab. Maluku Barat Daya,,2013,,1 3.108,,"PDRB Per Kapita Atas Dasar Harga Berlaku di Provinsi Maluku Menurut Kabupaten/Kota, 2011-2015 (Ribu Rupiah)","Per Capita GRDP at Current Market Prices by Regency/Municipality, in Maluku Province, 2011-2015 (Thousand Rupiahs)",31,1,ea0d0985fa4c
MALUKU,09,Kab. Buru Selatan,,2013,,1 3.821,,"PDRB Per Kapita Atas Dasar Harga Berlaku di Provinsi Maluku Menurut Kabupaten/Kota, 2011-2015 (Ribu Rupiah)","Per Capita GRDP at Current Market Prices by Regency/Municipality, in Maluku Province, 2011-2015 (Thousand Rupiahs)",31,1,32772862a497
MALUKU,71,Kota Ambon,,2013,,2 3.242,,"PDRB Per Kapita Atas Dasar Harga Berlaku di Provinsi Maluku Menurut Kabupaten/Kota, 2011-2015 (Ribu Rupiah)","Per Capita GRDP at Current Market Prices by Regency/Municipality, in Maluku Province, 2011-2015 (Thousand Rupiahs)",31,1,0d3b2af7fae6
MALUKU,72,Kota Tual,,2013,,2 1.307,,"PDRB Per Kapita Atas Dasar Harga Berlaku di Provinsi Maluku Menurut Kabupaten/Kota, 2011-2015 (Ribu Rupiah)","Per Capita GRDP at Current Market Prices by Regency/Municipality, in Maluku Province, 2011-2015 (Thousand Rupiahs)",31,1,d96b854fbbe6
MALUKU,,Jml Kab./Kota Total of Reg./Mun.,,2013,,1 7.093,,"PDRB Per Kapita Atas Dasar Harga Berlaku di Provinsi Maluku Menurut Kabupaten/Kota, 2011-2015 (Ribu Rupiah)","Per Capita GRDP at Current Market Prices by Regency/Municipality, in Maluku Province, 2011-2015 (Thousand Rupiahs)",31,1,d0aee2ce0ff3
MALUKU,,Provinsi/Province,,2013,,1 7.093,,"PDRB Per Kapita Atas Dasar Harga Berlaku di Provinsi Maluku Menurut Kabupaten/Kota, 2011-2015 (Ribu Rupiah)","Per Capita GRDP at Current Market Prices by Regency/Municipality, in Maluku Province, 2011-2015 (Thousand Rupiahs)",31,1,9b9295d90093
MALUKU UTARA,01,Kab. Halmahera Barat,,2013,,1 2.335,,"PDRB Per Kapita Atas Dasar Harga Berlaku di Provinsi Maluku Utara Menurut Kabupaten/Kota, 2011-2015 (Ribu Rupiah)","Per Capita GRDP at Current Market Prices by Regency/Municipality, in Maluku Utara Province, 2011-2015 (Thousand Rupiahs)",32,2,aee24e2577a2
MALUKU UTARA,02,Kab. Halmahera Tengah,,2013,,2 8.646,,"PDRB Per Kapita Atas Dasar Harga Berlaku di Provinsi Maluku Utara Menurut Kabupaten/Kota, 2011-2015 (Ribu Rupiah)","Per Capita GRDP at Current Market Prices by Regency/Municipality, in Maluku Utara Province, 2011-2015 (Thousand Rupiahs)",32,2,398def78c52d
MALUKU UTARA,03,Kab. Kepulauan Sula,,2013,,1 5.493,,"PDRB Per Kapita Atas Dasar Harga Berlaku di Provinsi Maluku Utara Menurut Kabupaten/Kota, 2011-2015 (Ribu Rupiah)","Per Capita GRDP at Current Market Prices by Regency/Municipality, in Maluku Utara Province, 2011-2015 (Thousand Rupiahs)",32,2,06e9f254cebf
MALUKU UTARA,08,Kab. Pulau Taliabu,#),2013,,1 5.565,,"PDRB Per Kapita Atas Dasar Harga Berlaku di Provinsi Maluku Utara Menurut Kabupaten/Kota, 2011-2015 (Ribu Rupiah)","Per Capita GRDP at Current Market Prices by Regency/Municipality, in Maluku Utara Province, 2011-2015 (Thousand Rupiahs)",32,2,2839e752cab8
MALUKU UTARA,04,Kab. Halmahera Selatan,,2013,,1 4.938,,"PDRB Per Kapita Atas Dasar Harga Berlaku di Provinsi Maluku Utara Menurut Kabupaten/Kota, 2011-2015 (Ribu Rupiah)","Per Capita GRDP at Current Market Prices by Regency/Municipality, in Maluku Utara Province, 2011-2015 (Thousand Rupiahs)",32,2,bf2f45656449
MALUKU UTARA,05,Kab. Halmahera Utara,,2013,,1 9.052,,"PDRB Per Kapita Atas Dasar Harga Berlaku di Provinsi Maluku Utara Menurut Kabupaten/Kota, 2011-2015 (Ribu Rupiah)","Per Capita GRDP at Current Market Prices by Regency/Municipality, in Maluku Utara Province, 2011-2015 (Thousand Rupiahs)",32,2,3330d0bf4133
MALUKU UTARA,06,Kab. Halmahera Timur,,2013,,2 7.402,,"PDRB Per Kapita Atas Dasar Harga Berlaku di Provinsi Maluku Utara Menurut Kabupaten/Kota, 2011-2015 (Ribu Rupiah)","Per Capita GRDP at Current Market Prices by Regency/Municipality, in Maluku Utara Province, 2011-2015 (Thousand Rupiahs)",32,2,469477e22ef8
MALUKU UTARA,07,Kab. Pulau Morotai,,2013,,1 4.865,,"PDRB Per Kapita Atas Dasar Harga Berlaku di Provinsi Maluku Utara Menurut Kabupaten/Kota, 2011-2015 (Ribu Rupiah)","Per Capita GRDP at Current Market Prices by Regency/Municipality, in Maluku Utara Province, 2011-2015 (Thousand Rupiahs)",32,2,83a682b6c6da
MALUKU UTARA,71,Kota Ternate,,2013,,2 6.740,,"PDRB Per Kapita Atas Dasar Harga Berlaku di Provinsi Maluku Utara Menurut Kabupaten/Kota, 2011-2015 (Ribu Rupiah)","Per Capita GRDP at Current Market Prices by Regency/Municipality, in Maluku Utara Province, 2011-2015 (Thousand Rupiahs)",32,2,50a75c2edd49
MALUKU UTARA,72,Kota Tidore Kepulauan,,2013,,1 7.407,,"PDRB Per Kapita Atas Dasar Harga Berlaku di Provinsi Maluku Utara Menurut Kabupaten/Kota, 2011-2015 (Ribu Rupiah)","Per Capita GRDP at Current Market Prices by Regency/Municipality, in Maluku Utara Province, 2011-2015 (Thousand Rupiahs)",32,2,b6a6f1a9ce23
MALUKU UTARA,,Jml Kab./Kota Total of Reg./Mun.,,2013,,1 9.231,,"PDRB Per Kapita Atas Dasar Harga Berlaku di Provinsi Maluku Utara Menurut Kabupaten/Kota, 2011-2015 (Ribu Rupiah)","Per Capita GRDP at Current Market Prices by Regency/Municipality, in Maluku Utara Province, 2011-2015 (Thousand Rupiahs)",32,2,824abefc8c53
MALUKU UTARA,,Provinsi/Province,,2013,,1 9.230,,"PDRB Per Kapita Atas Dasar Harga Berlaku di Provinsi Maluku Utara Menurut Kabupaten/Kota, 2011-2015 (Ribu Rupiah)","Per Capita GRDP at Current Market Prices by Regency/Municipality, in Maluku Utara Province, 2011-2015 (Thousand Rupiahs)",32,2,bbad2ea7aebc
PAPUA BARAT,01,Kab. Fak-Fak,,2013,,4 0.212,,"PDRB Per Kapita Atas Dasar Harga Berlaku di Provinsi Papua Barat Menurut Kabupaten/Kota, 2011-2015 (Ribu Rupiah)","Per Capita GRDP at Current Market Prices by Regency/Municipality, in Papua Barat Province, 2011-2015 (Thousand Rupiahs)",33,3,859172dc7687
PAPUA BARAT,02,Kab. Kaimana,,2013,,3 1.052,,"PDRB Per Kapita Atas Dasar Harga Berlaku di Provinsi Papua Barat Menurut Kabupaten/Kota, 2011-2015 (Ribu Rupiah)","Per Capita GRDP at Current Market Prices by Regency/Municipality, in Papua Barat Province, 2011-2015 (Thousand Rupiahs)",33,3,0debe78ac5cd
PAPUA BARAT,03,Kab. Teluk Wondama,,2013,,3 1.647,,"PDRB Per Kapita Atas Dasar Harga Berlaku di Provinsi Papua Barat Menurut Kabupaten/Kota, 2011-2015 (Ribu Rupiah)","Per Capita GRDP at Current Market Prices by Regency/Municipality, in Papua Barat Province, 2011-2015 (Thousand Rupiahs)",33,3,a12c4eed720e
PAPUA BARAT,04,Kab. Teluk Bintuni,,2013,,3 99.867,,"PDRB Per Kapita Atas Dasar Harga Berlaku di Provinsi Papua Barat Menurut Kabupaten/Kota, 2011-2015 (Ribu Rupiah)","Per Capita GRDP at Current Market Prices by Regency/Municipality, in Papua Barat Province, 2011-2015 (Thousand Rupiahs)",33,3,347205a0da0f
PAPUA BARAT,05,Kab. Manokwari,,2013,,3 6.363,,"PDRB Per Kapita Atas Dasar Harga Berlaku di Provinsi Papua Barat Menurut Kabupaten/Kota, 2011-2015 (Ribu Rupiah)","Per Capita GRDP at Current Market Prices by Regency/Municipality, in Papua Barat Province, 2011-2015 (Thousand Rupiahs)",33,3,37f70bb69ffe
PAPUA BARAT,11,Kab. Manokwari Selatan,#),2013,,2 3.524,,"PDRB Per Kapita Atas Dasar Harga Berlaku di Provinsi Papua Barat Menurut Kabupaten/Kota, 2011-2015 (Ribu Rupiah)","Per Capita GRDP at Current Market Prices by Regency/Municipality, in Papua Barat Province, 2011-2015 (Thousand Rupiahs)",33,3,2cc14cd4fc3f
PAPUA BARAT,12,Kab. Pegunungan Arfak,#),2013,,4 .312,,"PDRB Per Kapita Atas Dasar Harga Berlaku di Provinsi Papua Barat Menurut Kabupaten/Kota, 2011-2015 (Ribu Rupiah)","Per Capita GRDP at Current Market Prices by Regency/Municipality, in Papua Barat Province, 2011-2015 (Thousand Rupiahs)",33,3,ddb077d9f795
PAPUA BARAT,06,Kab. Sorong Selatan,,2013,,2 5.065,,"PDRB Per Kapita Atas Dasar Harga Berlaku di Provinsi Papua Barat Menurut Kabupaten/Kota, 2011-2015 (Ribu Rupiah)","Per Capita GRDP at Current Market Prices by Regency/Municipality, in Papua Barat Province, 2011-2015 (Thousand Rupiahs)",33,3,f40df667f79d
PAPUA BARAT,07,Kab. Sorong,,2013,,1 05.742,,"PDRB Per Kapita Atas Dasar Harga Berlaku di Provinsi Papua Barat Menurut Kabupaten/Kota, 2011-2015 (Ribu Rupiah)","Per Capita GRDP at Current Market Prices by Regency/Municipality, in Papua Barat Province, 2011-2015 (Thousand Rupiahs)",33,3,f8beceff73c2
PAPUA BARAT,08,Kab. Raja Ampat,,2013,,4 7.457,,"PDRB Per Kapita Atas Dasar Harga Berlaku di Provinsi Papua Barat Menurut Kabupaten/Kota, 2011-2015 (Ribu Rupiah)","Per Capita GRDP at Current Market Prices by Regency/Municipality, in Papua Barat Province, 2011-2015 (Thousand Rupiahs)",33,3,db5215f651e3
PAPUA BARAT,09,Kab. Tambrauw,,2013,,9 .375,,"PDRB Per Kapita Atas Dasar Harga Berlaku di Provinsi Papua Barat Menurut Kabupaten/Kota, 2011-2015 (Ribu Rupiah)","Per Capita GRDP at Current Market Prices by Regency/Municipality, in Papua Barat Province, 2011-2015 (Thousand Rupiahs)",33,3,d14c78f5305f
PAPUA BARAT,10,Kab. Maybrat,,2013,,1 0.686,,"PDRB Per Kapita Atas Dasar Harga Berlaku di Provinsi Papua Barat Menurut Kabupaten/Kota, 2011-2015 (Ribu Rupiah)","Per Capita GRDP at Current Market Prices by Regency/Municipality, in Papua Barat Province, 2011-2015 (Thousand Rupiahs)",33,3,6640ea51cd5c
PAPUA BARAT,71,Kota Sorong,,2013,,3 6.144,,"PDRB Per Kapita Atas Dasar Harga Berlaku di Provinsi Papua Barat Menurut Kabupaten/Kota, 2011-2015 (Ribu Rupiah)","Per Capita GRDP at Current Market Prices by Regency/Municipality, in Papua Barat Province, 2011-2015 (Thousand Rupiahs)",33,3,f2a5741223a0
PAPUA BARAT,,Jml Kab./Kota Total of Reg./Mun.,,2013,,6 4.539,,"PDRB Per Kapita Atas Dasar Harga Berlaku di Provinsi Papua Barat Menurut Kabupaten/Kota, 2011-2015 (Ribu Rupiah)","Per Capita GRDP at Current Market Prices by Regency/Municipality, in Papua Barat Province, 2011-2015 (Thousand Rupiahs)",33,3,77158feaa009
PAPUA BARAT,,Provinsi/Province,,2013,,6 3.984,,"PDRB Per Kapita Atas Dasar Harga Berlaku di Provinsi Papua Barat Menurut Kabupaten/Kota, 2011-2015 (Ribu Rupiah)","Per Capita GRDP at Current Market Prices by Regency/Municipality, in Papua Barat Province, 2011-2015 (Thousand Rupiahs)",33,3,aeb68421711c
PAPUA,01,Kab. Merauke,,2013,,3 7.159,,"PDRB Per Kapita Atas Dasar Harga Berlaku di Provinsi Papua Menurut Kabupaten/Kota, 2011-2015 (Ribu Rupiah)","Per Capita GRDP at Current Market Prices by Regency/Municipality, in Papua Province, 2011-2015 (Thousand Rupiahs)",34,4,dd641b8d1dec
PAPUA,02,Kab. Jayawijaya,,2013,,2 0.308,,"PDRB Per Kapita Atas Dasar Harga Berlaku di Provinsi Papua Menurut Kabupaten/Kota, 2011-2015 (Ribu Rupiah)","Per Capita GRDP at Current Market Prices by Regency/Municipality, in Papua Province, 2011-2015 (Thousand Rupiahs)",34,4,e54c436fa31a
PAPUA,03,Kab. Jayapura,,2013,,5 9.274,,"PDRB Per Kapita Atas Dasar Harga Berlaku di Provinsi Papua Menurut Kabupaten/Kota, 2011-2015 (Ribu Rupiah)","Per Capita GRDP at Current Market Prices by Regency/Municipality, in Papua Province, 2011-2015 (Thousand Rupiahs)",34,4,da6dcfc52609
PAPUA,04,Kab. Nabire,,2013,,4 2.921,,"PDRB Per Kapita Atas Dasar Harga Berlaku di Provinsi Papua Menurut Kabupaten/Kota, 2011-2015 (Ribu Rupiah)","Per Capita GRDP at Current Market Prices by Regency/Municipality, in Papua Province, 2011-2015 (Thousand Rupiahs)",34,4,51b5d66fdee2
PAPUA,08,Kab. Kepulauan Yapen,,2013,,2 6.897,,"PDRB Per Kapita Atas Dasar Harga Berlaku di Provinsi Papua Menurut Kabupaten/Kota, 2011-2015 (Ribu Rupiah)","Per Capita GRDP at Current Market Prices by Regency/Municipality, in Papua Province, 2011-2015 (Thousand Rupiahs)",34,4,a3a75f4c115b
PAPUA,09,Kab. Biak Numfor,,2013,,2 5.478,,"PDRB Per Kapita Atas Dasar Harga Berlaku di Provinsi Papua Menurut Kabupaten/Kota, 2011-2015 (Ribu Rupiah)","Per Capita GRDP at Current Market Prices by Regency/Municipality, in Papua Province, 2011-2015 (Thousand Rupiahs)",34,4,62e34e880196
PAPUA,10,Kab. Paniai,,2013,,1 3.706,,"PDRB Per Kapita Atas Dasar Harga Berlaku di Provinsi Papua Menurut Kabupaten/Kota, 2011-2015 (Ribu Rupiah)","Per Capita GRDP at Current Market Prices by Regency/Municipality, in Papua Province, 2011-2015 (Thousand Rupiahs)",34,4,af1602f6d708
PAPUA,11,Kab. Puncak Jaya,,2013,,7 .435,,"PDRB Per Kapita Atas Dasar Harga Berlaku di Provinsi Papua Menurut Kabupaten/Kota, 2011-2015 (Ribu Rupiah)","Per Capita GRDP at Current Market Prices by Regency/Municipality, in Papua Province, 2011-2015 (Thousand Rupiahs)",34,4,c85351fc9c1a
PAPUA,12,Kab. Mimika,,2013,,2 66.057,,"PDRB Per Kapita Atas Dasar Harga Berlaku di Provinsi Papua Menurut Kabupaten/Kota, 2011-2015 (Ribu Rupiah)","Per Capita GRDP at Current Market Prices by Regency/Municipality, in Papua Province, 2011-2015 (Thousand Rupiahs)",34,4,409203481c37
PAPUA,13,Kab. Boven Digoel,,2013,,4 7.386,,"PDRB Per Kapita Atas Dasar Harga Berlaku di Provinsi Papua Menurut Kabupaten/Kota, 2011-2015 (Ribu Rupiah)","Per Capita GRDP at Current Market Prices by Regency/Municipality, in Papua Province, 2011-2015 (Thousand Rupiahs)",34,4,c584709bacad
PAPUA,14,Kab. Mappi,,2013,,1 6.740,,"PDRB Per Kapita Atas Dasar Harga Berlaku di Provinsi Papua Menurut Kabupaten/Kota, 2011-2015 (Ribu Rupiah)","Per Capita GRDP at Current Market Prices by Regency/Municipality, in Papua Province, 2011-2015 (Thousand Rupiahs)",34,4,4e924f563f43
PAPUA,15,Kab. Asmat,,2013,,1 5.363,,"PDRB Per Kapita Atas Dasar Harga Berlaku di Provinsi Papua Menurut Kabupaten/Kota, 2011-2015 (Ribu Rupiah)","Per Capita GRDP at Current Market Prices by Regency/Municipality, in Papua Province, 2011-2015 (Thousand Rupiahs)",34,4,603d2494732d
PAPUA,16,Kab. Yahukimo,,2013,,7 .643,,"PDRB Per Kapita Atas Dasar Harga Berlaku di Provinsi Papua Menurut Kabupaten/Kota, 2011-2015 (Ribu Rupiah)","Per Capita GRDP at Current Market Prices by Regency/Municipality, in Papua Province, 2011-2015 (Thousand Rupiahs)",34,4,fa249e62bde6
PAPUA,17,Kab. Pegunungan Bintang,,2013,,1 5.547,,"PDRB Per Kapita Atas Dasar Harga Berlaku di Provinsi Papua Menurut Kabupaten/Kota, 2011-2015 (Ribu Rupiah)","Per Capita GRDP at Current Market Prices by Regency/Municipality, in Papua Province, 2011-2015 (Thousand Rupiahs)",34,4,843c0f3b08bf
PAPUA,18,Kab. Tolikara,,2013,,7 .198,,"PDRB Per Kapita Atas Dasar Harga Berlaku di Provinsi Papua Menurut Kabupaten/Kota, 2011-2015 (Ribu Rupiah)","Per Capita GRDP at Current Market Prices by Regency/Municipality, in Papua Province, 2011-2015 (Thousand Rupiahs)",34,4,be2e68eca0cc
PAPUA,19,Kab. Sarmi,,2013,,3 9.903,,"PDRB Per Kapita Atas Dasar Harga Berlaku di Provinsi Papua Menurut Kabupaten/Kota, 2011-2015 (Ribu Rupiah)","Per Capita GRDP at Current Market Prices by Regency/Municipality, in Papua Province, 2011-2015 (Thousand Rupiahs)",34,4,ce87fe28e1c1
PAPUA,20,Kab. Keerom,,2013,,3 1.440,,"PDRB Per Kapita Atas Dasar Harga Berlaku di Provinsi Papua Menurut Kabupaten/Kota, 2011-2015 (Ribu Rupiah)","Per Capita GRDP at Current Market Prices by Regency/Municipality, in Papua Province, 2011-2015 (Thousand Rupiahs)",34,4,486585ec5854
PAPUA,26,Kab. Waropen,,2013,,3 9.252,,"PDRB Per Kapita Atas Dasar Harga Berlaku di Provinsi Papua Menurut Kabupaten/Kota, 2011-2015 (Ribu Rupiah)","Per Capita GRDP at Current Market Prices by Regency/Municipality, in Papua Province, 2011-2015 (Thousand Rupiahs)",34,4,f9ff7e622e48
PAPUA,27,Kab. Supiori,,2013,,3 7.133,,"PDRB Per Kapita Atas Dasar Harga Berlaku di Provinsi Papua Menurut Kabupaten/Kota, 2011-2015 (Ribu Rupiah)","Per Capita GRDP at Current Market Prices by Regency/Municipality, in Papua Province, 2011-2015 (Thousand Rupiahs)",34,4,cd41111e2f69
PAPUA,28,Kab. Mamberamo Raya,,2013,,3 7.211,,"PDRB Per Kapita Atas Dasar Harga Berlaku di Provinsi Papua Menurut Kabupaten/Kota, 2011-2015 (Ribu Rupiah)","Per Capita GRDP at Current Market Prices by Regency/Municipality, in Papua Province, 2011-2015 (Thousand Rupiahs)",34,4,0eed46522fb6
PAPUA,29,Kab. Nduga,,2013,,7 .049,,"PDRB Per Kapita Atas Dasar Harga Berlaku di Provinsi Papua Menurut Kabupaten/Kota, 2011-2015 (Ribu Rupiah)","Per Capita GRDP at Current Market Prices by Regency/Municipality, in Papua Province, 2011-2015 (Thousand Rupiahs)",34,4,0ca23dd7c1d9
PAPUA,30,Kab. Lanny Jaya,,2013,,5 .932,,"PDRB Per Kapita Atas Dasar Harga Berlaku di Provinsi Papua Menurut Kabupaten/Kota, 2011-2015 (Ribu Rupiah)","Per Capita GRDP at Current Market Prices by Regency/Municipality, in Papua Province, 2011-2015 (Thousand Rupiahs)",34,4,7f12833853fa
PAPUA,31,Kab. Mamberamo Tengah,,2013,,1 4.422,,"PDRB Per Kapita Atas Dasar Harga Berlaku di Provinsi Papua Menurut Kabupaten/Kota, 2011-2015 (Ribu Rupiah)","Per Capita GRDP at Current Market Prices by Regency/Municipality, in Papua Province, 2011-2015 (Thousand Rupiahs)",34,4,a7a09bbaa2fd
PAPUA,32,Kab. Yalimo,,2013,,1 0.743,,"PDRB Per Kapita Atas Dasar Harga Berlaku di Provinsi Papua Menurut Kabupaten/Kota, 2011-2015 (Ribu Rupiah)","Per Capita GRDP at Current Market Prices by Regency/Municipality, in Papua Province, 2011-2015 (Thousand Rupiahs)",34,4,dd0175ef785b
PAPUA,33,Kab. Puncak,,2013,,6 .527,,"PDRB Per Kapita Atas Dasar Harga Berlaku di Provinsi Papua Menurut Kabupaten/Kota, 2011-2015 (Ribu Rupiah)","Per Capita GRDP at Current Market Prices by Regency/Municipality, in Papua Province, 2011-2015 (Thousand Rupiahs)",34,4,d74e0543596b
PAPUA,34,Kab. Dogiyai,,2013,,7 .570,,"PDRB Per Kapita Atas Dasar Harga Berlaku di Provinsi Papua Menurut Kabupaten/Kota, 2011-2015 (Ribu Rupiah)","Per Capita GRDP at Current Market Prices by Regency/Municipality, in Papua Province, 2011-2015 (Thousand Rupiahs)",34,4,6fa34e1001fe
PAPUA,35,Kab.intan Jaya,,2013,,1 4.379,,"PDRB Per Kapita Atas Dasar Harga Berlaku di Provinsi Papua Menurut Kabupaten/Kota, 2011-2015 (Ribu Rupiah)","Per Capita GRDP at Current Market Prices by Regency/Municipality, in Papua Province, 2011-2015 (Thousand Rupiahs)",34,4,19647c542edd
PAPUA,36,Kab. Deiyai,,2013,,9 .471,,"PDRB Per Kapita Atas Dasar Harga Berlaku di Provinsi Papua Menurut Kabupaten/Kota, 2011-2015 (Ribu Rupiah)","Per Capita GRDP at Current Market Prices by Regency/Municipality, in Papua Province, 2011-2015 (Thousand Rupiahs)",34,4,f57a5d629413
PAPUA,71,Kota Jayapura,,2013,,6 4.483,,"PDRB Per Kapita Atas Dasar Harga Berlaku di Provinsi Papua Menurut Kabupaten/Kota, 2011-2015 (Ribu Rupiah)","Per Capita GRDP at Current Market Prices by Regency/Municipality, in Papua Province, 2011-2015 (Thousand Rupiahs)",34,4,0f92f4c8fc56
PAPUA,,Jml Kab./Kota Total of Reg./Mun.,,2013,,4 0.667,,"PDRB Per Kapita Atas Dasar Harga Berlaku di Provinsi Papua Menurut Kabupaten/Kota, 2011-2015 (Ribu Rupiah)","Per Capita GRDP at Current Market Prices by Regency/Municipality, in Papua Province, 2011-2015 (Thousand Rupiahs)",34,4,fd5a2b168fe7
PAPUA,,Provinsi/Province,,2013,,4 0.514,,"PDRB Per Kapita Atas Dasar Harga Berlaku di Provinsi Papua Menurut Kabupaten/Kota, 2011-2015 (Ribu Rupiah)","Per Capita GRDP at Current Market Prices by Regency/Municipality, in Papua Province, 2011-2015 (Thousand Rupiahs)",34,4,423bdd931656
MALUKU,01,Kab. Maluku Tenggara Barat,,2014,*),1 5.645,,"PDRB Per Kapita Atas Dasar Harga Berlaku di Provinsi Maluku Menurut Kabupaten/Kota, 2011-2015 (Ribu Rupiah)","Per Capita GRDP at Current Market Prices by Regency/Municipality, in Maluku Province, 2011-2015 (Thousand Rupiahs)",31,1,b67198e8194f
MALUKU,02,Kab. Maluku Tenggara,,2014,*),2 0.959,,"PDRB Per Kapita Atas Dasar Harga Berlaku di Provinsi Maluku Menurut Kabupaten/Kota, 2011-2015 (Ribu Rupiah)","Per Capita GRDP at Current Market Prices by Regency/Municipality, in Maluku Province, 2011-2015 (Thousand Rupiahs)",31,1,098b21f08549
MALUKU,03,Kab. Maluku Tengah,,2014,*),1 6.075,,"PDRB Per Kapita Atas Dasar Harga Berlaku di Provinsi Maluku Menurut Kabupaten/Kota, 2011-2015 (Ribu Rupiah)","Per Capita GRDP at Current Market Prices by Regency/Municipality, in Maluku Province, 2011-2015 (Thousand Rupiahs)",31,1,2e5ec14bc78f
MALUKU,04,Kab. Buru,,2014,*),1 2.802,,"PDRB Per Kapita Atas Dasar Harga Berlaku di Provinsi Maluku Menurut Kabupaten/Kota, 2011-2015 (Ribu Rupiah)","Per Capita GRDP at Current Market Prices by Regency/Municipality, in Maluku Province, 2011-2015 (Thousand Rupiahs)",31,1,8d6a1568f353
MALUKU,05,Kab. Kepulauan Aru,,2014,*),2 6.233,,"PDRB Per Kapita Atas Dasar Harga Berlaku di Provinsi Maluku Menurut Kabupaten/Kota, 2011-2015 (Ribu Rupiah)","Per Capita GRDP at Current Market Prices by Regency/Municipality, in Maluku Province, 2011-2015 (Thousand Rupiahs)",31,1,43d4f1e8e950
MALUKU,06,Kab. Seram Bagian Barat,,2014,*),1 1.983,,"PDRB Per Kapita Atas Dasar Harga Berlaku di Provinsi Maluku Menurut Kabupaten/Kota, 2011-2015 (Ribu Rupiah)","Per Capita GRDP at Current Market Prices by Regency/Municipality, in Maluku Province, 2011-2015 (Thousand Rupiahs)",31,1,f1bac9848991
MALUKU,07,Kab. Seram Bagian Timur,,2014,*),2 2.858,,"PDRB Per Kapita Atas Dasar Harga Berlaku di Provinsi Maluku Menurut Kabupaten/Kota, 2011-2015 (Ribu Rupiah)","Per Capita GRDP at Current Market Prices by Regency/Municipality, in Maluku Province, 2011-2015 (Thousand Rupiahs)",31,1,4b93d1792eb2
MALUKU,08,Kab. Maluku Barat Daya,,2014,*),1 5.510,,"PDRB Per Kapita Atas Dasar Harga Berlaku di Provinsi Maluku Menurut Kabupaten/Kota, 2011-2015 (Ribu Rupiah)","Per Capita GRDP at Current Market Prices by Regency/Municipality, in Maluku Province, 2011-2015 (Thousand Rupiahs)",31,1,6f81fae8f844
MALUKU,09,Kab. Buru Selatan,,2014,*),1 5.491,,"PDRB Per Kapita Atas Dasar Harga Berlaku di Provinsi Maluku Menurut Kabupaten/Kota, 2011-2015 (Ribu Rupiah)","Per Capita GRDP at Current Market Prices by Regency/Municipality, in Maluku Province, 2011-2015 (Thousand Rupiahs)",31,1,e1c0a85946e6
MALUKU,71,Kota Ambon,,2014,*),2 5.133,,"PDRB Per Kapita Atas Dasar Harga Berlaku di Provinsi Maluku Menurut Kabupaten/Kota, 2011-2015 (Ribu Rupiah)","Per Capita GRDP at Current Market Prices by Regency/Municipality, in Maluku Province, 2011-2015 (Thousand Rupiahs)",31,1,499d3aa065c3
MALUKU,72,Kota Tual,,2014,*),2 3.770,,"PDRB Per Kapita Atas Dasar Harga Berlaku di Provinsi Maluku Menurut Kabupaten/Kota, 2011-2015 (Ribu Rupiah)","Per Capita GRDP at Current Market Prices by Regency/Municipality, in Maluku Province, 2011-2015 (Thousand Rupiahs)",31,1,1e9aaa1b7905
MALUKU,,Jml Kab./Kota Total of Reg./Mun.,,2014,*),1 9.085,,"PDRB Per Kapita Atas Dasar Harga Berlaku di Provinsi Maluku Menurut Kabupaten/Kota, 2011-2015 (Ribu Rupiah)","Per Capita GRDP at Current Market Prices by Regency/Municipality, in Maluku Province, 2011-2015 (Thousand Rupiahs)",31,1,043123ba9846
MALUKU,,Provinsi/Province,,2014,*),1 9.098,,"PDRB Per Kapita Atas Dasar Harga Berlaku di Provinsi Maluku Menurut Kabupaten/Kota, 2011-2015 (Ribu Rupiah)","Per Capita GRDP at Current Market Prices by Regency/Municipality, in Maluku Province, 2011-2015 (Thousand Rupiahs)",31,1,47c97c112d7a
MALUKU UTARA,01,Kab. Halmahera Barat,,2014,*),1 3.561,,"PDRB Per Kapita Atas Dasar Harga Berlaku di Provinsi Maluku Utara Menurut Kabupaten/Kota, 2011-2015 (Ribu Rupiah)","Per Capita GRDP at Current Market Prices by Regency/Municipality, in Maluku Utara Province, 2011-2015 (Thousand Rupiahs)",32,2,3d272b072f58
MALUKU UTARA,02,Kab. Halmahera Tengah,,2014,*),2 9.309,,"PDRB Per Kapita Atas Dasar Harga Berlaku di Provinsi Maluku Utara Menurut Kabupaten/Kota, 2011-2015 (Ribu Rupiah)","Per Capita GRDP at Current Market Prices by Regency/Municipality, in Maluku Utara Province, 2011-2015 (Thousand Rupiahs)",32,2,c37a7a73d44a
MALUKU UTARA,03,Kab. Kepulauan Sula,,2014,*),1 7.208,,"PDRB Per Kapita Atas Dasar Harga Berlaku di Provinsi Maluku Utara Menurut Kabupaten/Kota, 2011-2015 (Ribu Rupiah)","Per Capita GRDP at Current Market Prices by Regency/Municipality, in Maluku Utara Province, 2011-2015 (Thousand Rupiahs)",32,2,4156462dda4e
MALUKU UTARA,08,Kab. Pulau Taliabu,#),2014,*),1 7.547,,"PDRB Per Kapita Atas Dasar Harga Berlaku di Provinsi Maluku Utara Menurut Kabupaten/Kota, 2011-2015 (Ribu Rupiah)","Per Capita GRDP at Current Market Prices by Regency/Municipality, in Maluku Utara Province, 2011-2015 (Thousand Rupiahs)",32,2,dfedcfea9dcc
MALUKU UTARA,04,Kab. Halmahera Selatan,,2014,*),1 6.819,,"PDRB Per Kapita Atas Dasar Harga Berlaku di Provinsi Maluku Utara Menurut Kabupaten/Kota, 2011-2015 (Ribu Rupiah)","Per Capita GRDP at Current Market Prices by Regency/Municipality, in Maluku Utara Province, 2011-2015 (Thousand Rupiahs)",32,2,8351500c2170
MALUKU UTARA,05,Kab. Halmahera Utara,,2014,*),2 1.099,,"PDRB Per Kapita Atas Dasar Harga Berlaku di Provinsi Maluku Utara Menurut Kabupaten/Kota, 2011-2015 (Ribu Rupiah)","Per Capita GRDP at Current Market Prices by Regency/Municipality, in Maluku Utara Province, 2011-2015 (Thousand Rupiahs)",32,2,01088db5238c
MALUKU UTARA,06,Kab. Halmahera Timur,,2014,*),2 5.469,,"PDRB Per Kapita Atas Dasar Harga Berlaku di Provinsi Maluku Utara Menurut Kabupaten/Kota, 2011-2015 (Ribu Rupiah)","Per Capita GRDP at Current Market Prices by Regency/Municipality, in Maluku Utara Province, 2011-2015 (Thousand Rupiahs)",32,2,609fc87e8761
MALUKU UTARA,07,Kab. Pulau Morotai,,2014,*),1 6.408,,"PDRB Per Kapita Atas Dasar Harga Berlaku di Provinsi Maluku Utara Menurut Kabupaten/Kota, 2011-2015 (Ribu Rupiah)","Per Capita GRDP at Current Market Prices by Regency/Municipality, in Maluku Utara Province, 2011-2015 (Thousand Rupiahs)",32,2,4a7c74e6f540
MALUKU UTARA,71,Kota Ternate,,2014,*),3 0.077,,"PDRB Per Kapita Atas Dasar Harga Berlaku di Provinsi Maluku Utara Menurut Kabupaten/Kota, 2011-2015 (Ribu Rupiah)","Per Capita GRDP at Current Market Prices by Regency/Municipality, in Maluku Utara Province, 2011-2015 (Thousand Rupiahs)",32,2,7276d323e6bc
MALUKU UTARA,72,Kota Tidore Kepulauan,,2014,*),1 9.488,,"PDRB Per Kapita Atas Dasar Harga Berlaku di Provinsi Maluku Utara Menurut Kabupaten/Kota, 2011-2015 (Ribu Rupiah)","Per Capita GRDP at Current Market Prices by Regency/Municipality, in Maluku Utara Province, 2011-2015 (Thousand Rupiahs)",32,2,95a4ce539012
MALUKU UTARA,,Jml Kab./Kota Total of Reg./Mun.,,2014,*),2 1.019,,"PDRB Per Kapita Atas Dasar Harga Berlaku di Provinsi Maluku Utara Menurut Kabupaten/Kota, 2011-2015 (Ribu Rupiah)","Per Capita GRDP at Current Market Prices by Regency/Municipality, in Maluku Utara Province, 2011-2015 (Thousand Rupiahs)",32,2,3e31a28e469e
MALUKU UTARA,,Provinsi/Province,,2014,*),2 1.118,,"PDRB Per Kapita Atas Dasar Harga Berlaku di Provinsi Maluku Utara Menurut Kabupaten/Kota, 2011-2015 (Ribu Rupiah)","Per Capita GRDP at Current Market Prices by Regency/Municipality, in Maluku Utara Province, 2011-2015 (Thousand Rupiahs)",32,2,1e308e691879
PAPUA BARAT,01,Kab. Fak-Fak,,2014,*),4 5.221,,"PDRB Per Kapita Atas Dasar Harga Berlaku di Provinsi Papua Barat Menurut Kabupaten/Kota, 2011-2015 (Ribu Rupiah)","Per Capita GRDP at Current Market Prices by Regency/Municipality, in Papua Barat Province, 2011-2015 (Thousand Rupiahs)",33,3,09a5e8f72e7e
PAPUA BARAT,02,Kab. Kaimana,,2014,*),3 3.830,,"PDRB Per Kapita Atas Dasar Harga Berlaku di Provinsi Papua Barat Menurut Kabupaten/Kota, 2011-2015 (Ribu Rupiah)","Per Capita GRDP at Current Market Prices by Regency/Municipality, in Papua Barat Province, 2011-2015 (Thousand Rupiahs)",33,3,b6eea3a68266
PAPUA BARAT,03,Kab. Teluk Wondama,,2014,*),3 4.804,,"PDRB Per Kapita Atas Dasar Harga Berlaku di Provinsi Papua Barat Menurut Kabupaten/Kota, 2011-2015 (Ribu Rupiah)","Per Capita GRDP at Current Market Prices by Regency/Municipality, in Papua Barat Province, 2011-2015 (Thousand Rupiahs)",33,3,3f47aa9ceb60
PAPUA BARAT,04,Kab. Teluk Bintuni,,2014,*),3 97.526,,"PDRB Per Kapita Atas Dasar Harga Berlaku di Provinsi Papua Barat Menurut Kabupaten/Kota, 2011-2015 (Ribu Rupiah)","Per Capita GRDP at Current Market Prices by Regency/Municipality, in Papua Barat Province, 2011-2015 (Thousand Rupiahs)",33,3,4bc8f95e9133
PAPUA BARAT,05,Kab. Manokwari,,2014,*),4 0.944,,"PDRB Per Kapita Atas Dasar Harga Berlaku di Provinsi Papua Barat Menurut Kabupaten/Kota, 2011-2015 (Ribu Rupiah)","Per Capita GRDP at Current Market Prices by Regency/Municipality, in Papua Barat Province, 2011-2015 (Thousand Rupiahs)",33,3,0576d7dd0a3c
PAPUA BARAT,11,Kab. Manokwari Selatan,#),2014,*),2 6.022,,"PDRB Per Kapita Atas Dasar Harga Berlaku di Provinsi Papua Barat Menurut Kabupaten/Kota, 2011-2015 (Ribu Rupiah)","Per Capita GRDP at Current Market Prices by Regency/Municipality, in Papua Barat Province, 2011-2015 (Thousand Rupiahs)",33,3,aca979d9bea0
PAPUA BARAT,12,Kab. Pegunungan Arfak,#),2014,*),4 .845,,"PDRB Per Kapita Atas Dasar Harga Berlaku di Provinsi Papua Barat Menurut Kabupaten/Kota, 2011-2015 (Ribu Rupiah)","Per Capita GRDP at Current Market Prices by Regency/Municipality, in Papua Barat Province, 2011-2015 (Thousand Rupiahs)",33,3,4a74a7d76cce
PAPUA BARAT,06,Kab. Sorong Selatan,,2014,*),2 8.033,,"PDRB Per Kapita Atas Dasar Harga Berlaku di Provinsi Papua Barat Menurut Kabupaten/Kota, 2011-2015 (Ribu Rupiah)","Per Capita GRDP at Current Market Prices by Regency/Municipality, in Papua Barat Province, 2011-2015 (Thousand Rupiahs)",33,3,432fff763ddc
PAPUA BARAT,07,Kab. Sorong,,2014,*),1 11.040,,"PDRB Per Kapita Atas Dasar Harga Berlaku di Provinsi Papua Barat Menurut Kabupaten/Kota, 2011-2015 (Ribu Rupiah)","Per Capita GRDP at Current Market Prices by Regency/Municipality, in Papua Barat Province, 2011-2015 (Thousand Rupiahs)",33,3,f70701e4ea4f
PAPUA BARAT,08,Kab. Raja Ampat,,2014,*),5 0.717,,"PDRB Per Kapita Atas Dasar Harga Berlaku di Provinsi Papua Barat Menurut Kabupaten/Kota, 2011-2015 (Ribu Rupiah)","Per Capita GRDP at Current Market Prices by Regency/Municipality, in Papua Barat Province, 2011-2015 (Thousand Rupiahs)",33,3,2fe536d775b8
PAPUA BARAT,09,Kab. Tambrauw,,2014,*),1 0.540,,"PDRB Per Kapita Atas Dasar Harga Berlaku di Provinsi Papua Barat Menurut Kabupaten/Kota, 2011-2015 (Ribu Rupiah)","Per Capita GRDP at Current Market Prices by Regency/Municipality, in Papua Barat Province, 2011-2015 (Thousand Rupiahs)",33,3,043a3fef0fcc
PAPUA BARAT,10,Kab. Maybrat,,2014,*),1 1.799,,"PDRB Per Kapita Atas Dasar Harga Berlaku di Provinsi Papua Barat Menurut Kabupaten/Kota, 2011-2015 (Ribu Rupiah)","Per Capita GRDP at Current Market Prices by Regency/Municipality, in Papua Barat Province, 2011-2015 (Thousand Rupiahs)",33,3,16ef6c515470
PAPUA BARAT,71,Kota Sorong,,2014,*),4 2.409,,"PDRB Per Kapita Atas Dasar Harga Berlaku di Provinsi Papua Barat Menurut Kabupaten/Kota, 2011-2015 (Ribu Rupiah)","Per Capita GRDP at Current Market Prices by Regency/Municipality, in Papua Barat Province, 2011-2015 (Thousand Rupiahs)",33,3,41ab32e79e2e
PAPUA BARAT,,Jml Kab./Kota Total of Reg./Mun.,,2014,*),6 8.428,,"PDRB Per Kapita Atas Dasar Harga Berlaku di Provinsi Papua Barat Menurut Kabupaten/Kota, 2011-2015 (Ribu Rupiah)","Per Capita GRDP at Current Market Prices by Regency/Municipality, in Papua Barat Province, 2011-2015 (Thousand Rupiahs)",33,3,14f21991139c
PAPUA BARAT,,Provinsi/Province,,2014,*),6 8.499,,"PDRB Per Kapita Atas Dasar Harga Berlaku di Provinsi Papua Barat Menurut Kabupaten/Kota, 2011-2015 (Ribu Rupiah)","Per Capita GRDP at Current Market Prices by Regency/Municipality, in Papua Barat Province, 2011-2015 (Thousand Rupiahs)",33,3,b773342c1bcf
PAPUA,01,Kab. Merauke,,2014,*),4 1.719,,"PDRB Per Kapita Atas Dasar Harga Berlaku di Provinsi Papua Menurut Kabupaten/Kota, 2011-2015 (Ribu Rupiah)","Per Capita GRDP at Current Market Prices by Regency/Municipality, in Papua Province, 2011-2015 (Thousand Rupiahs)",34,4,fc8e94073e86
PAPUA,02,Kab. Jayawijaya,,2014,*),2 3.312,,"PDRB Per Kapita Atas Dasar Harga Berlaku di Provinsi Papua Menurut Kabupaten/Kota, 2011-2015 (Ribu Rupiah)","Per Capita GRDP at Current Market Prices by Regency/Municipality, in Papua Province, 2011-2015 (Thousand Rupiahs)",34,4,7459ab61da9e
PAPUA,03,Kab. Jayapura,,2014,*),7 0.772,,"PDRB Per Kapita Atas Dasar Harga Berlaku di Provinsi Papua Menurut Kabupaten/Kota, 2011-2015 (Ribu Rupiah)","Per Capita GRDP at Current Market Prices by Regency/Municipality, in Papua Province, 2011-2015 (Thousand Rupiahs)",34,4,d2c3074d028a
PAPUA,04,Kab. Nabire,,2014,*),4 8.980,,"PDRB Per Kapita Atas Dasar Harga Berlaku di Provinsi Papua Menurut Kabupaten/Kota, 2011-2015 (Ribu Rupiah)","Per Capita GRDP at Current Market Prices by Regency/Municipality, in Papua Province, 2011-2015 (Thousand Rupiahs)",34,4,b1c7aca5ea83
PAPUA,08,Kab. Kepulauan Yapen,,2014,*),2 9.683,,"PDRB Per Kapita Atas Dasar Harga Berlaku di Provinsi Papua Menurut Kabupaten/Kota, 2011-2015 (Ribu Rupiah)","Per Capita GRDP at Current Market Prices by Regency/Municipality, in Papua Province, 2011-2015 (Thousand Rupiahs)",34,4,a74280e699f9
PAPUA,09,Kab. Biak Numfor,,2014,*),2 8.746,,"PDRB Per Kapita Atas Dasar Harga Berlaku di Provinsi Papua Menurut Kabupaten/Kota, 2011-2015 (Ribu Rupiah)","Per Capita GRDP at Current Market Prices by Regency/Municipality, in Papua Province, 2011-2015 (Thousand Rupiahs)",34,4,d1c4ffb2d4d5
PAPUA,10,Kab. Paniai,,2014,*),1 5.586,,"PDRB Per Kapita Atas Dasar Harga Berlaku di Provinsi Papua Menurut Kabupaten/Kota, 2011-2015 (Ribu Rupiah)","Per Capita GRDP at Current Market Prices by Regency/Municipality, in Papua Province, 2011-2015 (Thousand Rupiahs)",34,4,da3205cfece0
PAPUA,11,Kab. Puncak Jaya,,2014,*),7 .879,,"PDRB Per Kapita Atas Dasar Harga Berlaku di Provinsi Papua Menurut Kabupaten/Kota, 2011-2015 (Ribu Rupiah)","Per Capita GRDP at Current Market Prices by Regency/Municipality, in Papua Province, 2011-2015 (Thousand Rupiahs)",34,4,a216911c6493
PAPUA,12,Kab. Mimika,,2014,*),2 51.130,,"PDRB Per Kapita Atas Dasar Harga Berlaku di Provinsi Papua Menurut Kabupaten/Kota, 2011-2015 (Ribu Rupiah)","Per Capita GRDP at Current Market Prices by Regency/Municipality, in Papua Province, 2011-2015 (Thousand Rupiahs)",34,4,15270500f636
PAPUA,13,Kab. Boven Digoel,,2014,*),5 2.054,,"PDRB Per Kapita Atas Dasar Harga Berlaku di Provinsi Papua Menurut Kabupaten/Kota, 2011-2015 (Ribu Rupiah)","Per Capita GRDP at Current Market Prices by Regency/Municipality, in Papua Province, 2011-2015 (Thousand Rupiahs)",34,4,b098281db249
PAPUA,14,Kab. Mappi,,2014,*),1 8.769,,"PDRB Per Kapita Atas Dasar Harga Berlaku di Provinsi Papua Menurut Kabupaten/Kota, 2011-2015 (Ribu Rupiah)","Per Capita GRDP at Current Market Prices by Regency/Municipality, in Papua Province, 2011-2015 (Thousand Rupiahs)",34,4,bcebd3d2d7f8
PAPUA,15,Kab. Asmat,,2014,*),1 7.126,,"PDRB Per Kapita Atas Dasar Harga Berlaku di Provinsi Papua Menurut Kabupaten/Kota, 2011-2015 (Ribu Rupiah)","Per Capita GRDP at Current Market Prices by Regency/Municipality, in Papua Province, 2011-2015 (Thousand Rupiahs)",34,4,763d16fb5a08
PAPUA,16,Kab. Yahukimo,,2014,*),8 .458,,"PDRB Per Kapita Atas Dasar Harga Berlaku di Provinsi Papua Menurut Kabupaten/Kota, 2011-2015 (Ribu Rupiah)","Per Capita GRDP at Current Market Prices by Regency/Municipality, in Papua Province, 2011-2015 (Thousand Rupiahs)",34,4,6f5088f61634
PAPUA,17,Kab. Pegunungan Bintang,,2014,*),1 7.021,,"PDRB Per Kapita Atas Dasar Harga Berlaku di Provinsi Papua Menurut Kabupaten/Kota, 2011-2015 (Ribu Rupiah)","Per Capita GRDP at Current Market Prices by Regency/Municipality, in Papua Province, 2011-2015 (Thousand Rupiahs)",34,4,a786a2c0263c
PAPUA,18,Kab. Tolikara,,2014,*),7 .949,,"PDRB Per Kapita Atas Dasar Harga Berlaku di Provinsi Papua Menurut Kabupaten/Kota, 2011-2015 (Ribu Rupiah)","Per Capita GRDP at Current Market Prices by Regency/Municipality, in Papua Province, 2011-2015 (Thousand Rupiahs)",34,4,59bdf3cd5681
PAPUA,19,Kab. Sarmi,,2014,*),4 4.742,,"PDRB Per Kapita Atas Dasar Harga Berlaku di Provinsi Papua Menurut Kabupaten/Kota, 2011-2015 (Ribu Rupiah)","Per Capita GRDP at Current Market Prices by Regency/Municipality, in Papua Province, 2011-2015 (Thousand Rupiahs)",34,4,b931200534ce
PAPUA,20,Kab. Keerom,,2014,*),3 5.459,,"PDRB Per Kapita Atas Dasar Harga Berlaku di Provinsi Papua Menurut Kabupaten/Kota, 2011-2015 (Ribu Rupiah)","Per Capita GRDP at Current Market Prices by Regency/Municipality, in Papua Province, 2011-2015 (Thousand Rupiahs)",34,4,99e27eb0060d
PAPUA,26,Kab. Waropen,,2014,*),4 4.667,,"PDRB Per Kapita Atas Dasar Harga Berlaku di Provinsi Papua Menurut Kabupaten/Kota, 2011-2015 (Ribu Rupiah)","Per Capita GRDP at Current Market Prices by Regency/Municipality, in Papua Province, 2011-2015 (Thousand Rupiahs)",34,4,b11fb1aaafa0
PAPUA,27,Kab. Supiori,,2014,*),3 9.858,,"PDRB Per Kapita Atas Dasar Harga Berlaku di Provinsi Papua Menurut Kabupaten/Kota, 2011-2015 (Ribu Rupiah)","Per Capita GRDP at Current Market Prices by Regency/Municipality, in Papua Province, 2011-2015 (Thousand Rupiahs)",34,4,b62f31b18f45
PAPUA,28,Kab. Mamberamo Raya,,2014,*),4 2.472,,"PDRB Per Kapita Atas Dasar Harga Berlaku di Provinsi Papua Menurut Kabupaten/Kota, 2011-2015 (Ribu Rupiah)","Per Capita GRDP at Current Market Prices by Regency/Municipality, in Papua Province, 2011-2015 (Thousand Rupiahs)",34,4,a8cb82973ff2
PAPUA,29,Kab. Nduga,,2014,*),7 .590,,"PDRB Per Kapita Atas Dasar Harga Berlaku di Provinsi Papua Menurut Kabupaten/Kota, 2011-2015 (Ribu Rupiah)","Per Capita GRDP at Current Market Prices by Regency/Municipality, in Papua Province, 2011-2015 (Thousand Rupiahs)",34,4,97bf8fe49780
PAPUA,30,Kab. Lanny Jaya,,2014,*),6 .372,,"PDRB Per Kapita Atas Dasar Harga Berlaku di Provinsi Papua Menurut Kabupaten/Kota, 2011-2015 (Ribu Rupiah)","Per Capita GRDP at Current Market Prices by Regency/Municipality, in Papua Province, 2011-2015 (Thousand Rupiahs)",34,4,a9e653b200ae
PAPUA,31,Kab. Mamberamo Tengah,,2014,*),1 5.715,,"PDRB Per Kapita Atas Dasar Harga Berlaku di Provinsi Papua Menurut Kabupaten/Kota, 2011-2015 (Ribu Rupiah)","Per Capita GRDP at Current Market Prices by Regency/Municipality, in Papua Province, 2011-2015 (Thousand Rupiahs)",34,4,fea193d03ffb
PAPUA,32,Kab. Yalimo,,2014,*),1 2.054,,"PDRB Per Kapita Atas Dasar Harga Berlaku di Provinsi Papua Menurut Kabupaten/Kota, 2011-2015 (Ribu Rupiah)","Per Capita GRDP at Current Market Prices by Regency/Municipality, in Papua Province, 2011-2015 (Thousand Rupiahs)",34,4,a1140b5f82c2
PAPUA,33,Kab. Puncak,,2014,*),7 .561,,"PDRB Per Kapita Atas Dasar Harga Berlaku di Provinsi Papua Menurut Kabupaten/Kota, 2011-2015 (Ribu Rupiah)","Per Capita GRDP at Current Market Prices by Regency/Municipality, in Papua Province, 2011-2015 (Thousand Rupiahs)",34,4,9c3ba3a2d8ae
PAPUA,34,Kab. Dogiyai,,2014,*),8 .658,,"PDRB Per Kapita Atas Dasar Harga Berlaku di Provinsi Papua Menurut Kabupaten/Kota, 2011-2015 (Ribu Rupiah)","Per Capita GRDP at Current Market Prices by Regency/Municipality, in Papua Province, 2011-2015 (Thousand Rupiahs)",34,4,e9087960362f
PAPUA,35,Kab.intan Jaya,,2014,*),1 6.690,,"PDRB Per Kapita Atas Dasar Harga Berlaku di Provinsi Papua Menurut Kabupaten/Kota, 2011-2015 (Ribu Rupiah)","Per Capita GRDP at Current Market Prices by Regency/Municipality, in Papua Province, 2011-2015 (Thousand Rupiahs)",34,4,55f2a44d48c1
PAPUA,36,Kab. Deiyai,,2014,*),1 1.139,,"PDRB Per Kapita Atas Dasar Harga Berlaku di Provinsi Papua Menurut Kabupaten/Kota, 2011-2015 (Ribu Rupiah)","Per Capita GRDP at Current Market Prices by Regency/Municipality, in Papua Province, 2011-2015 (Thousand Rupiahs)",34,4,79f464631752
PAPUA,71,Kota Jayapura,,2014,*),7 5.938,,"PDRB Per Kapita Atas Dasar Harga Berlaku di Provinsi Papua Menurut Kabupaten/Kota, 2011-2015 (Ribu Rupiah)","Per Capita GRDP at Current Market Prices by Regency/Municipality, in Papua Province, 2011-2015 (Thousand Rupiahs)",34,4,9f2846176a2f
PAPUA,,Jml Kab./Kota Total of Reg./Mun.,,2014,*),4 2.856,,"PDRB Per Kapita Atas Dasar Harga Berlaku di Provinsi Papua Menurut Kabupaten/Kota, 2011-2015 (Ribu Rupiah)","Per Capita GRDP at Current Market Prices by Regency/Municipality, in Papua Province, 2011-2015 (Thousand Rupiahs)",34,4,1d35da0e3c39
PAPUA,,Provinsi/Province,,2014,*),4 3.202,,"PDRB Per Kapita Atas Dasar Harga Berlaku di Provinsi Papua Menurut Kabupaten/Kota, 2011-2015 (Ribu Rupiah)","Per Capita GRDP at Current Market Prices by Regency/Municipality, in Papua Province, 2011-2015 (Thousand Rupiahs)",34,4,0c18e2d04ca3
MALUKU,01,Kab. Maluku Tenggara Barat,,2015,**),1 7.135,,"PDRB Per Kapita Atas Dasar Harga Berlaku di Provinsi Maluku Menurut Kabupaten/Kota, 2011-2015 (Ribu Rupiah)","Per Capita GRDP at Current Market Prices by Regency/Municipality, in Maluku Province, 2011-2015 (Thousand Rupiahs)",31,1,473742828a65
MALUKU,02,Kab. Maluku Tenggara,,2015,**),2 3.444,,"PDRB Per Kapita Atas Dasar Harga Berlaku di Provinsi Maluku Menurut Kabupaten/Kota, 2011-2015 (Ribu Rupiah)","Per Capita GRDP at Current Market Prices by Regency/Municipality, in Maluku Province, 2011-2015 (Thousand Rupiahs)",31,1,76b0ac6283d0
MALUKU,03,Kab. Maluku Tengah,,2015,**),1 7.550,,"PDRB Per Kapita Atas Dasar Harga Berlaku di Provinsi Maluku Menurut Kabupaten/Kota, 2011-2015 (Ribu Rupiah)","Per Capita GRDP at Current Market Prices by Regency/Municipality, in Maluku Province, 2011-2015 (Thousand Rupiahs)",31,1,6a6c629c923d
MALUKU,04,Kab. Buru,,2015,**),1 3.696,,"PDRB Per Kapita Atas Dasar Harga Berlaku di Provinsi Maluku Menurut Kabupaten/Kota, 2011-2015 (Ribu Rupiah)","Per Capita GRDP at Current Market Prices by Regency/Municipality, in Maluku Province, 2011-2015 (Thousand Rupiahs)",31,1,b8511928a25d
MALUKU,05,Kab. Kepulauan Aru,,2015,**),2 8.645,,"PDRB Per Kapita Atas Dasar Harga Berlaku di Provinsi Maluku Menurut Kabupaten/Kota, 2011-2015 (Ribu Rupiah)","Per Capita GRDP at Current Market Prices by Regency/Municipality, in Maluku Province, 2011-2015 (Thousand Rupiahs)",31,1,31b7b4cb58fa
MALUKU,06,Kab. Seram Bagian Barat,,2015,**),1 3.331,,"PDRB Per Kapita Atas Dasar Harga Berlaku di Provinsi Maluku Menurut Kabupaten/Kota, 2011-2015 (Ribu Rupiah)","Per Capita GRDP at Current Market Prices by Regency/Municipality, in Maluku Province, 2011-2015 (Thousand Rupiahs)",31,1,d988b8db0639
MALUKU,07,Kab. Seram Bagian Timur,,2015,**),2 0.386,,"PDRB Per Kapita Atas Dasar Harga Berlaku di Provinsi Maluku Menurut Kabupaten/Kota, 2011-2015 (Ribu Rupiah)","Per Capita GRDP at Current Market Prices by Regency/Municipality, in Maluku Province, 2011-2015 (Thousand Rupiahs)",31,1,d0a4dec4f454
MALUKU,08,Kab. Maluku Barat Daya,,2015,**),1 6.503,,"PDRB Per Kapita Atas Dasar Harga Berlaku di Provinsi Maluku Menurut Kabupaten/Kota, 2011-2015 (Ribu Rupiah)","Per Capita GRDP at Current Market Prices by Regency/Municipality, in Maluku Province, 2011-2015 (Thousand Rupiahs)",31,1,ac154f2ccf0f
MALUKU,09,Kab. Buru Selatan,,2015,**),1 7.131,,"PDRB Per Kapita Atas Dasar Harga Berlaku di Provinsi Maluku Menurut Kabupaten/Kota, 2011-2015 (Ribu Rupiah)","Per Capita GRDP at Current Market Prices by Regency/Municipality, in Maluku Province, 2011-2015 (Thousand Rupiahs)",31,1,b225046da85b
MALUKU,71,Kota Ambon,,2015,**),2 6.844,,"PDRB Per Kapita Atas Dasar Harga Berlaku di Provinsi Maluku Menurut Kabupaten/Kota, 2011-2015 (Ribu Rupiah)","Per Capita GRDP at Current Market Prices by Regency/Municipality, in Maluku Province, 2011-2015 (Thousand Rupiahs)",31,1,29121d9ffb70
MALUKU,72,Kota Tual,,2015,**),2 6.032,,"PDRB Per Kapita Atas Dasar Harga Berlaku di Provinsi Maluku Menurut Kabupaten/Kota, 2011-2015 (Ribu Rupiah)","Per Capita GRDP at Current Market Prices by Regency/Municipality, in Maluku Province, 2011-2015 (Thousand Rupiahs)",31,1,a33b45457ee7
MALUKU,,Jml Kab./Kota Total of Reg./Mun.,,2015,**),2 0.484,,"PDRB Per Kapita Atas Dasar Harga Berlaku di Provinsi Maluku Menurut Kabupaten/Kota, 2011-2015 (Ribu Rupiah)","Per Capita GRDP at Current Market Prices by Regency/Municipality, in Maluku Province, 2011-2015 (Thousand Rupiahs)",31,1,1e46e42ab386
MALUKU,,Provinsi/Province,,2015,**),2 0.365,,"PDRB Per Kapita Atas Dasar Harga Berlaku di Provinsi Maluku Menurut Kabupaten/Kota, 2011-2015 (Ribu Rupiah)","Per Capita GRDP at Current Market Prices by Regency/Municipality, in Maluku Province, 2011-2015 (Thousand Rupiahs)",31,1,bf495b14f295
MALUKU UTARA,01,Kab. Halmahera Barat,,2015,**),1 4.761,,"PDRB Per Kapita Atas Dasar Harga Berlaku di Provinsi Maluku Utara Menurut Kabupaten/Kota, 2011-2015 (Ribu Rupiah)","Per Capita GRDP at Current Market Prices by Regency/Municipality, in Maluku Utara Province, 2011-2015 (Thousand Rupiahs)",32,2,a51202a146aa
MALUKU UTARA,02,Kab. Halmahera Tengah,,2015,**),3 1.370,,"PDRB Per Kapita Atas Dasar Harga Berlaku di Provinsi Maluku Utara Menurut Kabupaten/Kota, 2011-2015 (Ribu Rupiah)","Per Capita GRDP at Current Market Prices by Regency/Municipality, in Maluku Utara Province, 2011-2015 (Thousand Rupiahs)",32,2,48ada4c0f0f4
MALUKU UTARA,03,Kab. Kepulauan Sula,,2015,**),1 8.812,,"PDRB Per Kapita Atas Dasar Harga Berlaku di Provinsi Maluku Utara Menurut Kabupaten/Kota, 2011-2015 (Ribu Rupiah)","Per Capita GRDP at Current Market Prices by Regency/Municipality, in Maluku Utara Province, 2011-2015 (Thousand Rupiahs)",32,2,07fad5150c29
MALUKU UTARA,08,Kab. Pulau Taliabu,#),2015,**),1 9.125,,"PDRB Per Kapita Atas Dasar Harga Berlaku di Provinsi Maluku Utara Menurut Kabupaten/Kota, 2011-2015 (Ribu Rupiah)","Per Capita GRDP at Current Market Prices by Regency/Municipality, in Maluku Utara Province, 2011-2015 (Thousand Rupiahs)",32,2,d8881b2c2da8
MALUKU UTARA,04,Kab. Halmahera Selatan,,2015,**),1 8.227,,"PDRB Per Kapita Atas Dasar Harga Berlaku di Provinsi Maluku Utara Menurut Kabupaten/Kota, 2011-2015 (Ribu Rupiah)","Per Capita GRDP at Current Market Prices by Regency/Municipality, in Maluku Utara Province, 2011-2015 (Thousand Rupiahs)",32,2,981c7f4e59de
MALUKU UTARA,05,Kab. Halmahera Utara,,2015,**),2 2.894,,"PDRB Per Kapita Atas Dasar Harga Berlaku di Provinsi Maluku Utara Menurut Kabupaten/Kota, 2011-2015 (Ribu Rupiah)","Per Capita GRDP at Current Market Prices by Regency/Municipality, in Maluku Utara Province, 2011-2015 (Thousand Rupiahs)",32,2,6106f4786b94
MALUKU UTARA,06,Kab. Halmahera Timur,,2015,**),2 7.283,,"PDRB Per Kapita Atas Dasar Harga Berlaku di Provinsi Maluku Utara Menurut Kabupaten/Kota, 2011-2015 (Ribu Rupiah)","Per Capita GRDP at Current Market Prices by Regency/Municipality, in Maluku Utara Province, 2011-2015 (Thousand Rupiahs)",32,2,70727f5155ad
MALUKU UTARA,07,Kab. Pulau Morotai,,2015,**),1 7.905,,"PDRB Per Kapita Atas Dasar Harga Berlaku di Provinsi Maluku Utara Menurut Kabupaten/Kota, 2011-2015 (Ribu Rupiah)","Per Capita GRDP at Current Market Prices by Regency/Municipality, in Maluku Utara Province, 2011-2015 (Thousand Rupiahs)",32,2,a2c44d691642
MALUKU UTARA,71,Kota Ternate,,2015,**),3 3.295,,"PDRB Per Kapita Atas Dasar Harga Berlaku di Provinsi Maluku Utara Menurut Kabupaten/Kota, 2011-2015 (Ribu Rupiah)","Per Capita GRDP at Current Market Prices by Regency/Municipality, in Maluku Utara Province, 2011-2015 (Thousand Rupiahs)",32,2,948373d076b0
MALUKU UTARA,72,Kota Tidore Kepulauan,,2015,**),2 1.615,,"PDRB Per Kapita Atas Dasar Harga Berlaku di Provinsi Maluku Utara Menurut Kabupaten/Kota, 2011-2015 (Ribu Rupiah)","Per Capita GRDP at Current Market Prices by Regency/Municipality, in Maluku Utara Province, 2011-2015 (Thousand Rupiahs)",32,2,ad8c2cb40c43
MALUKU UTARA,,Jml Kab./Kota Total of Reg./Mun.,,2015,**),2 2.961,,"PDRB Per Kapita Atas Dasar Harga Berlaku di Provinsi Maluku Utara Menurut Kabupaten/Kota, 2011-2015 (Ribu Rupiah)","Per Capita GRDP at Current Market Prices by Regency/Municipality, in Maluku Utara Province, 2011-2015 (Thousand Rupiahs)",32,2,45ab1e222a5f
MALUKU UTARA,,Provinsi/Province,,2015,**),2 2.912,,"PDRB Per Kapita Atas Dasar Harga Berlaku di Provinsi Maluku Utara Menurut Kabupaten/Kota, 2011-2015 (Ribu Rupiah)","Per Capita GRDP at Current Market Prices by Regency/Municipality, in Maluku Utara Province, 2011-2015 (Thousand Rupiahs)",32,2,f509a930cbb2
PAPUA BARAT,01,Kab. Fak-Fak,,2015,**),5 1.241,,"PDRB Per Kapita Atas Dasar Harga Berlaku di Provinsi Papua Barat Menurut Kabupaten/Kota, 2011-2015 (Ribu Rupiah)","Per Capita GRDP at Current Market Prices by Regency/Municipality, in Papua Barat Province, 2011-2015 (Thousand Rupiahs)",33,3,0303b6b46766
PAPUA BARAT,02,Kab. Kaimana,,2015,**),3 6.438,,"PDRB Per Kapita Atas Dasar Harga Berlaku di Provinsi Papua Barat Menurut Kabupaten/Kota, 2011-2015 (Ribu Rupiah)","Per Capita GRDP at Current Market Prices by Regency/Municipality, in Papua Barat Province, 2011-2015 (Thousand Rupiahs)",33,3,c3c34a729e3f
PAPUA BARAT,03,Kab. Teluk Wondama,,2015,**),3 6.712,,"PDRB Per Kapita Atas Dasar Harga Berlaku di Provinsi Papua Barat Menurut Kabupaten/Kota, 2011-2015 (Ribu Rupiah)","Per Capita GRDP at Current Market Prices by Regency/Municipality, in Papua Barat Province, 2011-2015 (Thousand Rupiahs)",33,3,1814dc4f6862
PAPUA BARAT,04,Kab. Teluk Bintuni,,2015,**),4 05.165,,"PDRB Per Kapita Atas Dasar Harga Berlaku di Provinsi Papua Barat Menurut Kabupaten/Kota, 2011-2015 (Ribu Rupiah)","Per Capita GRDP at Current Market Prices by Regency/Municipality, in Papua Barat Province, 2011-2015 (Thousand Rupiahs)",33,3,82dad74e5cd1
PAPUA BARAT,05,Kab. Manokwari,,2015,**),4 4.162,,"PDRB Per Kapita Atas Dasar Harga Berlaku di Provinsi Papua Barat Menurut Kabupaten/Kota, 2011-2015 (Ribu Rupiah)","Per Capita GRDP at Current Market Prices by Regency/Municipality, in Papua Barat Province, 2011-2015 (Thousand Rupiahs)",33,3,d6c8f6fc7c46
PAPUA BARAT,11,Kab. Manokwari Selatan,#),2015,**),2 7.738,,"PDRB Per Kapita Atas Dasar Harga Berlaku di Provinsi Papua Barat Menurut Kabupaten/Kota, 2011-2015 (Ribu Rupiah)","Per Capita GRDP at Current Market Prices by Regency/Municipality, in Papua Barat Province, 2011-2015 (Thousand Rupiahs)",33,3,0b01ca4752d5
PAPUA BARAT,12,Kab. Pegunungan Arfak,#),2015,**),5 .242,,"PDRB Per Kapita Atas Dasar Harga Berlaku di Provinsi Papua Barat Menurut Kabupaten/Kota, 2011-2015 (Ribu Rupiah)","Per Capita GRDP at Current Market Prices by Regency/Municipality, in Papua Barat Province, 2011-2015 (Thousand Rupiahs)",33,3,f4076afdd98c
PAPUA BARAT,06,Kab. Sorong Selatan,,2015,**),3 1.132,,"PDRB Per Kapita Atas Dasar Harga Berlaku di Provinsi Papua Barat Menurut Kabupaten/Kota, 2011-2015 (Ribu Rupiah)","Per Capita GRDP at Current Market Prices by Regency/Municipality, in Papua Barat Province, 2011-2015 (Thousand Rupiahs)",33,3,6beecce6bfb3
PAPUA BARAT,07,Kab. Sorong,,2015,**),1 12.418,,"PDRB Per Kapita Atas Dasar Harga Berlaku di Provinsi Papua Barat Menurut Kabupaten/Kota, 2011-2015 (Ribu Rupiah)","Per Capita GRDP at Current Market Prices by Regency/Municipality, in Papua Barat Province, 2011-2015 (Thousand Rupiahs)",33,3,a6d3d9088adf
PAPUA BARAT,08,Kab. Raja Ampat,,2015,**),5 0.900,,"PDRB Per Kapita Atas Dasar Harga Berlaku di Provinsi Papua Barat Menurut Kabupaten/Kota, 2011-2015 (Ribu Rupiah)","Per Capita GRDP at Current Market Prices by Regency/Municipality, in Papua Barat Province, 2011-2015 (Thousand Rupiahs)",33,3,68c0188c263e
PAPUA BARAT,09,Kab. Tambrauw,,2015,**),1 1.820,,"PDRB Per Kapita Atas Dasar Harga Berlaku di Provinsi Papua Barat Menurut Kabupaten/Kota, 2011-2015 (Ribu Rupiah)","Per Capita GRDP at Current Market Prices by Regency/Municipality, in Papua Barat Province, 2011-2015 (Thousand Rupiahs)",33,3,f2e47245cfdb
PAPUA BARAT,10,Kab. Maybrat,,2015,**),1 3.040,,"PDRB Per Kapita Atas Dasar Harga Berlaku di Provinsi Papua Barat Menurut Kabupaten/Kota, 2011-2015 (Ribu Rupiah)","Per Capita GRDP at Current Market Prices by Regency/Municipality, in Papua Barat Province, 2011-2015 (Thousand Rupiahs)",33,3,f7f0d48cf0c7
PAPUA BARAT,71,Kota Sorong,,2015,**),4 8.296,,"PDRB Per Kapita Atas Dasar Harga Berlaku di Provinsi Papua Barat Menurut Kabupaten/Kota, 2011-2015 (Ribu Rupiah)","Per Capita GRDP at Current Market Prices by Regency/Municipality, in Papua Barat Province, 2011-2015 (Thousand Rupiahs)",33,3,7509484bb487
PAPUA BARAT,,Jml Kab./Kota Total of Reg./Mun.,,2015,**),7 2.126,,"PDRB Per Kapita Atas Dasar Harga Berlaku di Provinsi Papua Barat Menurut Kabupaten/Kota, 2011-2015 (Ribu Rupiah)","Per Capita GRDP at Current Market Prices by Regency/Municipality, in Papua Barat Province, 2011-2015 (Thousand Rupiahs)",33,3,2587ec5b1e95
PAPUA BARAT,,Provinsi/Province,,2015,**),7 2.153,,"PDRB Per Kapita Atas Dasar Harga Berlaku di Provinsi Papua Barat Menurut Kabupaten/Kota, 2011-2015 (Ribu Rupiah)","Per Capita GRDP at Current Market Prices by Regency/Municipality, in Papua Barat Province, 2011-2015 (Thousand Rupiahs)",33,3,42ddac58f813
PAPUA,01,Kab. Merauke,,2015,**),4 6.961,,"PDRB Per Kapita Atas Dasar Harga Berlaku di Provinsi Papua Menurut Kabupaten/Kota, 2011-2015 (Ribu Rupiah)","Per Capita GRDP at Current Market Prices by Regency/Municipality, in Papua Province, 2011-2015 (Thousand Rupiahs)",34,4,3e338cbac9ec
PAPUA,02,Kab. Jayawijaya,,2015,**),2 6.177,,"PDRB Per Kapita Atas Dasar Harga Berlaku di Provinsi Papua Menurut Kabupaten/Kota, 2011-2015 (Ribu Rupiah)","Per Capita GRDP at Current Market Prices by Regency/Municipality, in Papua Province, 2011-2015 (Thousand Rupiahs)",34,4,4894ce8b7dfd
PAPUA,03,Kab. Jayapura,,2015,**),8 1.515,,"PDRB Per Kapita Atas Dasar Harga Berlaku di Provinsi Papua Menurut Kabupaten/Kota, 2011-2015 (Ribu Rupiah)","Per Capita GRDP at Current Market Prices by Regency/Municipality, in Papua Province, 2011-2015 (Thousand Rupiahs)",34,4,200ccbdf6a95
PAPUA,04,Kab. Nabire,,2015,**),5 5.733,,"PDRB Per Kapita Atas Dasar Harga Berlaku di Provinsi Papua Menurut Kabupaten/Kota, 2011-2015 (Ribu Rupiah)","Per Capita GRDP at Current Market Prices by Regency/Municipality, in Papua Province, 2011-2015 (Thousand Rupiahs)",34,4,a563a64640b6
PAPUA,08,Kab. Kepulauan Yapen,,2015,**),3 2.906,,"PDRB Per Kapita Atas Dasar Harga Berlaku di Provinsi Papua Menurut Kabupaten/Kota, 2011-2015 (Ribu Rupiah)","Per Capita GRDP at Current Market Prices by Regency/Municipality, in Papua Province, 2011-2015 (Thousand Rupiahs)",34,4,9187ace22092
PAPUA,09,Kab. Biak Numfor,,2015,**),3 3.097,,"PDRB Per Kapita Atas Dasar Harga Berlaku di Provinsi Papua Menurut Kabupaten/Kota, 2011-2015 (Ribu Rupiah)","Per Capita GRDP at Current Market Prices by Regency/Municipality, in Papua Province, 2011-2015 (Thousand Rupiahs)",34,4,dd2659cb987f
PAPUA,10,Kab. Paniai,,2015,**),1 7.816,,"PDRB Per Kapita Atas Dasar Harga Berlaku di Provinsi Papua Menurut Kabupaten/Kota, 2011-2015 (Ribu Rupiah)","Per Capita GRDP at Current Market Prices by Regency/Municipality, in Papua Province, 2011-2015 (Thousand Rupiahs)",34,4,8f5d23bae4af
PAPUA,11,Kab. Puncak Jaya,,2015,**),8 .719,,"PDRB Per Kapita Atas Dasar Harga Berlaku di Provinsi Papua Menurut Kabupaten/Kota, 2011-2015 (Ribu Rupiah)","Per Capita GRDP at Current Market Prices by Regency/Municipality, in Papua Province, 2011-2015 (Thousand Rupiahs)",34,4,494e0722d27e
PAPUA,12,Kab. Mimika,,2015,**),2 71.983,,"PDRB Per Kapita Atas Dasar Harga Berlaku di Provinsi Papua Menurut Kabupaten/Kota, 2011-2015 (Ribu Rupiah)","Per Capita GRDP at Current Market Prices by Regency/Municipality, in Papua Province, 2011-2015 (Thousand Rupiahs)",34,4,7044d2f22d6e
PAPUA,13,Kab. Boven Digoel,,2015,**),5 6.788,,"PDRB Per Kapita Atas Dasar Harga Berlaku di Provinsi Papua Menurut Kabupaten/Kota, 2011-2015 (Ribu Rupiah)","Per Capita GRDP at Current Market Prices by Regency/Municipality, in Papua Province, 2011-2015 (Thousand Rupiahs)",34,4,c5a073ec137c
PAPUA,14,Kab. Mappi,,2015,**),2 0.819,,"PDRB Per Kapita Atas Dasar Harga Berlaku di Provinsi Papua Menurut Kabupaten/Kota, 2011-2015 (Ribu Rupiah)","Per Capita GRDP at Current Market Prices by Regency/Municipality, in Papua Province, 2011-2015 (Thousand Rupiahs)",34,4,87f84f64bef9
PAPUA,15,Kab. Asmat,,2015,**),1 8.909,,"PDRB Per Kapita Atas Dasar Harga Berlaku di Provinsi Papua Menurut Kabupaten/Kota, 2011-2015 (Ribu Rupiah)","Per Capita GRDP at Current Market Prices by Regency/Municipality, in Papua Province, 2011-2015 (Thousand Rupiahs)",34,4,ef6aba5f5575
PAPUA,16,Kab. Yahukimo,,2015,**),9 .514,,"PDRB Per Kapita Atas Dasar Harga Berlaku di Provinsi Papua Menurut Kabupaten/Kota, 2011-2015 (Ribu Rupiah)","Per Capita GRDP at Current Market Prices by Regency/Municipality, in Papua Province, 2011-2015 (Thousand Rupiahs)",34,4,56106e6c85f7
PAPUA,17,Kab. Pegunungan Bintang,,2015,**),1 8.401,,"PDRB Per Kapita Atas Dasar Harga Berlaku di Provinsi Papua Menurut Kabupaten/Kota, 2011-2015 (Ribu Rupiah)","Per Capita GRDP at Current Market Prices by Regency/Municipality, in Papua Province, 2011-2015 (Thousand Rupiahs)",34,4,d5a55a7fea11
PAPUA,18,Kab. Tolikara,,2015,**),8 .559,,"PDRB Per Kapita Atas Dasar Harga Berlaku di Provinsi Papua Menurut Kabupaten/Kota, 2011-2015 (Ribu Rupiah)","Per Capita GRDP at Current Market Prices by Regency/Municipality, in Papua Province, 2011-2015 (Thousand Rupiahs)",34,4,ffa57df01cc6
PAPUA,19,Kab. Sarmi,,2015,**),4 9.586,,"PDRB Per Kapita Atas Dasar Harga Berlaku di Provinsi Papua Menurut Kabupaten/Kota, 2011-2015 (Ribu Rupiah)","Per Capita GRDP at Current Market Prices by Regency/Municipality, in Papua Province, 2011-2015 (Thousand Rupiahs)",34,4,8ee2d8c650e9
PAPUA,20,Kab. Keerom,,2015,**),3 9.440,,"PDRB Per Kapita Atas Dasar Harga Berlaku di Provinsi Papua Menurut Kabupaten/Kota, 2011-2015 (Ribu Rupiah)","Per Capita GRDP at Current Market Prices by Regency/Municipality, in Papua Province, 2011-2015 (Thousand Rupiahs)",34,4,60e4a3d86630
PAPUA,26,Kab. Waropen,,2015,**),5 0.033,,"PDRB Per Kapita Atas Dasar Harga Berlaku di Provinsi Papua Menurut Kabupaten/Kota, 2011-2015 (Ribu Rupiah)","Per Capita GRDP at Current Market Prices by Regency/Municipality, in Papua Province, 2011-2015 (Thousand Rupiahs)",34,4,9048a0c598b4
PAPUA,27,Kab. Supiori,,2015,**),4 1.855,,"PDRB Per Kapita Atas Dasar Harga Berlaku di Provinsi Papua Menurut Kabupaten/Kota, 2011-2015 (Ribu Rupiah)","Per Capita GRDP at Current Market Prices by Regency/Municipality, in Papua Province, 2011-2015 (Thousand Rupiahs)",34,4,1919cd896eb5
PAPUA,28,Kab. Mamberamo Raya,,2015,**),4 8.574,,"PDRB Per Kapita Atas Dasar Harga Berlaku di Provinsi Papua Menurut Kabupaten/Kota, 2011-2015 (Ribu Rupiah)","Per Capita GRDP at Current Market Prices by Regency/Municipality, in Papua Province, 2011-2015 (Thousand Rupiahs)",34,4,2c0bf692f442
PAPUA,29,Kab. Nduga,,2015,**),8 .583,,"PDRB Per Kapita Atas Dasar Harga Berlaku di Provinsi Papua Menurut Kabupaten/Kota, 2011-2015 (Ribu Rupiah)","Per Capita GRDP at Current Market Prices by Regency/Municipality, in Papua Province, 2011-2015 (Thousand Rupiahs)",34,4,6aee37f3f845
PAPUA,30,Kab. Lanny Jaya,,2015,**),7 .154,,"PDRB Per Kapita Atas Dasar Harga Berlaku di Provinsi Papua Menurut Kabupaten/Kota, 2011-2015 (Ribu Rupiah)","Per Capita GRDP at Current Market Prices by Regency/Municipality, in Papua Province, 2011-2015 (Thousand Rupiahs)",34,4,99062cb16fe2
PAPUA,31,Kab. Mamberamo Tengah,,2015,**),1 7.392,,"PDRB Per Kapita Atas Dasar Harga Berlaku di Provinsi Papua Menurut Kabupaten/Kota, 2011-2015 (Ribu Rupiah)","Per Capita GRDP at Current Market Prices by Regency/Municipality, in Papua Province, 2011-2015 (Thousand Rupiahs)",34,4,9e5126587531
PAPUA,32,Kab. Yalimo,,2015,**),1 3.706,,"PDRB Per Kapita Atas Dasar Harga Berlaku di Provinsi Papua Menurut Kabupaten/Kota, 2011-2015 (Ribu Rupiah)","Per Capita GRDP at Current Market Prices by Regency/Municipality, in Papua Province, 2011-2015 (Thousand Rupiahs)",34,4,0673b46049b5
PAPUA,33,Kab. Puncak,,2015,**),8 .841,,"PDRB Per Kapita Atas Dasar Harga Berlaku di Provinsi Papua Menurut Kabupaten/Kota, 2011-2015 (Ribu Rupiah)","Per Capita GRDP at Current Market Prices by Regency/Municipality, in Papua Province, 2011-2015 (Thousand Rupiahs)",34,4,f6732a1171c4
PAPUA,34,Kab. Dogiyai,,2015,**),9 .917,,"PDRB Per Kapita Atas Dasar Harga Berlaku di Provinsi Papua Menurut Kabupaten/Kota, 2011-2015 (Ribu Rupiah)","Per Capita GRDP at Current Market Prices by Regency/Municipality, in Papua Province, 2011-2015 (Thousand Rupiahs)",34,4,08b35f1c45a5
PAPUA,35,Kab.intan Jaya,,2015,**),1 9.835,,"PDRB Per Kapita Atas Dasar Harga Berlaku di Provinsi Papua Menurut Kabupaten/Kota, 2011-2015 (Ribu Rupiah)","Per Capita GRDP at Current Market Prices by Regency/Municipality, in Papua Province, 2011-2015 (Thousand Rupiahs)",34,4,29607b57a695
PAPUA,36,Kab. Deiyai,,2015,**),1 3.268,,"PDRB Per Kapita Atas Dasar Harga Berlaku di Provinsi Papua Menurut Kabupaten/Kota, 2011-2015 (Ribu Rupiah)","Per Capita GRDP at Current Market Prices by Regency/Municipality, in Papua Province, 2011-2015 (Thousand Rupiahs)",34,4,a7a9e8f8c945
PAPUA,71,Kota Jayapura,,2015,**),8 3.885,,"PDRB Per Kapita Atas Dasar Harga Berlaku di Provinsi Papua Menurut Kabupaten/Kota, 2011-2015 (Ribu Rupiah)","Per Capita GRDP at Current Market Prices by Regency/Municipality, in Papua Province, 2011-2015 (Thousand Rupiahs)",34,4,753956228cc7
PAPUA,,Jml Kab./Kota Total of Reg./Mun.,,2015,**),4 7.401,,"PDRB Per Kapita Atas Dasar Harga Berlaku di Provinsi Papua Menurut Kabupaten/Kota, 2011-2015 (Ribu Rupiah)","Per Capita GRDP at Current Market Prices by Regency/Municipality, in Papua Province, 2011-2015 (Thousand Rupiahs)",34,4,fc8bb1bd5d25
PAPUA,,Provinsi/Province,,2015,**),4 8.304,,"PDRB Per Kapita Atas Dasar Harga Berlaku di Provinsi Papua Menurut Kabupaten/Kota, 2011-2015 (Ribu Rupiah)","Per Capita GRDP at Current Market Prices by Regency/Municipality, in Papua Province, 2011-2015 (Thousand Rupiahs)",34,4,1a911e1667b2
