province_name,regency_code,region_name_raw,name_flag,year,year_flag,value,value_flag,table_header_raw,table_header_english,page_number,table_number,raw_text_hash
ACEH,01,Kab. Simeulue,,2020,,24.551,,"PDRB Per Kapita Atas Dasar Harga Berlaku di Provinsi Aceh Menurut Kabupaten/Kota (miliar rupiah), 2020–2024","Per Capita GRDP at Current Market Prices by Regency/Municipality, in Aceh Province (thousand rupiahss), 2020–2024",1,1,c5bc47835035
ACEH,02,Kab. Aceh Singkil,,2020,,19.229,,"PDRB Per Kapita Atas Dasar Harga Berlaku di Provinsi Aceh Menurut Kabupaten/Kota (miliar rupiah), 2020–2024","Per Capita GRDP at Current Market Prices by Regency/Municipality, in Aceh Province (thousand rupiahss), 2020–2024",1,1,94adebd554f2
ACEH,03,Kab. Aceh Selatan,,2020,,23.854,,"PDRB Per Kapita Atas Dasar Harga Berlaku di Provinsi Aceh Menurut Kabupaten/Kota (miliar rupiah), 2020–2024","Per Capita GRDP at Current Market Prices by Regency/Municipality, in Aceh Province (thousand rupiahss), 2020–2024",1,1,10282728439f
ACEH,04,Kab. Aceh Tenggara,,2020,,22.999,,"PDRB Per Kapita Atas Dasar Harga Berlaku di Provinsi Aceh Menurut Kabupaten/Kota (miliar rupiah), 2020–2024","Per Capita GRDP at Current Market Prices by Regency/Municipality, in Aceh Province (thousand rupiahss), 2020–2024",1,1,086ab50cd39f
ACEH,05,Kab. Aceh Timur,,2020,,25.181,,"PDRB Per Kapita Atas Dasar Harga Berlaku di Provinsi Aceh Menurut Kabupaten/Kota (miliar rupiah), 2020–2024","Per Capita GRDP at Current Market Prices by Regency/Municipality, in Aceh Province (thousand rupiahss), 2020–2024",1,1,b95ba54d3c97
ACEH,06,Kab. Aceh Tengah,,2020,,34.407,,"PDRB Per Kapita Atas Dasar Harga Berlaku di Provinsi Aceh Menurut Kabupaten/Kota (miliar rupiah), 2020–2024","Per Capita GRDP at Current Market Prices by Regency/Municipality, in Aceh Province (thousand rupiahss), 2020–2024",1,1,dc40cf41427e
ACEH,07,Kab. Aceh Barat,,2020,,40.898,,"PDRB Per Kapita Atas Dasar Harga Berlaku di Provinsi Aceh Menurut Kabupaten/Kota (miliar rupiah), 2020–2024","Per Capita GRDP at Current Market Prices by Regency/Municipality, in Aceh Province (thousand rupiahss), 2020–2024",1,1,504b6edfce7a
ACEH,08,Kab. Aceh Besar,,2020,,32.951,,"PDRB Per Kapita Atas Dasar Harga Berlaku di Provinsi Aceh Menurut Kabupaten/Kota (miliar rupiah), 2020–2024","Per Capita GRDP at Current Market Prices by Regency/Municipality, in Aceh Province (thousand rupiahss), 2020–2024",1,1,48f95a2b2998
ACEH,09,Kab. Pidie,,2020,,24.776,,"PDRB Per Kapita Atas Dasar Harga Berlaku di Provinsi Aceh Menurut Kabupaten/Kota (miliar rupiah), 2020–2024","Per Capita GRDP at Current Market Prices by Regency/Municipality, in Aceh Province (thousand rupiahss), 2020–2024",1,1,67ca0b3544f3
ACEH,10,Kab. Bireun,,2020,,30.034,,"PDRB Per Kapita Atas Dasar Harga Berlaku di Provinsi Aceh Menurut Kabupaten/Kota (miliar rupiah), 2020–2024","Per Capita GRDP at Current Market Prices by Regency/Municipality, in Aceh Province (thousand rupiahss), 2020–2024",1,1,17b9e1afa8e0
ACEH,11,Kab. Aceh Utara,,2020,,32.756,,"PDRB Per Kapita Atas Dasar Harga Berlaku di Provinsi Aceh Menurut Kabupaten/Kota (miliar rupiah), 2020–2024","Per Capita GRDP at Current Market Prices by Regency/Municipality, in Aceh Province (thousand rupiahss), 2020–2024",1,1,29f4cfcbc5e9
ACEH,12,Kab. Aceh Barat Daya,,2020,,26.070,,"PDRB Per Kapita Atas Dasar Harga Berlaku di Provinsi Aceh Menurut Kabupaten/Kota (miliar rupiah), 2020–2024","Per Capita GRDP at Current Market Prices by Regency/Municipality, in Aceh Province (thousand rupiahss), 2020–2024",1,1,356fd78f50dc
ACEH,13,Kab. Gayo Lues,,2020,,27.182,,"PDRB Per Kapita Atas Dasar Harga Berlaku di Provinsi Aceh Menurut Kabupaten/Kota (miliar rupiah), 2020–2024","Per Capita GRDP at Current Market Prices by Regency/Municipality, in Aceh Province (thousand rupiahss), 2020–2024",1,1,e59d27dfefa3
ACEH,14,Kab. Aceh Tamiang,,2020,,25.594,,"PDRB Per Kapita Atas Dasar Harga Berlaku di Provinsi Aceh Menurut Kabupaten/Kota (miliar rupiah), 2020–2024","Per Capita GRDP at Current Market Prices by Regency/Municipality, in Aceh Province (thousand rupiahss), 2020–2024",1,1,2984a148f5f4
ACEH,15,Kab. Nagan Raya,,2020,,45.632,,"PDRB Per Kapita Atas Dasar Harga Berlaku di Provinsi Aceh Menurut Kabupaten/Kota (miliar rupiah), 2020–2024","Per Capita GRDP at Current Market Prices by Regency/Municipality, in Aceh Province (thousand rupiahss), 2020–2024",1,1,dcd734a972e3
ACEH,16,Kab. Aceh Jaya,,2020,,28.291,,"PDRB Per Kapita Atas Dasar Harga Berlaku di Provinsi Aceh Menurut Kabupaten/Kota (miliar rupiah), 2020–2024","Per Capita GRDP at Current Market Prices by Regency/Municipality, in Aceh Province (thousand rupiahss), 2020–2024",1,1,ff40d7745c1b
ACEH,17,Kab. Bener Meriah,,2020,,28.229,,"PDRB Per Kapita Atas Dasar Harga Berlaku di Provinsi Aceh Menurut Kabupaten/Kota (miliar rupiah), 2020–2024","Per Capita GRDP at Current Market Prices by Regency/Municipality, in Aceh Province (thousand rupiahss), 2020–2024",1,1,398e91ddc632
ACEH,18,Kab. Pidie Jaya,,2020,,22.171,,"PDRB Per Kapita Atas Dasar Harga Berlaku di Provinsi Aceh Menurut Kabupaten/Kota (miliar rupiah), 2020–2024","Per Capita GRDP at Current Market Prices by Regency/Municipality, in Aceh Province (thousand rupiahss), 2020–2024",1,1,5f13ea9f68ce
ACEH,71,Kota Banda Aceh,,2020,,73.305,,"PDRB Per Kapita Atas Dasar Harga Berlaku di Provinsi Aceh Menurut Kabupaten/Kota (miliar rupiah), 2020–2024","Per Capita GRDP at Current Market Prices by Regency/Municipality, in Aceh Province (thousand rupiahss), 2020–2024",1,1,8d8250102fc7
ACEH,72,Kota Sabang,,2020,,37.409,,"PDRB Per Kapita Atas Dasar Harga Berlaku di Provinsi Aceh Menurut Kabupaten/Kota (miliar rupiah), 2020–2024","Per Capita GRDP at Current Market Prices by Regency/Municipality, in Aceh Province (thousand rupiahss), 2020–2024",1,1,5721bc5ff79a
ACEH,73,Kota Langsa,,2020,,28.486,,"PDRB Per Kapita Atas Dasar Harga Berlaku di Provinsi Aceh Menurut Kabupaten/Kota (miliar rupiah), 2020–2024","Per Capita GRDP at Current Market Prices by Regency/Municipality, in Aceh Province (thousand rupiahss), 2020–2024",1,1,81210d486626
ACEH,74,Kota Lhokseumawe,,2020,,47.052,,"PDRB Per Kapita Atas Dasar Harga Berlaku di Provinsi Aceh Menurut Kabupaten/Kota (miliar rupiah), 2020–2024","Per Capita GRDP at Current Market Prices by Regency/Municipality, in Aceh Province (thousand rupiahss), 2020–2024",1,1,95a63f913ebb
ACEH,75,Kota Subulussalam,,2020,,20.002,,"PDRB Per Kapita Atas Dasar Harga Berlaku di Provinsi Aceh Menurut Kabupaten/Kota (miliar rupiah), 2020–2024","Per Capita GRDP at Current Market Prices by Regency/Municipality, in Aceh Province (thousand rupiahss), 2020–2024",1,1,5721a2f85761
ACEH,,Jml Kab./Kota Total of Reg./Mun.,,2020,,31.691,,"PDRB Per Kapita Atas Dasar Harga Berlaku di Provinsi Aceh Menurut Kabupaten/Kota (miliar rupiah), 2020–2024","Per Capita GRDP at Current Market Prices by Regency/Municipality, in Aceh Province (thousand rupiahss), 2020–2024",1,1,f74f3ad67e93
ACEH,,Provinsi/Province,,2020,,31.633,,"PDRB Per Kapita Atas Dasar Harga Berlaku di Provinsi Aceh Menurut Kabupaten/Kota (miliar rupiah), 2020–2024","Per Capita GRDP at Current Market Prices by Regency/Municipality, in Aceh Province (thousand rupiahss), 2020–2024",1,1,0fe343d82747
SUMATERA UTARA,01,Kab. Nias,,2020,,27.619,,"PDRB Per Kapita Atas Dasar Harga Berlaku di Provinsi Sumatera Utara Menurut Kabupaten/Kota (ribu rupiah), 2020–2024","Per Capita GRDP at Current Market Prices by Regency/Municipality, in Sumatera Utara Province (thousand rupiahss), 2020–2024",2,2,d7887c2b3e57
SUMATERA UTARA,02,Kab. Mandailing Natal,,2020,,29.379,,"PDRB Per Kapita Atas Dasar Harga Berlaku di Provinsi Sumatera Utara Menurut Kabupaten/Kota (ribu rupiah), 2020–2024","Per Capita GRDP at Current Market Prices by Regency/Municipality, in Sumatera Utara Province (thousand rupiahss), 2020–2024",2,2,87f057ba4809
SUMATERA UTARA,03,Kab. Tapanuli Selatan,,2020,,48.807,,"PDRB Per Kapita Atas Dasar Harga Berlaku di Provinsi Sumatera Utara Menurut Kabupaten/Kota (ribu rupiah), 2020–2024","Per Capita GRDP at Current Market Prices by Regency/Municipality, in Sumatera Utara Province (thousand rupiahss), 2020–2024",2,2,dd32f0c5fbfc
SUMATERA UTARA,04,Kab. Tapanuli Tengah,,2020,,27.868,,"PDRB Per Kapita Atas Dasar Harga Berlaku di Provinsi Sumatera Utara Menurut Kabupaten/Kota (ribu rupiah), 2020–2024","Per Capita GRDP at Current Market Prices by Regency/Municipality, in Sumatera Utara Province (thousand rupiahss), 2020–2024",2,2,e28bbe9b83e3
SUMATERA UTARA,05,Kab. Tapanuli Utara,,2020,,26.525,,"PDRB Per Kapita Atas Dasar Harga Berlaku di Provinsi Sumatera Utara Menurut Kabupaten/Kota (ribu rupiah), 2020–2024","Per Capita GRDP at Current Market Prices by Regency/Municipality, in Sumatera Utara Province (thousand rupiahss), 2020–2024",2,2,39dfa0a2582f
SUMATERA UTARA,06,Kab. Toba Samosir,,2020,,38.204,,"PDRB Per Kapita Atas Dasar Harga Berlaku di Provinsi Sumatera Utara Menurut Kabupaten/Kota (ribu rupiah), 2020–2024","Per Capita GRDP at Current Market Prices by Regency/Municipality, in Sumatera Utara Province (thousand rupiahss), 2020–2024",2,2,585ab300995f
SUMATERA UTARA,07,Kab. Labuhan Batu,,2020,,70.449,,"PDRB Per Kapita Atas Dasar Harga Berlaku di Provinsi Sumatera Utara Menurut Kabupaten/Kota (ribu rupiah), 2020–2024","Per Capita GRDP at Current Market Prices by Regency/Municipality, in Sumatera Utara Province (thousand rupiahss), 2020–2024",2,2,ab256f3f9a38
SUMATERA UTARA,08,Kab. Asahan,,2020,,50.417,,"PDRB Per Kapita Atas Dasar Harga Berlaku di Provinsi Sumatera Utara Menurut Kabupaten/Kota (ribu rupiah), 2020–2024","Per Capita GRDP at Current Market Prices by Regency/Municipality, in Sumatera Utara Province (thousand rupiahss), 2020–2024",2,2,ab4ea6923a5e
SUMATERA UTARA,09,Kab. Simalungun,,2020,,40.010,,"PDRB Per Kapita Atas Dasar Harga Berlaku di Provinsi Sumatera Utara Menurut Kabupaten/Kota (ribu rupiah), 2020–2024","Per Capita GRDP at Current Market Prices by Regency/Municipality, in Sumatera Utara Province (thousand rupiahss), 2020–2024",2,2,da8f272ad88a
SUMATERA UTARA,10,Kab. Dairi,,2020,,30.271,,"PDRB Per Kapita Atas Dasar Harga Berlaku di Provinsi Sumatera Utara Menurut Kabupaten/Kota (ribu rupiah), 2020–2024","Per Capita GRDP at Current Market Prices by Regency/Municipality, in Sumatera Utara Province (thousand rupiahss), 2020–2024",2,2,21b59bec847c
SUMATERA UTARA,11,Kab. Karo,,2020,,51.961,,"PDRB Per Kapita Atas Dasar Harga Berlaku di Provinsi Sumatera Utara Menurut Kabupaten/Kota (ribu rupiah), 2020–2024","Per Capita GRDP at Current Market Prices by Regency/Municipality, in Sumatera Utara Province (thousand rupiahss), 2020–2024",2,2,9803c24dcea6
SUMATERA UTARA,12,Kab. Deli Serdang,,2020,,57.122,,"PDRB Per Kapita Atas Dasar Harga Berlaku di Provinsi Sumatera Utara Menurut Kabupaten/Kota (ribu rupiah), 2020–2024","Per Capita GRDP at Current Market Prices by Regency/Municipality, in Sumatera Utara Province (thousand rupiahss), 2020–2024",2,2,45e891740b12
SUMATERA UTARA,13,Kab. Langkat,,2020,,41.997,,"PDRB Per Kapita Atas Dasar Harga Berlaku di Provinsi Sumatera Utara Menurut Kabupaten/Kota (ribu rupiah), 2020–2024","Per Capita GRDP at Current Market Prices by Regency/Municipality, in Sumatera Utara Province (thousand rupiahss), 2020–2024",2,2,d24058710364
SUMATERA UTARA,14,Kab. Nias Selatan,,2020,,19.975,,"PDRB Per Kapita Atas Dasar Harga Berlaku di Provinsi Sumatera Utara Menurut Kabupaten/Kota (ribu rupiah), 2020–2024","Per Capita GRDP at Current Market Prices by Regency/Municipality, in Sumatera Utara Province (thousand rupiahss), 2020–2024",2,2,35caf53ae3e0
SUMATERA UTARA,15,Kab. Humbang Hasundutan,,2020,,31.067,,"PDRB Per Kapita Atas Dasar Harga Berlaku di Provinsi Sumatera Utara Menurut Kabupaten/Kota (ribu rupiah), 2020–2024","Per Capita GRDP at Current Market Prices by Regency/Municipality, in Sumatera Utara Province (thousand rupiahss), 2020–2024",2,2,672b591f0ed4
SUMATERA UTARA,16,Kab. Pakpak Bharat,,2020,,23.282,,"PDRB Per Kapita Atas Dasar Harga Berlaku di Provinsi Sumatera Utara Menurut Kabupaten/Kota (ribu rupiah), 2020–2024","Per Capita GRDP at Current Market Prices by Regency/Municipality, in Sumatera Utara Province (thousand rupiahss), 2020–2024",2,2,163e6c9f45a1
SUMATERA UTARA,17,Kab. Samosir,,2020,,33.396,,"PDRB Per Kapita Atas Dasar Harga Berlaku di Provinsi Sumatera Utara Menurut Kabupaten/Kota (ribu rupiah), 2020–2024","Per Capita GRDP at Current Market Prices by Regency/Municipality, in Sumatera Utara Province (thousand rupiahss), 2020–2024",2,2,916e3a517c0d
SUMATERA UTARA,18,Kab. Serdang Bedagai,,2020,,43.601,,"PDRB Per Kapita Atas Dasar Harga Berlaku di Provinsi Sumatera Utara Menurut Kabupaten/Kota (ribu rupiah), 2020–2024","Per Capita GRDP at Current Market Prices by Regency/Municipality, in Sumatera Utara Province (thousand rupiahss), 2020–2024",2,2,f4c66ad00ec5
SUMATERA UTARA,19,Kab. Batu Bara,,2020,,85.362,,"PDRB Per Kapita Atas Dasar Harga Berlaku di Provinsi Sumatera Utara Menurut Kabupaten/Kota (ribu rupiah), 2020–2024","Per Capita GRDP at Current Market Prices by Regency/Municipality, in Sumatera Utara Province (thousand rupiahss), 2020–2024",2,2,a5e91bcfe7c5
SUMATERA UTARA,20,Kab. Padang Lawas Utara,,2020,,46.922,,"PDRB Per Kapita Atas Dasar Harga Berlaku di Provinsi Sumatera Utara Menurut Kabupaten/Kota (ribu rupiah), 2020–2024","Per Capita GRDP at Current Market Prices by Regency/Municipality, in Sumatera Utara Province (thousand rupiahss), 2020–2024",2,2,56e024d4d506
SUMATERA UTARA,21,Kab. Padang Lawas,,2020,,46.121,,"PDRB Per Kapita Atas Dasar Harga Berlaku di Provinsi Sumatera Utara Menurut Kabupaten/Kota (ribu rupiah), 2020–2024","Per Capita GRDP at Current Market Prices by Regency/Municipality, in Sumatera Utara Province (thousand rupiahss), 2020–2024",2,2,42879023aa5b
SUMATERA UTARA,22,Kab. Labuhan Batu Selatan,,2020,,90.032,,"PDRB Per Kapita Atas Dasar Harga Berlaku di Provinsi Sumatera Utara Menurut Kabupaten/Kota (ribu rupiah), 2020–2024","Per Capita GRDP at Current Market Prices by Regency/Municipality, in Sumatera Utara Province (thousand rupiahss), 2020–2024",2,2,9acb2ceac6a6
SUMATERA UTARA,23,Kab. Labuhan Batu Utara,,2020,,66.167,,"PDRB Per Kapita Atas Dasar Harga Berlaku di Provinsi Sumatera Utara Menurut Kabupaten/Kota (ribu rupiah), 2020–2024","Per Capita GRDP at Current Market Prices by Regency/Municipality, in Sumatera Utara Province (thousand rupiahss), 2020–2024",2,2,f04b8b2d04f2
SUMATERA UTARA,24,Kab. Nias Utara,,2020,,25.277,,"PDRB Per Kapita Atas Dasar Harga Berlaku di Provinsi Sumatera Utara Menurut Kabupaten/Kota (ribu rupiah), 2020–2024","Per Capita GRDP at Current Market Prices by Regency/Municipality, in Sumatera Utara Province (thousand rupiahss), 2020–2024",2,2,3ad0393f0fe9
SUMATERA UTARA,25,Kab. Nias Barat,,2020,,21.408,,"PDRB Per Kapita Atas Dasar Harga Berlaku di Provinsi Sumatera Utara Menurut Kabupaten/Kota (ribu rupiah), 2020–2024","Per Capita GRDP at Current Market Prices by Regency/Municipality, in Sumatera Utara Province (thousand rupiahss), 2020–2024",2,2,a60125aedab9
SUMATERA UTARA,71,Kota Sibolga,,2020,,62.649,,"PDRB Per Kapita Atas Dasar Harga Berlaku di Provinsi Sumatera Utara Menurut Kabupaten/Kota (ribu rupiah), 2020–2024","Per Capita GRDP at Current Market Prices by Regency/Municipality, in Sumatera Utara Province (thousand rupiahss), 2020–2024",2,2,3be2acb0cb2d
SUMATERA UTARA,72,Kota Tanjung Balai,,2020,,52.311,,"PDRB Per Kapita Atas Dasar Harga Berlaku di Provinsi Sumatera Utara Menurut Kabupaten/Kota (ribu rupiah), 2020–2024","Per Capita GRDP at Current Market Prices by Regency/Municipality, in Sumatera Utara Province (thousand rupiahss), 2020–2024",2,2,5a58d3eec270
SUMATERA UTARA,73,Kota Pematang Siantar,,2020,,52.051,,"PDRB Per Kapita Atas Dasar Harga Berlaku di Provinsi Sumatera Utara Menurut Kabupaten/Kota (ribu rupiah), 2020–2024","Per Capita GRDP at Current Market Prices by Regency/Municipality, in Sumatera Utara Province (thousand rupiahss), 2020–2024",2,2,0a5a0c0380bc
SUMATERA UTARA,74,Kota Tebing Tinggi,,2020,,35.142,,"PDRB Per Kapita Atas Dasar Harga Berlaku di Provinsi Sumatera Utara Menurut Kabupaten/Kota (ribu rupiah), 2020–2024","Per Capita GRDP at Current Market Prices by Regency/Municipality, in Sumatera Utara Province (thousand rupiahss), 2020–2024",2,2,f37f45037a9a
SUMATERA UTARA,75,Kota Medan,,2020,,99.801,,"PDRB Per Kapita Atas Dasar Harga Berlaku di Provinsi Sumatera Utara Menurut Kabupaten/Kota (ribu rupiah), 2020–2024","Per Capita GRDP at Current Market Prices by Regency/Municipality, in Sumatera Utara Province (thousand rupiahss), 2020–2024",2,2,2a17b2f42951
SUMATERA UTARA,76,Kota Binjai,,2020,,40.488,,"PDRB Per Kapita Atas Dasar Harga Berlaku di Provinsi Sumatera Utara Menurut Kabupaten/Kota (ribu rupiah), 2020–2024","Per Capita GRDP at Current Market Prices by Regency/Municipality, in Sumatera Utara Province (thousand rupiahss), 2020–2024",2,2,2b90706b60f9
SUMATERA UTARA,77,Kota Padang Sidempuan,,2020,,28.889,,"PDRB Per Kapita Atas Dasar Harga Berlaku di Provinsi Sumatera Utara Menurut Kabupaten/Kota (ribu rupiah), 2020–2024","Per Capita GRDP at Current Market Prices by Regency/Municipality, in Sumatera Utara Province (thousand rupiahss), 2020–2024",2,2,99f14bf0d9d3
SUMATERA UTARA,78,Kota Gunungsitoli,,2020,,42.535,,"PDRB Per Kapita Atas Dasar Harga Berlaku di Provinsi Sumatera Utara Menurut Kabupaten/Kota (ribu rupiah), 2020–2024","Per Capita GRDP at Current Market Prices by Regency/Municipality, in Sumatera Utara Province (thousand rupiahss), 2020–2024",2,2,a05d4fec7244
SUMATERA UTARA,,Jml Kab./Kota Total of Reg./Mun.,,2020,,55.714,,"PDRB Per Kapita Atas Dasar Harga Berlaku di Provinsi Sumatera Utara Menurut Kabupaten/Kota (ribu rupiah), 2020–2024","Per Capita GRDP at Current Market Prices by Regency/Municipality, in Sumatera Utara Province (thousand rupiahss), 2020–2024",2,2,0bb79a28da41
SUMATERA UTARA,,Provinsi/Province,,2020,,54.979,,"PDRB Per Kapita Atas Dasar Harga Berlaku di Provinsi Sumatera Utara Menurut Kabupaten/Kota (ribu rupiah), 2020–2024","Per Capita GRDP at Current Market Prices by Regency/Municipality, in Sumatera Utara Province (thousand rupiahss), 2020–2024",2,2,845569699b15
SUMATERA BARAT,01,Kab. Kepulauan Mentawai,,2020,,53.188,,"PDRB Per Kapita Atas Dasar Harga Berlaku di Provinsi Sumatera Barat Menurut Kabupaten/Kota (ribu rupiah), 2020–2024","Per Capita GRDP at Current Market Prices by Regency/Municipality, in Sumatera Barat Province (thousand rupiahss), 2020–2024",3,3,293a9f1d4b08
SUMATERA BARAT,02,Kab. Pesisir Selatan,,2020,,28.040,,"PDRB Per Kapita Atas Dasar Harga Berlaku di Provinsi Sumatera Barat Menurut Kabupaten/Kota (ribu rupiah), 2020–2024","Per Capita GRDP at Current Market Prices by Regency/Municipality, in Sumatera Barat Province (thousand rupiahss), 2020–2024",3,3,8a22e7449bbc
SUMATERA BARAT,03,Kab. Solok,,2020,,34.772,,"PDRB Per Kapita Atas Dasar Harga Berlaku di Provinsi Sumatera Barat Menurut Kabupaten/Kota (ribu rupiah), 2020–2024","Per Capita GRDP at Current Market Prices by Regency/Municipality, in Sumatera Barat Province (thousand rupiahss), 2020–2024",3,3,b842349ef34d
SUMATERA BARAT,04,Kab. Sijunjung,,2020,,38.995,,"PDRB Per Kapita Atas Dasar Harga Berlaku di Provinsi Sumatera Barat Menurut Kabupaten/Kota (ribu rupiah), 2020–2024","Per Capita GRDP at Current Market Prices by Regency/Municipality, in Sumatera Barat Province (thousand rupiahss), 2020–2024",3,3,a79b804f2364
SUMATERA BARAT,05,Kab. Tanah Datar,,2020,,35.097,,"PDRB Per Kapita Atas Dasar Harga Berlaku di Provinsi Sumatera Barat Menurut Kabupaten/Kota (ribu rupiah), 2020–2024","Per Capita GRDP at Current Market Prices by Regency/Municipality, in Sumatera Barat Province (thousand rupiahss), 2020–2024",3,3,8b4a7d419f45
SUMATERA BARAT,06,Kab. Padang Pariaman,,2020,,41.723,,"PDRB Per Kapita Atas Dasar Harga Berlaku di Provinsi Sumatera Barat Menurut Kabupaten/Kota (ribu rupiah), 2020–2024","Per Capita GRDP at Current Market Prices by Regency/Municipality, in Sumatera Barat Province (thousand rupiahss), 2020–2024",3,3,81b5ecb13ce6
SUMATERA BARAT,07,Kab. Agam,,2020,,38.631,,"PDRB Per Kapita Atas Dasar Harga Berlaku di Provinsi Sumatera Barat Menurut Kabupaten/Kota (ribu rupiah), 2020–2024","Per Capita GRDP at Current Market Prices by Regency/Municipality, in Sumatera Barat Province (thousand rupiahss), 2020–2024",3,3,4621b35ec6e2
SUMATERA BARAT,08,Kab. Lima Puluh Kota,,2020,,40.595,,"PDRB Per Kapita Atas Dasar Harga Berlaku di Provinsi Sumatera Barat Menurut Kabupaten/Kota (ribu rupiah), 2020–2024","Per Capita GRDP at Current Market Prices by Regency/Municipality, in Sumatera Barat Province (thousand rupiahss), 2020–2024",3,3,64b8547d11ae
SUMATERA BARAT,09,Kab. Pasaman,,2020,,30.022,,"PDRB Per Kapita Atas Dasar Harga Berlaku di Provinsi Sumatera Barat Menurut Kabupaten/Kota (ribu rupiah), 2020–2024","Per Capita GRDP at Current Market Prices by Regency/Municipality, in Sumatera Barat Province (thousand rupiahss), 2020–2024",3,3,d5cbcdcd32b6
SUMATERA BARAT,10,Kab. Solok Selatan,,2020,,30.541,,"PDRB Per Kapita Atas Dasar Harga Berlaku di Provinsi Sumatera Barat Menurut Kabupaten/Kota (ribu rupiah), 2020–2024","Per Capita GRDP at Current Market Prices by Regency/Municipality, in Sumatera Barat Province (thousand rupiahss), 2020–2024",3,3,edf2ce0f4fc7
SUMATERA BARAT,11,Kab. Dharmasraya,,2020,,44.981,,"PDRB Per Kapita Atas Dasar Harga Berlaku di Provinsi Sumatera Barat Menurut Kabupaten/Kota (ribu rupiah), 2020–2024","Per Capita GRDP at Current Market Prices by Regency/Municipality, in Sumatera Barat Province (thousand rupiahss), 2020–2024",3,3,125aad53f815
SUMATERA BARAT,12,Kab. Pasaman Barat,,2020,,35.461,,"PDRB Per Kapita Atas Dasar Harga Berlaku di Provinsi Sumatera Barat Menurut Kabupaten/Kota (ribu rupiah), 2020–2024","Per Capita GRDP at Current Market Prices by Regency/Municipality, in Sumatera Barat Province (thousand rupiahss), 2020–2024",3,3,c1b1a7174fec
SUMATERA BARAT,71,Kota Padang,,2020,,68.509,,"PDRB Per Kapita Atas Dasar Harga Berlaku di Provinsi Sumatera Barat Menurut Kabupaten/Kota (ribu rupiah), 2020–2024","Per Capita GRDP at Current Market Prices by Regency/Municipality, in Sumatera Barat Province (thousand rupiahss), 2020–2024",3,3,54e3139e86d1
SUMATERA BARAT,72,Kota Solok,,2020,,55.293,,"PDRB Per Kapita Atas Dasar Harga Berlaku di Provinsi Sumatera Barat Menurut Kabupaten/Kota (ribu rupiah), 2020–2024","Per Capita GRDP at Current Market Prices by Regency/Municipality, in Sumatera Barat Province (thousand rupiahss), 2020–2024",3,3,6d914297629f
SUMATERA BARAT,73,Kota Sawah Lunto,,2020,,56.292,,"PDRB Per Kapita Atas Dasar Harga Berlaku di Provinsi Sumatera Barat Menurut Kabupaten/Kota (ribu rupiah), 2020–2024","Per Capita GRDP at Current Market Prices by Regency/Municipality, in Sumatera Barat Province (thousand rupiahss), 2020–2024",3,3,46728ffd0325
SUMATERA BARAT,74,Kota Padang Panjang,,2020,,61.920,,"PDRB Per Kapita Atas Dasar Harga Berlaku di Provinsi Sumatera Barat Menurut Kabupaten/Kota (ribu rupiah), 2020–2024","Per Capita GRDP at Current Market Prices by Regency/Municipality, in Sumatera Barat Province (thousand rupiahss), 2020–2024",3,3,61dac96e547b
SUMATERA BARAT,75,Kota Bukittinggi,,2020,,71.391,,"PDRB Per Kapita Atas Dasar Harga Berlaku di Provinsi Sumatera Barat Menurut Kabupaten/Kota (ribu rupiah), 2020–2024","Per Capita GRDP at Current Market Prices by Regency/Municipality, in Sumatera Barat Province (thousand rupiahss), 2020–2024",3,3,1c8ea331b088
SUMATERA BARAT,76,Kota Payakumbuh,,2020,,49.100,,"PDRB Per Kapita Atas Dasar Harga Berlaku di Provinsi Sumatera Barat Menurut Kabupaten/Kota (ribu rupiah), 2020–2024","Per Capita GRDP at Current Market Prices by Regency/Municipality, in Sumatera Barat Province (thousand rupiahss), 2020–2024",3,3,935707233e22
SUMATERA BARAT,77,Kota Pariaman,,2020,,53.203,,"PDRB Per Kapita Atas Dasar Harga Berlaku di Provinsi Sumatera Barat Menurut Kabupaten/Kota (ribu rupiah), 2020–2024","Per Capita GRDP at Current Market Prices by Regency/Municipality, in Sumatera Barat Province (thousand rupiahss), 2020–2024",3,3,68c1643bfd85
SUMATERA BARAT,,Jml Kab./Kota Total of Reg./Mun.,,2020,,43.869,,"PDRB Per Kapita Atas Dasar Harga Berlaku di Provinsi Sumatera Barat Menurut Kabupaten/Kota (ribu rupiah), 2020–2024","Per Capita GRDP at Current Market Prices by Regency/Municipality, in Sumatera Barat Province (thousand rupiahss), 2020–2024",3,3,f7cf4f76cb01
SUMATERA BARAT,,Provinsi/Province,,2020,,43.826,,"PDRB Per Kapita Atas Dasar Harga Berlaku di Provinsi Sumatera Barat Menurut Kabupaten/Kota (ribu rupiah), 2020–2024","Per Capita GRDP at Current Market Prices by Regency/Municipality, in Sumatera Barat Province (thousand rupiahss), 2020–2024",3,3,42f85c4873fe
RIAU,01,Kab. Kuantan Singingi,,2020,,100.869,,"PDRB Per Kapita Atas Dasar Harga Berlaku di Provinsi Riau Menurut Kabupaten/Kota (ribu rupiah), 2020–2024","Per Capita GRDP at Current Market Prices by Regency/Municipality, in Riau Province (thousand rupiahss), 2020–2024",4,4,5a0648da4d71
RIAU,02,Kab.indragiri Hulu,,2020,,95.933,,"PDRB Per Kapita Atas Dasar Harga Berlaku di Provinsi Riau Menurut Kabupaten/Kota (ribu rupiah), 2020–2024","Per Capita GRDP at Current Market Prices by Regency/Municipality, in Riau Province (thousand rupiahss), 2020–2024",4,4,29c0f7d538fb
RIAU,03,Kab.indragiri Hilir,,2020,,99.283,,"PDRB Per Kapita Atas Dasar Harga Berlaku di Provinsi Riau Menurut Kabupaten/Kota (ribu rupiah), 2020–2024","Per Capita GRDP at Current Market Prices by Regency/Municipality, in Riau Province (thousand rupiahss), 2020–2024",4,4,f3479460d1b4
RIAU,04,Kab. Pelalawan,,2020,,130.721,,"PDRB Per Kapita Atas Dasar Harga Berlaku di Provinsi Riau Menurut Kabupaten/Kota (ribu rupiah), 2020–2024","Per Capita GRDP at Current Market Prices by Regency/Municipality, in Riau Province (thousand rupiahss), 2020–2024",4,4,3cc0985e84f8
RIAU,05,Kab. Siak,,2020,,168.914,,"PDRB Per Kapita Atas Dasar Harga Berlaku di Provinsi Riau Menurut Kabupaten/Kota (ribu rupiah), 2020–2024","Per Capita GRDP at Current Market Prices by Regency/Municipality, in Riau Province (thousand rupiahss), 2020–2024",4,4,dbdbdbf88fb5
RIAU,06,Kab. Kampar,,2020,,87.171,,"PDRB Per Kapita Atas Dasar Harga Berlaku di Provinsi Riau Menurut Kabupaten/Kota (ribu rupiah), 2020–2024","Per Capita GRDP at Current Market Prices by Regency/Municipality, in Riau Province (thousand rupiahss), 2020–2024",4,4,258a98cdf82b
RIAU,07,Kab. Rokan Hulu,,2020,,64.526,,"PDRB Per Kapita Atas Dasar Harga Berlaku di Provinsi Riau Menurut Kabupaten/Kota (ribu rupiah), 2020–2024","Per Capita GRDP at Current Market Prices by Regency/Municipality, in Riau Province (thousand rupiahss), 2020–2024",4,4,79ebb4813633
RIAU,08,Kab. Bengkalis,,2020,,203.160,,"PDRB Per Kapita Atas Dasar Harga Berlaku di Provinsi Riau Menurut Kabupaten/Kota (ribu rupiah), 2020–2024","Per Capita GRDP at Current Market Prices by Regency/Municipality, in Riau Province (thousand rupiahss), 2020–2024",4,4,a063e869ffee
RIAU,09,Kab. Rokan Hilir,,2020,,106.888,,"PDRB Per Kapita Atas Dasar Harga Berlaku di Provinsi Riau Menurut Kabupaten/Kota (ribu rupiah), 2020–2024","Per Capita GRDP at Current Market Prices by Regency/Municipality, in Riau Province (thousand rupiahss), 2020–2024",4,4,52db28ee7a39
RIAU,10,Kab. Kepulauan Meranti,,2020,,87.958,,"PDRB Per Kapita Atas Dasar Harga Berlaku di Provinsi Riau Menurut Kabupaten/Kota (ribu rupiah), 2020–2024","Per Capita GRDP at Current Market Prices by Regency/Municipality, in Riau Province (thousand rupiahss), 2020–2024",4,4,b7d2f0d194bb
RIAU,71,Kota Pekan Baru,,2020,,117.663,,"PDRB Per Kapita Atas Dasar Harga Berlaku di Provinsi Riau Menurut Kabupaten/Kota (ribu rupiah), 2020–2024","Per Capita GRDP at Current Market Prices by Regency/Municipality, in Riau Province (thousand rupiahss), 2020–2024",4,4,7a0ffdd241bb
RIAU,73,Kota Dumai,,2020,,115.224,,"PDRB Per Kapita Atas Dasar Harga Berlaku di Provinsi Riau Menurut Kabupaten/Kota (ribu rupiah), 2020–2024","Per Capita GRDP at Current Market Prices by Regency/Municipality, in Riau Province (thousand rupiahss), 2020–2024",4,4,3bd2e9ac3637
RIAU,,Jml Kab./Kota Total of Reg./Mun.,,2020,,114.590,,"PDRB Per Kapita Atas Dasar Harga Berlaku di Provinsi Riau Menurut Kabupaten/Kota (ribu rupiah), 2020–2024","Per Capita GRDP at Current Market Prices by Regency/Municipality, in Riau Province (thousand rupiahss), 2020–2024",4,4,7b0fa6a6277d
RIAU,,Provinsi/Province,,2020,,114.167,,"PDRB Per Kapita Atas Dasar Harga Berlaku di Provinsi Riau Menurut Kabupaten/Kota (ribu rupiah), 2020–2024","Per Capita GRDP at Current Market Prices by Regency/Municipality, in Riau Province (thousand rupiahss), 2020–2024",4,4,0577c26359b4
JAMBI,01,Kab. Kerinci,,2020,,41.859,,"PDRB Per Kapita Atas Dasar Harga Berlaku di Provinsi Jambi Menurut Kabupaten/Kota (ribu rupiah), 2020–2024","Per Capita GRDP at Current Market Prices by Regency/Municipality, in Jambi Province (thousand rupiahss), 2020–2024",5,5,af738c864497
JAMBI,02,Kab. Merangin,,2020,,44.298,,"PDRB Per Kapita Atas Dasar Harga Berlaku di Provinsi Jambi Menurut Kabupaten/Kota (ribu rupiah), 2020–2024","Per Capita GRDP at Current Market Prices by Regency/Municipality, in Jambi Province (thousand rupiahss), 2020–2024",5,5,2031cbb175fa
JAMBI,03,Kab. Sarolangun,,2020,,49.917,,"PDRB Per Kapita Atas Dasar Harga Berlaku di Provinsi Jambi Menurut Kabupaten/Kota (ribu rupiah), 2020–2024","Per Capita GRDP at Current Market Prices by Regency/Municipality, in Jambi Province (thousand rupiahss), 2020–2024",5,5,cd2025867bfd
JAMBI,04,Kab. Batanghari,,2020,,54.600,,"PDRB Per Kapita Atas Dasar Harga Berlaku di Provinsi Jambi Menurut Kabupaten/Kota (ribu rupiah), 2020–2024","Per Capita GRDP at Current Market Prices by Regency/Municipality, in Jambi Province (thousand rupiahss), 2020–2024",5,5,4e5ccbba1984
JAMBI,05,Kab. Muaro Jambi,,2020,,60.848,,"PDRB Per Kapita Atas Dasar Harga Berlaku di Provinsi Jambi Menurut Kabupaten/Kota (ribu rupiah), 2020–2024","Per Capita GRDP at Current Market Prices by Regency/Municipality, in Jambi Province (thousand rupiahss), 2020–2024",5,5,a0492c3388fd
JAMBI,06,Kab. Tanjung Jabung Timur,,2020,,85.307,,"PDRB Per Kapita Atas Dasar Harga Berlaku di Provinsi Jambi Menurut Kabupaten/Kota (ribu rupiah), 2020–2024","Per Capita GRDP at Current Market Prices by Regency/Municipality, in Jambi Province (thousand rupiahss), 2020–2024",5,5,2c1becea6755
JAMBI,07,Kab. Tanjung Jabung Barat,,2020,,117.256,,"PDRB Per Kapita Atas Dasar Harga Berlaku di Provinsi Jambi Menurut Kabupaten/Kota (ribu rupiah), 2020–2024","Per Capita GRDP at Current Market Prices by Regency/Municipality, in Jambi Province (thousand rupiahss), 2020–2024",5,5,0f067b0944ce
JAMBI,08,Kab. Tebo,,2020,,43.753,,"PDRB Per Kapita Atas Dasar Harga Berlaku di Provinsi Jambi Menurut Kabupaten/Kota (ribu rupiah), 2020–2024","Per Capita GRDP at Current Market Prices by Regency/Municipality, in Jambi Province (thousand rupiahss), 2020–2024",5,5,fa274a6b2533
JAMBI,09,Kab. Bungo,,2020,,47.937,,"PDRB Per Kapita Atas Dasar Harga Berlaku di Provinsi Jambi Menurut Kabupaten/Kota (ribu rupiah), 2020–2024","Per Capita GRDP at Current Market Prices by Regency/Municipality, in Jambi Province (thousand rupiahss), 2020–2024",5,5,cfcaa8c9925b
JAMBI,71,Kota Jambi,,2020,,48.731,,"PDRB Per Kapita Atas Dasar Harga Berlaku di Provinsi Jambi Menurut Kabupaten/Kota (ribu rupiah), 2020–2024","Per Capita GRDP at Current Market Prices by Regency/Municipality, in Jambi Province (thousand rupiahss), 2020–2024",5,5,74d83d65d1f3
JAMBI,72,Kota Sungai Penuh,,2020,,78.535,,"PDRB Per Kapita Atas Dasar Harga Berlaku di Provinsi Jambi Menurut Kabupaten/Kota (ribu rupiah), 2020–2024","Per Capita GRDP at Current Market Prices by Regency/Municipality, in Jambi Province (thousand rupiahss), 2020–2024",5,5,b71cc7b355aa
JAMBI,,Jml Kab./Kota Total of Reg./Mun.,,2020,,58.529,,"PDRB Per Kapita Atas Dasar Harga Berlaku di Provinsi Jambi Menurut Kabupaten/Kota (ribu rupiah), 2020–2024","Per Capita GRDP at Current Market Prices by Regency/Municipality, in Jambi Province (thousand rupiahss), 2020–2024",5,5,433c0f52d27c
JAMBI,,Provinsi/Province,,2020,,57.958.,,"PDRB Per Kapita Atas Dasar Harga Berlaku di Provinsi Jambi Menurut Kabupaten/Kota (ribu rupiah), 2020–2024","Per Capita GRDP at Current Market Prices by Regency/Municipality, in Jambi Province (thousand rupiahss), 2020–2024",5,5,7c01298c18bb
SUMATERA SELATAN,01,Kab. Ogan Komering Ulu,,2020,,40.413,,"PDRB Per Kapita Atas Dasar Harga Berlaku di Provinsi Sumatera Selatan Menurut Kabupaten/Kota (ribu rupiah), 2020–2024","Per Capita GRDP at Current Market Prices by Regency/Municipality, in Sumatera Selatan Province (thousand rupiahss), 2020–2024",6,6,24e3f78e0861
SUMATERA SELATAN,02,Kab. Ogan Komering Ilir,,2020,,38.113,,"PDRB Per Kapita Atas Dasar Harga Berlaku di Provinsi Sumatera Selatan Menurut Kabupaten/Kota (ribu rupiah), 2020–2024","Per Capita GRDP at Current Market Prices by Regency/Municipality, in Sumatera Selatan Province (thousand rupiahss), 2020–2024",6,6,9b383bd521a5
SUMATERA SELATAN,03,Kab. Muara Enim,,2020,,94.017,,"PDRB Per Kapita Atas Dasar Harga Berlaku di Provinsi Sumatera Selatan Menurut Kabupaten/Kota (ribu rupiah), 2020–2024","Per Capita GRDP at Current Market Prices by Regency/Municipality, in Sumatera Selatan Province (thousand rupiahss), 2020–2024",6,6,5025ab34038e
SUMATERA SELATAN,04,Kab. Lahat,,2020,,40.199,,"PDRB Per Kapita Atas Dasar Harga Berlaku di Provinsi Sumatera Selatan Menurut Kabupaten/Kota (ribu rupiah), 2020–2024","Per Capita GRDP at Current Market Prices by Regency/Municipality, in Sumatera Selatan Province (thousand rupiahss), 2020–2024",6,6,8eb02a6fd8e1
SUMATERA SELATAN,05,Kab. Musi Rawas,,2020,,48.740,,"PDRB Per Kapita Atas Dasar Harga Berlaku di Provinsi Sumatera Selatan Menurut Kabupaten/Kota (ribu rupiah), 2020–2024","Per Capita GRDP at Current Market Prices by Regency/Municipality, in Sumatera Selatan Province (thousand rupiahss), 2020–2024",6,6,5b4ab286bd2f
SUMATERA SELATAN,06,Kab. Musi Banyuasin,,2020,,106.214,,"PDRB Per Kapita Atas Dasar Harga Berlaku di Provinsi Sumatera Selatan Menurut Kabupaten/Kota (ribu rupiah), 2020–2024","Per Capita GRDP at Current Market Prices by Regency/Municipality, in Sumatera Selatan Province (thousand rupiahss), 2020–2024",6,6,6c7bdd6c1e38
SUMATERA SELATAN,07,Kab. Banyuasin,,2020,,34.853,,"PDRB Per Kapita Atas Dasar Harga Berlaku di Provinsi Sumatera Selatan Menurut Kabupaten/Kota (ribu rupiah), 2020–2024","Per Capita GRDP at Current Market Prices by Regency/Municipality, in Sumatera Selatan Province (thousand rupiahss), 2020–2024",6,6,cbde3df6c703
SUMATERA SELATAN,08,Kab. Ogan Komering Ulu Selatan,,2020,,22.066,,"PDRB Per Kapita Atas Dasar Harga Berlaku di Provinsi Sumatera Selatan Menurut Kabupaten/Kota (ribu rupiah), 2020–2024","Per Capita GRDP at Current Market Prices by Regency/Municipality, in Sumatera Selatan Province (thousand rupiahss), 2020–2024",6,6,53ce3eda19be
SUMATERA SELATAN,09,Kab. Ogan Komering Ulu Timur,,2020,,23.545,,"PDRB Per Kapita Atas Dasar Harga Berlaku di Provinsi Sumatera Selatan Menurut Kabupaten/Kota (ribu rupiah), 2020–2024","Per Capita GRDP at Current Market Prices by Regency/Municipality, in Sumatera Selatan Province (thousand rupiahss), 2020–2024",6,6,30bf12b2ae8d
SUMATERA SELATAN,10,Kab. Ogan Ilir,,2020,,27.246,,"PDRB Per Kapita Atas Dasar Harga Berlaku di Provinsi Sumatera Selatan Menurut Kabupaten/Kota (ribu rupiah), 2020–2024","Per Capita GRDP at Current Market Prices by Regency/Municipality, in Sumatera Selatan Province (thousand rupiahss), 2020–2024",6,6,19b6037aef7b
SUMATERA SELATAN,11,Kab. Empat Lawang,,2020,,15.393,,"PDRB Per Kapita Atas Dasar Harga Berlaku di Provinsi Sumatera Selatan Menurut Kabupaten/Kota (ribu rupiah), 2020–2024","Per Capita GRDP at Current Market Prices by Regency/Municipality, in Sumatera Selatan Province (thousand rupiahss), 2020–2024",6,6,c6bd33632dc9
SUMATERA SELATAN,12,Kab. Penukal Abab Lematang Ilir,,2020,,36.716,,"PDRB Per Kapita Atas Dasar Harga Berlaku di Provinsi Sumatera Selatan Menurut Kabupaten/Kota (ribu rupiah), 2020–2024","Per Capita GRDP at Current Market Prices by Regency/Municipality, in Sumatera Selatan Province (thousand rupiahss), 2020–2024",6,6,4fc1c2c6030d
SUMATERA SELATAN,13,Kab. Musi Rawas Utara,,2020,,38.180,,"PDRB Per Kapita Atas Dasar Harga Berlaku di Provinsi Sumatera Selatan Menurut Kabupaten/Kota (ribu rupiah), 2020–2024","Per Capita GRDP at Current Market Prices by Regency/Municipality, in Sumatera Selatan Province (thousand rupiahss), 2020–2024",6,6,4be2525a55e2
SUMATERA SELATAN,71,Kota Palembang,,2020,,93.281,,"PDRB Per Kapita Atas Dasar Harga Berlaku di Provinsi Sumatera Selatan Menurut Kabupaten/Kota (ribu rupiah), 2020–2024","Per Capita GRDP at Current Market Prices by Regency/Municipality, in Sumatera Selatan Province (thousand rupiahss), 2020–2024",6,6,32eea944217d
SUMATERA SELATAN,72,Kota Prabumulih,,2020,,40.885,,"PDRB Per Kapita Atas Dasar Harga Berlaku di Provinsi Sumatera Selatan Menurut Kabupaten/Kota (ribu rupiah), 2020–2024","Per Capita GRDP at Current Market Prices by Regency/Municipality, in Sumatera Selatan Province (thousand rupiahss), 2020–2024",6,6,fb01284539a2
SUMATERA SELATAN,73,Kota Pagar Alam,,2020,,19.733,,"PDRB Per Kapita Atas Dasar Harga Berlaku di Provinsi Sumatera Selatan Menurut Kabupaten/Kota (ribu rupiah), 2020–2024","Per Capita GRDP at Current Market Prices by Regency/Municipality, in Sumatera Selatan Province (thousand rupiahss), 2020–2024",6,6,6d42448d9610
SUMATERA SELATAN,74,Kota Lubuk Linggau,,2020,,28.786,,"PDRB Per Kapita Atas Dasar Harga Berlaku di Provinsi Sumatera Selatan Menurut Kabupaten/Kota (ribu rupiah), 2020–2024","Per Capita GRDP at Current Market Prices by Regency/Municipality, in Sumatera Selatan Province (thousand rupiahss), 2020–2024",6,6,f4ab68f0ca32
SUMATERA SELATAN,,Jml Kab./Kota Total of Reg./Mun.,,2020,,54.567,,"PDRB Per Kapita Atas Dasar Harga Berlaku di Provinsi Sumatera Selatan Menurut Kabupaten/Kota (ribu rupiah), 2020–2024","Per Capita GRDP at Current Market Prices by Regency/Municipality, in Sumatera Selatan Province (thousand rupiahss), 2020–2024",6,6,3b1d70b0d42d
SUMATERA SELATAN,,Provinsi/Province,,2020,,53.843,,"PDRB Per Kapita Atas Dasar Harga Berlaku di Provinsi Sumatera Selatan Menurut Kabupaten/Kota (ribu rupiah), 2020–2024","Per Capita GRDP at Current Market Prices by Regency/Municipality, in Sumatera Selatan Province (thousand rupiahss), 2020–2024",6,6,9006caed336b
BENGKULU,01,Kab. Bengkulu Selatan,,2020,,35.090,,"PDRB Per Kapita Atas Dasar Harga Berlaku di Provinsi Bengkulu Menurut Kabupaten/Kota (ribu rupiah), 2020–2024","Per Capita GRDP at Current Market Prices by Regency/Municipality, in Bengkulu Province (thousand rupiahss), 2020–2024",7,7,73d609d03b21
BENGKULU,02,Kab. Rejang Lebong,,2020,,34.525,,"PDRB Per Kapita Atas Dasar Harga Berlaku di Provinsi Bengkulu Menurut Kabupaten/Kota (ribu rupiah), 2020–2024","Per Capita GRDP at Current Market Prices by Regency/Municipality, in Bengkulu Province (thousand rupiahss), 2020–2024",7,7,c94141760b75
BENGKULU,03,Kab. Bengkulu Utara,,2020,,28.443,,"PDRB Per Kapita Atas Dasar Harga Berlaku di Provinsi Bengkulu Menurut Kabupaten/Kota (ribu rupiah), 2020–2024","Per Capita GRDP at Current Market Prices by Regency/Municipality, in Bengkulu Province (thousand rupiahss), 2020–2024",7,7,653f5d73fa28
BENGKULU,04,Kab. Kaur,,2020,,28.618,,"PDRB Per Kapita Atas Dasar Harga Berlaku di Provinsi Bengkulu Menurut Kabupaten/Kota (ribu rupiah), 2020–2024","Per Capita GRDP at Current Market Prices by Regency/Municipality, in Bengkulu Province (thousand rupiahss), 2020–2024",7,7,a9b9d1b199e9
BENGKULU,05,Kab. Seluma,,2020,,22.827,,"PDRB Per Kapita Atas Dasar Harga Berlaku di Provinsi Bengkulu Menurut Kabupaten/Kota (ribu rupiah), 2020–2024","Per Capita GRDP at Current Market Prices by Regency/Municipality, in Bengkulu Province (thousand rupiahss), 2020–2024",7,7,2553753224d4
BENGKULU,06,Kab. Mukomuko,,2020,,27.749,,"PDRB Per Kapita Atas Dasar Harga Berlaku di Provinsi Bengkulu Menurut Kabupaten/Kota (ribu rupiah), 2020–2024","Per Capita GRDP at Current Market Prices by Regency/Municipality, in Bengkulu Province (thousand rupiahss), 2020–2024",7,7,ae6a9f6210fb
BENGKULU,07,Kab. Lebong,,2020,,32.006,,"PDRB Per Kapita Atas Dasar Harga Berlaku di Provinsi Bengkulu Menurut Kabupaten/Kota (ribu rupiah), 2020–2024","Per Capita GRDP at Current Market Prices by Regency/Municipality, in Bengkulu Province (thousand rupiahss), 2020–2024",7,7,34c46dc89a2a
BENGKULU,08,Kab. Kepahiang,,2020,,29.543,,"PDRB Per Kapita Atas Dasar Harga Berlaku di Provinsi Bengkulu Menurut Kabupaten/Kota (ribu rupiah), 2020–2024","Per Capita GRDP at Current Market Prices by Regency/Municipality, in Bengkulu Province (thousand rupiahss), 2020–2024",7,7,55d4aabf5cf3
BENGKULU,09,Kab. Bengkulu Tengah,,2020,,40.149,,"PDRB Per Kapita Atas Dasar Harga Berlaku di Provinsi Bengkulu Menurut Kabupaten/Kota (ribu rupiah), 2020–2024","Per Capita GRDP at Current Market Prices by Regency/Municipality, in Bengkulu Province (thousand rupiahss), 2020–2024",7,7,5068a01a2736
BENGKULU,71,Kota Bengkulu,,2020,,63.112,,"PDRB Per Kapita Atas Dasar Harga Berlaku di Provinsi Bengkulu Menurut Kabupaten/Kota (ribu rupiah), 2020–2024","Per Capita GRDP at Current Market Prices by Regency/Municipality, in Bengkulu Province (thousand rupiahss), 2020–2024",7,7,19a715e8ea85
BENGKULU,,Jml Kab./Kota Total of Reg./Mun.,,2020,,36.582,,"PDRB Per Kapita Atas Dasar Harga Berlaku di Provinsi Bengkulu Menurut Kabupaten/Kota (ribu rupiah), 2020–2024","Per Capita GRDP at Current Market Prices by Regency/Municipality, in Bengkulu Province (thousand rupiahss), 2020–2024",7,7,f9a4e1158634
BENGKULU,,Provinsi/Province,,2020,,36.552,,"PDRB Per Kapita Atas Dasar Harga Berlaku di Provinsi Bengkulu Menurut Kabupaten/Kota (ribu rupiah), 2020–2024","Per Capita GRDP at Current Market Prices by Regency/Municipality, in Bengkulu Province (thousand rupiahss), 2020–2024",7,7,7fc3406ab9fe
LAMPUNG,01,Kab. Lampung Barat,,2020,,23.615,,"PDRB Per Kapita Atas Dasar Harga Berlaku di Provinsi Lampung Menurut Kabupaten/Kota (ribu rupiah), 2020–2024","Per Capita GRDP at Current Market Prices by Regency/Municipality, in Lampung Province (thousand rupiahss), 2020–2024",8,8,964990df9758
LAMPUNG,02,Kab. Tanggamus,,2020,,24.223,,"PDRB Per Kapita Atas Dasar Harga Berlaku di Provinsi Lampung Menurut Kabupaten/Kota (ribu rupiah), 2020–2024","Per Capita GRDP at Current Market Prices by Regency/Municipality, in Lampung Province (thousand rupiahss), 2020–2024",8,8,8a35d41c4439
LAMPUNG,03,Kab. Lampung Selatan,,2020,,41.705,,"PDRB Per Kapita Atas Dasar Harga Berlaku di Provinsi Lampung Menurut Kabupaten/Kota (ribu rupiah), 2020–2024","Per Capita GRDP at Current Market Prices by Regency/Municipality, in Lampung Province (thousand rupiahss), 2020–2024",8,8,c4b4fc2fc68a
LAMPUNG,04,Kab. Lampung Timur,,2020,,36.709,,"PDRB Per Kapita Atas Dasar Harga Berlaku di Provinsi Lampung Menurut Kabupaten/Kota (ribu rupiah), 2020–2024","Per Capita GRDP at Current Market Prices by Regency/Municipality, in Lampung Province (thousand rupiahss), 2020–2024",8,8,eb62c1455212
LAMPUNG,05,Kab. Lampung Tengah,,2020,,48.862,,"PDRB Per Kapita Atas Dasar Harga Berlaku di Provinsi Lampung Menurut Kabupaten/Kota (ribu rupiah), 2020–2024","Per Capita GRDP at Current Market Prices by Regency/Municipality, in Lampung Province (thousand rupiahss), 2020–2024",8,8,22ae083bd58c
LAMPUNG,06,Kab. Lampung Utara,,2020,,37.550,,"PDRB Per Kapita Atas Dasar Harga Berlaku di Provinsi Lampung Menurut Kabupaten/Kota (ribu rupiah), 2020–2024","Per Capita GRDP at Current Market Prices by Regency/Municipality, in Lampung Province (thousand rupiahss), 2020–2024",8,8,f0e956dbb4a7
LAMPUNG,07,Kab. Way Kanan,,2020,,29.594,,"PDRB Per Kapita Atas Dasar Harga Berlaku di Provinsi Lampung Menurut Kabupaten/Kota (ribu rupiah), 2020–2024","Per Capita GRDP at Current Market Prices by Regency/Municipality, in Lampung Province (thousand rupiahss), 2020–2024",8,8,91ab0208ccfb
LAMPUNG,08,Kab. Tulang Bawang,,2020,,53.689,,"PDRB Per Kapita Atas Dasar Harga Berlaku di Provinsi Lampung Menurut Kabupaten/Kota (ribu rupiah), 2020–2024","Per Capita GRDP at Current Market Prices by Regency/Municipality, in Lampung Province (thousand rupiahss), 2020–2024",8,8,a57b2a654fa2
LAMPUNG,09,Kab. Pesawaran,,2020,,34.047,,"PDRB Per Kapita Atas Dasar Harga Berlaku di Provinsi Lampung Menurut Kabupaten/Kota (ribu rupiah), 2020–2024","Per Capita GRDP at Current Market Prices by Regency/Municipality, in Lampung Province (thousand rupiahss), 2020–2024",8,8,6c45cb3beeeb
LAMPUNG,10,Kab. Pringsewu,,2020,,27.563,,"PDRB Per Kapita Atas Dasar Harga Berlaku di Provinsi Lampung Menurut Kabupaten/Kota (ribu rupiah), 2020–2024","Per Capita GRDP at Current Market Prices by Regency/Municipality, in Lampung Province (thousand rupiahss), 2020–2024",8,8,a3a89012d8aa
LAMPUNG,11,Kab. Mesuji,,2020,,45.812,,"PDRB Per Kapita Atas Dasar Harga Berlaku di Provinsi Lampung Menurut Kabupaten/Kota (ribu rupiah), 2020–2024","Per Capita GRDP at Current Market Prices by Regency/Municipality, in Lampung Province (thousand rupiahss), 2020–2024",8,8,d6b28c0f206a
LAMPUNG,12,Kab. Tulang Bawang Barat,,2020,,39.972,,"PDRB Per Kapita Atas Dasar Harga Berlaku di Provinsi Lampung Menurut Kabupaten/Kota (ribu rupiah), 2020–2024","Per Capita GRDP at Current Market Prices by Regency/Municipality, in Lampung Province (thousand rupiahss), 2020–2024",8,8,434fe04a25c2
LAMPUNG,13,Kab. Pesisir Barat,,2020,,28.799,,"PDRB Per Kapita Atas Dasar Harga Berlaku di Provinsi Lampung Menurut Kabupaten/Kota (ribu rupiah), 2020–2024","Per Capita GRDP at Current Market Prices by Regency/Municipality, in Lampung Province (thousand rupiahss), 2020–2024",8,8,8b21a0914ae3
LAMPUNG,71,Kota Bandar Lampung,,2020,,50.753,,"PDRB Per Kapita Atas Dasar Harga Berlaku di Provinsi Lampung Menurut Kabupaten/Kota (ribu rupiah), 2020–2024","Per Capita GRDP at Current Market Prices by Regency/Municipality, in Lampung Province (thousand rupiahss), 2020–2024",8,8,fd2b96f15753
LAMPUNG,72,Kota Metro,,2020,,37.361,,"PDRB Per Kapita Atas Dasar Harga Berlaku di Provinsi Lampung Menurut Kabupaten/Kota (ribu rupiah), 2020–2024","Per Capita GRDP at Current Market Prices by Regency/Municipality, in Lampung Province (thousand rupiahss), 2020–2024",8,8,396d60f7a61c
LAMPUNG,,Jml Kab./Kota Total of Reg./Mun.,,2020,,39.899,,"PDRB Per Kapita Atas Dasar Harga Berlaku di Provinsi Lampung Menurut Kabupaten/Kota (ribu rupiah), 2020–2024","Per Capita GRDP at Current Market Prices by Regency/Municipality, in Lampung Province (thousand rupiahss), 2020–2024",8,8,b5b16632312d
LAMPUNG,,Provinsi/Province,,2020,,39.290,,"PDRB Per Kapita Atas Dasar Harga Berlaku di Provinsi Lampung Menurut Kabupaten/Kota (ribu rupiah), 2020–2024","Per Capita GRDP at Current Market Prices by Regency/Municipality, in Lampung Province (thousand rupiahss), 2020–2024",8,8,927f630510cf
KEPULAUAN BANGKA BELITUNG,01,Kab. Bangka,,2020,,42.811,,"PDRB Per Kapita Atas Dasar Harga Berlaku di Provinsi Kepulauan Bangka Belitung Menurut Kabupaten/Kota (ribu rupiah), 2020–2024","Per Capita GRDP at Current Market Prices by Regency/Municipality, in Kepulauan Bangka Belitung Province (thousand rupiahss), 2020–2024",9,9,bcae0edbf789
KEPULAUAN BANGKA BELITUNG,02,Kab. Belitung,,2020,,54.093,,"PDRB Per Kapita Atas Dasar Harga Berlaku di Provinsi Kepulauan Bangka Belitung Menurut Kabupaten/Kota (ribu rupiah), 2020–2024","Per Capita GRDP at Current Market Prices by Regency/Municipality, in Kepulauan Bangka Belitung Province (thousand rupiahss), 2020–2024",9,9,4d14df9137a9
KEPULAUAN BANGKA BELITUNG,03,Kab. Bangka Barat,,2020,,65.714,,"PDRB Per Kapita Atas Dasar Harga Berlaku di Provinsi Kepulauan Bangka Belitung Menurut Kabupaten/Kota (ribu rupiah), 2020–2024","Per Capita GRDP at Current Market Prices by Regency/Municipality, in Kepulauan Bangka Belitung Province (thousand rupiahss), 2020–2024",9,9,1d13e0f415ec
KEPULAUAN BANGKA BELITUNG,04,Kab. Bangka Tengah,,2020,,42.615,,"PDRB Per Kapita Atas Dasar Harga Berlaku di Provinsi Kepulauan Bangka Belitung Menurut Kabupaten/Kota (ribu rupiah), 2020–2024","Per Capita GRDP at Current Market Prices by Regency/Municipality, in Kepulauan Bangka Belitung Province (thousand rupiahss), 2020–2024",9,9,9cb64ab9230b
KEPULAUAN BANGKA BELITUNG,05,Kab. Bangka Selatan,,2020,,43.874,,"PDRB Per Kapita Atas Dasar Harga Berlaku di Provinsi Kepulauan Bangka Belitung Menurut Kabupaten/Kota (ribu rupiah), 2020–2024","Per Capita GRDP at Current Market Prices by Regency/Municipality, in Kepulauan Bangka Belitung Province (thousand rupiahss), 2020–2024",9,9,ddb7772e7e37
KEPULAUAN BANGKA BELITUNG,06,Kab. Belitung Timur,,2020,,61.849,,"PDRB Per Kapita Atas Dasar Harga Berlaku di Provinsi Kepulauan Bangka Belitung Menurut Kabupaten/Kota (ribu rupiah), 2020–2024","Per Capita GRDP at Current Market Prices by Regency/Municipality, in Kepulauan Bangka Belitung Province (thousand rupiahss), 2020–2024",9,9,bcf69c51b7f7
KEPULAUAN BANGKA BELITUNG,71,Kota Pangkal Pinang,,2020,,61.805,,"PDRB Per Kapita Atas Dasar Harga Berlaku di Provinsi Kepulauan Bangka Belitung Menurut Kabupaten/Kota (ribu rupiah), 2020–2024","Per Capita GRDP at Current Market Prices by Regency/Municipality, in Kepulauan Bangka Belitung Province (thousand rupiahss), 2020–2024",9,9,1121fdcd056e
KEPULAUAN BANGKA BELITUNG,,Jml Kab./Kota Total of Reg./Mun.,,2020,,52.071,,"PDRB Per Kapita Atas Dasar Harga Berlaku di Provinsi Kepulauan Bangka Belitung Menurut Kabupaten/Kota (ribu rupiah), 2020–2024","Per Capita GRDP at Current Market Prices by Regency/Municipality, in Kepulauan Bangka Belitung Province (thousand rupiahss), 2020–2024",9,9,881cefe24e27
KEPULAUAN BANGKA BELITUNG,,Provinsi/Province,,2020,,52.023,,"PDRB Per Kapita Atas Dasar Harga Berlaku di Provinsi Kepulauan Bangka Belitung Menurut Kabupaten/Kota (ribu rupiah), 2020–2024","Per Capita GRDP at Current Market Prices by Regency/Municipality, in Kepulauan Bangka Belitung Province (thousand rupiahss), 2020–2024",9,9,04261fdf834e
KEPULAUAN RIAU,01,Kab. Karimun,,2020,,52.641,,"PDRB Per Kapita Atas Dasar Harga Berlaku di Provinsi Kepulauan Riau Menurut Kabupaten/Kota (ribu rupiah), 2020–2024","Per Capita GRDP at Current Market Prices by Regency/Municipality, in Kepulauan Riau Province (thousand rupiahss), 2020–2024",10,10,bd310ee9cdfd
KEPULAUAN RIAU,02,Kab. Bintan,,2020,,130.148,,"PDRB Per Kapita Atas Dasar Harga Berlaku di Provinsi Kepulauan Riau Menurut Kabupaten/Kota (ribu rupiah), 2020–2024","Per Capita GRDP at Current Market Prices by Regency/Municipality, in Kepulauan Riau Province (thousand rupiahss), 2020–2024",10,10,a741c07495b2
KEPULAUAN RIAU,03,Kab. Natuna,,2020,,226.337,,"PDRB Per Kapita Atas Dasar Harga Berlaku di Provinsi Kepulauan Riau Menurut Kabupaten/Kota (ribu rupiah), 2020–2024","Per Capita GRDP at Current Market Prices by Regency/Municipality, in Kepulauan Riau Province (thousand rupiahss), 2020–2024",10,10,4331bff1189d
KEPULAUAN RIAU,04,Kab. Lingga,,2020,,43.577,,"PDRB Per Kapita Atas Dasar Harga Berlaku di Provinsi Kepulauan Riau Menurut Kabupaten/Kota (ribu rupiah), 2020–2024","Per Capita GRDP at Current Market Prices by Regency/Municipality, in Kepulauan Riau Province (thousand rupiahss), 2020–2024",10,10,766ff259ac20
KEPULAUAN RIAU,05,Kab. Kep. Anambas,,2020,,306.110,,"PDRB Per Kapita Atas Dasar Harga Berlaku di Provinsi Kepulauan Riau Menurut Kabupaten/Kota (ribu rupiah), 2020–2024","Per Capita GRDP at Current Market Prices by Regency/Municipality, in Kepulauan Riau Province (thousand rupiahss), 2020–2024",10,10,c080a3fa38ce
KEPULAUAN RIAU,71,Kota Batam,,2020,,135.402,,"PDRB Per Kapita Atas Dasar Harga Berlaku di Provinsi Kepulauan Riau Menurut Kabupaten/Kota (ribu rupiah), 2020–2024","Per Capita GRDP at Current Market Prices by Regency/Municipality, in Kepulauan Riau Province (thousand rupiahss), 2020–2024",10,10,bfec37281eac
KEPULAUAN RIAU,72,Kota Tanjung Pinang,,2020,,86.624,,"PDRB Per Kapita Atas Dasar Harga Berlaku di Provinsi Kepulauan Riau Menurut Kabupaten/Kota (ribu rupiah), 2020–2024","Per Capita GRDP at Current Market Prices by Regency/Municipality, in Kepulauan Riau Province (thousand rupiahss), 2020–2024",10,10,4eb02510c740
KEPULAUAN RIAU,,Jml Kab./Kota Total of Reg./Mun.,,2020,,122.561,,"PDRB Per Kapita Atas Dasar Harga Berlaku di Provinsi Kepulauan Riau Menurut Kabupaten/Kota (ribu rupiah), 2020–2024","Per Capita GRDP at Current Market Prices by Regency/Municipality, in Kepulauan Riau Province (thousand rupiahss), 2020–2024",10,10,6b85d072f885
KEPULAUAN RIAU,,Provinsi/Province,,2020,,123.465,,"PDRB Per Kapita Atas Dasar Harga Berlaku di Provinsi Kepulauan Riau Menurut Kabupaten/Kota (ribu rupiah), 2020–2024","Per Capita GRDP at Current Market Prices by Regency/Municipality, in Kepulauan Riau Province (thousand rupiahss), 2020–2024",10,10,d14435549e2d
ACEH,01,Kab. Simeulue,,2021,,26.153,,"PDRB Per Kapita Atas Dasar Harga Berlaku di Provinsi Aceh Menurut Kabupaten/Kota (miliar rupiah), 2020–2024","Per Capita GRDP at Current Market Prices by Regency/Municipality, in Aceh Province (thousand rupiahss), 2020–2024",1,1,28d2dbbfb0f3
ACEH,02,Kab. Aceh Singkil,,2021,,21.135,,"PDRB Per Kapita Atas Dasar Harga Berlaku di Provinsi Aceh Menurut Kabupaten/Kota (miliar rupiah), 2020–2024","Per Capita GRDP at Current Market Prices by Regency/Municipality, in Aceh Province (thousand rupiahss), 2020–2024",1,1,943dd7c09022
ACEH,03,Kab. Aceh Selatan,,2021,,25.471,,"PDRB Per Kapita Atas Dasar Harga Berlaku di Provinsi Aceh Menurut Kabupaten/Kota (miliar rupiah), 2020–2024","Per Capita GRDP at Current Market Prices by Regency/Municipality, in Aceh Province (thousand rupiahss), 2020–2024",1,1,a8d03a6deb09
ACEH,04,Kab. Aceh Tenggara,,2021,,24.239,,"PDRB Per Kapita Atas Dasar Harga Berlaku di Provinsi Aceh Menurut Kabupaten/Kota (miliar rupiah), 2020–2024","Per Capita GRDP at Current Market Prices by Regency/Municipality, in Aceh Province (thousand rupiahss), 2020–2024",1,1,2e68c89602a8
ACEH,05,Kab. Aceh Timur,,2021,,27.403,,"PDRB Per Kapita Atas Dasar Harga Berlaku di Provinsi Aceh Menurut Kabupaten/Kota (miliar rupiah), 2020–2024","Per Capita GRDP at Current Market Prices by Regency/Municipality, in Aceh Province (thousand rupiahss), 2020–2024",1,1,0f29e27796e7
ACEH,06,Kab. Aceh Tengah,,2021,,36.859,,"PDRB Per Kapita Atas Dasar Harga Berlaku di Provinsi Aceh Menurut Kabupaten/Kota (miliar rupiah), 2020–2024","Per Capita GRDP at Current Market Prices by Regency/Municipality, in Aceh Province (thousand rupiahss), 2020–2024",1,1,1ec3937818a5
ACEH,07,Kab. Aceh Barat,,2021,,49.805,,"PDRB Per Kapita Atas Dasar Harga Berlaku di Provinsi Aceh Menurut Kabupaten/Kota (miliar rupiah), 2020–2024","Per Capita GRDP at Current Market Prices by Regency/Municipality, in Aceh Province (thousand rupiahss), 2020–2024",1,1,e33611de3aee
ACEH,08,Kab. Aceh Besar,,2021,,34.243,,"PDRB Per Kapita Atas Dasar Harga Berlaku di Provinsi Aceh Menurut Kabupaten/Kota (miliar rupiah), 2020–2024","Per Capita GRDP at Current Market Prices by Regency/Municipality, in Aceh Province (thousand rupiahss), 2020–2024",1,1,a51152b9f897
ACEH,09,Kab. Pidie,,2021,,25.836,,"PDRB Per Kapita Atas Dasar Harga Berlaku di Provinsi Aceh Menurut Kabupaten/Kota (miliar rupiah), 2020–2024","Per Capita GRDP at Current Market Prices by Regency/Municipality, in Aceh Province (thousand rupiahss), 2020–2024",1,1,e63eb1a0701f
ACEH,10,Kab. Bireun,,2021,,31.906,,"PDRB Per Kapita Atas Dasar Harga Berlaku di Provinsi Aceh Menurut Kabupaten/Kota (miliar rupiah), 2020–2024","Per Capita GRDP at Current Market Prices by Regency/Municipality, in Aceh Province (thousand rupiahss), 2020–2024",1,1,326bec2c9037
ACEH,11,Kab. Aceh Utara,,2021,,38.076,,"PDRB Per Kapita Atas Dasar Harga Berlaku di Provinsi Aceh Menurut Kabupaten/Kota (miliar rupiah), 2020–2024","Per Capita GRDP at Current Market Prices by Regency/Municipality, in Aceh Province (thousand rupiahss), 2020–2024",1,1,f649dea09870
ACEH,12,Kab. Aceh Barat Daya,,2021,,27.130,,"PDRB Per Kapita Atas Dasar Harga Berlaku di Provinsi Aceh Menurut Kabupaten/Kota (miliar rupiah), 2020–2024","Per Capita GRDP at Current Market Prices by Regency/Municipality, in Aceh Province (thousand rupiahss), 2020–2024",1,1,4d4df5027b1f
ACEH,13,Kab. Gayo Lues,,2021,,28.315,,"PDRB Per Kapita Atas Dasar Harga Berlaku di Provinsi Aceh Menurut Kabupaten/Kota (miliar rupiah), 2020–2024","Per Capita GRDP at Current Market Prices by Regency/Municipality, in Aceh Province (thousand rupiahss), 2020–2024",1,1,7b24dd799cea
ACEH,14,Kab. Aceh Tamiang,,2021,,29.835,,"PDRB Per Kapita Atas Dasar Harga Berlaku di Provinsi Aceh Menurut Kabupaten/Kota (miliar rupiah), 2020–2024","Per Capita GRDP at Current Market Prices by Regency/Municipality, in Aceh Province (thousand rupiahss), 2020–2024",1,1,4e54cc8e0857
ACEH,15,Kab. Nagan Raya,,2021,,53.429,,"PDRB Per Kapita Atas Dasar Harga Berlaku di Provinsi Aceh Menurut Kabupaten/Kota (miliar rupiah), 2020–2024","Per Capita GRDP at Current Market Prices by Regency/Municipality, in Aceh Province (thousand rupiahss), 2020–2024",1,1,3913190efbce
ACEH,16,Kab. Aceh Jaya,,2021,,30.277,,"PDRB Per Kapita Atas Dasar Harga Berlaku di Provinsi Aceh Menurut Kabupaten/Kota (miliar rupiah), 2020–2024","Per Capita GRDP at Current Market Prices by Regency/Municipality, in Aceh Province (thousand rupiahss), 2020–2024",1,1,89db14117bbd
ACEH,17,Kab. Bener Meriah,,2021,,30.623,,"PDRB Per Kapita Atas Dasar Harga Berlaku di Provinsi Aceh Menurut Kabupaten/Kota (miliar rupiah), 2020–2024","Per Capita GRDP at Current Market Prices by Regency/Municipality, in Aceh Province (thousand rupiahss), 2020–2024",1,1,38edf8b2b4f5
ACEH,18,Kab. Pidie Jaya,,2021,,22.992,,"PDRB Per Kapita Atas Dasar Harga Berlaku di Provinsi Aceh Menurut Kabupaten/Kota (miliar rupiah), 2020–2024","Per Capita GRDP at Current Market Prices by Regency/Municipality, in Aceh Province (thousand rupiahss), 2020–2024",1,1,114d97145639
ACEH,71,Kota Banda Aceh,,2021,,78.060,,"PDRB Per Kapita Atas Dasar Harga Berlaku di Provinsi Aceh Menurut Kabupaten/Kota (miliar rupiah), 2020–2024","Per Capita GRDP at Current Market Prices by Regency/Municipality, in Aceh Province (thousand rupiahss), 2020–2024",1,1,5c2bf97d6587
ACEH,72,Kota Sabang,,2021,,38.425,,"PDRB Per Kapita Atas Dasar Harga Berlaku di Provinsi Aceh Menurut Kabupaten/Kota (miliar rupiah), 2020–2024","Per Capita GRDP at Current Market Prices by Regency/Municipality, in Aceh Province (thousand rupiahss), 2020–2024",1,1,c4c4ae55c775
ACEH,73,Kota Langsa,,2021,,30.612,,"PDRB Per Kapita Atas Dasar Harga Berlaku di Provinsi Aceh Menurut Kabupaten/Kota (miliar rupiah), 2020–2024","Per Capita GRDP at Current Market Prices by Regency/Municipality, in Aceh Province (thousand rupiahss), 2020–2024",1,1,66e86e73b97c
ACEH,74,Kota Lhokseumawe,,2021,,49.344,,"PDRB Per Kapita Atas Dasar Harga Berlaku di Provinsi Aceh Menurut Kabupaten/Kota (miliar rupiah), 2020–2024","Per Capita GRDP at Current Market Prices by Regency/Municipality, in Aceh Province (thousand rupiahss), 2020–2024",1,1,fe79aa6f1df3
ACEH,75,Kota Subulussalam,,2021,,22.834,,"PDRB Per Kapita Atas Dasar Harga Berlaku di Provinsi Aceh Menurut Kabupaten/Kota (miliar rupiah), 2020–2024","Per Capita GRDP at Current Market Prices by Regency/Municipality, in Aceh Province (thousand rupiahss), 2020–2024",1,1,23a3e8fe3ca2
ACEH,,Jml Kab./Kota Total of Reg./Mun.,,2021,,34.556,,"PDRB Per Kapita Atas Dasar Harga Berlaku di Provinsi Aceh Menurut Kabupaten/Kota (miliar rupiah), 2020–2024","Per Capita GRDP at Current Market Prices by Regency/Municipality, in Aceh Province (thousand rupiahss), 2020–2024",1,1,6457c086ce92
ACEH,,Provinsi/Province,,2021,,34.674,,"PDRB Per Kapita Atas Dasar Harga Berlaku di Provinsi Aceh Menurut Kabupaten/Kota (miliar rupiah), 2020–2024","Per Capita GRDP at Current Market Prices by Regency/Municipality, in Aceh Province (thousand rupiahss), 2020–2024",1,1,8bf0b6ba8129
SUMATERA UTARA,01,Kab. Nias,,2021,,28.240,,"PDRB Per Kapita Atas Dasar Harga Berlaku di Provinsi Sumatera Utara Menurut Kabupaten/Kota (ribu rupiah), 2020–2024","Per Capita GRDP at Current Market Prices by Regency/Municipality, in Sumatera Utara Province (thousand rupiahss), 2020–2024",2,2,e4c11e94c182
SUMATERA UTARA,02,Kab. Mandailing Natal,,2021,,31.022,,"PDRB Per Kapita Atas Dasar Harga Berlaku di Provinsi Sumatera Utara Menurut Kabupaten/Kota (ribu rupiah), 2020–2024","Per Capita GRDP at Current Market Prices by Regency/Municipality, in Sumatera Utara Province (thousand rupiahss), 2020–2024",2,2,29fd8ed7c921
SUMATERA UTARA,03,Kab. Tapanuli Selatan,,2021,,50.832,,"PDRB Per Kapita Atas Dasar Harga Berlaku di Provinsi Sumatera Utara Menurut Kabupaten/Kota (ribu rupiah), 2020–2024","Per Capita GRDP at Current Market Prices by Regency/Municipality, in Sumatera Utara Province (thousand rupiahss), 2020–2024",2,2,1476c90059ec
SUMATERA UTARA,04,Kab. Tapanuli Tengah,,2021,,28.637,,"PDRB Per Kapita Atas Dasar Harga Berlaku di Provinsi Sumatera Utara Menurut Kabupaten/Kota (ribu rupiah), 2020–2024","Per Capita GRDP at Current Market Prices by Regency/Municipality, in Sumatera Utara Province (thousand rupiahss), 2020–2024",2,2,40812c345a9e
SUMATERA UTARA,05,Kab. Tapanuli Utara,,2021,,27.910,,"PDRB Per Kapita Atas Dasar Harga Berlaku di Provinsi Sumatera Utara Menurut Kabupaten/Kota (ribu rupiah), 2020–2024","Per Capita GRDP at Current Market Prices by Regency/Municipality, in Sumatera Utara Province (thousand rupiahss), 2020–2024",2,2,2347ab21e295
SUMATERA UTARA,06,Kab. Toba Samosir,,2021,,39.732,,"PDRB Per Kapita Atas Dasar Harga Berlaku di Provinsi Sumatera Utara Menurut Kabupaten/Kota (ribu rupiah), 2020–2024","Per Capita GRDP at Current Market Prices by Regency/Municipality, in Sumatera Utara Province (thousand rupiahss), 2020–2024",2,2,876ed96c5303
SUMATERA UTARA,07,Kab. Labuhan Batu,,2021,,75.246,,"PDRB Per Kapita Atas Dasar Harga Berlaku di Provinsi Sumatera Utara Menurut Kabupaten/Kota (ribu rupiah), 2020–2024","Per Capita GRDP at Current Market Prices by Regency/Municipality, in Sumatera Utara Province (thousand rupiahss), 2020–2024",2,2,848a84a5a3ff
SUMATERA UTARA,08,Kab. Asahan,,2021,,53.874,,"PDRB Per Kapita Atas Dasar Harga Berlaku di Provinsi Sumatera Utara Menurut Kabupaten/Kota (ribu rupiah), 2020–2024","Per Capita GRDP at Current Market Prices by Regency/Municipality, in Sumatera Utara Province (thousand rupiahss), 2020–2024",2,2,c73d4cd769fc
SUMATERA UTARA,09,Kab. Simalungun,,2021,,42.433,,"PDRB Per Kapita Atas Dasar Harga Berlaku di Provinsi Sumatera Utara Menurut Kabupaten/Kota (ribu rupiah), 2020–2024","Per Capita GRDP at Current Market Prices by Regency/Municipality, in Sumatera Utara Province (thousand rupiahss), 2020–2024",2,2,5f8d163fcf5e
SUMATERA UTARA,10,Kab. Dairi,,2021,,31.013,,"PDRB Per Kapita Atas Dasar Harga Berlaku di Provinsi Sumatera Utara Menurut Kabupaten/Kota (ribu rupiah), 2020–2024","Per Capita GRDP at Current Market Prices by Regency/Municipality, in Sumatera Utara Province (thousand rupiahss), 2020–2024",2,2,efa925e966c1
SUMATERA UTARA,11,Kab. Karo,,2021,,53.322,,"PDRB Per Kapita Atas Dasar Harga Berlaku di Provinsi Sumatera Utara Menurut Kabupaten/Kota (ribu rupiah), 2020–2024","Per Capita GRDP at Current Market Prices by Regency/Municipality, in Sumatera Utara Province (thousand rupiahss), 2020–2024",2,2,d49b54706a37
SUMATERA UTARA,12,Kab. Deli Serdang,,2021,,58.964,,"PDRB Per Kapita Atas Dasar Harga Berlaku di Provinsi Sumatera Utara Menurut Kabupaten/Kota (ribu rupiah), 2020–2024","Per Capita GRDP at Current Market Prices by Regency/Municipality, in Sumatera Utara Province (thousand rupiahss), 2020–2024",2,2,0bfc9806bfa6
SUMATERA UTARA,13,Kab. Langkat,,2021,,44.485,,"PDRB Per Kapita Atas Dasar Harga Berlaku di Provinsi Sumatera Utara Menurut Kabupaten/Kota (ribu rupiah), 2020–2024","Per Capita GRDP at Current Market Prices by Regency/Municipality, in Sumatera Utara Province (thousand rupiahss), 2020–2024",2,2,0e27927558ed
SUMATERA UTARA,14,Kab. Nias Selatan,,2021,,20.201,,"PDRB Per Kapita Atas Dasar Harga Berlaku di Provinsi Sumatera Utara Menurut Kabupaten/Kota (ribu rupiah), 2020–2024","Per Capita GRDP at Current Market Prices by Regency/Municipality, in Sumatera Utara Province (thousand rupiahss), 2020–2024",2,2,37f5189ce308
SUMATERA UTARA,15,Kab. Humbang Hasundutan,,2021,,31.789,,"PDRB Per Kapita Atas Dasar Harga Berlaku di Provinsi Sumatera Utara Menurut Kabupaten/Kota (ribu rupiah), 2020–2024","Per Capita GRDP at Current Market Prices by Regency/Municipality, in Sumatera Utara Province (thousand rupiahss), 2020–2024",2,2,edf1f2fd98a7
SUMATERA UTARA,16,Kab. Pakpak Bharat,,2021,,23.955,,"PDRB Per Kapita Atas Dasar Harga Berlaku di Provinsi Sumatera Utara Menurut Kabupaten/Kota (ribu rupiah), 2020–2024","Per Capita GRDP at Current Market Prices by Regency/Municipality, in Sumatera Utara Province (thousand rupiahss), 2020–2024",2,2,bbbda4d8d2b0
SUMATERA UTARA,17,Kab. Samosir,,2021,,34.509,,"PDRB Per Kapita Atas Dasar Harga Berlaku di Provinsi Sumatera Utara Menurut Kabupaten/Kota (ribu rupiah), 2020–2024","Per Capita GRDP at Current Market Prices by Regency/Municipality, in Sumatera Utara Province (thousand rupiahss), 2020–2024",2,2,280dd014ed4b
SUMATERA UTARA,18,Kab. Serdang Bedagai,,2021,,45.761,,"PDRB Per Kapita Atas Dasar Harga Berlaku di Provinsi Sumatera Utara Menurut Kabupaten/Kota (ribu rupiah), 2020–2024","Per Capita GRDP at Current Market Prices by Regency/Municipality, in Sumatera Utara Province (thousand rupiahss), 2020–2024",2,2,413ae893f967
SUMATERA UTARA,19,Kab. Batu Bara,,2021,,89.340,,"PDRB Per Kapita Atas Dasar Harga Berlaku di Provinsi Sumatera Utara Menurut Kabupaten/Kota (ribu rupiah), 2020–2024","Per Capita GRDP at Current Market Prices by Regency/Municipality, in Sumatera Utara Province (thousand rupiahss), 2020–2024",2,2,9edddff75ef9
SUMATERA UTARA,20,Kab. Padang Lawas Utara,,2021,,49.589,,"PDRB Per Kapita Atas Dasar Harga Berlaku di Provinsi Sumatera Utara Menurut Kabupaten/Kota (ribu rupiah), 2020–2024","Per Capita GRDP at Current Market Prices by Regency/Municipality, in Sumatera Utara Province (thousand rupiahss), 2020–2024",2,2,53a5afd3a5c4
SUMATERA UTARA,21,Kab. Padang Lawas,,2021,,49.558,,"PDRB Per Kapita Atas Dasar Harga Berlaku di Provinsi Sumatera Utara Menurut Kabupaten/Kota (ribu rupiah), 2020–2024","Per Capita GRDP at Current Market Prices by Regency/Municipality, in Sumatera Utara Province (thousand rupiahss), 2020–2024",2,2,edbcae010b6a
SUMATERA UTARA,22,Kab. Labuhan Batu Selatan,,2021,,96.442,,"PDRB Per Kapita Atas Dasar Harga Berlaku di Provinsi Sumatera Utara Menurut Kabupaten/Kota (ribu rupiah), 2020–2024","Per Capita GRDP at Current Market Prices by Regency/Municipality, in Sumatera Utara Province (thousand rupiahss), 2020–2024",2,2,2fc9c703903e
SUMATERA UTARA,23,Kab. Labuhan Batu Utara,,2021,,70.672,,"PDRB Per Kapita Atas Dasar Harga Berlaku di Provinsi Sumatera Utara Menurut Kabupaten/Kota (ribu rupiah), 2020–2024","Per Capita GRDP at Current Market Prices by Regency/Municipality, in Sumatera Utara Province (thousand rupiahss), 2020–2024",2,2,82650d410dd9
SUMATERA UTARA,24,Kab. Nias Utara,,2021,,25.804,,"PDRB Per Kapita Atas Dasar Harga Berlaku di Provinsi Sumatera Utara Menurut Kabupaten/Kota (ribu rupiah), 2020–2024","Per Capita GRDP at Current Market Prices by Regency/Municipality, in Sumatera Utara Province (thousand rupiahss), 2020–2024",2,2,1cf95aae273d
SUMATERA UTARA,25,Kab. Nias Barat,,2021,,22.095,,"PDRB Per Kapita Atas Dasar Harga Berlaku di Provinsi Sumatera Utara Menurut Kabupaten/Kota (ribu rupiah), 2020–2024","Per Capita GRDP at Current Market Prices by Regency/Municipality, in Sumatera Utara Province (thousand rupiahss), 2020–2024",2,2,0a3507781dc2
SUMATERA UTARA,71,Kota Sibolga,,2021,,64.179,,"PDRB Per Kapita Atas Dasar Harga Berlaku di Provinsi Sumatera Utara Menurut Kabupaten/Kota (ribu rupiah), 2020–2024","Per Capita GRDP at Current Market Prices by Regency/Municipality, in Sumatera Utara Province (thousand rupiahss), 2020–2024",2,2,5d89be0ad51e
SUMATERA UTARA,72,Kota Tanjung Balai,,2021,,54.084,,"PDRB Per Kapita Atas Dasar Harga Berlaku di Provinsi Sumatera Utara Menurut Kabupaten/Kota (ribu rupiah), 2020–2024","Per Capita GRDP at Current Market Prices by Regency/Municipality, in Sumatera Utara Province (thousand rupiahss), 2020–2024",2,2,9e41b8dbdb32
SUMATERA UTARA,73,Kota Pematang Siantar,,2021,,52.580,,"PDRB Per Kapita Atas Dasar Harga Berlaku di Provinsi Sumatera Utara Menurut Kabupaten/Kota (ribu rupiah), 2020–2024","Per Capita GRDP at Current Market Prices by Regency/Municipality, in Sumatera Utara Province (thousand rupiahss), 2020–2024",2,2,6b8892f6d169
SUMATERA UTARA,74,Kota Tebing Tinggi,,2021,,36.374,,"PDRB Per Kapita Atas Dasar Harga Berlaku di Provinsi Sumatera Utara Menurut Kabupaten/Kota (ribu rupiah), 2020–2024","Per Capita GRDP at Current Market Prices by Regency/Municipality, in Sumatera Utara Province (thousand rupiahss), 2020–2024",2,2,b3af206397fa
SUMATERA UTARA,75,Kota Medan,,2021,,104.004,,"PDRB Per Kapita Atas Dasar Harga Berlaku di Provinsi Sumatera Utara Menurut Kabupaten/Kota (ribu rupiah), 2020–2024","Per Capita GRDP at Current Market Prices by Regency/Municipality, in Sumatera Utara Province (thousand rupiahss), 2020–2024",2,2,86234d5404da
SUMATERA UTARA,76,Kota Binjai,,2021,,41.737,,"PDRB Per Kapita Atas Dasar Harga Berlaku di Provinsi Sumatera Utara Menurut Kabupaten/Kota (ribu rupiah), 2020–2024","Per Capita GRDP at Current Market Prices by Regency/Municipality, in Sumatera Utara Province (thousand rupiahss), 2020–2024",2,2,63ac556c5822
SUMATERA UTARA,77,Kota Padang Sidempuan,,2021,,29.710,,"PDRB Per Kapita Atas Dasar Harga Berlaku di Provinsi Sumatera Utara Menurut Kabupaten/Kota (ribu rupiah), 2020–2024","Per Capita GRDP at Current Market Prices by Regency/Municipality, in Sumatera Utara Province (thousand rupiahss), 2020–2024",2,2,f3feda39ec05
SUMATERA UTARA,78,Kota Gunungsitoli,,2021,,43.598,,"PDRB Per Kapita Atas Dasar Harga Berlaku di Provinsi Sumatera Utara Menurut Kabupaten/Kota (ribu rupiah), 2020–2024","Per Capita GRDP at Current Market Prices by Regency/Municipality, in Sumatera Utara Province (thousand rupiahss), 2020–2024",2,2,e366c6437b1b
SUMATERA UTARA,,Jml Kab./Kota Total of Reg./Mun.,,2021,,58.191,,"PDRB Per Kapita Atas Dasar Harga Berlaku di Provinsi Sumatera Utara Menurut Kabupaten/Kota (ribu rupiah), 2020–2024","Per Capita GRDP at Current Market Prices by Regency/Municipality, in Sumatera Utara Province (thousand rupiahss), 2020–2024",2,2,557c60494fb3
SUMATERA UTARA,,Provinsi/Province,,2021,,57.442,,"PDRB Per Kapita Atas Dasar Harga Berlaku di Provinsi Sumatera Utara Menurut Kabupaten/Kota (ribu rupiah), 2020–2024","Per Capita GRDP at Current Market Prices by Regency/Municipality, in Sumatera Utara Province (thousand rupiahss), 2020–2024",2,2,68f9f47b4c11
SUMATERA BARAT,01,Kab. Kepulauan Mentawai,,2021,,54.603,,"PDRB Per Kapita Atas Dasar Harga Berlaku di Provinsi Sumatera Barat Menurut Kabupaten/Kota (ribu rupiah), 2020–2024","Per Capita GRDP at Current Market Prices by Regency/Municipality, in Sumatera Barat Province (thousand rupiahss), 2020–2024",3,3,daf0b978c850
SUMATERA BARAT,02,Kab. Pesisir Selatan,,2021,,29.268,,"PDRB Per Kapita Atas Dasar Harga Berlaku di Provinsi Sumatera Barat Menurut Kabupaten/Kota (ribu rupiah), 2020–2024","Per Capita GRDP at Current Market Prices by Regency/Municipality, in Sumatera Barat Province (thousand rupiahss), 2020–2024",3,3,236150a6da40
SUMATERA BARAT,03,Kab. Solok,,2021,,35.879,,"PDRB Per Kapita Atas Dasar Harga Berlaku di Provinsi Sumatera Barat Menurut Kabupaten/Kota (ribu rupiah), 2020–2024","Per Capita GRDP at Current Market Prices by Regency/Municipality, in Sumatera Barat Province (thousand rupiahss), 2020–2024",3,3,1a1cd03542ec
SUMATERA BARAT,04,Kab. Sijunjung,,2021,,40.299,,"PDRB Per Kapita Atas Dasar Harga Berlaku di Provinsi Sumatera Barat Menurut Kabupaten/Kota (ribu rupiah), 2020–2024","Per Capita GRDP at Current Market Prices by Regency/Municipality, in Sumatera Barat Province (thousand rupiahss), 2020–2024",3,3,4cded4b8ea95
SUMATERA BARAT,05,Kab. Tanah Datar,,2021,,36.286,,"PDRB Per Kapita Atas Dasar Harga Berlaku di Provinsi Sumatera Barat Menurut Kabupaten/Kota (ribu rupiah), 2020–2024","Per Capita GRDP at Current Market Prices by Regency/Municipality, in Sumatera Barat Province (thousand rupiahss), 2020–2024",3,3,1b90eaaafc5d
SUMATERA BARAT,06,Kab. Padang Pariaman,,2021,,42.314,,"PDRB Per Kapita Atas Dasar Harga Berlaku di Provinsi Sumatera Barat Menurut Kabupaten/Kota (ribu rupiah), 2020–2024","Per Capita GRDP at Current Market Prices by Regency/Municipality, in Sumatera Barat Province (thousand rupiahss), 2020–2024",3,3,29f340a1d3f0
SUMATERA BARAT,07,Kab. Agam,,2021,,39.911,,"PDRB Per Kapita Atas Dasar Harga Berlaku di Provinsi Sumatera Barat Menurut Kabupaten/Kota (ribu rupiah), 2020–2024","Per Capita GRDP at Current Market Prices by Regency/Municipality, in Sumatera Barat Province (thousand rupiahss), 2020–2024",3,3,0c6bcb928ea0
SUMATERA BARAT,08,Kab. Lima Puluh Kota,,2021,,41.810,,"PDRB Per Kapita Atas Dasar Harga Berlaku di Provinsi Sumatera Barat Menurut Kabupaten/Kota (ribu rupiah), 2020–2024","Per Capita GRDP at Current Market Prices by Regency/Municipality, in Sumatera Barat Province (thousand rupiahss), 2020–2024",3,3,b7b461f20413
SUMATERA BARAT,09,Kab. Pasaman,,2021,,31.090,,"PDRB Per Kapita Atas Dasar Harga Berlaku di Provinsi Sumatera Barat Menurut Kabupaten/Kota (ribu rupiah), 2020–2024","Per Capita GRDP at Current Market Prices by Regency/Municipality, in Sumatera Barat Province (thousand rupiahss), 2020–2024",3,3,b680f8ca6e52
SUMATERA BARAT,10,Kab. Solok Selatan,,2021,,31.309,,"PDRB Per Kapita Atas Dasar Harga Berlaku di Provinsi Sumatera Barat Menurut Kabupaten/Kota (ribu rupiah), 2020–2024","Per Capita GRDP at Current Market Prices by Regency/Municipality, in Sumatera Barat Province (thousand rupiahss), 2020–2024",3,3,31bc763b3207
SUMATERA BARAT,11,Kab. Dharmasraya,,2021,,46.450,,"PDRB Per Kapita Atas Dasar Harga Berlaku di Provinsi Sumatera Barat Menurut Kabupaten/Kota (ribu rupiah), 2020–2024","Per Capita GRDP at Current Market Prices by Regency/Municipality, in Sumatera Barat Province (thousand rupiahss), 2020–2024",3,3,c300fa723449
SUMATERA BARAT,12,Kab. Pasaman Barat,,2021,,36.472,,"PDRB Per Kapita Atas Dasar Harga Berlaku di Provinsi Sumatera Barat Menurut Kabupaten/Kota (ribu rupiah), 2020–2024","Per Capita GRDP at Current Market Prices by Regency/Municipality, in Sumatera Barat Province (thousand rupiahss), 2020–2024",3,3,7707886e1bdf
SUMATERA BARAT,71,Kota Padang,,2021,,70.884,,"PDRB Per Kapita Atas Dasar Harga Berlaku di Provinsi Sumatera Barat Menurut Kabupaten/Kota (ribu rupiah), 2020–2024","Per Capita GRDP at Current Market Prices by Regency/Municipality, in Sumatera Barat Province (thousand rupiahss), 2020–2024",3,3,2e9f901097b8
SUMATERA BARAT,72,Kota Solok,,2021,,57.010,,"PDRB Per Kapita Atas Dasar Harga Berlaku di Provinsi Sumatera Barat Menurut Kabupaten/Kota (ribu rupiah), 2020–2024","Per Capita GRDP at Current Market Prices by Regency/Municipality, in Sumatera Barat Province (thousand rupiahss), 2020–2024",3,3,548f82200e03
SUMATERA BARAT,73,Kota Sawah Lunto,,2021,,58.530,,"PDRB Per Kapita Atas Dasar Harga Berlaku di Provinsi Sumatera Barat Menurut Kabupaten/Kota (ribu rupiah), 2020–2024","Per Capita GRDP at Current Market Prices by Regency/Municipality, in Sumatera Barat Province (thousand rupiahss), 2020–2024",3,3,d6d0ad952c87
SUMATERA BARAT,74,Kota Padang Panjang,,2021,,64.124,,"PDRB Per Kapita Atas Dasar Harga Berlaku di Provinsi Sumatera Barat Menurut Kabupaten/Kota (ribu rupiah), 2020–2024","Per Capita GRDP at Current Market Prices by Regency/Municipality, in Sumatera Barat Province (thousand rupiahss), 2020–2024",3,3,2cfc7f0eb941
SUMATERA BARAT,75,Kota Bukittinggi,,2021,,74.001,,"PDRB Per Kapita Atas Dasar Harga Berlaku di Provinsi Sumatera Barat Menurut Kabupaten/Kota (ribu rupiah), 2020–2024","Per Capita GRDP at Current Market Prices by Regency/Municipality, in Sumatera Barat Province (thousand rupiahss), 2020–2024",3,3,fcf5f5307fb3
SUMATERA BARAT,76,Kota Payakumbuh,,2021,,51.809,,"PDRB Per Kapita Atas Dasar Harga Berlaku di Provinsi Sumatera Barat Menurut Kabupaten/Kota (ribu rupiah), 2020–2024","Per Capita GRDP at Current Market Prices by Regency/Municipality, in Sumatera Barat Province (thousand rupiahss), 2020–2024",3,3,23b8afe1af97
SUMATERA BARAT,77,Kota Pariaman,,2021,,55.412,,"PDRB Per Kapita Atas Dasar Harga Berlaku di Provinsi Sumatera Barat Menurut Kabupaten/Kota (ribu rupiah), 2020–2024","Per Capita GRDP at Current Market Prices by Regency/Municipality, in Sumatera Barat Province (thousand rupiahss), 2020–2024",3,3,fafecae77804
SUMATERA BARAT,,Jml Kab./Kota Total of Reg./Mun.,,2021,,45.309,,"PDRB Per Kapita Atas Dasar Harga Berlaku di Provinsi Sumatera Barat Menurut Kabupaten/Kota (ribu rupiah), 2020–2024","Per Capita GRDP at Current Market Prices by Regency/Municipality, in Sumatera Barat Province (thousand rupiahss), 2020–2024",3,3,eccc215346c1
SUMATERA BARAT,,Provinsi/Province,,2021,,45.218,,"PDRB Per Kapita Atas Dasar Harga Berlaku di Provinsi Sumatera Barat Menurut Kabupaten/Kota (ribu rupiah), 2020–2024","Per Capita GRDP at Current Market Prices by Regency/Municipality, in Sumatera Barat Province (thousand rupiahss), 2020–2024",3,3,2b9e228e1563
RIAU,01,Kab. Kuantan Singingi,,2021,,114.654,,"PDRB Per Kapita Atas Dasar Harga Berlaku di Provinsi Riau Menurut Kabupaten/Kota (ribu rupiah), 2020–2024","Per Capita GRDP at Current Market Prices by Regency/Municipality, in Riau Province (thousand rupiahss), 2020–2024",4,4,98858a8479bb
RIAU,02,Kab.indragiri Hulu,,2021,,106.177,,"PDRB Per Kapita Atas Dasar Harga Berlaku di Provinsi Riau Menurut Kabupaten/Kota (ribu rupiah), 2020–2024","Per Capita GRDP at Current Market Prices by Regency/Municipality, in Riau Province (thousand rupiahss), 2020–2024",4,4,e5c0ae04799f
RIAU,03,Kab.indragiri Hilir,,2021,,110.896,,"PDRB Per Kapita Atas Dasar Harga Berlaku di Provinsi Riau Menurut Kabupaten/Kota (ribu rupiah), 2020–2024","Per Capita GRDP at Current Market Prices by Regency/Municipality, in Riau Province (thousand rupiahss), 2020–2024",4,4,dd514d588598
RIAU,04,Kab. Pelalawan,,2021,,145.721,,"PDRB Per Kapita Atas Dasar Harga Berlaku di Provinsi Riau Menurut Kabupaten/Kota (ribu rupiah), 2020–2024","Per Capita GRDP at Current Market Prices by Regency/Municipality, in Riau Province (thousand rupiahss), 2020–2024",4,4,79a83105ce14
RIAU,05,Kab. Siak,,2021,,193.401,,"PDRB Per Kapita Atas Dasar Harga Berlaku di Provinsi Riau Menurut Kabupaten/Kota (ribu rupiah), 2020–2024","Per Capita GRDP at Current Market Prices by Regency/Municipality, in Riau Province (thousand rupiahss), 2020–2024",4,4,8acc91299ba6
RIAU,06,Kab. Kampar,,2021,,101.399,,"PDRB Per Kapita Atas Dasar Harga Berlaku di Provinsi Riau Menurut Kabupaten/Kota (ribu rupiah), 2020–2024","Per Capita GRDP at Current Market Prices by Regency/Municipality, in Riau Province (thousand rupiahss), 2020–2024",4,4,13c25f52339a
RIAU,07,Kab. Rokan Hulu,,2021,,74.221,,"PDRB Per Kapita Atas Dasar Harga Berlaku di Provinsi Riau Menurut Kabupaten/Kota (ribu rupiah), 2020–2024","Per Capita GRDP at Current Market Prices by Regency/Municipality, in Riau Province (thousand rupiahss), 2020–2024",4,4,18035ba66225
RIAU,08,Kab. Bengkalis,,2021,,244.869,,"PDRB Per Kapita Atas Dasar Harga Berlaku di Provinsi Riau Menurut Kabupaten/Kota (ribu rupiah), 2020–2024","Per Capita GRDP at Current Market Prices by Regency/Municipality, in Riau Province (thousand rupiahss), 2020–2024",4,4,91d78b898b7e
RIAU,09,Kab. Rokan Hilir,,2021,,124.189,,"PDRB Per Kapita Atas Dasar Harga Berlaku di Provinsi Riau Menurut Kabupaten/Kota (ribu rupiah), 2020–2024","Per Capita GRDP at Current Market Prices by Regency/Municipality, in Riau Province (thousand rupiahss), 2020–2024",4,4,b17064e2b8a1
RIAU,10,Kab. Kepulauan Meranti,,2021,,101.506,,"PDRB Per Kapita Atas Dasar Harga Berlaku di Provinsi Riau Menurut Kabupaten/Kota (ribu rupiah), 2020–2024","Per Capita GRDP at Current Market Prices by Regency/Municipality, in Riau Province (thousand rupiahss), 2020–2024",4,4,4dd1716e806b
RIAU,71,Kota Pekan Baru,,2021,,127.215,,"PDRB Per Kapita Atas Dasar Harga Berlaku di Provinsi Riau Menurut Kabupaten/Kota (ribu rupiah), 2020–2024","Per Capita GRDP at Current Market Prices by Regency/Municipality, in Riau Province (thousand rupiahss), 2020–2024",4,4,502db072b39b
RIAU,73,Kota Dumai,,2021,,124.686,,"PDRB Per Kapita Atas Dasar Harga Berlaku di Provinsi Riau Menurut Kabupaten/Kota (ribu rupiah), 2020–2024","Per Capita GRDP at Current Market Prices by Regency/Municipality, in Riau Province (thousand rupiahss), 2020–2024",4,4,e0acb2fb04f2
RIAU,,Jml Kab./Kota Total of Reg./Mun.,,2021,,130.361,,"PDRB Per Kapita Atas Dasar Harga Berlaku di Provinsi Riau Menurut Kabupaten/Kota (ribu rupiah), 2020–2024","Per Capita GRDP at Current Market Prices by Regency/Municipality, in Riau Province (thousand rupiahss), 2020–2024",4,4,019de6aee0d5
RIAU,,Provinsi/Province,,2021,,129.741,,"PDRB Per Kapita Atas Dasar Harga Berlaku di Provinsi Riau Menurut Kabupaten/Kota (ribu rupiah), 2020–2024","Per Capita GRDP at Current Market Prices by Regency/Municipality, in Riau Province (thousand rupiahss), 2020–2024",4,4,bfe31ff38821
JAMBI,01,Kab. Kerinci,,2021,,44.640,,"PDRB Per Kapita Atas Dasar Harga Berlaku di Provinsi Jambi Menurut Kabupaten/Kota (ribu rupiah), 2020–2024","Per Capita GRDP at Current Market Prices by Regency/Municipality, in Jambi Province (thousand rupiahss), 2020–2024",5,5,a7b7ca6fbbbf
JAMBI,02,Kab. Merangin,,2021,,49.810,,"PDRB Per Kapita Atas Dasar Harga Berlaku di Provinsi Jambi Menurut Kabupaten/Kota (ribu rupiah), 2020–2024","Per Capita GRDP at Current Market Prices by Regency/Municipality, in Jambi Province (thousand rupiahss), 2020–2024",5,5,3c74025d43db
JAMBI,03,Kab. Sarolangun,,2021,,56.433,,"PDRB Per Kapita Atas Dasar Harga Berlaku di Provinsi Jambi Menurut Kabupaten/Kota (ribu rupiah), 2020–2024","Per Capita GRDP at Current Market Prices by Regency/Municipality, in Jambi Province (thousand rupiahss), 2020–2024",5,5,49590e443245
JAMBI,04,Kab. Batanghari,,2021,,61.695,,"PDRB Per Kapita Atas Dasar Harga Berlaku di Provinsi Jambi Menurut Kabupaten/Kota (ribu rupiah), 2020–2024","Per Capita GRDP at Current Market Prices by Regency/Municipality, in Jambi Province (thousand rupiahss), 2020–2024",5,5,835b480ac764
JAMBI,05,Kab. Muaro Jambi,,2021,,67.726,,"PDRB Per Kapita Atas Dasar Harga Berlaku di Provinsi Jambi Menurut Kabupaten/Kota (ribu rupiah), 2020–2024","Per Capita GRDP at Current Market Prices by Regency/Municipality, in Jambi Province (thousand rupiahss), 2020–2024",5,5,82089a9edcdc
JAMBI,06,Kab. Tanjung Jabung Timur,,2021,,93.886,,"PDRB Per Kapita Atas Dasar Harga Berlaku di Provinsi Jambi Menurut Kabupaten/Kota (ribu rupiah), 2020–2024","Per Capita GRDP at Current Market Prices by Regency/Municipality, in Jambi Province (thousand rupiahss), 2020–2024",5,5,8c5646baa4cf
JAMBI,07,Kab. Tanjung Jabung Barat,,2021,,131.006,,"PDRB Per Kapita Atas Dasar Harga Berlaku di Provinsi Jambi Menurut Kabupaten/Kota (ribu rupiah), 2020–2024","Per Capita GRDP at Current Market Prices by Regency/Municipality, in Jambi Province (thousand rupiahss), 2020–2024",5,5,ebc445c0f28e
JAMBI,08,Kab. Tebo,,2021,,49.639,,"PDRB Per Kapita Atas Dasar Harga Berlaku di Provinsi Jambi Menurut Kabupaten/Kota (ribu rupiah), 2020–2024","Per Capita GRDP at Current Market Prices by Regency/Municipality, in Jambi Province (thousand rupiahss), 2020–2024",5,5,83298ae88bf3
JAMBI,09,Kab. Bungo,,2021,,54.816,,"PDRB Per Kapita Atas Dasar Harga Berlaku di Provinsi Jambi Menurut Kabupaten/Kota (ribu rupiah), 2020–2024","Per Capita GRDP at Current Market Prices by Regency/Municipality, in Jambi Province (thousand rupiahss), 2020–2024",5,5,06a84b00482c
JAMBI,71,Kota Jambi,,2021,,52.094,,"PDRB Per Kapita Atas Dasar Harga Berlaku di Provinsi Jambi Menurut Kabupaten/Kota (ribu rupiah), 2020–2024","Per Capita GRDP at Current Market Prices by Regency/Municipality, in Jambi Province (thousand rupiahss), 2020–2024",5,5,53d0f49624ca
JAMBI,72,Kota Sungai Penuh,,2021,,81.810,,"PDRB Per Kapita Atas Dasar Harga Berlaku di Provinsi Jambi Menurut Kabupaten/Kota (ribu rupiah), 2020–2024","Per Capita GRDP at Current Market Prices by Regency/Municipality, in Jambi Province (thousand rupiahss), 2020–2024",5,5,a89baf3b4ea7
JAMBI,,Jml Kab./Kota Total of Reg./Mun.,,2021,,64.911,,"PDRB Per Kapita Atas Dasar Harga Berlaku di Provinsi Jambi Menurut Kabupaten/Kota (ribu rupiah), 2020–2024","Per Capita GRDP at Current Market Prices by Regency/Municipality, in Jambi Province (thousand rupiahss), 2020–2024",5,5,de67d9809440
JAMBI,,Provinsi/Province,,2021,,64.771,,"PDRB Per Kapita Atas Dasar Harga Berlaku di Provinsi Jambi Menurut Kabupaten/Kota (ribu rupiah), 2020–2024","Per Capita GRDP at Current Market Prices by Regency/Municipality, in Jambi Province (thousand rupiahss), 2020–2024",5,5,67d708a5df67
SUMATERA SELATAN,01,Kab. Ogan Komering Ulu,,2021,,42.405,,"PDRB Per Kapita Atas Dasar Harga Berlaku di Provinsi Sumatera Selatan Menurut Kabupaten/Kota (ribu rupiah), 2020–2024","Per Capita GRDP at Current Market Prices by Regency/Municipality, in Sumatera Selatan Province (thousand rupiahss), 2020–2024",6,6,8f743d77fa3e
SUMATERA SELATAN,02,Kab. Ogan Komering Ilir,,2021,,40.180,,"PDRB Per Kapita Atas Dasar Harga Berlaku di Provinsi Sumatera Selatan Menurut Kabupaten/Kota (ribu rupiah), 2020–2024","Per Capita GRDP at Current Market Prices by Regency/Municipality, in Sumatera Selatan Province (thousand rupiahss), 2020–2024",6,6,61e4403d0902
SUMATERA SELATAN,03,Kab. Muara Enim,,2021,,112.419,,"PDRB Per Kapita Atas Dasar Harga Berlaku di Provinsi Sumatera Selatan Menurut Kabupaten/Kota (ribu rupiah), 2020–2024","Per Capita GRDP at Current Market Prices by Regency/Municipality, in Sumatera Selatan Province (thousand rupiahss), 2020–2024",6,6,1c4ea63d1a95
SUMATERA SELATAN,04,Kab. Lahat,,2021,,45.229,,"PDRB Per Kapita Atas Dasar Harga Berlaku di Provinsi Sumatera Selatan Menurut Kabupaten/Kota (ribu rupiah), 2020–2024","Per Capita GRDP at Current Market Prices by Regency/Municipality, in Sumatera Selatan Province (thousand rupiahss), 2020–2024",6,6,6b37dd61b3de
SUMATERA SELATAN,05,Kab. Musi Rawas,,2021,,51.147,,"PDRB Per Kapita Atas Dasar Harga Berlaku di Provinsi Sumatera Selatan Menurut Kabupaten/Kota (ribu rupiah), 2020–2024","Per Capita GRDP at Current Market Prices by Regency/Municipality, in Sumatera Selatan Province (thousand rupiahss), 2020–2024",6,6,3df3e1af6510
SUMATERA SELATAN,06,Kab. Musi Banyuasin,,2021,,115.562,,"PDRB Per Kapita Atas Dasar Harga Berlaku di Provinsi Sumatera Selatan Menurut Kabupaten/Kota (ribu rupiah), 2020–2024","Per Capita GRDP at Current Market Prices by Regency/Municipality, in Sumatera Selatan Province (thousand rupiahss), 2020–2024",6,6,9d94eec2cfad
SUMATERA SELATAN,07,Kab. Banyuasin,,2021,,36.445,,"PDRB Per Kapita Atas Dasar Harga Berlaku di Provinsi Sumatera Selatan Menurut Kabupaten/Kota (ribu rupiah), 2020–2024","Per Capita GRDP at Current Market Prices by Regency/Municipality, in Sumatera Selatan Province (thousand rupiahss), 2020–2024",6,6,78249d12ffce
SUMATERA SELATAN,08,Kab. Ogan Komering Ulu Selatan,,2021,,23.062,,"PDRB Per Kapita Atas Dasar Harga Berlaku di Provinsi Sumatera Selatan Menurut Kabupaten/Kota (ribu rupiah), 2020–2024","Per Capita GRDP at Current Market Prices by Regency/Municipality, in Sumatera Selatan Province (thousand rupiahss), 2020–2024",6,6,4d8e43118ebc
SUMATERA SELATAN,09,Kab. Ogan Komering Ulu Timur,,2021,,24.797,,"PDRB Per Kapita Atas Dasar Harga Berlaku di Provinsi Sumatera Selatan Menurut Kabupaten/Kota (ribu rupiah), 2020–2024","Per Capita GRDP at Current Market Prices by Regency/Municipality, in Sumatera Selatan Province (thousand rupiahss), 2020–2024",6,6,607b7cfb08ca
SUMATERA SELATAN,10,Kab. Ogan Ilir,,2021,,28.641,,"PDRB Per Kapita Atas Dasar Harga Berlaku di Provinsi Sumatera Selatan Menurut Kabupaten/Kota (ribu rupiah), 2020–2024","Per Capita GRDP at Current Market Prices by Regency/Municipality, in Sumatera Selatan Province (thousand rupiahss), 2020–2024",6,6,89e6d48bc72d
SUMATERA SELATAN,11,Kab. Empat Lawang,,2021,,16.098,,"PDRB Per Kapita Atas Dasar Harga Berlaku di Provinsi Sumatera Selatan Menurut Kabupaten/Kota (ribu rupiah), 2020–2024","Per Capita GRDP at Current Market Prices by Regency/Municipality, in Sumatera Selatan Province (thousand rupiahss), 2020–2024",6,6,a2ae4c22dbde
SUMATERA SELATAN,12,Kab. Penukal Abab Lematang Ilir,,2021,,38.185,,"PDRB Per Kapita Atas Dasar Harga Berlaku di Provinsi Sumatera Selatan Menurut Kabupaten/Kota (ribu rupiah), 2020–2024","Per Capita GRDP at Current Market Prices by Regency/Municipality, in Sumatera Selatan Province (thousand rupiahss), 2020–2024",6,6,c94d0b5b66da
SUMATERA SELATAN,13,Kab. Musi Rawas Utara,,2021,,40.567,,"PDRB Per Kapita Atas Dasar Harga Berlaku di Provinsi Sumatera Selatan Menurut Kabupaten/Kota (ribu rupiah), 2020–2024","Per Capita GRDP at Current Market Prices by Regency/Municipality, in Sumatera Selatan Province (thousand rupiahss), 2020–2024",6,6,4f11c512ecea
SUMATERA SELATAN,71,Kota Palembang,,2021,,96.426,,"PDRB Per Kapita Atas Dasar Harga Berlaku di Provinsi Sumatera Selatan Menurut Kabupaten/Kota (ribu rupiah), 2020–2024","Per Capita GRDP at Current Market Prices by Regency/Municipality, in Sumatera Selatan Province (thousand rupiahss), 2020–2024",6,6,9cff85dae2a8
SUMATERA SELATAN,72,Kota Prabumulih,,2021,,42.736,,"PDRB Per Kapita Atas Dasar Harga Berlaku di Provinsi Sumatera Selatan Menurut Kabupaten/Kota (ribu rupiah), 2020–2024","Per Capita GRDP at Current Market Prices by Regency/Municipality, in Sumatera Selatan Province (thousand rupiahss), 2020–2024",6,6,f558681e003b
SUMATERA SELATAN,73,Kota Pagar Alam,,2021,,20.707,,"PDRB Per Kapita Atas Dasar Harga Berlaku di Provinsi Sumatera Selatan Menurut Kabupaten/Kota (ribu rupiah), 2020–2024","Per Capita GRDP at Current Market Prices by Regency/Municipality, in Sumatera Selatan Province (thousand rupiahss), 2020–2024",6,6,22264e61a34d
SUMATERA SELATAN,74,Kota Lubuk Linggau,,2021,,29.707,,"PDRB Per Kapita Atas Dasar Harga Berlaku di Provinsi Sumatera Selatan Menurut Kabupaten/Kota (ribu rupiah), 2020–2024","Per Capita GRDP at Current Market Prices by Regency/Municipality, in Sumatera Selatan Province (thousand rupiahss), 2020–2024",6,6,155ed50e76dc
SUMATERA SELATAN,,Jml Kab./Kota Total of Reg./Mun.,,2021,,58.386,,"PDRB Per Kapita Atas Dasar Harga Berlaku di Provinsi Sumatera Selatan Menurut Kabupaten/Kota (ribu rupiah), 2020–2024","Per Capita GRDP at Current Market Prices by Regency/Municipality, in Sumatera Selatan Province (thousand rupiahss), 2020–2024",6,6,86832b0e6524
SUMATERA SELATAN,,Provinsi/Province,,2021,,57.745,,"PDRB Per Kapita Atas Dasar Harga Berlaku di Provinsi Sumatera Selatan Menurut Kabupaten/Kota (ribu rupiah), 2020–2024","Per Capita GRDP at Current Market Prices by Regency/Municipality, in Sumatera Selatan Province (thousand rupiahss), 2020–2024",6,6,29004db7e541
BENGKULU,01,Kab. Bengkulu Selatan,,2021,,36.954,,"PDRB Per Kapita Atas Dasar Harga Berlaku di Provinsi Bengkulu Menurut Kabupaten/Kota (ribu rupiah), 2020–2024","Per Capita GRDP at Current Market Prices by Regency/Municipality, in Bengkulu Province (thousand rupiahss), 2020–2024",7,7,ec095c339d91
BENGKULU,02,Kab. Rejang Lebong,,2021,,36.134,,"PDRB Per Kapita Atas Dasar Harga Berlaku di Provinsi Bengkulu Menurut Kabupaten/Kota (ribu rupiah), 2020–2024","Per Capita GRDP at Current Market Prices by Regency/Municipality, in Bengkulu Province (thousand rupiahss), 2020–2024",7,7,2eb918a23538
BENGKULU,03,Kab. Bengkulu Utara,,2021,,32.906,,"PDRB Per Kapita Atas Dasar Harga Berlaku di Provinsi Bengkulu Menurut Kabupaten/Kota (ribu rupiah), 2020–2024","Per Capita GRDP at Current Market Prices by Regency/Municipality, in Bengkulu Province (thousand rupiahss), 2020–2024",7,7,3f9e7a8fe9f7
BENGKULU,04,Kab. Kaur,,2021,,30.519,,"PDRB Per Kapita Atas Dasar Harga Berlaku di Provinsi Bengkulu Menurut Kabupaten/Kota (ribu rupiah), 2020–2024","Per Capita GRDP at Current Market Prices by Regency/Municipality, in Bengkulu Province (thousand rupiahss), 2020–2024",7,7,36f501b88f69
BENGKULU,05,Kab. Seluma,,2021,,24.069,,"PDRB Per Kapita Atas Dasar Harga Berlaku di Provinsi Bengkulu Menurut Kabupaten/Kota (ribu rupiah), 2020–2024","Per Capita GRDP at Current Market Prices by Regency/Municipality, in Bengkulu Province (thousand rupiahss), 2020–2024",7,7,4cfe461edd0e
BENGKULU,06,Kab. Mukomuko,,2021,,29.519,,"PDRB Per Kapita Atas Dasar Harga Berlaku di Provinsi Bengkulu Menurut Kabupaten/Kota (ribu rupiah), 2020–2024","Per Capita GRDP at Current Market Prices by Regency/Municipality, in Bengkulu Province (thousand rupiahss), 2020–2024",7,7,fc7aa8be4935
BENGKULU,07,Kab. Lebong,,2021,,33.763,,"PDRB Per Kapita Atas Dasar Harga Berlaku di Provinsi Bengkulu Menurut Kabupaten/Kota (ribu rupiah), 2020–2024","Per Capita GRDP at Current Market Prices by Regency/Municipality, in Bengkulu Province (thousand rupiahss), 2020–2024",7,7,138dc248aa5f
BENGKULU,08,Kab. Kepahiang,,2021,,31.420,,"PDRB Per Kapita Atas Dasar Harga Berlaku di Provinsi Bengkulu Menurut Kabupaten/Kota (ribu rupiah), 2020–2024","Per Capita GRDP at Current Market Prices by Regency/Municipality, in Bengkulu Province (thousand rupiahss), 2020–2024",7,7,ffd4d7ce0596
BENGKULU,09,Kab. Bengkulu Tengah,,2021,,46.330,,"PDRB Per Kapita Atas Dasar Harga Berlaku di Provinsi Bengkulu Menurut Kabupaten/Kota (ribu rupiah), 2020–2024","Per Capita GRDP at Current Market Prices by Regency/Municipality, in Bengkulu Province (thousand rupiahss), 2020–2024",7,7,5610d8232fff
BENGKULU,71,Kota Bengkulu,,2021,,65.943,,"PDRB Per Kapita Atas Dasar Harga Berlaku di Provinsi Bengkulu Menurut Kabupaten/Kota (ribu rupiah), 2020–2024","Per Capita GRDP at Current Market Prices by Regency/Municipality, in Bengkulu Province (thousand rupiahss), 2020–2024",7,7,9a80d62a5426
BENGKULU,,Jml Kab./Kota Total of Reg./Mun.,,2021,,39.170,,"PDRB Per Kapita Atas Dasar Harga Berlaku di Provinsi Bengkulu Menurut Kabupaten/Kota (ribu rupiah), 2020–2024","Per Capita GRDP at Current Market Prices by Regency/Municipality, in Bengkulu Province (thousand rupiahss), 2020–2024",7,7,3c3b465c5d6d
BENGKULU,,Provinsi/Province,,2021,,39.167,,"PDRB Per Kapita Atas Dasar Harga Berlaku di Provinsi Bengkulu Menurut Kabupaten/Kota (ribu rupiah), 2020–2024","Per Capita GRDP at Current Market Prices by Regency/Municipality, in Bengkulu Province (thousand rupiahss), 2020–2024",7,7,de2c0a0b5ea5
LAMPUNG,01,Kab. Lampung Barat,,2021,,24.503,,"PDRB Per Kapita Atas Dasar Harga Berlaku di Provinsi Lampung Menurut Kabupaten/Kota (ribu rupiah), 2020–2024","Per Capita GRDP at Current Market Prices by Regency/Municipality, in Lampung Province (thousand rupiahss), 2020–2024",8,8,cfd23b6102a0
LAMPUNG,02,Kab. Tanggamus,,2021,,25.238,,"PDRB Per Kapita Atas Dasar Harga Berlaku di Provinsi Lampung Menurut Kabupaten/Kota (ribu rupiah), 2020–2024","Per Capita GRDP at Current Market Prices by Regency/Municipality, in Lampung Province (thousand rupiahss), 2020–2024",8,8,5cc69a53f537
LAMPUNG,03,Kab. Lampung Selatan,,2021,,42.847,,"PDRB Per Kapita Atas Dasar Harga Berlaku di Provinsi Lampung Menurut Kabupaten/Kota (ribu rupiah), 2020–2024","Per Capita GRDP at Current Market Prices by Regency/Municipality, in Lampung Province (thousand rupiahss), 2020–2024",8,8,126bbfec2733
LAMPUNG,04,Kab. Lampung Timur,,2021,,39.143,,"PDRB Per Kapita Atas Dasar Harga Berlaku di Provinsi Lampung Menurut Kabupaten/Kota (ribu rupiah), 2020–2024","Per Capita GRDP at Current Market Prices by Regency/Municipality, in Lampung Province (thousand rupiahss), 2020–2024",8,8,9f49c0ac168d
LAMPUNG,05,Kab. Lampung Tengah,,2021,,50.445,,"PDRB Per Kapita Atas Dasar Harga Berlaku di Provinsi Lampung Menurut Kabupaten/Kota (ribu rupiah), 2020–2024","Per Capita GRDP at Current Market Prices by Regency/Municipality, in Lampung Province (thousand rupiahss), 2020–2024",8,8,04afcb463510
LAMPUNG,06,Kab. Lampung Utara,,2021,,38.888,,"PDRB Per Kapita Atas Dasar Harga Berlaku di Provinsi Lampung Menurut Kabupaten/Kota (ribu rupiah), 2020–2024","Per Capita GRDP at Current Market Prices by Regency/Municipality, in Lampung Province (thousand rupiahss), 2020–2024",8,8,5e47ba8d2c0e
LAMPUNG,07,Kab. Way Kanan,,2021,,30.641,,"PDRB Per Kapita Atas Dasar Harga Berlaku di Provinsi Lampung Menurut Kabupaten/Kota (ribu rupiah), 2020–2024","Per Capita GRDP at Current Market Prices by Regency/Municipality, in Lampung Province (thousand rupiahss), 2020–2024",8,8,f0382057c3ca
LAMPUNG,08,Kab. Tulang Bawang,,2021,,55.623,,"PDRB Per Kapita Atas Dasar Harga Berlaku di Provinsi Lampung Menurut Kabupaten/Kota (ribu rupiah), 2020–2024","Per Capita GRDP at Current Market Prices by Regency/Municipality, in Lampung Province (thousand rupiahss), 2020–2024",8,8,638bf139a217
LAMPUNG,09,Kab. Pesawaran,,2021,,34.880,,"PDRB Per Kapita Atas Dasar Harga Berlaku di Provinsi Lampung Menurut Kabupaten/Kota (ribu rupiah), 2020–2024","Per Capita GRDP at Current Market Prices by Regency/Municipality, in Lampung Province (thousand rupiahss), 2020–2024",8,8,48f14e10eaa7
LAMPUNG,10,Kab. Pringsewu,,2021,,28.483,,"PDRB Per Kapita Atas Dasar Harga Berlaku di Provinsi Lampung Menurut Kabupaten/Kota (ribu rupiah), 2020–2024","Per Capita GRDP at Current Market Prices by Regency/Municipality, in Lampung Province (thousand rupiahss), 2020–2024",8,8,dc7e1cfba4c1
LAMPUNG,11,Kab. Mesuji,,2021,,47.214,,"PDRB Per Kapita Atas Dasar Harga Berlaku di Provinsi Lampung Menurut Kabupaten/Kota (ribu rupiah), 2020–2024","Per Capita GRDP at Current Market Prices by Regency/Municipality, in Lampung Province (thousand rupiahss), 2020–2024",8,8,efd55784e3a2
LAMPUNG,12,Kab. Tulang Bawang Barat,,2021,,41.431,,"PDRB Per Kapita Atas Dasar Harga Berlaku di Provinsi Lampung Menurut Kabupaten/Kota (ribu rupiah), 2020–2024","Per Capita GRDP at Current Market Prices by Regency/Municipality, in Lampung Province (thousand rupiahss), 2020–2024",8,8,4448b001d978
LAMPUNG,13,Kab. Pesisir Barat,,2021,,29.718,,"PDRB Per Kapita Atas Dasar Harga Berlaku di Provinsi Lampung Menurut Kabupaten/Kota (ribu rupiah), 2020–2024","Per Capita GRDP at Current Market Prices by Regency/Municipality, in Lampung Province (thousand rupiahss), 2020–2024",8,8,7448d85d7d89
LAMPUNG,71,Kota Bandar Lampung,,2021,,52.259,,"PDRB Per Kapita Atas Dasar Harga Berlaku di Provinsi Lampung Menurut Kabupaten/Kota (ribu rupiah), 2020–2024","Per Capita GRDP at Current Market Prices by Regency/Municipality, in Lampung Province (thousand rupiahss), 2020–2024",8,8,c15fafa217fa
LAMPUNG,72,Kota Metro,,2021,,38.593,,"PDRB Per Kapita Atas Dasar Harga Berlaku di Provinsi Lampung Menurut Kabupaten/Kota (ribu rupiah), 2020–2024","Per Capita GRDP at Current Market Prices by Regency/Municipality, in Lampung Province (thousand rupiahss), 2020–2024",8,8,ac3f38119a21
LAMPUNG,,Jml Kab./Kota Total of Reg./Mun.,,2021,,41.341,,"PDRB Per Kapita Atas Dasar Harga Berlaku di Provinsi Lampung Menurut Kabupaten/Kota (ribu rupiah), 2020–2024","Per Capita GRDP at Current Market Prices by Regency/Municipality, in Lampung Province (thousand rupiahss), 2020–2024",8,8,7941b6b05a78
LAMPUNG,,Provinsi/Province,,2021,,40.807,,"PDRB Per Kapita Atas Dasar Harga Berlaku di Provinsi Lampung Menurut Kabupaten/Kota (ribu rupiah), 2020–2024","Per Capita GRDP at Current Market Prices by Regency/Municipality, in Lampung Province (thousand rupiahss), 2020–2024",8,8,eafb8da668a2
KEPULAUAN BANGKA BELITUNG,01,Kab. Bangka,,2021,,49.064,,"PDRB Per Kapita Atas Dasar Harga Berlaku di Provinsi Kepulauan Bangka Belitung Menurut Kabupaten/Kota (ribu rupiah), 2020–2024","Per Capita GRDP at Current Market Prices by Regency/Municipality, in Kepulauan Bangka Belitung Province (thousand rupiahss), 2020–2024",9,9,80ebe1a6995a
KEPULAUAN BANGKA BELITUNG,02,Kab. Belitung,,2021,,59.575,,"PDRB Per Kapita Atas Dasar Harga Berlaku di Provinsi Kepulauan Bangka Belitung Menurut Kabupaten/Kota (ribu rupiah), 2020–2024","Per Capita GRDP at Current Market Prices by Regency/Municipality, in Kepulauan Bangka Belitung Province (thousand rupiahss), 2020–2024",9,9,89ee0e905013
KEPULAUAN BANGKA BELITUNG,03,Kab. Bangka Barat,,2021,,74.600,,"PDRB Per Kapita Atas Dasar Harga Berlaku di Provinsi Kepulauan Bangka Belitung Menurut Kabupaten/Kota (ribu rupiah), 2020–2024","Per Capita GRDP at Current Market Prices by Regency/Municipality, in Kepulauan Bangka Belitung Province (thousand rupiahss), 2020–2024",9,9,6b8c34cada3c
KEPULAUAN BANGKA BELITUNG,04,Kab. Bangka Tengah,,2021,,46.572,,"PDRB Per Kapita Atas Dasar Harga Berlaku di Provinsi Kepulauan Bangka Belitung Menurut Kabupaten/Kota (ribu rupiah), 2020–2024","Per Capita GRDP at Current Market Prices by Regency/Municipality, in Kepulauan Bangka Belitung Province (thousand rupiahss), 2020–2024",9,9,7633514b9a37
KEPULAUAN BANGKA BELITUNG,05,Kab. Bangka Selatan,,2021,,48.799,,"PDRB Per Kapita Atas Dasar Harga Berlaku di Provinsi Kepulauan Bangka Belitung Menurut Kabupaten/Kota (ribu rupiah), 2020–2024","Per Capita GRDP at Current Market Prices by Regency/Municipality, in Kepulauan Bangka Belitung Province (thousand rupiahss), 2020–2024",9,9,1faa08768993
KEPULAUAN BANGKA BELITUNG,06,Kab. Belitung Timur,,2021,,69.334,,"PDRB Per Kapita Atas Dasar Harga Berlaku di Provinsi Kepulauan Bangka Belitung Menurut Kabupaten/Kota (ribu rupiah), 2020–2024","Per Capita GRDP at Current Market Prices by Regency/Municipality, in Kepulauan Bangka Belitung Province (thousand rupiahss), 2020–2024",9,9,170d0d3654da
KEPULAUAN BANGKA BELITUNG,71,Kota Pangkal Pinang,,2021,,69.596,,"PDRB Per Kapita Atas Dasar Harga Berlaku di Provinsi Kepulauan Bangka Belitung Menurut Kabupaten/Kota (ribu rupiah), 2020–2024","Per Capita GRDP at Current Market Prices by Regency/Municipality, in Kepulauan Bangka Belitung Province (thousand rupiahss), 2020–2024",9,9,8e2812aa1687
KEPULAUAN BANGKA BELITUNG,,Jml Kab./Kota Total of Reg./Mun.,,2021,,58.443,,"PDRB Per Kapita Atas Dasar Harga Berlaku di Provinsi Kepulauan Bangka Belitung Menurut Kabupaten/Kota (ribu rupiah), 2020–2024","Per Capita GRDP at Current Market Prices by Regency/Municipality, in Kepulauan Bangka Belitung Province (thousand rupiahss), 2020–2024",9,9,23b62f3ed664
KEPULAUAN BANGKA BELITUNG,,Provinsi/Province,,2021,,58.406,,"PDRB Per Kapita Atas Dasar Harga Berlaku di Provinsi Kepulauan Bangka Belitung Menurut Kabupaten/Kota (ribu rupiah), 2020–2024","Per Capita GRDP at Current Market Prices by Regency/Municipality, in Kepulauan Bangka Belitung Province (thousand rupiahss), 2020–2024",9,9,24466e85bfca
KEPULAUAN RIAU,01,Kab. Karimun,,2021,,55.678,,"PDRB Per Kapita Atas Dasar Harga Berlaku di Provinsi Kepulauan Riau Menurut Kabupaten/Kota (ribu rupiah), 2020–2024","Per Capita GRDP at Current Market Prices by Regency/Municipality, in Kepulauan Riau Province (thousand rupiahss), 2020–2024",10,10,5a9a678c852b
KEPULAUAN RIAU,02,Kab. Bintan,,2021,,131.846,,"PDRB Per Kapita Atas Dasar Harga Berlaku di Provinsi Kepulauan Riau Menurut Kabupaten/Kota (ribu rupiah), 2020–2024","Per Capita GRDP at Current Market Prices by Regency/Municipality, in Kepulauan Riau Province (thousand rupiahss), 2020–2024",10,10,7ae5f2763c00
KEPULAUAN RIAU,03,Kab. Natuna,,2021,,253.651,,"PDRB Per Kapita Atas Dasar Harga Berlaku di Provinsi Kepulauan Riau Menurut Kabupaten/Kota (ribu rupiah), 2020–2024","Per Capita GRDP at Current Market Prices by Regency/Municipality, in Kepulauan Riau Province (thousand rupiahss), 2020–2024",10,10,af86cce95c3e
KEPULAUAN RIAU,04,Kab. Lingga,,2021,,45.439,,"PDRB Per Kapita Atas Dasar Harga Berlaku di Provinsi Kepulauan Riau Menurut Kabupaten/Kota (ribu rupiah), 2020–2024","Per Capita GRDP at Current Market Prices by Regency/Municipality, in Kepulauan Riau Province (thousand rupiahss), 2020–2024",10,10,a47e9b58635d
KEPULAUAN RIAU,05,Kab. Kep. Anambas,,2021,,349.503,,"PDRB Per Kapita Atas Dasar Harga Berlaku di Provinsi Kepulauan Riau Menurut Kabupaten/Kota (ribu rupiah), 2020–2024","Per Capita GRDP at Current Market Prices by Regency/Municipality, in Kepulauan Riau Province (thousand rupiahss), 2020–2024",10,10,c4a2c15513ba
KEPULAUAN RIAU,71,Kota Batam,,2021,,142.243,,"PDRB Per Kapita Atas Dasar Harga Berlaku di Provinsi Kepulauan Riau Menurut Kabupaten/Kota (ribu rupiah), 2020–2024","Per Capita GRDP at Current Market Prices by Regency/Municipality, in Kepulauan Riau Province (thousand rupiahss), 2020–2024",10,10,e942c46b2871
KEPULAUAN RIAU,72,Kota Tanjung Pinang,,2021,,87.563,,"PDRB Per Kapita Atas Dasar Harga Berlaku di Provinsi Kepulauan Riau Menurut Kabupaten/Kota (ribu rupiah), 2020–2024","Per Capita GRDP at Current Market Prices by Regency/Municipality, in Kepulauan Riau Province (thousand rupiahss), 2020–2024",10,10,ae46cf445ea0
KEPULAUAN RIAU,,Jml Kab./Kota Total of Reg./Mun.,,2021,,129.412,,"PDRB Per Kapita Atas Dasar Harga Berlaku di Provinsi Kepulauan Riau Menurut Kabupaten/Kota (ribu rupiah), 2020–2024","Per Capita GRDP at Current Market Prices by Regency/Municipality, in Kepulauan Riau Province (thousand rupiahss), 2020–2024",10,10,e3922bb9cb47
KEPULAUAN RIAU,,Provinsi/Province,,2021,,131.884,,"PDRB Per Kapita Atas Dasar Harga Berlaku di Provinsi Kepulauan Riau Menurut Kabupaten/Kota (ribu rupiah), 2020–2024","Per Capita GRDP at Current Market Prices by Regency/Municipality, in Kepulauan Riau Province (thousand rupiahss), 2020–2024",10,10,f4c96243b50a
ACEH,01,Kab. Simeulue,,2022,,28.117,,"PDRB Per Kapita Atas Dasar Harga Berlaku di Provinsi Aceh Menurut Kabupaten/Kota (miliar rupiah), 2020–2024","Per Capita GRDP at Current Market Prices by Regency/Municipality, in Aceh Province (thousand rupiahss), 2020–2024",1,1,daf70e0a7688
ACEH,02,Kab. Aceh Singkil,,2022,,22.959,,"PDRB Per Kapita Atas Dasar Harga Berlaku di Provinsi Aceh Menurut Kabupaten/Kota (miliar rupiah), 2020–2024","Per Capita GRDP at Current Market Prices by Regency/Municipality, in Aceh Province (thousand rupiahss), 2020–2024",1,1,cfb0ba2cee59
ACEH,03,Kab. Aceh Selatan,,2022,,27.208,,"PDRB Per Kapita Atas Dasar Harga Berlaku di Provinsi Aceh Menurut Kabupaten/Kota (miliar rupiah), 2020–2024","Per Capita GRDP at Current Market Prices by Regency/Municipality, in Aceh Province (thousand rupiahss), 2020–2024",1,1,94c3912b23c7
ACEH,04,Kab. Aceh Tenggara,,2022,,25.643,,"PDRB Per Kapita Atas Dasar Harga Berlaku di Provinsi Aceh Menurut Kabupaten/Kota (miliar rupiah), 2020–2024","Per Capita GRDP at Current Market Prices by Regency/Municipality, in Aceh Province (thousand rupiahss), 2020–2024",1,1,31f06cb62e0c
ACEH,05,Kab. Aceh Timur,,2022,,30.288,,"PDRB Per Kapita Atas Dasar Harga Berlaku di Provinsi Aceh Menurut Kabupaten/Kota (miliar rupiah), 2020–2024","Per Capita GRDP at Current Market Prices by Regency/Municipality, in Aceh Province (thousand rupiahss), 2020–2024",1,1,9b1384c23571
ACEH,06,Kab. Aceh Tengah,,2022,,40.172,,"PDRB Per Kapita Atas Dasar Harga Berlaku di Provinsi Aceh Menurut Kabupaten/Kota (miliar rupiah), 2020–2024","Per Capita GRDP at Current Market Prices by Regency/Municipality, in Aceh Province (thousand rupiahss), 2020–2024",1,1,775799a0be09
ACEH,07,Kab. Aceh Barat,,2022,,62.823,,"PDRB Per Kapita Atas Dasar Harga Berlaku di Provinsi Aceh Menurut Kabupaten/Kota (miliar rupiah), 2020–2024","Per Capita GRDP at Current Market Prices by Regency/Municipality, in Aceh Province (thousand rupiahss), 2020–2024",1,1,04c779800cb5
ACEH,08,Kab. Aceh Besar,,2022,,37.120,,"PDRB Per Kapita Atas Dasar Harga Berlaku di Provinsi Aceh Menurut Kabupaten/Kota (miliar rupiah), 2020–2024","Per Capita GRDP at Current Market Prices by Regency/Municipality, in Aceh Province (thousand rupiahss), 2020–2024",1,1,f9fb5079e701
ACEH,09,Kab. Pidie,,2022,,27.984,,"PDRB Per Kapita Atas Dasar Harga Berlaku di Provinsi Aceh Menurut Kabupaten/Kota (miliar rupiah), 2020–2024","Per Capita GRDP at Current Market Prices by Regency/Municipality, in Aceh Province (thousand rupiahss), 2020–2024",1,1,8c50a71280c4
ACEH,10,Kab. Bireun,,2022,,34.584,,"PDRB Per Kapita Atas Dasar Harga Berlaku di Provinsi Aceh Menurut Kabupaten/Kota (miliar rupiah), 2020–2024","Per Capita GRDP at Current Market Prices by Regency/Municipality, in Aceh Province (thousand rupiahss), 2020–2024",1,1,02c10aab30e4
ACEH,11,Kab. Aceh Utara,,2022,,45.612,,"PDRB Per Kapita Atas Dasar Harga Berlaku di Provinsi Aceh Menurut Kabupaten/Kota (miliar rupiah), 2020–2024","Per Capita GRDP at Current Market Prices by Regency/Municipality, in Aceh Province (thousand rupiahss), 2020–2024",1,1,10cbda453776
ACEH,12,Kab. Aceh Barat Daya,,2022,,29.376,,"PDRB Per Kapita Atas Dasar Harga Berlaku di Provinsi Aceh Menurut Kabupaten/Kota (miliar rupiah), 2020–2024","Per Capita GRDP at Current Market Prices by Regency/Municipality, in Aceh Province (thousand rupiahss), 2020–2024",1,1,36f81828d77c
ACEH,13,Kab. Gayo Lues,,2022,,29.878,,"PDRB Per Kapita Atas Dasar Harga Berlaku di Provinsi Aceh Menurut Kabupaten/Kota (miliar rupiah), 2020–2024","Per Capita GRDP at Current Market Prices by Regency/Municipality, in Aceh Province (thousand rupiahss), 2020–2024",1,1,5020c35eb6f6
ACEH,14,Kab. Aceh Tamiang,,2022,,34.622,,"PDRB Per Kapita Atas Dasar Harga Berlaku di Provinsi Aceh Menurut Kabupaten/Kota (miliar rupiah), 2020–2024","Per Capita GRDP at Current Market Prices by Regency/Municipality, in Aceh Province (thousand rupiahss), 2020–2024",1,1,ceb91d22525e
ACEH,15,Kab. Nagan Raya,,2022,,61.797,,"PDRB Per Kapita Atas Dasar Harga Berlaku di Provinsi Aceh Menurut Kabupaten/Kota (miliar rupiah), 2020–2024","Per Capita GRDP at Current Market Prices by Regency/Municipality, in Aceh Province (thousand rupiahss), 2020–2024",1,1,65292e8505c0
ACEH,16,Kab. Aceh Jaya,,2022,,32.497,,"PDRB Per Kapita Atas Dasar Harga Berlaku di Provinsi Aceh Menurut Kabupaten/Kota (miliar rupiah), 2020–2024","Per Capita GRDP at Current Market Prices by Regency/Municipality, in Aceh Province (thousand rupiahss), 2020–2024",1,1,9e961f4dd4e7
ACEH,17,Kab. Bener Meriah,,2022,,32.918,,"PDRB Per Kapita Atas Dasar Harga Berlaku di Provinsi Aceh Menurut Kabupaten/Kota (miliar rupiah), 2020–2024","Per Capita GRDP at Current Market Prices by Regency/Municipality, in Aceh Province (thousand rupiahss), 2020–2024",1,1,7db550000bd9
ACEH,18,Kab. Pidie Jaya,,2022,,24.536,,"PDRB Per Kapita Atas Dasar Harga Berlaku di Provinsi Aceh Menurut Kabupaten/Kota (miliar rupiah), 2020–2024","Per Capita GRDP at Current Market Prices by Regency/Municipality, in Aceh Province (thousand rupiahss), 2020–2024",1,1,4993a8476a69
ACEH,71,Kota Banda Aceh,,2022,,83.314,,"PDRB Per Kapita Atas Dasar Harga Berlaku di Provinsi Aceh Menurut Kabupaten/Kota (miliar rupiah), 2020–2024","Per Capita GRDP at Current Market Prices by Regency/Municipality, in Aceh Province (thousand rupiahss), 2020–2024",1,1,2cb35b83437b
ACEH,72,Kota Sabang,,2022,,38.846,,"PDRB Per Kapita Atas Dasar Harga Berlaku di Provinsi Aceh Menurut Kabupaten/Kota (miliar rupiah), 2020–2024","Per Capita GRDP at Current Market Prices by Regency/Municipality, in Aceh Province (thousand rupiahss), 2020–2024",1,1,3d673870f71d
ACEH,73,Kota Langsa,,2022,,32.701,,"PDRB Per Kapita Atas Dasar Harga Berlaku di Provinsi Aceh Menurut Kabupaten/Kota (miliar rupiah), 2020–2024","Per Capita GRDP at Current Market Prices by Regency/Municipality, in Aceh Province (thousand rupiahss), 2020–2024",1,1,2aa7c69afd3e
ACEH,74,Kota Lhokseumawe,,2022,,52.908,,"PDRB Per Kapita Atas Dasar Harga Berlaku di Provinsi Aceh Menurut Kabupaten/Kota (miliar rupiah), 2020–2024","Per Capita GRDP at Current Market Prices by Regency/Municipality, in Aceh Province (thousand rupiahss), 2020–2024",1,1,984985f2ba88
ACEH,75,Kota Subulussalam,,2022,,24.986,,"PDRB Per Kapita Atas Dasar Harga Berlaku di Provinsi Aceh Menurut Kabupaten/Kota (miliar rupiah), 2020–2024","Per Capita GRDP at Current Market Prices by Regency/Municipality, in Aceh Province (thousand rupiahss), 2020–2024",1,1,83e0ee086054
ACEH,,Jml Kab./Kota Total of Reg./Mun.,,2022,,38.374,,"PDRB Per Kapita Atas Dasar Harga Berlaku di Provinsi Aceh Menurut Kabupaten/Kota (miliar rupiah), 2020–2024","Per Capita GRDP at Current Market Prices by Regency/Municipality, in Aceh Province (thousand rupiahss), 2020–2024",1,1,a317a86286b9
ACEH,,Provinsi/Province,,2022,,38.767,,"PDRB Per Kapita Atas Dasar Harga Berlaku di Provinsi Aceh Menurut Kabupaten/Kota (miliar rupiah), 2020–2024","Per Capita GRDP at Current Market Prices by Regency/Municipality, in Aceh Province (thousand rupiahss), 2020–2024",1,1,9aa941a5c46a
SUMATERA UTARA,01,Kab. Nias,,2022,,29.921,,"PDRB Per Kapita Atas Dasar Harga Berlaku di Provinsi Sumatera Utara Menurut Kabupaten/Kota (ribu rupiah), 2020–2024","Per Capita GRDP at Current Market Prices by Regency/Municipality, in Sumatera Utara Province (thousand rupiahss), 2020–2024",2,2,e79ce42cd05d
SUMATERA UTARA,02,Kab. Mandailing Natal,,2022,,33.585,,"PDRB Per Kapita Atas Dasar Harga Berlaku di Provinsi Sumatera Utara Menurut Kabupaten/Kota (ribu rupiah), 2020–2024","Per Capita GRDP at Current Market Prices by Regency/Municipality, in Sumatera Utara Province (thousand rupiahss), 2020–2024",2,2,1e899d367f22
SUMATERA UTARA,03,Kab. Tapanuli Selatan,,2022,,55.276,,"PDRB Per Kapita Atas Dasar Harga Berlaku di Provinsi Sumatera Utara Menurut Kabupaten/Kota (ribu rupiah), 2020–2024","Per Capita GRDP at Current Market Prices by Regency/Municipality, in Sumatera Utara Province (thousand rupiahss), 2020–2024",2,2,d556f0de88fb
SUMATERA UTARA,04,Kab. Tapanuli Tengah,,2022,,30.712,,"PDRB Per Kapita Atas Dasar Harga Berlaku di Provinsi Sumatera Utara Menurut Kabupaten/Kota (ribu rupiah), 2020–2024","Per Capita GRDP at Current Market Prices by Regency/Municipality, in Sumatera Utara Province (thousand rupiahss), 2020–2024",2,2,e8be14470911
SUMATERA UTARA,05,Kab. Tapanuli Utara,,2022,,30.216,,"PDRB Per Kapita Atas Dasar Harga Berlaku di Provinsi Sumatera Utara Menurut Kabupaten/Kota (ribu rupiah), 2020–2024","Per Capita GRDP at Current Market Prices by Regency/Municipality, in Sumatera Utara Province (thousand rupiahss), 2020–2024",2,2,13fb8cf7c5de
SUMATERA UTARA,06,Kab. Toba Samosir,,2022,,42.396,,"PDRB Per Kapita Atas Dasar Harga Berlaku di Provinsi Sumatera Utara Menurut Kabupaten/Kota (ribu rupiah), 2020–2024","Per Capita GRDP at Current Market Prices by Regency/Municipality, in Sumatera Utara Province (thousand rupiahss), 2020–2024",2,2,7ee52aa0834d
SUMATERA UTARA,07,Kab. Labuhan Batu,,2022,,82.480,,"PDRB Per Kapita Atas Dasar Harga Berlaku di Provinsi Sumatera Utara Menurut Kabupaten/Kota (ribu rupiah), 2020–2024","Per Capita GRDP at Current Market Prices by Regency/Municipality, in Sumatera Utara Province (thousand rupiahss), 2020–2024",2,2,bc3fe85f35ab
SUMATERA UTARA,08,Kab. Asahan,,2022,,58.872,,"PDRB Per Kapita Atas Dasar Harga Berlaku di Provinsi Sumatera Utara Menurut Kabupaten/Kota (ribu rupiah), 2020–2024","Per Capita GRDP at Current Market Prices by Regency/Municipality, in Sumatera Utara Province (thousand rupiahss), 2020–2024",2,2,604b625463da
SUMATERA UTARA,09,Kab. Simalungun,,2022,,46.370,,"PDRB Per Kapita Atas Dasar Harga Berlaku di Provinsi Sumatera Utara Menurut Kabupaten/Kota (ribu rupiah), 2020–2024","Per Capita GRDP at Current Market Prices by Regency/Municipality, in Sumatera Utara Province (thousand rupiahss), 2020–2024",2,2,3a5ddbb0b992
SUMATERA UTARA,10,Kab. Dairi,,2022,,33.604,,"PDRB Per Kapita Atas Dasar Harga Berlaku di Provinsi Sumatera Utara Menurut Kabupaten/Kota (ribu rupiah), 2020–2024","Per Capita GRDP at Current Market Prices by Regency/Municipality, in Sumatera Utara Province (thousand rupiahss), 2020–2024",2,2,12e8464ab283
SUMATERA UTARA,11,Kab. Karo,,2022,,57.762,,"PDRB Per Kapita Atas Dasar Harga Berlaku di Provinsi Sumatera Utara Menurut Kabupaten/Kota (ribu rupiah), 2020–2024","Per Capita GRDP at Current Market Prices by Regency/Municipality, in Sumatera Utara Province (thousand rupiahss), 2020–2024",2,2,986d8dd023ed
SUMATERA UTARA,12,Kab. Deli Serdang,,2022,,64.186,,"PDRB Per Kapita Atas Dasar Harga Berlaku di Provinsi Sumatera Utara Menurut Kabupaten/Kota (ribu rupiah), 2020–2024","Per Capita GRDP at Current Market Prices by Regency/Municipality, in Sumatera Utara Province (thousand rupiahss), 2020–2024",2,2,19e4cb5b56e0
SUMATERA UTARA,13,Kab. Langkat,,2022,,48.775,,"PDRB Per Kapita Atas Dasar Harga Berlaku di Provinsi Sumatera Utara Menurut Kabupaten/Kota (ribu rupiah), 2020–2024","Per Capita GRDP at Current Market Prices by Regency/Municipality, in Sumatera Utara Province (thousand rupiahss), 2020–2024",2,2,87f6fc8bfecf
SUMATERA UTARA,14,Kab. Nias Selatan,,2022,,21.373,,"PDRB Per Kapita Atas Dasar Harga Berlaku di Provinsi Sumatera Utara Menurut Kabupaten/Kota (ribu rupiah), 2020–2024","Per Capita GRDP at Current Market Prices by Regency/Municipality, in Sumatera Utara Province (thousand rupiahss), 2020–2024",2,2,499b68b8de52
SUMATERA UTARA,15,Kab. Humbang Hasundutan,,2022,,34.199,,"PDRB Per Kapita Atas Dasar Harga Berlaku di Provinsi Sumatera Utara Menurut Kabupaten/Kota (ribu rupiah), 2020–2024","Per Capita GRDP at Current Market Prices by Regency/Municipality, in Sumatera Utara Province (thousand rupiahss), 2020–2024",2,2,474d3c2fc2a7
SUMATERA UTARA,16,Kab. Pakpak Bharat,,2022,,25.755,,"PDRB Per Kapita Atas Dasar Harga Berlaku di Provinsi Sumatera Utara Menurut Kabupaten/Kota (ribu rupiah), 2020–2024","Per Capita GRDP at Current Market Prices by Regency/Municipality, in Sumatera Utara Province (thousand rupiahss), 2020–2024",2,2,f1e8f904c294
SUMATERA UTARA,17,Kab. Samosir,,2022,,37.017,,"PDRB Per Kapita Atas Dasar Harga Berlaku di Provinsi Sumatera Utara Menurut Kabupaten/Kota (ribu rupiah), 2020–2024","Per Capita GRDP at Current Market Prices by Regency/Municipality, in Sumatera Utara Province (thousand rupiahss), 2020–2024",2,2,ba2dce95f33d
SUMATERA UTARA,18,Kab. Serdang Bedagai,,2022,,49.734,,"PDRB Per Kapita Atas Dasar Harga Berlaku di Provinsi Sumatera Utara Menurut Kabupaten/Kota (ribu rupiah), 2020–2024","Per Capita GRDP at Current Market Prices by Regency/Municipality, in Sumatera Utara Province (thousand rupiahss), 2020–2024",2,2,45d696ed231b
SUMATERA UTARA,19,Kab. Batu Bara,,2022,,96.493,,"PDRB Per Kapita Atas Dasar Harga Berlaku di Provinsi Sumatera Utara Menurut Kabupaten/Kota (ribu rupiah), 2020–2024","Per Capita GRDP at Current Market Prices by Regency/Municipality, in Sumatera Utara Province (thousand rupiahss), 2020–2024",2,2,21282b9c1296
SUMATERA UTARA,20,Kab. Padang Lawas Utara,,2022,,53.197,,"PDRB Per Kapita Atas Dasar Harga Berlaku di Provinsi Sumatera Utara Menurut Kabupaten/Kota (ribu rupiah), 2020–2024","Per Capita GRDP at Current Market Prices by Regency/Municipality, in Sumatera Utara Province (thousand rupiahss), 2020–2024",2,2,e68b0955c6c8
SUMATERA UTARA,21,Kab. Padang Lawas,,2022,,53.939,,"PDRB Per Kapita Atas Dasar Harga Berlaku di Provinsi Sumatera Utara Menurut Kabupaten/Kota (ribu rupiah), 2020–2024","Per Capita GRDP at Current Market Prices by Regency/Municipality, in Sumatera Utara Province (thousand rupiahss), 2020–2024",2,2,705d601a0f7e
SUMATERA UTARA,22,Kab. Labuhan Batu Selatan,,2022,,105.126,,"PDRB Per Kapita Atas Dasar Harga Berlaku di Provinsi Sumatera Utara Menurut Kabupaten/Kota (ribu rupiah), 2020–2024","Per Capita GRDP at Current Market Prices by Regency/Municipality, in Sumatera Utara Province (thousand rupiahss), 2020–2024",2,2,12d4cd385f05
SUMATERA UTARA,23,Kab. Labuhan Batu Utara,,2022,,76.695,,"PDRB Per Kapita Atas Dasar Harga Berlaku di Provinsi Sumatera Utara Menurut Kabupaten/Kota (ribu rupiah), 2020–2024","Per Capita GRDP at Current Market Prices by Regency/Municipality, in Sumatera Utara Province (thousand rupiahss), 2020–2024",2,2,dca46b3eaa75
SUMATERA UTARA,24,Kab. Nias Utara,,2022,,27.270,,"PDRB Per Kapita Atas Dasar Harga Berlaku di Provinsi Sumatera Utara Menurut Kabupaten/Kota (ribu rupiah), 2020–2024","Per Capita GRDP at Current Market Prices by Regency/Municipality, in Sumatera Utara Province (thousand rupiahss), 2020–2024",2,2,76bfbe572c9f
SUMATERA UTARA,25,Kab. Nias Barat,,2022,,23.264,,"PDRB Per Kapita Atas Dasar Harga Berlaku di Provinsi Sumatera Utara Menurut Kabupaten/Kota (ribu rupiah), 2020–2024","Per Capita GRDP at Current Market Prices by Regency/Municipality, in Sumatera Utara Province (thousand rupiahss), 2020–2024",2,2,c9cc5c2d9990
SUMATERA UTARA,71,Kota Sibolga,,2022,,69.828,,"PDRB Per Kapita Atas Dasar Harga Berlaku di Provinsi Sumatera Utara Menurut Kabupaten/Kota (ribu rupiah), 2020–2024","Per Capita GRDP at Current Market Prices by Regency/Municipality, in Sumatera Utara Province (thousand rupiahss), 2020–2024",2,2,65441890a221
SUMATERA UTARA,72,Kota Tanjung Balai,,2022,,57.938,,"PDRB Per Kapita Atas Dasar Harga Berlaku di Provinsi Sumatera Utara Menurut Kabupaten/Kota (ribu rupiah), 2020–2024","Per Capita GRDP at Current Market Prices by Regency/Municipality, in Sumatera Utara Province (thousand rupiahss), 2020–2024",2,2,0d991271b189
SUMATERA UTARA,73,Kota Pematang Siantar,,2022,,55.796,,"PDRB Per Kapita Atas Dasar Harga Berlaku di Provinsi Sumatera Utara Menurut Kabupaten/Kota (ribu rupiah), 2020–2024","Per Capita GRDP at Current Market Prices by Regency/Municipality, in Sumatera Utara Province (thousand rupiahss), 2020–2024",2,2,dd17787ba9b7
SUMATERA UTARA,74,Kota Tebing Tinggi,,2022,,39.210,,"PDRB Per Kapita Atas Dasar Harga Berlaku di Provinsi Sumatera Utara Menurut Kabupaten/Kota (ribu rupiah), 2020–2024","Per Capita GRDP at Current Market Prices by Regency/Municipality, in Sumatera Utara Province (thousand rupiahss), 2020–2024",2,2,afe98bb10a1c
SUMATERA UTARA,75,Kota Medan,,2022,,113.797,,"PDRB Per Kapita Atas Dasar Harga Berlaku di Provinsi Sumatera Utara Menurut Kabupaten/Kota (ribu rupiah), 2020–2024","Per Capita GRDP at Current Market Prices by Regency/Municipality, in Sumatera Utara Province (thousand rupiahss), 2020–2024",2,2,515022237454
SUMATERA UTARA,76,Kota Binjai,,2022,,44.499,,"PDRB Per Kapita Atas Dasar Harga Berlaku di Provinsi Sumatera Utara Menurut Kabupaten/Kota (ribu rupiah), 2020–2024","Per Capita GRDP at Current Market Prices by Regency/Municipality, in Sumatera Utara Province (thousand rupiahss), 2020–2024",2,2,6c3a9b125737
SUMATERA UTARA,77,Kota Padang Sidempuan,,2022,,31.791,,"PDRB Per Kapita Atas Dasar Harga Berlaku di Provinsi Sumatera Utara Menurut Kabupaten/Kota (ribu rupiah), 2020–2024","Per Capita GRDP at Current Market Prices by Regency/Municipality, in Sumatera Utara Province (thousand rupiahss), 2020–2024",2,2,f14759072dfd
SUMATERA UTARA,78,Kota Gunungsitoli,,2022,,46.106,,"PDRB Per Kapita Atas Dasar Harga Berlaku di Provinsi Sumatera Utara Menurut Kabupaten/Kota (ribu rupiah), 2020–2024","Per Capita GRDP at Current Market Prices by Regency/Municipality, in Sumatera Utara Province (thousand rupiahss), 2020–2024",2,2,1af891e76a52
SUMATERA UTARA,,Jml Kab./Kota Total of Reg./Mun.,,2022,,63.202,,"PDRB Per Kapita Atas Dasar Harga Berlaku di Provinsi Sumatera Utara Menurut Kabupaten/Kota (ribu rupiah), 2020–2024","Per Capita GRDP at Current Market Prices by Regency/Municipality, in Sumatera Utara Province (thousand rupiahss), 2020–2024",2,2,43afe021bc19
SUMATERA UTARA,,Provinsi/Province,,2022,,62.922,,"PDRB Per Kapita Atas Dasar Harga Berlaku di Provinsi Sumatera Utara Menurut Kabupaten/Kota (ribu rupiah), 2020–2024","Per Capita GRDP at Current Market Prices by Regency/Municipality, in Sumatera Utara Province (thousand rupiahss), 2020–2024",2,2,42232642a6d3
SUMATERA BARAT,01,Kab. Kepulauan Mentawai,,2022,,60.449,,"PDRB Per Kapita Atas Dasar Harga Berlaku di Provinsi Sumatera Barat Menurut Kabupaten/Kota (ribu rupiah), 2020–2024","Per Capita GRDP at Current Market Prices by Regency/Municipality, in Sumatera Barat Province (thousand rupiahss), 2020–2024",3,3,9388e0311e24
SUMATERA BARAT,02,Kab. Pesisir Selatan,,2022,,32.077,,"PDRB Per Kapita Atas Dasar Harga Berlaku di Provinsi Sumatera Barat Menurut Kabupaten/Kota (ribu rupiah), 2020–2024","Per Capita GRDP at Current Market Prices by Regency/Municipality, in Sumatera Barat Province (thousand rupiahss), 2020–2024",3,3,e8da97e73165
SUMATERA BARAT,03,Kab. Solok,,2022,,39.424,,"PDRB Per Kapita Atas Dasar Harga Berlaku di Provinsi Sumatera Barat Menurut Kabupaten/Kota (ribu rupiah), 2020–2024","Per Capita GRDP at Current Market Prices by Regency/Municipality, in Sumatera Barat Province (thousand rupiahss), 2020–2024",3,3,675999999254
SUMATERA BARAT,04,Kab. Sijunjung,,2022,,44.343,,"PDRB Per Kapita Atas Dasar Harga Berlaku di Provinsi Sumatera Barat Menurut Kabupaten/Kota (ribu rupiah), 2020–2024","Per Capita GRDP at Current Market Prices by Regency/Municipality, in Sumatera Barat Province (thousand rupiahss), 2020–2024",3,3,15cac0d812af
SUMATERA BARAT,05,Kab. Tanah Datar,,2022,,39.722,,"PDRB Per Kapita Atas Dasar Harga Berlaku di Provinsi Sumatera Barat Menurut Kabupaten/Kota (ribu rupiah), 2020–2024","Per Capita GRDP at Current Market Prices by Regency/Municipality, in Sumatera Barat Province (thousand rupiahss), 2020–2024",3,3,d940b416e6b5
SUMATERA BARAT,06,Kab. Padang Pariaman,,2022,,50.019,,"PDRB Per Kapita Atas Dasar Harga Berlaku di Provinsi Sumatera Barat Menurut Kabupaten/Kota (ribu rupiah), 2020–2024","Per Capita GRDP at Current Market Prices by Regency/Municipality, in Sumatera Barat Province (thousand rupiahss), 2020–2024",3,3,29351f95cf1f
SUMATERA BARAT,07,Kab. Agam,,2022,,43.937,,"PDRB Per Kapita Atas Dasar Harga Berlaku di Provinsi Sumatera Barat Menurut Kabupaten/Kota (ribu rupiah), 2020–2024","Per Capita GRDP at Current Market Prices by Regency/Municipality, in Sumatera Barat Province (thousand rupiahss), 2020–2024",3,3,e0974cc8bd00
SUMATERA BARAT,08,Kab. Lima Puluh Kota,,2022,,45.693,,"PDRB Per Kapita Atas Dasar Harga Berlaku di Provinsi Sumatera Barat Menurut Kabupaten/Kota (ribu rupiah), 2020–2024","Per Capita GRDP at Current Market Prices by Regency/Municipality, in Sumatera Barat Province (thousand rupiahss), 2020–2024",3,3,5ae3ba7ac9b6
SUMATERA BARAT,09,Kab. Pasaman,,2022,,33.702,,"PDRB Per Kapita Atas Dasar Harga Berlaku di Provinsi Sumatera Barat Menurut Kabupaten/Kota (ribu rupiah), 2020–2024","Per Capita GRDP at Current Market Prices by Regency/Municipality, in Sumatera Barat Province (thousand rupiahss), 2020–2024",3,3,277e014bb9c2
SUMATERA BARAT,10,Kab. Solok Selatan,,2022,,34.199,,"PDRB Per Kapita Atas Dasar Harga Berlaku di Provinsi Sumatera Barat Menurut Kabupaten/Kota (ribu rupiah), 2020–2024","Per Capita GRDP at Current Market Prices by Regency/Municipality, in Sumatera Barat Province (thousand rupiahss), 2020–2024",3,3,39b2b5166877
SUMATERA BARAT,11,Kab. Dharmasraya,,2022,,51.886,,"PDRB Per Kapita Atas Dasar Harga Berlaku di Provinsi Sumatera Barat Menurut Kabupaten/Kota (ribu rupiah), 2020–2024","Per Capita GRDP at Current Market Prices by Regency/Municipality, in Sumatera Barat Province (thousand rupiahss), 2020–2024",3,3,14308ed6add8
SUMATERA BARAT,12,Kab. Pasaman Barat,,2022,,40.306,,"PDRB Per Kapita Atas Dasar Harga Berlaku di Provinsi Sumatera Barat Menurut Kabupaten/Kota (ribu rupiah), 2020–2024","Per Capita GRDP at Current Market Prices by Regency/Municipality, in Sumatera Barat Province (thousand rupiahss), 2020–2024",3,3,0a4cd3d4f401
SUMATERA BARAT,71,Kota Padang,,2022,,78.356,,"PDRB Per Kapita Atas Dasar Harga Berlaku di Provinsi Sumatera Barat Menurut Kabupaten/Kota (ribu rupiah), 2020–2024","Per Capita GRDP at Current Market Prices by Regency/Municipality, in Sumatera Barat Province (thousand rupiahss), 2020–2024",3,3,e6d38831de1c
SUMATERA BARAT,72,Kota Solok,,2022,,62.882,,"PDRB Per Kapita Atas Dasar Harga Berlaku di Provinsi Sumatera Barat Menurut Kabupaten/Kota (ribu rupiah), 2020–2024","Per Capita GRDP at Current Market Prices by Regency/Municipality, in Sumatera Barat Province (thousand rupiahss), 2020–2024",3,3,f420bc2bc354
SUMATERA BARAT,73,Kota Sawah Lunto,,2022,,65.737,,"PDRB Per Kapita Atas Dasar Harga Berlaku di Provinsi Sumatera Barat Menurut Kabupaten/Kota (ribu rupiah), 2020–2024","Per Capita GRDP at Current Market Prices by Regency/Municipality, in Sumatera Barat Province (thousand rupiahss), 2020–2024",3,3,48a18288c18f
SUMATERA BARAT,74,Kota Padang Panjang,,2022,,70.732,,"PDRB Per Kapita Atas Dasar Harga Berlaku di Provinsi Sumatera Barat Menurut Kabupaten/Kota (ribu rupiah), 2020–2024","Per Capita GRDP at Current Market Prices by Regency/Municipality, in Sumatera Barat Province (thousand rupiahss), 2020–2024",3,3,2c52d674bf98
SUMATERA BARAT,75,Kota Bukittinggi,,2022,,82.854,,"PDRB Per Kapita Atas Dasar Harga Berlaku di Provinsi Sumatera Barat Menurut Kabupaten/Kota (ribu rupiah), 2020–2024","Per Capita GRDP at Current Market Prices by Regency/Municipality, in Sumatera Barat Province (thousand rupiahss), 2020–2024",3,3,f9bf7b150ddf
SUMATERA BARAT,76,Kota Payakumbuh,,2022,,57.734,,"PDRB Per Kapita Atas Dasar Harga Berlaku di Provinsi Sumatera Barat Menurut Kabupaten/Kota (ribu rupiah), 2020–2024","Per Capita GRDP at Current Market Prices by Regency/Municipality, in Sumatera Barat Province (thousand rupiahss), 2020–2024",3,3,93bdab9cf435
SUMATERA BARAT,77,Kota Pariaman,,2022,,61.228,,"PDRB Per Kapita Atas Dasar Harga Berlaku di Provinsi Sumatera Barat Menurut Kabupaten/Kota (ribu rupiah), 2020–2024","Per Capita GRDP at Current Market Prices by Regency/Municipality, in Sumatera Barat Province (thousand rupiahss), 2020–2024",3,3,6bf9011b624b
SUMATERA BARAT,,Jml Kab./Kota Total of Reg./Mun.,,2022,,50.213,,"PDRB Per Kapita Atas Dasar Harga Berlaku di Provinsi Sumatera Barat Menurut Kabupaten/Kota (ribu rupiah), 2020–2024","Per Capita GRDP at Current Market Prices by Regency/Municipality, in Sumatera Barat Province (thousand rupiahss), 2020–2024",3,3,a9aa249b25f4
SUMATERA BARAT,,Provinsi/Province,,2022,,50.264,,"PDRB Per Kapita Atas Dasar Harga Berlaku di Provinsi Sumatera Barat Menurut Kabupaten/Kota (ribu rupiah), 2020–2024","Per Capita GRDP at Current Market Prices by Regency/Municipality, in Sumatera Barat Province (thousand rupiahss), 2020–2024",3,3,19f182ec9648
RIAU,01,Kab. Kuantan Singingi,,2022,,131.364,,"PDRB Per Kapita Atas Dasar Harga Berlaku di Provinsi Riau Menurut Kabupaten/Kota (ribu rupiah), 2020–2024","Per Capita GRDP at Current Market Prices by Regency/Municipality, in Riau Province (thousand rupiahss), 2020–2024",4,4,bd57fcc9839d
RIAU,02,Kab.indragiri Hulu,,2022,,118.837,,"PDRB Per Kapita Atas Dasar Harga Berlaku di Provinsi Riau Menurut Kabupaten/Kota (ribu rupiah), 2020–2024","Per Capita GRDP at Current Market Prices by Regency/Municipality, in Riau Province (thousand rupiahss), 2020–2024",4,4,fadbf2c2fe4b
RIAU,03,Kab.indragiri Hilir,,2022,,124.221,,"PDRB Per Kapita Atas Dasar Harga Berlaku di Provinsi Riau Menurut Kabupaten/Kota (ribu rupiah), 2020–2024","Per Capita GRDP at Current Market Prices by Regency/Municipality, in Riau Province (thousand rupiahss), 2020–2024",4,4,3a671f6afaf0
RIAU,04,Kab. Pelalawan,,2022,,163.051,,"PDRB Per Kapita Atas Dasar Harga Berlaku di Provinsi Riau Menurut Kabupaten/Kota (ribu rupiah), 2020–2024","Per Capita GRDP at Current Market Prices by Regency/Municipality, in Riau Province (thousand rupiahss), 2020–2024",4,4,fdfd0ef38ce9
RIAU,05,Kab. Siak,,2022,,227.500,,"PDRB Per Kapita Atas Dasar Harga Berlaku di Provinsi Riau Menurut Kabupaten/Kota (ribu rupiah), 2020–2024","Per Capita GRDP at Current Market Prices by Regency/Municipality, in Riau Province (thousand rupiahss), 2020–2024",4,4,64ccfd200d54
RIAU,06,Kab. Kampar,,2022,,119.442,,"PDRB Per Kapita Atas Dasar Harga Berlaku di Provinsi Riau Menurut Kabupaten/Kota (ribu rupiah), 2020–2024","Per Capita GRDP at Current Market Prices by Regency/Municipality, in Riau Province (thousand rupiahss), 2020–2024",4,4,89169873c31e
RIAU,07,Kab. Rokan Hulu,,2022,,85.142,,"PDRB Per Kapita Atas Dasar Harga Berlaku di Provinsi Riau Menurut Kabupaten/Kota (ribu rupiah), 2020–2024","Per Capita GRDP at Current Market Prices by Regency/Municipality, in Riau Province (thousand rupiahss), 2020–2024",4,4,ba247ee40624
RIAU,08,Kab. Bengkalis,,2022,,304.609,,"PDRB Per Kapita Atas Dasar Harga Berlaku di Provinsi Riau Menurut Kabupaten/Kota (ribu rupiah), 2020–2024","Per Capita GRDP at Current Market Prices by Regency/Municipality, in Riau Province (thousand rupiahss), 2020–2024",4,4,2aa68305902b
RIAU,09,Kab. Rokan Hilir,,2022,,146.801,,"PDRB Per Kapita Atas Dasar Harga Berlaku di Provinsi Riau Menurut Kabupaten/Kota (ribu rupiah), 2020–2024","Per Capita GRDP at Current Market Prices by Regency/Municipality, in Riau Province (thousand rupiahss), 2020–2024",4,4,e45961a788a6
RIAU,10,Kab. Kepulauan Meranti,,2022,,118.777,,"PDRB Per Kapita Atas Dasar Harga Berlaku di Provinsi Riau Menurut Kabupaten/Kota (ribu rupiah), 2020–2024","Per Capita GRDP at Current Market Prices by Regency/Municipality, in Riau Province (thousand rupiahss), 2020–2024",4,4,68e7580b7341
RIAU,71,Kota Pekan Baru,,2022,,143.746,,"PDRB Per Kapita Atas Dasar Harga Berlaku di Provinsi Riau Menurut Kabupaten/Kota (ribu rupiah), 2020–2024","Per Capita GRDP at Current Market Prices by Regency/Municipality, in Riau Province (thousand rupiahss), 2020–2024",4,4,a421483a37d7
RIAU,73,Kota Dumai,,2022,,138.762,,"PDRB Per Kapita Atas Dasar Harga Berlaku di Provinsi Riau Menurut Kabupaten/Kota (ribu rupiah), 2020–2024","Per Capita GRDP at Current Market Prices by Regency/Municipality, in Riau Province (thousand rupiahss), 2020–2024",4,4,5fe8f93b45fd
RIAU,,Jml Kab./Kota Total of Reg./Mun.,,2022,,151.631,,"PDRB Per Kapita Atas Dasar Harga Berlaku di Provinsi Riau Menurut Kabupaten/Kota (ribu rupiah), 2020–2024","Per Capita GRDP at Current Market Prices by Regency/Municipality, in Riau Province (thousand rupiahss), 2020–2024",4,4,25255aa6bb55
RIAU,,Provinsi/Province,,2022,,151.259,,"PDRB Per Kapita Atas Dasar Harga Berlaku di Provinsi Riau Menurut Kabupaten/Kota (ribu rupiah), 2020–2024","Per Capita GRDP at Current Market Prices by Regency/Municipality, in Riau Province (thousand rupiahss), 2020–2024",4,4,b872099498e3
JAMBI,01,Kab. Kerinci,,2022,,48.234,,"PDRB Per Kapita Atas Dasar Harga Berlaku di Provinsi Jambi Menurut Kabupaten/Kota (ribu rupiah), 2020–2024","Per Capita GRDP at Current Market Prices by Regency/Municipality, in Jambi Province (thousand rupiahss), 2020–2024",5,5,f37eb44a5396
JAMBI,02,Kab. Merangin,,2022,,55.836,,"PDRB Per Kapita Atas Dasar Harga Berlaku di Provinsi Jambi Menurut Kabupaten/Kota (ribu rupiah), 2020–2024","Per Capita GRDP at Current Market Prices by Regency/Municipality, in Jambi Province (thousand rupiahss), 2020–2024",5,5,ea6d847b6d36
JAMBI,03,Kab. Sarolangun,,2022,,69.896,,"PDRB Per Kapita Atas Dasar Harga Berlaku di Provinsi Jambi Menurut Kabupaten/Kota (ribu rupiah), 2020–2024","Per Capita GRDP at Current Market Prices by Regency/Municipality, in Jambi Province (thousand rupiahss), 2020–2024",5,5,ef4534f3c5c4
JAMBI,04,Kab. Batanghari,,2022,,78.708,,"PDRB Per Kapita Atas Dasar Harga Berlaku di Provinsi Jambi Menurut Kabupaten/Kota (ribu rupiah), 2020–2024","Per Capita GRDP at Current Market Prices by Regency/Municipality, in Jambi Province (thousand rupiahss), 2020–2024",5,5,c9dbee0064a9
JAMBI,05,Kab. Muaro Jambi,,2022,,79.821,,"PDRB Per Kapita Atas Dasar Harga Berlaku di Provinsi Jambi Menurut Kabupaten/Kota (ribu rupiah), 2020–2024","Per Capita GRDP at Current Market Prices by Regency/Municipality, in Jambi Province (thousand rupiahss), 2020–2024",5,5,ceb3c2065531
JAMBI,06,Kab. Tanjung Jabung Timur,,2022,,109.239,,"PDRB Per Kapita Atas Dasar Harga Berlaku di Provinsi Jambi Menurut Kabupaten/Kota (ribu rupiah), 2020–2024","Per Capita GRDP at Current Market Prices by Regency/Municipality, in Jambi Province (thousand rupiahss), 2020–2024",5,5,fd05db854b99
JAMBI,07,Kab. Tanjung Jabung Barat,,2022,,153.699,,"PDRB Per Kapita Atas Dasar Harga Berlaku di Provinsi Jambi Menurut Kabupaten/Kota (ribu rupiah), 2020–2024","Per Capita GRDP at Current Market Prices by Regency/Municipality, in Jambi Province (thousand rupiahss), 2020–2024",5,5,3122333691f2
JAMBI,08,Kab. Tebo,,2022,,56.907,,"PDRB Per Kapita Atas Dasar Harga Berlaku di Provinsi Jambi Menurut Kabupaten/Kota (ribu rupiah), 2020–2024","Per Capita GRDP at Current Market Prices by Regency/Municipality, in Jambi Province (thousand rupiahss), 2020–2024",5,5,4cb3085d40e0
JAMBI,09,Kab. Bungo,,2022,,67.067,,"PDRB Per Kapita Atas Dasar Harga Berlaku di Provinsi Jambi Menurut Kabupaten/Kota (ribu rupiah), 2020–2024","Per Capita GRDP at Current Market Prices by Regency/Municipality, in Jambi Province (thousand rupiahss), 2020–2024",5,5,2ba094e76d62
JAMBI,71,Kota Jambi,,2022,,58.339,,"PDRB Per Kapita Atas Dasar Harga Berlaku di Provinsi Jambi Menurut Kabupaten/Kota (ribu rupiah), 2020–2024","Per Capita GRDP at Current Market Prices by Regency/Municipality, in Jambi Province (thousand rupiahss), 2020–2024",5,5,8c287a5eacb4
JAMBI,72,Kota Sungai Penuh,,2022,,87.989,,"PDRB Per Kapita Atas Dasar Harga Berlaku di Provinsi Jambi Menurut Kabupaten/Kota (ribu rupiah), 2020–2024","Per Capita GRDP at Current Market Prices by Regency/Municipality, in Jambi Province (thousand rupiahss), 2020–2024",5,5,41d8d2c1c44d
JAMBI,,Jml Kab./Kota Total of Reg./Mun.,,2022,,75.902,,"PDRB Per Kapita Atas Dasar Harga Berlaku di Provinsi Jambi Menurut Kabupaten/Kota (ribu rupiah), 2020–2024","Per Capita GRDP at Current Market Prices by Regency/Municipality, in Jambi Province (thousand rupiahss), 2020–2024",5,5,d53ce0c558ff
JAMBI,,Provinsi/Province,,2022,,76.224,,"PDRB Per Kapita Atas Dasar Harga Berlaku di Provinsi Jambi Menurut Kabupaten/Kota (ribu rupiah), 2020–2024","Per Capita GRDP at Current Market Prices by Regency/Municipality, in Jambi Province (thousand rupiahss), 2020–2024",5,5,ce4ba88e4e3a
SUMATERA SELATAN,01,Kab. Ogan Komering Ulu,,2022,,46.957,,"PDRB Per Kapita Atas Dasar Harga Berlaku di Provinsi Sumatera Selatan Menurut Kabupaten/Kota (ribu rupiah), 2020–2024","Per Capita GRDP at Current Market Prices by Regency/Municipality, in Sumatera Selatan Province (thousand rupiahss), 2020–2024",6,6,7376ac53b123
SUMATERA SELATAN,02,Kab. Ogan Komering Ilir,,2022,,50.036,,"PDRB Per Kapita Atas Dasar Harga Berlaku di Provinsi Sumatera Selatan Menurut Kabupaten/Kota (ribu rupiah), 2020–2024","Per Capita GRDP at Current Market Prices by Regency/Municipality, in Sumatera Selatan Province (thousand rupiahss), 2020–2024",6,6,3a760d78c53a
SUMATERA SELATAN,03,Kab. Muara Enim,,2022,,181.316,,"PDRB Per Kapita Atas Dasar Harga Berlaku di Provinsi Sumatera Selatan Menurut Kabupaten/Kota (ribu rupiah), 2020–2024","Per Capita GRDP at Current Market Prices by Regency/Municipality, in Sumatera Selatan Province (thousand rupiahss), 2020–2024",6,6,072a06df54ea
SUMATERA SELATAN,04,Kab. Lahat,,2022,,63.324,,"PDRB Per Kapita Atas Dasar Harga Berlaku di Provinsi Sumatera Selatan Menurut Kabupaten/Kota (ribu rupiah), 2020–2024","Per Capita GRDP at Current Market Prices by Regency/Municipality, in Sumatera Selatan Province (thousand rupiahss), 2020–2024",6,6,cb5c1f97fb8f
SUMATERA SELATAN,05,Kab. Musi Rawas,,2022,,55.375,,"PDRB Per Kapita Atas Dasar Harga Berlaku di Provinsi Sumatera Selatan Menurut Kabupaten/Kota (ribu rupiah), 2020–2024","Per Capita GRDP at Current Market Prices by Regency/Municipality, in Sumatera Selatan Province (thousand rupiahss), 2020–2024",6,6,aa988b7e4a39
SUMATERA SELATAN,06,Kab. Musi Banyuasin,,2022,,129.486,,"PDRB Per Kapita Atas Dasar Harga Berlaku di Provinsi Sumatera Selatan Menurut Kabupaten/Kota (ribu rupiah), 2020–2024","Per Capita GRDP at Current Market Prices by Regency/Municipality, in Sumatera Selatan Province (thousand rupiahss), 2020–2024",6,6,aee58b777889
SUMATERA SELATAN,07,Kab. Banyuasin,,2022,,39.592,,"PDRB Per Kapita Atas Dasar Harga Berlaku di Provinsi Sumatera Selatan Menurut Kabupaten/Kota (ribu rupiah), 2020–2024","Per Capita GRDP at Current Market Prices by Regency/Municipality, in Sumatera Selatan Province (thousand rupiahss), 2020–2024",6,6,dc1ea9e3107a
SUMATERA SELATAN,08,Kab. Ogan Komering Ulu Selatan,,2022,,24.665,,"PDRB Per Kapita Atas Dasar Harga Berlaku di Provinsi Sumatera Selatan Menurut Kabupaten/Kota (ribu rupiah), 2020–2024","Per Capita GRDP at Current Market Prices by Regency/Municipality, in Sumatera Selatan Province (thousand rupiahss), 2020–2024",6,6,790e025b4e2a
SUMATERA SELATAN,09,Kab. Ogan Komering Ulu Timur,,2022,,26.952,,"PDRB Per Kapita Atas Dasar Harga Berlaku di Provinsi Sumatera Selatan Menurut Kabupaten/Kota (ribu rupiah), 2020–2024","Per Capita GRDP at Current Market Prices by Regency/Municipality, in Sumatera Selatan Province (thousand rupiahss), 2020–2024",6,6,67b79624cb62
SUMATERA SELATAN,10,Kab. Ogan Ilir,,2022,,31.102,,"PDRB Per Kapita Atas Dasar Harga Berlaku di Provinsi Sumatera Selatan Menurut Kabupaten/Kota (ribu rupiah), 2020–2024","Per Capita GRDP at Current Market Prices by Regency/Municipality, in Sumatera Selatan Province (thousand rupiahss), 2020–2024",6,6,d1c15acd03cd
SUMATERA SELATAN,11,Kab. Empat Lawang,,2022,,17.201,,"PDRB Per Kapita Atas Dasar Harga Berlaku di Provinsi Sumatera Selatan Menurut Kabupaten/Kota (ribu rupiah), 2020–2024","Per Capita GRDP at Current Market Prices by Regency/Municipality, in Sumatera Selatan Province (thousand rupiahss), 2020–2024",6,6,61a95fabfe7d
SUMATERA SELATAN,12,Kab. Penukal Abab Lematang Ilir,,2022,,40.988,,"PDRB Per Kapita Atas Dasar Harga Berlaku di Provinsi Sumatera Selatan Menurut Kabupaten/Kota (ribu rupiah), 2020–2024","Per Capita GRDP at Current Market Prices by Regency/Municipality, in Sumatera Selatan Province (thousand rupiahss), 2020–2024",6,6,03cb6e7b1117
SUMATERA SELATAN,13,Kab. Musi Rawas Utara,,2022,,44.189,,"PDRB Per Kapita Atas Dasar Harga Berlaku di Provinsi Sumatera Selatan Menurut Kabupaten/Kota (ribu rupiah), 2020–2024","Per Capita GRDP at Current Market Prices by Regency/Municipality, in Sumatera Selatan Province (thousand rupiahss), 2020–2024",6,6,688ef664879e
SUMATERA SELATAN,71,Kota Palembang,,2022,,105.750,,"PDRB Per Kapita Atas Dasar Harga Berlaku di Provinsi Sumatera Selatan Menurut Kabupaten/Kota (ribu rupiah), 2020–2024","Per Capita GRDP at Current Market Prices by Regency/Municipality, in Sumatera Selatan Province (thousand rupiahss), 2020–2024",6,6,1326a32cb4ed
SUMATERA SELATAN,72,Kota Prabumulih,,2022,,46.471,,"PDRB Per Kapita Atas Dasar Harga Berlaku di Provinsi Sumatera Selatan Menurut Kabupaten/Kota (ribu rupiah), 2020–2024","Per Capita GRDP at Current Market Prices by Regency/Municipality, in Sumatera Selatan Province (thousand rupiahss), 2020–2024",6,6,6c845950ca2b
SUMATERA SELATAN,73,Kota Pagar Alam,,2022,,22.236,,"PDRB Per Kapita Atas Dasar Harga Berlaku di Provinsi Sumatera Selatan Menurut Kabupaten/Kota (ribu rupiah), 2020–2024","Per Capita GRDP at Current Market Prices by Regency/Municipality, in Sumatera Selatan Province (thousand rupiahss), 2020–2024",6,6,85ecc2371c18
SUMATERA SELATAN,74,Kota Lubuk Linggau,,2022,,32.052,,"PDRB Per Kapita Atas Dasar Harga Berlaku di Provinsi Sumatera Selatan Menurut Kabupaten/Kota (ribu rupiah), 2020–2024","Per Capita GRDP at Current Market Prices by Regency/Municipality, in Sumatera Selatan Province (thousand rupiahss), 2020–2024",6,6,72c7c94687dc
SUMATERA SELATAN,,Jml Kab./Kota Total of Reg./Mun.,,2022,,69.452,,"PDRB Per Kapita Atas Dasar Harga Berlaku di Provinsi Sumatera Selatan Menurut Kabupaten/Kota (ribu rupiah), 2020–2024","Per Capita GRDP at Current Market Prices by Regency/Municipality, in Sumatera Selatan Province (thousand rupiahss), 2020–2024",6,6,ddeb51878a9b
SUMATERA SELATAN,,Provinsi/Province,,2022,,68.239,,"PDRB Per Kapita Atas Dasar Harga Berlaku di Provinsi Sumatera Selatan Menurut Kabupaten/Kota (ribu rupiah), 2020–2024","Per Capita GRDP at Current Market Prices by Regency/Municipality, in Sumatera Selatan Province (thousand rupiahss), 2020–2024",6,6,2ec0fff38525
BENGKULU,01,Kab. Bengkulu Selatan,,2022,,39.582,,"PDRB Per Kapita Atas Dasar Harga Berlaku di Provinsi Bengkulu Menurut Kabupaten/Kota (ribu rupiah), 2020–2024","Per Capita GRDP at Current Market Prices by Regency/Municipality, in Bengkulu Province (thousand rupiahss), 2020–2024",7,7,641b0c86af7d
BENGKULU,02,Kab. Rejang Lebong,,2022,,38.910,,"PDRB Per Kapita Atas Dasar Harga Berlaku di Provinsi Bengkulu Menurut Kabupaten/Kota (ribu rupiah), 2020–2024","Per Capita GRDP at Current Market Prices by Regency/Municipality, in Bengkulu Province (thousand rupiahss), 2020–2024",7,7,d3d52c1e41a0
BENGKULU,03,Kab. Bengkulu Utara,,2022,,40.641,,"PDRB Per Kapita Atas Dasar Harga Berlaku di Provinsi Bengkulu Menurut Kabupaten/Kota (ribu rupiah), 2020–2024","Per Capita GRDP at Current Market Prices by Regency/Municipality, in Bengkulu Province (thousand rupiahss), 2020–2024",7,7,b86382c306af
BENGKULU,04,Kab. Kaur,,2022,,32.651,,"PDRB Per Kapita Atas Dasar Harga Berlaku di Provinsi Bengkulu Menurut Kabupaten/Kota (ribu rupiah), 2020–2024","Per Capita GRDP at Current Market Prices by Regency/Municipality, in Bengkulu Province (thousand rupiahss), 2020–2024",7,7,d7055955c444
BENGKULU,05,Kab. Seluma,,2022,,25.578,,"PDRB Per Kapita Atas Dasar Harga Berlaku di Provinsi Bengkulu Menurut Kabupaten/Kota (ribu rupiah), 2020–2024","Per Capita GRDP at Current Market Prices by Regency/Municipality, in Bengkulu Province (thousand rupiahss), 2020–2024",7,7,9214def156f0
BENGKULU,06,Kab. Mukomuko,,2022,,31.744,,"PDRB Per Kapita Atas Dasar Harga Berlaku di Provinsi Bengkulu Menurut Kabupaten/Kota (ribu rupiah), 2020–2024","Per Capita GRDP at Current Market Prices by Regency/Municipality, in Bengkulu Province (thousand rupiahss), 2020–2024",7,7,90f21d70aa1e
BENGKULU,07,Kab. Lebong,,2022,,35.710,,"PDRB Per Kapita Atas Dasar Harga Berlaku di Provinsi Bengkulu Menurut Kabupaten/Kota (ribu rupiah), 2020–2024","Per Capita GRDP at Current Market Prices by Regency/Municipality, in Bengkulu Province (thousand rupiahss), 2020–2024",7,7,4a6954dd388b
BENGKULU,08,Kab. Kepahiang,,2022,,33.750,,"PDRB Per Kapita Atas Dasar Harga Berlaku di Provinsi Bengkulu Menurut Kabupaten/Kota (ribu rupiah), 2020–2024","Per Capita GRDP at Current Market Prices by Regency/Municipality, in Bengkulu Province (thousand rupiahss), 2020–2024",7,7,2cfb75ab76f6
BENGKULU,09,Kab. Bengkulu Tengah,,2022,,54.734,,"PDRB Per Kapita Atas Dasar Harga Berlaku di Provinsi Bengkulu Menurut Kabupaten/Kota (ribu rupiah), 2020–2024","Per Capita GRDP at Current Market Prices by Regency/Municipality, in Bengkulu Province (thousand rupiahss), 2020–2024",7,7,f2f4e7aa0874
BENGKULU,71,Kota Bengkulu,,2022,,72.977,,"PDRB Per Kapita Atas Dasar Harga Berlaku di Provinsi Bengkulu Menurut Kabupaten/Kota (ribu rupiah), 2020–2024","Per Capita GRDP at Current Market Prices by Regency/Municipality, in Bengkulu Province (thousand rupiahss), 2020–2024",7,7,4b14d2f98c53
BENGKULU,,Jml Kab./Kota Total of Reg./Mun.,,2022,,43.503,,"PDRB Per Kapita Atas Dasar Harga Berlaku di Provinsi Bengkulu Menurut Kabupaten/Kota (ribu rupiah), 2020–2024","Per Capita GRDP at Current Market Prices by Regency/Municipality, in Bengkulu Province (thousand rupiahss), 2020–2024",7,7,2ec0f98c786f
BENGKULU,,Provinsi/Province,,2022,,43.757,,"PDRB Per Kapita Atas Dasar Harga Berlaku di Provinsi Bengkulu Menurut Kabupaten/Kota (ribu rupiah), 2020–2024","Per Capita GRDP at Current Market Prices by Regency/Municipality, in Bengkulu Province (thousand rupiahss), 2020–2024",7,7,639e3a9aa742
LAMPUNG,01,Kab. Lampung Barat,,2022,,26.802,,"PDRB Per Kapita Atas Dasar Harga Berlaku di Provinsi Lampung Menurut Kabupaten/Kota (ribu rupiah), 2020–2024","Per Capita GRDP at Current Market Prices by Regency/Municipality, in Lampung Province (thousand rupiahss), 2020–2024",8,8,d41735e2b7c8
LAMPUNG,02,Kab. Tanggamus,,2022,,27.644,,"PDRB Per Kapita Atas Dasar Harga Berlaku di Provinsi Lampung Menurut Kabupaten/Kota (ribu rupiah), 2020–2024","Per Capita GRDP at Current Market Prices by Regency/Municipality, in Lampung Province (thousand rupiahss), 2020–2024",8,8,b363cf685902
LAMPUNG,03,Kab. Lampung Selatan,,2022,,47.031,,"PDRB Per Kapita Atas Dasar Harga Berlaku di Provinsi Lampung Menurut Kabupaten/Kota (ribu rupiah), 2020–2024","Per Capita GRDP at Current Market Prices by Regency/Municipality, in Lampung Province (thousand rupiahss), 2020–2024",8,8,6bd0cd60659d
LAMPUNG,04,Kab. Lampung Timur,,2022,,43.947,,"PDRB Per Kapita Atas Dasar Harga Berlaku di Provinsi Lampung Menurut Kabupaten/Kota (ribu rupiah), 2020–2024","Per Capita GRDP at Current Market Prices by Regency/Municipality, in Lampung Province (thousand rupiahss), 2020–2024",8,8,56a669ab5dff
LAMPUNG,05,Kab. Lampung Tengah,,2022,,55.289,,"PDRB Per Kapita Atas Dasar Harga Berlaku di Provinsi Lampung Menurut Kabupaten/Kota (ribu rupiah), 2020–2024","Per Capita GRDP at Current Market Prices by Regency/Municipality, in Lampung Province (thousand rupiahss), 2020–2024",8,8,1bb305405c9b
LAMPUNG,06,Kab. Lampung Utara,,2022,,41.758,,"PDRB Per Kapita Atas Dasar Harga Berlaku di Provinsi Lampung Menurut Kabupaten/Kota (ribu rupiah), 2020–2024","Per Capita GRDP at Current Market Prices by Regency/Municipality, in Lampung Province (thousand rupiahss), 2020–2024",8,8,ab1878807dcd
LAMPUNG,07,Kab. Way Kanan,,2022,,33.481,,"PDRB Per Kapita Atas Dasar Harga Berlaku di Provinsi Lampung Menurut Kabupaten/Kota (ribu rupiah), 2020–2024","Per Capita GRDP at Current Market Prices by Regency/Municipality, in Lampung Province (thousand rupiahss), 2020–2024",8,8,6ff067163443
LAMPUNG,08,Kab. Tulang Bawang,,2022,,59.077,,"PDRB Per Kapita Atas Dasar Harga Berlaku di Provinsi Lampung Menurut Kabupaten/Kota (ribu rupiah), 2020–2024","Per Capita GRDP at Current Market Prices by Regency/Municipality, in Lampung Province (thousand rupiahss), 2020–2024",8,8,b42b4af29d78
LAMPUNG,09,Kab. Pesawaran,,2022,,38.102,,"PDRB Per Kapita Atas Dasar Harga Berlaku di Provinsi Lampung Menurut Kabupaten/Kota (ribu rupiah), 2020–2024","Per Capita GRDP at Current Market Prices by Regency/Municipality, in Lampung Province (thousand rupiahss), 2020–2024",8,8,9827d7d5a2ce
LAMPUNG,10,Kab. Pringsewu,,2022,,30.984,,"PDRB Per Kapita Atas Dasar Harga Berlaku di Provinsi Lampung Menurut Kabupaten/Kota (ribu rupiah), 2020–2024","Per Capita GRDP at Current Market Prices by Regency/Municipality, in Lampung Province (thousand rupiahss), 2020–2024",8,8,87915edce059
LAMPUNG,11,Kab. Mesuji,,2022,,51.038,,"PDRB Per Kapita Atas Dasar Harga Berlaku di Provinsi Lampung Menurut Kabupaten/Kota (ribu rupiah), 2020–2024","Per Capita GRDP at Current Market Prices by Regency/Municipality, in Lampung Province (thousand rupiahss), 2020–2024",8,8,0e43c8b490f2
LAMPUNG,12,Kab. Tulang Bawang Barat,,2022,,45.296,,"PDRB Per Kapita Atas Dasar Harga Berlaku di Provinsi Lampung Menurut Kabupaten/Kota (ribu rupiah), 2020–2024","Per Capita GRDP at Current Market Prices by Regency/Municipality, in Lampung Province (thousand rupiahss), 2020–2024",8,8,00f0b4b4b72a
LAMPUNG,13,Kab. Pesisir Barat,,2022,,31.972,,"PDRB Per Kapita Atas Dasar Harga Berlaku di Provinsi Lampung Menurut Kabupaten/Kota (ribu rupiah), 2020–2024","Per Capita GRDP at Current Market Prices by Regency/Municipality, in Lampung Province (thousand rupiahss), 2020–2024",8,8,44655ee6bfe9
LAMPUNG,71,Kota Bandar Lampung,,2022,,57.258,,"PDRB Per Kapita Atas Dasar Harga Berlaku di Provinsi Lampung Menurut Kabupaten/Kota (ribu rupiah), 2020–2024","Per Capita GRDP at Current Market Prices by Regency/Municipality, in Lampung Province (thousand rupiahss), 2020–2024",8,8,596c8ba54380
LAMPUNG,72,Kota Metro,,2022,,42.001,,"PDRB Per Kapita Atas Dasar Harga Berlaku di Provinsi Lampung Menurut Kabupaten/Kota (ribu rupiah), 2020–2024","Per Capita GRDP at Current Market Prices by Regency/Municipality, in Lampung Province (thousand rupiahss), 2020–2024",8,8,abe7fb60f694
LAMPUNG,,Jml Kab./Kota Total of Reg./Mun.,,2022,,45.228,,"PDRB Per Kapita Atas Dasar Harga Berlaku di Provinsi Lampung Menurut Kabupaten/Kota (ribu rupiah), 2020–2024","Per Capita GRDP at Current Market Prices by Regency/Municipality, in Lampung Province (thousand rupiahss), 2020–2024",8,8,02cfe3a950d0
LAMPUNG,,Provinsi/Province,,2022,,44.982,,"PDRB Per Kapita Atas Dasar Harga Berlaku di Provinsi Lampung Menurut Kabupaten/Kota (ribu rupiah), 2020–2024","Per Capita GRDP at Current Market Prices by Regency/Municipality, in Lampung Province (thousand rupiahss), 2020–2024",8,8,9a7db9cb4eb3
KEPULAUAN BANGKA BELITUNG,01,Kab. Bangka,,2022,,53.801,,"PDRB Per Kapita Atas Dasar Harga Berlaku di Provinsi Kepulauan Bangka Belitung Menurut Kabupaten/Kota (ribu rupiah), 2020–2024","Per Capita GRDP at Current Market Prices by Regency/Municipality, in Kepulauan Bangka Belitung Province (thousand rupiahss), 2020–2024",9,9,a64f7cfe923a
KEPULAUAN BANGKA BELITUNG,02,Kab. Belitung,,2022,,65.879,,"PDRB Per Kapita Atas Dasar Harga Berlaku di Provinsi Kepulauan Bangka Belitung Menurut Kabupaten/Kota (ribu rupiah), 2020–2024","Per Capita GRDP at Current Market Prices by Regency/Municipality, in Kepulauan Bangka Belitung Province (thousand rupiahss), 2020–2024",9,9,f4262cee8252
KEPULAUAN BANGKA BELITUNG,03,Kab. Bangka Barat,,2022,,79.856,,"PDRB Per Kapita Atas Dasar Harga Berlaku di Provinsi Kepulauan Bangka Belitung Menurut Kabupaten/Kota (ribu rupiah), 2020–2024","Per Capita GRDP at Current Market Prices by Regency/Municipality, in Kepulauan Bangka Belitung Province (thousand rupiahss), 2020–2024",9,9,4171836ce888
KEPULAUAN BANGKA BELITUNG,04,Kab. Bangka Tengah,,2022,,51.486,,"PDRB Per Kapita Atas Dasar Harga Berlaku di Provinsi Kepulauan Bangka Belitung Menurut Kabupaten/Kota (ribu rupiah), 2020–2024","Per Capita GRDP at Current Market Prices by Regency/Municipality, in Kepulauan Bangka Belitung Province (thousand rupiahss), 2020–2024",9,9,877e7755ca30
KEPULAUAN BANGKA BELITUNG,05,Kab. Bangka Selatan,,2022,,52.638,,"PDRB Per Kapita Atas Dasar Harga Berlaku di Provinsi Kepulauan Bangka Belitung Menurut Kabupaten/Kota (ribu rupiah), 2020–2024","Per Capita GRDP at Current Market Prices by Regency/Municipality, in Kepulauan Bangka Belitung Province (thousand rupiahss), 2020–2024",9,9,c407a9afe63b
KEPULAUAN BANGKA BELITUNG,06,Kab. Belitung Timur,,2022,,75.426,,"PDRB Per Kapita Atas Dasar Harga Berlaku di Provinsi Kepulauan Bangka Belitung Menurut Kabupaten/Kota (ribu rupiah), 2020–2024","Per Capita GRDP at Current Market Prices by Regency/Municipality, in Kepulauan Bangka Belitung Province (thousand rupiahss), 2020–2024",9,9,7fdc4d60184b
KEPULAUAN BANGKA BELITUNG,71,Kota Pangkal Pinang,,2022,,77.075,,"PDRB Per Kapita Atas Dasar Harga Berlaku di Provinsi Kepulauan Bangka Belitung Menurut Kabupaten/Kota (ribu rupiah), 2020–2024","Per Capita GRDP at Current Market Prices by Regency/Municipality, in Kepulauan Bangka Belitung Province (thousand rupiahss), 2020–2024",9,9,e91d58a28700
KEPULAUAN BANGKA BELITUNG,,Jml Kab./Kota Total of Reg./Mun.,,2022,,63.881,,"PDRB Per Kapita Atas Dasar Harga Berlaku di Provinsi Kepulauan Bangka Belitung Menurut Kabupaten/Kota (ribu rupiah), 2020–2024","Per Capita GRDP at Current Market Prices by Regency/Municipality, in Kepulauan Bangka Belitung Province (thousand rupiahss), 2020–2024",9,9,0bc4babba591
KEPULAUAN BANGKA BELITUNG,,Provinsi/Province,,2022,,63.866,,"PDRB Per Kapita Atas Dasar Harga Berlaku di Provinsi Kepulauan Bangka Belitung Menurut Kabupaten/Kota (ribu rupiah), 2020–2024","Per Capita GRDP at Current Market Prices by Regency/Municipality, in Kepulauan Bangka Belitung Province (thousand rupiahss), 2020–2024",9,9,0a82110d494b
KEPULAUAN RIAU,01,Kab. Karimun,,2022,,60.336,,"PDRB Per Kapita Atas Dasar Harga Berlaku di Provinsi Kepulauan Riau Menurut Kabupaten/Kota (ribu rupiah), 2020–2024","Per Capita GRDP at Current Market Prices by Regency/Municipality, in Kepulauan Riau Province (thousand rupiahss), 2020–2024",10,10,501de5eeb3f2
KEPULAUAN RIAU,02,Kab. Bintan,,2022,,149.877,,"PDRB Per Kapita Atas Dasar Harga Berlaku di Provinsi Kepulauan Riau Menurut Kabupaten/Kota (ribu rupiah), 2020–2024","Per Capita GRDP at Current Market Prices by Regency/Municipality, in Kepulauan Riau Province (thousand rupiahss), 2020–2024",10,10,ac0ea165ea21
KEPULAUAN RIAU,03,Kab. Natuna,,2022,,290.848,,"PDRB Per Kapita Atas Dasar Harga Berlaku di Provinsi Kepulauan Riau Menurut Kabupaten/Kota (ribu rupiah), 2020–2024","Per Capita GRDP at Current Market Prices by Regency/Municipality, in Kepulauan Riau Province (thousand rupiahss), 2020–2024",10,10,e95d2969a108
KEPULAUAN RIAU,04,Kab. Lingga,,2022,,48.510,,"PDRB Per Kapita Atas Dasar Harga Berlaku di Provinsi Kepulauan Riau Menurut Kabupaten/Kota (ribu rupiah), 2020–2024","Per Capita GRDP at Current Market Prices by Regency/Municipality, in Kepulauan Riau Province (thousand rupiahss), 2020–2024",10,10,306def8736f2
KEPULAUAN RIAU,05,Kab. Kep. Anambas,,2022,,410.971,,"PDRB Per Kapita Atas Dasar Harga Berlaku di Provinsi Kepulauan Riau Menurut Kabupaten/Kota (ribu rupiah), 2020–2024","Per Capita GRDP at Current Market Prices by Regency/Municipality, in Kepulauan Riau Province (thousand rupiahss), 2020–2024",10,10,afb370ee2819
KEPULAUAN RIAU,71,Kota Batam,,2022,,157.633,,"PDRB Per Kapita Atas Dasar Harga Berlaku di Provinsi Kepulauan Riau Menurut Kabupaten/Kota (ribu rupiah), 2020–2024","Per Capita GRDP at Current Market Prices by Regency/Municipality, in Kepulauan Riau Province (thousand rupiahss), 2020–2024",10,10,89a38ddc7eee
KEPULAUAN RIAU,72,Kota Tanjung Pinang,,2022,,93.851,,"PDRB Per Kapita Atas Dasar Harga Berlaku di Provinsi Kepulauan Riau Menurut Kabupaten/Kota (ribu rupiah), 2020–2024","Per Capita GRDP at Current Market Prices by Regency/Municipality, in Kepulauan Riau Province (thousand rupiahss), 2020–2024",10,10,97685e9813dd
KEPULAUAN RIAU,,Jml Kab./Kota Total of Reg./Mun.,,2022,,144.109,,"PDRB Per Kapita Atas Dasar Harga Berlaku di Provinsi Kepulauan Riau Menurut Kabupaten/Kota (ribu rupiah), 2020–2024","Per Capita GRDP at Current Market Prices by Regency/Municipality, in Kepulauan Riau Province (thousand rupiahss), 2020–2024",10,10,448161b9084c
KEPULAUAN RIAU,,Provinsi/Province,,2022,,145.530,,"PDRB Per Kapita Atas Dasar Harga Berlaku di Provinsi Kepulauan Riau Menurut Kabupaten/Kota (ribu rupiah), 2020–2024","Per Capita GRDP at Current Market Prices by Regency/Municipality, in Kepulauan Riau Province (thousand rupiahss), 2020–2024",10,10,ffd58ba99572
ACEH,01,Kab. Simeulue,,2023,*,30.222,,"PDRB Per Kapita Atas Dasar Harga Berlaku di Provinsi Aceh Menurut Kabupaten/Kota (miliar rupiah), 2020–2024","Per Capita GRDP at Current Market Prices by Regency/Municipality, in Aceh Province (thousand rupiahss), 2020–2024",1,1,f3b2aac5a0a7
ACEH,02,Kab. Aceh Singkil,,2023,*,24.030,,"PDRB Per Kapita Atas Dasar Harga Berlaku di Provinsi Aceh Menurut Kabupaten/Kota (miliar rupiah), 2020–2024","Per Capita GRDP at Current Market Prices by Regency/Municipality, in Aceh Province (thousand rupiahss), 2020–2024",1,1,73581b2371d6
ACEH,03,Kab. Aceh Selatan,,2023,*,29.078,,"PDRB Per Kapita Atas Dasar Harga Berlaku di Provinsi Aceh Menurut Kabupaten/Kota (miliar rupiah), 2020–2024","Per Capita GRDP at Current Market Prices by Regency/Municipality, in Aceh Province (thousand rupiahss), 2020–2024",1,1,e465c1d44fd8
ACEH,04,Kab. Aceh Tenggara,,2023,*,27.104,,"PDRB Per Kapita Atas Dasar Harga Berlaku di Provinsi Aceh Menurut Kabupaten/Kota (miliar rupiah), 2020–2024","Per Capita GRDP at Current Market Prices by Regency/Municipality, in Aceh Province (thousand rupiahss), 2020–2024",1,1,ad6950ac9775
ACEH,05,Kab. Aceh Timur,,2023,*,31.505,,"PDRB Per Kapita Atas Dasar Harga Berlaku di Provinsi Aceh Menurut Kabupaten/Kota (miliar rupiah), 2020–2024","Per Capita GRDP at Current Market Prices by Regency/Municipality, in Aceh Province (thousand rupiahss), 2020–2024",1,1,ba9a8cbd35e3
ACEH,06,Kab. Aceh Tengah,,2023,*,43.973,,"PDRB Per Kapita Atas Dasar Harga Berlaku di Provinsi Aceh Menurut Kabupaten/Kota (miliar rupiah), 2020–2024","Per Capita GRDP at Current Market Prices by Regency/Municipality, in Aceh Province (thousand rupiahss), 2020–2024",1,1,2f7cf2821862
ACEH,07,Kab. Aceh Barat,,2023,*,66.280,,"PDRB Per Kapita Atas Dasar Harga Berlaku di Provinsi Aceh Menurut Kabupaten/Kota (miliar rupiah), 2020–2024","Per Capita GRDP at Current Market Prices by Regency/Municipality, in Aceh Province (thousand rupiahss), 2020–2024",1,1,71dc00ad4dfa
ACEH,08,Kab. Aceh Besar,,2023,*,40.410,,"PDRB Per Kapita Atas Dasar Harga Berlaku di Provinsi Aceh Menurut Kabupaten/Kota (miliar rupiah), 2020–2024","Per Capita GRDP at Current Market Prices by Regency/Municipality, in Aceh Province (thousand rupiahss), 2020–2024",1,1,0d192e0f33a5
ACEH,09,Kab. Pidie,,2023,*,30.105,,"PDRB Per Kapita Atas Dasar Harga Berlaku di Provinsi Aceh Menurut Kabupaten/Kota (miliar rupiah), 2020–2024","Per Capita GRDP at Current Market Prices by Regency/Municipality, in Aceh Province (thousand rupiahss), 2020–2024",1,1,bc38eadbcd9b
ACEH,10,Kab. Bireun,,2023,*,37.570,,"PDRB Per Kapita Atas Dasar Harga Berlaku di Provinsi Aceh Menurut Kabupaten/Kota (miliar rupiah), 2020–2024","Per Capita GRDP at Current Market Prices by Regency/Municipality, in Aceh Province (thousand rupiahss), 2020–2024",1,1,0a049fd68f92
ACEH,11,Kab. Aceh Utara,,2023,*,45.411,,"PDRB Per Kapita Atas Dasar Harga Berlaku di Provinsi Aceh Menurut Kabupaten/Kota (miliar rupiah), 2020–2024","Per Capita GRDP at Current Market Prices by Regency/Municipality, in Aceh Province (thousand rupiahss), 2020–2024",1,1,2aed42471bb8
ACEH,12,Kab. Aceh Barat Daya,,2023,*,31.625,,"PDRB Per Kapita Atas Dasar Harga Berlaku di Provinsi Aceh Menurut Kabupaten/Kota (miliar rupiah), 2020–2024","Per Capita GRDP at Current Market Prices by Regency/Municipality, in Aceh Province (thousand rupiahss), 2020–2024",1,1,a74860cfd294
ACEH,13,Kab. Gayo Lues,,2023,*,31.808,,"PDRB Per Kapita Atas Dasar Harga Berlaku di Provinsi Aceh Menurut Kabupaten/Kota (miliar rupiah), 2020–2024","Per Capita GRDP at Current Market Prices by Regency/Municipality, in Aceh Province (thousand rupiahss), 2020–2024",1,1,d38688e865c0
ACEH,14,Kab. Aceh Tamiang,,2023,*,35.151,,"PDRB Per Kapita Atas Dasar Harga Berlaku di Provinsi Aceh Menurut Kabupaten/Kota (miliar rupiah), 2020–2024","Per Capita GRDP at Current Market Prices by Regency/Municipality, in Aceh Province (thousand rupiahss), 2020–2024",1,1,a0a062bb0f5e
ACEH,15,Kab. Nagan Raya,,2023,*,68.090,,"PDRB Per Kapita Atas Dasar Harga Berlaku di Provinsi Aceh Menurut Kabupaten/Kota (miliar rupiah), 2020–2024","Per Capita GRDP at Current Market Prices by Regency/Municipality, in Aceh Province (thousand rupiahss), 2020–2024",1,1,b21f99b5214e
ACEH,16,Kab. Aceh Jaya,,2023,*,34.554,,"PDRB Per Kapita Atas Dasar Harga Berlaku di Provinsi Aceh Menurut Kabupaten/Kota (miliar rupiah), 2020–2024","Per Capita GRDP at Current Market Prices by Regency/Municipality, in Aceh Province (thousand rupiahss), 2020–2024",1,1,da9a4e389908
ACEH,17,Kab. Bener Meriah,,2023,*,35.569,,"PDRB Per Kapita Atas Dasar Harga Berlaku di Provinsi Aceh Menurut Kabupaten/Kota (miliar rupiah), 2020–2024","Per Capita GRDP at Current Market Prices by Regency/Municipality, in Aceh Province (thousand rupiahss), 2020–2024",1,1,d092406c3aba
ACEH,18,Kab. Pidie Jaya,,2023,*,26.461,,"PDRB Per Kapita Atas Dasar Harga Berlaku di Provinsi Aceh Menurut Kabupaten/Kota (miliar rupiah), 2020–2024","Per Capita GRDP at Current Market Prices by Regency/Municipality, in Aceh Province (thousand rupiahss), 2020–2024",1,1,0cdd6373a447
ACEH,71,Kota Banda Aceh,,2023,*,90.749,,"PDRB Per Kapita Atas Dasar Harga Berlaku di Provinsi Aceh Menurut Kabupaten/Kota (miliar rupiah), 2020–2024","Per Capita GRDP at Current Market Prices by Regency/Municipality, in Aceh Province (thousand rupiahss), 2020–2024",1,1,3b8c8f86e4b3
ACEH,72,Kota Sabang,,2023,*,40.732,,"PDRB Per Kapita Atas Dasar Harga Berlaku di Provinsi Aceh Menurut Kabupaten/Kota (miliar rupiah), 2020–2024","Per Capita GRDP at Current Market Prices by Regency/Municipality, in Aceh Province (thousand rupiahss), 2020–2024",1,1,175a3a467988
ACEH,73,Kota Langsa,,2023,*,35.194,,"PDRB Per Kapita Atas Dasar Harga Berlaku di Provinsi Aceh Menurut Kabupaten/Kota (miliar rupiah), 2020–2024","Per Capita GRDP at Current Market Prices by Regency/Municipality, in Aceh Province (thousand rupiahss), 2020–2024",1,1,89c2eee8639c
ACEH,74,Kota Lhokseumawe,,2023,*,56.597,,"PDRB Per Kapita Atas Dasar Harga Berlaku di Provinsi Aceh Menurut Kabupaten/Kota (miliar rupiah), 2020–2024","Per Capita GRDP at Current Market Prices by Regency/Municipality, in Aceh Province (thousand rupiahss), 2020–2024",1,1,3ea08697107e
ACEH,75,Kota Subulussalam,,2023,*,26.428,,"PDRB Per Kapita Atas Dasar Harga Berlaku di Provinsi Aceh Menurut Kabupaten/Kota (miliar rupiah), 2020–2024","Per Capita GRDP at Current Market Prices by Regency/Municipality, in Aceh Province (thousand rupiahss), 2020–2024",1,1,c7c95f02c760
ACEH,,Jml Kab./Kota Total of Reg./Mun.,,2023,*,40.727,,"PDRB Per Kapita Atas Dasar Harga Berlaku di Provinsi Aceh Menurut Kabupaten/Kota (miliar rupiah), 2020–2024","Per Capita GRDP at Current Market Prices by Regency/Municipality, in Aceh Province (thousand rupiahss), 2020–2024",1,1,18cc7fc94680
ACEH,,Provinsi/Province,,2023,*,41.408,,"PDRB Per Kapita Atas Dasar Harga Berlaku di Provinsi Aceh Menurut Kabupaten/Kota (miliar rupiah), 2020–2024","Per Capita GRDP at Current Market Prices by Regency/Municipality, in Aceh Province (thousand rupiahss), 2020–2024",1,1,ac12e487f67e
SUMATERA UTARA,01,Kab. Nias,,2023,*,31.614,,"PDRB Per Kapita Atas Dasar Harga Berlaku di Provinsi Sumatera Utara Menurut Kabupaten/Kota (ribu rupiah), 2020–2024","Per Capita GRDP at Current Market Prices by Regency/Municipality, in Sumatera Utara Province (thousand rupiahss), 2020–2024",2,2,2458ea9a4c7c
SUMATERA UTARA,02,Kab. Mandailing Natal,,2023,*,36.868,,"PDRB Per Kapita Atas Dasar Harga Berlaku di Provinsi Sumatera Utara Menurut Kabupaten/Kota (ribu rupiah), 2020–2024","Per Capita GRDP at Current Market Prices by Regency/Municipality, in Sumatera Utara Province (thousand rupiahss), 2020–2024",2,2,341fcd9d52ed
SUMATERA UTARA,03,Kab. Tapanuli Selatan,,2023,*,60.394,,"PDRB Per Kapita Atas Dasar Harga Berlaku di Provinsi Sumatera Utara Menurut Kabupaten/Kota (ribu rupiah), 2020–2024","Per Capita GRDP at Current Market Prices by Regency/Municipality, in Sumatera Utara Province (thousand rupiahss), 2020–2024",2,2,7b02c0021491
SUMATERA UTARA,04,Kab. Tapanuli Tengah,,2023,*,32.649,,"PDRB Per Kapita Atas Dasar Harga Berlaku di Provinsi Sumatera Utara Menurut Kabupaten/Kota (ribu rupiah), 2020–2024","Per Capita GRDP at Current Market Prices by Regency/Municipality, in Sumatera Utara Province (thousand rupiahss), 2020–2024",2,2,4a077bcc9825
SUMATERA UTARA,05,Kab. Tapanuli Utara,,2023,*,32.466,,"PDRB Per Kapita Atas Dasar Harga Berlaku di Provinsi Sumatera Utara Menurut Kabupaten/Kota (ribu rupiah), 2020–2024","Per Capita GRDP at Current Market Prices by Regency/Municipality, in Sumatera Utara Province (thousand rupiahss), 2020–2024",2,2,d65914b6989a
SUMATERA UTARA,06,Kab. Toba Samosir,,2023,*,45.154,,"PDRB Per Kapita Atas Dasar Harga Berlaku di Provinsi Sumatera Utara Menurut Kabupaten/Kota (ribu rupiah), 2020–2024","Per Capita GRDP at Current Market Prices by Regency/Municipality, in Sumatera Utara Province (thousand rupiahss), 2020–2024",2,2,cade834aebc6
SUMATERA UTARA,07,Kab. Labuhan Batu,,2023,*,89.062,,"PDRB Per Kapita Atas Dasar Harga Berlaku di Provinsi Sumatera Utara Menurut Kabupaten/Kota (ribu rupiah), 2020–2024","Per Capita GRDP at Current Market Prices by Regency/Municipality, in Sumatera Utara Province (thousand rupiahss), 2020–2024",2,2,cacf43e9e84b
SUMATERA UTARA,08,Kab. Asahan,,2023,*,63.898,,"PDRB Per Kapita Atas Dasar Harga Berlaku di Provinsi Sumatera Utara Menurut Kabupaten/Kota (ribu rupiah), 2020–2024","Per Capita GRDP at Current Market Prices by Regency/Municipality, in Sumatera Utara Province (thousand rupiahss), 2020–2024",2,2,7e6a6390532b
SUMATERA UTARA,09,Kab. Simalungun,,2023,*,50.428,,"PDRB Per Kapita Atas Dasar Harga Berlaku di Provinsi Sumatera Utara Menurut Kabupaten/Kota (ribu rupiah), 2020–2024","Per Capita GRDP at Current Market Prices by Regency/Municipality, in Sumatera Utara Province (thousand rupiahss), 2020–2024",2,2,cc662fefb870
SUMATERA UTARA,10,Kab. Dairi,,2023,*,35.878,,"PDRB Per Kapita Atas Dasar Harga Berlaku di Provinsi Sumatera Utara Menurut Kabupaten/Kota (ribu rupiah), 2020–2024","Per Capita GRDP at Current Market Prices by Regency/Municipality, in Sumatera Utara Province (thousand rupiahss), 2020–2024",2,2,efc3ee4677e7
SUMATERA UTARA,11,Kab. Karo,,2023,*,62.759,,"PDRB Per Kapita Atas Dasar Harga Berlaku di Provinsi Sumatera Utara Menurut Kabupaten/Kota (ribu rupiah), 2020–2024","Per Capita GRDP at Current Market Prices by Regency/Municipality, in Sumatera Utara Province (thousand rupiahss), 2020–2024",2,2,82822f233be8
SUMATERA UTARA,12,Kab. Deli Serdang,,2023,*,68.923,,"PDRB Per Kapita Atas Dasar Harga Berlaku di Provinsi Sumatera Utara Menurut Kabupaten/Kota (ribu rupiah), 2020–2024","Per Capita GRDP at Current Market Prices by Regency/Municipality, in Sumatera Utara Province (thousand rupiahss), 2020–2024",2,2,a29772e5c375
SUMATERA UTARA,13,Kab. Langkat,,2023,*,52.677,,"PDRB Per Kapita Atas Dasar Harga Berlaku di Provinsi Sumatera Utara Menurut Kabupaten/Kota (ribu rupiah), 2020–2024","Per Capita GRDP at Current Market Prices by Regency/Municipality, in Sumatera Utara Province (thousand rupiahss), 2020–2024",2,2,cd399ebd7b4e
SUMATERA UTARA,14,Kab. Nias Selatan,,2023,*,22.416,,"PDRB Per Kapita Atas Dasar Harga Berlaku di Provinsi Sumatera Utara Menurut Kabupaten/Kota (ribu rupiah), 2020–2024","Per Capita GRDP at Current Market Prices by Regency/Municipality, in Sumatera Utara Province (thousand rupiahss), 2020–2024",2,2,2ea3722a8a3a
SUMATERA UTARA,15,Kab. Humbang Hasundutan,,2023,*,37.396,,"PDRB Per Kapita Atas Dasar Harga Berlaku di Provinsi Sumatera Utara Menurut Kabupaten/Kota (ribu rupiah), 2020–2024","Per Capita GRDP at Current Market Prices by Regency/Municipality, in Sumatera Utara Province (thousand rupiahss), 2020–2024",2,2,c786eb3e5870
SUMATERA UTARA,16,Kab. Pakpak Bharat,,2023,*,28.271,,"PDRB Per Kapita Atas Dasar Harga Berlaku di Provinsi Sumatera Utara Menurut Kabupaten/Kota (ribu rupiah), 2020–2024","Per Capita GRDP at Current Market Prices by Regency/Municipality, in Sumatera Utara Province (thousand rupiahss), 2020–2024",2,2,5f23096f5a12
SUMATERA UTARA,17,Kab. Samosir,,2023,*,40.017,,"PDRB Per Kapita Atas Dasar Harga Berlaku di Provinsi Sumatera Utara Menurut Kabupaten/Kota (ribu rupiah), 2020–2024","Per Capita GRDP at Current Market Prices by Regency/Municipality, in Sumatera Utara Province (thousand rupiahss), 2020–2024",2,2,712c21401a9b
SUMATERA UTARA,18,Kab. Serdang Bedagai,,2023,*,54.961,,"PDRB Per Kapita Atas Dasar Harga Berlaku di Provinsi Sumatera Utara Menurut Kabupaten/Kota (ribu rupiah), 2020–2024","Per Capita GRDP at Current Market Prices by Regency/Municipality, in Sumatera Utara Province (thousand rupiahss), 2020–2024",2,2,91d86a15432f
SUMATERA UTARA,19,Kab. Batu Bara,,2023,*,101.676,,"PDRB Per Kapita Atas Dasar Harga Berlaku di Provinsi Sumatera Utara Menurut Kabupaten/Kota (ribu rupiah), 2020–2024","Per Capita GRDP at Current Market Prices by Regency/Municipality, in Sumatera Utara Province (thousand rupiahss), 2020–2024",2,2,fdae63278579
SUMATERA UTARA,20,Kab. Padang Lawas Utara,,2023,*,57.442,,"PDRB Per Kapita Atas Dasar Harga Berlaku di Provinsi Sumatera Utara Menurut Kabupaten/Kota (ribu rupiah), 2020–2024","Per Capita GRDP at Current Market Prices by Regency/Municipality, in Sumatera Utara Province (thousand rupiahss), 2020–2024",2,2,b5fbbdcc398b
SUMATERA UTARA,21,Kab. Padang Lawas,,2023,*,58.506,,"PDRB Per Kapita Atas Dasar Harga Berlaku di Provinsi Sumatera Utara Menurut Kabupaten/Kota (ribu rupiah), 2020–2024","Per Capita GRDP at Current Market Prices by Regency/Municipality, in Sumatera Utara Province (thousand rupiahss), 2020–2024",2,2,b05b08d8cf7a
SUMATERA UTARA,22,Kab. Labuhan Batu Selatan,,2023,*,113.617,,"PDRB Per Kapita Atas Dasar Harga Berlaku di Provinsi Sumatera Utara Menurut Kabupaten/Kota (ribu rupiah), 2020–2024","Per Capita GRDP at Current Market Prices by Regency/Municipality, in Sumatera Utara Province (thousand rupiahss), 2020–2024",2,2,40760ef19f35
SUMATERA UTARA,23,Kab. Labuhan Batu Utara,,2023,*,82.792,,"PDRB Per Kapita Atas Dasar Harga Berlaku di Provinsi Sumatera Utara Menurut Kabupaten/Kota (ribu rupiah), 2020–2024","Per Capita GRDP at Current Market Prices by Regency/Municipality, in Sumatera Utara Province (thousand rupiahss), 2020–2024",2,2,d59a09578592
SUMATERA UTARA,24,Kab. Nias Utara,,2023,*,28.728,,"PDRB Per Kapita Atas Dasar Harga Berlaku di Provinsi Sumatera Utara Menurut Kabupaten/Kota (ribu rupiah), 2020–2024","Per Capita GRDP at Current Market Prices by Regency/Municipality, in Sumatera Utara Province (thousand rupiahss), 2020–2024",2,2,e4cfa370786d
SUMATERA UTARA,25,Kab. Nias Barat,,2023,*,24.509,,"PDRB Per Kapita Atas Dasar Harga Berlaku di Provinsi Sumatera Utara Menurut Kabupaten/Kota (ribu rupiah), 2020–2024","Per Capita GRDP at Current Market Prices by Regency/Municipality, in Sumatera Utara Province (thousand rupiahss), 2020–2024",2,2,60fef874d616
SUMATERA UTARA,71,Kota Sibolga,,2023,*,74.736,,"PDRB Per Kapita Atas Dasar Harga Berlaku di Provinsi Sumatera Utara Menurut Kabupaten/Kota (ribu rupiah), 2020–2024","Per Capita GRDP at Current Market Prices by Regency/Municipality, in Sumatera Utara Province (thousand rupiahss), 2020–2024",2,2,92feb651333a
SUMATERA UTARA,72,Kota Tanjung Balai,,2023,*,61.197,,"PDRB Per Kapita Atas Dasar Harga Berlaku di Provinsi Sumatera Utara Menurut Kabupaten/Kota (ribu rupiah), 2020–2024","Per Capita GRDP at Current Market Prices by Regency/Municipality, in Sumatera Utara Province (thousand rupiahss), 2020–2024",2,2,86ca9dd56059
SUMATERA UTARA,73,Kota Pematang Siantar,,2023,*,59.046,,"PDRB Per Kapita Atas Dasar Harga Berlaku di Provinsi Sumatera Utara Menurut Kabupaten/Kota (ribu rupiah), 2020–2024","Per Capita GRDP at Current Market Prices by Regency/Municipality, in Sumatera Utara Province (thousand rupiahss), 2020–2024",2,2,9ee8b9b55bee
SUMATERA UTARA,74,Kota Tebing Tinggi,,2023,*,41.519,,"PDRB Per Kapita Atas Dasar Harga Berlaku di Provinsi Sumatera Utara Menurut Kabupaten/Kota (ribu rupiah), 2020–2024","Per Capita GRDP at Current Market Prices by Regency/Municipality, in Sumatera Utara Province (thousand rupiahss), 2020–2024",2,2,fb3896f1af68
SUMATERA UTARA,75,Kota Medan,,2023,*,122.592,,"PDRB Per Kapita Atas Dasar Harga Berlaku di Provinsi Sumatera Utara Menurut Kabupaten/Kota (ribu rupiah), 2020–2024","Per Capita GRDP at Current Market Prices by Regency/Municipality, in Sumatera Utara Province (thousand rupiahss), 2020–2024",2,2,88190b0feffc
SUMATERA UTARA,76,Kota Binjai,,2023,*,47.679,,"PDRB Per Kapita Atas Dasar Harga Berlaku di Provinsi Sumatera Utara Menurut Kabupaten/Kota (ribu rupiah), 2020–2024","Per Capita GRDP at Current Market Prices by Regency/Municipality, in Sumatera Utara Province (thousand rupiahss), 2020–2024",2,2,4dc59bf691c7
SUMATERA UTARA,77,Kota Padang Sidempuan,,2023,*,33.566,,"PDRB Per Kapita Atas Dasar Harga Berlaku di Provinsi Sumatera Utara Menurut Kabupaten/Kota (ribu rupiah), 2020–2024","Per Capita GRDP at Current Market Prices by Regency/Municipality, in Sumatera Utara Province (thousand rupiahss), 2020–2024",2,2,7c9747893f4f
SUMATERA UTARA,78,Kota Gunungsitoli,,2023,*,48.460,,"PDRB Per Kapita Atas Dasar Harga Berlaku di Provinsi Sumatera Utara Menurut Kabupaten/Kota (ribu rupiah), 2020–2024","Per Capita GRDP at Current Market Prices by Regency/Municipality, in Sumatera Utara Province (thousand rupiahss), 2020–2024",2,2,3bc6b0c18566
SUMATERA UTARA,,Jml Kab./Kota Total of Reg./Mun.,,2023,*,67.991,,"PDRB Per Kapita Atas Dasar Harga Berlaku di Provinsi Sumatera Utara Menurut Kabupaten/Kota (ribu rupiah), 2020–2024","Per Capita GRDP at Current Market Prices by Regency/Municipality, in Sumatera Utara Province (thousand rupiahss), 2020–2024",2,2,a8a7922bca84
SUMATERA UTARA,,Provinsi/Province,,2023,*,68.306,,"PDRB Per Kapita Atas Dasar Harga Berlaku di Provinsi Sumatera Utara Menurut Kabupaten/Kota (ribu rupiah), 2020–2024","Per Capita GRDP at Current Market Prices by Regency/Municipality, in Sumatera Utara Province (thousand rupiahss), 2020–2024",2,2,153395ae8bf9
SUMATERA BARAT,01,Kab. Kepulauan Mentawai,,2023,*,64.696,,"PDRB Per Kapita Atas Dasar Harga Berlaku di Provinsi Sumatera Barat Menurut Kabupaten/Kota (ribu rupiah), 2020–2024","Per Capita GRDP at Current Market Prices by Regency/Municipality, in Sumatera Barat Province (thousand rupiahss), 2020–2024",3,3,4ec542901ddd
SUMATERA BARAT,02,Kab. Pesisir Selatan,,2023,*,34.311,,"PDRB Per Kapita Atas Dasar Harga Berlaku di Provinsi Sumatera Barat Menurut Kabupaten/Kota (ribu rupiah), 2020–2024","Per Capita GRDP at Current Market Prices by Regency/Municipality, in Sumatera Barat Province (thousand rupiahss), 2020–2024",3,3,ea5321cf6c09
SUMATERA BARAT,03,Kab. Solok,,2023,*,42.717,,"PDRB Per Kapita Atas Dasar Harga Berlaku di Provinsi Sumatera Barat Menurut Kabupaten/Kota (ribu rupiah), 2020–2024","Per Capita GRDP at Current Market Prices by Regency/Municipality, in Sumatera Barat Province (thousand rupiahss), 2020–2024",3,3,ad8c259f7819
SUMATERA BARAT,04,Kab. Sijunjung,,2023,*,47.913,,"PDRB Per Kapita Atas Dasar Harga Berlaku di Provinsi Sumatera Barat Menurut Kabupaten/Kota (ribu rupiah), 2020–2024","Per Capita GRDP at Current Market Prices by Regency/Municipality, in Sumatera Barat Province (thousand rupiahss), 2020–2024",3,3,d749e9aa8251
SUMATERA BARAT,05,Kab. Tanah Datar,,2023,*,42.900,,"PDRB Per Kapita Atas Dasar Harga Berlaku di Provinsi Sumatera Barat Menurut Kabupaten/Kota (ribu rupiah), 2020–2024","Per Capita GRDP at Current Market Prices by Regency/Municipality, in Sumatera Barat Province (thousand rupiahss), 2020–2024",3,3,e90342ecf7d6
SUMATERA BARAT,06,Kab. Padang Pariaman,,2023,*,55.542,,"PDRB Per Kapita Atas Dasar Harga Berlaku di Provinsi Sumatera Barat Menurut Kabupaten/Kota (ribu rupiah), 2020–2024","Per Capita GRDP at Current Market Prices by Regency/Municipality, in Sumatera Barat Province (thousand rupiahss), 2020–2024",3,3,357783c511df
SUMATERA BARAT,07,Kab. Agam,,2023,*,47.405,,"PDRB Per Kapita Atas Dasar Harga Berlaku di Provinsi Sumatera Barat Menurut Kabupaten/Kota (ribu rupiah), 2020–2024","Per Capita GRDP at Current Market Prices by Regency/Municipality, in Sumatera Barat Province (thousand rupiahss), 2020–2024",3,3,ad1041d953eb
SUMATERA BARAT,08,Kab. Lima Puluh Kota,,2023,*,49.452,,"PDRB Per Kapita Atas Dasar Harga Berlaku di Provinsi Sumatera Barat Menurut Kabupaten/Kota (ribu rupiah), 2020–2024","Per Capita GRDP at Current Market Prices by Regency/Municipality, in Sumatera Barat Province (thousand rupiahss), 2020–2024",3,3,ec782bffb56c
SUMATERA BARAT,09,Kab. Pasaman,,2023,*,36.272,,"PDRB Per Kapita Atas Dasar Harga Berlaku di Provinsi Sumatera Barat Menurut Kabupaten/Kota (ribu rupiah), 2020–2024","Per Capita GRDP at Current Market Prices by Regency/Municipality, in Sumatera Barat Province (thousand rupiahss), 2020–2024",3,3,47ef7852c536
SUMATERA BARAT,10,Kab. Solok Selatan,,2023,*,36.778,,"PDRB Per Kapita Atas Dasar Harga Berlaku di Provinsi Sumatera Barat Menurut Kabupaten/Kota (ribu rupiah), 2020–2024","Per Capita GRDP at Current Market Prices by Regency/Municipality, in Sumatera Barat Province (thousand rupiahss), 2020–2024",3,3,d20d46f20e92
SUMATERA BARAT,11,Kab. Dharmasraya,,2023,*,55.626,,"PDRB Per Kapita Atas Dasar Harga Berlaku di Provinsi Sumatera Barat Menurut Kabupaten/Kota (ribu rupiah), 2020–2024","Per Capita GRDP at Current Market Prices by Regency/Municipality, in Sumatera Barat Province (thousand rupiahss), 2020–2024",3,3,aab55d2f8fcb
SUMATERA BARAT,12,Kab. Pasaman Barat,,2023,*,43.428,,"PDRB Per Kapita Atas Dasar Harga Berlaku di Provinsi Sumatera Barat Menurut Kabupaten/Kota (ribu rupiah), 2020–2024","Per Capita GRDP at Current Market Prices by Regency/Municipality, in Sumatera Barat Province (thousand rupiahss), 2020–2024",3,3,40e62fa9eb7f
SUMATERA BARAT,71,Kota Padang,,2023,*,84.528,,"PDRB Per Kapita Atas Dasar Harga Berlaku di Provinsi Sumatera Barat Menurut Kabupaten/Kota (ribu rupiah), 2020–2024","Per Capita GRDP at Current Market Prices by Regency/Municipality, in Sumatera Barat Province (thousand rupiahss), 2020–2024",3,3,f160bfb12a82
SUMATERA BARAT,72,Kota Solok,,2023,*,67.600,,"PDRB Per Kapita Atas Dasar Harga Berlaku di Provinsi Sumatera Barat Menurut Kabupaten/Kota (ribu rupiah), 2020–2024","Per Capita GRDP at Current Market Prices by Regency/Municipality, in Sumatera Barat Province (thousand rupiahss), 2020–2024",3,3,e0802655a34b
SUMATERA BARAT,73,Kota Sawah Lunto,,2023,*,71.214,,"PDRB Per Kapita Atas Dasar Harga Berlaku di Provinsi Sumatera Barat Menurut Kabupaten/Kota (ribu rupiah), 2020–2024","Per Capita GRDP at Current Market Prices by Regency/Municipality, in Sumatera Barat Province (thousand rupiahss), 2020–2024",3,3,bec628c403c6
SUMATERA BARAT,74,Kota Padang Panjang,,2023,*,76.314,,"PDRB Per Kapita Atas Dasar Harga Berlaku di Provinsi Sumatera Barat Menurut Kabupaten/Kota (ribu rupiah), 2020–2024","Per Capita GRDP at Current Market Prices by Regency/Municipality, in Sumatera Barat Province (thousand rupiahss), 2020–2024",3,3,b97d7eae67e6
SUMATERA BARAT,75,Kota Bukittinggi,,2023,*,89.737,,"PDRB Per Kapita Atas Dasar Harga Berlaku di Provinsi Sumatera Barat Menurut Kabupaten/Kota (ribu rupiah), 2020–2024","Per Capita GRDP at Current Market Prices by Regency/Municipality, in Sumatera Barat Province (thousand rupiahss), 2020–2024",3,3,1aeaf931d169
SUMATERA BARAT,76,Kota Payakumbuh,,2023,*,62.020,,"PDRB Per Kapita Atas Dasar Harga Berlaku di Provinsi Sumatera Barat Menurut Kabupaten/Kota (ribu rupiah), 2020–2024","Per Capita GRDP at Current Market Prices by Regency/Municipality, in Sumatera Barat Province (thousand rupiahss), 2020–2024",3,3,a35d689f2430
SUMATERA BARAT,77,Kota Pariaman,,2023,*,66.201,,"PDRB Per Kapita Atas Dasar Harga Berlaku di Provinsi Sumatera Barat Menurut Kabupaten/Kota (ribu rupiah), 2020–2024","Per Capita GRDP at Current Market Prices by Regency/Municipality, in Sumatera Barat Province (thousand rupiahss), 2020–2024",3,3,7fe2658c8a48
SUMATERA BARAT,,Jml Kab./Kota Total of Reg./Mun.,,2023,*,54.252,,"PDRB Per Kapita Atas Dasar Harga Berlaku di Provinsi Sumatera Barat Menurut Kabupaten/Kota (ribu rupiah), 2020–2024","Per Capita GRDP at Current Market Prices by Regency/Municipality, in Sumatera Barat Province (thousand rupiahss), 2020–2024",3,3,4837134968b2
SUMATERA BARAT,,Provinsi/Province,,2023,*,54.327,,"PDRB Per Kapita Atas Dasar Harga Berlaku di Provinsi Sumatera Barat Menurut Kabupaten/Kota (ribu rupiah), 2020–2024","Per Capita GRDP at Current Market Prices by Regency/Municipality, in Sumatera Barat Province (thousand rupiahss), 2020–2024",3,3,7ca16fafb45d
RIAU,01,Kab. Kuantan Singingi,,2023,*,137.874,,"PDRB Per Kapita Atas Dasar Harga Berlaku di Provinsi Riau Menurut Kabupaten/Kota (ribu rupiah), 2020–2024","Per Capita GRDP at Current Market Prices by Regency/Municipality, in Riau Province (thousand rupiahss), 2020–2024",4,4,8f842ac267cc
RIAU,02,Kab.indragiri Hulu,,2023,*,122.197,,"PDRB Per Kapita Atas Dasar Harga Berlaku di Provinsi Riau Menurut Kabupaten/Kota (ribu rupiah), 2020–2024","Per Capita GRDP at Current Market Prices by Regency/Municipality, in Riau Province (thousand rupiahss), 2020–2024",4,4,5ac25c4c6db1
RIAU,03,Kab.indragiri Hilir,,2023,*,129.260,,"PDRB Per Kapita Atas Dasar Harga Berlaku di Provinsi Riau Menurut Kabupaten/Kota (ribu rupiah), 2020–2024","Per Capita GRDP at Current Market Prices by Regency/Municipality, in Riau Province (thousand rupiahss), 2020–2024",4,4,0cb5f7efd477
RIAU,04,Kab. Pelalawan,,2023,*,172.617,,"PDRB Per Kapita Atas Dasar Harga Berlaku di Provinsi Riau Menurut Kabupaten/Kota (ribu rupiah), 2020–2024","Per Capita GRDP at Current Market Prices by Regency/Municipality, in Riau Province (thousand rupiahss), 2020–2024",4,4,a724a13d3f6f
RIAU,05,Kab. Siak,,2023,*,230.416,,"PDRB Per Kapita Atas Dasar Harga Berlaku di Provinsi Riau Menurut Kabupaten/Kota (ribu rupiah), 2020–2024","Per Capita GRDP at Current Market Prices by Regency/Municipality, in Riau Province (thousand rupiahss), 2020–2024",4,4,3ac0c3705284
RIAU,06,Kab. Kampar,,2023,*,121.395,,"PDRB Per Kapita Atas Dasar Harga Berlaku di Provinsi Riau Menurut Kabupaten/Kota (ribu rupiah), 2020–2024","Per Capita GRDP at Current Market Prices by Regency/Municipality, in Riau Province (thousand rupiahss), 2020–2024",4,4,b3b7a5a8ff5c
RIAU,07,Kab. Rokan Hulu,,2023,*,89.129,,"PDRB Per Kapita Atas Dasar Harga Berlaku di Provinsi Riau Menurut Kabupaten/Kota (ribu rupiah), 2020–2024","Per Capita GRDP at Current Market Prices by Regency/Municipality, in Riau Province (thousand rupiahss), 2020–2024",4,4,63237ab4ec9f
RIAU,08,Kab. Bengkalis,,2023,*,288.308,,"PDRB Per Kapita Atas Dasar Harga Berlaku di Provinsi Riau Menurut Kabupaten/Kota (ribu rupiah), 2020–2024","Per Capita GRDP at Current Market Prices by Regency/Municipality, in Riau Province (thousand rupiahss), 2020–2024",4,4,48cb5e98910e
RIAU,09,Kab. Rokan Hilir,,2023,*,144.751,,"PDRB Per Kapita Atas Dasar Harga Berlaku di Provinsi Riau Menurut Kabupaten/Kota (ribu rupiah), 2020–2024","Per Capita GRDP at Current Market Prices by Regency/Municipality, in Riau Province (thousand rupiahss), 2020–2024",4,4,05abf5f7206f
RIAU,10,Kab. Kepulauan Meranti,,2023,*,120.914,,"PDRB Per Kapita Atas Dasar Harga Berlaku di Provinsi Riau Menurut Kabupaten/Kota (ribu rupiah), 2020–2024","Per Capita GRDP at Current Market Prices by Regency/Municipality, in Riau Province (thousand rupiahss), 2020–2024",4,4,ab4e179061a6
RIAU,71,Kota Pekan Baru,,2023,*,157.385,,"PDRB Per Kapita Atas Dasar Harga Berlaku di Provinsi Riau Menurut Kabupaten/Kota (ribu rupiah), 2020–2024","Per Capita GRDP at Current Market Prices by Regency/Municipality, in Riau Province (thousand rupiahss), 2020–2024",4,4,d9b3b08bc718
RIAU,73,Kota Dumai,,2023,*,149.083,,"PDRB Per Kapita Atas Dasar Harga Berlaku di Provinsi Riau Menurut Kabupaten/Kota (ribu rupiah), 2020–2024","Per Capita GRDP at Current Market Prices by Regency/Municipality, in Riau Province (thousand rupiahss), 2020–2024",4,4,34775f54546b
RIAU,,Jml Kab./Kota Total of Reg./Mun.,,2023,*,155.141,,"PDRB Per Kapita Atas Dasar Harga Berlaku di Provinsi Riau Menurut Kabupaten/Kota (ribu rupiah), 2020–2024","Per Capita GRDP at Current Market Prices by Regency/Municipality, in Riau Province (thousand rupiahss), 2020–2024",4,4,e44f08249d54
RIAU,,Provinsi/Province,,2023,*,154.522,,"PDRB Per Kapita Atas Dasar Harga Berlaku di Provinsi Riau Menurut Kabupaten/Kota (ribu rupiah), 2020–2024","Per Capita GRDP at Current Market Prices by Regency/Municipality, in Riau Province (thousand rupiahss), 2020–2024",4,4,4a1ffd91262f
JAMBI,01,Kab. Kerinci,,2023,*,52.546,,"PDRB Per Kapita Atas Dasar Harga Berlaku di Provinsi Jambi Menurut Kabupaten/Kota (ribu rupiah), 2020–2024","Per Capita GRDP at Current Market Prices by Regency/Municipality, in Jambi Province (thousand rupiahss), 2020–2024",5,5,d56ca0b607e4
JAMBI,02,Kab. Merangin,,2023,*,61.146,,"PDRB Per Kapita Atas Dasar Harga Berlaku di Provinsi Jambi Menurut Kabupaten/Kota (ribu rupiah), 2020–2024","Per Capita GRDP at Current Market Prices by Regency/Municipality, in Jambi Province (thousand rupiahss), 2020–2024",5,5,da353ceed7da
JAMBI,03,Kab. Sarolangun,,2023,*,71.157,,"PDRB Per Kapita Atas Dasar Harga Berlaku di Provinsi Jambi Menurut Kabupaten/Kota (ribu rupiah), 2020–2024","Per Capita GRDP at Current Market Prices by Regency/Municipality, in Jambi Province (thousand rupiahss), 2020–2024",5,5,3e211ef810c0
JAMBI,04,Kab. Batanghari,,2023,*,81.371,,"PDRB Per Kapita Atas Dasar Harga Berlaku di Provinsi Jambi Menurut Kabupaten/Kota (ribu rupiah), 2020–2024","Per Capita GRDP at Current Market Prices by Regency/Municipality, in Jambi Province (thousand rupiahss), 2020–2024",5,5,c522355e1dc9
JAMBI,05,Kab. Muaro Jambi,,2023,*,85.700,,"PDRB Per Kapita Atas Dasar Harga Berlaku di Provinsi Jambi Menurut Kabupaten/Kota (ribu rupiah), 2020–2024","Per Capita GRDP at Current Market Prices by Regency/Municipality, in Jambi Province (thousand rupiahss), 2020–2024",5,5,4bb5809d0da4
JAMBI,06,Kab. Tanjung Jabung Timur,,2023,*,105.916,,"PDRB Per Kapita Atas Dasar Harga Berlaku di Provinsi Jambi Menurut Kabupaten/Kota (ribu rupiah), 2020–2024","Per Capita GRDP at Current Market Prices by Regency/Municipality, in Jambi Province (thousand rupiahss), 2020–2024",5,5,504fca8a9eb1
JAMBI,07,Kab. Tanjung Jabung Barat,,2023,*,153.857,,"PDRB Per Kapita Atas Dasar Harga Berlaku di Provinsi Jambi Menurut Kabupaten/Kota (ribu rupiah), 2020–2024","Per Capita GRDP at Current Market Prices by Regency/Municipality, in Jambi Province (thousand rupiahss), 2020–2024",5,5,3e2c31185c7d
JAMBI,08,Kab. Tebo,,2023,*,60.341,,"PDRB Per Kapita Atas Dasar Harga Berlaku di Provinsi Jambi Menurut Kabupaten/Kota (ribu rupiah), 2020–2024","Per Capita GRDP at Current Market Prices by Regency/Municipality, in Jambi Province (thousand rupiahss), 2020–2024",5,5,85f77864fc7a
JAMBI,09,Kab. Bungo,,2023,*,69.807,,"PDRB Per Kapita Atas Dasar Harga Berlaku di Provinsi Jambi Menurut Kabupaten/Kota (ribu rupiah), 2020–2024","Per Capita GRDP at Current Market Prices by Regency/Municipality, in Jambi Province (thousand rupiahss), 2020–2024",5,5,6c8071e7917c
JAMBI,71,Kota Jambi,,2023,*,63.957,,"PDRB Per Kapita Atas Dasar Harga Berlaku di Provinsi Jambi Menurut Kabupaten/Kota (ribu rupiah), 2020–2024","Per Capita GRDP at Current Market Prices by Regency/Municipality, in Jambi Province (thousand rupiahss), 2020–2024",5,5,47f0fcd46ff9
JAMBI,72,Kota Sungai Penuh,,2023,*,94.991,,"PDRB Per Kapita Atas Dasar Harga Berlaku di Provinsi Jambi Menurut Kabupaten/Kota (ribu rupiah), 2020–2024","Per Capita GRDP at Current Market Prices by Regency/Municipality, in Jambi Province (thousand rupiahss), 2020–2024",5,5,f963ed027e65
JAMBI,,Jml Kab./Kota Total of Reg./Mun.,,2023,*,79.301,,"PDRB Per Kapita Atas Dasar Harga Berlaku di Provinsi Jambi Menurut Kabupaten/Kota (ribu rupiah), 2020–2024","Per Capita GRDP at Current Market Prices by Regency/Municipality, in Jambi Province (thousand rupiahss), 2020–2024",5,5,e7df6b1fcc62
JAMBI,,Provinsi/Province,,2023,*,79.850,,"PDRB Per Kapita Atas Dasar Harga Berlaku di Provinsi Jambi Menurut Kabupaten/Kota (ribu rupiah), 2020–2024","Per Capita GRDP at Current Market Prices by Regency/Municipality, in Jambi Province (thousand rupiahss), 2020–2024",5,5,33d058dbeee3
SUMATERA SELATAN,01,Kab. Ogan Komering Ulu,,2023,*,50.034,,"PDRB Per Kapita Atas Dasar Harga Berlaku di Provinsi Sumatera Selatan Menurut Kabupaten/Kota (ribu rupiah), 2020–2024","Per Capita GRDP at Current Market Prices by Regency/Municipality, in Sumatera Selatan Province (thousand rupiahss), 2020–2024",6,6,cf8361d77777
SUMATERA SELATAN,02,Kab. Ogan Komering Ilir,,2023,*,53.880,,"PDRB Per Kapita Atas Dasar Harga Berlaku di Provinsi Sumatera Selatan Menurut Kabupaten/Kota (ribu rupiah), 2020–2024","Per Capita GRDP at Current Market Prices by Regency/Municipality, in Sumatera Selatan Province (thousand rupiahss), 2020–2024",6,6,ffa868d17cb1
SUMATERA SELATAN,03,Kab. Muara Enim,,2023,*,187.001,,"PDRB Per Kapita Atas Dasar Harga Berlaku di Provinsi Sumatera Selatan Menurut Kabupaten/Kota (ribu rupiah), 2020–2024","Per Capita GRDP at Current Market Prices by Regency/Municipality, in Sumatera Selatan Province (thousand rupiahss), 2020–2024",6,6,8a5e197342d6
SUMATERA SELATAN,04,Kab. Lahat,,2023,*,65.825,,"PDRB Per Kapita Atas Dasar Harga Berlaku di Provinsi Sumatera Selatan Menurut Kabupaten/Kota (ribu rupiah), 2020–2024","Per Capita GRDP at Current Market Prices by Regency/Municipality, in Sumatera Selatan Province (thousand rupiahss), 2020–2024",6,6,2b4a5663bcff
SUMATERA SELATAN,05,Kab. Musi Rawas,,2023,*,57.706,,"PDRB Per Kapita Atas Dasar Harga Berlaku di Provinsi Sumatera Selatan Menurut Kabupaten/Kota (ribu rupiah), 2020–2024","Per Capita GRDP at Current Market Prices by Regency/Municipality, in Sumatera Selatan Province (thousand rupiahss), 2020–2024",6,6,518ed6b4a9b3
SUMATERA SELATAN,06,Kab. Musi Banyuasin,,2023,*,132.950,,"PDRB Per Kapita Atas Dasar Harga Berlaku di Provinsi Sumatera Selatan Menurut Kabupaten/Kota (ribu rupiah), 2020–2024","Per Capita GRDP at Current Market Prices by Regency/Municipality, in Sumatera Selatan Province (thousand rupiahss), 2020–2024",6,6,99b96cb26dd4
SUMATERA SELATAN,07,Kab. Banyuasin,,2023,*,43.052,,"PDRB Per Kapita Atas Dasar Harga Berlaku di Provinsi Sumatera Selatan Menurut Kabupaten/Kota (ribu rupiah), 2020–2024","Per Capita GRDP at Current Market Prices by Regency/Municipality, in Sumatera Selatan Province (thousand rupiahss), 2020–2024",6,6,5698dfcff96f
SUMATERA SELATAN,08,Kab. Ogan Komering Ulu Selatan,,2023,*,26.145,,"PDRB Per Kapita Atas Dasar Harga Berlaku di Provinsi Sumatera Selatan Menurut Kabupaten/Kota (ribu rupiah), 2020–2024","Per Capita GRDP at Current Market Prices by Regency/Municipality, in Sumatera Selatan Province (thousand rupiahss), 2020–2024",6,6,096b114b577f
SUMATERA SELATAN,09,Kab. Ogan Komering Ulu Timur,,2023,*,29.138,,"PDRB Per Kapita Atas Dasar Harga Berlaku di Provinsi Sumatera Selatan Menurut Kabupaten/Kota (ribu rupiah), 2020–2024","Per Capita GRDP at Current Market Prices by Regency/Municipality, in Sumatera Selatan Province (thousand rupiahss), 2020–2024",6,6,d097480531e7
SUMATERA SELATAN,10,Kab. Ogan Ilir,,2023,*,33.033,,"PDRB Per Kapita Atas Dasar Harga Berlaku di Provinsi Sumatera Selatan Menurut Kabupaten/Kota (ribu rupiah), 2020–2024","Per Capita GRDP at Current Market Prices by Regency/Municipality, in Sumatera Selatan Province (thousand rupiahss), 2020–2024",6,6,39161a6ddbfb
SUMATERA SELATAN,11,Kab. Empat Lawang,,2023,*,18.364,,"PDRB Per Kapita Atas Dasar Harga Berlaku di Provinsi Sumatera Selatan Menurut Kabupaten/Kota (ribu rupiah), 2020–2024","Per Capita GRDP at Current Market Prices by Regency/Municipality, in Sumatera Selatan Province (thousand rupiahss), 2020–2024",6,6,fa5cee0c0a28
SUMATERA SELATAN,12,Kab. Penukal Abab Lematang Ilir,,2023,*,43.019,,"PDRB Per Kapita Atas Dasar Harga Berlaku di Provinsi Sumatera Selatan Menurut Kabupaten/Kota (ribu rupiah), 2020–2024","Per Capita GRDP at Current Market Prices by Regency/Municipality, in Sumatera Selatan Province (thousand rupiahss), 2020–2024",6,6,7c03fcc35a3f
SUMATERA SELATAN,13,Kab. Musi Rawas Utara,,2023,*,46.270,,"PDRB Per Kapita Atas Dasar Harga Berlaku di Provinsi Sumatera Selatan Menurut Kabupaten/Kota (ribu rupiah), 2020–2024","Per Capita GRDP at Current Market Prices by Regency/Municipality, in Sumatera Selatan Province (thousand rupiahss), 2020–2024",6,6,65dd0f8858c6
SUMATERA SELATAN,71,Kota Palembang,,2023,*,114.025,,"PDRB Per Kapita Atas Dasar Harga Berlaku di Provinsi Sumatera Selatan Menurut Kabupaten/Kota (ribu rupiah), 2020–2024","Per Capita GRDP at Current Market Prices by Regency/Municipality, in Sumatera Selatan Province (thousand rupiahss), 2020–2024",6,6,1c7ee919e1d6
SUMATERA SELATAN,72,Kota Prabumulih,,2023,*,49.006,,"PDRB Per Kapita Atas Dasar Harga Berlaku di Provinsi Sumatera Selatan Menurut Kabupaten/Kota (ribu rupiah), 2020–2024","Per Capita GRDP at Current Market Prices by Regency/Municipality, in Sumatera Selatan Province (thousand rupiahss), 2020–2024",6,6,f44cf2ee422a
SUMATERA SELATAN,73,Kota Pagar Alam,,2023,*,23.612,,"PDRB Per Kapita Atas Dasar Harga Berlaku di Provinsi Sumatera Selatan Menurut Kabupaten/Kota (ribu rupiah), 2020–2024","Per Capita GRDP at Current Market Prices by Regency/Municipality, in Sumatera Selatan Province (thousand rupiahss), 2020–2024",6,6,deb60f377f15
SUMATERA SELATAN,74,Kota Lubuk Linggau,,2023,*,33.887,,"PDRB Per Kapita Atas Dasar Harga Berlaku di Provinsi Sumatera Selatan Menurut Kabupaten/Kota (ribu rupiah), 2020–2024","Per Capita GRDP at Current Market Prices by Regency/Municipality, in Sumatera Selatan Province (thousand rupiahss), 2020–2024",6,6,1826602c2cee
SUMATERA SELATAN,,Jml Kab./Kota Total of Reg./Mun.,,2023,*,73.376,,"PDRB Per Kapita Atas Dasar Harga Berlaku di Provinsi Sumatera Selatan Menurut Kabupaten/Kota (ribu rupiah), 2020–2024","Per Capita GRDP at Current Market Prices by Regency/Municipality, in Sumatera Selatan Province (thousand rupiahss), 2020–2024",6,6,028a49b32366
SUMATERA SELATAN,,Provinsi/Province,,2023,*,71.958,,"PDRB Per Kapita Atas Dasar Harga Berlaku di Provinsi Sumatera Selatan Menurut Kabupaten/Kota (ribu rupiah), 2020–2024","Per Capita GRDP at Current Market Prices by Regency/Municipality, in Sumatera Selatan Province (thousand rupiahss), 2020–2024",6,6,cd4c5843e133
BENGKULU,01,Kab. Bengkulu Selatan,,2023,*,41.998,,"PDRB Per Kapita Atas Dasar Harga Berlaku di Provinsi Bengkulu Menurut Kabupaten/Kota (ribu rupiah), 2020–2024","Per Capita GRDP at Current Market Prices by Regency/Municipality, in Bengkulu Province (thousand rupiahss), 2020–2024",7,7,b3831ebbe5da
BENGKULU,02,Kab. Rejang Lebong,,2023,*,41.648,,"PDRB Per Kapita Atas Dasar Harga Berlaku di Provinsi Bengkulu Menurut Kabupaten/Kota (ribu rupiah), 2020–2024","Per Capita GRDP at Current Market Prices by Regency/Municipality, in Bengkulu Province (thousand rupiahss), 2020–2024",7,7,19ee54a18d0f
BENGKULU,03,Kab. Bengkulu Utara,,2023,*,40.731,,"PDRB Per Kapita Atas Dasar Harga Berlaku di Provinsi Bengkulu Menurut Kabupaten/Kota (ribu rupiah), 2020–2024","Per Capita GRDP at Current Market Prices by Regency/Municipality, in Bengkulu Province (thousand rupiahss), 2020–2024",7,7,64bd21c982e1
BENGKULU,04,Kab. Kaur,,2023,*,34.699,,"PDRB Per Kapita Atas Dasar Harga Berlaku di Provinsi Bengkulu Menurut Kabupaten/Kota (ribu rupiah), 2020–2024","Per Capita GRDP at Current Market Prices by Regency/Municipality, in Bengkulu Province (thousand rupiahss), 2020–2024",7,7,a24cb1ce965c
BENGKULU,05,Kab. Seluma,,2023,*,26.824,,"PDRB Per Kapita Atas Dasar Harga Berlaku di Provinsi Bengkulu Menurut Kabupaten/Kota (ribu rupiah), 2020–2024","Per Capita GRDP at Current Market Prices by Regency/Municipality, in Bengkulu Province (thousand rupiahss), 2020–2024",7,7,aee5a25ce8ce
BENGKULU,06,Kab. Mukomuko,,2023,*,34.204,,"PDRB Per Kapita Atas Dasar Harga Berlaku di Provinsi Bengkulu Menurut Kabupaten/Kota (ribu rupiah), 2020–2024","Per Capita GRDP at Current Market Prices by Regency/Municipality, in Bengkulu Province (thousand rupiahss), 2020–2024",7,7,80b465945f97
BENGKULU,07,Kab. Lebong,,2023,*,37.691,,"PDRB Per Kapita Atas Dasar Harga Berlaku di Provinsi Bengkulu Menurut Kabupaten/Kota (ribu rupiah), 2020–2024","Per Capita GRDP at Current Market Prices by Regency/Municipality, in Bengkulu Province (thousand rupiahss), 2020–2024",7,7,3424e083ed42
BENGKULU,08,Kab. Kepahiang,,2023,*,36.311,,"PDRB Per Kapita Atas Dasar Harga Berlaku di Provinsi Bengkulu Menurut Kabupaten/Kota (ribu rupiah), 2020–2024","Per Capita GRDP at Current Market Prices by Regency/Municipality, in Bengkulu Province (thousand rupiahss), 2020–2024",7,7,b57711d51168
BENGKULU,09,Kab. Bengkulu Tengah,,2023,*,55.021,,"PDRB Per Kapita Atas Dasar Harga Berlaku di Provinsi Bengkulu Menurut Kabupaten/Kota (ribu rupiah), 2020–2024","Per Capita GRDP at Current Market Prices by Regency/Municipality, in Bengkulu Province (thousand rupiahss), 2020–2024",7,7,94874a6104d3
BENGKULU,71,Kota Bengkulu,,2023,*,78.778,,"PDRB Per Kapita Atas Dasar Harga Berlaku di Provinsi Bengkulu Menurut Kabupaten/Kota (ribu rupiah), 2020–2024","Per Capita GRDP at Current Market Prices by Regency/Municipality, in Bengkulu Province (thousand rupiahss), 2020–2024",7,7,ef77ce359fd1
BENGKULU,,Jml Kab./Kota Total of Reg./Mun.,,2023,*,46.001,,"PDRB Per Kapita Atas Dasar Harga Berlaku di Provinsi Bengkulu Menurut Kabupaten/Kota (ribu rupiah), 2020–2024","Per Capita GRDP at Current Market Prices by Regency/Municipality, in Bengkulu Province (thousand rupiahss), 2020–2024",7,7,d227d5da6a11
BENGKULU,,Provinsi/Province,,2023,*,46.300,,"PDRB Per Kapita Atas Dasar Harga Berlaku di Provinsi Bengkulu Menurut Kabupaten/Kota (ribu rupiah), 2020–2024","Per Capita GRDP at Current Market Prices by Regency/Municipality, in Bengkulu Province (thousand rupiahss), 2020–2024",7,7,f0aaec56f8b8
LAMPUNG,01,Kab. Lampung Barat,,2023,*,28.855,,"PDRB Per Kapita Atas Dasar Harga Berlaku di Provinsi Lampung Menurut Kabupaten/Kota (ribu rupiah), 2020–2024","Per Capita GRDP at Current Market Prices by Regency/Municipality, in Lampung Province (thousand rupiahss), 2020–2024",8,8,f09ca7ec5de5
LAMPUNG,02,Kab. Tanggamus,,2023,*,29.595,,"PDRB Per Kapita Atas Dasar Harga Berlaku di Provinsi Lampung Menurut Kabupaten/Kota (ribu rupiah), 2020–2024","Per Capita GRDP at Current Market Prices by Regency/Municipality, in Lampung Province (thousand rupiahss), 2020–2024",8,8,c392d9225de6
LAMPUNG,03,Kab. Lampung Selatan,,2023,*,50.674,,"PDRB Per Kapita Atas Dasar Harga Berlaku di Provinsi Lampung Menurut Kabupaten/Kota (ribu rupiah), 2020–2024","Per Capita GRDP at Current Market Prices by Regency/Municipality, in Lampung Province (thousand rupiahss), 2020–2024",8,8,40e5439887ff
LAMPUNG,04,Kab. Lampung Timur,,2023,*,46.273,,"PDRB Per Kapita Atas Dasar Harga Berlaku di Provinsi Lampung Menurut Kabupaten/Kota (ribu rupiah), 2020–2024","Per Capita GRDP at Current Market Prices by Regency/Municipality, in Lampung Province (thousand rupiahss), 2020–2024",8,8,6cbc685078c2
LAMPUNG,05,Kab. Lampung Tengah,,2023,*,59.708,,"PDRB Per Kapita Atas Dasar Harga Berlaku di Provinsi Lampung Menurut Kabupaten/Kota (ribu rupiah), 2020–2024","Per Capita GRDP at Current Market Prices by Regency/Municipality, in Lampung Province (thousand rupiahss), 2020–2024",8,8,9f394ba79295
LAMPUNG,06,Kab. Lampung Utara,,2023,*,44.752,,"PDRB Per Kapita Atas Dasar Harga Berlaku di Provinsi Lampung Menurut Kabupaten/Kota (ribu rupiah), 2020–2024","Per Capita GRDP at Current Market Prices by Regency/Municipality, in Lampung Province (thousand rupiahss), 2020–2024",8,8,880a6c271f12
LAMPUNG,07,Kab. Way Kanan,,2023,*,35.886,,"PDRB Per Kapita Atas Dasar Harga Berlaku di Provinsi Lampung Menurut Kabupaten/Kota (ribu rupiah), 2020–2024","Per Capita GRDP at Current Market Prices by Regency/Municipality, in Lampung Province (thousand rupiahss), 2020–2024",8,8,045e30c9973d
LAMPUNG,08,Kab. Tulang Bawang,,2023,*,63.391,,"PDRB Per Kapita Atas Dasar Harga Berlaku di Provinsi Lampung Menurut Kabupaten/Kota (ribu rupiah), 2020–2024","Per Capita GRDP at Current Market Prices by Regency/Municipality, in Lampung Province (thousand rupiahss), 2020–2024",8,8,5ba57531eb40
LAMPUNG,09,Kab. Pesawaran,,2023,*,40.903,,"PDRB Per Kapita Atas Dasar Harga Berlaku di Provinsi Lampung Menurut Kabupaten/Kota (ribu rupiah), 2020–2024","Per Capita GRDP at Current Market Prices by Regency/Municipality, in Lampung Province (thousand rupiahss), 2020–2024",8,8,5477514e6a5e
LAMPUNG,10,Kab. Pringsewu,,2023,*,33.389,,"PDRB Per Kapita Atas Dasar Harga Berlaku di Provinsi Lampung Menurut Kabupaten/Kota (ribu rupiah), 2020–2024","Per Capita GRDP at Current Market Prices by Regency/Municipality, in Lampung Province (thousand rupiahss), 2020–2024",8,8,92e32222b207
LAMPUNG,11,Kab. Mesuji,,2023,*,54.421,,"PDRB Per Kapita Atas Dasar Harga Berlaku di Provinsi Lampung Menurut Kabupaten/Kota (ribu rupiah), 2020–2024","Per Capita GRDP at Current Market Prices by Regency/Municipality, in Lampung Province (thousand rupiahss), 2020–2024",8,8,dd30ff795835
LAMPUNG,12,Kab. Tulang Bawang Barat,,2023,*,48.702,,"PDRB Per Kapita Atas Dasar Harga Berlaku di Provinsi Lampung Menurut Kabupaten/Kota (ribu rupiah), 2020–2024","Per Capita GRDP at Current Market Prices by Regency/Municipality, in Lampung Province (thousand rupiahss), 2020–2024",8,8,ad4615249947
LAMPUNG,13,Kab. Pesisir Barat,,2023,*,33.782,,"PDRB Per Kapita Atas Dasar Harga Berlaku di Provinsi Lampung Menurut Kabupaten/Kota (ribu rupiah), 2020–2024","Per Capita GRDP at Current Market Prices by Regency/Municipality, in Lampung Province (thousand rupiahss), 2020–2024",8,8,19579fe3aebd
LAMPUNG,71,Kota Bandar Lampung,,2023,*,61.968,,"PDRB Per Kapita Atas Dasar Harga Berlaku di Provinsi Lampung Menurut Kabupaten/Kota (ribu rupiah), 2020–2024","Per Capita GRDP at Current Market Prices by Regency/Municipality, in Lampung Province (thousand rupiahss), 2020–2024",8,8,e3416144360e
LAMPUNG,72,Kota Metro,,2023,*,45.237,,"PDRB Per Kapita Atas Dasar Harga Berlaku di Provinsi Lampung Menurut Kabupaten/Kota (ribu rupiah), 2020–2024","Per Capita GRDP at Current Market Prices by Regency/Municipality, in Lampung Province (thousand rupiahss), 2020–2024",8,8,1b5074175cc9
LAMPUNG,,Jml Kab./Kota Total of Reg./Mun.,,2023,*,48.562,,"PDRB Per Kapita Atas Dasar Harga Berlaku di Provinsi Lampung Menurut Kabupaten/Kota (ribu rupiah), 2020–2024","Per Capita GRDP at Current Market Prices by Regency/Municipality, in Lampung Province (thousand rupiahss), 2020–2024",8,8,93d525d1e6e2
LAMPUNG,,Provinsi/Province,,2023,*,48.191,,"PDRB Per Kapita Atas Dasar Harga Berlaku di Provinsi Lampung Menurut Kabupaten/Kota (ribu rupiah), 2020–2024","Per Capita GRDP at Current Market Prices by Regency/Municipality, in Lampung Province (thousand rupiahss), 2020–2024",8,8,de6680505282
KEPULAUAN BANGKA BELITUNG,01,Kab. Bangka,,2023,*,57.051,,"PDRB Per Kapita Atas Dasar Harga Berlaku di Provinsi Kepulauan Bangka Belitung Menurut Kabupaten/Kota (ribu rupiah), 2020–2024","Per Capita GRDP at Current Market Prices by Regency/Municipality, in Kepulauan Bangka Belitung Province (thousand rupiahss), 2020–2024",9,9,800d2955685a
KEPULAUAN BANGKA BELITUNG,02,Kab. Belitung,,2023,*,71.365,,"PDRB Per Kapita Atas Dasar Harga Berlaku di Provinsi Kepulauan Bangka Belitung Menurut Kabupaten/Kota (ribu rupiah), 2020–2024","Per Capita GRDP at Current Market Prices by Regency/Municipality, in Kepulauan Bangka Belitung Province (thousand rupiahss), 2020–2024",9,9,9f85abf110d1
KEPULAUAN BANGKA BELITUNG,03,Kab. Bangka Barat,,2023,*,82.980,,"PDRB Per Kapita Atas Dasar Harga Berlaku di Provinsi Kepulauan Bangka Belitung Menurut Kabupaten/Kota (ribu rupiah), 2020–2024","Per Capita GRDP at Current Market Prices by Regency/Municipality, in Kepulauan Bangka Belitung Province (thousand rupiahss), 2020–2024",9,9,f79413a2c464
KEPULAUAN BANGKA BELITUNG,04,Kab. Bangka Tengah,,2023,*,54.967,,"PDRB Per Kapita Atas Dasar Harga Berlaku di Provinsi Kepulauan Bangka Belitung Menurut Kabupaten/Kota (ribu rupiah), 2020–2024","Per Capita GRDP at Current Market Prices by Regency/Municipality, in Kepulauan Bangka Belitung Province (thousand rupiahss), 2020–2024",9,9,decaaa877125
KEPULAUAN BANGKA BELITUNG,05,Kab. Bangka Selatan,,2023,*,55.114,,"PDRB Per Kapita Atas Dasar Harga Berlaku di Provinsi Kepulauan Bangka Belitung Menurut Kabupaten/Kota (ribu rupiah), 2020–2024","Per Capita GRDP at Current Market Prices by Regency/Municipality, in Kepulauan Bangka Belitung Province (thousand rupiahss), 2020–2024",9,9,3faa9eab9a61
KEPULAUAN BANGKA BELITUNG,06,Kab. Belitung Timur,,2023,*,80.322,,"PDRB Per Kapita Atas Dasar Harga Berlaku di Provinsi Kepulauan Bangka Belitung Menurut Kabupaten/Kota (ribu rupiah), 2020–2024","Per Capita GRDP at Current Market Prices by Regency/Municipality, in Kepulauan Bangka Belitung Province (thousand rupiahss), 2020–2024",9,9,3e56d43fc6e8
KEPULAUAN BANGKA BELITUNG,71,Kota Pangkal Pinang,,2023,*,82.748,,"PDRB Per Kapita Atas Dasar Harga Berlaku di Provinsi Kepulauan Bangka Belitung Menurut Kabupaten/Kota (ribu rupiah), 2020–2024","Per Capita GRDP at Current Market Prices by Regency/Municipality, in Kepulauan Bangka Belitung Province (thousand rupiahss), 2020–2024",9,9,ca652a68f777
KEPULAUAN BANGKA BELITUNG,,Jml Kab./Kota Total of Reg./Mun.,,2023,*,67.828,,"PDRB Per Kapita Atas Dasar Harga Berlaku di Provinsi Kepulauan Bangka Belitung Menurut Kabupaten/Kota (ribu rupiah), 2020–2024","Per Capita GRDP at Current Market Prices by Regency/Municipality, in Kepulauan Bangka Belitung Province (thousand rupiahss), 2020–2024",9,9,510d89b7c17f
KEPULAUAN BANGKA BELITUNG,,Provinsi/Province,,2023,*,67.813,,"PDRB Per Kapita Atas Dasar Harga Berlaku di Provinsi Kepulauan Bangka Belitung Menurut Kabupaten/Kota (ribu rupiah), 2020–2024","Per Capita GRDP at Current Market Prices by Regency/Municipality, in Kepulauan Bangka Belitung Province (thousand rupiahss), 2020–2024",9,9,a16cb517b737
KEPULAUAN RIAU,01,Kab. Karimun,,2023,*,65.299,,"PDRB Per Kapita Atas Dasar Harga Berlaku di Provinsi Kepulauan Riau Menurut Kabupaten/Kota (ribu rupiah), 2020–2024","Per Capita GRDP at Current Market Prices by Regency/Municipality, in Kepulauan Riau Province (thousand rupiahss), 2020–2024",10,10,384d3af91545
KEPULAUAN RIAU,02,Kab. Bintan,,2023,*,165.561,,"PDRB Per Kapita Atas Dasar Harga Berlaku di Provinsi Kepulauan Riau Menurut Kabupaten/Kota (ribu rupiah), 2020–2024","Per Capita GRDP at Current Market Prices by Regency/Municipality, in Kepulauan Riau Province (thousand rupiahss), 2020–2024",10,10,e66483f39f5b
KEPULAUAN RIAU,03,Kab. Natuna,,2023,*,278.008,,"PDRB Per Kapita Atas Dasar Harga Berlaku di Provinsi Kepulauan Riau Menurut Kabupaten/Kota (ribu rupiah), 2020–2024","Per Capita GRDP at Current Market Prices by Regency/Municipality, in Kepulauan Riau Province (thousand rupiahss), 2020–2024",10,10,521b5f0a4dfc
KEPULAUAN RIAU,04,Kab. Lingga,,2023,*,51.964,,"PDRB Per Kapita Atas Dasar Harga Berlaku di Provinsi Kepulauan Riau Menurut Kabupaten/Kota (ribu rupiah), 2020–2024","Per Capita GRDP at Current Market Prices by Regency/Municipality, in Kepulauan Riau Province (thousand rupiahss), 2020–2024",10,10,732c91d74303
KEPULAUAN RIAU,05,Kab. Kep. Anambas,,2023,*,391.952,,"PDRB Per Kapita Atas Dasar Harga Berlaku di Provinsi Kepulauan Riau Menurut Kabupaten/Kota (ribu rupiah), 2020–2024","Per Capita GRDP at Current Market Prices by Regency/Municipality, in Kepulauan Riau Province (thousand rupiahss), 2020–2024",10,10,085799f55907
KEPULAUAN RIAU,71,Kota Batam,,2023,*,171.968,,"PDRB Per Kapita Atas Dasar Harga Berlaku di Provinsi Kepulauan Riau Menurut Kabupaten/Kota (ribu rupiah), 2020–2024","Per Capita GRDP at Current Market Prices by Regency/Municipality, in Kepulauan Riau Province (thousand rupiahss), 2020–2024",10,10,cf4ae5db1a78
KEPULAUAN RIAU,72,Kota Tanjung Pinang,,2023,*,100.210,,"PDRB Per Kapita Atas Dasar Harga Berlaku di Provinsi Kepulauan Riau Menurut Kabupaten/Kota (ribu rupiah), 2020–2024","Per Capita GRDP at Current Market Prices by Regency/Municipality, in Kepulauan Riau Province (thousand rupiahss), 2020–2024",10,10,4f15ec01fa2e
KEPULAUAN RIAU,,Jml Kab./Kota Total of Reg./Mun.,,2023,*,154.283,,"PDRB Per Kapita Atas Dasar Harga Berlaku di Provinsi Kepulauan Riau Menurut Kabupaten/Kota (ribu rupiah), 2020–2024","Per Capita GRDP at Current Market Prices by Regency/Municipality, in Kepulauan Riau Province (thousand rupiahss), 2020–2024",10,10,1c8a856e6053
KEPULAUAN RIAU,,Provinsi/Province,,2023,*,154.065,,"PDRB Per Kapita Atas Dasar Harga Berlaku di Provinsi Kepulauan Riau Menurut Kabupaten/Kota (ribu rupiah), 2020–2024","Per Capita GRDP at Current Market Prices by Regency/Municipality, in Kepulauan Riau Province (thousand rupiahss), 2020–2024",10,10,044baaa74db4
ACEH,01,Kab. Simeulue,,2024,**,31.944,,"PDRB Per Kapita Atas Dasar Harga Berlaku di Provinsi Aceh Menurut Kabupaten/Kota (miliar rupiah), 2020–2024","Per Capita GRDP at Current Market Prices by Regency/Municipality, in Aceh Province (thousand rupiahss), 2020–2024",1,1,f6485fbac69a
ACEH,02,Kab. Aceh Singkil,,2024,**,25.361,,"PDRB Per Kapita Atas Dasar Harga Berlaku di Provinsi Aceh Menurut Kabupaten/Kota (miliar rupiah), 2020–2024","Per Capita GRDP at Current Market Prices by Regency/Municipality, in Aceh Province (thousand rupiahss), 2020–2024",1,1,f1f003e165af
ACEH,03,Kab. Aceh Selatan,,2024,**,30.853,,"PDRB Per Kapita Atas Dasar Harga Berlaku di Provinsi Aceh Menurut Kabupaten/Kota (miliar rupiah), 2020–2024","Per Capita GRDP at Current Market Prices by Regency/Municipality, in Aceh Province (thousand rupiahss), 2020–2024",1,1,52663175f30f
ACEH,04,Kab. Aceh Tenggara,,2024,**,28.742,,"PDRB Per Kapita Atas Dasar Harga Berlaku di Provinsi Aceh Menurut Kabupaten/Kota (miliar rupiah), 2020–2024","Per Capita GRDP at Current Market Prices by Regency/Municipality, in Aceh Province (thousand rupiahss), 2020–2024",1,1,c4907d5d8ce1
ACEH,05,Kab. Aceh Timur,,2024,**,33.666,,"PDRB Per Kapita Atas Dasar Harga Berlaku di Provinsi Aceh Menurut Kabupaten/Kota (miliar rupiah), 2020–2024","Per Capita GRDP at Current Market Prices by Regency/Municipality, in Aceh Province (thousand rupiahss), 2020–2024",1,1,5591ad7fcce5
ACEH,06,Kab. Aceh Tengah,,2024,**,47.284,,"PDRB Per Kapita Atas Dasar Harga Berlaku di Provinsi Aceh Menurut Kabupaten/Kota (miliar rupiah), 2020–2024","Per Capita GRDP at Current Market Prices by Regency/Municipality, in Aceh Province (thousand rupiahss), 2020–2024",1,1,15faf9a50b5d
ACEH,07,Kab. Aceh Barat,,2024,**,67.948,,"PDRB Per Kapita Atas Dasar Harga Berlaku di Provinsi Aceh Menurut Kabupaten/Kota (miliar rupiah), 2020–2024","Per Capita GRDP at Current Market Prices by Regency/Municipality, in Aceh Province (thousand rupiahss), 2020–2024",1,1,1caba20a7b8c
ACEH,08,Kab. Aceh Besar,,2024,**,42.993,,"PDRB Per Kapita Atas Dasar Harga Berlaku di Provinsi Aceh Menurut Kabupaten/Kota (miliar rupiah), 2020–2024","Per Capita GRDP at Current Market Prices by Regency/Municipality, in Aceh Province (thousand rupiahss), 2020–2024",1,1,e754653c8c75
ACEH,09,Kab. Pidie,,2024,**,32.150,,"PDRB Per Kapita Atas Dasar Harga Berlaku di Provinsi Aceh Menurut Kabupaten/Kota (miliar rupiah), 2020–2024","Per Capita GRDP at Current Market Prices by Regency/Municipality, in Aceh Province (thousand rupiahss), 2020–2024",1,1,e481fedb5cee
ACEH,10,Kab. Bireun,,2024,**,40.039,,"PDRB Per Kapita Atas Dasar Harga Berlaku di Provinsi Aceh Menurut Kabupaten/Kota (miliar rupiah), 2020–2024","Per Capita GRDP at Current Market Prices by Regency/Municipality, in Aceh Province (thousand rupiahss), 2020–2024",1,1,d1d6c6d45d40
ACEH,11,Kab. Aceh Utara,,2024,**,47.602,,"PDRB Per Kapita Atas Dasar Harga Berlaku di Provinsi Aceh Menurut Kabupaten/Kota (miliar rupiah), 2020–2024","Per Capita GRDP at Current Market Prices by Regency/Municipality, in Aceh Province (thousand rupiahss), 2020–2024",1,1,b4c682963549
ACEH,12,Kab. Aceh Barat Daya,,2024,**,33.721,,"PDRB Per Kapita Atas Dasar Harga Berlaku di Provinsi Aceh Menurut Kabupaten/Kota (miliar rupiah), 2020–2024","Per Capita GRDP at Current Market Prices by Regency/Municipality, in Aceh Province (thousand rupiahss), 2020–2024",1,1,4fa0bd5866c6
ACEH,13,Kab. Gayo Lues,,2024,**,33.552,,"PDRB Per Kapita Atas Dasar Harga Berlaku di Provinsi Aceh Menurut Kabupaten/Kota (miliar rupiah), 2020–2024","Per Capita GRDP at Current Market Prices by Regency/Municipality, in Aceh Province (thousand rupiahss), 2020–2024",1,1,75e77a0475b0
ACEH,14,Kab. Aceh Tamiang,,2024,**,37.349,,"PDRB Per Kapita Atas Dasar Harga Berlaku di Provinsi Aceh Menurut Kabupaten/Kota (miliar rupiah), 2020–2024","Per Capita GRDP at Current Market Prices by Regency/Municipality, in Aceh Province (thousand rupiahss), 2020–2024",1,1,b89babcffe94
ACEH,15,Kab. Nagan Raya,,2024,**,70.463,,"PDRB Per Kapita Atas Dasar Harga Berlaku di Provinsi Aceh Menurut Kabupaten/Kota (miliar rupiah), 2020–2024","Per Capita GRDP at Current Market Prices by Regency/Municipality, in Aceh Province (thousand rupiahss), 2020–2024",1,1,36af806d15ea
ACEH,16,Kab. Aceh Jaya,,2024,**,36.357,,"PDRB Per Kapita Atas Dasar Harga Berlaku di Provinsi Aceh Menurut Kabupaten/Kota (miliar rupiah), 2020–2024","Per Capita GRDP at Current Market Prices by Regency/Municipality, in Aceh Province (thousand rupiahss), 2020–2024",1,1,8a8fadcd7e21
ACEH,17,Kab. Bener Meriah,,2024,**,37.903,,"PDRB Per Kapita Atas Dasar Harga Berlaku di Provinsi Aceh Menurut Kabupaten/Kota (miliar rupiah), 2020–2024","Per Capita GRDP at Current Market Prices by Regency/Municipality, in Aceh Province (thousand rupiahss), 2020–2024",1,1,7ac9c598594f
ACEH,18,Kab. Pidie Jaya,,2024,**,28.383,,"PDRB Per Kapita Atas Dasar Harga Berlaku di Provinsi Aceh Menurut Kabupaten/Kota (miliar rupiah), 2020–2024","Per Capita GRDP at Current Market Prices by Regency/Municipality, in Aceh Province (thousand rupiahss), 2020–2024",1,1,4ad070d04721
ACEH,71,Kota Banda Aceh,,2024,**,98.201,,"PDRB Per Kapita Atas Dasar Harga Berlaku di Provinsi Aceh Menurut Kabupaten/Kota (miliar rupiah), 2020–2024","Per Capita GRDP at Current Market Prices by Regency/Municipality, in Aceh Province (thousand rupiahss), 2020–2024",1,1,4adaa07b57f7
ACEH,72,Kota Sabang,,2024,**,42.813,,"PDRB Per Kapita Atas Dasar Harga Berlaku di Provinsi Aceh Menurut Kabupaten/Kota (miliar rupiah), 2020–2024","Per Capita GRDP at Current Market Prices by Regency/Municipality, in Aceh Province (thousand rupiahss), 2020–2024",1,1,987969e2abed
ACEH,73,Kota Langsa,,2024,**,37.006,,"PDRB Per Kapita Atas Dasar Harga Berlaku di Provinsi Aceh Menurut Kabupaten/Kota (miliar rupiah), 2020–2024","Per Capita GRDP at Current Market Prices by Regency/Municipality, in Aceh Province (thousand rupiahss), 2020–2024",1,1,5115b9920a74
ACEH,74,Kota Lhokseumawe,,2024,**,59.122,,"PDRB Per Kapita Atas Dasar Harga Berlaku di Provinsi Aceh Menurut Kabupaten/Kota (miliar rupiah), 2020–2024","Per Capita GRDP at Current Market Prices by Regency/Municipality, in Aceh Province (thousand rupiahss), 2020–2024",1,1,fa991fce4b1c
ACEH,75,Kota Subulussalam,,2024,**,27.880,,"PDRB Per Kapita Atas Dasar Harga Berlaku di Provinsi Aceh Menurut Kabupaten/Kota (miliar rupiah), 2020–2024","Per Capita GRDP at Current Market Prices by Regency/Municipality, in Aceh Province (thousand rupiahss), 2020–2024",1,1,9e0c8bd4a854
ACEH,,Jml Kab./Kota Total of Reg./Mun.,,2024,**,43.121,,"PDRB Per Kapita Atas Dasar Harga Berlaku di Provinsi Aceh Menurut Kabupaten/Kota (miliar rupiah), 2020–2024","Per Capita GRDP at Current Market Prices by Regency/Municipality, in Aceh Province (thousand rupiahss), 2020–2024",1,1,9191e2bbac81
ACEH,,Provinsi/Province,,2024,**,43.782,,"PDRB Per Kapita Atas Dasar Harga Berlaku di Provinsi Aceh Menurut Kabupaten/Kota (miliar rupiah), 2020–2024","Per Capita GRDP at Current Market Prices by Regency/Municipality, in Aceh Province (thousand rupiahss), 2020–2024",1,1,3eab1642f183
SUMATERA UTARA,01,Kab. Nias,,2024,**,34.085,,"PDRB Per Kapita Atas Dasar Harga Berlaku di Provinsi Sumatera Utara Menurut Kabupaten/Kota (ribu rupiah), 2020–2024","Per Capita GRDP at Current Market Prices by Regency/Municipality, in Sumatera Utara Province (thousand rupiahss), 2020–2024",2,2,b4839b85cdf4
SUMATERA UTARA,02,Kab. Mandailing Natal,,2024,**,40.129,,"PDRB Per Kapita Atas Dasar Harga Berlaku di Provinsi Sumatera Utara Menurut Kabupaten/Kota (ribu rupiah), 2020–2024","Per Capita GRDP at Current Market Prices by Regency/Municipality, in Sumatera Utara Province (thousand rupiahss), 2020–2024",2,2,bf3e3acd9634
SUMATERA UTARA,03,Kab. Tapanuli Selatan,,2024,**,67.227,,"PDRB Per Kapita Atas Dasar Harga Berlaku di Provinsi Sumatera Utara Menurut Kabupaten/Kota (ribu rupiah), 2020–2024","Per Capita GRDP at Current Market Prices by Regency/Municipality, in Sumatera Utara Province (thousand rupiahss), 2020–2024",2,2,50be9dddf1bf
SUMATERA UTARA,04,Kab. Tapanuli Tengah,,2024,**,34.619,,"PDRB Per Kapita Atas Dasar Harga Berlaku di Provinsi Sumatera Utara Menurut Kabupaten/Kota (ribu rupiah), 2020–2024","Per Capita GRDP at Current Market Prices by Regency/Municipality, in Sumatera Utara Province (thousand rupiahss), 2020–2024",2,2,6fe607067530
SUMATERA UTARA,05,Kab. Tapanuli Utara,,2024,**,34.494,,"PDRB Per Kapita Atas Dasar Harga Berlaku di Provinsi Sumatera Utara Menurut Kabupaten/Kota (ribu rupiah), 2020–2024","Per Capita GRDP at Current Market Prices by Regency/Municipality, in Sumatera Utara Province (thousand rupiahss), 2020–2024",2,2,af6d1df773e9
SUMATERA UTARA,06,Kab. Toba Samosir,,2024,**,47.455,,"PDRB Per Kapita Atas Dasar Harga Berlaku di Provinsi Sumatera Utara Menurut Kabupaten/Kota (ribu rupiah), 2020–2024","Per Capita GRDP at Current Market Prices by Regency/Municipality, in Sumatera Utara Province (thousand rupiahss), 2020–2024",2,2,971d013d0ba3
SUMATERA UTARA,07,Kab. Labuhan Batu,,2024,**,97.593,,"PDRB Per Kapita Atas Dasar Harga Berlaku di Provinsi Sumatera Utara Menurut Kabupaten/Kota (ribu rupiah), 2020–2024","Per Capita GRDP at Current Market Prices by Regency/Municipality, in Sumatera Utara Province (thousand rupiahss), 2020–2024",2,2,5c88a97966b1
SUMATERA UTARA,08,Kab. Asahan,,2024,**,70.611,,"PDRB Per Kapita Atas Dasar Harga Berlaku di Provinsi Sumatera Utara Menurut Kabupaten/Kota (ribu rupiah), 2020–2024","Per Capita GRDP at Current Market Prices by Regency/Municipality, in Sumatera Utara Province (thousand rupiahss), 2020–2024",2,2,9c8ee638a299
SUMATERA UTARA,09,Kab. Simalungun,,2024,**,56.003,,"PDRB Per Kapita Atas Dasar Harga Berlaku di Provinsi Sumatera Utara Menurut Kabupaten/Kota (ribu rupiah), 2020–2024","Per Capita GRDP at Current Market Prices by Regency/Municipality, in Sumatera Utara Province (thousand rupiahss), 2020–2024",2,2,db477b8d947b
SUMATERA UTARA,10,Kab. Dairi,,2024,**,38.398,,"PDRB Per Kapita Atas Dasar Harga Berlaku di Provinsi Sumatera Utara Menurut Kabupaten/Kota (ribu rupiah), 2020–2024","Per Capita GRDP at Current Market Prices by Regency/Municipality, in Sumatera Utara Province (thousand rupiahss), 2020–2024",2,2,78ad23e98cac
SUMATERA UTARA,11,Kab. Karo,,2024,**,67.690,,"PDRB Per Kapita Atas Dasar Harga Berlaku di Provinsi Sumatera Utara Menurut Kabupaten/Kota (ribu rupiah), 2020–2024","Per Capita GRDP at Current Market Prices by Regency/Municipality, in Sumatera Utara Province (thousand rupiahss), 2020–2024",2,2,4a6b69a83423
SUMATERA UTARA,12,Kab. Deli Serdang,,2024,**,73.934,,"PDRB Per Kapita Atas Dasar Harga Berlaku di Provinsi Sumatera Utara Menurut Kabupaten/Kota (ribu rupiah), 2020–2024","Per Capita GRDP at Current Market Prices by Regency/Municipality, in Sumatera Utara Province (thousand rupiahss), 2020–2024",2,2,0d7267af06f1
SUMATERA UTARA,13,Kab. Langkat,,2024,**,57.859,,"PDRB Per Kapita Atas Dasar Harga Berlaku di Provinsi Sumatera Utara Menurut Kabupaten/Kota (ribu rupiah), 2020–2024","Per Capita GRDP at Current Market Prices by Regency/Municipality, in Sumatera Utara Province (thousand rupiahss), 2020–2024",2,2,769224cb994c
SUMATERA UTARA,14,Kab. Nias Selatan,,2024,**,23.409,,"PDRB Per Kapita Atas Dasar Harga Berlaku di Provinsi Sumatera Utara Menurut Kabupaten/Kota (ribu rupiah), 2020–2024","Per Capita GRDP at Current Market Prices by Regency/Municipality, in Sumatera Utara Province (thousand rupiahss), 2020–2024",2,2,11ea4663a40a
SUMATERA UTARA,15,Kab. Humbang Hasundutan,,2024,**,39.949,,"PDRB Per Kapita Atas Dasar Harga Berlaku di Provinsi Sumatera Utara Menurut Kabupaten/Kota (ribu rupiah), 2020–2024","Per Capita GRDP at Current Market Prices by Regency/Municipality, in Sumatera Utara Province (thousand rupiahss), 2020–2024",2,2,1bbc8c990f57
SUMATERA UTARA,16,Kab. Pakpak Bharat,,2024,**,30.576,,"PDRB Per Kapita Atas Dasar Harga Berlaku di Provinsi Sumatera Utara Menurut Kabupaten/Kota (ribu rupiah), 2020–2024","Per Capita GRDP at Current Market Prices by Regency/Municipality, in Sumatera Utara Province (thousand rupiahss), 2020–2024",2,2,7c84ec446a70
SUMATERA UTARA,17,Kab. Samosir,,2024,**,42.639,,"PDRB Per Kapita Atas Dasar Harga Berlaku di Provinsi Sumatera Utara Menurut Kabupaten/Kota (ribu rupiah), 2020–2024","Per Capita GRDP at Current Market Prices by Regency/Municipality, in Sumatera Utara Province (thousand rupiahss), 2020–2024",2,2,433032aff4d9
SUMATERA UTARA,18,Kab. Serdang Bedagai,,2024,**,60.743,,"PDRB Per Kapita Atas Dasar Harga Berlaku di Provinsi Sumatera Utara Menurut Kabupaten/Kota (ribu rupiah), 2020–2024","Per Capita GRDP at Current Market Prices by Regency/Municipality, in Sumatera Utara Province (thousand rupiahss), 2020–2024",2,2,ca01d12bec5f
SUMATERA UTARA,19,Kab. Batu Bara,,2024,**,108.189,,"PDRB Per Kapita Atas Dasar Harga Berlaku di Provinsi Sumatera Utara Menurut Kabupaten/Kota (ribu rupiah), 2020–2024","Per Capita GRDP at Current Market Prices by Regency/Municipality, in Sumatera Utara Province (thousand rupiahss), 2020–2024",2,2,4204cf56d2ac
SUMATERA UTARA,20,Kab. Padang Lawas Utara,,2024,**,63.548,,"PDRB Per Kapita Atas Dasar Harga Berlaku di Provinsi Sumatera Utara Menurut Kabupaten/Kota (ribu rupiah), 2020–2024","Per Capita GRDP at Current Market Prices by Regency/Municipality, in Sumatera Utara Province (thousand rupiahss), 2020–2024",2,2,b82939e89371
SUMATERA UTARA,21,Kab. Padang Lawas,,2024,**,65.288,,"PDRB Per Kapita Atas Dasar Harga Berlaku di Provinsi Sumatera Utara Menurut Kabupaten/Kota (ribu rupiah), 2020–2024","Per Capita GRDP at Current Market Prices by Regency/Municipality, in Sumatera Utara Province (thousand rupiahss), 2020–2024",2,2,d9cbd6370007
SUMATERA UTARA,22,Kab. Labuhan Batu Selatan,,2024,**,124.517,,"PDRB Per Kapita Atas Dasar Harga Berlaku di Provinsi Sumatera Utara Menurut Kabupaten/Kota (ribu rupiah), 2020–2024","Per Capita GRDP at Current Market Prices by Regency/Municipality, in Sumatera Utara Province (thousand rupiahss), 2020–2024",2,2,f66188ed219d
SUMATERA UTARA,23,Kab. Labuhan Batu Utara,,2024,**,89.497,,"PDRB Per Kapita Atas Dasar Harga Berlaku di Provinsi Sumatera Utara Menurut Kabupaten/Kota (ribu rupiah), 2020–2024","Per Capita GRDP at Current Market Prices by Regency/Municipality, in Sumatera Utara Province (thousand rupiahss), 2020–2024",2,2,317bdcfe590f
SUMATERA UTARA,24,Kab. Nias Utara,,2024,**,30.190,,"PDRB Per Kapita Atas Dasar Harga Berlaku di Provinsi Sumatera Utara Menurut Kabupaten/Kota (ribu rupiah), 2020–2024","Per Capita GRDP at Current Market Prices by Regency/Municipality, in Sumatera Utara Province (thousand rupiahss), 2020–2024",2,2,15fdc2374b16
SUMATERA UTARA,25,Kab. Nias Barat,,2024,**,26.031,,"PDRB Per Kapita Atas Dasar Harga Berlaku di Provinsi Sumatera Utara Menurut Kabupaten/Kota (ribu rupiah), 2020–2024","Per Capita GRDP at Current Market Prices by Regency/Municipality, in Sumatera Utara Province (thousand rupiahss), 2020–2024",2,2,0017d00588db
SUMATERA UTARA,71,Kota Sibolga,,2024,**,78.494,,"PDRB Per Kapita Atas Dasar Harga Berlaku di Provinsi Sumatera Utara Menurut Kabupaten/Kota (ribu rupiah), 2020–2024","Per Capita GRDP at Current Market Prices by Regency/Municipality, in Sumatera Utara Province (thousand rupiahss), 2020–2024",2,2,e77117071294
SUMATERA UTARA,72,Kota Tanjung Balai,,2024,**,65.758,,"PDRB Per Kapita Atas Dasar Harga Berlaku di Provinsi Sumatera Utara Menurut Kabupaten/Kota (ribu rupiah), 2020–2024","Per Capita GRDP at Current Market Prices by Regency/Municipality, in Sumatera Utara Province (thousand rupiahss), 2020–2024",2,2,fa3dece846ce
SUMATERA UTARA,73,Kota Pematang Siantar,,2024,**,62.629,,"PDRB Per Kapita Atas Dasar Harga Berlaku di Provinsi Sumatera Utara Menurut Kabupaten/Kota (ribu rupiah), 2020–2024","Per Capita GRDP at Current Market Prices by Regency/Municipality, in Sumatera Utara Province (thousand rupiahss), 2020–2024",2,2,f5646e13d13d
SUMATERA UTARA,74,Kota Tebing Tinggi,,2024,**,43.514,,"PDRB Per Kapita Atas Dasar Harga Berlaku di Provinsi Sumatera Utara Menurut Kabupaten/Kota (ribu rupiah), 2020–2024","Per Capita GRDP at Current Market Prices by Regency/Municipality, in Sumatera Utara Province (thousand rupiahss), 2020–2024",2,2,16f65ae680ca
SUMATERA UTARA,75,Kota Medan,,2024,**,132.571,,"PDRB Per Kapita Atas Dasar Harga Berlaku di Provinsi Sumatera Utara Menurut Kabupaten/Kota (ribu rupiah), 2020–2024","Per Capita GRDP at Current Market Prices by Regency/Municipality, in Sumatera Utara Province (thousand rupiahss), 2020–2024",2,2,bc1c9820ae8c
SUMATERA UTARA,76,Kota Binjai,,2024,**,50.750,,"PDRB Per Kapita Atas Dasar Harga Berlaku di Provinsi Sumatera Utara Menurut Kabupaten/Kota (ribu rupiah), 2020–2024","Per Capita GRDP at Current Market Prices by Regency/Municipality, in Sumatera Utara Province (thousand rupiahss), 2020–2024",2,2,987f943578b7
SUMATERA UTARA,77,Kota Padang Sidempuan,,2024,**,35.727,,"PDRB Per Kapita Atas Dasar Harga Berlaku di Provinsi Sumatera Utara Menurut Kabupaten/Kota (ribu rupiah), 2020–2024","Per Capita GRDP at Current Market Prices by Regency/Municipality, in Sumatera Utara Province (thousand rupiahss), 2020–2024",2,2,9184a5dbafc7
SUMATERA UTARA,78,Kota Gunungsitoli,,2024,**,50.415,,"PDRB Per Kapita Atas Dasar Harga Berlaku di Provinsi Sumatera Utara Menurut Kabupaten/Kota (ribu rupiah), 2020–2024","Per Capita GRDP at Current Market Prices by Regency/Municipality, in Sumatera Utara Province (thousand rupiahss), 2020–2024",2,2,130337fbfa78
SUMATERA UTARA,,Jml Kab./Kota Total of Reg./Mun.,,2024,**,73.576,,"PDRB Per Kapita Atas Dasar Harga Berlaku di Provinsi Sumatera Utara Menurut Kabupaten/Kota (ribu rupiah), 2020–2024","Per Capita GRDP at Current Market Prices by Regency/Municipality, in Sumatera Utara Province (thousand rupiahss), 2020–2024",2,2,43c1aa5b6b2d
SUMATERA UTARA,,Provinsi/Province,,2024,**,73.575,,"PDRB Per Kapita Atas Dasar Harga Berlaku di Provinsi Sumatera Utara Menurut Kabupaten/Kota (ribu rupiah), 2020–2024","Per Capita GRDP at Current Market Prices by Regency/Municipality, in Sumatera Utara Province (thousand rupiahss), 2020–2024",2,2,001d936b35b0
SUMATERA BARAT,01,Kab. Kepulauan Mentawai,,2024,**,67.335,,"PDRB Per Kapita Atas Dasar Harga Berlaku di Provinsi Sumatera Barat Menurut Kabupaten/Kota (ribu rupiah), 2020–2024","Per Capita GRDP at Current Market Prices by Regency/Municipality, in Sumatera Barat Province (thousand rupiahss), 2020–2024",3,3,17543e2b203f
SUMATERA BARAT,02,Kab. Pesisir Selatan,,2024,**,35.995,,"PDRB Per Kapita Atas Dasar Harga Berlaku di Provinsi Sumatera Barat Menurut Kabupaten/Kota (ribu rupiah), 2020–2024","Per Capita GRDP at Current Market Prices by Regency/Municipality, in Sumatera Barat Province (thousand rupiahss), 2020–2024",3,3,44ff2b7a6d11
SUMATERA BARAT,03,Kab. Solok,,2024,**,44.812,,"PDRB Per Kapita Atas Dasar Harga Berlaku di Provinsi Sumatera Barat Menurut Kabupaten/Kota (ribu rupiah), 2020–2024","Per Capita GRDP at Current Market Prices by Regency/Municipality, in Sumatera Barat Province (thousand rupiahss), 2020–2024",3,3,ec717cbb2672
SUMATERA BARAT,04,Kab. Sijunjung,,2024,**,50.609,,"PDRB Per Kapita Atas Dasar Harga Berlaku di Provinsi Sumatera Barat Menurut Kabupaten/Kota (ribu rupiah), 2020–2024","Per Capita GRDP at Current Market Prices by Regency/Municipality, in Sumatera Barat Province (thousand rupiahss), 2020–2024",3,3,173962579eab
SUMATERA BARAT,05,Kab. Tanah Datar,,2024,**,45.066,,"PDRB Per Kapita Atas Dasar Harga Berlaku di Provinsi Sumatera Barat Menurut Kabupaten/Kota (ribu rupiah), 2020–2024","Per Capita GRDP at Current Market Prices by Regency/Municipality, in Sumatera Barat Province (thousand rupiahss), 2020–2024",3,3,2cd858fd4ef7
SUMATERA BARAT,06,Kab. Padang Pariaman,,2024,**,58.386,,"PDRB Per Kapita Atas Dasar Harga Berlaku di Provinsi Sumatera Barat Menurut Kabupaten/Kota (ribu rupiah), 2020–2024","Per Capita GRDP at Current Market Prices by Regency/Municipality, in Sumatera Barat Province (thousand rupiahss), 2020–2024",3,3,67e2e99169fc
SUMATERA BARAT,07,Kab. Agam,,2024,**,50.019,,"PDRB Per Kapita Atas Dasar Harga Berlaku di Provinsi Sumatera Barat Menurut Kabupaten/Kota (ribu rupiah), 2020–2024","Per Capita GRDP at Current Market Prices by Regency/Municipality, in Sumatera Barat Province (thousand rupiahss), 2020–2024",3,3,6d60b3ff9bf7
SUMATERA BARAT,08,Kab. Lima Puluh Kota,,2024,**,51.985,,"PDRB Per Kapita Atas Dasar Harga Berlaku di Provinsi Sumatera Barat Menurut Kabupaten/Kota (ribu rupiah), 2020–2024","Per Capita GRDP at Current Market Prices by Regency/Municipality, in Sumatera Barat Province (thousand rupiahss), 2020–2024",3,3,fcaede3e77fd
SUMATERA BARAT,09,Kab. Pasaman,,2024,**,38.246,,"PDRB Per Kapita Atas Dasar Harga Berlaku di Provinsi Sumatera Barat Menurut Kabupaten/Kota (ribu rupiah), 2020–2024","Per Capita GRDP at Current Market Prices by Regency/Municipality, in Sumatera Barat Province (thousand rupiahss), 2020–2024",3,3,1dbea2fc9597
SUMATERA BARAT,10,Kab. Solok Selatan,,2024,**,38.905,,"PDRB Per Kapita Atas Dasar Harga Berlaku di Provinsi Sumatera Barat Menurut Kabupaten/Kota (ribu rupiah), 2020–2024","Per Capita GRDP at Current Market Prices by Regency/Municipality, in Sumatera Barat Province (thousand rupiahss), 2020–2024",3,3,ece06335c4d5
SUMATERA BARAT,11,Kab. Dharmasraya,,2024,**,58.714,,"PDRB Per Kapita Atas Dasar Harga Berlaku di Provinsi Sumatera Barat Menurut Kabupaten/Kota (ribu rupiah), 2020–2024","Per Capita GRDP at Current Market Prices by Regency/Municipality, in Sumatera Barat Province (thousand rupiahss), 2020–2024",3,3,a66443820e5b
SUMATERA BARAT,12,Kab. Pasaman Barat,,2024,**,46.259,,"PDRB Per Kapita Atas Dasar Harga Berlaku di Provinsi Sumatera Barat Menurut Kabupaten/Kota (ribu rupiah), 2020–2024","Per Capita GRDP at Current Market Prices by Regency/Municipality, in Sumatera Barat Province (thousand rupiahss), 2020–2024",3,3,05ccd6e9915d
SUMATERA BARAT,71,Kota Padang,,2024,**,88.225,,"PDRB Per Kapita Atas Dasar Harga Berlaku di Provinsi Sumatera Barat Menurut Kabupaten/Kota (ribu rupiah), 2020–2024","Per Capita GRDP at Current Market Prices by Regency/Municipality, in Sumatera Barat Province (thousand rupiahss), 2020–2024",3,3,6dc108edce76
SUMATERA BARAT,72,Kota Solok,,2024,**,69.988,,"PDRB Per Kapita Atas Dasar Harga Berlaku di Provinsi Sumatera Barat Menurut Kabupaten/Kota (ribu rupiah), 2020–2024","Per Capita GRDP at Current Market Prices by Regency/Municipality, in Sumatera Barat Province (thousand rupiahss), 2020–2024",3,3,2557c8925d43
SUMATERA BARAT,73,Kota Sawah Lunto,,2024,**,73.598,,"PDRB Per Kapita Atas Dasar Harga Berlaku di Provinsi Sumatera Barat Menurut Kabupaten/Kota (ribu rupiah), 2020–2024","Per Capita GRDP at Current Market Prices by Regency/Municipality, in Sumatera Barat Province (thousand rupiahss), 2020–2024",3,3,3018b5ccfaf6
SUMATERA BARAT,74,Kota Padang Panjang,,2024,**,80.012,,"PDRB Per Kapita Atas Dasar Harga Berlaku di Provinsi Sumatera Barat Menurut Kabupaten/Kota (ribu rupiah), 2020–2024","Per Capita GRDP at Current Market Prices by Regency/Municipality, in Sumatera Barat Province (thousand rupiahss), 2020–2024",3,3,6df9450b81b4
SUMATERA BARAT,75,Kota Bukittinggi,,2024,**,93.968,,"PDRB Per Kapita Atas Dasar Harga Berlaku di Provinsi Sumatera Barat Menurut Kabupaten/Kota (ribu rupiah), 2020–2024","Per Capita GRDP at Current Market Prices by Regency/Municipality, in Sumatera Barat Province (thousand rupiahss), 2020–2024",3,3,e99084c43ff2
SUMATERA BARAT,76,Kota Payakumbuh,,2024,**,64.206,,"PDRB Per Kapita Atas Dasar Harga Berlaku di Provinsi Sumatera Barat Menurut Kabupaten/Kota (ribu rupiah), 2020–2024","Per Capita GRDP at Current Market Prices by Regency/Municipality, in Sumatera Barat Province (thousand rupiahss), 2020–2024",3,3,ea9d1d2fc483
SUMATERA BARAT,77,Kota Pariaman,,2024,**,69.170,,"PDRB Per Kapita Atas Dasar Harga Berlaku di Provinsi Sumatera Barat Menurut Kabupaten/Kota (ribu rupiah), 2020–2024","Per Capita GRDP at Current Market Prices by Regency/Municipality, in Sumatera Barat Province (thousand rupiahss), 2020–2024",3,3,e8d454db51ba
SUMATERA BARAT,,Jml Kab./Kota Total of Reg./Mun.,,2024,**,56.915,,"PDRB Per Kapita Atas Dasar Harga Berlaku di Provinsi Sumatera Barat Menurut Kabupaten/Kota (ribu rupiah), 2020–2024","Per Capita GRDP at Current Market Prices by Regency/Municipality, in Sumatera Barat Province (thousand rupiahss), 2020–2024",3,3,22ba002c3747
SUMATERA BARAT,,Provinsi/Province,,2024,**,57.047,,"PDRB Per Kapita Atas Dasar Harga Berlaku di Provinsi Sumatera Barat Menurut Kabupaten/Kota (ribu rupiah), 2020–2024","Per Capita GRDP at Current Market Prices by Regency/Municipality, in Sumatera Barat Province (thousand rupiahss), 2020–2024",3,3,83ea8968b380
RIAU,01,Kab. Kuantan Singingi,,2024,**,148.878,,"PDRB Per Kapita Atas Dasar Harga Berlaku di Provinsi Riau Menurut Kabupaten/Kota (ribu rupiah), 2020–2024","Per Capita GRDP at Current Market Prices by Regency/Municipality, in Riau Province (thousand rupiahss), 2020–2024",4,4,395e1299f186
RIAU,02,Kab.indragiri Hulu,,2024,**,129.125,,"PDRB Per Kapita Atas Dasar Harga Berlaku di Provinsi Riau Menurut Kabupaten/Kota (ribu rupiah), 2020–2024","Per Capita GRDP at Current Market Prices by Regency/Municipality, in Riau Province (thousand rupiahss), 2020–2024",4,4,c2b746f5273b
RIAU,03,Kab.indragiri Hilir,,2024,**,138.693,,"PDRB Per Kapita Atas Dasar Harga Berlaku di Provinsi Riau Menurut Kabupaten/Kota (ribu rupiah), 2020–2024","Per Capita GRDP at Current Market Prices by Regency/Municipality, in Riau Province (thousand rupiahss), 2020–2024",4,4,2f7cc45bc449
RIAU,04,Kab. Pelalawan,,2024,**,187.221,,"PDRB Per Kapita Atas Dasar Harga Berlaku di Provinsi Riau Menurut Kabupaten/Kota (ribu rupiah), 2020–2024","Per Capita GRDP at Current Market Prices by Regency/Municipality, in Riau Province (thousand rupiahss), 2020–2024",4,4,580fea9637ba
RIAU,05,Kab. Siak,,2024,**,250.381,,"PDRB Per Kapita Atas Dasar Harga Berlaku di Provinsi Riau Menurut Kabupaten/Kota (ribu rupiah), 2020–2024","Per Capita GRDP at Current Market Prices by Regency/Municipality, in Riau Province (thousand rupiahss), 2020–2024",4,4,00117fbab7ff
RIAU,06,Kab. Kampar,,2024,**,130.105,,"PDRB Per Kapita Atas Dasar Harga Berlaku di Provinsi Riau Menurut Kabupaten/Kota (ribu rupiah), 2020–2024","Per Capita GRDP at Current Market Prices by Regency/Municipality, in Riau Province (thousand rupiahss), 2020–2024",4,4,ed65d32c7e3f
RIAU,07,Kab. Rokan Hulu,,2024,**,95.447,,"PDRB Per Kapita Atas Dasar Harga Berlaku di Provinsi Riau Menurut Kabupaten/Kota (ribu rupiah), 2020–2024","Per Capita GRDP at Current Market Prices by Regency/Municipality, in Riau Province (thousand rupiahss), 2020–2024",4,4,12904701be0c
RIAU,08,Kab. Bengkalis,,2024,**,296.914,,"PDRB Per Kapita Atas Dasar Harga Berlaku di Provinsi Riau Menurut Kabupaten/Kota (ribu rupiah), 2020–2024","Per Capita GRDP at Current Market Prices by Regency/Municipality, in Riau Province (thousand rupiahss), 2020–2024",4,4,f26b999a3ce1
RIAU,09,Kab. Rokan Hilir,,2024,**,152.221,,"PDRB Per Kapita Atas Dasar Harga Berlaku di Provinsi Riau Menurut Kabupaten/Kota (ribu rupiah), 2020–2024","Per Capita GRDP at Current Market Prices by Regency/Municipality, in Riau Province (thousand rupiahss), 2020–2024",4,4,c6dfe6beb3c2
RIAU,10,Kab. Kepulauan Meranti,,2024,**,128.527,,"PDRB Per Kapita Atas Dasar Harga Berlaku di Provinsi Riau Menurut Kabupaten/Kota (ribu rupiah), 2020–2024","Per Capita GRDP at Current Market Prices by Regency/Municipality, in Riau Province (thousand rupiahss), 2020–2024",4,4,1a9105af731e
RIAU,71,Kota Pekan Baru,,2024,**,166.856,,"PDRB Per Kapita Atas Dasar Harga Berlaku di Provinsi Riau Menurut Kabupaten/Kota (ribu rupiah), 2020–2024","Per Capita GRDP at Current Market Prices by Regency/Municipality, in Riau Province (thousand rupiahss), 2020–2024",4,4,319b1c5c06ad
RIAU,73,Kota Dumai,,2024,**,158.148,,"PDRB Per Kapita Atas Dasar Harga Berlaku di Provinsi Riau Menurut Kabupaten/Kota (ribu rupiah), 2020–2024","Per Capita GRDP at Current Market Prices by Regency/Municipality, in Riau Province (thousand rupiahss), 2020–2024",4,4,6360a06805d5
RIAU,,Jml Kab./Kota Total of Reg./Mun.,,2024,**,164.831,,"PDRB Per Kapita Atas Dasar Harga Berlaku di Provinsi Riau Menurut Kabupaten/Kota (ribu rupiah), 2020–2024","Per Capita GRDP at Current Market Prices by Regency/Municipality, in Riau Province (thousand rupiahss), 2020–2024",4,4,fac2b5ead518
RIAU,,Provinsi/Province,,2024,**,165.350,,"PDRB Per Kapita Atas Dasar Harga Berlaku di Provinsi Riau Menurut Kabupaten/Kota (ribu rupiah), 2020–2024","Per Capita GRDP at Current Market Prices by Regency/Municipality, in Riau Province (thousand rupiahss), 2020–2024",4,4,5ce78a078d8f
JAMBI,01,Kab. Kerinci,,2024,**,57.339,,"PDRB Per Kapita Atas Dasar Harga Berlaku di Provinsi Jambi Menurut Kabupaten/Kota (ribu rupiah), 2020–2024","Per Capita GRDP at Current Market Prices by Regency/Municipality, in Jambi Province (thousand rupiahss), 2020–2024",5,5,e05b552cd5fa
JAMBI,02,Kab. Merangin,,2024,**,68.216,,"PDRB Per Kapita Atas Dasar Harga Berlaku di Provinsi Jambi Menurut Kabupaten/Kota (ribu rupiah), 2020–2024","Per Capita GRDP at Current Market Prices by Regency/Municipality, in Jambi Province (thousand rupiahss), 2020–2024",5,5,ebe605ed28e7
JAMBI,03,Kab. Sarolangun,,2024,**,74.063,,"PDRB Per Kapita Atas Dasar Harga Berlaku di Provinsi Jambi Menurut Kabupaten/Kota (ribu rupiah), 2020–2024","Per Capita GRDP at Current Market Prices by Regency/Municipality, in Jambi Province (thousand rupiahss), 2020–2024",5,5,a3b9d40fa175
JAMBI,04,Kab. Batanghari,,2024,**,82.609,,"PDRB Per Kapita Atas Dasar Harga Berlaku di Provinsi Jambi Menurut Kabupaten/Kota (ribu rupiah), 2020–2024","Per Capita GRDP at Current Market Prices by Regency/Municipality, in Jambi Province (thousand rupiahss), 2020–2024",5,5,4f80544016c0
JAMBI,05,Kab. Muaro Jambi,,2024,**,95.332,,"PDRB Per Kapita Atas Dasar Harga Berlaku di Provinsi Jambi Menurut Kabupaten/Kota (ribu rupiah), 2020–2024","Per Capita GRDP at Current Market Prices by Regency/Municipality, in Jambi Province (thousand rupiahss), 2020–2024",5,5,c387841c9c69
JAMBI,06,Kab. Tanjung Jabung Timur,,2024,**,114.222,,"PDRB Per Kapita Atas Dasar Harga Berlaku di Provinsi Jambi Menurut Kabupaten/Kota (ribu rupiah), 2020–2024","Per Capita GRDP at Current Market Prices by Regency/Municipality, in Jambi Province (thousand rupiahss), 2020–2024",5,5,f1852a5ff42a
JAMBI,07,Kab. Tanjung Jabung Barat,,2024,**,166.332,,"PDRB Per Kapita Atas Dasar Harga Berlaku di Provinsi Jambi Menurut Kabupaten/Kota (ribu rupiah), 2020–2024","Per Capita GRDP at Current Market Prices by Regency/Municipality, in Jambi Province (thousand rupiahss), 2020–2024",5,5,ae9cfd3615c7
JAMBI,08,Kab. Tebo,,2024,**,67.299,,"PDRB Per Kapita Atas Dasar Harga Berlaku di Provinsi Jambi Menurut Kabupaten/Kota (ribu rupiah), 2020–2024","Per Capita GRDP at Current Market Prices by Regency/Municipality, in Jambi Province (thousand rupiahss), 2020–2024",5,5,b67f37d189cb
JAMBI,09,Kab. Bungo,,2024,**,71.750,,"PDRB Per Kapita Atas Dasar Harga Berlaku di Provinsi Jambi Menurut Kabupaten/Kota (ribu rupiah), 2020–2024","Per Capita GRDP at Current Market Prices by Regency/Municipality, in Jambi Province (thousand rupiahss), 2020–2024",5,5,1ec2a7dd4fea
JAMBI,71,Kota Jambi,,2024,**,68.297,,"PDRB Per Kapita Atas Dasar Harga Berlaku di Provinsi Jambi Menurut Kabupaten/Kota (ribu rupiah), 2020–2024","Per Capita GRDP at Current Market Prices by Regency/Municipality, in Jambi Province (thousand rupiahss), 2020–2024",5,5,510b97b5a9f4
JAMBI,72,Kota Sungai Penuh,,2024,**,101.944,,"PDRB Per Kapita Atas Dasar Harga Berlaku di Provinsi Jambi Menurut Kabupaten/Kota (ribu rupiah), 2020–2024","Per Capita GRDP at Current Market Prices by Regency/Municipality, in Jambi Province (thousand rupiahss), 2020–2024",5,5,08a028812e78
JAMBI,,Jml Kab./Kota Total of Reg./Mun.,,2024,**,85.243,,"PDRB Per Kapita Atas Dasar Harga Berlaku di Provinsi Jambi Menurut Kabupaten/Kota (ribu rupiah), 2020–2024","Per Capita GRDP at Current Market Prices by Regency/Municipality, in Jambi Province (thousand rupiahss), 2020–2024",5,5,0308c33db744
JAMBI,,Provinsi/Province,,2024,**,86.722,,"PDRB Per Kapita Atas Dasar Harga Berlaku di Provinsi Jambi Menurut Kabupaten/Kota (ribu rupiah), 2020–2024","Per Capita GRDP at Current Market Prices by Regency/Municipality, in Jambi Province (thousand rupiahss), 2020–2024",5,5,dd6c3b995019
SUMATERA SELATAN,01,Kab. Ogan Komering Ulu,,2024,**,53.428,,"PDRB Per Kapita Atas Dasar Harga Berlaku di Provinsi Sumatera Selatan Menurut Kabupaten/Kota (ribu rupiah), 2020–2024","Per Capita GRDP at Current Market Prices by Regency/Municipality, in Sumatera Selatan Province (thousand rupiahss), 2020–2024",6,6,98b3520898ec
SUMATERA SELATAN,02,Kab. Ogan Komering Ilir,,2024,**,57.799,,"PDRB Per Kapita Atas Dasar Harga Berlaku di Provinsi Sumatera Selatan Menurut Kabupaten/Kota (ribu rupiah), 2020–2024","Per Capita GRDP at Current Market Prices by Regency/Municipality, in Sumatera Selatan Province (thousand rupiahss), 2020–2024",6,6,5fbb93d0d9a6
SUMATERA SELATAN,03,Kab. Muara Enim,,2024,**,182.108,,"PDRB Per Kapita Atas Dasar Harga Berlaku di Provinsi Sumatera Selatan Menurut Kabupaten/Kota (ribu rupiah), 2020–2024","Per Capita GRDP at Current Market Prices by Regency/Municipality, in Sumatera Selatan Province (thousand rupiahss), 2020–2024",6,6,f349141060a8
SUMATERA SELATAN,04,Kab. Lahat,,2024,**,66.582,,"PDRB Per Kapita Atas Dasar Harga Berlaku di Provinsi Sumatera Selatan Menurut Kabupaten/Kota (ribu rupiah), 2020–2024","Per Capita GRDP at Current Market Prices by Regency/Municipality, in Sumatera Selatan Province (thousand rupiahss), 2020–2024",6,6,97bff9a9f97e
SUMATERA SELATAN,05,Kab. Musi Rawas,,2024,**,61.857,,"PDRB Per Kapita Atas Dasar Harga Berlaku di Provinsi Sumatera Selatan Menurut Kabupaten/Kota (ribu rupiah), 2020–2024","Per Capita GRDP at Current Market Prices by Regency/Municipality, in Sumatera Selatan Province (thousand rupiahss), 2020–2024",6,6,b794183aa74f
SUMATERA SELATAN,06,Kab. Musi Banyuasin,,2024,**,142.138,,"PDRB Per Kapita Atas Dasar Harga Berlaku di Provinsi Sumatera Selatan Menurut Kabupaten/Kota (ribu rupiah), 2020–2024","Per Capita GRDP at Current Market Prices by Regency/Municipality, in Sumatera Selatan Province (thousand rupiahss), 2020–2024",6,6,c76dd7de5683
SUMATERA SELATAN,07,Kab. Banyuasin,,2024,**,44.734,,"PDRB Per Kapita Atas Dasar Harga Berlaku di Provinsi Sumatera Selatan Menurut Kabupaten/Kota (ribu rupiah), 2020–2024","Per Capita GRDP at Current Market Prices by Regency/Municipality, in Sumatera Selatan Province (thousand rupiahss), 2020–2024",6,6,807f40b91fd1
SUMATERA SELATAN,08,Kab. Ogan Komering Ulu Selatan,,2024,**,27.724,,"PDRB Per Kapita Atas Dasar Harga Berlaku di Provinsi Sumatera Selatan Menurut Kabupaten/Kota (ribu rupiah), 2020–2024","Per Capita GRDP at Current Market Prices by Regency/Municipality, in Sumatera Selatan Province (thousand rupiahss), 2020–2024",6,6,7d65c3ba9ed6
SUMATERA SELATAN,09,Kab. Ogan Komering Ulu Timur,,2024,**,31.504,,"PDRB Per Kapita Atas Dasar Harga Berlaku di Provinsi Sumatera Selatan Menurut Kabupaten/Kota (ribu rupiah), 2020–2024","Per Capita GRDP at Current Market Prices by Regency/Municipality, in Sumatera Selatan Province (thousand rupiahss), 2020–2024",6,6,69e107cc96cd
SUMATERA SELATAN,10,Kab. Ogan Ilir,,2024,**,34.945,,"PDRB Per Kapita Atas Dasar Harga Berlaku di Provinsi Sumatera Selatan Menurut Kabupaten/Kota (ribu rupiah), 2020–2024","Per Capita GRDP at Current Market Prices by Regency/Municipality, in Sumatera Selatan Province (thousand rupiahss), 2020–2024",6,6,3edbe6a368fe
SUMATERA SELATAN,11,Kab. Empat Lawang,,2024,**,19.448,,"PDRB Per Kapita Atas Dasar Harga Berlaku di Provinsi Sumatera Selatan Menurut Kabupaten/Kota (ribu rupiah), 2020–2024","Per Capita GRDP at Current Market Prices by Regency/Municipality, in Sumatera Selatan Province (thousand rupiahss), 2020–2024",6,6,c3f13e80d6df
SUMATERA SELATAN,12,Kab. Penukal Abab Lematang Ilir,,2024,**,45.701,,"PDRB Per Kapita Atas Dasar Harga Berlaku di Provinsi Sumatera Selatan Menurut Kabupaten/Kota (ribu rupiah), 2020–2024","Per Capita GRDP at Current Market Prices by Regency/Municipality, in Sumatera Selatan Province (thousand rupiahss), 2020–2024",6,6,9c1256fc37d0
SUMATERA SELATAN,13,Kab. Musi Rawas Utara,,2024,**,48.869,,"PDRB Per Kapita Atas Dasar Harga Berlaku di Provinsi Sumatera Selatan Menurut Kabupaten/Kota (ribu rupiah), 2020–2024","Per Capita GRDP at Current Market Prices by Regency/Municipality, in Sumatera Selatan Province (thousand rupiahss), 2020–2024",6,6,16903f9975ab
SUMATERA SELATAN,71,Kota Palembang,,2024,**,121.154,,"PDRB Per Kapita Atas Dasar Harga Berlaku di Provinsi Sumatera Selatan Menurut Kabupaten/Kota (ribu rupiah), 2020–2024","Per Capita GRDP at Current Market Prices by Regency/Municipality, in Sumatera Selatan Province (thousand rupiahss), 2020–2024",6,6,b6615c6ef9ca
SUMATERA SELATAN,72,Kota Prabumulih,,2024,**,51.808,,"PDRB Per Kapita Atas Dasar Harga Berlaku di Provinsi Sumatera Selatan Menurut Kabupaten/Kota (ribu rupiah), 2020–2024","Per Capita GRDP at Current Market Prices by Regency/Municipality, in Sumatera Selatan Province (thousand rupiahss), 2020–2024",6,6,31d896fe4000
SUMATERA SELATAN,73,Kota Pagar Alam,,2024,**,25.543,,"PDRB Per Kapita Atas Dasar Harga Berlaku di Provinsi Sumatera Selatan Menurut Kabupaten/Kota (ribu rupiah), 2020–2024","Per Capita GRDP at Current Market Prices by Regency/Municipality, in Sumatera Selatan Province (thousand rupiahss), 2020–2024",6,6,d0b8235e961c
SUMATERA SELATAN,74,Kota Lubuk Linggau,,2024,**,35.432,,"PDRB Per Kapita Atas Dasar Harga Berlaku di Provinsi Sumatera Selatan Menurut Kabupaten/Kota (ribu rupiah), 2020–2024","Per Capita GRDP at Current Market Prices by Regency/Municipality, in Sumatera Selatan Province (thousand rupiahss), 2020–2024",6,6,6c44a9d78f5e
SUMATERA SELATAN,,Jml Kab./Kota Total of Reg./Mun.,,2024,**,76.612,,"PDRB Per Kapita Atas Dasar Harga Berlaku di Provinsi Sumatera Selatan Menurut Kabupaten/Kota (ribu rupiah), 2020–2024","Per Capita GRDP at Current Market Prices by Regency/Municipality, in Sumatera Selatan Province (thousand rupiahss), 2020–2024",6,6,4fda8962ff56
SUMATERA SELATAN,,Provinsi/Province,,2024,**,75.132,,"PDRB Per Kapita Atas Dasar Harga Berlaku di Provinsi Sumatera Selatan Menurut Kabupaten/Kota (ribu rupiah), 2020–2024","Per Capita GRDP at Current Market Prices by Regency/Municipality, in Sumatera Selatan Province (thousand rupiahss), 2020–2024",6,6,66bf64f2d4a3
BENGKULU,01,Kab. Bengkulu Selatan,,2024,**,45.375,,"PDRB Per Kapita Atas Dasar Harga Berlaku di Provinsi Bengkulu Menurut Kabupaten/Kota (ribu rupiah), 2020–2024","Per Capita GRDP at Current Market Prices by Regency/Municipality, in Bengkulu Province (thousand rupiahss), 2020–2024",7,7,a148743cb9c9
BENGKULU,02,Kab. Rejang Lebong,,2024,**,45.238,,"PDRB Per Kapita Atas Dasar Harga Berlaku di Provinsi Bengkulu Menurut Kabupaten/Kota (ribu rupiah), 2020–2024","Per Capita GRDP at Current Market Prices by Regency/Municipality, in Bengkulu Province (thousand rupiahss), 2020–2024",7,7,b314aa99ec9d
BENGKULU,03,Kab. Bengkulu Utara,,2024,**,41.214,,"PDRB Per Kapita Atas Dasar Harga Berlaku di Provinsi Bengkulu Menurut Kabupaten/Kota (ribu rupiah), 2020–2024","Per Capita GRDP at Current Market Prices by Regency/Municipality, in Bengkulu Province (thousand rupiahss), 2020–2024",7,7,f154b2998f0e
BENGKULU,04,Kab. Kaur,,2024,**,37.416,,"PDRB Per Kapita Atas Dasar Harga Berlaku di Provinsi Bengkulu Menurut Kabupaten/Kota (ribu rupiah), 2020–2024","Per Capita GRDP at Current Market Prices by Regency/Municipality, in Bengkulu Province (thousand rupiahss), 2020–2024",7,7,bb874719f4bc
BENGKULU,05,Kab. Seluma,,2024,**,29.171,,"PDRB Per Kapita Atas Dasar Harga Berlaku di Provinsi Bengkulu Menurut Kabupaten/Kota (ribu rupiah), 2020–2024","Per Capita GRDP at Current Market Prices by Regency/Municipality, in Bengkulu Province (thousand rupiahss), 2020–2024",7,7,ed63dc3027be
BENGKULU,06,Kab. Mukomuko,,2024,**,37.513,,"PDRB Per Kapita Atas Dasar Harga Berlaku di Provinsi Bengkulu Menurut Kabupaten/Kota (ribu rupiah), 2020–2024","Per Capita GRDP at Current Market Prices by Regency/Municipality, in Bengkulu Province (thousand rupiahss), 2020–2024",7,7,6c4279db1269
BENGKULU,07,Kab. Lebong,,2024,**,40.991,,"PDRB Per Kapita Atas Dasar Harga Berlaku di Provinsi Bengkulu Menurut Kabupaten/Kota (ribu rupiah), 2020–2024","Per Capita GRDP at Current Market Prices by Regency/Municipality, in Bengkulu Province (thousand rupiahss), 2020–2024",7,7,4b1d22189fdb
BENGKULU,08,Kab. Kepahiang,,2024,**,40.072,,"PDRB Per Kapita Atas Dasar Harga Berlaku di Provinsi Bengkulu Menurut Kabupaten/Kota (ribu rupiah), 2020–2024","Per Capita GRDP at Current Market Prices by Regency/Municipality, in Bengkulu Province (thousand rupiahss), 2020–2024",7,7,11b459c334c5
BENGKULU,09,Kab. Bengkulu Tengah,,2024,**,55.284,,"PDRB Per Kapita Atas Dasar Harga Berlaku di Provinsi Bengkulu Menurut Kabupaten/Kota (ribu rupiah), 2020–2024","Per Capita GRDP at Current Market Prices by Regency/Municipality, in Bengkulu Province (thousand rupiahss), 2020–2024",7,7,37a42f49c345
BENGKULU,71,Kota Bengkulu,,2024,**,83.430,,"PDRB Per Kapita Atas Dasar Harga Berlaku di Provinsi Bengkulu Menurut Kabupaten/Kota (ribu rupiah), 2020–2024","Per Capita GRDP at Current Market Prices by Regency/Municipality, in Bengkulu Province (thousand rupiahss), 2020–2024",7,7,33f64a36c0b8
BENGKULU,,Jml Kab./Kota Total of Reg./Mun.,,2024,**,48.935,,"PDRB Per Kapita Atas Dasar Harga Berlaku di Provinsi Bengkulu Menurut Kabupaten/Kota (ribu rupiah), 2020–2024","Per Capita GRDP at Current Market Prices by Regency/Municipality, in Bengkulu Province (thousand rupiahss), 2020–2024",7,7,5493266325d3
BENGKULU,,Provinsi/Province,,2024,**,49.233,,"PDRB Per Kapita Atas Dasar Harga Berlaku di Provinsi Bengkulu Menurut Kabupaten/Kota (ribu rupiah), 2020–2024","Per Capita GRDP at Current Market Prices by Regency/Municipality, in Bengkulu Province (thousand rupiahss), 2020–2024",7,7,89676010bd6f
LAMPUNG,01,Kab. Lampung Barat,,2024,**,31.347,,"PDRB Per Kapita Atas Dasar Harga Berlaku di Provinsi Lampung Menurut Kabupaten/Kota (ribu rupiah), 2020–2024","Per Capita GRDP at Current Market Prices by Regency/Municipality, in Lampung Province (thousand rupiahss), 2020–2024",8,8,b5f0c491fa42
LAMPUNG,02,Kab. Tanggamus,,2024,**,31.621,,"PDRB Per Kapita Atas Dasar Harga Berlaku di Provinsi Lampung Menurut Kabupaten/Kota (ribu rupiah), 2020–2024","Per Capita GRDP at Current Market Prices by Regency/Municipality, in Lampung Province (thousand rupiahss), 2020–2024",8,8,859e88b25647
LAMPUNG,03,Kab. Lampung Selatan,,2024,**,53.891,,"PDRB Per Kapita Atas Dasar Harga Berlaku di Provinsi Lampung Menurut Kabupaten/Kota (ribu rupiah), 2020–2024","Per Capita GRDP at Current Market Prices by Regency/Municipality, in Lampung Province (thousand rupiahss), 2020–2024",8,8,ca810cda7df2
LAMPUNG,04,Kab. Lampung Timur,,2024,**,49.274,,"PDRB Per Kapita Atas Dasar Harga Berlaku di Provinsi Lampung Menurut Kabupaten/Kota (ribu rupiah), 2020–2024","Per Capita GRDP at Current Market Prices by Regency/Municipality, in Lampung Province (thousand rupiahss), 2020–2024",8,8,30d7839ef53f
LAMPUNG,05,Kab. Lampung Tengah,,2024,**,63.664,,"PDRB Per Kapita Atas Dasar Harga Berlaku di Provinsi Lampung Menurut Kabupaten/Kota (ribu rupiah), 2020–2024","Per Capita GRDP at Current Market Prices by Regency/Municipality, in Lampung Province (thousand rupiahss), 2020–2024",8,8,4ee93d98a1ef
LAMPUNG,06,Kab. Lampung Utara,,2024,**,48.212,,"PDRB Per Kapita Atas Dasar Harga Berlaku di Provinsi Lampung Menurut Kabupaten/Kota (ribu rupiah), 2020–2024","Per Capita GRDP at Current Market Prices by Regency/Municipality, in Lampung Province (thousand rupiahss), 2020–2024",8,8,b10543364bb8
LAMPUNG,07,Kab. Way Kanan,,2024,**,38.656,,"PDRB Per Kapita Atas Dasar Harga Berlaku di Provinsi Lampung Menurut Kabupaten/Kota (ribu rupiah), 2020–2024","Per Capita GRDP at Current Market Prices by Regency/Municipality, in Lampung Province (thousand rupiahss), 2020–2024",8,8,63d70a45420f
LAMPUNG,08,Kab. Tulang Bawang,,2024,**,67.725,,"PDRB Per Kapita Atas Dasar Harga Berlaku di Provinsi Lampung Menurut Kabupaten/Kota (ribu rupiah), 2020–2024","Per Capita GRDP at Current Market Prices by Regency/Municipality, in Lampung Province (thousand rupiahss), 2020–2024",8,8,e89a1f039d94
LAMPUNG,09,Kab. Pesawaran,,2024,**,43.308,,"PDRB Per Kapita Atas Dasar Harga Berlaku di Provinsi Lampung Menurut Kabupaten/Kota (ribu rupiah), 2020–2024","Per Capita GRDP at Current Market Prices by Regency/Municipality, in Lampung Province (thousand rupiahss), 2020–2024",8,8,e5576ef78bb6
LAMPUNG,10,Kab. Pringsewu,,2024,**,35.552,,"PDRB Per Kapita Atas Dasar Harga Berlaku di Provinsi Lampung Menurut Kabupaten/Kota (ribu rupiah), 2020–2024","Per Capita GRDP at Current Market Prices by Regency/Municipality, in Lampung Province (thousand rupiahss), 2020–2024",8,8,31c0d3207811
LAMPUNG,11,Kab. Mesuji,,2024,**,58.582,,"PDRB Per Kapita Atas Dasar Harga Berlaku di Provinsi Lampung Menurut Kabupaten/Kota (ribu rupiah), 2020–2024","Per Capita GRDP at Current Market Prices by Regency/Municipality, in Lampung Province (thousand rupiahss), 2020–2024",8,8,8e97f84c807e
LAMPUNG,12,Kab. Tulang Bawang Barat,,2024,**,52.210,,"PDRB Per Kapita Atas Dasar Harga Berlaku di Provinsi Lampung Menurut Kabupaten/Kota (ribu rupiah), 2020–2024","Per Capita GRDP at Current Market Prices by Regency/Municipality, in Lampung Province (thousand rupiahss), 2020–2024",8,8,474a8ae34492
LAMPUNG,13,Kab. Pesisir Barat,,2024,**,35.622,,"PDRB Per Kapita Atas Dasar Harga Berlaku di Provinsi Lampung Menurut Kabupaten/Kota (ribu rupiah), 2020–2024","Per Capita GRDP at Current Market Prices by Regency/Municipality, in Lampung Province (thousand rupiahss), 2020–2024",8,8,d1abe85b5143
LAMPUNG,71,Kota Bandar Lampung,,2024,**,65.759,,"PDRB Per Kapita Atas Dasar Harga Berlaku di Provinsi Lampung Menurut Kabupaten/Kota (ribu rupiah), 2020–2024","Per Capita GRDP at Current Market Prices by Regency/Municipality, in Lampung Province (thousand rupiahss), 2020–2024",8,8,ee568e966741
LAMPUNG,72,Kota Metro,,2024,**,48.264,,"PDRB Per Kapita Atas Dasar Harga Berlaku di Provinsi Lampung Menurut Kabupaten/Kota (ribu rupiah), 2020–2024","Per Capita GRDP at Current Market Prices by Regency/Municipality, in Lampung Province (thousand rupiahss), 2020–2024",8,8,a59d68a28ac0
LAMPUNG,,Jml Kab./Kota Total of Reg./Mun.,,2024,**,51.795,,"PDRB Per Kapita Atas Dasar Harga Berlaku di Provinsi Lampung Menurut Kabupaten/Kota (ribu rupiah), 2020–2024","Per Capita GRDP at Current Market Prices by Regency/Municipality, in Lampung Province (thousand rupiahss), 2020–2024",8,8,54a9597cb15c
LAMPUNG,,Provinsi/Province,,2024,**,51.370,,"PDRB Per Kapita Atas Dasar Harga Berlaku di Provinsi Lampung Menurut Kabupaten/Kota (ribu rupiah), 2020–2024","Per Capita GRDP at Current Market Prices by Regency/Municipality, in Lampung Province (thousand rupiahss), 2020–2024",8,8,a7d1cf12a89b
KEPULAUAN BANGKA BELITUNG,01,Kab. Bangka,,2024,**,58.480,,"PDRB Per Kapita Atas Dasar Harga Berlaku di Provinsi Kepulauan Bangka Belitung Menurut Kabupaten/Kota (ribu rupiah), 2020–2024","Per Capita GRDP at Current Market Prices by Regency/Municipality, in Kepulauan Bangka Belitung Province (thousand rupiahss), 2020–2024",9,9,ae278afd4f26
KEPULAUAN BANGKA BELITUNG,02,Kab. Belitung,,2024,**,73.933,,"PDRB Per Kapita Atas Dasar Harga Berlaku di Provinsi Kepulauan Bangka Belitung Menurut Kabupaten/Kota (ribu rupiah), 2020–2024","Per Capita GRDP at Current Market Prices by Regency/Municipality, in Kepulauan Bangka Belitung Province (thousand rupiahss), 2020–2024",9,9,e57d0334beb9
KEPULAUAN BANGKA BELITUNG,03,Kab. Bangka Barat,,2024,**,91.208,,"PDRB Per Kapita Atas Dasar Harga Berlaku di Provinsi Kepulauan Bangka Belitung Menurut Kabupaten/Kota (ribu rupiah), 2020–2024","Per Capita GRDP at Current Market Prices by Regency/Municipality, in Kepulauan Bangka Belitung Province (thousand rupiahss), 2020–2024",9,9,62f1649a3e18
KEPULAUAN BANGKA BELITUNG,04,Kab. Bangka Tengah,,2024,**,56.134,,"PDRB Per Kapita Atas Dasar Harga Berlaku di Provinsi Kepulauan Bangka Belitung Menurut Kabupaten/Kota (ribu rupiah), 2020–2024","Per Capita GRDP at Current Market Prices by Regency/Municipality, in Kepulauan Bangka Belitung Province (thousand rupiahss), 2020–2024",9,9,871faff574c5
KEPULAUAN BANGKA BELITUNG,05,Kab. Bangka Selatan,,2024,**,57.695,,"PDRB Per Kapita Atas Dasar Harga Berlaku di Provinsi Kepulauan Bangka Belitung Menurut Kabupaten/Kota (ribu rupiah), 2020–2024","Per Capita GRDP at Current Market Prices by Regency/Municipality, in Kepulauan Bangka Belitung Province (thousand rupiahss), 2020–2024",9,9,0fb839d94862
KEPULAUAN BANGKA BELITUNG,06,Kab. Belitung Timur,,2024,**,82.609,,"PDRB Per Kapita Atas Dasar Harga Berlaku di Provinsi Kepulauan Bangka Belitung Menurut Kabupaten/Kota (ribu rupiah), 2020–2024","Per Capita GRDP at Current Market Prices by Regency/Municipality, in Kepulauan Bangka Belitung Province (thousand rupiahss), 2020–2024",9,9,a52e45cc3722
KEPULAUAN BANGKA BELITUNG,71,Kota Pangkal Pinang,,2024,**,82.188,,"PDRB Per Kapita Atas Dasar Harga Berlaku di Provinsi Kepulauan Bangka Belitung Menurut Kabupaten/Kota (ribu rupiah), 2020–2024","Per Capita GRDP at Current Market Prices by Regency/Municipality, in Kepulauan Bangka Belitung Province (thousand rupiahss), 2020–2024",9,9,ba3f5fa8f27b
KEPULAUAN BANGKA BELITUNG,,Jml Kab./Kota Total of Reg./Mun.,,2024,**,70.254,,"PDRB Per Kapita Atas Dasar Harga Berlaku di Provinsi Kepulauan Bangka Belitung Menurut Kabupaten/Kota (ribu rupiah), 2020–2024","Per Capita GRDP at Current Market Prices by Regency/Municipality, in Kepulauan Bangka Belitung Province (thousand rupiahss), 2020–2024",9,9,32e33711fabf
KEPULAUAN BANGKA BELITUNG,,Provinsi/Province,,2024,**,70.194,,"PDRB Per Kapita Atas Dasar Harga Berlaku di Provinsi Kepulauan Bangka Belitung Menurut Kabupaten/Kota (ribu rupiah), 2020–2024","Per Capita GRDP at Current Market Prices by Regency/Municipality, in Kepulauan Bangka Belitung Province (thousand rupiahss), 2020–2024",9,9,19639992bf04
KEPULAUAN RIAU,01,Kab. Karimun,,2024,**,69.608,,"PDRB Per Kapita Atas Dasar Harga Berlaku di Provinsi Kepulauan Riau Menurut Kabupaten/Kota (ribu rupiah), 2020–2024","Per Capita GRDP at Current Market Prices by Regency/Municipality, in Kepulauan Riau Province (thousand rupiahss), 2020–2024",10,10,055c382d91eb
KEPULAUAN RIAU,02,Kab. Bintan,,2024,**,180.544,,"PDRB Per Kapita Atas Dasar Harga Berlaku di Provinsi Kepulauan Riau Menurut Kabupaten/Kota (ribu rupiah), 2020–2024","Per Capita GRDP at Current Market Prices by Regency/Municipality, in Kepulauan Riau Province (thousand rupiahss), 2020–2024",10,10,09c529b689a2
KEPULAUAN RIAU,03,Kab. Natuna,,2024,**,264.903,,"PDRB Per Kapita Atas Dasar Harga Berlaku di Provinsi Kepulauan Riau Menurut Kabupaten/Kota (ribu rupiah), 2020–2024","Per Capita GRDP at Current Market Prices by Regency/Municipality, in Kepulauan Riau Province (thousand rupiahss), 2020–2024",10,10,3d87eda174a9
KEPULAUAN RIAU,04,Kab. Lingga,,2024,**,54.936,,"PDRB Per Kapita Atas Dasar Harga Berlaku di Provinsi Kepulauan Riau Menurut Kabupaten/Kota (ribu rupiah), 2020–2024","Per Capita GRDP at Current Market Prices by Regency/Municipality, in Kepulauan Riau Province (thousand rupiahss), 2020–2024",10,10,5ad32cd7e6d2
KEPULAUAN RIAU,05,Kab. Kep. Anambas,,2024,**,362.072,,"PDRB Per Kapita Atas Dasar Harga Berlaku di Provinsi Kepulauan Riau Menurut Kabupaten/Kota (ribu rupiah), 2020–2024","Per Capita GRDP at Current Market Prices by Regency/Municipality, in Kepulauan Riau Province (thousand rupiahss), 2020–2024",10,10,15582916c040
KEPULAUAN RIAU,71,Kota Batam,,2024,**,182.507,,"PDRB Per Kapita Atas Dasar Harga Berlaku di Provinsi Kepulauan Riau Menurut Kabupaten/Kota (ribu rupiah), 2020–2024","Per Capita GRDP at Current Market Prices by Regency/Municipality, in Kepulauan Riau Province (thousand rupiahss), 2020–2024",10,10,adb62f440786
KEPULAUAN RIAU,72,Kota Tanjung Pinang,,2024,**,105.384,,"PDRB Per Kapita Atas Dasar Harga Berlaku di Provinsi Kepulauan Riau Menurut Kabupaten/Kota (ribu rupiah), 2020–2024","Per Capita GRDP at Current Market Prices by Regency/Municipality, in Kepulauan Riau Province (thousand rupiahss), 2020–2024",10,10,d5ed961d9b01
KEPULAUAN RIAU,,Jml Kab./Kota Total of Reg./Mun.,,2024,**,161.713,,"PDRB Per Kapita Atas Dasar Harga Berlaku di Provinsi Kepulauan Riau Menurut Kabupaten/Kota (ribu rupiah), 2020–2024","Per Capita GRDP at Current Market Prices by Regency/Municipality, in Kepulauan Riau Province (thousand rupiahss), 2020–2024",10,10,023384c7352e
KEPULAUAN RIAU,,Provinsi/Province,,2024,**,161.424,,"PDRB Per Kapita Atas Dasar Harga Berlaku di Provinsi Kepulauan Riau Menurut Kabupaten/Kota (ribu rupiah), 2020–2024","Per Capita GRDP at Current Market Prices by Regency/Municipality, in Kepulauan Riau Province (thousand rupiahss), 2020–2024",10,10,9e91024ff247
DKI JAKARTA,01,Kab. Kepulauan Seribu,,2020,,232.819,,"PDRB Per Kapita Atas Dasar Harga Berlaku di Provinsi DKI Jakarta Menurut Kabupaten/Kota (ribu rupiah), 2020–2024","Per Capita GRDP at Current Market Prices by Regency/Municipality, in DKI Jakarta Province (thousand rupiahss), 2020–2024",11,1,5267a026b8d1
DKI JAKARTA,71,Kota Jakarta Selatan,,2020,,289.552,,"PDRB Per Kapita Atas Dasar Harga Berlaku di Provinsi DKI Jakarta Menurut Kabupaten/Kota (ribu rupiah), 2020–2024","Per Capita GRDP at Current Market Prices by Regency/Municipality, in DKI Jakarta Province (thousand rupiahss), 2020–2024",11,1,85839fe58b7f
DKI JAKARTA,72,Kota Jakarta Timur,,2020,,155.207,,"PDRB Per Kapita Atas Dasar Harga Berlaku di Provinsi DKI Jakarta Menurut Kabupaten/Kota (ribu rupiah), 2020–2024","Per Capita GRDP at Current Market Prices by Regency/Municipality, in DKI Jakarta Province (thousand rupiahss), 2020–2024",11,1,955a74589823
DKI JAKARTA,73,Kota Jakarta Pusat,,2020,,665.645,,"PDRB Per Kapita Atas Dasar Harga Berlaku di Provinsi DKI Jakarta Menurut Kabupaten/Kota (ribu rupiah), 2020–2024","Per Capita GRDP at Current Market Prices by Regency/Municipality, in DKI Jakarta Province (thousand rupiahss), 2020–2024",11,1,683921ce1dc4
DKI JAKARTA,74,Kota Jakarta Barat,,2020,,192.975,,"PDRB Per Kapita Atas Dasar Harga Berlaku di Provinsi DKI Jakarta Menurut Kabupaten/Kota (ribu rupiah), 2020–2024","Per Capita GRDP at Current Market Prices by Regency/Municipality, in DKI Jakarta Province (thousand rupiahss), 2020–2024",11,1,1b9a5e619a84
DKI JAKARTA,75,Kota Jakarta Utara,,2020,,279.723,,"PDRB Per Kapita Atas Dasar Harga Berlaku di Provinsi DKI Jakarta Menurut Kabupaten/Kota (ribu rupiah), 2020–2024","Per Capita GRDP at Current Market Prices by Regency/Municipality, in DKI Jakarta Province (thousand rupiahss), 2020–2024",11,1,0dee82ba9c98
DKI JAKARTA,,Jml Kab./Kota Total of Reg./Mun.,,2020,,264.439,,"PDRB Per Kapita Atas Dasar Harga Berlaku di Provinsi DKI Jakarta Menurut Kabupaten/Kota (ribu rupiah), 2020–2024","Per Capita GRDP at Current Market Prices by Regency/Municipality, in DKI Jakarta Province (thousand rupiahss), 2020–2024",11,1,acf0cb75fe19
DKI JAKARTA,,Provinsi/Province,,2020,,262.615,,"PDRB Per Kapita Atas Dasar Harga Berlaku di Provinsi DKI Jakarta Menurut Kabupaten/Kota (ribu rupiah), 2020–2024","Per Capita GRDP at Current Market Prices by Regency/Municipality, in DKI Jakarta Province (thousand rupiahss), 2020–2024",11,1,0a566dffe8c7
JAWA BARAT,01,Kab. Bogor,,2020,,43.586,,"PDRB Per Kapita Atas Dasar Harga Berlaku di Provinsi Jawa Barat Menurut Kabupaten/Kota (ribu rupiah), 2020–2024","Per Capita GRDP at Current Market Prices by Regency/Municipality, in Jawa Barat Province (thousand rupiahss), 2020–2024",12,2,1233bc641e6d
JAWA BARAT,02,Kab. Sukabumi,,2020,,24.836,,"PDRB Per Kapita Atas Dasar Harga Berlaku di Provinsi Jawa Barat Menurut Kabupaten/Kota (ribu rupiah), 2020–2024","Per Capita GRDP at Current Market Prices by Regency/Municipality, in Jawa Barat Province (thousand rupiahss), 2020–2024",12,2,0ef92f43ae97
JAWA BARAT,03,Kab. Cianjur,,2020,,19.241,,"PDRB Per Kapita Atas Dasar Harga Berlaku di Provinsi Jawa Barat Menurut Kabupaten/Kota (ribu rupiah), 2020–2024","Per Capita GRDP at Current Market Prices by Regency/Municipality, in Jawa Barat Province (thousand rupiahss), 2020–2024",12,2,c3ee84398643
JAWA BARAT,04,Kab. Bandung,,2020,,34.206,,"PDRB Per Kapita Atas Dasar Harga Berlaku di Provinsi Jawa Barat Menurut Kabupaten/Kota (ribu rupiah), 2020–2024","Per Capita GRDP at Current Market Prices by Regency/Municipality, in Jawa Barat Province (thousand rupiahss), 2020–2024",12,2,6df5ee76af02
JAWA BARAT,05,Kab. Garut,,2020,,22.480,,"PDRB Per Kapita Atas Dasar Harga Berlaku di Provinsi Jawa Barat Menurut Kabupaten/Kota (ribu rupiah), 2020–2024","Per Capita GRDP at Current Market Prices by Regency/Municipality, in Jawa Barat Province (thousand rupiahss), 2020–2024",12,2,0ee64bf8e667
JAWA BARAT,06,Kab. Tasikmalaya,,2020,,20.120,,"PDRB Per Kapita Atas Dasar Harga Berlaku di Provinsi Jawa Barat Menurut Kabupaten/Kota (ribu rupiah), 2020–2024","Per Capita GRDP at Current Market Prices by Regency/Municipality, in Jawa Barat Province (thousand rupiahss), 2020–2024",12,2,14d573d6ea3d
JAWA BARAT,07,Kab. Ciamis,,2020,,26.048,,"PDRB Per Kapita Atas Dasar Harga Berlaku di Provinsi Jawa Barat Menurut Kabupaten/Kota (ribu rupiah), 2020–2024","Per Capita GRDP at Current Market Prices by Regency/Municipality, in Jawa Barat Province (thousand rupiahss), 2020–2024",12,2,4a1ece124b87
JAWA BARAT,08,Kab. Kuningan,,2020,,21.996,,"PDRB Per Kapita Atas Dasar Harga Berlaku di Provinsi Jawa Barat Menurut Kabupaten/Kota (ribu rupiah), 2020–2024","Per Capita GRDP at Current Market Prices by Regency/Municipality, in Jawa Barat Province (thousand rupiahss), 2020–2024",12,2,16120b035fc9
JAWA BARAT,09,Kab. Cirebon,,2020,,21.869,,"PDRB Per Kapita Atas Dasar Harga Berlaku di Provinsi Jawa Barat Menurut Kabupaten/Kota (ribu rupiah), 2020–2024","Per Capita GRDP at Current Market Prices by Regency/Municipality, in Jawa Barat Province (thousand rupiahss), 2020–2024",12,2,b6e837cac574
JAWA BARAT,10,Kab. Majalengka,,2020,,24.708,,"PDRB Per Kapita Atas Dasar Harga Berlaku di Provinsi Jawa Barat Menurut Kabupaten/Kota (ribu rupiah), 2020–2024","Per Capita GRDP at Current Market Prices by Regency/Municipality, in Jawa Barat Province (thousand rupiahss), 2020–2024",12,2,5a7269bd6586
JAWA BARAT,11,Kab. Sumedang,,2020,,30.821,,"PDRB Per Kapita Atas Dasar Harga Berlaku di Provinsi Jawa Barat Menurut Kabupaten/Kota (ribu rupiah), 2020–2024","Per Capita GRDP at Current Market Prices by Regency/Municipality, in Jawa Barat Province (thousand rupiahss), 2020–2024",12,2,afdfd50ba0a5
JAWA BARAT,12,Kab.indramayu,,2020,,43.308,,"PDRB Per Kapita Atas Dasar Harga Berlaku di Provinsi Jawa Barat Menurut Kabupaten/Kota (ribu rupiah), 2020–2024","Per Capita GRDP at Current Market Prices by Regency/Municipality, in Jawa Barat Province (thousand rupiahss), 2020–2024",12,2,ab9785aa8b19
JAWA BARAT,13,Kab. Subang,,2020,,25.209,,"PDRB Per Kapita Atas Dasar Harga Berlaku di Provinsi Jawa Barat Menurut Kabupaten/Kota (ribu rupiah), 2020–2024","Per Capita GRDP at Current Market Prices by Regency/Municipality, in Jawa Barat Province (thousand rupiahss), 2020–2024",12,2,e0527b5aa34b
JAWA BARAT,14,Kab. Purwakarta,,2020,,67.349,,"PDRB Per Kapita Atas Dasar Harga Berlaku di Provinsi Jawa Barat Menurut Kabupaten/Kota (ribu rupiah), 2020–2024","Per Capita GRDP at Current Market Prices by Regency/Municipality, in Jawa Barat Province (thousand rupiahss), 2020–2024",12,2,77a62d229a4d
JAWA BARAT,15,Kab. Karawang,,2020,,91.873,,"PDRB Per Kapita Atas Dasar Harga Berlaku di Provinsi Jawa Barat Menurut Kabupaten/Kota (ribu rupiah), 2020–2024","Per Capita GRDP at Current Market Prices by Regency/Municipality, in Jawa Barat Province (thousand rupiahss), 2020–2024",12,2,0c565641e4df
JAWA BARAT,16,Kab. Bekasi,,2020,,102.419,,"PDRB Per Kapita Atas Dasar Harga Berlaku di Provinsi Jawa Barat Menurut Kabupaten/Kota (ribu rupiah), 2020–2024","Per Capita GRDP at Current Market Prices by Regency/Municipality, in Jawa Barat Province (thousand rupiahss), 2020–2024",12,2,7c3c5fef03ef
JAWA BARAT,17,Kab. Bandung Barat,,2020,,26.088,,"PDRB Per Kapita Atas Dasar Harga Berlaku di Provinsi Jawa Barat Menurut Kabupaten/Kota (ribu rupiah), 2020–2024","Per Capita GRDP at Current Market Prices by Regency/Municipality, in Jawa Barat Province (thousand rupiahss), 2020–2024",12,2,19873d22a183
JAWA BARAT,18,Kab. Pangandaran,,2020,,27.195,,"PDRB Per Kapita Atas Dasar Harga Berlaku di Provinsi Jawa Barat Menurut Kabupaten/Kota (ribu rupiah), 2020–2024","Per Capita GRDP at Current Market Prices by Regency/Municipality, in Jawa Barat Province (thousand rupiahss), 2020–2024",12,2,010201adfcf7
JAWA BARAT,71,Kota Bogor,,2020,,44.100,,"PDRB Per Kapita Atas Dasar Harga Berlaku di Provinsi Jawa Barat Menurut Kabupaten/Kota (ribu rupiah), 2020–2024","Per Capita GRDP at Current Market Prices by Regency/Municipality, in Jawa Barat Province (thousand rupiahss), 2020–2024",12,2,4d25ca52705e
JAWA BARAT,72,Kota Sukabumi,,2020,,35.926,,"PDRB Per Kapita Atas Dasar Harga Berlaku di Provinsi Jawa Barat Menurut Kabupaten/Kota (ribu rupiah), 2020–2024","Per Capita GRDP at Current Market Prices by Regency/Municipality, in Jawa Barat Province (thousand rupiahss), 2020–2024",12,2,c3ddc2ebc773
JAWA BARAT,73,Kota Bandung,,2020,,116.056,,"PDRB Per Kapita Atas Dasar Harga Berlaku di Provinsi Jawa Barat Menurut Kabupaten/Kota (ribu rupiah), 2020–2024","Per Capita GRDP at Current Market Prices by Regency/Municipality, in Jawa Barat Province (thousand rupiahss), 2020–2024",12,2,2faffd78bc36
JAWA BARAT,74,Kota Cirebon,,2020,,70.468,,"PDRB Per Kapita Atas Dasar Harga Berlaku di Provinsi Jawa Barat Menurut Kabupaten/Kota (ribu rupiah), 2020–2024","Per Capita GRDP at Current Market Prices by Regency/Municipality, in Jawa Barat Province (thousand rupiahss), 2020–2024",12,2,fb71f5cdd5e5
JAWA BARAT,75,Kota Bekasi,,2020,,37.999,,"PDRB Per Kapita Atas Dasar Harga Berlaku di Provinsi Jawa Barat Menurut Kabupaten/Kota (ribu rupiah), 2020–2024","Per Capita GRDP at Current Market Prices by Regency/Municipality, in Jawa Barat Province (thousand rupiahss), 2020–2024",12,2,9ca192e8d651
JAWA BARAT,76,Kota Depok,,2020,,34.358,,"PDRB Per Kapita Atas Dasar Harga Berlaku di Provinsi Jawa Barat Menurut Kabupaten/Kota (ribu rupiah), 2020–2024","Per Capita GRDP at Current Market Prices by Regency/Municipality, in Jawa Barat Province (thousand rupiahss), 2020–2024",12,2,4ae834657c65
JAWA BARAT,77,Kota Cimahi,,2020,,56.715,,"PDRB Per Kapita Atas Dasar Harga Berlaku di Provinsi Jawa Barat Menurut Kabupaten/Kota (ribu rupiah), 2020–2024","Per Capita GRDP at Current Market Prices by Regency/Municipality, in Jawa Barat Province (thousand rupiahss), 2020–2024",12,2,c908eb9cc2f2
JAWA BARAT,78,Kota Tasikmalaya,,2020,,30.223,,"PDRB Per Kapita Atas Dasar Harga Berlaku di Provinsi Jawa Barat Menurut Kabupaten/Kota (ribu rupiah), 2020–2024","Per Capita GRDP at Current Market Prices by Regency/Municipality, in Jawa Barat Province (thousand rupiahss), 2020–2024",12,2,b0067eddc74b
JAWA BARAT,79,Kota Banjar,,2020,,22.184,,"PDRB Per Kapita Atas Dasar Harga Berlaku di Provinsi Jawa Barat Menurut Kabupaten/Kota (ribu rupiah), 2020–2024","Per Capita GRDP at Current Market Prices by Regency/Municipality, in Jawa Barat Province (thousand rupiahss), 2020–2024",12,2,1cd84ba70c02
JAWA BARAT,,Jml Kab./Kota Total of Reg./Mun.,,2020,,44.039,,"PDRB Per Kapita Atas Dasar Harga Berlaku di Provinsi Jawa Barat Menurut Kabupaten/Kota (ribu rupiah), 2020–2024","Per Capita GRDP at Current Market Prices by Regency/Municipality, in Jawa Barat Province (thousand rupiahss), 2020–2024",12,2,53cf2daab146
JAWA BARAT,,Provinsi/Province,,2020,,43.237,,"PDRB Per Kapita Atas Dasar Harga Berlaku di Provinsi Jawa Barat Menurut Kabupaten/Kota (ribu rupiah), 2020–2024","Per Capita GRDP at Current Market Prices by Regency/Municipality, in Jawa Barat Province (thousand rupiahss), 2020–2024",12,2,86a18892908c
JAWA TENGAH,01,Kab. Cilacap,,2020,,53.922,,"PDRB Per Kapita Atas Dasar Harga Berlaku di Provinsi Jawa Tengah Menurut Kabupaten/Kota (ribu rupiah), 2020–2024","Per Capita GRDP at Current Market Prices by Regency/Municipality, in Jawa Tengah Province (thousand rupiahss), 2020–2024",13,3,77a5a3694fe3
JAWA TENGAH,02,Kab. Banyumas,,2020,,30.278,,"PDRB Per Kapita Atas Dasar Harga Berlaku di Provinsi Jawa Tengah Menurut Kabupaten/Kota (ribu rupiah), 2020–2024","Per Capita GRDP at Current Market Prices by Regency/Municipality, in Jawa Tengah Province (thousand rupiahss), 2020–2024",13,3,d456c421c981
JAWA TENGAH,03,Kab. Purbalingga,,2020,,25.204,,"PDRB Per Kapita Atas Dasar Harga Berlaku di Provinsi Jawa Tengah Menurut Kabupaten/Kota (ribu rupiah), 2020–2024","Per Capita GRDP at Current Market Prices by Regency/Municipality, in Jawa Tengah Province (thousand rupiahss), 2020–2024",13,3,b8d3c0024813
JAWA TENGAH,04,Kab. Banjarnegara,,2020,,21.376,,"PDRB Per Kapita Atas Dasar Harga Berlaku di Provinsi Jawa Tengah Menurut Kabupaten/Kota (ribu rupiah), 2020–2024","Per Capita GRDP at Current Market Prices by Regency/Municipality, in Jawa Tengah Province (thousand rupiahss), 2020–2024",13,3,350e41f90ac9
JAWA TENGAH,05,Kab. Kebumen,,2020,,20.801,,"PDRB Per Kapita Atas Dasar Harga Berlaku di Provinsi Jawa Tengah Menurut Kabupaten/Kota (ribu rupiah), 2020–2024","Per Capita GRDP at Current Market Prices by Regency/Municipality, in Jawa Tengah Province (thousand rupiahss), 2020–2024",13,3,88a1acc904d2
JAWA TENGAH,06,Kab. Purworejo,,2020,,24.255,,"PDRB Per Kapita Atas Dasar Harga Berlaku di Provinsi Jawa Tengah Menurut Kabupaten/Kota (ribu rupiah), 2020–2024","Per Capita GRDP at Current Market Prices by Regency/Municipality, in Jawa Tengah Province (thousand rupiahss), 2020–2024",13,3,ffbf33017cb4
JAWA TENGAH,07,Kab. Wonosobo,,2020,,21.487,,"PDRB Per Kapita Atas Dasar Harga Berlaku di Provinsi Jawa Tengah Menurut Kabupaten/Kota (ribu rupiah), 2020–2024","Per Capita GRDP at Current Market Prices by Regency/Municipality, in Jawa Tengah Province (thousand rupiahss), 2020–2024",13,3,83b134682556
JAWA TENGAH,08,Kab. Magelang,,2020,,25.006,,"PDRB Per Kapita Atas Dasar Harga Berlaku di Provinsi Jawa Tengah Menurut Kabupaten/Kota (ribu rupiah), 2020–2024","Per Capita GRDP at Current Market Prices by Regency/Municipality, in Jawa Tengah Province (thousand rupiahss), 2020–2024",13,3,6f39e7bb0e94
JAWA TENGAH,09,Kab. Boyolali,,2020,,30.827,,"PDRB Per Kapita Atas Dasar Harga Berlaku di Provinsi Jawa Tengah Menurut Kabupaten/Kota (ribu rupiah), 2020–2024","Per Capita GRDP at Current Market Prices by Regency/Municipality, in Jawa Tengah Province (thousand rupiahss), 2020–2024",13,3,618bfd38a7ad
JAWA TENGAH,10,Kab. Klaten,,2020,,31.737,,"PDRB Per Kapita Atas Dasar Harga Berlaku di Provinsi Jawa Tengah Menurut Kabupaten/Kota (ribu rupiah), 2020–2024","Per Capita GRDP at Current Market Prices by Regency/Municipality, in Jawa Tengah Province (thousand rupiahss), 2020–2024",13,3,5b3d060e845b
JAWA TENGAH,11,Kab. Sukoharjo,,2020,,40.700,,"PDRB Per Kapita Atas Dasar Harga Berlaku di Provinsi Jawa Tengah Menurut Kabupaten/Kota (ribu rupiah), 2020–2024","Per Capita GRDP at Current Market Prices by Regency/Municipality, in Jawa Tengah Province (thousand rupiahss), 2020–2024",13,3,414e4abebc15
JAWA TENGAH,12,Kab. Wonogiri,,2020,,28.010,,"PDRB Per Kapita Atas Dasar Harga Berlaku di Provinsi Jawa Tengah Menurut Kabupaten/Kota (ribu rupiah), 2020–2024","Per Capita GRDP at Current Market Prices by Regency/Municipality, in Jawa Tengah Province (thousand rupiahss), 2020–2024",13,3,d16a27356f2c
JAWA TENGAH,13,Kab. Karanganyar,,2020,,39.818,,"PDRB Per Kapita Atas Dasar Harga Berlaku di Provinsi Jawa Tengah Menurut Kabupaten/Kota (ribu rupiah), 2020–2024","Per Capita GRDP at Current Market Prices by Regency/Municipality, in Jawa Tengah Province (thousand rupiahss), 2020–2024",13,3,47f2fd089b87
JAWA TENGAH,14,Kab. Sragen,,2020,,38.827,,"PDRB Per Kapita Atas Dasar Harga Berlaku di Provinsi Jawa Tengah Menurut Kabupaten/Kota (ribu rupiah), 2020–2024","Per Capita GRDP at Current Market Prices by Regency/Municipality, in Jawa Tengah Province (thousand rupiahss), 2020–2024",13,3,89c959bc41ac
JAWA TENGAH,15,Kab. Grobogan,,2020,,18.789,,"PDRB Per Kapita Atas Dasar Harga Berlaku di Provinsi Jawa Tengah Menurut Kabupaten/Kota (ribu rupiah), 2020–2024","Per Capita GRDP at Current Market Prices by Regency/Municipality, in Jawa Tengah Province (thousand rupiahss), 2020–2024",13,3,a4658910841d
JAWA TENGAH,16,Kab. Blora,,2020,,27.158,,"PDRB Per Kapita Atas Dasar Harga Berlaku di Provinsi Jawa Tengah Menurut Kabupaten/Kota (ribu rupiah), 2020–2024","Per Capita GRDP at Current Market Prices by Regency/Municipality, in Jawa Tengah Province (thousand rupiahss), 2020–2024",13,3,01445b89362f
JAWA TENGAH,17,Kab. Rembang,,2020,,29.387,,"PDRB Per Kapita Atas Dasar Harga Berlaku di Provinsi Jawa Tengah Menurut Kabupaten/Kota (ribu rupiah), 2020–2024","Per Capita GRDP at Current Market Prices by Regency/Municipality, in Jawa Tengah Province (thousand rupiahss), 2020–2024",13,3,973cb52cfc39
JAWA TENGAH,18,Kab. Pati,,2020,,32.741,,"PDRB Per Kapita Atas Dasar Harga Berlaku di Provinsi Jawa Tengah Menurut Kabupaten/Kota (ribu rupiah), 2020–2024","Per Capita GRDP at Current Market Prices by Regency/Municipality, in Jawa Tengah Province (thousand rupiahss), 2020–2024",13,3,36eddb4cb57c
JAWA TENGAH,19,Kab. Kudus,,2020,,129.137,,"PDRB Per Kapita Atas Dasar Harga Berlaku di Provinsi Jawa Tengah Menurut Kabupaten/Kota (ribu rupiah), 2020–2024","Per Capita GRDP at Current Market Prices by Regency/Municipality, in Jawa Tengah Province (thousand rupiahss), 2020–2024",13,3,afd031759796
JAWA TENGAH,20,Kab. Jepara,,2020,,25.487,,"PDRB Per Kapita Atas Dasar Harga Berlaku di Provinsi Jawa Tengah Menurut Kabupaten/Kota (ribu rupiah), 2020–2024","Per Capita GRDP at Current Market Prices by Regency/Municipality, in Jawa Tengah Province (thousand rupiahss), 2020–2024",13,3,5c450b98e717
JAWA TENGAH,21,Kab. Demak,,2020,,22.097,,"PDRB Per Kapita Atas Dasar Harga Berlaku di Provinsi Jawa Tengah Menurut Kabupaten/Kota (ribu rupiah), 2020–2024","Per Capita GRDP at Current Market Prices by Regency/Municipality, in Jawa Tengah Province (thousand rupiahss), 2020–2024",13,3,283a8918e1fb
JAWA TENGAH,22,Kab. Semarang,,2020,,46.666,,"PDRB Per Kapita Atas Dasar Harga Berlaku di Provinsi Jawa Tengah Menurut Kabupaten/Kota (ribu rupiah), 2020–2024","Per Capita GRDP at Current Market Prices by Regency/Municipality, in Jawa Tengah Province (thousand rupiahss), 2020–2024",13,3,5cdfaf26c09e
JAWA TENGAH,23,Kab. Temanggung,,2020,,27.326,,"PDRB Per Kapita Atas Dasar Harga Berlaku di Provinsi Jawa Tengah Menurut Kabupaten/Kota (ribu rupiah), 2020–2024","Per Capita GRDP at Current Market Prices by Regency/Municipality, in Jawa Tengah Province (thousand rupiahss), 2020–2024",13,3,beaa55b7a5f4
JAWA TENGAH,24,Kab. Kendal,,2020,,41.895,,"PDRB Per Kapita Atas Dasar Harga Berlaku di Provinsi Jawa Tengah Menurut Kabupaten/Kota (ribu rupiah), 2020–2024","Per Capita GRDP at Current Market Prices by Regency/Municipality, in Jawa Tengah Province (thousand rupiahss), 2020–2024",13,3,ba7f963c62d9
JAWA TENGAH,25,Kab. Batang,,2020,,27.024,,"PDRB Per Kapita Atas Dasar Harga Berlaku di Provinsi Jawa Tengah Menurut Kabupaten/Kota (ribu rupiah), 2020–2024","Per Capita GRDP at Current Market Prices by Regency/Municipality, in Jawa Tengah Province (thousand rupiahss), 2020–2024",13,3,0a9384b1eae1
JAWA TENGAH,26,Kab. Pekalongan,,2020,,23.596,,"PDRB Per Kapita Atas Dasar Harga Berlaku di Provinsi Jawa Tengah Menurut Kabupaten/Kota (ribu rupiah), 2020–2024","Per Capita GRDP at Current Market Prices by Regency/Municipality, in Jawa Tengah Province (thousand rupiahss), 2020–2024",13,3,9e335d0fc80f
JAWA TENGAH,27,Kab. Pemalang,,2020,,17.596,,"PDRB Per Kapita Atas Dasar Harga Berlaku di Provinsi Jawa Tengah Menurut Kabupaten/Kota (ribu rupiah), 2020–2024","Per Capita GRDP at Current Market Prices by Regency/Municipality, in Jawa Tengah Province (thousand rupiahss), 2020–2024",13,3,23c3e4278814
JAWA TENGAH,28,Kab. Tegal,,2020,,22.154,,"PDRB Per Kapita Atas Dasar Harga Berlaku di Provinsi Jawa Tengah Menurut Kabupaten/Kota (ribu rupiah), 2020–2024","Per Capita GRDP at Current Market Prices by Regency/Municipality, in Jawa Tengah Province (thousand rupiahss), 2020–2024",13,3,67cf0c06ad66
JAWA TENGAH,29,Kab. Brebes,,2020,,23.834,,"PDRB Per Kapita Atas Dasar Harga Berlaku di Provinsi Jawa Tengah Menurut Kabupaten/Kota (ribu rupiah), 2020–2024","Per Capita GRDP at Current Market Prices by Regency/Municipality, in Jawa Tengah Province (thousand rupiahss), 2020–2024",13,3,6b2b74afefe3
JAWA TENGAH,71,Kota Magelang,,2020,,71.702,,"PDRB Per Kapita Atas Dasar Harga Berlaku di Provinsi Jawa Tengah Menurut Kabupaten/Kota (ribu rupiah), 2020–2024","Per Capita GRDP at Current Market Prices by Regency/Municipality, in Jawa Tengah Province (thousand rupiahss), 2020–2024",13,3,d6ab85a319d8
JAWA TENGAH,72,Kota Surakarta,,2020,,91.171,,"PDRB Per Kapita Atas Dasar Harga Berlaku di Provinsi Jawa Tengah Menurut Kabupaten/Kota (ribu rupiah), 2020–2024","Per Capita GRDP at Current Market Prices by Regency/Municipality, in Jawa Tengah Province (thousand rupiahss), 2020–2024",13,3,0ee3a6d206fa
JAWA TENGAH,73,Kota Salatiga,,2020,,69.142,,"PDRB Per Kapita Atas Dasar Harga Berlaku di Provinsi Jawa Tengah Menurut Kabupaten/Kota (ribu rupiah), 2020–2024","Per Capita GRDP at Current Market Prices by Regency/Municipality, in Jawa Tengah Province (thousand rupiahss), 2020–2024",13,3,6c839c73c9bb
JAWA TENGAH,74,Kota Semarang,,2020,,114.189,,"PDRB Per Kapita Atas Dasar Harga Berlaku di Provinsi Jawa Tengah Menurut Kabupaten/Kota (ribu rupiah), 2020–2024","Per Capita GRDP at Current Market Prices by Regency/Municipality, in Jawa Tengah Province (thousand rupiahss), 2020–2024",13,3,f95088ab73cf
JAWA TENGAH,75,Kota Pekalongan,,2020,,35.360,,"PDRB Per Kapita Atas Dasar Harga Berlaku di Provinsi Jawa Tengah Menurut Kabupaten/Kota (ribu rupiah), 2020–2024","Per Capita GRDP at Current Market Prices by Regency/Municipality, in Jawa Tengah Province (thousand rupiahss), 2020–2024",13,3,480e983e2819
JAWA TENGAH,76,Kota Tegal,,2020,,55.724,,"PDRB Per Kapita Atas Dasar Harga Berlaku di Provinsi Jawa Tengah Menurut Kabupaten/Kota (ribu rupiah), 2020–2024","Per Capita GRDP at Current Market Prices by Regency/Municipality, in Jawa Tengah Province (thousand rupiahss), 2020–2024",13,3,4ae79556de30
JAWA TENGAH,,Jml Kab./Kota Total of Reg./Mun.,,2020,,36.945,,"PDRB Per Kapita Atas Dasar Harga Berlaku di Provinsi Jawa Tengah Menurut Kabupaten/Kota (ribu rupiah), 2020–2024","Per Capita GRDP at Current Market Prices by Regency/Municipality, in Jawa Tengah Province (thousand rupiahss), 2020–2024",13,3,53659814b8c5
JAWA TENGAH,,Provinsi/Province,,2020,,36.965,,"PDRB Per Kapita Atas Dasar Harga Berlaku di Provinsi Jawa Tengah Menurut Kabupaten/Kota (ribu rupiah), 2020–2024","Per Capita GRDP at Current Market Prices by Regency/Municipality, in Jawa Tengah Province (thousand rupiahss), 2020–2024",13,3,3cc1a39c6eea
DI YOGYAKARTA,01,Kab. Kulon Progo,,2020,,26.965,,"PDRB Per Kapita Atas Dasar Harga Berlaku di Provinsi DI Yogyakarta Menurut Kabupaten/Kota (ribu rupiah), 2020–2024","Per Capita GRDP at Current Market Prices by Regency/Municipality, in DI Yogyakarta Province (thousand rupiahss), 2020–2024",14,4,de36eeebf942
DI YOGYAKARTA,02,Kab. Bantul,,2020,,26.556,,"PDRB Per Kapita Atas Dasar Harga Berlaku di Provinsi DI Yogyakarta Menurut Kabupaten/Kota (ribu rupiah), 2020–2024","Per Capita GRDP at Current Market Prices by Regency/Municipality, in DI Yogyakarta Province (thousand rupiahss), 2020–2024",14,4,52cee78ba86d
DI YOGYAKARTA,03,Kab. Gunung Kidul,,2020,,25.398,,"PDRB Per Kapita Atas Dasar Harga Berlaku di Provinsi DI Yogyakarta Menurut Kabupaten/Kota (ribu rupiah), 2020–2024","Per Capita GRDP at Current Market Prices by Regency/Municipality, in DI Yogyakarta Province (thousand rupiahss), 2020–2024",14,4,22ab27b33817
DI YOGYAKARTA,04,Kab. Sleman,,2020,,40.568,,"PDRB Per Kapita Atas Dasar Harga Berlaku di Provinsi DI Yogyakarta Menurut Kabupaten/Kota (ribu rupiah), 2020–2024","Per Capita GRDP at Current Market Prices by Regency/Municipality, in DI Yogyakarta Province (thousand rupiahss), 2020–2024",14,4,46e79833ccad
DI YOGYAKARTA,71,Kota Yogyakarta,,2020,,95.591,,"PDRB Per Kapita Atas Dasar Harga Berlaku di Provinsi DI Yogyakarta Menurut Kabupaten/Kota (ribu rupiah), 2020–2024","Per Capita GRDP at Current Market Prices by Regency/Municipality, in DI Yogyakarta Province (thousand rupiahss), 2020–2024",14,4,078525c6e55d
DI YOGYAKARTA,,Jml Kab./Kota Total of Reg./Mun.,,2020,,37.713,,"PDRB Per Kapita Atas Dasar Harga Berlaku di Provinsi DI Yogyakarta Menurut Kabupaten/Kota (ribu rupiah), 2020–2024","Per Capita GRDP at Current Market Prices by Regency/Municipality, in DI Yogyakarta Province (thousand rupiahss), 2020–2024",14,4,1ee6ceb12347
DI YOGYAKARTA,,Provinsi/Province,,2020,,37.694,,"PDRB Per Kapita Atas Dasar Harga Berlaku di Provinsi DI Yogyakarta Menurut Kabupaten/Kota (ribu rupiah), 2020–2024","Per Capita GRDP at Current Market Prices by Regency/Municipality, in DI Yogyakarta Province (thousand rupiahss), 2020–2024",14,4,99e0ce263f23
JAWA TIMUR,01,Kab. Pacitan,,2020,,26.972,,"PDRB Per Kapita Atas Dasar Harga Berlaku di Provinsi Jawa Timur Menurut Kabupaten/Kota (ribu rupiah), 2020–2024","Per Capita GRDP at Current Market Prices by Regency/Municipality, in Jawa Timur Province (thousand rupiahss), 2020–2024",15,5,7cfbcdba6ad6
JAWA TIMUR,02,Kab. Ponorogo,,2020,,21.654,,"PDRB Per Kapita Atas Dasar Harga Berlaku di Provinsi Jawa Timur Menurut Kabupaten/Kota (ribu rupiah), 2020–2024","Per Capita GRDP at Current Market Prices by Regency/Municipality, in Jawa Timur Province (thousand rupiahss), 2020–2024",15,5,1880920b7855
JAWA TIMUR,03,Kab. Trenggalek,,2020,,25.087,,"PDRB Per Kapita Atas Dasar Harga Berlaku di Provinsi Jawa Timur Menurut Kabupaten/Kota (ribu rupiah), 2020–2024","Per Capita GRDP at Current Market Prices by Regency/Municipality, in Jawa Timur Province (thousand rupiahss), 2020–2024",15,5,73e9d1941608
JAWA TIMUR,04,Kab. Tulungagung,,2020,,35.143,,"PDRB Per Kapita Atas Dasar Harga Berlaku di Provinsi Jawa Timur Menurut Kabupaten/Kota (ribu rupiah), 2020–2024","Per Capita GRDP at Current Market Prices by Regency/Municipality, in Jawa Timur Province (thousand rupiahss), 2020–2024",15,5,a99eb47ddac4
JAWA TIMUR,05,Kab. Blitar,,2020,,29.490,,"PDRB Per Kapita Atas Dasar Harga Berlaku di Provinsi Jawa Timur Menurut Kabupaten/Kota (ribu rupiah), 2020–2024","Per Capita GRDP at Current Market Prices by Regency/Municipality, in Jawa Timur Province (thousand rupiahss), 2020–2024",15,5,db52f77f77fe
JAWA TIMUR,06,Kab. Kediri,,2020,,24.885,,"PDRB Per Kapita Atas Dasar Harga Berlaku di Provinsi Jawa Timur Menurut Kabupaten/Kota (ribu rupiah), 2020–2024","Per Capita GRDP at Current Market Prices by Regency/Municipality, in Jawa Timur Province (thousand rupiahss), 2020–2024",15,5,baec7e1c660e
JAWA TIMUR,07,Kab. Malang,,2020,,38.495,,"PDRB Per Kapita Atas Dasar Harga Berlaku di Provinsi Jawa Timur Menurut Kabupaten/Kota (ribu rupiah), 2020–2024","Per Capita GRDP at Current Market Prices by Regency/Municipality, in Jawa Timur Province (thousand rupiahss), 2020–2024",15,5,d24d9a44cd99
JAWA TIMUR,08,Kab. Lumajang,,2020,,28.707,,"PDRB Per Kapita Atas Dasar Harga Berlaku di Provinsi Jawa Timur Menurut Kabupaten/Kota (ribu rupiah), 2020–2024","Per Capita GRDP at Current Market Prices by Regency/Municipality, in Jawa Timur Province (thousand rupiahss), 2020–2024",15,5,6e092cff760b
JAWA TIMUR,09,Kab. Jember,,2020,,30.023,,"PDRB Per Kapita Atas Dasar Harga Berlaku di Provinsi Jawa Timur Menurut Kabupaten/Kota (ribu rupiah), 2020–2024","Per Capita GRDP at Current Market Prices by Regency/Municipality, in Jawa Timur Province (thousand rupiahss), 2020–2024",15,5,35efebcd4dee
JAWA TIMUR,10,Kab. Banyuwangi,,2020,,47.567,,"PDRB Per Kapita Atas Dasar Harga Berlaku di Provinsi Jawa Timur Menurut Kabupaten/Kota (ribu rupiah), 2020–2024","Per Capita GRDP at Current Market Prices by Regency/Municipality, in Jawa Timur Province (thousand rupiahss), 2020–2024",15,5,d39ed4d8bce3
JAWA TIMUR,11,Kab. Bondowoso,,2020,,25.706,,"PDRB Per Kapita Atas Dasar Harga Berlaku di Provinsi Jawa Timur Menurut Kabupaten/Kota (ribu rupiah), 2020–2024","Per Capita GRDP at Current Market Prices by Regency/Municipality, in Jawa Timur Province (thousand rupiahss), 2020–2024",15,5,39b8e820de38
JAWA TIMUR,12,Kab. Situbondo,,2020,,29.244,,"PDRB Per Kapita Atas Dasar Harga Berlaku di Provinsi Jawa Timur Menurut Kabupaten/Kota (ribu rupiah), 2020–2024","Per Capita GRDP at Current Market Prices by Regency/Municipality, in Jawa Timur Province (thousand rupiahss), 2020–2024",15,5,54ea61415059
JAWA TIMUR,13,Kab. Probolinggo,,2020,,29.280,,"PDRB Per Kapita Atas Dasar Harga Berlaku di Provinsi Jawa Timur Menurut Kabupaten/Kota (ribu rupiah), 2020–2024","Per Capita GRDP at Current Market Prices by Regency/Municipality, in Jawa Timur Province (thousand rupiahss), 2020–2024",15,5,e691505a40dc
JAWA TIMUR,14,Kab. Pasuruan,,2020,,90.747,,"PDRB Per Kapita Atas Dasar Harga Berlaku di Provinsi Jawa Timur Menurut Kabupaten/Kota (ribu rupiah), 2020–2024","Per Capita GRDP at Current Market Prices by Regency/Municipality, in Jawa Timur Province (thousand rupiahss), 2020–2024",15,5,cdfe7702ca2a
JAWA TIMUR,15,Kab. Sidoarjo,,2020,,94.818,,"PDRB Per Kapita Atas Dasar Harga Berlaku di Provinsi Jawa Timur Menurut Kabupaten/Kota (ribu rupiah), 2020–2024","Per Capita GRDP at Current Market Prices by Regency/Municipality, in Jawa Timur Province (thousand rupiahss), 2020–2024",15,5,1e0331e69d9f
JAWA TIMUR,16,Kab. Mojokerto,,2020,,73.335,,"PDRB Per Kapita Atas Dasar Harga Berlaku di Provinsi Jawa Timur Menurut Kabupaten/Kota (ribu rupiah), 2020–2024","Per Capita GRDP at Current Market Prices by Regency/Municipality, in Jawa Timur Province (thousand rupiahss), 2020–2024",15,5,bd86a4f3bcf8
JAWA TIMUR,17,Kab. Jombang,,2020,,30.303,,"PDRB Per Kapita Atas Dasar Harga Berlaku di Provinsi Jawa Timur Menurut Kabupaten/Kota (ribu rupiah), 2020–2024","Per Capita GRDP at Current Market Prices by Regency/Municipality, in Jawa Timur Province (thousand rupiahss), 2020–2024",15,5,f8787535d796
JAWA TIMUR,18,Kab. Nganjuk,,2020,,24.134,,"PDRB Per Kapita Atas Dasar Harga Berlaku di Provinsi Jawa Timur Menurut Kabupaten/Kota (ribu rupiah), 2020–2024","Per Capita GRDP at Current Market Prices by Regency/Municipality, in Jawa Timur Province (thousand rupiahss), 2020–2024",15,5,d61c0198a637
JAWA TIMUR,19,Kab. Madiun,,2020,,25.811,,"PDRB Per Kapita Atas Dasar Harga Berlaku di Provinsi Jawa Timur Menurut Kabupaten/Kota (ribu rupiah), 2020–2024","Per Capita GRDP at Current Market Prices by Regency/Municipality, in Jawa Timur Province (thousand rupiahss), 2020–2024",15,5,d2e407cbca47
JAWA TIMUR,20,Kab. Magetan,,2020,,28.024,,"PDRB Per Kapita Atas Dasar Harga Berlaku di Provinsi Jawa Timur Menurut Kabupaten/Kota (ribu rupiah), 2020–2024","Per Capita GRDP at Current Market Prices by Regency/Municipality, in Jawa Timur Province (thousand rupiahss), 2020–2024",15,5,6e412371c96d
JAWA TIMUR,21,Kab. Ngawi,,2020,,23.323,,"PDRB Per Kapita Atas Dasar Harga Berlaku di Provinsi Jawa Timur Menurut Kabupaten/Kota (ribu rupiah), 2020–2024","Per Capita GRDP at Current Market Prices by Regency/Municipality, in Jawa Timur Province (thousand rupiahss), 2020–2024",15,5,cdaf1888cd65
JAWA TIMUR,22,Kab. Bojonegoro,,2020,,54.048,,"PDRB Per Kapita Atas Dasar Harga Berlaku di Provinsi Jawa Timur Menurut Kabupaten/Kota (ribu rupiah), 2020–2024","Per Capita GRDP at Current Market Prices by Regency/Municipality, in Jawa Timur Province (thousand rupiahss), 2020–2024",15,5,9a9f5a764ade
JAWA TIMUR,23,Kab. Tuban,,2020,,52.085,,"PDRB Per Kapita Atas Dasar Harga Berlaku di Provinsi Jawa Timur Menurut Kabupaten/Kota (ribu rupiah), 2020–2024","Per Capita GRDP at Current Market Prices by Regency/Municipality, in Jawa Timur Province (thousand rupiahss), 2020–2024",15,5,d40747768ab0
JAWA TIMUR,24,Kab. Lamongan,,2020,,29.221,,"PDRB Per Kapita Atas Dasar Harga Berlaku di Provinsi Jawa Timur Menurut Kabupaten/Kota (ribu rupiah), 2020–2024","Per Capita GRDP at Current Market Prices by Regency/Municipality, in Jawa Timur Province (thousand rupiahss), 2020–2024",15,5,45a79324501f
JAWA TIMUR,25,Kab. Gresik,,2020,,102.623,,"PDRB Per Kapita Atas Dasar Harga Berlaku di Provinsi Jawa Timur Menurut Kabupaten/Kota (ribu rupiah), 2020–2024","Per Capita GRDP at Current Market Prices by Regency/Municipality, in Jawa Timur Province (thousand rupiahss), 2020–2024",15,5,85e0dba6f017
JAWA TIMUR,26,Kab. Bangkalan,,2020,,22.038,,"PDRB Per Kapita Atas Dasar Harga Berlaku di Provinsi Jawa Timur Menurut Kabupaten/Kota (ribu rupiah), 2020–2024","Per Capita GRDP at Current Market Prices by Regency/Municipality, in Jawa Timur Province (thousand rupiahss), 2020–2024",15,5,db8f6c8843d5
JAWA TIMUR,27,Kab. Sampang,,2020,,20.503,,"PDRB Per Kapita Atas Dasar Harga Berlaku di Provinsi Jawa Timur Menurut Kabupaten/Kota (ribu rupiah), 2020–2024","Per Capita GRDP at Current Market Prices by Regency/Municipality, in Jawa Timur Province (thousand rupiahss), 2020–2024",15,5,a08699d75ae1
JAWA TIMUR,28,Kab. Pamekasan,,2020,,19.779,,"PDRB Per Kapita Atas Dasar Harga Berlaku di Provinsi Jawa Timur Menurut Kabupaten/Kota (ribu rupiah), 2020–2024","Per Capita GRDP at Current Market Prices by Regency/Municipality, in Jawa Timur Province (thousand rupiahss), 2020–2024",15,5,3e2fe85ec55b
JAWA TIMUR,29,Kab. Sumenep,,2020,,29.166,,"PDRB Per Kapita Atas Dasar Harga Berlaku di Provinsi Jawa Timur Menurut Kabupaten/Kota (ribu rupiah), 2020–2024","Per Capita GRDP at Current Market Prices by Regency/Municipality, in Jawa Timur Province (thousand rupiahss), 2020–2024",15,5,a22fbbabe4e1
JAWA TIMUR,71,Kota Kediri,,2020,,462.199,,"PDRB Per Kapita Atas Dasar Harga Berlaku di Provinsi Jawa Timur Menurut Kabupaten/Kota (ribu rupiah), 2020–2024","Per Capita GRDP at Current Market Prices by Regency/Municipality, in Jawa Timur Province (thousand rupiahss), 2020–2024",15,5,b70f88b82b48
JAWA TIMUR,72,Kota Blitar,,2020,,45.090,,"PDRB Per Kapita Atas Dasar Harga Berlaku di Provinsi Jawa Timur Menurut Kabupaten/Kota (ribu rupiah), 2020–2024","Per Capita GRDP at Current Market Prices by Regency/Municipality, in Jawa Timur Province (thousand rupiahss), 2020–2024",15,5,58e73d4e68e1
JAWA TIMUR,73,Kota Malang,,2020,,85.540,,"PDRB Per Kapita Atas Dasar Harga Berlaku di Provinsi Jawa Timur Menurut Kabupaten/Kota (ribu rupiah), 2020–2024","Per Capita GRDP at Current Market Prices by Regency/Municipality, in Jawa Timur Province (thousand rupiahss), 2020–2024",15,5,4eb635e89c18
JAWA TIMUR,74,Kota Probolinggo,,2020,,46.302,,"PDRB Per Kapita Atas Dasar Harga Berlaku di Provinsi Jawa Timur Menurut Kabupaten/Kota (ribu rupiah), 2020–2024","Per Capita GRDP at Current Market Prices by Regency/Municipality, in Jawa Timur Province (thousand rupiahss), 2020–2024",15,5,7565ccb9b187
JAWA TIMUR,75,Kota Pasuruan,,2020,,38.774,,"PDRB Per Kapita Atas Dasar Harga Berlaku di Provinsi Jawa Timur Menurut Kabupaten/Kota (ribu rupiah), 2020–2024","Per Capita GRDP at Current Market Prices by Regency/Municipality, in Jawa Timur Province (thousand rupiahss), 2020–2024",15,5,ce19b2faf195
JAWA TIMUR,76,Kota Mojokerto,,2020,,49.840,,"PDRB Per Kapita Atas Dasar Harga Berlaku di Provinsi Jawa Timur Menurut Kabupaten/Kota (ribu rupiah), 2020–2024","Per Capita GRDP at Current Market Prices by Regency/Municipality, in Jawa Timur Province (thousand rupiahss), 2020–2024",15,5,75ff498946de
JAWA TIMUR,77,Kota Madiun,,2020,,69.463,,"PDRB Per Kapita Atas Dasar Harga Berlaku di Provinsi Jawa Timur Menurut Kabupaten/Kota (ribu rupiah), 2020–2024","Per Capita GRDP at Current Market Prices by Regency/Municipality, in Jawa Timur Province (thousand rupiahss), 2020–2024",15,5,98f415866f48
JAWA TIMUR,78,Kota Surabaya,,2020,,193.010,,"PDRB Per Kapita Atas Dasar Harga Berlaku di Provinsi Jawa Timur Menurut Kabupaten/Kota (ribu rupiah), 2020–2024","Per Capita GRDP at Current Market Prices by Regency/Municipality, in Jawa Timur Province (thousand rupiahss), 2020–2024",15,5,ba23f5fcecea
JAWA TIMUR,79,Kota Batu,,2020,,74.884,,"PDRB Per Kapita Atas Dasar Harga Berlaku di Provinsi Jawa Timur Menurut Kabupaten/Kota (ribu rupiah), 2020–2024","Per Capita GRDP at Current Market Prices by Regency/Municipality, in Jawa Timur Province (thousand rupiahss), 2020–2024",15,5,36ebb9babd4a
JAWA TIMUR,,Jml Kab./Kota Total of Reg./Mun.,,2020,,56.732,,"PDRB Per Kapita Atas Dasar Harga Berlaku di Provinsi Jawa Timur Menurut Kabupaten/Kota (ribu rupiah), 2020–2024","Per Capita GRDP at Current Market Prices by Regency/Municipality, in Jawa Timur Province (thousand rupiahss), 2020–2024",15,5,553a3cf6e32e
JAWA TIMUR,,Provinsi/Province,,2020,,56.641,,"PDRB Per Kapita Atas Dasar Harga Berlaku di Provinsi Jawa Timur Menurut Kabupaten/Kota (ribu rupiah), 2020–2024","Per Capita GRDP at Current Market Prices by Regency/Municipality, in Jawa Timur Province (thousand rupiahss), 2020–2024",15,5,0eb908e24b59
BANTEN,01,Kab. Pandeglang,,2020,,22.350,,"PDRB Per Kapita Atas Dasar Harga Berlaku di Provinsi Banten Menurut Kabupaten/Kota (ribu rupiah), 2020–2024","Per Capita GRDP at Current Market Prices by Regency/Municipality, in Banten Province (thousand rupiahss), 2020–2024",16,6,9c1620acaa73
BANTEN,02,Kab. Lebak,,2020,,21.026,,"PDRB Per Kapita Atas Dasar Harga Berlaku di Provinsi Banten Menurut Kabupaten/Kota (ribu rupiah), 2020–2024","Per Capita GRDP at Current Market Prices by Regency/Municipality, in Banten Province (thousand rupiahss), 2020–2024",16,6,6619f5af9ea9
BANTEN,03,Kab. Tangerang,,2020,,41.964,,"PDRB Per Kapita Atas Dasar Harga Berlaku di Provinsi Banten Menurut Kabupaten/Kota (ribu rupiah), 2020–2024","Per Capita GRDP at Current Market Prices by Regency/Municipality, in Banten Province (thousand rupiahss), 2020–2024",16,6,909dd40e7e15
BANTEN,04,Kab. Serang,,2020,,46.937,,"PDRB Per Kapita Atas Dasar Harga Berlaku di Provinsi Banten Menurut Kabupaten/Kota (ribu rupiah), 2020–2024","Per Capita GRDP at Current Market Prices by Regency/Municipality, in Banten Province (thousand rupiahss), 2020–2024",16,6,8ff45d59a5e0
BANTEN,71,Kota Tangerang,,2020,,75.560,,"PDRB Per Kapita Atas Dasar Harga Berlaku di Provinsi Banten Menurut Kabupaten/Kota (ribu rupiah), 2020–2024","Per Capita GRDP at Current Market Prices by Regency/Municipality, in Banten Province (thousand rupiahss), 2020–2024",16,6,834cc274b0f0
BANTEN,72,Kota Cilegon,,2020,,237.118,,"PDRB Per Kapita Atas Dasar Harga Berlaku di Provinsi Banten Menurut Kabupaten/Kota (ribu rupiah), 2020–2024","Per Capita GRDP at Current Market Prices by Regency/Municipality, in Banten Province (thousand rupiahss), 2020–2024",16,6,dbbcfeb8ced9
BANTEN,73,Kota Serang,,2020,,45.963,,"PDRB Per Kapita Atas Dasar Harga Berlaku di Provinsi Banten Menurut Kabupaten/Kota (ribu rupiah), 2020–2024","Per Capita GRDP at Current Market Prices by Regency/Municipality, in Banten Province (thousand rupiahss), 2020–2024",16,6,a00392ffe7de
BANTEN,74,Kota Tangerang Selatan,,2020,,61.017,,"PDRB Per Kapita Atas Dasar Harga Berlaku di Provinsi Banten Menurut Kabupaten/Kota (ribu rupiah), 2020–2024","Per Capita GRDP at Current Market Prices by Regency/Municipality, in Banten Province (thousand rupiahss), 2020–2024",16,6,15c8e8dcc66e
BANTEN,,Jml Kab./Kota Total of Reg./Mun.,,2020,,52.990,,"PDRB Per Kapita Atas Dasar Harga Berlaku di Provinsi Banten Menurut Kabupaten/Kota (ribu rupiah), 2020–2024","Per Capita GRDP at Current Market Prices by Regency/Municipality, in Banten Province (thousand rupiahss), 2020–2024",16,6,3606e908afe6
BANTEN,,Provinsi/Province,,2020,,52.729,,"PDRB Per Kapita Atas Dasar Harga Berlaku di Provinsi Banten Menurut Kabupaten/Kota (ribu rupiah), 2020–2024","Per Capita GRDP at Current Market Prices by Regency/Municipality, in Banten Province (thousand rupiahss), 2020–2024",16,6,c9e45dd97123
BALI,01,Kab. Jembrana,,2020,,42.516,,"PDRB Per Kapita Atas Dasar Harga Berlaku di Provinsi Bali Menurut Kabupaten/Kota (ribu rupiah), 2020–2024","Per Capita GRDP at Current Market Prices by Regency/Municipality, in Bali Province (thousand rupiahss), 2020–2024",17,7,77ce416a7d45
BALI,02,Kab. Tabanan,,2020,,48.249,,"PDRB Per Kapita Atas Dasar Harga Berlaku di Provinsi Bali Menurut Kabupaten/Kota (ribu rupiah), 2020–2024","Per Capita GRDP at Current Market Prices by Regency/Municipality, in Bali Province (thousand rupiahss), 2020–2024",17,7,55e79d1bd7ef
BALI,03,Kab. Badung,,2020,,89.312,,"PDRB Per Kapita Atas Dasar Harga Berlaku di Provinsi Bali Menurut Kabupaten/Kota (ribu rupiah), 2020–2024","Per Capita GRDP at Current Market Prices by Regency/Municipality, in Bali Province (thousand rupiahss), 2020–2024",17,7,ac46a6c4ca1c
BALI,04,Kab. Gianyar,,2020,,50.180,,"PDRB Per Kapita Atas Dasar Harga Berlaku di Provinsi Bali Menurut Kabupaten/Kota (ribu rupiah), 2020–2024","Per Capita GRDP at Current Market Prices by Regency/Municipality, in Bali Province (thousand rupiahss), 2020–2024",17,7,631267a7d3f7
BALI,05,Kab. Klungkung,,2020,,40.971,,"PDRB Per Kapita Atas Dasar Harga Berlaku di Provinsi Bali Menurut Kabupaten/Kota (ribu rupiah), 2020–2024","Per Capita GRDP at Current Market Prices by Regency/Municipality, in Bali Province (thousand rupiahss), 2020–2024",17,7,00f1a2d54527
BALI,06,Kab. Bangli,,2020,,26.036,,"PDRB Per Kapita Atas Dasar Harga Berlaku di Provinsi Bali Menurut Kabupaten/Kota (ribu rupiah), 2020–2024","Per Capita GRDP at Current Market Prices by Regency/Municipality, in Bali Province (thousand rupiahss), 2020–2024",17,7,5f72f0ea8ede
BALI,07,Kab. Karangasem,,2020,,33.432,,"PDRB Per Kapita Atas Dasar Harga Berlaku di Provinsi Bali Menurut Kabupaten/Kota (ribu rupiah), 2020–2024","Per Capita GRDP at Current Market Prices by Regency/Municipality, in Bali Province (thousand rupiahss), 2020–2024",17,7,ad697e996a0b
BALI,08,Kab. Buleleng,,2020,,42.241,,"PDRB Per Kapita Atas Dasar Harga Berlaku di Provinsi Bali Menurut Kabupaten/Kota (ribu rupiah), 2020–2024","Per Capita GRDP at Current Market Prices by Regency/Municipality, in Bali Province (thousand rupiahss), 2020–2024",17,7,12ba7cfba8fd
BALI,71,Kota Denpasar,,2020,,68.299,,"PDRB Per Kapita Atas Dasar Harga Berlaku di Provinsi Bali Menurut Kabupaten/Kota (ribu rupiah), 2020–2024","Per Capita GRDP at Current Market Prices by Regency/Municipality, in Bali Province (thousand rupiahss), 2020–2024",17,7,72585b0af4c0
BALI,,Jml Kab./Kota Total of Reg./Mun.,,2020,,52.204,,"PDRB Per Kapita Atas Dasar Harga Berlaku di Provinsi Bali Menurut Kabupaten/Kota (ribu rupiah), 2020–2024","Per Capita GRDP at Current Market Prices by Regency/Municipality, in Bali Province (thousand rupiahss), 2020–2024",17,7,d76d4e8078fb
BALI,,Provinsi/Province,,2020,,52.015,,"PDRB Per Kapita Atas Dasar Harga Berlaku di Provinsi Bali Menurut Kabupaten/Kota (ribu rupiah), 2020–2024","Per Capita GRDP at Current Market Prices by Regency/Municipality, in Bali Province (thousand rupiahss), 2020–2024",17,7,1ea45eebdd7b
NUSA TENGGARA BARAT,01,Kab. Lombok Barat,,2020,,20.254,,"PDRB Per Kapita Atas Dasar Harga Berlaku di Provinsi Nusa Tenggara Barat Menurut Kabupaten/Kota (ribu rupiah), 2020–2024","Per Capita GRDP at Current Market Prices by Regency/Municipality, in Nusa Tenggara Barat Province (thousand rupiahss), 2020–2024",18,8,364e4fb9ef14
NUSA TENGGARA BARAT,02,Kab. Lombok Tengah,,2020,,16.156,,"PDRB Per Kapita Atas Dasar Harga Berlaku di Provinsi Nusa Tenggara Barat Menurut Kabupaten/Kota (ribu rupiah), 2020–2024","Per Capita GRDP at Current Market Prices by Regency/Municipality, in Nusa Tenggara Barat Province (thousand rupiahss), 2020–2024",18,8,1bc91032b072
NUSA TENGGARA BARAT,03,Kab. Lombok Timur,,2020,,15.152,,"PDRB Per Kapita Atas Dasar Harga Berlaku di Provinsi Nusa Tenggara Barat Menurut Kabupaten/Kota (ribu rupiah), 2020–2024","Per Capita GRDP at Current Market Prices by Regency/Municipality, in Nusa Tenggara Barat Province (thousand rupiahss), 2020–2024",18,8,566622b3eece
NUSA TENGGARA BARAT,04,Kab. Sumbawa,,2020,,28.442,,"PDRB Per Kapita Atas Dasar Harga Berlaku di Provinsi Nusa Tenggara Barat Menurut Kabupaten/Kota (ribu rupiah), 2020–2024","Per Capita GRDP at Current Market Prices by Regency/Municipality, in Nusa Tenggara Barat Province (thousand rupiahss), 2020–2024",18,8,67c6fb5eabce
NUSA TENGGARA BARAT,05,Kab. Dompu,,2020,,29.864,,"PDRB Per Kapita Atas Dasar Harga Berlaku di Provinsi Nusa Tenggara Barat Menurut Kabupaten/Kota (ribu rupiah), 2020–2024","Per Capita GRDP at Current Market Prices by Regency/Municipality, in Nusa Tenggara Barat Province (thousand rupiahss), 2020–2024",18,8,ae6235a34286
NUSA TENGGARA BARAT,06,Kab. Bima,,2020,,22.241,,"PDRB Per Kapita Atas Dasar Harga Berlaku di Provinsi Nusa Tenggara Barat Menurut Kabupaten/Kota (ribu rupiah), 2020–2024","Per Capita GRDP at Current Market Prices by Regency/Municipality, in Nusa Tenggara Barat Province (thousand rupiahss), 2020–2024",18,8,aa7d0543fdf5
NUSA TENGGARA BARAT,07,Kab. Sumbawa Barat,,2020,,156.835,,"PDRB Per Kapita Atas Dasar Harga Berlaku di Provinsi Nusa Tenggara Barat Menurut Kabupaten/Kota (ribu rupiah), 2020–2024","Per Capita GRDP at Current Market Prices by Regency/Municipality, in Nusa Tenggara Barat Province (thousand rupiahss), 2020–2024",18,8,d4eb885beacb
NUSA TENGGARA BARAT,08,Kab. Lombok Utara,,2020,,18.458,,"PDRB Per Kapita Atas Dasar Harga Berlaku di Provinsi Nusa Tenggara Barat Menurut Kabupaten/Kota (ribu rupiah), 2020–2024","Per Capita GRDP at Current Market Prices by Regency/Municipality, in Nusa Tenggara Barat Province (thousand rupiahss), 2020–2024",18,8,db6a9005dbd1
NUSA TENGGARA BARAT,71,Kota Mataram,,2020,,43.460,,"PDRB Per Kapita Atas Dasar Harga Berlaku di Provinsi Nusa Tenggara Barat Menurut Kabupaten/Kota (ribu rupiah), 2020–2024","Per Capita GRDP at Current Market Prices by Regency/Municipality, in Nusa Tenggara Barat Province (thousand rupiahss), 2020–2024",18,8,cb03c01ecfca
NUSA TENGGARA BARAT,72,Kota Bima,,2020,,26.658,,"PDRB Per Kapita Atas Dasar Harga Berlaku di Provinsi Nusa Tenggara Barat Menurut Kabupaten/Kota (ribu rupiah), 2020–2024","Per Capita GRDP at Current Market Prices by Regency/Municipality, in Nusa Tenggara Barat Province (thousand rupiahss), 2020–2024",18,8,fc18f57096c3
NUSA TENGGARA BARAT,,Jml Kab./Kota Total of Reg./Mun.,,2020,,25.310,,"PDRB Per Kapita Atas Dasar Harga Berlaku di Provinsi Nusa Tenggara Barat Menurut Kabupaten/Kota (ribu rupiah), 2020–2024","Per Capita GRDP at Current Market Prices by Regency/Municipality, in Nusa Tenggara Barat Province (thousand rupiahss), 2020–2024",18,8,0ba5f29f2611
NUSA TENGGARA BARAT,,Provinsi/Province,,2020,,25.184,,"PDRB Per Kapita Atas Dasar Harga Berlaku di Provinsi Nusa Tenggara Barat Menurut Kabupaten/Kota (ribu rupiah), 2020–2024","Per Capita GRDP at Current Market Prices by Regency/Municipality, in Nusa Tenggara Barat Province (thousand rupiahss), 2020–2024",18,8,c4776e8518bd
NUSA TENGGARA TIMUR,01,Kab. Sumba Barat,,2020,,16.313,,"PDRB Per Kapita Atas Dasar Harga Berlaku di Provinsi Nusa Tenggara Timur Menurut Kabupaten/Kota (ribu rupiah), 2020–2024","Per Capita GRDP at Current Market Prices by Regency/Municipality, in Nusa Tenggara Timur Province (thousand rupiahss), 2020–2024",19,9,cbf6051bae19
NUSA TENGGARA TIMUR,02,Kab. Sumba Timur,,2020,,25.589,,"PDRB Per Kapita Atas Dasar Harga Berlaku di Provinsi Nusa Tenggara Timur Menurut Kabupaten/Kota (ribu rupiah), 2020–2024","Per Capita GRDP at Current Market Prices by Regency/Municipality, in Nusa Tenggara Timur Province (thousand rupiahss), 2020–2024",19,9,5063cfd3a27e
NUSA TENGGARA TIMUR,03,Kab. Kupang,,2020,,20.938,,"PDRB Per Kapita Atas Dasar Harga Berlaku di Provinsi Nusa Tenggara Timur Menurut Kabupaten/Kota (ribu rupiah), 2020–2024","Per Capita GRDP at Current Market Prices by Regency/Municipality, in Nusa Tenggara Timur Province (thousand rupiahss), 2020–2024",19,9,6d0d773730c3
NUSA TENGGARA TIMUR,04,Kab. Timor Tengah Selatan,,2020,,17.452,,"PDRB Per Kapita Atas Dasar Harga Berlaku di Provinsi Nusa Tenggara Timur Menurut Kabupaten/Kota (ribu rupiah), 2020–2024","Per Capita GRDP at Current Market Prices by Regency/Municipality, in Nusa Tenggara Timur Province (thousand rupiahss), 2020–2024",19,9,5c58d4285f79
NUSA TENGGARA TIMUR,05,Kab. Timor Tengah Utara,,2020,,15.757,,"PDRB Per Kapita Atas Dasar Harga Berlaku di Provinsi Nusa Tenggara Timur Menurut Kabupaten/Kota (ribu rupiah), 2020–2024","Per Capita GRDP at Current Market Prices by Regency/Municipality, in Nusa Tenggara Timur Province (thousand rupiahss), 2020–2024",19,9,6deb36d0cd0d
NUSA TENGGARA TIMUR,06,Kab. Belu,,2020,,20.946,,"PDRB Per Kapita Atas Dasar Harga Berlaku di Provinsi Nusa Tenggara Timur Menurut Kabupaten/Kota (ribu rupiah), 2020–2024","Per Capita GRDP at Current Market Prices by Regency/Municipality, in Nusa Tenggara Timur Province (thousand rupiahss), 2020–2024",19,9,6884efea7e93
NUSA TENGGARA TIMUR,07,Kab. Alor,,2020,,14.445,,"PDRB Per Kapita Atas Dasar Harga Berlaku di Provinsi Nusa Tenggara Timur Menurut Kabupaten/Kota (ribu rupiah), 2020–2024","Per Capita GRDP at Current Market Prices by Regency/Municipality, in Nusa Tenggara Timur Province (thousand rupiahss), 2020–2024",19,9,d2e28b4786d6
NUSA TENGGARA TIMUR,08,Kab. Lembata,,2020,,13.688,,"PDRB Per Kapita Atas Dasar Harga Berlaku di Provinsi Nusa Tenggara Timur Menurut Kabupaten/Kota (ribu rupiah), 2020–2024","Per Capita GRDP at Current Market Prices by Regency/Municipality, in Nusa Tenggara Timur Province (thousand rupiahss), 2020–2024",19,9,43533cc8e3c1
NUSA TENGGARA TIMUR,09,Kab. Flores Timur,,2020,,19.110,,"PDRB Per Kapita Atas Dasar Harga Berlaku di Provinsi Nusa Tenggara Timur Menurut Kabupaten/Kota (ribu rupiah), 2020–2024","Per Capita GRDP at Current Market Prices by Regency/Municipality, in Nusa Tenggara Timur Province (thousand rupiahss), 2020–2024",19,9,bd6c007404a4
NUSA TENGGARA TIMUR,10,Kab. Sikka,,2020,,15.903,,"PDRB Per Kapita Atas Dasar Harga Berlaku di Provinsi Nusa Tenggara Timur Menurut Kabupaten/Kota (ribu rupiah), 2020–2024","Per Capita GRDP at Current Market Prices by Regency/Municipality, in Nusa Tenggara Timur Province (thousand rupiahss), 2020–2024",19,9,3ef61ab53fb0
NUSA TENGGARA TIMUR,11,Kab. Ende,,2020,,22.456,,"PDRB Per Kapita Atas Dasar Harga Berlaku di Provinsi Nusa Tenggara Timur Menurut Kabupaten/Kota (ribu rupiah), 2020–2024","Per Capita GRDP at Current Market Prices by Regency/Municipality, in Nusa Tenggara Timur Province (thousand rupiahss), 2020–2024",19,9,50a7877334f3
NUSA TENGGARA TIMUR,12,Kab. Ngada,,2020,,21.216,,"PDRB Per Kapita Atas Dasar Harga Berlaku di Provinsi Nusa Tenggara Timur Menurut Kabupaten/Kota (ribu rupiah), 2020–2024","Per Capita GRDP at Current Market Prices by Regency/Municipality, in Nusa Tenggara Timur Province (thousand rupiahss), 2020–2024",19,9,835841e1c4ac
NUSA TENGGARA TIMUR,13,Kab. Manggarai,,2020,,14.874,,"PDRB Per Kapita Atas Dasar Harga Berlaku di Provinsi Nusa Tenggara Timur Menurut Kabupaten/Kota (ribu rupiah), 2020–2024","Per Capita GRDP at Current Market Prices by Regency/Municipality, in Nusa Tenggara Timur Province (thousand rupiahss), 2020–2024",19,9,03dd7e8f6532
NUSA TENGGARA TIMUR,14,Kab. Rote Ndao,,2020,,22.142,,"PDRB Per Kapita Atas Dasar Harga Berlaku di Provinsi Nusa Tenggara Timur Menurut Kabupaten/Kota (ribu rupiah), 2020–2024","Per Capita GRDP at Current Market Prices by Regency/Municipality, in Nusa Tenggara Timur Province (thousand rupiahss), 2020–2024",19,9,d7ce64aebb87
NUSA TENGGARA TIMUR,15,Kab. Manggarai Barat,,2020,,13.778,,"PDRB Per Kapita Atas Dasar Harga Berlaku di Provinsi Nusa Tenggara Timur Menurut Kabupaten/Kota (ribu rupiah), 2020–2024","Per Capita GRDP at Current Market Prices by Regency/Municipality, in Nusa Tenggara Timur Province (thousand rupiahss), 2020–2024",19,9,111bd833d47b
NUSA TENGGARA TIMUR,16,Kab. Sumba Tengah,,2020,,14.098,,"PDRB Per Kapita Atas Dasar Harga Berlaku di Provinsi Nusa Tenggara Timur Menurut Kabupaten/Kota (ribu rupiah), 2020–2024","Per Capita GRDP at Current Market Prices by Regency/Municipality, in Nusa Tenggara Timur Province (thousand rupiahss), 2020–2024",19,9,d8020c8f012a
NUSA TENGGARA TIMUR,17,Kab. Sumba Barat Daya,,2020,,12.431,,"PDRB Per Kapita Atas Dasar Harga Berlaku di Provinsi Nusa Tenggara Timur Menurut Kabupaten/Kota (ribu rupiah), 2020–2024","Per Capita GRDP at Current Market Prices by Regency/Municipality, in Nusa Tenggara Timur Province (thousand rupiahss), 2020–2024",19,9,d3b80292495c
NUSA TENGGARA TIMUR,18,Kab. Nagekeo,,2020,,14.294,,"PDRB Per Kapita Atas Dasar Harga Berlaku di Provinsi Nusa Tenggara Timur Menurut Kabupaten/Kota (ribu rupiah), 2020–2024","Per Capita GRDP at Current Market Prices by Regency/Municipality, in Nusa Tenggara Timur Province (thousand rupiahss), 2020–2024",19,9,677eb167176a
NUSA TENGGARA TIMUR,19,Kab. Manggarai Timur,,2020,,11.957,,"PDRB Per Kapita Atas Dasar Harga Berlaku di Provinsi Nusa Tenggara Timur Menurut Kabupaten/Kota (ribu rupiah), 2020–2024","Per Capita GRDP at Current Market Prices by Regency/Municipality, in Nusa Tenggara Timur Province (thousand rupiahss), 2020–2024",19,9,99dfdb4d06d5
NUSA TENGGARA TIMUR,20,Kab. Sabu Raijua,,2020,,15.913,,"PDRB Per Kapita Atas Dasar Harga Berlaku di Provinsi Nusa Tenggara Timur Menurut Kabupaten/Kota (ribu rupiah), 2020–2024","Per Capita GRDP at Current Market Prices by Regency/Municipality, in Nusa Tenggara Timur Province (thousand rupiahss), 2020–2024",19,9,e54e7e81c424
NUSA TENGGARA TIMUR,21,Kab. Malaka,,2020,,15.445,,"PDRB Per Kapita Atas Dasar Harga Berlaku di Provinsi Nusa Tenggara Timur Menurut Kabupaten/Kota (ribu rupiah), 2020–2024","Per Capita GRDP at Current Market Prices by Regency/Municipality, in Nusa Tenggara Timur Province (thousand rupiahss), 2020–2024",19,9,7c94009fb701
NUSA TENGGARA TIMUR,71,Kota Kupang,,2020,,54.374,,"PDRB Per Kapita Atas Dasar Harga Berlaku di Provinsi Nusa Tenggara Timur Menurut Kabupaten/Kota (ribu rupiah), 2020–2024","Per Capita GRDP at Current Market Prices by Regency/Municipality, in Nusa Tenggara Timur Province (thousand rupiahss), 2020–2024",19,9,b21ea062acdc
NUSA TENGGARA TIMUR,,Jml Kab./Kota Total of Reg./Mun.,,2020,,20.286,,"PDRB Per Kapita Atas Dasar Harga Berlaku di Provinsi Nusa Tenggara Timur Menurut Kabupaten/Kota (ribu rupiah), 2020–2024","Per Capita GRDP at Current Market Prices by Regency/Municipality, in Nusa Tenggara Timur Province (thousand rupiahss), 2020–2024",19,9,f6f0e9af2b16
NUSA TENGGARA TIMUR,,Provinsi/Province,,2020,,20.057,,"PDRB Per Kapita Atas Dasar Harga Berlaku di Provinsi Nusa Tenggara Timur Menurut Kabupaten/Kota (ribu rupiah), 2020–2024","Per Capita GRDP at Current Market Prices by Regency/Municipality, in Nusa Tenggara Timur Province (thousand rupiahss), 2020–2024",19,9,1328887fb544
KALIMANTAN BARAT,01,Kab. Sambas,,2020,,32.927,,"PDRB Per Kapita Atas Dasar Harga Berlaku di Provinsi Kalimantan Barat Menurut Kabupaten/Kota (ribu rupiah), 2020–2024","Per Capita GRDP at Current Market Prices by Regency/Municipality, in Kalimantan Barat Province (thousand rupiahss), 2020–2024",20,10,85913f9cb65a
KALIMANTAN BARAT,02,Kab. Bengkayang,,2020,,30.426,,"PDRB Per Kapita Atas Dasar Harga Berlaku di Provinsi Kalimantan Barat Menurut Kabupaten/Kota (ribu rupiah), 2020–2024","Per Capita GRDP at Current Market Prices by Regency/Municipality, in Kalimantan Barat Province (thousand rupiahss), 2020–2024",20,10,b1f4700da799
KALIMANTAN BARAT,03,Kab. Landak,,2020,,27.067,,"PDRB Per Kapita Atas Dasar Harga Berlaku di Provinsi Kalimantan Barat Menurut Kabupaten/Kota (ribu rupiah), 2020–2024","Per Capita GRDP at Current Market Prices by Regency/Municipality, in Kalimantan Barat Province (thousand rupiahss), 2020–2024",20,10,ad9b2ef4ab3b
KALIMANTAN BARAT,04,Kab. Mempawah,,2020,,28.445,,"PDRB Per Kapita Atas Dasar Harga Berlaku di Provinsi Kalimantan Barat Menurut Kabupaten/Kota (ribu rupiah), 2020–2024","Per Capita GRDP at Current Market Prices by Regency/Municipality, in Kalimantan Barat Province (thousand rupiahss), 2020–2024",20,10,952afe57830b
KALIMANTAN BARAT,05,Kab. Sanggau,,2020,,41.161,,"PDRB Per Kapita Atas Dasar Harga Berlaku di Provinsi Kalimantan Barat Menurut Kabupaten/Kota (ribu rupiah), 2020–2024","Per Capita GRDP at Current Market Prices by Regency/Municipality, in Kalimantan Barat Province (thousand rupiahss), 2020–2024",20,10,675262ffb135
KALIMANTAN BARAT,06,Kab. Ketapang,,2020,,49.485,,"PDRB Per Kapita Atas Dasar Harga Berlaku di Provinsi Kalimantan Barat Menurut Kabupaten/Kota (ribu rupiah), 2020–2024","Per Capita GRDP at Current Market Prices by Regency/Municipality, in Kalimantan Barat Province (thousand rupiahss), 2020–2024",20,10,ba4a88779b1f
KALIMANTAN BARAT,07,Kab. Sintang,,2020,,34.955,,"PDRB Per Kapita Atas Dasar Harga Berlaku di Provinsi Kalimantan Barat Menurut Kabupaten/Kota (ribu rupiah), 2020–2024","Per Capita GRDP at Current Market Prices by Regency/Municipality, in Kalimantan Barat Province (thousand rupiahss), 2020–2024",20,10,4b88f05c9a50
KALIMANTAN BARAT,08,Kab. Kapuas Hulu,,2020,,40.698,,"PDRB Per Kapita Atas Dasar Harga Berlaku di Provinsi Kalimantan Barat Menurut Kabupaten/Kota (ribu rupiah), 2020–2024","Per Capita GRDP at Current Market Prices by Regency/Municipality, in Kalimantan Barat Province (thousand rupiahss), 2020–2024",20,10,749bdd68f7e1
KALIMANTAN BARAT,09,Kab. Sekadau,,2020,,31.089,,"PDRB Per Kapita Atas Dasar Harga Berlaku di Provinsi Kalimantan Barat Menurut Kabupaten/Kota (ribu rupiah), 2020–2024","Per Capita GRDP at Current Market Prices by Regency/Municipality, in Kalimantan Barat Province (thousand rupiahss), 2020–2024",20,10,b80de6ed43b0
KALIMANTAN BARAT,10,Kab. Melawi,,2020,,23.004,,"PDRB Per Kapita Atas Dasar Harga Berlaku di Provinsi Kalimantan Barat Menurut Kabupaten/Kota (ribu rupiah), 2020–2024","Per Capita GRDP at Current Market Prices by Regency/Municipality, in Kalimantan Barat Province (thousand rupiahss), 2020–2024",20,10,bac2e11c19d1
KALIMANTAN BARAT,11,Kab. Kayong Utara,,2020,,33.386,,"PDRB Per Kapita Atas Dasar Harga Berlaku di Provinsi Kalimantan Barat Menurut Kabupaten/Kota (ribu rupiah), 2020–2024","Per Capita GRDP at Current Market Prices by Regency/Municipality, in Kalimantan Barat Province (thousand rupiahss), 2020–2024",20,10,faf8badbd3bb
KALIMANTAN BARAT,12,Kab. Kubu Raya,,2020,,47.586,,"PDRB Per Kapita Atas Dasar Harga Berlaku di Provinsi Kalimantan Barat Menurut Kabupaten/Kota (ribu rupiah), 2020–2024","Per Capita GRDP at Current Market Prices by Regency/Municipality, in Kalimantan Barat Province (thousand rupiahss), 2020–2024",20,10,fe7e66a2e389
KALIMANTAN BARAT,71,Kota Pontianak,,2020,,57.257,,"PDRB Per Kapita Atas Dasar Harga Berlaku di Provinsi Kalimantan Barat Menurut Kabupaten/Kota (ribu rupiah), 2020–2024","Per Capita GRDP at Current Market Prices by Regency/Municipality, in Kalimantan Barat Province (thousand rupiahss), 2020–2024",20,10,477a3d64009e
KALIMANTAN BARAT,72,Kota Singkawang,,2020,,43.219,,"PDRB Per Kapita Atas Dasar Harga Berlaku di Provinsi Kalimantan Barat Menurut Kabupaten/Kota (ribu rupiah), 2020–2024","Per Capita GRDP at Current Market Prices by Regency/Municipality, in Kalimantan Barat Province (thousand rupiahss), 2020–2024",20,10,89d6489c232b
KALIMANTAN BARAT,,Jml Kab./Kota Total of Reg./Mun.,,2020,,39.697,,"PDRB Per Kapita Atas Dasar Harga Berlaku di Provinsi Kalimantan Barat Menurut Kabupaten/Kota (ribu rupiah), 2020–2024","Per Capita GRDP at Current Market Prices by Regency/Municipality, in Kalimantan Barat Province (thousand rupiahss), 2020–2024",20,10,807334d100c5
KALIMANTAN BARAT,,Provinsi/Province,,2020,,39.622,,"PDRB Per Kapita Atas Dasar Harga Berlaku di Provinsi Kalimantan Barat Menurut Kabupaten/Kota (ribu rupiah), 2020–2024","Per Capita GRDP at Current Market Prices by Regency/Municipality, in Kalimantan Barat Province (thousand rupiahss), 2020–2024",20,10,dd0aa5cd3c67
DKI JAKARTA,01,Kab. Kepulauan Seribu,,2021,,291.267,,"PDRB Per Kapita Atas Dasar Harga Berlaku di Provinsi DKI Jakarta Menurut Kabupaten/Kota (ribu rupiah), 2020–2024","Per Capita GRDP at Current Market Prices by Regency/Municipality, in DKI Jakarta Province (thousand rupiahss), 2020–2024",11,1,10ea74c960fa
DKI JAKARTA,71,Kota Jakarta Selatan,,2021,,299.398,,"PDRB Per Kapita Atas Dasar Harga Berlaku di Provinsi DKI Jakarta Menurut Kabupaten/Kota (ribu rupiah), 2020–2024","Per Capita GRDP at Current Market Prices by Regency/Municipality, in DKI Jakarta Province (thousand rupiahss), 2020–2024",11,1,3e5c8d18f7df
DKI JAKARTA,72,Kota Jakarta Timur,,2021,,163.971,,"PDRB Per Kapita Atas Dasar Harga Berlaku di Provinsi DKI Jakarta Menurut Kabupaten/Kota (ribu rupiah), 2020–2024","Per Capita GRDP at Current Market Prices by Regency/Municipality, in DKI Jakarta Province (thousand rupiahss), 2020–2024",11,1,1a1a7e5bb454
DKI JAKARTA,73,Kota Jakarta Pusat,,2021,,688.487,,"PDRB Per Kapita Atas Dasar Harga Berlaku di Provinsi DKI Jakarta Menurut Kabupaten/Kota (ribu rupiah), 2020–2024","Per Capita GRDP at Current Market Prices by Regency/Municipality, in DKI Jakarta Province (thousand rupiahss), 2020–2024",11,1,c3e4b8bbdb59
DKI JAKARTA,74,Kota Jakarta Barat,,2021,,201.829,,"PDRB Per Kapita Atas Dasar Harga Berlaku di Provinsi DKI Jakarta Menurut Kabupaten/Kota (ribu rupiah), 2020–2024","Per Capita GRDP at Current Market Prices by Regency/Municipality, in DKI Jakarta Province (thousand rupiahss), 2020–2024",11,1,6bc3846b9b73
DKI JAKARTA,75,Kota Jakarta Utara,,2021,,299.603,,"PDRB Per Kapita Atas Dasar Harga Berlaku di Provinsi DKI Jakarta Menurut Kabupaten/Kota (ribu rupiah), 2020–2024","Per Capita GRDP at Current Market Prices by Regency/Municipality, in DKI Jakarta Province (thousand rupiahss), 2020–2024",11,1,f8cbbe9168e0
DKI JAKARTA,,Jml Kab./Kota Total of Reg./Mun.,,2021,,276.727,,"PDRB Per Kapita Atas Dasar Harga Berlaku di Provinsi DKI Jakarta Menurut Kabupaten/Kota (ribu rupiah), 2020–2024","Per Capita GRDP at Current Market Prices by Regency/Municipality, in DKI Jakarta Province (thousand rupiahss), 2020–2024",11,1,76257c26c9d1
DKI JAKARTA,,Provinsi/Province,,2021,,274.660,,"PDRB Per Kapita Atas Dasar Harga Berlaku di Provinsi DKI Jakarta Menurut Kabupaten/Kota (ribu rupiah), 2020–2024","Per Capita GRDP at Current Market Prices by Regency/Municipality, in DKI Jakarta Province (thousand rupiahss), 2020–2024",11,1,b4ff44c88f3d
JAWA BARAT,01,Kab. Bogor,,2021,,45.384,,"PDRB Per Kapita Atas Dasar Harga Berlaku di Provinsi Jawa Barat Menurut Kabupaten/Kota (ribu rupiah), 2020–2024","Per Capita GRDP at Current Market Prices by Regency/Municipality, in Jawa Barat Province (thousand rupiahss), 2020–2024",12,2,76d478f974d3
JAWA BARAT,02,Kab. Sukabumi,,2021,,25.747,,"PDRB Per Kapita Atas Dasar Harga Berlaku di Provinsi Jawa Barat Menurut Kabupaten/Kota (ribu rupiah), 2020–2024","Per Capita GRDP at Current Market Prices by Regency/Municipality, in Jawa Barat Province (thousand rupiahss), 2020–2024",12,2,7bf04b075645
JAWA BARAT,03,Kab. Cianjur,,2021,,20.050,,"PDRB Per Kapita Atas Dasar Harga Berlaku di Provinsi Jawa Barat Menurut Kabupaten/Kota (ribu rupiah), 2020–2024","Per Capita GRDP at Current Market Prices by Regency/Municipality, in Jawa Barat Province (thousand rupiahss), 2020–2024",12,2,9fd2cbdb0a4a
JAWA BARAT,04,Kab. Bandung,,2021,,35.724,,"PDRB Per Kapita Atas Dasar Harga Berlaku di Provinsi Jawa Barat Menurut Kabupaten/Kota (ribu rupiah), 2020–2024","Per Capita GRDP at Current Market Prices by Regency/Municipality, in Jawa Barat Province (thousand rupiahss), 2020–2024",12,2,be3531aa1608
JAWA BARAT,05,Kab. Garut,,2021,,23.277,,"PDRB Per Kapita Atas Dasar Harga Berlaku di Provinsi Jawa Barat Menurut Kabupaten/Kota (ribu rupiah), 2020–2024","Per Capita GRDP at Current Market Prices by Regency/Municipality, in Jawa Barat Province (thousand rupiahss), 2020–2024",12,2,d6af66691770
JAWA BARAT,06,Kab. Tasikmalaya,,2021,,20.931,,"PDRB Per Kapita Atas Dasar Harga Berlaku di Provinsi Jawa Barat Menurut Kabupaten/Kota (ribu rupiah), 2020–2024","Per Capita GRDP at Current Market Prices by Regency/Municipality, in Jawa Barat Province (thousand rupiahss), 2020–2024",12,2,7a3b9939add5
JAWA BARAT,07,Kab. Ciamis,,2021,,27.282,,"PDRB Per Kapita Atas Dasar Harga Berlaku di Provinsi Jawa Barat Menurut Kabupaten/Kota (ribu rupiah), 2020–2024","Per Capita GRDP at Current Market Prices by Regency/Municipality, in Jawa Barat Province (thousand rupiahss), 2020–2024",12,2,bcf4841842a6
JAWA BARAT,08,Kab. Kuningan,,2021,,22.891,,"PDRB Per Kapita Atas Dasar Harga Berlaku di Provinsi Jawa Barat Menurut Kabupaten/Kota (ribu rupiah), 2020–2024","Per Capita GRDP at Current Market Prices by Regency/Municipality, in Jawa Barat Province (thousand rupiahss), 2020–2024",12,2,0b7d3c14ab9b
JAWA BARAT,09,Kab. Cirebon,,2021,,22.730,,"PDRB Per Kapita Atas Dasar Harga Berlaku di Provinsi Jawa Barat Menurut Kabupaten/Kota (ribu rupiah), 2020–2024","Per Capita GRDP at Current Market Prices by Regency/Municipality, in Jawa Barat Province (thousand rupiahss), 2020–2024",12,2,fdaf3aae0d95
JAWA BARAT,10,Kab. Majalengka,,2021,,25.975,,"PDRB Per Kapita Atas Dasar Harga Berlaku di Provinsi Jawa Barat Menurut Kabupaten/Kota (ribu rupiah), 2020–2024","Per Capita GRDP at Current Market Prices by Regency/Municipality, in Jawa Barat Province (thousand rupiahss), 2020–2024",12,2,c959883b4871
JAWA BARAT,11,Kab. Sumedang,,2021,,31.970,,"PDRB Per Kapita Atas Dasar Harga Berlaku di Provinsi Jawa Barat Menurut Kabupaten/Kota (ribu rupiah), 2020–2024","Per Capita GRDP at Current Market Prices by Regency/Municipality, in Jawa Barat Province (thousand rupiahss), 2020–2024",12,2,175ae050777a
JAWA BARAT,12,Kab.indramayu,,2021,,44.064,,"PDRB Per Kapita Atas Dasar Harga Berlaku di Provinsi Jawa Barat Menurut Kabupaten/Kota (ribu rupiah), 2020–2024","Per Capita GRDP at Current Market Prices by Regency/Municipality, in Jawa Barat Province (thousand rupiahss), 2020–2024",12,2,e54fb12bf29f
JAWA BARAT,13,Kab. Subang,,2021,,26.095,,"PDRB Per Kapita Atas Dasar Harga Berlaku di Provinsi Jawa Barat Menurut Kabupaten/Kota (ribu rupiah), 2020–2024","Per Capita GRDP at Current Market Prices by Regency/Municipality, in Jawa Barat Province (thousand rupiahss), 2020–2024",12,2,d44fc442b24f
JAWA BARAT,14,Kab. Purwakarta,,2021,,70.152,,"PDRB Per Kapita Atas Dasar Harga Berlaku di Provinsi Jawa Barat Menurut Kabupaten/Kota (ribu rupiah), 2020–2024","Per Capita GRDP at Current Market Prices by Regency/Municipality, in Jawa Barat Province (thousand rupiahss), 2020–2024",12,2,b690b9f08f7e
JAWA BARAT,15,Kab. Karawang,,2021,,98.846,,"PDRB Per Kapita Atas Dasar Harga Berlaku di Provinsi Jawa Barat Menurut Kabupaten/Kota (ribu rupiah), 2020–2024","Per Capita GRDP at Current Market Prices by Regency/Municipality, in Jawa Barat Province (thousand rupiahss), 2020–2024",12,2,8909a0e778a9
JAWA BARAT,16,Kab. Bekasi,,2021,,108.104,,"PDRB Per Kapita Atas Dasar Harga Berlaku di Provinsi Jawa Barat Menurut Kabupaten/Kota (ribu rupiah), 2020–2024","Per Capita GRDP at Current Market Prices by Regency/Municipality, in Jawa Barat Province (thousand rupiahss), 2020–2024",12,2,64d175f04068
JAWA BARAT,17,Kab. Bandung Barat,,2021,,26.965,,"PDRB Per Kapita Atas Dasar Harga Berlaku di Provinsi Jawa Barat Menurut Kabupaten/Kota (ribu rupiah), 2020–2024","Per Capita GRDP at Current Market Prices by Regency/Municipality, in Jawa Barat Province (thousand rupiahss), 2020–2024",12,2,01d112d7bf26
JAWA BARAT,18,Kab. Pangandaran,,2021,,28.501,,"PDRB Per Kapita Atas Dasar Harga Berlaku di Provinsi Jawa Barat Menurut Kabupaten/Kota (ribu rupiah), 2020–2024","Per Capita GRDP at Current Market Prices by Regency/Municipality, in Jawa Barat Province (thousand rupiahss), 2020–2024",12,2,3ecc873ee947
JAWA BARAT,71,Kota Bogor,,2021,,45.984,,"PDRB Per Kapita Atas Dasar Harga Berlaku di Provinsi Jawa Barat Menurut Kabupaten/Kota (ribu rupiah), 2020–2024","Per Capita GRDP at Current Market Prices by Regency/Municipality, in Jawa Barat Province (thousand rupiahss), 2020–2024",12,2,17215d53f7e3
JAWA BARAT,72,Kota Sukabumi,,2021,,37.278,,"PDRB Per Kapita Atas Dasar Harga Berlaku di Provinsi Jawa Barat Menurut Kabupaten/Kota (ribu rupiah), 2020–2024","Per Capita GRDP at Current Market Prices by Regency/Municipality, in Jawa Barat Province (thousand rupiahss), 2020–2024",12,2,7750fe6c6a97
JAWA BARAT,73,Kota Bandung,,2021,,120.710,,"PDRB Per Kapita Atas Dasar Harga Berlaku di Provinsi Jawa Barat Menurut Kabupaten/Kota (ribu rupiah), 2020–2024","Per Capita GRDP at Current Market Prices by Regency/Municipality, in Jawa Barat Province (thousand rupiahss), 2020–2024",12,2,8f50601098a5
JAWA BARAT,74,Kota Cirebon,,2021,,72.978,,"PDRB Per Kapita Atas Dasar Harga Berlaku di Provinsi Jawa Barat Menurut Kabupaten/Kota (ribu rupiah), 2020–2024","Per Capita GRDP at Current Market Prices by Regency/Municipality, in Jawa Barat Province (thousand rupiahss), 2020–2024",12,2,89950f49d410
JAWA BARAT,75,Kota Bekasi,,2021,,39.479,,"PDRB Per Kapita Atas Dasar Harga Berlaku di Provinsi Jawa Barat Menurut Kabupaten/Kota (ribu rupiah), 2020–2024","Per Capita GRDP at Current Market Prices by Regency/Municipality, in Jawa Barat Province (thousand rupiahss), 2020–2024",12,2,4cbfe8a425bb
JAWA BARAT,76,Kota Depok,,2021,,35.741,,"PDRB Per Kapita Atas Dasar Harga Berlaku di Provinsi Jawa Barat Menurut Kabupaten/Kota (ribu rupiah), 2020–2024","Per Capita GRDP at Current Market Prices by Regency/Municipality, in Jawa Barat Province (thousand rupiahss), 2020–2024",12,2,33854cf45801
JAWA BARAT,77,Kota Cimahi,,2021,,59.612,,"PDRB Per Kapita Atas Dasar Harga Berlaku di Provinsi Jawa Barat Menurut Kabupaten/Kota (ribu rupiah), 2020–2024","Per Capita GRDP at Current Market Prices by Regency/Municipality, in Jawa Barat Province (thousand rupiahss), 2020–2024",12,2,06548681ca85
JAWA BARAT,78,Kota Tasikmalaya,,2021,,31.592,,"PDRB Per Kapita Atas Dasar Harga Berlaku di Provinsi Jawa Barat Menurut Kabupaten/Kota (ribu rupiah), 2020–2024","Per Capita GRDP at Current Market Prices by Regency/Municipality, in Jawa Barat Province (thousand rupiahss), 2020–2024",12,2,20d4177eb6d9
JAWA BARAT,79,Kota Banjar,,2021,,22.993,,"PDRB Per Kapita Atas Dasar Harga Berlaku di Provinsi Jawa Barat Menurut Kabupaten/Kota (ribu rupiah), 2020–2024","Per Capita GRDP at Current Market Prices by Regency/Municipality, in Jawa Barat Province (thousand rupiahss), 2020–2024",12,2,d066b0794779
JAWA BARAT,,Jml Kab./Kota Total of Reg./Mun.,,2021,,46.055,,"PDRB Per Kapita Atas Dasar Harga Berlaku di Provinsi Jawa Barat Menurut Kabupaten/Kota (ribu rupiah), 2020–2024","Per Capita GRDP at Current Market Prices by Regency/Municipality, in Jawa Barat Province (thousand rupiahss), 2020–2024",12,2,04ad3cdcd8cb
JAWA BARAT,,Provinsi/Province,,2021,,45.234,,"PDRB Per Kapita Atas Dasar Harga Berlaku di Provinsi Jawa Barat Menurut Kabupaten/Kota (ribu rupiah), 2020–2024","Per Capita GRDP at Current Market Prices by Regency/Municipality, in Jawa Barat Province (thousand rupiahss), 2020–2024",12,2,e53a64233293
JAWA TENGAH,01,Kab. Cilacap,,2021,,55.740,,"PDRB Per Kapita Atas Dasar Harga Berlaku di Provinsi Jawa Tengah Menurut Kabupaten/Kota (ribu rupiah), 2020–2024","Per Capita GRDP at Current Market Prices by Regency/Municipality, in Jawa Tengah Province (thousand rupiahss), 2020–2024",13,3,a409b83d1fbd
JAWA TENGAH,02,Kab. Banyumas,,2021,,31.789,,"PDRB Per Kapita Atas Dasar Harga Berlaku di Provinsi Jawa Tengah Menurut Kabupaten/Kota (ribu rupiah), 2020–2024","Per Capita GRDP at Current Market Prices by Regency/Municipality, in Jawa Tengah Province (thousand rupiahss), 2020–2024",13,3,1427822b380b
JAWA TENGAH,03,Kab. Purbalingga,,2021,,26.232,,"PDRB Per Kapita Atas Dasar Harga Berlaku di Provinsi Jawa Tengah Menurut Kabupaten/Kota (ribu rupiah), 2020–2024","Per Capita GRDP at Current Market Prices by Regency/Municipality, in Jawa Tengah Province (thousand rupiahss), 2020–2024",13,3,d23545661c79
JAWA TENGAH,04,Kab. Banjarnegara,,2021,,22.256,,"PDRB Per Kapita Atas Dasar Harga Berlaku di Provinsi Jawa Tengah Menurut Kabupaten/Kota (ribu rupiah), 2020–2024","Per Capita GRDP at Current Market Prices by Regency/Municipality, in Jawa Tengah Province (thousand rupiahss), 2020–2024",13,3,9cb6847da7ab
JAWA TENGAH,05,Kab. Kebumen,,2021,,21.694,,"PDRB Per Kapita Atas Dasar Harga Berlaku di Provinsi Jawa Tengah Menurut Kabupaten/Kota (ribu rupiah), 2020–2024","Per Capita GRDP at Current Market Prices by Regency/Municipality, in Jawa Tengah Province (thousand rupiahss), 2020–2024",13,3,ca78ceacb091
JAWA TENGAH,06,Kab. Purworejo,,2021,,25.311,,"PDRB Per Kapita Atas Dasar Harga Berlaku di Provinsi Jawa Tengah Menurut Kabupaten/Kota (ribu rupiah), 2020–2024","Per Capita GRDP at Current Market Prices by Regency/Municipality, in Jawa Tengah Province (thousand rupiahss), 2020–2024",13,3,af6bd8815c16
JAWA TENGAH,07,Kab. Wonosobo,,2021,,22.377,,"PDRB Per Kapita Atas Dasar Harga Berlaku di Provinsi Jawa Tengah Menurut Kabupaten/Kota (ribu rupiah), 2020–2024","Per Capita GRDP at Current Market Prices by Regency/Municipality, in Jawa Tengah Province (thousand rupiahss), 2020–2024",13,3,cf58a960b95c
JAWA TENGAH,08,Kab. Magelang,,2021,,26.125,,"PDRB Per Kapita Atas Dasar Harga Berlaku di Provinsi Jawa Tengah Menurut Kabupaten/Kota (ribu rupiah), 2020–2024","Per Capita GRDP at Current Market Prices by Regency/Municipality, in Jawa Tengah Province (thousand rupiahss), 2020–2024",13,3,765e1f963321
JAWA TENGAH,09,Kab. Boyolali,,2021,,32.614,,"PDRB Per Kapita Atas Dasar Harga Berlaku di Provinsi Jawa Tengah Menurut Kabupaten/Kota (ribu rupiah), 2020–2024","Per Capita GRDP at Current Market Prices by Regency/Municipality, in Jawa Tengah Province (thousand rupiahss), 2020–2024",13,3,a548f986157a
JAWA TENGAH,10,Kab. Klaten,,2021,,33.371,,"PDRB Per Kapita Atas Dasar Harga Berlaku di Provinsi Jawa Tengah Menurut Kabupaten/Kota (ribu rupiah), 2020–2024","Per Capita GRDP at Current Market Prices by Regency/Municipality, in Jawa Tengah Province (thousand rupiahss), 2020–2024",13,3,53515db3a8c7
JAWA TENGAH,11,Kab. Sukoharjo,,2021,,42.649,,"PDRB Per Kapita Atas Dasar Harga Berlaku di Provinsi Jawa Tengah Menurut Kabupaten/Kota (ribu rupiah), 2020–2024","Per Capita GRDP at Current Market Prices by Regency/Municipality, in Jawa Tengah Province (thousand rupiahss), 2020–2024",13,3,6d74d85d26df
JAWA TENGAH,12,Kab. Wonogiri,,2021,,29.276,,"PDRB Per Kapita Atas Dasar Harga Berlaku di Provinsi Jawa Tengah Menurut Kabupaten/Kota (ribu rupiah), 2020–2024","Per Capita GRDP at Current Market Prices by Regency/Municipality, in Jawa Tengah Province (thousand rupiahss), 2020–2024",13,3,617ba8ec0afc
JAWA TENGAH,13,Kab. Karanganyar,,2021,,41.617,,"PDRB Per Kapita Atas Dasar Harga Berlaku di Provinsi Jawa Tengah Menurut Kabupaten/Kota (ribu rupiah), 2020–2024","Per Capita GRDP at Current Market Prices by Regency/Municipality, in Jawa Tengah Province (thousand rupiahss), 2020–2024",13,3,a8a8f05cc080
JAWA TENGAH,14,Kab. Sragen,,2021,,40.809,,"PDRB Per Kapita Atas Dasar Harga Berlaku di Provinsi Jawa Tengah Menurut Kabupaten/Kota (ribu rupiah), 2020–2024","Per Capita GRDP at Current Market Prices by Regency/Municipality, in Jawa Tengah Province (thousand rupiahss), 2020–2024",13,3,e85d52d2a0e4
JAWA TENGAH,15,Kab. Grobogan,,2021,,19.674,,"PDRB Per Kapita Atas Dasar Harga Berlaku di Provinsi Jawa Tengah Menurut Kabupaten/Kota (ribu rupiah), 2020–2024","Per Capita GRDP at Current Market Prices by Regency/Municipality, in Jawa Tengah Province (thousand rupiahss), 2020–2024",13,3,ce6e70492725
JAWA TENGAH,16,Kab. Blora,,2021,,30.316,,"PDRB Per Kapita Atas Dasar Harga Berlaku di Provinsi Jawa Tengah Menurut Kabupaten/Kota (ribu rupiah), 2020–2024","Per Capita GRDP at Current Market Prices by Regency/Municipality, in Jawa Tengah Province (thousand rupiahss), 2020–2024",13,3,5256b74b6ce0
JAWA TENGAH,17,Kab. Rembang,,2021,,30.908,,"PDRB Per Kapita Atas Dasar Harga Berlaku di Provinsi Jawa Tengah Menurut Kabupaten/Kota (ribu rupiah), 2020–2024","Per Capita GRDP at Current Market Prices by Regency/Municipality, in Jawa Tengah Province (thousand rupiahss), 2020–2024",13,3,7c480af2ffb5
JAWA TENGAH,18,Kab. Pati,,2021,,34.122,,"PDRB Per Kapita Atas Dasar Harga Berlaku di Provinsi Jawa Tengah Menurut Kabupaten/Kota (ribu rupiah), 2020–2024","Per Capita GRDP at Current Market Prices by Regency/Municipality, in Jawa Tengah Province (thousand rupiahss), 2020–2024",13,3,9ff95090dce6
JAWA TENGAH,19,Kab. Kudus,,2021,,126.948,,"PDRB Per Kapita Atas Dasar Harga Berlaku di Provinsi Jawa Tengah Menurut Kabupaten/Kota (ribu rupiah), 2020–2024","Per Capita GRDP at Current Market Prices by Regency/Municipality, in Jawa Tengah Province (thousand rupiahss), 2020–2024",13,3,44a79308df79
JAWA TENGAH,20,Kab. Jepara,,2021,,26.783,,"PDRB Per Kapita Atas Dasar Harga Berlaku di Provinsi Jawa Tengah Menurut Kabupaten/Kota (ribu rupiah), 2020–2024","Per Capita GRDP at Current Market Prices by Regency/Municipality, in Jawa Tengah Province (thousand rupiahss), 2020–2024",13,3,cb1645fb2acd
JAWA TENGAH,21,Kab. Demak,,2021,,22.768,,"PDRB Per Kapita Atas Dasar Harga Berlaku di Provinsi Jawa Tengah Menurut Kabupaten/Kota (ribu rupiah), 2020–2024","Per Capita GRDP at Current Market Prices by Regency/Municipality, in Jawa Tengah Province (thousand rupiahss), 2020–2024",13,3,a636746237a7
JAWA TENGAH,22,Kab. Semarang,,2021,,48.793,,"PDRB Per Kapita Atas Dasar Harga Berlaku di Provinsi Jawa Tengah Menurut Kabupaten/Kota (ribu rupiah), 2020–2024","Per Capita GRDP at Current Market Prices by Regency/Municipality, in Jawa Tengah Province (thousand rupiahss), 2020–2024",13,3,4d1f5fbc8774
JAWA TENGAH,23,Kab. Temanggung,,2021,,28.462,,"PDRB Per Kapita Atas Dasar Harga Berlaku di Provinsi Jawa Tengah Menurut Kabupaten/Kota (ribu rupiah), 2020–2024","Per Capita GRDP at Current Market Prices by Regency/Municipality, in Jawa Tengah Province (thousand rupiahss), 2020–2024",13,3,32a4f491e9ba
JAWA TENGAH,24,Kab. Kendal,,2021,,43.937,,"PDRB Per Kapita Atas Dasar Harga Berlaku di Provinsi Jawa Tengah Menurut Kabupaten/Kota (ribu rupiah), 2020–2024","Per Capita GRDP at Current Market Prices by Regency/Municipality, in Jawa Tengah Province (thousand rupiahss), 2020–2024",13,3,2165c84798f9
JAWA TENGAH,25,Kab. Batang,,2021,,28.571,,"PDRB Per Kapita Atas Dasar Harga Berlaku di Provinsi Jawa Tengah Menurut Kabupaten/Kota (ribu rupiah), 2020–2024","Per Capita GRDP at Current Market Prices by Regency/Municipality, in Jawa Tengah Province (thousand rupiahss), 2020–2024",13,3,dfbaa4e6ee0a
JAWA TENGAH,26,Kab. Pekalongan,,2021,,24.437,,"PDRB Per Kapita Atas Dasar Harga Berlaku di Provinsi Jawa Tengah Menurut Kabupaten/Kota (ribu rupiah), 2020–2024","Per Capita GRDP at Current Market Prices by Regency/Municipality, in Jawa Tengah Province (thousand rupiahss), 2020–2024",13,3,c3aa1684ef40
JAWA TENGAH,27,Kab. Pemalang,,2021,,18.465,,"PDRB Per Kapita Atas Dasar Harga Berlaku di Provinsi Jawa Tengah Menurut Kabupaten/Kota (ribu rupiah), 2020–2024","Per Capita GRDP at Current Market Prices by Regency/Municipality, in Jawa Tengah Province (thousand rupiahss), 2020–2024",13,3,ad5b8bbaa9d7
JAWA TENGAH,28,Kab. Tegal,,2021,,23.141,,"PDRB Per Kapita Atas Dasar Harga Berlaku di Provinsi Jawa Tengah Menurut Kabupaten/Kota (ribu rupiah), 2020–2024","Per Capita GRDP at Current Market Prices by Regency/Municipality, in Jawa Tengah Province (thousand rupiahss), 2020–2024",13,3,aafcc2d7ca68
JAWA TENGAH,29,Kab. Brebes,,2021,,24.525,,"PDRB Per Kapita Atas Dasar Harga Berlaku di Provinsi Jawa Tengah Menurut Kabupaten/Kota (ribu rupiah), 2020–2024","Per Capita GRDP at Current Market Prices by Regency/Municipality, in Jawa Tengah Province (thousand rupiahss), 2020–2024",13,3,74257b6642e8
JAWA TENGAH,71,Kota Magelang,,2021,,75.495,,"PDRB Per Kapita Atas Dasar Harga Berlaku di Provinsi Jawa Tengah Menurut Kabupaten/Kota (ribu rupiah), 2020–2024","Per Capita GRDP at Current Market Prices by Regency/Municipality, in Jawa Tengah Province (thousand rupiahss), 2020–2024",13,3,193dd1797340
JAWA TENGAH,72,Kota Surakarta,,2021,,96.109,,"PDRB Per Kapita Atas Dasar Harga Berlaku di Provinsi Jawa Tengah Menurut Kabupaten/Kota (ribu rupiah), 2020–2024","Per Capita GRDP at Current Market Prices by Regency/Municipality, in Jawa Tengah Province (thousand rupiahss), 2020–2024",13,3,81202ef3b38e
JAWA TENGAH,73,Kota Salatiga,,2021,,72.166,,"PDRB Per Kapita Atas Dasar Harga Berlaku di Provinsi Jawa Tengah Menurut Kabupaten/Kota (ribu rupiah), 2020–2024","Per Capita GRDP at Current Market Prices by Regency/Municipality, in Jawa Tengah Province (thousand rupiahss), 2020–2024",13,3,385a283313bf
JAWA TENGAH,74,Kota Semarang,,2021,,123.037,,"PDRB Per Kapita Atas Dasar Harga Berlaku di Provinsi Jawa Tengah Menurut Kabupaten/Kota (ribu rupiah), 2020–2024","Per Capita GRDP at Current Market Prices by Regency/Municipality, in Jawa Tengah Province (thousand rupiahss), 2020–2024",13,3,81d3e3a174dd
JAWA TENGAH,75,Kota Pekalongan,,2021,,36.955,,"PDRB Per Kapita Atas Dasar Harga Berlaku di Provinsi Jawa Tengah Menurut Kabupaten/Kota (ribu rupiah), 2020–2024","Per Capita GRDP at Current Market Prices by Regency/Municipality, in Jawa Tengah Province (thousand rupiahss), 2020–2024",13,3,081fe6e9f62c
JAWA TENGAH,76,Kota Tegal,,2021,,57.949,,"PDRB Per Kapita Atas Dasar Harga Berlaku di Provinsi Jawa Tengah Menurut Kabupaten/Kota (ribu rupiah), 2020–2024","Per Capita GRDP at Current Market Prices by Regency/Municipality, in Jawa Tengah Province (thousand rupiahss), 2020–2024",13,3,7d97762aed9a
JAWA TENGAH,,Jml Kab./Kota Total of Reg./Mun.,,2021,,38.607,,"PDRB Per Kapita Atas Dasar Harga Berlaku di Provinsi Jawa Tengah Menurut Kabupaten/Kota (ribu rupiah), 2020–2024","Per Capita GRDP at Current Market Prices by Regency/Municipality, in Jawa Tengah Province (thousand rupiahss), 2020–2024",13,3,c839a15c4a3d
JAWA TENGAH,,Provinsi/Province,,2021,,38.568,,"PDRB Per Kapita Atas Dasar Harga Berlaku di Provinsi Jawa Tengah Menurut Kabupaten/Kota (ribu rupiah), 2020–2024","Per Capita GRDP at Current Market Prices by Regency/Municipality, in Jawa Tengah Province (thousand rupiahss), 2020–2024",13,3,51fd230dbd1b
DI YOGYAKARTA,01,Kab. Kulon Progo,,2021,,28.851,,"PDRB Per Kapita Atas Dasar Harga Berlaku di Provinsi DI Yogyakarta Menurut Kabupaten/Kota (ribu rupiah), 2020–2024","Per Capita GRDP at Current Market Prices by Regency/Municipality, in DI Yogyakarta Province (thousand rupiahss), 2020–2024",14,4,90e71952c159
DI YOGYAKARTA,02,Kab. Bantul,,2021,,28.356,,"PDRB Per Kapita Atas Dasar Harga Berlaku di Provinsi DI Yogyakarta Menurut Kabupaten/Kota (ribu rupiah), 2020–2024","Per Capita GRDP at Current Market Prices by Regency/Municipality, in DI Yogyakarta Province (thousand rupiahss), 2020–2024",14,4,04baf6a927fb
DI YOGYAKARTA,03,Kab. Gunung Kidul,,2021,,27.304,,"PDRB Per Kapita Atas Dasar Harga Berlaku di Provinsi DI Yogyakarta Menurut Kabupaten/Kota (ribu rupiah), 2020–2024","Per Capita GRDP at Current Market Prices by Regency/Municipality, in DI Yogyakarta Province (thousand rupiahss), 2020–2024",14,4,b60ad54b9c6c
DI YOGYAKARTA,04,Kab. Sleman,,2021,,43.560,,"PDRB Per Kapita Atas Dasar Harga Berlaku di Provinsi DI Yogyakarta Menurut Kabupaten/Kota (ribu rupiah), 2020–2024","Per Capita GRDP at Current Market Prices by Regency/Municipality, in DI Yogyakarta Province (thousand rupiahss), 2020–2024",14,4,41eba564411b
DI YOGYAKARTA,71,Kota Yogyakarta,,2021,,102.702,,"PDRB Per Kapita Atas Dasar Harga Berlaku di Provinsi DI Yogyakarta Menurut Kabupaten/Kota (ribu rupiah), 2020–2024","Per Capita GRDP at Current Market Prices by Regency/Municipality, in DI Yogyakarta Province (thousand rupiahss), 2020–2024",14,4,7cd4147e49bd
DI YOGYAKARTA,,Jml Kab./Kota Total of Reg./Mun.,,2021,,40.443,,"PDRB Per Kapita Atas Dasar Harga Berlaku di Provinsi DI Yogyakarta Menurut Kabupaten/Kota (ribu rupiah), 2020–2024","Per Capita GRDP at Current Market Prices by Regency/Municipality, in DI Yogyakarta Province (thousand rupiahss), 2020–2024",14,4,2a1a73b109c6
DI YOGYAKARTA,,Provinsi/Province,,2021,,40.516,,"PDRB Per Kapita Atas Dasar Harga Berlaku di Provinsi DI Yogyakarta Menurut Kabupaten/Kota (ribu rupiah), 2020–2024","Per Capita GRDP at Current Market Prices by Regency/Municipality, in DI Yogyakarta Province (thousand rupiahss), 2020–2024",14,4,cbe838564981
JAWA TIMUR,01,Kab. Pacitan,,2021,,27.932,,"PDRB Per Kapita Atas Dasar Harga Berlaku di Provinsi Jawa Timur Menurut Kabupaten/Kota (ribu rupiah), 2020–2024","Per Capita GRDP at Current Market Prices by Regency/Municipality, in Jawa Timur Province (thousand rupiahss), 2020–2024",15,5,1fb32677dc6a
JAWA TIMUR,02,Kab. Ponorogo,,2021,,22.432,,"PDRB Per Kapita Atas Dasar Harga Berlaku di Provinsi Jawa Timur Menurut Kabupaten/Kota (ribu rupiah), 2020–2024","Per Capita GRDP at Current Market Prices by Regency/Municipality, in Jawa Timur Province (thousand rupiahss), 2020–2024",15,5,9e4927aadc0e
JAWA TIMUR,03,Kab. Trenggalek,,2021,,26.160,,"PDRB Per Kapita Atas Dasar Harga Berlaku di Provinsi Jawa Timur Menurut Kabupaten/Kota (ribu rupiah), 2020–2024","Per Capita GRDP at Current Market Prices by Regency/Municipality, in Jawa Timur Province (thousand rupiahss), 2020–2024",15,5,34535a593ca0
JAWA TIMUR,04,Kab. Tulungagung,,2021,,36.688,,"PDRB Per Kapita Atas Dasar Harga Berlaku di Provinsi Jawa Timur Menurut Kabupaten/Kota (ribu rupiah), 2020–2024","Per Capita GRDP at Current Market Prices by Regency/Municipality, in Jawa Timur Province (thousand rupiahss), 2020–2024",15,5,c070580d3929
JAWA TIMUR,05,Kab. Blitar,,2021,,30.683,,"PDRB Per Kapita Atas Dasar Harga Berlaku di Provinsi Jawa Timur Menurut Kabupaten/Kota (ribu rupiah), 2020–2024","Per Capita GRDP at Current Market Prices by Regency/Municipality, in Jawa Timur Province (thousand rupiahss), 2020–2024",15,5,a4e16c0d88ff
JAWA TIMUR,06,Kab. Kediri,,2021,,25.867,,"PDRB Per Kapita Atas Dasar Harga Berlaku di Provinsi Jawa Timur Menurut Kabupaten/Kota (ribu rupiah), 2020–2024","Per Capita GRDP at Current Market Prices by Regency/Municipality, in Jawa Timur Province (thousand rupiahss), 2020–2024",15,5,db2521668f02
JAWA TIMUR,07,Kab. Malang,,2021,,40.057,,"PDRB Per Kapita Atas Dasar Harga Berlaku di Provinsi Jawa Timur Menurut Kabupaten/Kota (ribu rupiah), 2020–2024","Per Capita GRDP at Current Market Prices by Regency/Municipality, in Jawa Timur Province (thousand rupiahss), 2020–2024",15,5,f4e173a9ca8c
JAWA TIMUR,08,Kab. Lumajang,,2021,,29.939,,"PDRB Per Kapita Atas Dasar Harga Berlaku di Provinsi Jawa Timur Menurut Kabupaten/Kota (ribu rupiah), 2020–2024","Per Capita GRDP at Current Market Prices by Regency/Municipality, in Jawa Timur Province (thousand rupiahss), 2020–2024",15,5,a5facbedd4b5
JAWA TIMUR,09,Kab. Jember,,2021,,31.781,,"PDRB Per Kapita Atas Dasar Harga Berlaku di Provinsi Jawa Timur Menurut Kabupaten/Kota (ribu rupiah), 2020–2024","Per Capita GRDP at Current Market Prices by Regency/Municipality, in Jawa Timur Province (thousand rupiahss), 2020–2024",15,5,f9f6e968dc83
JAWA TIMUR,10,Kab. Banyuwangi,,2021,,49.896,,"PDRB Per Kapita Atas Dasar Harga Berlaku di Provinsi Jawa Timur Menurut Kabupaten/Kota (ribu rupiah), 2020–2024","Per Capita GRDP at Current Market Prices by Regency/Municipality, in Jawa Timur Province (thousand rupiahss), 2020–2024",15,5,0f0471bf6af3
JAWA TIMUR,11,Kab. Bondowoso,,2021,,27.009,,"PDRB Per Kapita Atas Dasar Harga Berlaku di Provinsi Jawa Timur Menurut Kabupaten/Kota (ribu rupiah), 2020–2024","Per Capita GRDP at Current Market Prices by Regency/Municipality, in Jawa Timur Province (thousand rupiahss), 2020–2024",15,5,bef6e59cec53
JAWA TIMUR,12,Kab. Situbondo,,2021,,30.765,,"PDRB Per Kapita Atas Dasar Harga Berlaku di Provinsi Jawa Timur Menurut Kabupaten/Kota (ribu rupiah), 2020–2024","Per Capita GRDP at Current Market Prices by Regency/Municipality, in Jawa Timur Province (thousand rupiahss), 2020–2024",15,5,670a61d2843f
JAWA TIMUR,13,Kab. Probolinggo,,2021,,30.708,,"PDRB Per Kapita Atas Dasar Harga Berlaku di Provinsi Jawa Timur Menurut Kabupaten/Kota (ribu rupiah), 2020–2024","Per Capita GRDP at Current Market Prices by Regency/Municipality, in Jawa Timur Province (thousand rupiahss), 2020–2024",15,5,836c5feb75f6
JAWA TIMUR,14,Kab. Pasuruan,,2021,,97.171,,"PDRB Per Kapita Atas Dasar Harga Berlaku di Provinsi Jawa Timur Menurut Kabupaten/Kota (ribu rupiah), 2020–2024","Per Capita GRDP at Current Market Prices by Regency/Municipality, in Jawa Timur Province (thousand rupiahss), 2020–2024",15,5,8703a76fa9f9
JAWA TIMUR,15,Kab. Sidoarjo,,2021,,100.252,,"PDRB Per Kapita Atas Dasar Harga Berlaku di Provinsi Jawa Timur Menurut Kabupaten/Kota (ribu rupiah), 2020–2024","Per Capita GRDP at Current Market Prices by Regency/Municipality, in Jawa Timur Province (thousand rupiahss), 2020–2024",15,5,fc85a8983b33
JAWA TIMUR,16,Kab. Mojokerto,,2021,,77.340,,"PDRB Per Kapita Atas Dasar Harga Berlaku di Provinsi Jawa Timur Menurut Kabupaten/Kota (ribu rupiah), 2020–2024","Per Capita GRDP at Current Market Prices by Regency/Municipality, in Jawa Timur Province (thousand rupiahss), 2020–2024",15,5,91b9d37ef8f2
JAWA TIMUR,17,Kab. Jombang,,2021,,31.449,,"PDRB Per Kapita Atas Dasar Harga Berlaku di Provinsi Jawa Timur Menurut Kabupaten/Kota (ribu rupiah), 2020–2024","Per Capita GRDP at Current Market Prices by Regency/Municipality, in Jawa Timur Province (thousand rupiahss), 2020–2024",15,5,5bd5ddf0782a
JAWA TIMUR,18,Kab. Nganjuk,,2021,,25.280,,"PDRB Per Kapita Atas Dasar Harga Berlaku di Provinsi Jawa Timur Menurut Kabupaten/Kota (ribu rupiah), 2020–2024","Per Capita GRDP at Current Market Prices by Regency/Municipality, in Jawa Timur Province (thousand rupiahss), 2020–2024",15,5,ebbc090bf993
JAWA TIMUR,19,Kab. Madiun,,2021,,26.802,,"PDRB Per Kapita Atas Dasar Harga Berlaku di Provinsi Jawa Timur Menurut Kabupaten/Kota (ribu rupiah), 2020–2024","Per Capita GRDP at Current Market Prices by Regency/Municipality, in Jawa Timur Province (thousand rupiahss), 2020–2024",15,5,372c1920b580
JAWA TIMUR,20,Kab. Magetan,,2021,,29.081,,"PDRB Per Kapita Atas Dasar Harga Berlaku di Provinsi Jawa Timur Menurut Kabupaten/Kota (ribu rupiah), 2020–2024","Per Capita GRDP at Current Market Prices by Regency/Municipality, in Jawa Timur Province (thousand rupiahss), 2020–2024",15,5,f5406368bbbb
JAWA TIMUR,21,Kab. Ngawi,,2021,,23.838,,"PDRB Per Kapita Atas Dasar Harga Berlaku di Provinsi Jawa Timur Menurut Kabupaten/Kota (ribu rupiah), 2020–2024","Per Capita GRDP at Current Market Prices by Regency/Municipality, in Jawa Timur Province (thousand rupiahss), 2020–2024",15,5,d177da895bd1
JAWA TIMUR,22,Kab. Bojonegoro,,2021,,64.424,,"PDRB Per Kapita Atas Dasar Harga Berlaku di Provinsi Jawa Timur Menurut Kabupaten/Kota (ribu rupiah), 2020–2024","Per Capita GRDP at Current Market Prices by Regency/Municipality, in Jawa Timur Province (thousand rupiahss), 2020–2024",15,5,ef2f477910bb
JAWA TIMUR,23,Kab. Tuban,,2021,,54.739,,"PDRB Per Kapita Atas Dasar Harga Berlaku di Provinsi Jawa Timur Menurut Kabupaten/Kota (ribu rupiah), 2020–2024","Per Capita GRDP at Current Market Prices by Regency/Municipality, in Jawa Timur Province (thousand rupiahss), 2020–2024",15,5,6171a6c8f8f9
JAWA TIMUR,24,Kab. Lamongan,,2021,,30.373,,"PDRB Per Kapita Atas Dasar Harga Berlaku di Provinsi Jawa Timur Menurut Kabupaten/Kota (ribu rupiah), 2020–2024","Per Capita GRDP at Current Market Prices by Regency/Municipality, in Jawa Timur Province (thousand rupiahss), 2020–2024",15,5,bcea601e4171
JAWA TIMUR,25,Kab. Gresik,,2021,,109.418,,"PDRB Per Kapita Atas Dasar Harga Berlaku di Provinsi Jawa Timur Menurut Kabupaten/Kota (ribu rupiah), 2020–2024","Per Capita GRDP at Current Market Prices by Regency/Municipality, in Jawa Timur Province (thousand rupiahss), 2020–2024",15,5,cd09b9cd72ae
JAWA TIMUR,26,Kab. Bangkalan,,2021,,23.148,,"PDRB Per Kapita Atas Dasar Harga Berlaku di Provinsi Jawa Timur Menurut Kabupaten/Kota (ribu rupiah), 2020–2024","Per Capita GRDP at Current Market Prices by Regency/Municipality, in Jawa Timur Province (thousand rupiahss), 2020–2024",15,5,67c8c895af50
JAWA TIMUR,27,Kab. Sampang,,2021,,21.064,,"PDRB Per Kapita Atas Dasar Harga Berlaku di Provinsi Jawa Timur Menurut Kabupaten/Kota (ribu rupiah), 2020–2024","Per Capita GRDP at Current Market Prices by Regency/Municipality, in Jawa Timur Province (thousand rupiahss), 2020–2024",15,5,af2be0de3070
JAWA TIMUR,28,Kab. Pamekasan,,2021,,20.596,,"PDRB Per Kapita Atas Dasar Harga Berlaku di Provinsi Jawa Timur Menurut Kabupaten/Kota (ribu rupiah), 2020–2024","Per Capita GRDP at Current Market Prices by Regency/Municipality, in Jawa Timur Province (thousand rupiahss), 2020–2024",15,5,502e74958b5e
JAWA TIMUR,29,Kab. Sumenep,,2021,,31.177,,"PDRB Per Kapita Atas Dasar Harga Berlaku di Provinsi Jawa Timur Menurut Kabupaten/Kota (ribu rupiah), 2020–2024","Per Capita GRDP at Current Market Prices by Regency/Municipality, in Jawa Timur Province (thousand rupiahss), 2020–2024",15,5,eace2d2230de
JAWA TIMUR,71,Kota Kediri,,2021,,489.294,,"PDRB Per Kapita Atas Dasar Harga Berlaku di Provinsi Jawa Timur Menurut Kabupaten/Kota (ribu rupiah), 2020–2024","Per Capita GRDP at Current Market Prices by Regency/Municipality, in Jawa Timur Province (thousand rupiahss), 2020–2024",15,5,e48433cb68b5
JAWA TIMUR,72,Kota Blitar,,2021,,47.329,,"PDRB Per Kapita Atas Dasar Harga Berlaku di Provinsi Jawa Timur Menurut Kabupaten/Kota (ribu rupiah), 2020–2024","Per Capita GRDP at Current Market Prices by Regency/Municipality, in Jawa Timur Province (thousand rupiahss), 2020–2024",15,5,1774810ac277
JAWA TIMUR,73,Kota Malang,,2021,,90.160,,"PDRB Per Kapita Atas Dasar Harga Berlaku di Provinsi Jawa Timur Menurut Kabupaten/Kota (ribu rupiah), 2020–2024","Per Capita GRDP at Current Market Prices by Regency/Municipality, in Jawa Timur Province (thousand rupiahss), 2020–2024",15,5,2b2e8c654015
JAWA TIMUR,74,Kota Probolinggo,,2021,,48.406,,"PDRB Per Kapita Atas Dasar Harga Berlaku di Provinsi Jawa Timur Menurut Kabupaten/Kota (ribu rupiah), 2020–2024","Per Capita GRDP at Current Market Prices by Regency/Municipality, in Jawa Timur Province (thousand rupiahss), 2020–2024",15,5,1c37b84470e2
JAWA TIMUR,75,Kota Pasuruan,,2021,,40.372,,"PDRB Per Kapita Atas Dasar Harga Berlaku di Provinsi Jawa Timur Menurut Kabupaten/Kota (ribu rupiah), 2020–2024","Per Capita GRDP at Current Market Prices by Regency/Municipality, in Jawa Timur Province (thousand rupiahss), 2020–2024",15,5,73bc38fc0335
JAWA TIMUR,76,Kota Mojokerto,,2021,,51.962,,"PDRB Per Kapita Atas Dasar Harga Berlaku di Provinsi Jawa Timur Menurut Kabupaten/Kota (ribu rupiah), 2020–2024","Per Capita GRDP at Current Market Prices by Regency/Municipality, in Jawa Timur Province (thousand rupiahss), 2020–2024",15,5,980c8ee7b430
JAWA TIMUR,77,Kota Madiun,,2021,,73.502,,"PDRB Per Kapita Atas Dasar Harga Berlaku di Provinsi Jawa Timur Menurut Kabupaten/Kota (ribu rupiah), 2020–2024","Per Capita GRDP at Current Market Prices by Regency/Municipality, in Jawa Timur Province (thousand rupiahss), 2020–2024",15,5,e21696eb54ff
JAWA TIMUR,78,Kota Surabaya,,2021,,204.411,,"PDRB Per Kapita Atas Dasar Harga Berlaku di Provinsi Jawa Timur Menurut Kabupaten/Kota (ribu rupiah), 2020–2024","Per Capita GRDP at Current Market Prices by Regency/Municipality, in Jawa Timur Province (thousand rupiahss), 2020–2024",15,5,81ed171c951a
JAWA TIMUR,79,Kota Batu,,2021,,78.331,,"PDRB Per Kapita Atas Dasar Harga Berlaku di Provinsi Jawa Timur Menurut Kabupaten/Kota (ribu rupiah), 2020–2024","Per Capita GRDP at Current Market Prices by Regency/Municipality, in Jawa Timur Province (thousand rupiahss), 2020–2024",15,5,9692a11f7d75
JAWA TIMUR,,Jml Kab./Kota Total of Reg./Mun.,,2021,,60.026,,"PDRB Per Kapita Atas Dasar Harga Berlaku di Provinsi Jawa Timur Menurut Kabupaten/Kota (ribu rupiah), 2020–2024","Per Capita GRDP at Current Market Prices by Regency/Municipality, in Jawa Timur Province (thousand rupiahss), 2020–2024",15,5,a3b359676cf7
JAWA TIMUR,,Provinsi/Province,,2021,,59.988,,"PDRB Per Kapita Atas Dasar Harga Berlaku di Provinsi Jawa Timur Menurut Kabupaten/Kota (ribu rupiah), 2020–2024","Per Capita GRDP at Current Market Prices by Regency/Municipality, in Jawa Timur Province (thousand rupiahss), 2020–2024",15,5,ac5dbc525eed
BANTEN,01,Kab. Pandeglang,,2021,,23.252,,"PDRB Per Kapita Atas Dasar Harga Berlaku di Provinsi Banten Menurut Kabupaten/Kota (ribu rupiah), 2020–2024","Per Capita GRDP at Current Market Prices by Regency/Municipality, in Banten Province (thousand rupiahss), 2020–2024",16,6,dce8b5da4758
BANTEN,02,Kab. Lebak,,2021,,22.012,,"PDRB Per Kapita Atas Dasar Harga Berlaku di Provinsi Banten Menurut Kabupaten/Kota (ribu rupiah), 2020–2024","Per Capita GRDP at Current Market Prices by Regency/Municipality, in Banten Province (thousand rupiahss), 2020–2024",16,6,93ea2a7f00c5
BANTEN,03,Kab. Tangerang,,2021,,44.298,,"PDRB Per Kapita Atas Dasar Harga Berlaku di Provinsi Banten Menurut Kabupaten/Kota (ribu rupiah), 2020–2024","Per Capita GRDP at Current Market Prices by Regency/Municipality, in Banten Province (thousand rupiahss), 2020–2024",16,6,b700a2dc7eb1
BANTEN,04,Kab. Serang,,2021,,48.918,,"PDRB Per Kapita Atas Dasar Harga Berlaku di Provinsi Banten Menurut Kabupaten/Kota (ribu rupiah), 2020–2024","Per Capita GRDP at Current Market Prices by Regency/Municipality, in Banten Province (thousand rupiahss), 2020–2024",16,6,e164aba04393
BANTEN,71,Kota Tangerang,,2021,,78.533,,"PDRB Per Kapita Atas Dasar Harga Berlaku di Provinsi Banten Menurut Kabupaten/Kota (ribu rupiah), 2020–2024","Per Capita GRDP at Current Market Prices by Regency/Municipality, in Banten Province (thousand rupiahss), 2020–2024",16,6,0a1353f4b5a0
BANTEN,72,Kota Cilegon,,2021,,251.422,,"PDRB Per Kapita Atas Dasar Harga Berlaku di Provinsi Banten Menurut Kabupaten/Kota (ribu rupiah), 2020–2024","Per Capita GRDP at Current Market Prices by Regency/Municipality, in Banten Province (thousand rupiahss), 2020–2024",16,6,7e77dfb74590
BANTEN,73,Kota Serang,,2021,,47.798,,"PDRB Per Kapita Atas Dasar Harga Berlaku di Provinsi Banten Menurut Kabupaten/Kota (ribu rupiah), 2020–2024","Per Capita GRDP at Current Market Prices by Regency/Municipality, in Banten Province (thousand rupiahss), 2020–2024",16,6,c8a967553b23
BANTEN,74,Kota Tangerang Selatan,,2021,,64.499,,"PDRB Per Kapita Atas Dasar Harga Berlaku di Provinsi Banten Menurut Kabupaten/Kota (ribu rupiah), 2020–2024","Per Capita GRDP at Current Market Prices by Regency/Municipality, in Banten Province (thousand rupiahss), 2020–2024",16,6,e9a3ba14a872
BANTEN,,Jml Kab./Kota Total of Reg./Mun.,,2021,,55.597,,"PDRB Per Kapita Atas Dasar Harga Berlaku di Provinsi Banten Menurut Kabupaten/Kota (ribu rupiah), 2020–2024","Per Capita GRDP at Current Market Prices by Regency/Municipality, in Banten Province (thousand rupiahss), 2020–2024",16,6,32072707d6c7
BANTEN,,Provinsi/Province,,2021,,55.383,,"PDRB Per Kapita Atas Dasar Harga Berlaku di Provinsi Banten Menurut Kabupaten/Kota (ribu rupiah), 2020–2024","Per Capita GRDP at Current Market Prices by Regency/Municipality, in Banten Province (thousand rupiahss), 2020–2024",16,6,04547576e16b
BALI,01,Kab. Jembrana,,2021,,42.382,,"PDRB Per Kapita Atas Dasar Harga Berlaku di Provinsi Bali Menurut Kabupaten/Kota (ribu rupiah), 2020–2024","Per Capita GRDP at Current Market Prices by Regency/Municipality, in Bali Province (thousand rupiahss), 2020–2024",17,7,871b1143ca2d
BALI,02,Kab. Tabanan,,2021,,47.573,,"PDRB Per Kapita Atas Dasar Harga Berlaku di Provinsi Bali Menurut Kabupaten/Kota (ribu rupiah), 2020–2024","Per Capita GRDP at Current Market Prices by Regency/Municipality, in Bali Province (thousand rupiahss), 2020–2024",17,7,c7ca2bbbe921
BALI,03,Kab. Badung,,2021,,81.198,,"PDRB Per Kapita Atas Dasar Harga Berlaku di Provinsi Bali Menurut Kabupaten/Kota (ribu rupiah), 2020–2024","Per Capita GRDP at Current Market Prices by Regency/Municipality, in Bali Province (thousand rupiahss), 2020–2024",17,7,ec3a36aaf101
BALI,04,Kab. Gianyar,,2021,,49.810,,"PDRB Per Kapita Atas Dasar Harga Berlaku di Provinsi Bali Menurut Kabupaten/Kota (ribu rupiah), 2020–2024","Per Capita GRDP at Current Market Prices by Regency/Municipality, in Bali Province (thousand rupiahss), 2020–2024",17,7,4e095cd21f00
BALI,05,Kab. Klungkung,,2021,,41.163,,"PDRB Per Kapita Atas Dasar Harga Berlaku di Provinsi Bali Menurut Kabupaten/Kota (ribu rupiah), 2020–2024","Per Capita GRDP at Current Market Prices by Regency/Municipality, in Bali Province (thousand rupiahss), 2020–2024",17,7,5758f02c81c9
BALI,06,Kab. Bangli,,2021,,26.319,,"PDRB Per Kapita Atas Dasar Harga Berlaku di Provinsi Bali Menurut Kabupaten/Kota (ribu rupiah), 2020–2024","Per Capita GRDP at Current Market Prices by Regency/Municipality, in Bali Province (thousand rupiahss), 2020–2024",17,7,6fd7fd42cb0c
BALI,07,Kab. Karangasem,,2021,,33.353,,"PDRB Per Kapita Atas Dasar Harga Berlaku di Provinsi Bali Menurut Kabupaten/Kota (ribu rupiah), 2020–2024","Per Capita GRDP at Current Market Prices by Regency/Municipality, in Bali Province (thousand rupiahss), 2020–2024",17,7,0dedf21f68fa
BALI,08,Kab. Buleleng,,2021,,41.893,,"PDRB Per Kapita Atas Dasar Harga Berlaku di Provinsi Bali Menurut Kabupaten/Kota (ribu rupiah), 2020–2024","Per Capita GRDP at Current Market Prices by Regency/Municipality, in Bali Province (thousand rupiahss), 2020–2024",17,7,90b124ca3b1f
BALI,71,Kota Denpasar,,2021,,67.754,,"PDRB Per Kapita Atas Dasar Harga Berlaku di Provinsi Bali Menurut Kabupaten/Kota (ribu rupiah), 2020–2024","Per Capita GRDP at Current Market Prices by Regency/Municipality, in Bali Province (thousand rupiahss), 2020–2024",17,7,1cbc47f435f0
BALI,,Jml Kab./Kota Total of Reg./Mun.,,2021,,50.908,,"PDRB Per Kapita Atas Dasar Harga Berlaku di Provinsi Bali Menurut Kabupaten/Kota (ribu rupiah), 2020–2024","Per Capita GRDP at Current Market Prices by Regency/Municipality, in Bali Province (thousand rupiahss), 2020–2024",17,7,935f97c16318
BALI,,Provinsi/Province,,2021,,50.758,,"PDRB Per Kapita Atas Dasar Harga Berlaku di Provinsi Bali Menurut Kabupaten/Kota (ribu rupiah), 2020–2024","Per Capita GRDP at Current Market Prices by Regency/Municipality, in Bali Province (thousand rupiahss), 2020–2024",17,7,9c2b3e6b635e
NUSA TENGGARA BARAT,01,Kab. Lombok Barat,,2021,,21.095,,"PDRB Per Kapita Atas Dasar Harga Berlaku di Provinsi Nusa Tenggara Barat Menurut Kabupaten/Kota (ribu rupiah), 2020–2024","Per Capita GRDP at Current Market Prices by Regency/Municipality, in Nusa Tenggara Barat Province (thousand rupiahss), 2020–2024",18,8,cba52c078678
NUSA TENGGARA BARAT,02,Kab. Lombok Tengah,,2021,,16.855,,"PDRB Per Kapita Atas Dasar Harga Berlaku di Provinsi Nusa Tenggara Barat Menurut Kabupaten/Kota (ribu rupiah), 2020–2024","Per Capita GRDP at Current Market Prices by Regency/Municipality, in Nusa Tenggara Barat Province (thousand rupiahss), 2020–2024",18,8,d040a6a1c18b
NUSA TENGGARA BARAT,03,Kab. Lombok Timur,,2021,,15.656,,"PDRB Per Kapita Atas Dasar Harga Berlaku di Provinsi Nusa Tenggara Barat Menurut Kabupaten/Kota (ribu rupiah), 2020–2024","Per Capita GRDP at Current Market Prices by Regency/Municipality, in Nusa Tenggara Barat Province (thousand rupiahss), 2020–2024",18,8,60038e3c8539
NUSA TENGGARA BARAT,04,Kab. Sumbawa,,2021,,29.156,,"PDRB Per Kapita Atas Dasar Harga Berlaku di Provinsi Nusa Tenggara Barat Menurut Kabupaten/Kota (ribu rupiah), 2020–2024","Per Capita GRDP at Current Market Prices by Regency/Municipality, in Nusa Tenggara Barat Province (thousand rupiahss), 2020–2024",18,8,c1d41d3afc86
NUSA TENGGARA BARAT,05,Kab. Dompu,,2021,,30.628,,"PDRB Per Kapita Atas Dasar Harga Berlaku di Provinsi Nusa Tenggara Barat Menurut Kabupaten/Kota (ribu rupiah), 2020–2024","Per Capita GRDP at Current Market Prices by Regency/Municipality, in Nusa Tenggara Barat Province (thousand rupiahss), 2020–2024",18,8,a3899a15d657
NUSA TENGGARA BARAT,06,Kab. Bima,,2021,,22.808,,"PDRB Per Kapita Atas Dasar Harga Berlaku di Provinsi Nusa Tenggara Barat Menurut Kabupaten/Kota (ribu rupiah), 2020–2024","Per Capita GRDP at Current Market Prices by Regency/Municipality, in Nusa Tenggara Barat Province (thousand rupiahss), 2020–2024",18,8,4fa29d1baafa
NUSA TENGGARA BARAT,07,Kab. Sumbawa Barat,,2021,,160.814,,"PDRB Per Kapita Atas Dasar Harga Berlaku di Provinsi Nusa Tenggara Barat Menurut Kabupaten/Kota (ribu rupiah), 2020–2024","Per Capita GRDP at Current Market Prices by Regency/Municipality, in Nusa Tenggara Barat Province (thousand rupiahss), 2020–2024",18,8,0cf8f9cf01f8
NUSA TENGGARA BARAT,08,Kab. Lombok Utara,,2021,,18.799,,"PDRB Per Kapita Atas Dasar Harga Berlaku di Provinsi Nusa Tenggara Barat Menurut Kabupaten/Kota (ribu rupiah), 2020–2024","Per Capita GRDP at Current Market Prices by Regency/Municipality, in Nusa Tenggara Barat Province (thousand rupiahss), 2020–2024",18,8,36ca83100b02
NUSA TENGGARA BARAT,71,Kota Mataram,,2021,,45.469,,"PDRB Per Kapita Atas Dasar Harga Berlaku di Provinsi Nusa Tenggara Barat Menurut Kabupaten/Kota (ribu rupiah), 2020–2024","Per Capita GRDP at Current Market Prices by Regency/Municipality, in Nusa Tenggara Barat Province (thousand rupiahss), 2020–2024",18,8,527b7d2974a9
NUSA TENGGARA BARAT,72,Kota Bima,,2021,,27.421,,"PDRB Per Kapita Atas Dasar Harga Berlaku di Provinsi Nusa Tenggara Barat Menurut Kabupaten/Kota (ribu rupiah), 2020–2024","Per Capita GRDP at Current Market Prices by Regency/Municipality, in Nusa Tenggara Barat Province (thousand rupiahss), 2020–2024",18,8,84741d3cd66c
NUSA TENGGARA BARAT,,Jml Kab./Kota Total of Reg./Mun.,,2021,,26.140,,"PDRB Per Kapita Atas Dasar Harga Berlaku di Provinsi Nusa Tenggara Barat Menurut Kabupaten/Kota (ribu rupiah), 2020–2024","Per Capita GRDP at Current Market Prices by Regency/Municipality, in Nusa Tenggara Barat Province (thousand rupiahss), 2020–2024",18,8,76b02da8fc13
NUSA TENGGARA BARAT,,Provinsi/Province,,2021,,26.009,,"PDRB Per Kapita Atas Dasar Harga Berlaku di Provinsi Nusa Tenggara Barat Menurut Kabupaten/Kota (ribu rupiah), 2020–2024","Per Capita GRDP at Current Market Prices by Regency/Municipality, in Nusa Tenggara Barat Province (thousand rupiahss), 2020–2024",18,8,3834da0c1b13
NUSA TENGGARA TIMUR,01,Kab. Sumba Barat,,2021,,16.418,,"PDRB Per Kapita Atas Dasar Harga Berlaku di Provinsi Nusa Tenggara Timur Menurut Kabupaten/Kota (ribu rupiah), 2020–2024","Per Capita GRDP at Current Market Prices by Regency/Municipality, in Nusa Tenggara Timur Province (thousand rupiahss), 2020–2024",19,9,0460d92e0848
NUSA TENGGARA TIMUR,02,Kab. Sumba Timur,,2021,,25.846,,"PDRB Per Kapita Atas Dasar Harga Berlaku di Provinsi Nusa Tenggara Timur Menurut Kabupaten/Kota (ribu rupiah), 2020–2024","Per Capita GRDP at Current Market Prices by Regency/Municipality, in Nusa Tenggara Timur Province (thousand rupiahss), 2020–2024",19,9,c2e4bc277aac
NUSA TENGGARA TIMUR,03,Kab. Kupang,,2021,,21.621,,"PDRB Per Kapita Atas Dasar Harga Berlaku di Provinsi Nusa Tenggara Timur Menurut Kabupaten/Kota (ribu rupiah), 2020–2024","Per Capita GRDP at Current Market Prices by Regency/Municipality, in Nusa Tenggara Timur Province (thousand rupiahss), 2020–2024",19,9,1d7d2d56376d
NUSA TENGGARA TIMUR,04,Kab. Timor Tengah Selatan,,2021,,17.885,,"PDRB Per Kapita Atas Dasar Harga Berlaku di Provinsi Nusa Tenggara Timur Menurut Kabupaten/Kota (ribu rupiah), 2020–2024","Per Capita GRDP at Current Market Prices by Regency/Municipality, in Nusa Tenggara Timur Province (thousand rupiahss), 2020–2024",19,9,88e2c8838f82
NUSA TENGGARA TIMUR,05,Kab. Timor Tengah Utara,,2021,,16.052,,"PDRB Per Kapita Atas Dasar Harga Berlaku di Provinsi Nusa Tenggara Timur Menurut Kabupaten/Kota (ribu rupiah), 2020–2024","Per Capita GRDP at Current Market Prices by Regency/Municipality, in Nusa Tenggara Timur Province (thousand rupiahss), 2020–2024",19,9,70837d34b5ae
NUSA TENGGARA TIMUR,06,Kab. Belu,,2021,,21.204,,"PDRB Per Kapita Atas Dasar Harga Berlaku di Provinsi Nusa Tenggara Timur Menurut Kabupaten/Kota (ribu rupiah), 2020–2024","Per Capita GRDP at Current Market Prices by Regency/Municipality, in Nusa Tenggara Timur Province (thousand rupiahss), 2020–2024",19,9,9be5bf8dbb71
NUSA TENGGARA TIMUR,07,Kab. Alor,,2021,,14.759,,"PDRB Per Kapita Atas Dasar Harga Berlaku di Provinsi Nusa Tenggara Timur Menurut Kabupaten/Kota (ribu rupiah), 2020–2024","Per Capita GRDP at Current Market Prices by Regency/Municipality, in Nusa Tenggara Timur Province (thousand rupiahss), 2020–2024",19,9,0d05d9b3791d
NUSA TENGGARA TIMUR,08,Kab. Lembata,,2021,,13.910,,"PDRB Per Kapita Atas Dasar Harga Berlaku di Provinsi Nusa Tenggara Timur Menurut Kabupaten/Kota (ribu rupiah), 2020–2024","Per Capita GRDP at Current Market Prices by Regency/Municipality, in Nusa Tenggara Timur Province (thousand rupiahss), 2020–2024",19,9,84e8ff78b71a
NUSA TENGGARA TIMUR,09,Kab. Flores Timur,,2021,,19.216,,"PDRB Per Kapita Atas Dasar Harga Berlaku di Provinsi Nusa Tenggara Timur Menurut Kabupaten/Kota (ribu rupiah), 2020–2024","Per Capita GRDP at Current Market Prices by Regency/Municipality, in Nusa Tenggara Timur Province (thousand rupiahss), 2020–2024",19,9,5ce56fe760b2
NUSA TENGGARA TIMUR,10,Kab. Sikka,,2021,,16.335,,"PDRB Per Kapita Atas Dasar Harga Berlaku di Provinsi Nusa Tenggara Timur Menurut Kabupaten/Kota (ribu rupiah), 2020–2024","Per Capita GRDP at Current Market Prices by Regency/Municipality, in Nusa Tenggara Timur Province (thousand rupiahss), 2020–2024",19,9,27484688787b
NUSA TENGGARA TIMUR,11,Kab. Ende,,2021,,23.133,,"PDRB Per Kapita Atas Dasar Harga Berlaku di Provinsi Nusa Tenggara Timur Menurut Kabupaten/Kota (ribu rupiah), 2020–2024","Per Capita GRDP at Current Market Prices by Regency/Municipality, in Nusa Tenggara Timur Province (thousand rupiahss), 2020–2024",19,9,f7da8b213ee1
NUSA TENGGARA TIMUR,12,Kab. Ngada,,2021,,21.418,,"PDRB Per Kapita Atas Dasar Harga Berlaku di Provinsi Nusa Tenggara Timur Menurut Kabupaten/Kota (ribu rupiah), 2020–2024","Per Capita GRDP at Current Market Prices by Regency/Municipality, in Nusa Tenggara Timur Province (thousand rupiahss), 2020–2024",19,9,6633aefd22df
NUSA TENGGARA TIMUR,13,Kab. Manggarai,,2021,,15.157,,"PDRB Per Kapita Atas Dasar Harga Berlaku di Provinsi Nusa Tenggara Timur Menurut Kabupaten/Kota (ribu rupiah), 2020–2024","Per Capita GRDP at Current Market Prices by Regency/Municipality, in Nusa Tenggara Timur Province (thousand rupiahss), 2020–2024",19,9,f7d2cd7c2497
NUSA TENGGARA TIMUR,14,Kab. Rote Ndao,,2021,,22.513,,"PDRB Per Kapita Atas Dasar Harga Berlaku di Provinsi Nusa Tenggara Timur Menurut Kabupaten/Kota (ribu rupiah), 2020–2024","Per Capita GRDP at Current Market Prices by Regency/Municipality, in Nusa Tenggara Timur Province (thousand rupiahss), 2020–2024",19,9,6be86408ed59
NUSA TENGGARA TIMUR,15,Kab. Manggarai Barat,,2021,,13.871,,"PDRB Per Kapita Atas Dasar Harga Berlaku di Provinsi Nusa Tenggara Timur Menurut Kabupaten/Kota (ribu rupiah), 2020–2024","Per Capita GRDP at Current Market Prices by Regency/Municipality, in Nusa Tenggara Timur Province (thousand rupiahss), 2020–2024",19,9,3924454265bc
NUSA TENGGARA TIMUR,16,Kab. Sumba Tengah,,2021,,14.162,,"PDRB Per Kapita Atas Dasar Harga Berlaku di Provinsi Nusa Tenggara Timur Menurut Kabupaten/Kota (ribu rupiah), 2020–2024","Per Capita GRDP at Current Market Prices by Regency/Municipality, in Nusa Tenggara Timur Province (thousand rupiahss), 2020–2024",19,9,79927893a5bd
NUSA TENGGARA TIMUR,17,Kab. Sumba Barat Daya,,2021,,12.591,,"PDRB Per Kapita Atas Dasar Harga Berlaku di Provinsi Nusa Tenggara Timur Menurut Kabupaten/Kota (ribu rupiah), 2020–2024","Per Capita GRDP at Current Market Prices by Regency/Municipality, in Nusa Tenggara Timur Province (thousand rupiahss), 2020–2024",19,9,d9031c39c05e
NUSA TENGGARA TIMUR,18,Kab. Nagekeo,,2021,,14.536,,"PDRB Per Kapita Atas Dasar Harga Berlaku di Provinsi Nusa Tenggara Timur Menurut Kabupaten/Kota (ribu rupiah), 2020–2024","Per Capita GRDP at Current Market Prices by Regency/Municipality, in Nusa Tenggara Timur Province (thousand rupiahss), 2020–2024",19,9,248e965e0189
NUSA TENGGARA TIMUR,19,Kab. Manggarai Timur,,2021,,12.192,,"PDRB Per Kapita Atas Dasar Harga Berlaku di Provinsi Nusa Tenggara Timur Menurut Kabupaten/Kota (ribu rupiah), 2020–2024","Per Capita GRDP at Current Market Prices by Regency/Municipality, in Nusa Tenggara Timur Province (thousand rupiahss), 2020–2024",19,9,7457dbff9f22
NUSA TENGGARA TIMUR,20,Kab. Sabu Raijua,,2021,,16.041,,"PDRB Per Kapita Atas Dasar Harga Berlaku di Provinsi Nusa Tenggara Timur Menurut Kabupaten/Kota (ribu rupiah), 2020–2024","Per Capita GRDP at Current Market Prices by Regency/Municipality, in Nusa Tenggara Timur Province (thousand rupiahss), 2020–2024",19,9,8c4e60b234ab
NUSA TENGGARA TIMUR,21,Kab. Malaka,,2021,,15.752,,"PDRB Per Kapita Atas Dasar Harga Berlaku di Provinsi Nusa Tenggara Timur Menurut Kabupaten/Kota (ribu rupiah), 2020–2024","Per Capita GRDP at Current Market Prices by Regency/Municipality, in Nusa Tenggara Timur Province (thousand rupiahss), 2020–2024",19,9,c735bbbc2aa6
NUSA TENGGARA TIMUR,71,Kota Kupang,,2021,,54.282,,"PDRB Per Kapita Atas Dasar Harga Berlaku di Provinsi Nusa Tenggara Timur Menurut Kabupaten/Kota (ribu rupiah), 2020–2024","Per Capita GRDP at Current Market Prices by Regency/Municipality, in Nusa Tenggara Timur Province (thousand rupiahss), 2020–2024",19,9,be600472b424
NUSA TENGGARA TIMUR,,Jml Kab./Kota Total of Reg./Mun.,,2021,,20.580,,"PDRB Per Kapita Atas Dasar Harga Berlaku di Provinsi Nusa Tenggara Timur Menurut Kabupaten/Kota (ribu rupiah), 2020–2024","Per Capita GRDP at Current Market Prices by Regency/Municipality, in Nusa Tenggara Timur Province (thousand rupiahss), 2020–2024",19,9,739952f6d84d
NUSA TENGGARA TIMUR,,Provinsi/Province,,2021,,20.555,,"PDRB Per Kapita Atas Dasar Harga Berlaku di Provinsi Nusa Tenggara Timur Menurut Kabupaten/Kota (ribu rupiah), 2020–2024","Per Capita GRDP at Current Market Prices by Regency/Municipality, in Nusa Tenggara Timur Province (thousand rupiahss), 2020–2024",19,9,8634d058b9cf
KALIMANTAN BARAT,01,Kab. Sambas,,2021,,35.153,,"PDRB Per Kapita Atas Dasar Harga Berlaku di Provinsi Kalimantan Barat Menurut Kabupaten/Kota (ribu rupiah), 2020–2024","Per Capita GRDP at Current Market Prices by Regency/Municipality, in Kalimantan Barat Province (thousand rupiahss), 2020–2024",20,10,2858067e892e
KALIMANTAN BARAT,02,Kab. Bengkayang,,2021,,32.137,,"PDRB Per Kapita Atas Dasar Harga Berlaku di Provinsi Kalimantan Barat Menurut Kabupaten/Kota (ribu rupiah), 2020–2024","Per Capita GRDP at Current Market Prices by Regency/Municipality, in Kalimantan Barat Province (thousand rupiahss), 2020–2024",20,10,0e3b4eec3191
KALIMANTAN BARAT,03,Kab. Landak,,2021,,28.870,,"PDRB Per Kapita Atas Dasar Harga Berlaku di Provinsi Kalimantan Barat Menurut Kabupaten/Kota (ribu rupiah), 2020–2024","Per Capita GRDP at Current Market Prices by Regency/Municipality, in Kalimantan Barat Province (thousand rupiahss), 2020–2024",20,10,676e5d87c9b4
KALIMANTAN BARAT,04,Kab. Mempawah,,2021,,29.807,,"PDRB Per Kapita Atas Dasar Harga Berlaku di Provinsi Kalimantan Barat Menurut Kabupaten/Kota (ribu rupiah), 2020–2024","Per Capita GRDP at Current Market Prices by Regency/Municipality, in Kalimantan Barat Province (thousand rupiahss), 2020–2024",20,10,f7bde189232f
KALIMANTAN BARAT,05,Kab. Sanggau,,2021,,44.200,,"PDRB Per Kapita Atas Dasar Harga Berlaku di Provinsi Kalimantan Barat Menurut Kabupaten/Kota (ribu rupiah), 2020–2024","Per Capita GRDP at Current Market Prices by Regency/Municipality, in Kalimantan Barat Province (thousand rupiahss), 2020–2024",20,10,e22d634b3dd5
KALIMANTAN BARAT,06,Kab. Ketapang,,2021,,53.555,,"PDRB Per Kapita Atas Dasar Harga Berlaku di Provinsi Kalimantan Barat Menurut Kabupaten/Kota (ribu rupiah), 2020–2024","Per Capita GRDP at Current Market Prices by Regency/Municipality, in Kalimantan Barat Province (thousand rupiahss), 2020–2024",20,10,55eaca961d1f
KALIMANTAN BARAT,07,Kab. Sintang,,2021,,36.947,,"PDRB Per Kapita Atas Dasar Harga Berlaku di Provinsi Kalimantan Barat Menurut Kabupaten/Kota (ribu rupiah), 2020–2024","Per Capita GRDP at Current Market Prices by Regency/Municipality, in Kalimantan Barat Province (thousand rupiahss), 2020–2024",20,10,ab796c3945e7
KALIMANTAN BARAT,08,Kab. Kapuas Hulu,,2021,,43.337,,"PDRB Per Kapita Atas Dasar Harga Berlaku di Provinsi Kalimantan Barat Menurut Kabupaten/Kota (ribu rupiah), 2020–2024","Per Capita GRDP at Current Market Prices by Regency/Municipality, in Kalimantan Barat Province (thousand rupiahss), 2020–2024",20,10,ad0d197a4032
KALIMANTAN BARAT,09,Kab. Sekadau,,2021,,33.339,,"PDRB Per Kapita Atas Dasar Harga Berlaku di Provinsi Kalimantan Barat Menurut Kabupaten/Kota (ribu rupiah), 2020–2024","Per Capita GRDP at Current Market Prices by Regency/Municipality, in Kalimantan Barat Province (thousand rupiahss), 2020–2024",20,10,e51fbe0b7199
KALIMANTAN BARAT,10,Kab. Melawi,,2021,,24.277,,"PDRB Per Kapita Atas Dasar Harga Berlaku di Provinsi Kalimantan Barat Menurut Kabupaten/Kota (ribu rupiah), 2020–2024","Per Capita GRDP at Current Market Prices by Regency/Municipality, in Kalimantan Barat Province (thousand rupiahss), 2020–2024",20,10,393cb1013a0a
KALIMANTAN BARAT,11,Kab. Kayong Utara,,2021,,35.333,,"PDRB Per Kapita Atas Dasar Harga Berlaku di Provinsi Kalimantan Barat Menurut Kabupaten/Kota (ribu rupiah), 2020–2024","Per Capita GRDP at Current Market Prices by Regency/Municipality, in Kalimantan Barat Province (thousand rupiahss), 2020–2024",20,10,b92ec99fe6f1
KALIMANTAN BARAT,12,Kab. Kubu Raya,,2021,,50.546,,"PDRB Per Kapita Atas Dasar Harga Berlaku di Provinsi Kalimantan Barat Menurut Kabupaten/Kota (ribu rupiah), 2020–2024","Per Capita GRDP at Current Market Prices by Regency/Municipality, in Kalimantan Barat Province (thousand rupiahss), 2020–2024",20,10,a6eda0753f9d
KALIMANTAN BARAT,71,Kota Pontianak,,2021,,60.540,,"PDRB Per Kapita Atas Dasar Harga Berlaku di Provinsi Kalimantan Barat Menurut Kabupaten/Kota (ribu rupiah), 2020–2024","Per Capita GRDP at Current Market Prices by Regency/Municipality, in Kalimantan Barat Province (thousand rupiahss), 2020–2024",20,10,975e6a56bccf
KALIMANTAN BARAT,72,Kota Singkawang,,2021,,45.668,,"PDRB Per Kapita Atas Dasar Harga Berlaku di Provinsi Kalimantan Barat Menurut Kabupaten/Kota (ribu rupiah), 2020–2024","Per Capita GRDP at Current Market Prices by Regency/Municipality, in Kalimantan Barat Province (thousand rupiahss), 2020–2024",20,10,2ae03cfa2e7e
KALIMANTAN BARAT,,Jml Kab./Kota Total of Reg./Mun.,,2021,,42.253,,"PDRB Per Kapita Atas Dasar Harga Berlaku di Provinsi Kalimantan Barat Menurut Kabupaten/Kota (ribu rupiah), 2020–2024","Per Capita GRDP at Current Market Prices by Regency/Municipality, in Kalimantan Barat Province (thousand rupiahss), 2020–2024",20,10,71b356a406a2
KALIMANTAN BARAT,,Provinsi/Province,,2021,,42.253,,"PDRB Per Kapita Atas Dasar Harga Berlaku di Provinsi Kalimantan Barat Menurut Kabupaten/Kota (ribu rupiah), 2020–2024","Per Capita GRDP at Current Market Prices by Regency/Municipality, in Kalimantan Barat Province (thousand rupiahss), 2020–2024",20,10,48e142700572
DKI JAKARTA,01,Kab. Kepulauan Seribu,,2022,,358.302,,"PDRB Per Kapita Atas Dasar Harga Berlaku di Provinsi DKI Jakarta Menurut Kabupaten/Kota (ribu rupiah), 2020–2024","Per Capita GRDP at Current Market Prices by Regency/Municipality, in DKI Jakarta Province (thousand rupiahss), 2020–2024",11,1,4d22a65c4b99
DKI JAKARTA,71,Kota Jakarta Selatan,,2022,,327.041,,"PDRB Per Kapita Atas Dasar Harga Berlaku di Provinsi DKI Jakarta Menurut Kabupaten/Kota (ribu rupiah), 2020–2024","Per Capita GRDP at Current Market Prices by Regency/Municipality, in DKI Jakarta Province (thousand rupiahss), 2020–2024",11,1,0c409f47b711
DKI JAKARTA,72,Kota Jakarta Timur,,2022,,178.421,,"PDRB Per Kapita Atas Dasar Harga Berlaku di Provinsi DKI Jakarta Menurut Kabupaten/Kota (ribu rupiah), 2020–2024","Per Capita GRDP at Current Market Prices by Regency/Municipality, in DKI Jakarta Province (thousand rupiahss), 2020–2024",11,1,cee502f92882
DKI JAKARTA,73,Kota Jakarta Pusat,,2022,,755.015,,"PDRB Per Kapita Atas Dasar Harga Berlaku di Provinsi DKI Jakarta Menurut Kabupaten/Kota (ribu rupiah), 2020–2024","Per Capita GRDP at Current Market Prices by Regency/Municipality, in DKI Jakarta Province (thousand rupiahss), 2020–2024",11,1,1fbb43ef05ca
DKI JAKARTA,74,Kota Jakarta Barat,,2022,,219.934,,"PDRB Per Kapita Atas Dasar Harga Berlaku di Provinsi DKI Jakarta Menurut Kabupaten/Kota (ribu rupiah), 2020–2024","Per Capita GRDP at Current Market Prices by Regency/Municipality, in DKI Jakarta Province (thousand rupiahss), 2020–2024",11,1,8ee6d1e0b4ac
DKI JAKARTA,75,Kota Jakarta Utara,,2022,,326.693,,"PDRB Per Kapita Atas Dasar Harga Berlaku di Provinsi DKI Jakarta Menurut Kabupaten/Kota (ribu rupiah), 2020–2024","Per Capita GRDP at Current Market Prices by Regency/Municipality, in DKI Jakarta Province (thousand rupiahss), 2020–2024",11,1,fdffe9aabaed
DKI JAKARTA,,Jml Kab./Kota Total of Reg./Mun.,,2022,,301.862,,"PDRB Per Kapita Atas Dasar Harga Berlaku di Provinsi DKI Jakarta Menurut Kabupaten/Kota (ribu rupiah), 2020–2024","Per Capita GRDP at Current Market Prices by Regency/Municipality, in DKI Jakarta Province (thousand rupiahss), 2020–2024",11,1,f287ab73f0c5
DKI JAKARTA,,Provinsi/Province,,2022,,299.675,,"PDRB Per Kapita Atas Dasar Harga Berlaku di Provinsi DKI Jakarta Menurut Kabupaten/Kota (ribu rupiah), 2020–2024","Per Capita GRDP at Current Market Prices by Regency/Municipality, in DKI Jakarta Province (thousand rupiahss), 2020–2024",11,1,a77faf4fcbd9
JAWA BARAT,01,Kab. Bogor,,2022,,48.187,,"PDRB Per Kapita Atas Dasar Harga Berlaku di Provinsi Jawa Barat Menurut Kabupaten/Kota (ribu rupiah), 2020–2024","Per Capita GRDP at Current Market Prices by Regency/Municipality, in Jawa Barat Province (thousand rupiahss), 2020–2024",12,2,cc564fe142df
JAWA BARAT,02,Kab. Sukabumi,,2022,,27.472,,"PDRB Per Kapita Atas Dasar Harga Berlaku di Provinsi Jawa Barat Menurut Kabupaten/Kota (ribu rupiah), 2020–2024","Per Capita GRDP at Current Market Prices by Regency/Municipality, in Jawa Barat Province (thousand rupiahss), 2020–2024",12,2,c23b6878efaa
JAWA BARAT,03,Kab. Cianjur,,2022,,21.341,,"PDRB Per Kapita Atas Dasar Harga Berlaku di Provinsi Jawa Barat Menurut Kabupaten/Kota (ribu rupiah), 2020–2024","Per Capita GRDP at Current Market Prices by Regency/Municipality, in Jawa Barat Province (thousand rupiahss), 2020–2024",12,2,73698665bab7
JAWA BARAT,04,Kab. Bandung,,2022,,38.783,,"PDRB Per Kapita Atas Dasar Harga Berlaku di Provinsi Jawa Barat Menurut Kabupaten/Kota (ribu rupiah), 2020–2024","Per Capita GRDP at Current Market Prices by Regency/Municipality, in Jawa Barat Province (thousand rupiahss), 2020–2024",12,2,b473e340dca6
JAWA BARAT,05,Kab. Garut,,2022,,25.138,,"PDRB Per Kapita Atas Dasar Harga Berlaku di Provinsi Jawa Barat Menurut Kabupaten/Kota (ribu rupiah), 2020–2024","Per Capita GRDP at Current Market Prices by Regency/Municipality, in Jawa Barat Province (thousand rupiahss), 2020–2024",12,2,5a73dca16b82
JAWA BARAT,06,Kab. Tasikmalaya,,2022,,22.545,,"PDRB Per Kapita Atas Dasar Harga Berlaku di Provinsi Jawa Barat Menurut Kabupaten/Kota (ribu rupiah), 2020–2024","Per Capita GRDP at Current Market Prices by Regency/Municipality, in Jawa Barat Province (thousand rupiahss), 2020–2024",12,2,b99c97cad34e
JAWA BARAT,07,Kab. Ciamis,,2022,,29.577,,"PDRB Per Kapita Atas Dasar Harga Berlaku di Provinsi Jawa Barat Menurut Kabupaten/Kota (ribu rupiah), 2020–2024","Per Capita GRDP at Current Market Prices by Regency/Municipality, in Jawa Barat Province (thousand rupiahss), 2020–2024",12,2,eb336d8ce685
JAWA BARAT,08,Kab. Kuningan,,2022,,24.827,,"PDRB Per Kapita Atas Dasar Harga Berlaku di Provinsi Jawa Barat Menurut Kabupaten/Kota (ribu rupiah), 2020–2024","Per Capita GRDP at Current Market Prices by Regency/Municipality, in Jawa Barat Province (thousand rupiahss), 2020–2024",12,2,72f9bd7816a9
JAWA BARAT,09,Kab. Cirebon,,2022,,24.301,,"PDRB Per Kapita Atas Dasar Harga Berlaku di Provinsi Jawa Barat Menurut Kabupaten/Kota (ribu rupiah), 2020–2024","Per Capita GRDP at Current Market Prices by Regency/Municipality, in Jawa Barat Province (thousand rupiahss), 2020–2024",12,2,748854df67e1
JAWA BARAT,10,Kab. Majalengka,,2022,,28.447,,"PDRB Per Kapita Atas Dasar Harga Berlaku di Provinsi Jawa Barat Menurut Kabupaten/Kota (ribu rupiah), 2020–2024","Per Capita GRDP at Current Market Prices by Regency/Municipality, in Jawa Barat Province (thousand rupiahss), 2020–2024",12,2,afde5ed1c28d
JAWA BARAT,11,Kab. Sumedang,,2022,,34.243,,"PDRB Per Kapita Atas Dasar Harga Berlaku di Provinsi Jawa Barat Menurut Kabupaten/Kota (ribu rupiah), 2020–2024","Per Capita GRDP at Current Market Prices by Regency/Municipality, in Jawa Barat Province (thousand rupiahss), 2020–2024",12,2,0ba9b7214395
JAWA BARAT,12,Kab.indramayu,,2022,,48.454,,"PDRB Per Kapita Atas Dasar Harga Berlaku di Provinsi Jawa Barat Menurut Kabupaten/Kota (ribu rupiah), 2020–2024","Per Capita GRDP at Current Market Prices by Regency/Municipality, in Jawa Barat Province (thousand rupiahss), 2020–2024",12,2,a206c0734eed
JAWA BARAT,13,Kab. Subang,,2022,,28.223,,"PDRB Per Kapita Atas Dasar Harga Berlaku di Provinsi Jawa Barat Menurut Kabupaten/Kota (ribu rupiah), 2020–2024","Per Capita GRDP at Current Market Prices by Regency/Municipality, in Jawa Barat Province (thousand rupiahss), 2020–2024",12,2,cf07c421e58e
JAWA BARAT,14,Kab. Purwakarta,,2022,,74.745,,"PDRB Per Kapita Atas Dasar Harga Berlaku di Provinsi Jawa Barat Menurut Kabupaten/Kota (ribu rupiah), 2020–2024","Per Capita GRDP at Current Market Prices by Regency/Municipality, in Jawa Barat Province (thousand rupiahss), 2020–2024",12,2,6df6efa85cd9
JAWA BARAT,15,Kab. Karawang,,2022,,107.455,,"PDRB Per Kapita Atas Dasar Harga Berlaku di Provinsi Jawa Barat Menurut Kabupaten/Kota (ribu rupiah), 2020–2024","Per Capita GRDP at Current Market Prices by Regency/Municipality, in Jawa Barat Province (thousand rupiahss), 2020–2024",12,2,5be64de823e5
JAWA BARAT,16,Kab. Bekasi,,2022,,115.085,,"PDRB Per Kapita Atas Dasar Harga Berlaku di Provinsi Jawa Barat Menurut Kabupaten/Kota (ribu rupiah), 2020–2024","Per Capita GRDP at Current Market Prices by Regency/Municipality, in Jawa Barat Province (thousand rupiahss), 2020–2024",12,2,ed19d3cd4360
JAWA BARAT,17,Kab. Bandung Barat,,2022,,28.852,,"PDRB Per Kapita Atas Dasar Harga Berlaku di Provinsi Jawa Barat Menurut Kabupaten/Kota (ribu rupiah), 2020–2024","Per Capita GRDP at Current Market Prices by Regency/Municipality, in Jawa Barat Province (thousand rupiahss), 2020–2024",12,2,fba7661482a4
JAWA BARAT,18,Kab. Pangandaran,,2022,,30.714,,"PDRB Per Kapita Atas Dasar Harga Berlaku di Provinsi Jawa Barat Menurut Kabupaten/Kota (ribu rupiah), 2020–2024","Per Capita GRDP at Current Market Prices by Regency/Municipality, in Jawa Barat Province (thousand rupiahss), 2020–2024",12,2,35302a6a617f
JAWA BARAT,71,Kota Bogor,,2022,,49.875,,"PDRB Per Kapita Atas Dasar Harga Berlaku di Provinsi Jawa Barat Menurut Kabupaten/Kota (ribu rupiah), 2020–2024","Per Capita GRDP at Current Market Prices by Regency/Municipality, in Jawa Barat Province (thousand rupiahss), 2020–2024",12,2,739809c40060
JAWA BARAT,72,Kota Sukabumi,,2022,,39.931,,"PDRB Per Kapita Atas Dasar Harga Berlaku di Provinsi Jawa Barat Menurut Kabupaten/Kota (ribu rupiah), 2020–2024","Per Capita GRDP at Current Market Prices by Regency/Municipality, in Jawa Barat Province (thousand rupiahss), 2020–2024",12,2,78fe62603e6c
JAWA BARAT,73,Kota Bandung,,2022,,132.098,,"PDRB Per Kapita Atas Dasar Harga Berlaku di Provinsi Jawa Barat Menurut Kabupaten/Kota (ribu rupiah), 2020–2024","Per Capita GRDP at Current Market Prices by Regency/Municipality, in Jawa Barat Province (thousand rupiahss), 2020–2024",12,2,9432f043f704
JAWA BARAT,74,Kota Cirebon,,2022,,78.532,,"PDRB Per Kapita Atas Dasar Harga Berlaku di Provinsi Jawa Barat Menurut Kabupaten/Kota (ribu rupiah), 2020–2024","Per Capita GRDP at Current Market Prices by Regency/Municipality, in Jawa Barat Province (thousand rupiahss), 2020–2024",12,2,38ef998368c1
JAWA BARAT,75,Kota Bekasi,,2022,,42.293,,"PDRB Per Kapita Atas Dasar Harga Berlaku di Provinsi Jawa Barat Menurut Kabupaten/Kota (ribu rupiah), 2020–2024","Per Capita GRDP at Current Market Prices by Regency/Municipality, in Jawa Barat Province (thousand rupiahss), 2020–2024",12,2,f22a52ca53f1
JAWA BARAT,76,Kota Depok,,2022,,38.402,,"PDRB Per Kapita Atas Dasar Harga Berlaku di Provinsi Jawa Barat Menurut Kabupaten/Kota (ribu rupiah), 2020–2024","Per Capita GRDP at Current Market Prices by Regency/Municipality, in Jawa Barat Province (thousand rupiahss), 2020–2024",12,2,0614819f173d
JAWA BARAT,77,Kota Cimahi,,2022,,64.427,,"PDRB Per Kapita Atas Dasar Harga Berlaku di Provinsi Jawa Barat Menurut Kabupaten/Kota (ribu rupiah), 2020–2024","Per Capita GRDP at Current Market Prices by Regency/Municipality, in Jawa Barat Province (thousand rupiahss), 2020–2024",12,2,fffc76f58caa
JAWA BARAT,78,Kota Tasikmalaya,,2022,,34.096,,"PDRB Per Kapita Atas Dasar Harga Berlaku di Provinsi Jawa Barat Menurut Kabupaten/Kota (ribu rupiah), 2020–2024","Per Capita GRDP at Current Market Prices by Regency/Municipality, in Jawa Barat Province (thousand rupiahss), 2020–2024",12,2,917db8a395c9
JAWA BARAT,79,Kota Banjar,,2022,,24.023,,"PDRB Per Kapita Atas Dasar Harga Berlaku di Provinsi Jawa Barat Menurut Kabupaten/Kota (ribu rupiah), 2020–2024","Per Capita GRDP at Current Market Prices by Regency/Municipality, in Jawa Barat Province (thousand rupiahss), 2020–2024",12,2,987caa51827c
JAWA BARAT,,Jml Kab./Kota Total of Reg./Mun.,,2022,,49.621,,"PDRB Per Kapita Atas Dasar Harga Berlaku di Provinsi Jawa Barat Menurut Kabupaten/Kota (ribu rupiah), 2020–2024","Per Capita GRDP at Current Market Prices by Regency/Municipality, in Jawa Barat Province (thousand rupiahss), 2020–2024",12,2,bf95511fe2da
JAWA BARAT,,Provinsi/Province,,2022,,49.137,,"PDRB Per Kapita Atas Dasar Harga Berlaku di Provinsi Jawa Barat Menurut Kabupaten/Kota (ribu rupiah), 2020–2024","Per Capita GRDP at Current Market Prices by Regency/Municipality, in Jawa Barat Province (thousand rupiahss), 2020–2024",12,2,5725e8f9100a
JAWA TENGAH,01,Kab. Cilacap,,2022,,60.883,,"PDRB Per Kapita Atas Dasar Harga Berlaku di Provinsi Jawa Tengah Menurut Kabupaten/Kota (ribu rupiah), 2020–2024","Per Capita GRDP at Current Market Prices by Regency/Municipality, in Jawa Tengah Province (thousand rupiahss), 2020–2024",13,3,b31c0907b476
JAWA TENGAH,02,Kab. Banyumas,,2022,,34.711,,"PDRB Per Kapita Atas Dasar Harga Berlaku di Provinsi Jawa Tengah Menurut Kabupaten/Kota (ribu rupiah), 2020–2024","Per Capita GRDP at Current Market Prices by Regency/Municipality, in Jawa Tengah Province (thousand rupiahss), 2020–2024",13,3,52465f364686
JAWA TENGAH,03,Kab. Purbalingga,,2022,,28.347,,"PDRB Per Kapita Atas Dasar Harga Berlaku di Provinsi Jawa Tengah Menurut Kabupaten/Kota (ribu rupiah), 2020–2024","Per Capita GRDP at Current Market Prices by Regency/Municipality, in Jawa Tengah Province (thousand rupiahss), 2020–2024",13,3,6f5dab1e6459
JAWA TENGAH,04,Kab. Banjarnegara,,2022,,24.114,,"PDRB Per Kapita Atas Dasar Harga Berlaku di Provinsi Jawa Tengah Menurut Kabupaten/Kota (ribu rupiah), 2020–2024","Per Capita GRDP at Current Market Prices by Regency/Municipality, in Jawa Tengah Province (thousand rupiahss), 2020–2024",13,3,97f926a5524a
JAWA TENGAH,05,Kab. Kebumen,,2022,,23.630,,"PDRB Per Kapita Atas Dasar Harga Berlaku di Provinsi Jawa Tengah Menurut Kabupaten/Kota (ribu rupiah), 2020–2024","Per Capita GRDP at Current Market Prices by Regency/Municipality, in Jawa Tengah Province (thousand rupiahss), 2020–2024",13,3,dd72b62b5849
JAWA TENGAH,06,Kab. Purworejo,,2022,,27.326,,"PDRB Per Kapita Atas Dasar Harga Berlaku di Provinsi Jawa Tengah Menurut Kabupaten/Kota (ribu rupiah), 2020–2024","Per Capita GRDP at Current Market Prices by Regency/Municipality, in Jawa Tengah Province (thousand rupiahss), 2020–2024",13,3,dd882297b858
JAWA TENGAH,07,Kab. Wonosobo,,2022,,24.023,,"PDRB Per Kapita Atas Dasar Harga Berlaku di Provinsi Jawa Tengah Menurut Kabupaten/Kota (ribu rupiah), 2020–2024","Per Capita GRDP at Current Market Prices by Regency/Municipality, in Jawa Tengah Province (thousand rupiahss), 2020–2024",13,3,d3c91535bc29
JAWA TENGAH,08,Kab. Magelang,,2022,,28.367,,"PDRB Per Kapita Atas Dasar Harga Berlaku di Provinsi Jawa Tengah Menurut Kabupaten/Kota (ribu rupiah), 2020–2024","Per Capita GRDP at Current Market Prices by Regency/Municipality, in Jawa Tengah Province (thousand rupiahss), 2020–2024",13,3,a31755076f2f
JAWA TENGAH,09,Kab. Boyolali,,2022,,35.909,,"PDRB Per Kapita Atas Dasar Harga Berlaku di Provinsi Jawa Tengah Menurut Kabupaten/Kota (ribu rupiah), 2020–2024","Per Capita GRDP at Current Market Prices by Regency/Municipality, in Jawa Tengah Province (thousand rupiahss), 2020–2024",13,3,fe9f717e7d5b
JAWA TENGAH,10,Kab. Klaten,,2022,,36.523,,"PDRB Per Kapita Atas Dasar Harga Berlaku di Provinsi Jawa Tengah Menurut Kabupaten/Kota (ribu rupiah), 2020–2024","Per Capita GRDP at Current Market Prices by Regency/Municipality, in Jawa Tengah Province (thousand rupiahss), 2020–2024",13,3,6dce1bbf39f8
JAWA TENGAH,11,Kab. Sukoharjo,,2022,,46.323,,"PDRB Per Kapita Atas Dasar Harga Berlaku di Provinsi Jawa Tengah Menurut Kabupaten/Kota (ribu rupiah), 2020–2024","Per Capita GRDP at Current Market Prices by Regency/Municipality, in Jawa Tengah Province (thousand rupiahss), 2020–2024",13,3,8c92d00745df
JAWA TENGAH,12,Kab. Wonogiri,,2022,,32.152,,"PDRB Per Kapita Atas Dasar Harga Berlaku di Provinsi Jawa Tengah Menurut Kabupaten/Kota (ribu rupiah), 2020–2024","Per Capita GRDP at Current Market Prices by Regency/Municipality, in Jawa Tengah Province (thousand rupiahss), 2020–2024",13,3,710d7fabb3d4
JAWA TENGAH,13,Kab. Karanganyar,,2022,,45.446,,"PDRB Per Kapita Atas Dasar Harga Berlaku di Provinsi Jawa Tengah Menurut Kabupaten/Kota (ribu rupiah), 2020–2024","Per Capita GRDP at Current Market Prices by Regency/Municipality, in Jawa Tengah Province (thousand rupiahss), 2020–2024",13,3,5d0dd75e4da4
JAWA TENGAH,14,Kab. Sragen,,2022,,44.690,,"PDRB Per Kapita Atas Dasar Harga Berlaku di Provinsi Jawa Tengah Menurut Kabupaten/Kota (ribu rupiah), 2020–2024","Per Capita GRDP at Current Market Prices by Regency/Municipality, in Jawa Tengah Province (thousand rupiahss), 2020–2024",13,3,93321e2765d3
JAWA TENGAH,15,Kab. Grobogan,,2022,,21.506,,"PDRB Per Kapita Atas Dasar Harga Berlaku di Provinsi Jawa Tengah Menurut Kabupaten/Kota (ribu rupiah), 2020–2024","Per Capita GRDP at Current Market Prices by Regency/Municipality, in Jawa Tengah Province (thousand rupiahss), 2020–2024",13,3,3f2b160ea971
JAWA TENGAH,16,Kab. Blora,,2022,,34.565,,"PDRB Per Kapita Atas Dasar Harga Berlaku di Provinsi Jawa Tengah Menurut Kabupaten/Kota (ribu rupiah), 2020–2024","Per Capita GRDP at Current Market Prices by Regency/Municipality, in Jawa Tengah Province (thousand rupiahss), 2020–2024",13,3,6c990576e69f
JAWA TENGAH,17,Kab. Rembang,,2022,,33.758,,"PDRB Per Kapita Atas Dasar Harga Berlaku di Provinsi Jawa Tengah Menurut Kabupaten/Kota (ribu rupiah), 2020–2024","Per Capita GRDP at Current Market Prices by Regency/Municipality, in Jawa Tengah Province (thousand rupiahss), 2020–2024",13,3,8af0632154bb
JAWA TENGAH,18,Kab. Pati,,2022,,37.245,,"PDRB Per Kapita Atas Dasar Harga Berlaku di Provinsi Jawa Tengah Menurut Kabupaten/Kota (ribu rupiah), 2020–2024","Per Capita GRDP at Current Market Prices by Regency/Municipality, in Jawa Tengah Province (thousand rupiahss), 2020–2024",13,3,f6f6ab9f3263
JAWA TENGAH,19,Kab. Kudus,,2022,,132.334,,"PDRB Per Kapita Atas Dasar Harga Berlaku di Provinsi Jawa Tengah Menurut Kabupaten/Kota (ribu rupiah), 2020–2024","Per Capita GRDP at Current Market Prices by Regency/Municipality, in Jawa Tengah Province (thousand rupiahss), 2020–2024",13,3,c2c979028aab
JAWA TENGAH,20,Kab. Jepara,,2022,,28.981,,"PDRB Per Kapita Atas Dasar Harga Berlaku di Provinsi Jawa Tengah Menurut Kabupaten/Kota (ribu rupiah), 2020–2024","Per Capita GRDP at Current Market Prices by Regency/Municipality, in Jawa Tengah Province (thousand rupiahss), 2020–2024",13,3,54f28aa3b7bf
JAWA TENGAH,21,Kab. Demak,,2022,,24.643,,"PDRB Per Kapita Atas Dasar Harga Berlaku di Provinsi Jawa Tengah Menurut Kabupaten/Kota (ribu rupiah), 2020–2024","Per Capita GRDP at Current Market Prices by Regency/Municipality, in Jawa Tengah Province (thousand rupiahss), 2020–2024",13,3,d0f92cfa64dd
JAWA TENGAH,22,Kab. Semarang,,2022,,52.845,,"PDRB Per Kapita Atas Dasar Harga Berlaku di Provinsi Jawa Tengah Menurut Kabupaten/Kota (ribu rupiah), 2020–2024","Per Capita GRDP at Current Market Prices by Regency/Municipality, in Jawa Tengah Province (thousand rupiahss), 2020–2024",13,3,b3fef2404292
JAWA TENGAH,23,Kab. Temanggung,,2022,,30.837,,"PDRB Per Kapita Atas Dasar Harga Berlaku di Provinsi Jawa Tengah Menurut Kabupaten/Kota (ribu rupiah), 2020–2024","Per Capita GRDP at Current Market Prices by Regency/Municipality, in Jawa Tengah Province (thousand rupiahss), 2020–2024",13,3,6a5926db86c0
JAWA TENGAH,24,Kab. Kendal,,2022,,47.728,,"PDRB Per Kapita Atas Dasar Harga Berlaku di Provinsi Jawa Tengah Menurut Kabupaten/Kota (ribu rupiah), 2020–2024","Per Capita GRDP at Current Market Prices by Regency/Municipality, in Jawa Tengah Province (thousand rupiahss), 2020–2024",13,3,f6bc0675f6d1
JAWA TENGAH,25,Kab. Batang,,2022,,31.055,,"PDRB Per Kapita Atas Dasar Harga Berlaku di Provinsi Jawa Tengah Menurut Kabupaten/Kota (ribu rupiah), 2020–2024","Per Capita GRDP at Current Market Prices by Regency/Municipality, in Jawa Tengah Province (thousand rupiahss), 2020–2024",13,3,56d248ad7409
JAWA TENGAH,26,Kab. Pekalongan,,2022,,26.080,,"PDRB Per Kapita Atas Dasar Harga Berlaku di Provinsi Jawa Tengah Menurut Kabupaten/Kota (ribu rupiah), 2020–2024","Per Capita GRDP at Current Market Prices by Regency/Municipality, in Jawa Tengah Province (thousand rupiahss), 2020–2024",13,3,8c9344a628f7
JAWA TENGAH,27,Kab. Pemalang,,2022,,19.876,,"PDRB Per Kapita Atas Dasar Harga Berlaku di Provinsi Jawa Tengah Menurut Kabupaten/Kota (ribu rupiah), 2020–2024","Per Capita GRDP at Current Market Prices by Regency/Municipality, in Jawa Tengah Province (thousand rupiahss), 2020–2024",13,3,3496ad204413
JAWA TENGAH,28,Kab. Tegal,,2022,,24.946,,"PDRB Per Kapita Atas Dasar Harga Berlaku di Provinsi Jawa Tengah Menurut Kabupaten/Kota (ribu rupiah), 2020–2024","Per Capita GRDP at Current Market Prices by Regency/Municipality, in Jawa Tengah Province (thousand rupiahss), 2020–2024",13,3,62b1dc837059
JAWA TENGAH,29,Kab. Brebes,,2022,,26.557,,"PDRB Per Kapita Atas Dasar Harga Berlaku di Provinsi Jawa Tengah Menurut Kabupaten/Kota (ribu rupiah), 2020–2024","Per Capita GRDP at Current Market Prices by Regency/Municipality, in Jawa Tengah Province (thousand rupiahss), 2020–2024",13,3,550e79a78168
JAWA TENGAH,71,Kota Magelang,,2022,,82.660,,"PDRB Per Kapita Atas Dasar Harga Berlaku di Provinsi Jawa Tengah Menurut Kabupaten/Kota (ribu rupiah), 2020–2024","Per Capita GRDP at Current Market Prices by Regency/Municipality, in Jawa Tengah Province (thousand rupiahss), 2020–2024",13,3,07e8d7b61200
JAWA TENGAH,72,Kota Surakarta,,2022,,106.264,,"PDRB Per Kapita Atas Dasar Harga Berlaku di Provinsi Jawa Tengah Menurut Kabupaten/Kota (ribu rupiah), 2020–2024","Per Capita GRDP at Current Market Prices by Regency/Municipality, in Jawa Tengah Province (thousand rupiahss), 2020–2024",13,3,e1678bf1f4bd
JAWA TENGAH,73,Kota Salatiga,,2022,,78.261,,"PDRB Per Kapita Atas Dasar Harga Berlaku di Provinsi Jawa Tengah Menurut Kabupaten/Kota (ribu rupiah), 2020–2024","Per Capita GRDP at Current Market Prices by Regency/Municipality, in Jawa Tengah Province (thousand rupiahss), 2020–2024",13,3,abbbb0f51d97
JAWA TENGAH,74,Kota Semarang,,2022,,135.328,,"PDRB Per Kapita Atas Dasar Harga Berlaku di Provinsi Jawa Tengah Menurut Kabupaten/Kota (ribu rupiah), 2020–2024","Per Capita GRDP at Current Market Prices by Regency/Municipality, in Jawa Tengah Province (thousand rupiahss), 2020–2024",13,3,135fe317e9a7
JAWA TENGAH,75,Kota Pekalongan,,2022,,40.115,,"PDRB Per Kapita Atas Dasar Harga Berlaku di Provinsi Jawa Tengah Menurut Kabupaten/Kota (ribu rupiah), 2020–2024","Per Capita GRDP at Current Market Prices by Regency/Municipality, in Jawa Tengah Province (thousand rupiahss), 2020–2024",13,3,29e5942a0c64
JAWA TENGAH,76,Kota Tegal,,2022,,63.224,,"PDRB Per Kapita Atas Dasar Harga Berlaku di Provinsi Jawa Tengah Menurut Kabupaten/Kota (ribu rupiah), 2020–2024","Per Capita GRDP at Current Market Prices by Regency/Municipality, in Jawa Tengah Province (thousand rupiahss), 2020–2024",13,3,07386f8d7e75
JAWA TENGAH,,Jml Kab./Kota Total of Reg./Mun.,,2022,,41.968,,"PDRB Per Kapita Atas Dasar Harga Berlaku di Provinsi Jawa Tengah Menurut Kabupaten/Kota (ribu rupiah), 2020–2024","Per Capita GRDP at Current Market Prices by Regency/Municipality, in Jawa Tengah Province (thousand rupiahss), 2020–2024",13,3,8444426500e3
JAWA TENGAH,,Provinsi/Province,,2022,,41.934,,"PDRB Per Kapita Atas Dasar Harga Berlaku di Provinsi Jawa Tengah Menurut Kabupaten/Kota (ribu rupiah), 2020–2024","Per Capita GRDP at Current Market Prices by Regency/Municipality, in Jawa Tengah Province (thousand rupiahss), 2020–2024",13,3,e70bc4f01753
DI YOGYAKARTA,01,Kab. Kulon Progo,,2022,,32.508,,"PDRB Per Kapita Atas Dasar Harga Berlaku di Provinsi DI Yogyakarta Menurut Kabupaten/Kota (ribu rupiah), 2020–2024","Per Capita GRDP at Current Market Prices by Regency/Municipality, in DI Yogyakarta Province (thousand rupiahss), 2020–2024",14,4,24c6201dc858
DI YOGYAKARTA,02,Kab. Bantul,,2022,,31.168,,"PDRB Per Kapita Atas Dasar Harga Berlaku di Provinsi DI Yogyakarta Menurut Kabupaten/Kota (ribu rupiah), 2020–2024","Per Capita GRDP at Current Market Prices by Regency/Municipality, in DI Yogyakarta Province (thousand rupiahss), 2020–2024",14,4,beb4b6400552
DI YOGYAKARTA,03,Kab. Gunung Kidul,,2022,,30.356,,"PDRB Per Kapita Atas Dasar Harga Berlaku di Provinsi DI Yogyakarta Menurut Kabupaten/Kota (ribu rupiah), 2020–2024","Per Capita GRDP at Current Market Prices by Regency/Municipality, in DI Yogyakarta Province (thousand rupiahss), 2020–2024",14,4,804500fb1db8
DI YOGYAKARTA,04,Kab. Sleman,,2022,,47.754,,"PDRB Per Kapita Atas Dasar Harga Berlaku di Provinsi DI Yogyakarta Menurut Kabupaten/Kota (ribu rupiah), 2020–2024","Per Capita GRDP at Current Market Prices by Regency/Municipality, in DI Yogyakarta Province (thousand rupiahss), 2020–2024",14,4,d7ba63da8d1f
DI YOGYAKARTA,71,Kota Yogyakarta,,2022,,113.499,,"PDRB Per Kapita Atas Dasar Harga Berlaku di Provinsi DI Yogyakarta Menurut Kabupaten/Kota (ribu rupiah), 2020–2024","Per Capita GRDP at Current Market Prices by Regency/Municipality, in DI Yogyakarta Province (thousand rupiahss), 2020–2024",14,4,53e6047a0a2a
DI YOGYAKARTA,,Jml Kab./Kota Total of Reg./Mun.,,2022,,44.610,,"PDRB Per Kapita Atas Dasar Harga Berlaku di Provinsi DI Yogyakarta Menurut Kabupaten/Kota (ribu rupiah), 2020–2024","Per Capita GRDP at Current Market Prices by Regency/Municipality, in DI Yogyakarta Province (thousand rupiahss), 2020–2024",14,4,0f657826e6d3
DI YOGYAKARTA,,Provinsi/Province,,2022,,44.639,,"PDRB Per Kapita Atas Dasar Harga Berlaku di Provinsi DI Yogyakarta Menurut Kabupaten/Kota (ribu rupiah), 2020–2024","Per Capita GRDP at Current Market Prices by Regency/Municipality, in DI Yogyakarta Province (thousand rupiahss), 2020–2024",14,4,25f31e72233c
JAWA TIMUR,01,Kab. Pacitan,,2022,,30.627,,"PDRB Per Kapita Atas Dasar Harga Berlaku di Provinsi Jawa Timur Menurut Kabupaten/Kota (ribu rupiah), 2020–2024","Per Capita GRDP at Current Market Prices by Regency/Municipality, in Jawa Timur Province (thousand rupiahss), 2020–2024",15,5,200ccfcce0d2
JAWA TIMUR,02,Kab. Ponorogo,,2022,,24.094,,"PDRB Per Kapita Atas Dasar Harga Berlaku di Provinsi Jawa Timur Menurut Kabupaten/Kota (ribu rupiah), 2020–2024","Per Capita GRDP at Current Market Prices by Regency/Municipality, in Jawa Timur Province (thousand rupiahss), 2020–2024",15,5,d515eaab8d04
JAWA TIMUR,03,Kab. Trenggalek,,2022,,28.309,,"PDRB Per Kapita Atas Dasar Harga Berlaku di Provinsi Jawa Timur Menurut Kabupaten/Kota (ribu rupiah), 2020–2024","Per Capita GRDP at Current Market Prices by Regency/Municipality, in Jawa Timur Province (thousand rupiahss), 2020–2024",15,5,8adaff54b139
JAWA TIMUR,04,Kab. Tulungagung,,2022,,40.069,,"PDRB Per Kapita Atas Dasar Harga Berlaku di Provinsi Jawa Timur Menurut Kabupaten/Kota (ribu rupiah), 2020–2024","Per Capita GRDP at Current Market Prices by Regency/Municipality, in Jawa Timur Province (thousand rupiahss), 2020–2024",15,5,c566212305d3
JAWA TIMUR,05,Kab. Blitar,,2022,,33.285,,"PDRB Per Kapita Atas Dasar Harga Berlaku di Provinsi Jawa Timur Menurut Kabupaten/Kota (ribu rupiah), 2020–2024","Per Capita GRDP at Current Market Prices by Regency/Municipality, in Jawa Timur Province (thousand rupiahss), 2020–2024",15,5,8dd7125be1e9
JAWA TIMUR,06,Kab. Kediri,,2022,,28.035,,"PDRB Per Kapita Atas Dasar Harga Berlaku di Provinsi Jawa Timur Menurut Kabupaten/Kota (ribu rupiah), 2020–2024","Per Capita GRDP at Current Market Prices by Regency/Municipality, in Jawa Timur Province (thousand rupiahss), 2020–2024",15,5,7cd3d2f4712b
JAWA TIMUR,07,Kab. Malang,,2022,,43.581,,"PDRB Per Kapita Atas Dasar Harga Berlaku di Provinsi Jawa Timur Menurut Kabupaten/Kota (ribu rupiah), 2020–2024","Per Capita GRDP at Current Market Prices by Regency/Municipality, in Jawa Timur Province (thousand rupiahss), 2020–2024",15,5,55efb1113dc3
JAWA TIMUR,08,Kab. Lumajang,,2022,,32.384,,"PDRB Per Kapita Atas Dasar Harga Berlaku di Provinsi Jawa Timur Menurut Kabupaten/Kota (ribu rupiah), 2020–2024","Per Capita GRDP at Current Market Prices by Regency/Municipality, in Jawa Timur Province (thousand rupiahss), 2020–2024",15,5,04ff1c9a2f7e
JAWA TIMUR,09,Kab. Jember,,2022,,34.265,,"PDRB Per Kapita Atas Dasar Harga Berlaku di Provinsi Jawa Timur Menurut Kabupaten/Kota (ribu rupiah), 2020–2024","Per Capita GRDP at Current Market Prices by Regency/Municipality, in Jawa Timur Province (thousand rupiahss), 2020–2024",15,5,b5ac1bfe5701
JAWA TIMUR,10,Kab. Banyuwangi,,2022,,53.822,,"PDRB Per Kapita Atas Dasar Harga Berlaku di Provinsi Jawa Timur Menurut Kabupaten/Kota (ribu rupiah), 2020–2024","Per Capita GRDP at Current Market Prices by Regency/Municipality, in Jawa Timur Province (thousand rupiahss), 2020–2024",15,5,d7e320ef5b45
JAWA TIMUR,11,Kab. Bondowoso,,2022,,29.217,,"PDRB Per Kapita Atas Dasar Harga Berlaku di Provinsi Jawa Timur Menurut Kabupaten/Kota (ribu rupiah), 2020–2024","Per Capita GRDP at Current Market Prices by Regency/Municipality, in Jawa Timur Province (thousand rupiahss), 2020–2024",15,5,b3da4a3b4c84
JAWA TIMUR,12,Kab. Situbondo,,2022,,33.367,,"PDRB Per Kapita Atas Dasar Harga Berlaku di Provinsi Jawa Timur Menurut Kabupaten/Kota (ribu rupiah), 2020–2024","Per Capita GRDP at Current Market Prices by Regency/Municipality, in Jawa Timur Province (thousand rupiahss), 2020–2024",15,5,75ba34fc8432
JAWA TIMUR,13,Kab. Probolinggo,,2022,,33.323,,"PDRB Per Kapita Atas Dasar Harga Berlaku di Provinsi Jawa Timur Menurut Kabupaten/Kota (ribu rupiah), 2020–2024","Per Capita GRDP at Current Market Prices by Regency/Municipality, in Jawa Timur Province (thousand rupiahss), 2020–2024",15,5,bf559f812378
JAWA TIMUR,14,Kab. Pasuruan,,2022,,105.850,,"PDRB Per Kapita Atas Dasar Harga Berlaku di Provinsi Jawa Timur Menurut Kabupaten/Kota (ribu rupiah), 2020–2024","Per Capita GRDP at Current Market Prices by Regency/Municipality, in Jawa Timur Province (thousand rupiahss), 2020–2024",15,5,ac83bbf28083
JAWA TIMUR,15,Kab. Sidoarjo,,2022,,115.389,,"PDRB Per Kapita Atas Dasar Harga Berlaku di Provinsi Jawa Timur Menurut Kabupaten/Kota (ribu rupiah), 2020–2024","Per Capita GRDP at Current Market Prices by Regency/Municipality, in Jawa Timur Province (thousand rupiahss), 2020–2024",15,5,dbafa2a87eda
JAWA TIMUR,16,Kab. Mojokerto,,2022,,84.307,,"PDRB Per Kapita Atas Dasar Harga Berlaku di Provinsi Jawa Timur Menurut Kabupaten/Kota (ribu rupiah), 2020–2024","Per Capita GRDP at Current Market Prices by Regency/Municipality, in Jawa Timur Province (thousand rupiahss), 2020–2024",15,5,fd18606460df
JAWA TIMUR,17,Kab. Jombang,,2022,,34.292,,"PDRB Per Kapita Atas Dasar Harga Berlaku di Provinsi Jawa Timur Menurut Kabupaten/Kota (ribu rupiah), 2020–2024","Per Capita GRDP at Current Market Prices by Regency/Municipality, in Jawa Timur Province (thousand rupiahss), 2020–2024",15,5,9dd058545f33
JAWA TIMUR,18,Kab. Nganjuk,,2022,,27.583,,"PDRB Per Kapita Atas Dasar Harga Berlaku di Provinsi Jawa Timur Menurut Kabupaten/Kota (ribu rupiah), 2020–2024","Per Capita GRDP at Current Market Prices by Regency/Municipality, in Jawa Timur Province (thousand rupiahss), 2020–2024",15,5,a90d21b785e9
JAWA TIMUR,19,Kab. Madiun,,2022,,29.110,,"PDRB Per Kapita Atas Dasar Harga Berlaku di Provinsi Jawa Timur Menurut Kabupaten/Kota (ribu rupiah), 2020–2024","Per Capita GRDP at Current Market Prices by Regency/Municipality, in Jawa Timur Province (thousand rupiahss), 2020–2024",15,5,a23094e362cf
JAWA TIMUR,20,Kab. Magetan,,2022,,31.275,,"PDRB Per Kapita Atas Dasar Harga Berlaku di Provinsi Jawa Timur Menurut Kabupaten/Kota (ribu rupiah), 2020–2024","Per Capita GRDP at Current Market Prices by Regency/Municipality, in Jawa Timur Province (thousand rupiahss), 2020–2024",15,5,95d1481a33bd
JAWA TIMUR,21,Kab. Ngawi,,2022,,25.602,,"PDRB Per Kapita Atas Dasar Harga Berlaku di Provinsi Jawa Timur Menurut Kabupaten/Kota (ribu rupiah), 2020–2024","Per Capita GRDP at Current Market Prices by Regency/Municipality, in Jawa Timur Province (thousand rupiahss), 2020–2024",15,5,e86ae3eb8230
JAWA TIMUR,22,Kab. Bojonegoro,,2022,,76.507,,"PDRB Per Kapita Atas Dasar Harga Berlaku di Provinsi Jawa Timur Menurut Kabupaten/Kota (ribu rupiah), 2020–2024","Per Capita GRDP at Current Market Prices by Regency/Municipality, in Jawa Timur Province (thousand rupiahss), 2020–2024",15,5,b09fdae7b9ba
JAWA TIMUR,23,Kab. Tuban,,2022,,62.059,,"PDRB Per Kapita Atas Dasar Harga Berlaku di Provinsi Jawa Timur Menurut Kabupaten/Kota (ribu rupiah), 2020–2024","Per Capita GRDP at Current Market Prices by Regency/Municipality, in Jawa Timur Province (thousand rupiahss), 2020–2024",15,5,5017b036cb7e
JAWA TIMUR,24,Kab. Lamongan,,2022,,33.399,,"PDRB Per Kapita Atas Dasar Harga Berlaku di Provinsi Jawa Timur Menurut Kabupaten/Kota (ribu rupiah), 2020–2024","Per Capita GRDP at Current Market Prices by Regency/Municipality, in Jawa Timur Province (thousand rupiahss), 2020–2024",15,5,e9a2c77e4639
JAWA TIMUR,25,Kab. Gresik,,2022,,122.650,,"PDRB Per Kapita Atas Dasar Harga Berlaku di Provinsi Jawa Timur Menurut Kabupaten/Kota (ribu rupiah), 2020–2024","Per Capita GRDP at Current Market Prices by Regency/Municipality, in Jawa Timur Province (thousand rupiahss), 2020–2024",15,5,84e0e58e665e
JAWA TIMUR,26,Kab. Bangkalan,,2022,,25.134,,"PDRB Per Kapita Atas Dasar Harga Berlaku di Provinsi Jawa Timur Menurut Kabupaten/Kota (ribu rupiah), 2020–2024","Per Capita GRDP at Current Market Prices by Regency/Municipality, in Jawa Timur Province (thousand rupiahss), 2020–2024",15,5,6ef05a284550
JAWA TIMUR,27,Kab. Sampang,,2022,,23.186,,"PDRB Per Kapita Atas Dasar Harga Berlaku di Provinsi Jawa Timur Menurut Kabupaten/Kota (ribu rupiah), 2020–2024","Per Capita GRDP at Current Market Prices by Regency/Municipality, in Jawa Timur Province (thousand rupiahss), 2020–2024",15,5,eba9e7110455
JAWA TIMUR,28,Kab. Pamekasan,,2022,,22.226,,"PDRB Per Kapita Atas Dasar Harga Berlaku di Provinsi Jawa Timur Menurut Kabupaten/Kota (ribu rupiah), 2020–2024","Per Capita GRDP at Current Market Prices by Regency/Municipality, in Jawa Timur Province (thousand rupiahss), 2020–2024",15,5,fc4a6cdd68b7
JAWA TIMUR,29,Kab. Sumenep,,2022,,35.324,,"PDRB Per Kapita Atas Dasar Harga Berlaku di Provinsi Jawa Timur Menurut Kabupaten/Kota (ribu rupiah), 2020–2024","Per Capita GRDP at Current Market Prices by Regency/Municipality, in Jawa Timur Province (thousand rupiahss), 2020–2024",15,5,e37e8b3b84c1
JAWA TIMUR,71,Kota Kediri,,2022,,522.857,,"PDRB Per Kapita Atas Dasar Harga Berlaku di Provinsi Jawa Timur Menurut Kabupaten/Kota (ribu rupiah), 2020–2024","Per Capita GRDP at Current Market Prices by Regency/Municipality, in Jawa Timur Province (thousand rupiahss), 2020–2024",15,5,602c2f9f48f4
JAWA TIMUR,72,Kota Blitar,,2022,,51.593,,"PDRB Per Kapita Atas Dasar Harga Berlaku di Provinsi Jawa Timur Menurut Kabupaten/Kota (ribu rupiah), 2020–2024","Per Capita GRDP at Current Market Prices by Regency/Municipality, in Jawa Timur Province (thousand rupiahss), 2020–2024",15,5,65ca6067fcfa
JAWA TIMUR,73,Kota Malang,,2022,,98.885,,"PDRB Per Kapita Atas Dasar Harga Berlaku di Provinsi Jawa Timur Menurut Kabupaten/Kota (ribu rupiah), 2020–2024","Per Capita GRDP at Current Market Prices by Regency/Municipality, in Jawa Timur Province (thousand rupiahss), 2020–2024",15,5,18dc78a98e99
JAWA TIMUR,74,Kota Probolinggo,,2022,,52.921,,"PDRB Per Kapita Atas Dasar Harga Berlaku di Provinsi Jawa Timur Menurut Kabupaten/Kota (ribu rupiah), 2020–2024","Per Capita GRDP at Current Market Prices by Regency/Municipality, in Jawa Timur Province (thousand rupiahss), 2020–2024",15,5,2263f37c732f
JAWA TIMUR,75,Kota Pasuruan,,2022,,44.303,,"PDRB Per Kapita Atas Dasar Harga Berlaku di Provinsi Jawa Timur Menurut Kabupaten/Kota (ribu rupiah), 2020–2024","Per Capita GRDP at Current Market Prices by Regency/Municipality, in Jawa Timur Province (thousand rupiahss), 2020–2024",15,5,1ca88e1bbdc6
JAWA TIMUR,76,Kota Mojokerto,,2022,,56.648,,"PDRB Per Kapita Atas Dasar Harga Berlaku di Provinsi Jawa Timur Menurut Kabupaten/Kota (ribu rupiah), 2020–2024","Per Capita GRDP at Current Market Prices by Regency/Municipality, in Jawa Timur Province (thousand rupiahss), 2020–2024",15,5,350ed1d30f64
JAWA TIMUR,77,Kota Madiun,,2022,,79.817,,"PDRB Per Kapita Atas Dasar Harga Berlaku di Provinsi Jawa Timur Menurut Kabupaten/Kota (ribu rupiah), 2020–2024","Per Capita GRDP at Current Market Prices by Regency/Municipality, in Jawa Timur Province (thousand rupiahss), 2020–2024",15,5,498441a32f9b
JAWA TIMUR,78,Kota Surabaya,,2022,,226.080,,"PDRB Per Kapita Atas Dasar Harga Berlaku di Provinsi Jawa Timur Menurut Kabupaten/Kota (ribu rupiah), 2020–2024","Per Capita GRDP at Current Market Prices by Regency/Municipality, in Jawa Timur Province (thousand rupiahss), 2020–2024",15,5,ed27eee3ef9b
JAWA TIMUR,79,Kota Batu,,2022,,85.414,,"PDRB Per Kapita Atas Dasar Harga Berlaku di Provinsi Jawa Timur Menurut Kabupaten/Kota (ribu rupiah), 2020–2024","Per Capita GRDP at Current Market Prices by Regency/Municipality, in Jawa Timur Province (thousand rupiahss), 2020–2024",15,5,ff011aa5f60f
JAWA TIMUR,,Jml Kab./Kota Total of Reg./Mun.,,2022,,66.227,,"PDRB Per Kapita Atas Dasar Harga Berlaku di Provinsi Jawa Timur Menurut Kabupaten/Kota (ribu rupiah), 2020–2024","Per Capita GRDP at Current Market Prices by Regency/Municipality, in Jawa Timur Province (thousand rupiahss), 2020–2024",15,5,1e27ccd3d394
JAWA TIMUR,,Provinsi/Province,,2022,,66.248,,"PDRB Per Kapita Atas Dasar Harga Berlaku di Provinsi Jawa Timur Menurut Kabupaten/Kota (ribu rupiah), 2020–2024","Per Capita GRDP at Current Market Prices by Regency/Municipality, in Jawa Timur Province (thousand rupiahss), 2020–2024",15,5,c5fe8704c4fb
BANTEN,01,Kab. Pandeglang,,2022,,24.696,,"PDRB Per Kapita Atas Dasar Harga Berlaku di Provinsi Banten Menurut Kabupaten/Kota (ribu rupiah), 2020–2024","Per Capita GRDP at Current Market Prices by Regency/Municipality, in Banten Province (thousand rupiahss), 2020–2024",16,6,ec3a244209ea
BANTEN,02,Kab. Lebak,,2022,,23.617,,"PDRB Per Kapita Atas Dasar Harga Berlaku di Provinsi Banten Menurut Kabupaten/Kota (ribu rupiah), 2020–2024","Per Capita GRDP at Current Market Prices by Regency/Municipality, in Banten Province (thousand rupiahss), 2020–2024",16,6,321d1b1d9125
BANTEN,03,Kab. Tangerang,,2022,,48.218,,"PDRB Per Kapita Atas Dasar Harga Berlaku di Provinsi Banten Menurut Kabupaten/Kota (ribu rupiah), 2020–2024","Per Capita GRDP at Current Market Prices by Regency/Municipality, in Banten Province (thousand rupiahss), 2020–2024",16,6,964f6c24ee68
BANTEN,04,Kab. Serang,,2022,,52.957,,"PDRB Per Kapita Atas Dasar Harga Berlaku di Provinsi Banten Menurut Kabupaten/Kota (ribu rupiah), 2020–2024","Per Capita GRDP at Current Market Prices by Regency/Municipality, in Banten Province (thousand rupiahss), 2020–2024",16,6,61137eabd747
BANTEN,71,Kota Tangerang,,2022,,94.428,,"PDRB Per Kapita Atas Dasar Harga Berlaku di Provinsi Banten Menurut Kabupaten/Kota (ribu rupiah), 2020–2024","Per Capita GRDP at Current Market Prices by Regency/Municipality, in Banten Province (thousand rupiahss), 2020–2024",16,6,5b25614bef6b
BANTEN,72,Kota Cilegon,,2022,,271.349,,"PDRB Per Kapita Atas Dasar Harga Berlaku di Provinsi Banten Menurut Kabupaten/Kota (ribu rupiah), 2020–2024","Per Capita GRDP at Current Market Prices by Regency/Municipality, in Banten Province (thousand rupiahss), 2020–2024",16,6,24348850d2bf
BANTEN,73,Kota Serang,,2022,,51.548,,"PDRB Per Kapita Atas Dasar Harga Berlaku di Provinsi Banten Menurut Kabupaten/Kota (ribu rupiah), 2020–2024","Per Capita GRDP at Current Market Prices by Regency/Municipality, in Banten Province (thousand rupiahss), 2020–2024",16,6,4b3b33549de8
BANTEN,74,Kota Tangerang Selatan,,2022,,69.729,,"PDRB Per Kapita Atas Dasar Harga Berlaku di Provinsi Banten Menurut Kabupaten/Kota (ribu rupiah), 2020–2024","Per Capita GRDP at Current Market Prices by Regency/Municipality, in Banten Province (thousand rupiahss), 2020–2024",16,6,d8eac03208c3
BANTEN,,Jml Kab./Kota Total of Reg./Mun.,,2022,,61.619,,"PDRB Per Kapita Atas Dasar Harga Berlaku di Provinsi Banten Menurut Kabupaten/Kota (ribu rupiah), 2020–2024","Per Capita GRDP at Current Market Prices by Regency/Municipality, in Banten Province (thousand rupiahss), 2020–2024",16,6,9271b0be268d
BANTEN,,Provinsi/Province,,2022,,61.414,,"PDRB Per Kapita Atas Dasar Harga Berlaku di Provinsi Banten Menurut Kabupaten/Kota (ribu rupiah), 2020–2024","Per Capita GRDP at Current Market Prices by Regency/Municipality, in Banten Province (thousand rupiahss), 2020–2024",16,6,73505da6b3e2
BALI,01,Kab. Jembrana,,2022,,45.249,,"PDRB Per Kapita Atas Dasar Harga Berlaku di Provinsi Bali Menurut Kabupaten/Kota (ribu rupiah), 2020–2024","Per Capita GRDP at Current Market Prices by Regency/Municipality, in Bali Province (thousand rupiahss), 2020–2024",17,7,ae9305b50728
BALI,02,Kab. Tabanan,,2022,,50.978,,"PDRB Per Kapita Atas Dasar Harga Berlaku di Provinsi Bali Menurut Kabupaten/Kota (ribu rupiah), 2020–2024","Per Capita GRDP at Current Market Prices by Regency/Municipality, in Bali Province (thousand rupiahss), 2020–2024",17,7,5ceda3decc3f
BALI,03,Kab. Badung,,2022,,99.076,,"PDRB Per Kapita Atas Dasar Harga Berlaku di Provinsi Bali Menurut Kabupaten/Kota (ribu rupiah), 2020–2024","Per Capita GRDP at Current Market Prices by Regency/Municipality, in Bali Province (thousand rupiahss), 2020–2024",17,7,b541ef5e276a
BALI,04,Kab. Gianyar,,2022,,53.645,,"PDRB Per Kapita Atas Dasar Harga Berlaku di Provinsi Bali Menurut Kabupaten/Kota (ribu rupiah), 2020–2024","Per Capita GRDP at Current Market Prices by Regency/Municipality, in Bali Province (thousand rupiahss), 2020–2024",17,7,92fc21d075be
BALI,05,Kab. Klungkung,,2022,,44.269,,"PDRB Per Kapita Atas Dasar Harga Berlaku di Provinsi Bali Menurut Kabupaten/Kota (ribu rupiah), 2020–2024","Per Capita GRDP at Current Market Prices by Regency/Municipality, in Bali Province (thousand rupiahss), 2020–2024",17,7,3483de9d62a3
BALI,06,Kab. Bangli,,2022,,28.182,,"PDRB Per Kapita Atas Dasar Harga Berlaku di Provinsi Bali Menurut Kabupaten/Kota (ribu rupiah), 2020–2024","Per Capita GRDP at Current Market Prices by Regency/Municipality, in Bali Province (thousand rupiahss), 2020–2024",17,7,0beaf0ba63ab
BALI,07,Kab. Karangasem,,2022,,35.519,,"PDRB Per Kapita Atas Dasar Harga Berlaku di Provinsi Bali Menurut Kabupaten/Kota (ribu rupiah), 2020–2024","Per Capita GRDP at Current Market Prices by Regency/Municipality, in Bali Province (thousand rupiahss), 2020–2024",17,7,2a8c3fd20b23
BALI,08,Kab. Buleleng,,2022,,44.603,,"PDRB Per Kapita Atas Dasar Harga Berlaku di Provinsi Bali Menurut Kabupaten/Kota (ribu rupiah), 2020–2024","Per Capita GRDP at Current Market Prices by Regency/Municipality, in Bali Province (thousand rupiahss), 2020–2024",17,7,23ef74b31631
BALI,71,Kota Denpasar,,2022,,73.732,,"PDRB Per Kapita Atas Dasar Harga Berlaku di Provinsi Bali Menurut Kabupaten/Kota (ribu rupiah), 2020–2024","Per Capita GRDP at Current Market Prices by Regency/Municipality, in Bali Province (thousand rupiahss), 2020–2024",17,7,00edcf85f8e6
BALI,,Jml Kab./Kota Total of Reg./Mun.,,2022,,56.261,,"PDRB Per Kapita Atas Dasar Harga Berlaku di Provinsi Bali Menurut Kabupaten/Kota (ribu rupiah), 2020–2024","Per Capita GRDP at Current Market Prices by Regency/Municipality, in Bali Province (thousand rupiahss), 2020–2024",17,7,4667a720630b
BALI,,Provinsi/Province,,2022,,56.093,,"PDRB Per Kapita Atas Dasar Harga Berlaku di Provinsi Bali Menurut Kabupaten/Kota (ribu rupiah), 2020–2024","Per Capita GRDP at Current Market Prices by Regency/Municipality, in Bali Province (thousand rupiahss), 2020–2024",17,7,3ab36941d39f
NUSA TENGGARA BARAT,01,Kab. Lombok Barat,,2022,,22.318,,"PDRB Per Kapita Atas Dasar Harga Berlaku di Provinsi Nusa Tenggara Barat Menurut Kabupaten/Kota (ribu rupiah), 2020–2024","Per Capita GRDP at Current Market Prices by Regency/Municipality, in Nusa Tenggara Barat Province (thousand rupiahss), 2020–2024",18,8,ed8547d2447d
NUSA TENGGARA BARAT,02,Kab. Lombok Tengah,,2022,,17.991,,"PDRB Per Kapita Atas Dasar Harga Berlaku di Provinsi Nusa Tenggara Barat Menurut Kabupaten/Kota (ribu rupiah), 2020–2024","Per Capita GRDP at Current Market Prices by Regency/Municipality, in Nusa Tenggara Barat Province (thousand rupiahss), 2020–2024",18,8,42ceff543371
NUSA TENGGARA BARAT,03,Kab. Lombok Timur,,2022,,16.519,,"PDRB Per Kapita Atas Dasar Harga Berlaku di Provinsi Nusa Tenggara Barat Menurut Kabupaten/Kota (ribu rupiah), 2020–2024","Per Capita GRDP at Current Market Prices by Regency/Municipality, in Nusa Tenggara Barat Province (thousand rupiahss), 2020–2024",18,8,9e8d9cbbeaa5
NUSA TENGGARA BARAT,04,Kab. Sumbawa,,2022,,30.837,,"PDRB Per Kapita Atas Dasar Harga Berlaku di Provinsi Nusa Tenggara Barat Menurut Kabupaten/Kota (ribu rupiah), 2020–2024","Per Capita GRDP at Current Market Prices by Regency/Municipality, in Nusa Tenggara Barat Province (thousand rupiahss), 2020–2024",18,8,7d834879f234
NUSA TENGGARA BARAT,05,Kab. Dompu,,2022,,32.152,,"PDRB Per Kapita Atas Dasar Harga Berlaku di Provinsi Nusa Tenggara Barat Menurut Kabupaten/Kota (ribu rupiah), 2020–2024","Per Capita GRDP at Current Market Prices by Regency/Municipality, in Nusa Tenggara Barat Province (thousand rupiahss), 2020–2024",18,8,62cf4e3fa18d
NUSA TENGGARA BARAT,06,Kab. Bima,,2022,,24.133,,"PDRB Per Kapita Atas Dasar Harga Berlaku di Provinsi Nusa Tenggara Barat Menurut Kabupaten/Kota (ribu rupiah), 2020–2024","Per Capita GRDP at Current Market Prices by Regency/Municipality, in Nusa Tenggara Barat Province (thousand rupiahss), 2020–2024",18,8,6585dc0e4882
NUSA TENGGARA BARAT,07,Kab. Sumbawa Barat,,2022,,209.611,,"PDRB Per Kapita Atas Dasar Harga Berlaku di Provinsi Nusa Tenggara Barat Menurut Kabupaten/Kota (ribu rupiah), 2020–2024","Per Capita GRDP at Current Market Prices by Regency/Municipality, in Nusa Tenggara Barat Province (thousand rupiahss), 2020–2024",18,8,7b02c16f6dfa
NUSA TENGGARA BARAT,08,Kab. Lombok Utara,,2022,,19.874,,"PDRB Per Kapita Atas Dasar Harga Berlaku di Provinsi Nusa Tenggara Barat Menurut Kabupaten/Kota (ribu rupiah), 2020–2024","Per Capita GRDP at Current Market Prices by Regency/Municipality, in Nusa Tenggara Barat Province (thousand rupiahss), 2020–2024",18,8,4dfdddf9606e
NUSA TENGGARA BARAT,71,Kota Mataram,,2022,,48.454,,"PDRB Per Kapita Atas Dasar Harga Berlaku di Provinsi Nusa Tenggara Barat Menurut Kabupaten/Kota (ribu rupiah), 2020–2024","Per Capita GRDP at Current Market Prices by Regency/Municipality, in Nusa Tenggara Barat Province (thousand rupiahss), 2020–2024",18,8,434366ab3a4b
NUSA TENGGARA BARAT,72,Kota Bima,,2022,,28.752,,"PDRB Per Kapita Atas Dasar Harga Berlaku di Provinsi Nusa Tenggara Barat Menurut Kabupaten/Kota (ribu rupiah), 2020–2024","Per Capita GRDP at Current Market Prices by Regency/Municipality, in Nusa Tenggara Barat Province (thousand rupiahss), 2020–2024",18,8,91238c25c700
NUSA TENGGARA BARAT,,Jml Kab./Kota Total of Reg./Mun.,,2022,,28.753,,"PDRB Per Kapita Atas Dasar Harga Berlaku di Provinsi Nusa Tenggara Barat Menurut Kabupaten/Kota (ribu rupiah), 2020–2024","Per Capita GRDP at Current Market Prices by Regency/Municipality, in Nusa Tenggara Barat Province (thousand rupiahss), 2020–2024",18,8,e1cd68fec31a
NUSA TENGGARA BARAT,,Provinsi/Province,,2022,,28.671,,"PDRB Per Kapita Atas Dasar Harga Berlaku di Provinsi Nusa Tenggara Barat Menurut Kabupaten/Kota (ribu rupiah), 2020–2024","Per Capita GRDP at Current Market Prices by Regency/Municipality, in Nusa Tenggara Barat Province (thousand rupiahss), 2020–2024",18,8,01a03c4e6379
NUSA TENGGARA TIMUR,01,Kab. Sumba Barat,,2022,,17.245,,"PDRB Per Kapita Atas Dasar Harga Berlaku di Provinsi Nusa Tenggara Timur Menurut Kabupaten/Kota (ribu rupiah), 2020–2024","Per Capita GRDP at Current Market Prices by Regency/Municipality, in Nusa Tenggara Timur Province (thousand rupiahss), 2020–2024",19,9,3bb430fa2ddc
NUSA TENGGARA TIMUR,02,Kab. Sumba Timur,,2022,,27.133,,"PDRB Per Kapita Atas Dasar Harga Berlaku di Provinsi Nusa Tenggara Timur Menurut Kabupaten/Kota (ribu rupiah), 2020–2024","Per Capita GRDP at Current Market Prices by Regency/Municipality, in Nusa Tenggara Timur Province (thousand rupiahss), 2020–2024",19,9,495d30cbd497
NUSA TENGGARA TIMUR,03,Kab. Kupang,,2022,,22.733,,"PDRB Per Kapita Atas Dasar Harga Berlaku di Provinsi Nusa Tenggara Timur Menurut Kabupaten/Kota (ribu rupiah), 2020–2024","Per Capita GRDP at Current Market Prices by Regency/Municipality, in Nusa Tenggara Timur Province (thousand rupiahss), 2020–2024",19,9,f8caf6e7a127
NUSA TENGGARA TIMUR,04,Kab. Timor Tengah Selatan,,2022,,18.836,,"PDRB Per Kapita Atas Dasar Harga Berlaku di Provinsi Nusa Tenggara Timur Menurut Kabupaten/Kota (ribu rupiah), 2020–2024","Per Capita GRDP at Current Market Prices by Regency/Municipality, in Nusa Tenggara Timur Province (thousand rupiahss), 2020–2024",19,9,71af7db68838
NUSA TENGGARA TIMUR,05,Kab. Timor Tengah Utara,,2022,,16.822,,"PDRB Per Kapita Atas Dasar Harga Berlaku di Provinsi Nusa Tenggara Timur Menurut Kabupaten/Kota (ribu rupiah), 2020–2024","Per Capita GRDP at Current Market Prices by Regency/Municipality, in Nusa Tenggara Timur Province (thousand rupiahss), 2020–2024",19,9,9d9055fe115c
NUSA TENGGARA TIMUR,06,Kab. Belu,,2022,,22.251,,"PDRB Per Kapita Atas Dasar Harga Berlaku di Provinsi Nusa Tenggara Timur Menurut Kabupaten/Kota (ribu rupiah), 2020–2024","Per Capita GRDP at Current Market Prices by Regency/Municipality, in Nusa Tenggara Timur Province (thousand rupiahss), 2020–2024",19,9,1930d534ed54
NUSA TENGGARA TIMUR,07,Kab. Alor,,2022,,15.425,,"PDRB Per Kapita Atas Dasar Harga Berlaku di Provinsi Nusa Tenggara Timur Menurut Kabupaten/Kota (ribu rupiah), 2020–2024","Per Capita GRDP at Current Market Prices by Regency/Municipality, in Nusa Tenggara Timur Province (thousand rupiahss), 2020–2024",19,9,73c5bc1dd34a
NUSA TENGGARA TIMUR,08,Kab. Lembata,,2022,,14.492,,"PDRB Per Kapita Atas Dasar Harga Berlaku di Provinsi Nusa Tenggara Timur Menurut Kabupaten/Kota (ribu rupiah), 2020–2024","Per Capita GRDP at Current Market Prices by Regency/Municipality, in Nusa Tenggara Timur Province (thousand rupiahss), 2020–2024",19,9,12aebbcda870
NUSA TENGGARA TIMUR,09,Kab. Flores Timur,,2022,,19.903,,"PDRB Per Kapita Atas Dasar Harga Berlaku di Provinsi Nusa Tenggara Timur Menurut Kabupaten/Kota (ribu rupiah), 2020–2024","Per Capita GRDP at Current Market Prices by Regency/Municipality, in Nusa Tenggara Timur Province (thousand rupiahss), 2020–2024",19,9,0f1f4fbd8117
NUSA TENGGARA TIMUR,10,Kab. Sikka,,2022,,17.259,,"PDRB Per Kapita Atas Dasar Harga Berlaku di Provinsi Nusa Tenggara Timur Menurut Kabupaten/Kota (ribu rupiah), 2020–2024","Per Capita GRDP at Current Market Prices by Regency/Municipality, in Nusa Tenggara Timur Province (thousand rupiahss), 2020–2024",19,9,bffbeec4ff13
NUSA TENGGARA TIMUR,11,Kab. Ende,,2022,,24.630,,"PDRB Per Kapita Atas Dasar Harga Berlaku di Provinsi Nusa Tenggara Timur Menurut Kabupaten/Kota (ribu rupiah), 2020–2024","Per Capita GRDP at Current Market Prices by Regency/Municipality, in Nusa Tenggara Timur Province (thousand rupiahss), 2020–2024",19,9,0f3d3b53cdf2
NUSA TENGGARA TIMUR,12,Kab. Ngada,,2022,,22.549,,"PDRB Per Kapita Atas Dasar Harga Berlaku di Provinsi Nusa Tenggara Timur Menurut Kabupaten/Kota (ribu rupiah), 2020–2024","Per Capita GRDP at Current Market Prices by Regency/Municipality, in Nusa Tenggara Timur Province (thousand rupiahss), 2020–2024",19,9,74856f40259a
NUSA TENGGARA TIMUR,13,Kab. Manggarai,,2022,,15.780,,"PDRB Per Kapita Atas Dasar Harga Berlaku di Provinsi Nusa Tenggara Timur Menurut Kabupaten/Kota (ribu rupiah), 2020–2024","Per Capita GRDP at Current Market Prices by Regency/Municipality, in Nusa Tenggara Timur Province (thousand rupiahss), 2020–2024",19,9,785f689fe999
NUSA TENGGARA TIMUR,14,Kab. Rote Ndao,,2022,,23.654,,"PDRB Per Kapita Atas Dasar Harga Berlaku di Provinsi Nusa Tenggara Timur Menurut Kabupaten/Kota (ribu rupiah), 2020–2024","Per Capita GRDP at Current Market Prices by Regency/Municipality, in Nusa Tenggara Timur Province (thousand rupiahss), 2020–2024",19,9,e5cd21f297d2
NUSA TENGGARA TIMUR,15,Kab. Manggarai Barat,,2022,,14.621,,"PDRB Per Kapita Atas Dasar Harga Berlaku di Provinsi Nusa Tenggara Timur Menurut Kabupaten/Kota (ribu rupiah), 2020–2024","Per Capita GRDP at Current Market Prices by Regency/Municipality, in Nusa Tenggara Timur Province (thousand rupiahss), 2020–2024",19,9,240fafa80547
NUSA TENGGARA TIMUR,16,Kab. Sumba Tengah,,2022,,14.698,,"PDRB Per Kapita Atas Dasar Harga Berlaku di Provinsi Nusa Tenggara Timur Menurut Kabupaten/Kota (ribu rupiah), 2020–2024","Per Capita GRDP at Current Market Prices by Regency/Municipality, in Nusa Tenggara Timur Province (thousand rupiahss), 2020–2024",19,9,6ca5b0d6035c
NUSA TENGGARA TIMUR,17,Kab. Sumba Barat Daya,,2022,,13.242,,"PDRB Per Kapita Atas Dasar Harga Berlaku di Provinsi Nusa Tenggara Timur Menurut Kabupaten/Kota (ribu rupiah), 2020–2024","Per Capita GRDP at Current Market Prices by Regency/Municipality, in Nusa Tenggara Timur Province (thousand rupiahss), 2020–2024",19,9,67fcb3783ca4
NUSA TENGGARA TIMUR,18,Kab. Nagekeo,,2022,,15.189,,"PDRB Per Kapita Atas Dasar Harga Berlaku di Provinsi Nusa Tenggara Timur Menurut Kabupaten/Kota (ribu rupiah), 2020–2024","Per Capita GRDP at Current Market Prices by Regency/Municipality, in Nusa Tenggara Timur Province (thousand rupiahss), 2020–2024",19,9,1271aaff0bbd
NUSA TENGGARA TIMUR,19,Kab. Manggarai Timur,,2022,,12.789,,"PDRB Per Kapita Atas Dasar Harga Berlaku di Provinsi Nusa Tenggara Timur Menurut Kabupaten/Kota (ribu rupiah), 2020–2024","Per Capita GRDP at Current Market Prices by Regency/Municipality, in Nusa Tenggara Timur Province (thousand rupiahss), 2020–2024",19,9,9ad46a22155b
NUSA TENGGARA TIMUR,20,Kab. Sabu Raijua,,2022,,16.824,,"PDRB Per Kapita Atas Dasar Harga Berlaku di Provinsi Nusa Tenggara Timur Menurut Kabupaten/Kota (ribu rupiah), 2020–2024","Per Capita GRDP at Current Market Prices by Regency/Municipality, in Nusa Tenggara Timur Province (thousand rupiahss), 2020–2024",19,9,f1301a86fd24
NUSA TENGGARA TIMUR,21,Kab. Malaka,,2022,,16.681,,"PDRB Per Kapita Atas Dasar Harga Berlaku di Provinsi Nusa Tenggara Timur Menurut Kabupaten/Kota (ribu rupiah), 2020–2024","Per Capita GRDP at Current Market Prices by Regency/Municipality, in Nusa Tenggara Timur Province (thousand rupiahss), 2020–2024",19,9,d91b99bfa830
NUSA TENGGARA TIMUR,71,Kota Kupang,,2022,,57.199,,"PDRB Per Kapita Atas Dasar Harga Berlaku di Provinsi Nusa Tenggara Timur Menurut Kabupaten/Kota (ribu rupiah), 2020–2024","Per Capita GRDP at Current Market Prices by Regency/Municipality, in Nusa Tenggara Timur Province (thousand rupiahss), 2020–2024",19,9,ecee116440b1
NUSA TENGGARA TIMUR,,Jml Kab./Kota Total of Reg./Mun.,,2022,,21.634,,"PDRB Per Kapita Atas Dasar Harga Berlaku di Provinsi Nusa Tenggara Timur Menurut Kabupaten/Kota (ribu rupiah), 2020–2024","Per Capita GRDP at Current Market Prices by Regency/Municipality, in Nusa Tenggara Timur Province (thousand rupiahss), 2020–2024",19,9,fd91a517c8f4
NUSA TENGGARA TIMUR,,Provinsi/Province,,2022,,21.658,,"PDRB Per Kapita Atas Dasar Harga Berlaku di Provinsi Nusa Tenggara Timur Menurut Kabupaten/Kota (ribu rupiah), 2020–2024","Per Capita GRDP at Current Market Prices by Regency/Municipality, in Nusa Tenggara Timur Province (thousand rupiahss), 2020–2024",19,9,deabb84ff540
KALIMANTAN BARAT,01,Kab. Sambas,,2022,,38.028,,"PDRB Per Kapita Atas Dasar Harga Berlaku di Provinsi Kalimantan Barat Menurut Kabupaten/Kota (ribu rupiah), 2020–2024","Per Capita GRDP at Current Market Prices by Regency/Municipality, in Kalimantan Barat Province (thousand rupiahss), 2020–2024",20,10,4ebdb72cf7ac
KALIMANTAN BARAT,02,Kab. Bengkayang,,2022,,35.051,,"PDRB Per Kapita Atas Dasar Harga Berlaku di Provinsi Kalimantan Barat Menurut Kabupaten/Kota (ribu rupiah), 2020–2024","Per Capita GRDP at Current Market Prices by Regency/Municipality, in Kalimantan Barat Province (thousand rupiahss), 2020–2024",20,10,b2fe38591477
KALIMANTAN BARAT,03,Kab. Landak,,2022,,31.314,,"PDRB Per Kapita Atas Dasar Harga Berlaku di Provinsi Kalimantan Barat Menurut Kabupaten/Kota (ribu rupiah), 2020–2024","Per Capita GRDP at Current Market Prices by Regency/Municipality, in Kalimantan Barat Province (thousand rupiahss), 2020–2024",20,10,6846d89f3964
KALIMANTAN BARAT,04,Kab. Mempawah,,2022,,32.239,,"PDRB Per Kapita Atas Dasar Harga Berlaku di Provinsi Kalimantan Barat Menurut Kabupaten/Kota (ribu rupiah), 2020–2024","Per Capita GRDP at Current Market Prices by Regency/Municipality, in Kalimantan Barat Province (thousand rupiahss), 2020–2024",20,10,1123ab5fb153
KALIMANTAN BARAT,05,Kab. Sanggau,,2022,,47.955,,"PDRB Per Kapita Atas Dasar Harga Berlaku di Provinsi Kalimantan Barat Menurut Kabupaten/Kota (ribu rupiah), 2020–2024","Per Capita GRDP at Current Market Prices by Regency/Municipality, in Kalimantan Barat Province (thousand rupiahss), 2020–2024",20,10,c1266534cabd
KALIMANTAN BARAT,06,Kab. Ketapang,,2022,,58.662,,"PDRB Per Kapita Atas Dasar Harga Berlaku di Provinsi Kalimantan Barat Menurut Kabupaten/Kota (ribu rupiah), 2020–2024","Per Capita GRDP at Current Market Prices by Regency/Municipality, in Kalimantan Barat Province (thousand rupiahss), 2020–2024",20,10,796e72cdb6a1
KALIMANTAN BARAT,07,Kab. Sintang,,2022,,40.098,,"PDRB Per Kapita Atas Dasar Harga Berlaku di Provinsi Kalimantan Barat Menurut Kabupaten/Kota (ribu rupiah), 2020–2024","Per Capita GRDP at Current Market Prices by Regency/Municipality, in Kalimantan Barat Province (thousand rupiahss), 2020–2024",20,10,e3f5deaa3a65
KALIMANTAN BARAT,08,Kab. Kapuas Hulu,,2022,,47.056,,"PDRB Per Kapita Atas Dasar Harga Berlaku di Provinsi Kalimantan Barat Menurut Kabupaten/Kota (ribu rupiah), 2020–2024","Per Capita GRDP at Current Market Prices by Regency/Municipality, in Kalimantan Barat Province (thousand rupiahss), 2020–2024",20,10,86691ecd8a7f
KALIMANTAN BARAT,09,Kab. Sekadau,,2022,,36.355,,"PDRB Per Kapita Atas Dasar Harga Berlaku di Provinsi Kalimantan Barat Menurut Kabupaten/Kota (ribu rupiah), 2020–2024","Per Capita GRDP at Current Market Prices by Regency/Municipality, in Kalimantan Barat Province (thousand rupiahss), 2020–2024",20,10,79343f89c459
KALIMANTAN BARAT,10,Kab. Melawi,,2022,,26.209,,"PDRB Per Kapita Atas Dasar Harga Berlaku di Provinsi Kalimantan Barat Menurut Kabupaten/Kota (ribu rupiah), 2020–2024","Per Capita GRDP at Current Market Prices by Regency/Municipality, in Kalimantan Barat Province (thousand rupiahss), 2020–2024",20,10,b532f597dbbe
KALIMANTAN BARAT,11,Kab. Kayong Utara,,2022,,38.140,,"PDRB Per Kapita Atas Dasar Harga Berlaku di Provinsi Kalimantan Barat Menurut Kabupaten/Kota (ribu rupiah), 2020–2024","Per Capita GRDP at Current Market Prices by Regency/Municipality, in Kalimantan Barat Province (thousand rupiahss), 2020–2024",20,10,a3ce8b258595
KALIMANTAN BARAT,12,Kab. Kubu Raya,,2022,,56.227,,"PDRB Per Kapita Atas Dasar Harga Berlaku di Provinsi Kalimantan Barat Menurut Kabupaten/Kota (ribu rupiah), 2020–2024","Per Capita GRDP at Current Market Prices by Regency/Municipality, in Kalimantan Barat Province (thousand rupiahss), 2020–2024",20,10,8a3eabf300d3
KALIMANTAN BARAT,71,Kota Pontianak,,2022,,66.164,,"PDRB Per Kapita Atas Dasar Harga Berlaku di Provinsi Kalimantan Barat Menurut Kabupaten/Kota (ribu rupiah), 2020–2024","Per Capita GRDP at Current Market Prices by Regency/Municipality, in Kalimantan Barat Province (thousand rupiahss), 2020–2024",20,10,9c13be8218b1
KALIMANTAN BARAT,72,Kota Singkawang,,2022,,49.229,,"PDRB Per Kapita Atas Dasar Harga Berlaku di Provinsi Kalimantan Barat Menurut Kabupaten/Kota (ribu rupiah), 2020–2024","Per Capita GRDP at Current Market Prices by Regency/Municipality, in Kalimantan Barat Province (thousand rupiahss), 2020–2024",20,10,a2dfade0ebdd
KALIMANTAN BARAT,,Jml Kab./Kota Total of Reg./Mun.,,2022,,46.083,,"PDRB Per Kapita Atas Dasar Harga Berlaku di Provinsi Kalimantan Barat Menurut Kabupaten/Kota (ribu rupiah), 2020–2024","Per Capita GRDP at Current Market Prices by Regency/Municipality, in Kalimantan Barat Province (thousand rupiahss), 2020–2024",20,10,f9f41e7b3b23
KALIMANTAN BARAT,,Provinsi/Province,,2022,,46.092,,"PDRB Per Kapita Atas Dasar Harga Berlaku di Provinsi Kalimantan Barat Menurut Kabupaten/Kota (ribu rupiah), 2020–2024","Per Capita GRDP at Current Market Prices by Regency/Municipality, in Kalimantan Barat Province (thousand rupiahss), 2020–2024",20,10,c6aed9fadf91
DKI JAKARTA,01,Kab. Kepulauan Seribu,,2023,*,287.922,,"PDRB Per Kapita Atas Dasar Harga Berlaku di Provinsi DKI Jakarta Menurut Kabupaten/Kota (ribu rupiah), 2020–2024","Per Capita GRDP at Current Market Prices by Regency/Municipality, in DKI Jakarta Province (thousand rupiahss), 2020–2024",11,1,906ea38a1fd1
DKI JAKARTA,71,Kota Jakarta Selatan,,2023,*,354.415,,"PDRB Per Kapita Atas Dasar Harga Berlaku di Provinsi DKI Jakarta Menurut Kabupaten/Kota (ribu rupiah), 2020–2024","Per Capita GRDP at Current Market Prices by Regency/Municipality, in DKI Jakarta Province (thousand rupiahss), 2020–2024",11,1,78f5a7dcacc9
DKI JAKARTA,72,Kota Jakarta Timur,,2023,*,192.357,,"PDRB Per Kapita Atas Dasar Harga Berlaku di Provinsi DKI Jakarta Menurut Kabupaten/Kota (ribu rupiah), 2020–2024","Per Capita GRDP at Current Market Prices by Regency/Municipality, in DKI Jakarta Province (thousand rupiahss), 2020–2024",11,1,b1ef001fab97
DKI JAKARTA,73,Kota Jakarta Pusat,,2023,*,819.423,,"PDRB Per Kapita Atas Dasar Harga Berlaku di Provinsi DKI Jakarta Menurut Kabupaten/Kota (ribu rupiah), 2020–2024","Per Capita GRDP at Current Market Prices by Regency/Municipality, in DKI Jakarta Province (thousand rupiahss), 2020–2024",11,1,417eb7a163db
DKI JAKARTA,74,Kota Jakarta Barat,,2023,*,237.025,,"PDRB Per Kapita Atas Dasar Harga Berlaku di Provinsi DKI Jakarta Menurut Kabupaten/Kota (ribu rupiah), 2020–2024","Per Capita GRDP at Current Market Prices by Regency/Municipality, in DKI Jakarta Province (thousand rupiahss), 2020–2024",11,1,1381391283f9
DKI JAKARTA,75,Kota Jakarta Utara,,2023,*,348.893,,"PDRB Per Kapita Atas Dasar Harga Berlaku di Provinsi DKI Jakarta Menurut Kabupaten/Kota (ribu rupiah), 2020–2024","Per Capita GRDP at Current Market Prices by Regency/Municipality, in DKI Jakarta Province (thousand rupiahss), 2020–2024",11,1,3ec73dfaf079
DKI JAKARTA,,Jml Kab./Kota Total of Reg./Mun.,,2023,*,325.088,,"PDRB Per Kapita Atas Dasar Harga Berlaku di Provinsi DKI Jakarta Menurut Kabupaten/Kota (ribu rupiah), 2020–2024","Per Capita GRDP at Current Market Prices by Regency/Municipality, in DKI Jakarta Province (thousand rupiahss), 2020–2024",11,1,cb736832353c
DKI JAKARTA,,Provinsi/Province,,2023,*,322.619,,"PDRB Per Kapita Atas Dasar Harga Berlaku di Provinsi DKI Jakarta Menurut Kabupaten/Kota (ribu rupiah), 2020–2024","Per Capita GRDP at Current Market Prices by Regency/Municipality, in DKI Jakarta Province (thousand rupiahss), 2020–2024",11,1,97cae7aa1c43
JAWA BARAT,01,Kab. Bogor,,2023,*,51.378,,"PDRB Per Kapita Atas Dasar Harga Berlaku di Provinsi Jawa Barat Menurut Kabupaten/Kota (ribu rupiah), 2020–2024","Per Capita GRDP at Current Market Prices by Regency/Municipality, in Jawa Barat Province (thousand rupiahss), 2020–2024",12,2,19c2978186c5
JAWA BARAT,02,Kab. Sukabumi,,2023,*,29.374,,"PDRB Per Kapita Atas Dasar Harga Berlaku di Provinsi Jawa Barat Menurut Kabupaten/Kota (ribu rupiah), 2020–2024","Per Capita GRDP at Current Market Prices by Regency/Municipality, in Jawa Barat Province (thousand rupiahss), 2020–2024",12,2,596d745ca494
JAWA BARAT,03,Kab. Cianjur,,2023,*,22.826,,"PDRB Per Kapita Atas Dasar Harga Berlaku di Provinsi Jawa Barat Menurut Kabupaten/Kota (ribu rupiah), 2020–2024","Per Capita GRDP at Current Market Prices by Regency/Municipality, in Jawa Barat Province (thousand rupiahss), 2020–2024",12,2,ccef30936673
JAWA BARAT,04,Kab. Bandung,,2023,*,41.372,,"PDRB Per Kapita Atas Dasar Harga Berlaku di Provinsi Jawa Barat Menurut Kabupaten/Kota (ribu rupiah), 2020–2024","Per Capita GRDP at Current Market Prices by Regency/Municipality, in Jawa Barat Province (thousand rupiahss), 2020–2024",12,2,427c9d9bc582
JAWA BARAT,05,Kab. Garut,,2023,*,26.914,,"PDRB Per Kapita Atas Dasar Harga Berlaku di Provinsi Jawa Barat Menurut Kabupaten/Kota (ribu rupiah), 2020–2024","Per Capita GRDP at Current Market Prices by Regency/Municipality, in Jawa Barat Province (thousand rupiahss), 2020–2024",12,2,4f0d24f0a45e
JAWA BARAT,06,Kab. Tasikmalaya,,2023,*,24.172,,"PDRB Per Kapita Atas Dasar Harga Berlaku di Provinsi Jawa Barat Menurut Kabupaten/Kota (ribu rupiah), 2020–2024","Per Capita GRDP at Current Market Prices by Regency/Municipality, in Jawa Barat Province (thousand rupiahss), 2020–2024",12,2,43a43ccd7992
JAWA BARAT,07,Kab. Ciamis,,2023,*,31.834,,"PDRB Per Kapita Atas Dasar Harga Berlaku di Provinsi Jawa Barat Menurut Kabupaten/Kota (ribu rupiah), 2020–2024","Per Capita GRDP at Current Market Prices by Regency/Municipality, in Jawa Barat Province (thousand rupiahss), 2020–2024",12,2,ab76be503dca
JAWA BARAT,08,Kab. Kuningan,,2023,*,27.081,,"PDRB Per Kapita Atas Dasar Harga Berlaku di Provinsi Jawa Barat Menurut Kabupaten/Kota (ribu rupiah), 2020–2024","Per Capita GRDP at Current Market Prices by Regency/Municipality, in Jawa Barat Province (thousand rupiahss), 2020–2024",12,2,ca0057ea0ebd
JAWA BARAT,09,Kab. Cirebon,,2023,*,25.974,,"PDRB Per Kapita Atas Dasar Harga Berlaku di Provinsi Jawa Barat Menurut Kabupaten/Kota (ribu rupiah), 2020–2024","Per Capita GRDP at Current Market Prices by Regency/Municipality, in Jawa Barat Province (thousand rupiahss), 2020–2024",12,2,66d9077fbfca
JAWA BARAT,10,Kab. Majalengka,,2023,*,31.138,,"PDRB Per Kapita Atas Dasar Harga Berlaku di Provinsi Jawa Barat Menurut Kabupaten/Kota (ribu rupiah), 2020–2024","Per Capita GRDP at Current Market Prices by Regency/Municipality, in Jawa Barat Province (thousand rupiahss), 2020–2024",12,2,d2672aabe81d
JAWA BARAT,11,Kab. Sumedang,,2023,*,36.773,,"PDRB Per Kapita Atas Dasar Harga Berlaku di Provinsi Jawa Barat Menurut Kabupaten/Kota (ribu rupiah), 2020–2024","Per Capita GRDP at Current Market Prices by Regency/Municipality, in Jawa Barat Province (thousand rupiahss), 2020–2024",12,2,6791ba5e1502
JAWA BARAT,12,Kab.indramayu,,2023,*,54.669,,"PDRB Per Kapita Atas Dasar Harga Berlaku di Provinsi Jawa Barat Menurut Kabupaten/Kota (ribu rupiah), 2020–2024","Per Capita GRDP at Current Market Prices by Regency/Municipality, in Jawa Barat Province (thousand rupiahss), 2020–2024",12,2,82247058a32d
JAWA BARAT,13,Kab. Subang,,2023,*,30.120,,"PDRB Per Kapita Atas Dasar Harga Berlaku di Provinsi Jawa Barat Menurut Kabupaten/Kota (ribu rupiah), 2020–2024","Per Capita GRDP at Current Market Prices by Regency/Municipality, in Jawa Barat Province (thousand rupiahss), 2020–2024",12,2,8607a04218be
JAWA BARAT,14,Kab. Purwakarta,,2023,*,79.194,,"PDRB Per Kapita Atas Dasar Harga Berlaku di Provinsi Jawa Barat Menurut Kabupaten/Kota (ribu rupiah), 2020–2024","Per Capita GRDP at Current Market Prices by Regency/Municipality, in Jawa Barat Province (thousand rupiahss), 2020–2024",12,2,90c496c0f6e5
JAWA BARAT,15,Kab. Karawang,,2023,*,115.169,,"PDRB Per Kapita Atas Dasar Harga Berlaku di Provinsi Jawa Barat Menurut Kabupaten/Kota (ribu rupiah), 2020–2024","Per Capita GRDP at Current Market Prices by Regency/Municipality, in Jawa Barat Province (thousand rupiahss), 2020–2024",12,2,1951112de751
JAWA BARAT,16,Kab. Bekasi,,2023,*,121.647,,"PDRB Per Kapita Atas Dasar Harga Berlaku di Provinsi Jawa Barat Menurut Kabupaten/Kota (ribu rupiah), 2020–2024","Per Capita GRDP at Current Market Prices by Regency/Municipality, in Jawa Barat Province (thousand rupiahss), 2020–2024",12,2,752aab646eb7
JAWA BARAT,17,Kab. Bandung Barat,,2023,*,30.622,,"PDRB Per Kapita Atas Dasar Harga Berlaku di Provinsi Jawa Barat Menurut Kabupaten/Kota (ribu rupiah), 2020–2024","Per Capita GRDP at Current Market Prices by Regency/Municipality, in Jawa Barat Province (thousand rupiahss), 2020–2024",12,2,13e5aa5214f2
JAWA BARAT,18,Kab. Pangandaran,,2023,*,33.042,,"PDRB Per Kapita Atas Dasar Harga Berlaku di Provinsi Jawa Barat Menurut Kabupaten/Kota (ribu rupiah), 2020–2024","Per Capita GRDP at Current Market Prices by Regency/Municipality, in Jawa Barat Province (thousand rupiahss), 2020–2024",12,2,d84ac4074f03
JAWA BARAT,71,Kota Bogor,,2023,*,53.239,,"PDRB Per Kapita Atas Dasar Harga Berlaku di Provinsi Jawa Barat Menurut Kabupaten/Kota (ribu rupiah), 2020–2024","Per Capita GRDP at Current Market Prices by Regency/Municipality, in Jawa Barat Province (thousand rupiahss), 2020–2024",12,2,ef52df11b86d
JAWA BARAT,72,Kota Sukabumi,,2023,*,42.562,,"PDRB Per Kapita Atas Dasar Harga Berlaku di Provinsi Jawa Barat Menurut Kabupaten/Kota (ribu rupiah), 2020–2024","Per Capita GRDP at Current Market Prices by Regency/Municipality, in Jawa Barat Province (thousand rupiahss), 2020–2024",12,2,b81bea0267ae
JAWA BARAT,73,Kota Bandung,,2023,*,140.144,,"PDRB Per Kapita Atas Dasar Harga Berlaku di Provinsi Jawa Barat Menurut Kabupaten/Kota (ribu rupiah), 2020–2024","Per Capita GRDP at Current Market Prices by Regency/Municipality, in Jawa Barat Province (thousand rupiahss), 2020–2024",12,2,db7bf40dbc91
JAWA BARAT,74,Kota Cirebon,,2023,*,84.135,,"PDRB Per Kapita Atas Dasar Harga Berlaku di Provinsi Jawa Barat Menurut Kabupaten/Kota (ribu rupiah), 2020–2024","Per Capita GRDP at Current Market Prices by Regency/Municipality, in Jawa Barat Province (thousand rupiahss), 2020–2024",12,2,4c67b1b3b452
JAWA BARAT,75,Kota Bekasi,,2023,*,45.281,,"PDRB Per Kapita Atas Dasar Harga Berlaku di Provinsi Jawa Barat Menurut Kabupaten/Kota (ribu rupiah), 2020–2024","Per Capita GRDP at Current Market Prices by Regency/Municipality, in Jawa Barat Province (thousand rupiahss), 2020–2024",12,2,99de8ff9cc4d
JAWA BARAT,76,Kota Depok,,2023,*,40.817,,"PDRB Per Kapita Atas Dasar Harga Berlaku di Provinsi Jawa Barat Menurut Kabupaten/Kota (ribu rupiah), 2020–2024","Per Capita GRDP at Current Market Prices by Regency/Municipality, in Jawa Barat Province (thousand rupiahss), 2020–2024",12,2,7217cb0d6428
JAWA BARAT,77,Kota Cimahi,,2023,*,68.552,,"PDRB Per Kapita Atas Dasar Harga Berlaku di Provinsi Jawa Barat Menurut Kabupaten/Kota (ribu rupiah), 2020–2024","Per Capita GRDP at Current Market Prices by Regency/Municipality, in Jawa Barat Province (thousand rupiahss), 2020–2024",12,2,c12a31e15362
JAWA BARAT,78,Kota Tasikmalaya,,2023,*,36.955,,"PDRB Per Kapita Atas Dasar Harga Berlaku di Provinsi Jawa Barat Menurut Kabupaten/Kota (ribu rupiah), 2020–2024","Per Capita GRDP at Current Market Prices by Regency/Municipality, in Jawa Barat Province (thousand rupiahss), 2020–2024",12,2,2279acadffbd
JAWA BARAT,79,Kota Banjar,,2023,*,25.278,,"PDRB Per Kapita Atas Dasar Harga Berlaku di Provinsi Jawa Barat Menurut Kabupaten/Kota (ribu rupiah), 2020–2024","Per Capita GRDP at Current Market Prices by Regency/Municipality, in Jawa Barat Province (thousand rupiahss), 2020–2024",12,2,cab5ea1ebd2d
JAWA BARAT,,Jml Kab./Kota Total of Reg./Mun.,,2023,*,53.034,,"PDRB Per Kapita Atas Dasar Harga Berlaku di Provinsi Jawa Barat Menurut Kabupaten/Kota (ribu rupiah), 2020–2024","Per Capita GRDP at Current Market Prices by Regency/Municipality, in Jawa Barat Province (thousand rupiahss), 2020–2024",12,2,ffbce9e0b362
JAWA BARAT,,Provinsi/Province,,2023,*,52.652,,"PDRB Per Kapita Atas Dasar Harga Berlaku di Provinsi Jawa Barat Menurut Kabupaten/Kota (ribu rupiah), 2020–2024","Per Capita GRDP at Current Market Prices by Regency/Municipality, in Jawa Barat Province (thousand rupiahss), 2020–2024",12,2,c6af513c7418
JAWA TENGAH,01,Kab. Cilacap,,2023,*,65.963,,"PDRB Per Kapita Atas Dasar Harga Berlaku di Provinsi Jawa Tengah Menurut Kabupaten/Kota (ribu rupiah), 2020–2024","Per Capita GRDP at Current Market Prices by Regency/Municipality, in Jawa Tengah Province (thousand rupiahss), 2020–2024",13,3,30251b8cbb6d
JAWA TENGAH,02,Kab. Banyumas,,2023,*,37.598,,"PDRB Per Kapita Atas Dasar Harga Berlaku di Provinsi Jawa Tengah Menurut Kabupaten/Kota (ribu rupiah), 2020–2024","Per Capita GRDP at Current Market Prices by Regency/Municipality, in Jawa Tengah Province (thousand rupiahss), 2020–2024",13,3,7518fc1aacf0
JAWA TENGAH,03,Kab. Purbalingga,,2023,*,30.394,,"PDRB Per Kapita Atas Dasar Harga Berlaku di Provinsi Jawa Tengah Menurut Kabupaten/Kota (ribu rupiah), 2020–2024","Per Capita GRDP at Current Market Prices by Regency/Municipality, in Jawa Tengah Province (thousand rupiahss), 2020–2024",13,3,74d7a5ea54a9
JAWA TENGAH,04,Kab. Banjarnegara,,2023,*,25.966,,"PDRB Per Kapita Atas Dasar Harga Berlaku di Provinsi Jawa Tengah Menurut Kabupaten/Kota (ribu rupiah), 2020–2024","Per Capita GRDP at Current Market Prices by Regency/Municipality, in Jawa Tengah Province (thousand rupiahss), 2020–2024",13,3,6c7977567cf5
JAWA TENGAH,05,Kab. Kebumen,,2023,*,25.590,,"PDRB Per Kapita Atas Dasar Harga Berlaku di Provinsi Jawa Tengah Menurut Kabupaten/Kota (ribu rupiah), 2020–2024","Per Capita GRDP at Current Market Prices by Regency/Municipality, in Jawa Tengah Province (thousand rupiahss), 2020–2024",13,3,cdfaa15aac1f
JAWA TENGAH,06,Kab. Purworejo,,2023,*,29.417,,"PDRB Per Kapita Atas Dasar Harga Berlaku di Provinsi Jawa Tengah Menurut Kabupaten/Kota (ribu rupiah), 2020–2024","Per Capita GRDP at Current Market Prices by Regency/Municipality, in Jawa Tengah Province (thousand rupiahss), 2020–2024",13,3,9bd9d1093215
JAWA TENGAH,07,Kab. Wonosobo,,2023,*,25.647,,"PDRB Per Kapita Atas Dasar Harga Berlaku di Provinsi Jawa Tengah Menurut Kabupaten/Kota (ribu rupiah), 2020–2024","Per Capita GRDP at Current Market Prices by Regency/Municipality, in Jawa Tengah Province (thousand rupiahss), 2020–2024",13,3,8c9a61ca1d9a
JAWA TENGAH,08,Kab. Magelang,,2023,*,30.572,,"PDRB Per Kapita Atas Dasar Harga Berlaku di Provinsi Jawa Tengah Menurut Kabupaten/Kota (ribu rupiah), 2020–2024","Per Capita GRDP at Current Market Prices by Regency/Municipality, in Jawa Tengah Province (thousand rupiahss), 2020–2024",13,3,a520c74ed8e2
JAWA TENGAH,09,Kab. Boyolali,,2023,*,39.193,,"PDRB Per Kapita Atas Dasar Harga Berlaku di Provinsi Jawa Tengah Menurut Kabupaten/Kota (ribu rupiah), 2020–2024","Per Capita GRDP at Current Market Prices by Regency/Municipality, in Jawa Tengah Province (thousand rupiahss), 2020–2024",13,3,d5682ff310d1
JAWA TENGAH,10,Kab. Klaten,,2023,*,39.921,,"PDRB Per Kapita Atas Dasar Harga Berlaku di Provinsi Jawa Tengah Menurut Kabupaten/Kota (ribu rupiah), 2020–2024","Per Capita GRDP at Current Market Prices by Regency/Municipality, in Jawa Tengah Province (thousand rupiahss), 2020–2024",13,3,d041d6a40d55
JAWA TENGAH,11,Kab. Sukoharjo,,2023,*,49.879,,"PDRB Per Kapita Atas Dasar Harga Berlaku di Provinsi Jawa Tengah Menurut Kabupaten/Kota (ribu rupiah), 2020–2024","Per Capita GRDP at Current Market Prices by Regency/Municipality, in Jawa Tengah Province (thousand rupiahss), 2020–2024",13,3,05511a7d9309
JAWA TENGAH,12,Kab. Wonogiri,,2023,*,35.150,,"PDRB Per Kapita Atas Dasar Harga Berlaku di Provinsi Jawa Tengah Menurut Kabupaten/Kota (ribu rupiah), 2020–2024","Per Capita GRDP at Current Market Prices by Regency/Municipality, in Jawa Tengah Province (thousand rupiahss), 2020–2024",13,3,051826cf518b
JAWA TENGAH,13,Kab. Karanganyar,,2023,*,49.422,,"PDRB Per Kapita Atas Dasar Harga Berlaku di Provinsi Jawa Tengah Menurut Kabupaten/Kota (ribu rupiah), 2020–2024","Per Capita GRDP at Current Market Prices by Regency/Municipality, in Jawa Tengah Province (thousand rupiahss), 2020–2024",13,3,6edf9f5dcff7
JAWA TENGAH,14,Kab. Sragen,,2023,*,48.693,,"PDRB Per Kapita Atas Dasar Harga Berlaku di Provinsi Jawa Tengah Menurut Kabupaten/Kota (ribu rupiah), 2020–2024","Per Capita GRDP at Current Market Prices by Regency/Municipality, in Jawa Tengah Province (thousand rupiahss), 2020–2024",13,3,355d5dbe3a33
JAWA TENGAH,15,Kab. Grobogan,,2023,*,23.284,,"PDRB Per Kapita Atas Dasar Harga Berlaku di Provinsi Jawa Tengah Menurut Kabupaten/Kota (ribu rupiah), 2020–2024","Per Capita GRDP at Current Market Prices by Regency/Municipality, in Jawa Tengah Province (thousand rupiahss), 2020–2024",13,3,8edf7926a00d
JAWA TENGAH,16,Kab. Blora,,2023,*,35.202,,"PDRB Per Kapita Atas Dasar Harga Berlaku di Provinsi Jawa Tengah Menurut Kabupaten/Kota (ribu rupiah), 2020–2024","Per Capita GRDP at Current Market Prices by Regency/Municipality, in Jawa Tengah Province (thousand rupiahss), 2020–2024",13,3,a706647488b5
JAWA TENGAH,17,Kab. Rembang,,2023,*,36.551,,"PDRB Per Kapita Atas Dasar Harga Berlaku di Provinsi Jawa Tengah Menurut Kabupaten/Kota (ribu rupiah), 2020–2024","Per Capita GRDP at Current Market Prices by Regency/Municipality, in Jawa Tengah Province (thousand rupiahss), 2020–2024",13,3,dd8bb2839bea
JAWA TENGAH,18,Kab. Pati,,2023,*,40.277,,"PDRB Per Kapita Atas Dasar Harga Berlaku di Provinsi Jawa Tengah Menurut Kabupaten/Kota (ribu rupiah), 2020–2024","Per Capita GRDP at Current Market Prices by Regency/Municipality, in Jawa Tengah Province (thousand rupiahss), 2020–2024",13,3,95c466f14b40
JAWA TENGAH,19,Kab. Kudus,,2023,*,138.760,,"PDRB Per Kapita Atas Dasar Harga Berlaku di Provinsi Jawa Tengah Menurut Kabupaten/Kota (ribu rupiah), 2020–2024","Per Capita GRDP at Current Market Prices by Regency/Municipality, in Jawa Tengah Province (thousand rupiahss), 2020–2024",13,3,f6f8f952d170
JAWA TENGAH,20,Kab. Jepara,,2023,*,31.158,,"PDRB Per Kapita Atas Dasar Harga Berlaku di Provinsi Jawa Tengah Menurut Kabupaten/Kota (ribu rupiah), 2020–2024","Per Capita GRDP at Current Market Prices by Regency/Municipality, in Jawa Tengah Province (thousand rupiahss), 2020–2024",13,3,260ebb08bebf
JAWA TENGAH,21,Kab. Demak,,2023,*,26.615,,"PDRB Per Kapita Atas Dasar Harga Berlaku di Provinsi Jawa Tengah Menurut Kabupaten/Kota (ribu rupiah), 2020–2024","Per Capita GRDP at Current Market Prices by Regency/Municipality, in Jawa Tengah Province (thousand rupiahss), 2020–2024",13,3,e14706db1c8b
JAWA TENGAH,22,Kab. Semarang,,2023,*,56.690,,"PDRB Per Kapita Atas Dasar Harga Berlaku di Provinsi Jawa Tengah Menurut Kabupaten/Kota (ribu rupiah), 2020–2024","Per Capita GRDP at Current Market Prices by Regency/Municipality, in Jawa Tengah Province (thousand rupiahss), 2020–2024",13,3,8e44119fa957
JAWA TENGAH,23,Kab. Temanggung,,2023,*,33.289,,"PDRB Per Kapita Atas Dasar Harga Berlaku di Provinsi Jawa Tengah Menurut Kabupaten/Kota (ribu rupiah), 2020–2024","Per Capita GRDP at Current Market Prices by Regency/Municipality, in Jawa Tengah Province (thousand rupiahss), 2020–2024",13,3,8bb7e64f6b68
JAWA TENGAH,24,Kab. Kendal,,2023,*,51.637,,"PDRB Per Kapita Atas Dasar Harga Berlaku di Provinsi Jawa Tengah Menurut Kabupaten/Kota (ribu rupiah), 2020–2024","Per Capita GRDP at Current Market Prices by Regency/Municipality, in Jawa Tengah Province (thousand rupiahss), 2020–2024",13,3,062426841ebe
JAWA TENGAH,25,Kab. Batang,,2023,*,33.647,,"PDRB Per Kapita Atas Dasar Harga Berlaku di Provinsi Jawa Tengah Menurut Kabupaten/Kota (ribu rupiah), 2020–2024","Per Capita GRDP at Current Market Prices by Regency/Municipality, in Jawa Tengah Province (thousand rupiahss), 2020–2024",13,3,ad6423abf8c5
JAWA TENGAH,26,Kab. Pekalongan,,2023,*,27.906,,"PDRB Per Kapita Atas Dasar Harga Berlaku di Provinsi Jawa Tengah Menurut Kabupaten/Kota (ribu rupiah), 2020–2024","Per Capita GRDP at Current Market Prices by Regency/Municipality, in Jawa Tengah Province (thousand rupiahss), 2020–2024",13,3,9bfc771c02fe
JAWA TENGAH,27,Kab. Pemalang,,2023,*,21.234,,"PDRB Per Kapita Atas Dasar Harga Berlaku di Provinsi Jawa Tengah Menurut Kabupaten/Kota (ribu rupiah), 2020–2024","Per Capita GRDP at Current Market Prices by Regency/Municipality, in Jawa Tengah Province (thousand rupiahss), 2020–2024",13,3,2371bef35e7b
JAWA TENGAH,28,Kab. Tegal,,2023,*,26.855,,"PDRB Per Kapita Atas Dasar Harga Berlaku di Provinsi Jawa Tengah Menurut Kabupaten/Kota (ribu rupiah), 2020–2024","Per Capita GRDP at Current Market Prices by Regency/Municipality, in Jawa Tengah Province (thousand rupiahss), 2020–2024",13,3,e559cc259761
JAWA TENGAH,29,Kab. Brebes,,2023,*,28.150,,"PDRB Per Kapita Atas Dasar Harga Berlaku di Provinsi Jawa Tengah Menurut Kabupaten/Kota (ribu rupiah), 2020–2024","Per Capita GRDP at Current Market Prices by Regency/Municipality, in Jawa Tengah Province (thousand rupiahss), 2020–2024",13,3,5fd5693c24fc
JAWA TENGAH,71,Kota Magelang,,2023,*,89.956,,"PDRB Per Kapita Atas Dasar Harga Berlaku di Provinsi Jawa Tengah Menurut Kabupaten/Kota (ribu rupiah), 2020–2024","Per Capita GRDP at Current Market Prices by Regency/Municipality, in Jawa Tengah Province (thousand rupiahss), 2020–2024",13,3,93236a607046
JAWA TENGAH,72,Kota Surakarta,,2023,*,114.907,,"PDRB Per Kapita Atas Dasar Harga Berlaku di Provinsi Jawa Tengah Menurut Kabupaten/Kota (ribu rupiah), 2020–2024","Per Capita GRDP at Current Market Prices by Regency/Municipality, in Jawa Tengah Province (thousand rupiahss), 2020–2024",13,3,d0c3cd8f4ab5
JAWA TENGAH,73,Kota Salatiga,,2023,*,84.307,,"PDRB Per Kapita Atas Dasar Harga Berlaku di Provinsi Jawa Tengah Menurut Kabupaten/Kota (ribu rupiah), 2020–2024","Per Capita GRDP at Current Market Prices by Regency/Municipality, in Jawa Tengah Province (thousand rupiahss), 2020–2024",13,3,cc8939da9f3c
JAWA TENGAH,74,Kota Semarang,,2023,*,146.872,,"PDRB Per Kapita Atas Dasar Harga Berlaku di Provinsi Jawa Tengah Menurut Kabupaten/Kota (ribu rupiah), 2020–2024","Per Capita GRDP at Current Market Prices by Regency/Municipality, in Jawa Tengah Province (thousand rupiahss), 2020–2024",13,3,424c20106636
JAWA TENGAH,75,Kota Pekalongan,,2023,*,43.286,,"PDRB Per Kapita Atas Dasar Harga Berlaku di Provinsi Jawa Tengah Menurut Kabupaten/Kota (ribu rupiah), 2020–2024","Per Capita GRDP at Current Market Prices by Regency/Municipality, in Jawa Tengah Province (thousand rupiahss), 2020–2024",13,3,2c5468289b05
JAWA TENGAH,76,Kota Tegal,,2023,*,67.764,,"PDRB Per Kapita Atas Dasar Harga Berlaku di Provinsi Jawa Tengah Menurut Kabupaten/Kota (ribu rupiah), 2020–2024","Per Capita GRDP at Current Market Prices by Regency/Municipality, in Jawa Tengah Province (thousand rupiahss), 2020–2024",13,3,154b71ff8632
JAWA TENGAH,,Jml Kab./Kota Total of Reg./Mun.,,2023,*,45.193,,"PDRB Per Kapita Atas Dasar Harga Berlaku di Provinsi Jawa Tengah Menurut Kabupaten/Kota (ribu rupiah), 2020–2024","Per Capita GRDP at Current Market Prices by Regency/Municipality, in Jawa Tengah Province (thousand rupiahss), 2020–2024",13,3,627953ccb68e
JAWA TENGAH,,Provinsi/Province,,2023,*,45.167,,"PDRB Per Kapita Atas Dasar Harga Berlaku di Provinsi Jawa Tengah Menurut Kabupaten/Kota (ribu rupiah), 2020–2024","Per Capita GRDP at Current Market Prices by Regency/Municipality, in Jawa Tengah Province (thousand rupiahss), 2020–2024",13,3,60fd8160b90b
DI YOGYAKARTA,01,Kab. Kulon Progo,,2023,*,35.755,,"PDRB Per Kapita Atas Dasar Harga Berlaku di Provinsi DI Yogyakarta Menurut Kabupaten/Kota (ribu rupiah), 2020–2024","Per Capita GRDP at Current Market Prices by Regency/Municipality, in DI Yogyakarta Province (thousand rupiahss), 2020–2024",14,4,0b1215730624
DI YOGYAKARTA,02,Kab. Bantul,,2023,*,33.694,,"PDRB Per Kapita Atas Dasar Harga Berlaku di Provinsi DI Yogyakarta Menurut Kabupaten/Kota (ribu rupiah), 2020–2024","Per Capita GRDP at Current Market Prices by Regency/Municipality, in DI Yogyakarta Province (thousand rupiahss), 2020–2024",14,4,2aab5b96ac36
DI YOGYAKARTA,03,Kab. Gunung Kidul,,2023,*,33.259,,"PDRB Per Kapita Atas Dasar Harga Berlaku di Provinsi DI Yogyakarta Menurut Kabupaten/Kota (ribu rupiah), 2020–2024","Per Capita GRDP at Current Market Prices by Regency/Municipality, in DI Yogyakarta Province (thousand rupiahss), 2020–2024",14,4,2c6fa39fff7d
DI YOGYAKARTA,04,Kab. Sleman,,2023,*,51.339,,"PDRB Per Kapita Atas Dasar Harga Berlaku di Provinsi DI Yogyakarta Menurut Kabupaten/Kota (ribu rupiah), 2020–2024","Per Capita GRDP at Current Market Prices by Regency/Municipality, in DI Yogyakarta Province (thousand rupiahss), 2020–2024",14,4,bfcb939c029f
DI YOGYAKARTA,71,Kota Yogyakarta,,2023,*,122.954,,"PDRB Per Kapita Atas Dasar Harga Berlaku di Provinsi DI Yogyakarta Menurut Kabupaten/Kota (ribu rupiah), 2020–2024","Per Capita GRDP at Current Market Prices by Regency/Municipality, in DI Yogyakarta Province (thousand rupiahss), 2020–2024",14,4,640746f82564
DI YOGYAKARTA,,Jml Kab./Kota Total of Reg./Mun.,,2023,*,48.291,,"PDRB Per Kapita Atas Dasar Harga Berlaku di Provinsi DI Yogyakarta Menurut Kabupaten/Kota (ribu rupiah), 2020–2024","Per Capita GRDP at Current Market Prices by Regency/Municipality, in DI Yogyakarta Province (thousand rupiahss), 2020–2024",14,4,37f11b27743e
DI YOGYAKARTA,,Provinsi/Province,,2023,*,48.360,,"PDRB Per Kapita Atas Dasar Harga Berlaku di Provinsi DI Yogyakarta Menurut Kabupaten/Kota (ribu rupiah), 2020–2024","Per Capita GRDP at Current Market Prices by Regency/Municipality, in DI Yogyakarta Province (thousand rupiahss), 2020–2024",14,4,b849c2f2976e
JAWA TIMUR,01,Kab. Pacitan,,2023,*,33.149,,"PDRB Per Kapita Atas Dasar Harga Berlaku di Provinsi Jawa Timur Menurut Kabupaten/Kota (ribu rupiah), 2020–2024","Per Capita GRDP at Current Market Prices by Regency/Municipality, in Jawa Timur Province (thousand rupiahss), 2020–2024",15,5,09cf3791f202
JAWA TIMUR,02,Kab. Ponorogo,,2023,*,26.314,,"PDRB Per Kapita Atas Dasar Harga Berlaku di Provinsi Jawa Timur Menurut Kabupaten/Kota (ribu rupiah), 2020–2024","Per Capita GRDP at Current Market Prices by Regency/Municipality, in Jawa Timur Province (thousand rupiahss), 2020–2024",15,5,e11405087e1e
JAWA TIMUR,03,Kab. Trenggalek,,2023,*,30.681,,"PDRB Per Kapita Atas Dasar Harga Berlaku di Provinsi Jawa Timur Menurut Kabupaten/Kota (ribu rupiah), 2020–2024","Per Capita GRDP at Current Market Prices by Regency/Municipality, in Jawa Timur Province (thousand rupiahss), 2020–2024",15,5,d9b5e9b15685
JAWA TIMUR,04,Kab. Tulungagung,,2023,*,43.297,,"PDRB Per Kapita Atas Dasar Harga Berlaku di Provinsi Jawa Timur Menurut Kabupaten/Kota (ribu rupiah), 2020–2024","Per Capita GRDP at Current Market Prices by Regency/Municipality, in Jawa Timur Province (thousand rupiahss), 2020–2024",15,5,5adffc44a843
JAWA TIMUR,05,Kab. Blitar,,2023,*,35.812,,"PDRB Per Kapita Atas Dasar Harga Berlaku di Provinsi Jawa Timur Menurut Kabupaten/Kota (ribu rupiah), 2020–2024","Per Capita GRDP at Current Market Prices by Regency/Municipality, in Jawa Timur Province (thousand rupiahss), 2020–2024",15,5,2bdacd60b1ef
JAWA TIMUR,06,Kab. Kediri,,2023,*,30.193,,"PDRB Per Kapita Atas Dasar Harga Berlaku di Provinsi Jawa Timur Menurut Kabupaten/Kota (ribu rupiah), 2020–2024","Per Capita GRDP at Current Market Prices by Regency/Municipality, in Jawa Timur Province (thousand rupiahss), 2020–2024",15,5,680aebd2efcf
JAWA TIMUR,07,Kab. Malang,,2023,*,47.272,,"PDRB Per Kapita Atas Dasar Harga Berlaku di Provinsi Jawa Timur Menurut Kabupaten/Kota (ribu rupiah), 2020–2024","Per Capita GRDP at Current Market Prices by Regency/Municipality, in Jawa Timur Province (thousand rupiahss), 2020–2024",15,5,8521415a1a02
JAWA TIMUR,08,Kab. Lumajang,,2023,*,35.178,,"PDRB Per Kapita Atas Dasar Harga Berlaku di Provinsi Jawa Timur Menurut Kabupaten/Kota (ribu rupiah), 2020–2024","Per Capita GRDP at Current Market Prices by Regency/Municipality, in Jawa Timur Province (thousand rupiahss), 2020–2024",15,5,3bf6df2a72e5
JAWA TIMUR,09,Kab. Jember,,2023,*,36.837,,"PDRB Per Kapita Atas Dasar Harga Berlaku di Provinsi Jawa Timur Menurut Kabupaten/Kota (ribu rupiah), 2020–2024","Per Capita GRDP at Current Market Prices by Regency/Municipality, in Jawa Timur Province (thousand rupiahss), 2020–2024",15,5,ce49d98fc44c
JAWA TIMUR,10,Kab. Banyuwangi,,2023,*,58.086,,"PDRB Per Kapita Atas Dasar Harga Berlaku di Provinsi Jawa Timur Menurut Kabupaten/Kota (ribu rupiah), 2020–2024","Per Capita GRDP at Current Market Prices by Regency/Municipality, in Jawa Timur Province (thousand rupiahss), 2020–2024",15,5,8a3d02a27827
JAWA TIMUR,11,Kab. Bondowoso,,2023,*,31.432,,"PDRB Per Kapita Atas Dasar Harga Berlaku di Provinsi Jawa Timur Menurut Kabupaten/Kota (ribu rupiah), 2020–2024","Per Capita GRDP at Current Market Prices by Regency/Municipality, in Jawa Timur Province (thousand rupiahss), 2020–2024",15,5,af2ff6c99087
JAWA TIMUR,12,Kab. Situbondo,,2023,*,36.190,,"PDRB Per Kapita Atas Dasar Harga Berlaku di Provinsi Jawa Timur Menurut Kabupaten/Kota (ribu rupiah), 2020–2024","Per Capita GRDP at Current Market Prices by Regency/Municipality, in Jawa Timur Province (thousand rupiahss), 2020–2024",15,5,1f489e8f66bc
JAWA TIMUR,13,Kab. Probolinggo,,2023,*,36.006,,"PDRB Per Kapita Atas Dasar Harga Berlaku di Provinsi Jawa Timur Menurut Kabupaten/Kota (ribu rupiah), 2020–2024","Per Capita GRDP at Current Market Prices by Regency/Municipality, in Jawa Timur Province (thousand rupiahss), 2020–2024",15,5,6c6df3f722ab
JAWA TIMUR,14,Kab. Pasuruan,,2023,*,113.683,,"PDRB Per Kapita Atas Dasar Harga Berlaku di Provinsi Jawa Timur Menurut Kabupaten/Kota (ribu rupiah), 2020–2024","Per Capita GRDP at Current Market Prices by Regency/Municipality, in Jawa Timur Province (thousand rupiahss), 2020–2024",15,5,e65ffacfa20f
JAWA TIMUR,15,Kab. Sidoarjo,,2023,*,127.382,,"PDRB Per Kapita Atas Dasar Harga Berlaku di Provinsi Jawa Timur Menurut Kabupaten/Kota (ribu rupiah), 2020–2024","Per Capita GRDP at Current Market Prices by Regency/Municipality, in Jawa Timur Province (thousand rupiahss), 2020–2024",15,5,77570e849879
JAWA TIMUR,16,Kab. Mojokerto,,2023,*,91.112,,"PDRB Per Kapita Atas Dasar Harga Berlaku di Provinsi Jawa Timur Menurut Kabupaten/Kota (ribu rupiah), 2020–2024","Per Capita GRDP at Current Market Prices by Regency/Municipality, in Jawa Timur Province (thousand rupiahss), 2020–2024",15,5,dc672dffe900
JAWA TIMUR,17,Kab. Jombang,,2023,*,36.991,,"PDRB Per Kapita Atas Dasar Harga Berlaku di Provinsi Jawa Timur Menurut Kabupaten/Kota (ribu rupiah), 2020–2024","Per Capita GRDP at Current Market Prices by Regency/Municipality, in Jawa Timur Province (thousand rupiahss), 2020–2024",15,5,2536b469ff99
JAWA TIMUR,18,Kab. Nganjuk,,2023,*,29.917,,"PDRB Per Kapita Atas Dasar Harga Berlaku di Provinsi Jawa Timur Menurut Kabupaten/Kota (ribu rupiah), 2020–2024","Per Capita GRDP at Current Market Prices by Regency/Municipality, in Jawa Timur Province (thousand rupiahss), 2020–2024",15,5,7628527bf3a1
JAWA TIMUR,19,Kab. Madiun,,2023,*,31.588,,"PDRB Per Kapita Atas Dasar Harga Berlaku di Provinsi Jawa Timur Menurut Kabupaten/Kota (ribu rupiah), 2020–2024","Per Capita GRDP at Current Market Prices by Regency/Municipality, in Jawa Timur Province (thousand rupiahss), 2020–2024",15,5,ff9996e55b5c
JAWA TIMUR,20,Kab. Magetan,,2023,*,33.627,,"PDRB Per Kapita Atas Dasar Harga Berlaku di Provinsi Jawa Timur Menurut Kabupaten/Kota (ribu rupiah), 2020–2024","Per Capita GRDP at Current Market Prices by Regency/Municipality, in Jawa Timur Province (thousand rupiahss), 2020–2024",15,5,f1f5c43020b7
JAWA TIMUR,21,Kab. Ngawi,,2023,*,27.619,,"PDRB Per Kapita Atas Dasar Harga Berlaku di Provinsi Jawa Timur Menurut Kabupaten/Kota (ribu rupiah), 2020–2024","Per Capita GRDP at Current Market Prices by Regency/Municipality, in Jawa Timur Province (thousand rupiahss), 2020–2024",15,5,1d1608c4c270
JAWA TIMUR,22,Kab. Bojonegoro,,2023,*,74.242,,"PDRB Per Kapita Atas Dasar Harga Berlaku di Provinsi Jawa Timur Menurut Kabupaten/Kota (ribu rupiah), 2020–2024","Per Capita GRDP at Current Market Prices by Regency/Municipality, in Jawa Timur Province (thousand rupiahss), 2020–2024",15,5,fcdb996ad1e1
JAWA TIMUR,23,Kab. Tuban,,2023,*,67.176,,"PDRB Per Kapita Atas Dasar Harga Berlaku di Provinsi Jawa Timur Menurut Kabupaten/Kota (ribu rupiah), 2020–2024","Per Capita GRDP at Current Market Prices by Regency/Municipality, in Jawa Timur Province (thousand rupiahss), 2020–2024",15,5,b068bfca59fa
JAWA TIMUR,24,Kab. Lamongan,,2023,*,35.726,,"PDRB Per Kapita Atas Dasar Harga Berlaku di Provinsi Jawa Timur Menurut Kabupaten/Kota (ribu rupiah), 2020–2024","Per Capita GRDP at Current Market Prices by Regency/Municipality, in Jawa Timur Province (thousand rupiahss), 2020–2024",15,5,791acff5a417
JAWA TIMUR,25,Kab. Gresik,,2023,*,130.527,,"PDRB Per Kapita Atas Dasar Harga Berlaku di Provinsi Jawa Timur Menurut Kabupaten/Kota (ribu rupiah), 2020–2024","Per Capita GRDP at Current Market Prices by Regency/Municipality, in Jawa Timur Province (thousand rupiahss), 2020–2024",15,5,cb2e23511b8c
JAWA TIMUR,26,Kab. Bangkalan,,2023,*,25.408,,"PDRB Per Kapita Atas Dasar Harga Berlaku di Provinsi Jawa Timur Menurut Kabupaten/Kota (ribu rupiah), 2020–2024","Per Capita GRDP at Current Market Prices by Regency/Municipality, in Jawa Timur Province (thousand rupiahss), 2020–2024",15,5,411621c09f8e
JAWA TIMUR,27,Kab. Sampang,,2023,*,23.978,,"PDRB Per Kapita Atas Dasar Harga Berlaku di Provinsi Jawa Timur Menurut Kabupaten/Kota (ribu rupiah), 2020–2024","Per Capita GRDP at Current Market Prices by Regency/Municipality, in Jawa Timur Province (thousand rupiahss), 2020–2024",15,5,d1380208400d
JAWA TIMUR,28,Kab. Pamekasan,,2023,*,23.842,,"PDRB Per Kapita Atas Dasar Harga Berlaku di Provinsi Jawa Timur Menurut Kabupaten/Kota (ribu rupiah), 2020–2024","Per Capita GRDP at Current Market Prices by Regency/Municipality, in Jawa Timur Province (thousand rupiahss), 2020–2024",15,5,253cdf9e6bb8
JAWA TIMUR,29,Kab. Sumenep,,2023,*,37.474,,"PDRB Per Kapita Atas Dasar Harga Berlaku di Provinsi Jawa Timur Menurut Kabupaten/Kota (ribu rupiah), 2020–2024","Per Capita GRDP at Current Market Prices by Regency/Municipality, in Jawa Timur Province (thousand rupiahss), 2020–2024",15,5,0c673c1ba1b3
JAWA TIMUR,71,Kota Kediri,,2023,*,541.068,,"PDRB Per Kapita Atas Dasar Harga Berlaku di Provinsi Jawa Timur Menurut Kabupaten/Kota (ribu rupiah), 2020–2024","Per Capita GRDP at Current Market Prices by Regency/Municipality, in Jawa Timur Province (thousand rupiahss), 2020–2024",15,5,1ecf8a1fe3b5
JAWA TIMUR,72,Kota Blitar,,2023,*,55.523,,"PDRB Per Kapita Atas Dasar Harga Berlaku di Provinsi Jawa Timur Menurut Kabupaten/Kota (ribu rupiah), 2020–2024","Per Capita GRDP at Current Market Prices by Regency/Municipality, in Jawa Timur Province (thousand rupiahss), 2020–2024",15,5,c893d94b40e2
JAWA TIMUR,73,Kota Malang,,2023,*,107.542,,"PDRB Per Kapita Atas Dasar Harga Berlaku di Provinsi Jawa Timur Menurut Kabupaten/Kota (ribu rupiah), 2020–2024","Per Capita GRDP at Current Market Prices by Regency/Municipality, in Jawa Timur Province (thousand rupiahss), 2020–2024",15,5,1cc3a11c9f0d
JAWA TIMUR,74,Kota Probolinggo,,2023,*,57.885,,"PDRB Per Kapita Atas Dasar Harga Berlaku di Provinsi Jawa Timur Menurut Kabupaten/Kota (ribu rupiah), 2020–2024","Per Capita GRDP at Current Market Prices by Regency/Municipality, in Jawa Timur Province (thousand rupiahss), 2020–2024",15,5,16af6bb3d170
JAWA TIMUR,75,Kota Pasuruan,,2023,*,48.058,,"PDRB Per Kapita Atas Dasar Harga Berlaku di Provinsi Jawa Timur Menurut Kabupaten/Kota (ribu rupiah), 2020–2024","Per Capita GRDP at Current Market Prices by Regency/Municipality, in Jawa Timur Province (thousand rupiahss), 2020–2024",15,5,0bba88c4e6f5
JAWA TIMUR,76,Kota Mojokerto,,2023,*,59.061,,"PDRB Per Kapita Atas Dasar Harga Berlaku di Provinsi Jawa Timur Menurut Kabupaten/Kota (ribu rupiah), 2020–2024","Per Capita GRDP at Current Market Prices by Regency/Municipality, in Jawa Timur Province (thousand rupiahss), 2020–2024",15,5,25f958771d53
JAWA TIMUR,77,Kota Madiun,,2023,*,86.285,,"PDRB Per Kapita Atas Dasar Harga Berlaku di Provinsi Jawa Timur Menurut Kabupaten/Kota (ribu rupiah), 2020–2024","Per Capita GRDP at Current Market Prices by Regency/Municipality, in Jawa Timur Province (thousand rupiahss), 2020–2024",15,5,68499de68aef
JAWA TIMUR,78,Kota Surabaya,,2023,*,245.685,,"PDRB Per Kapita Atas Dasar Harga Berlaku di Provinsi Jawa Timur Menurut Kabupaten/Kota (ribu rupiah), 2020–2024","Per Capita GRDP at Current Market Prices by Regency/Municipality, in Jawa Timur Province (thousand rupiahss), 2020–2024",15,5,f03dc7792ca6
JAWA TIMUR,79,Kota Batu,,2023,*,93.214,,"PDRB Per Kapita Atas Dasar Harga Berlaku di Provinsi Jawa Timur Menurut Kabupaten/Kota (ribu rupiah), 2020–2024","Per Capita GRDP at Current Market Prices by Regency/Municipality, in Jawa Timur Province (thousand rupiahss), 2020–2024",15,5,8983a06229d2
JAWA TIMUR,,Jml Kab./Kota Total of Reg./Mun.,,2023,*,71.179,,"PDRB Per Kapita Atas Dasar Harga Berlaku di Provinsi Jawa Timur Menurut Kabupaten/Kota (ribu rupiah), 2020–2024","Per Capita GRDP at Current Market Prices by Regency/Municipality, in Jawa Timur Province (thousand rupiahss), 2020–2024",15,5,a42a704dabb3
JAWA TIMUR,,Provinsi/Province,,2023,*,71.122,,"PDRB Per Kapita Atas Dasar Harga Berlaku di Provinsi Jawa Timur Menurut Kabupaten/Kota (ribu rupiah), 2020–2024","Per Capita GRDP at Current Market Prices by Regency/Municipality, in Jawa Timur Province (thousand rupiahss), 2020–2024",15,5,4ec3752135bf
BANTEN,01,Kab. Pandeglang,,2023,*,25.913,,"PDRB Per Kapita Atas Dasar Harga Berlaku di Provinsi Banten Menurut Kabupaten/Kota (ribu rupiah), 2020–2024","Per Capita GRDP at Current Market Prices by Regency/Municipality, in Banten Province (thousand rupiahss), 2020–2024",16,6,3fb5c75027a3
BANTEN,02,Kab. Lebak,,2023,*,24.810,,"PDRB Per Kapita Atas Dasar Harga Berlaku di Provinsi Banten Menurut Kabupaten/Kota (ribu rupiah), 2020–2024","Per Capita GRDP at Current Market Prices by Regency/Municipality, in Banten Province (thousand rupiahss), 2020–2024",16,6,7bd08ea9a88d
BANTEN,03,Kab. Tangerang,,2023,*,51.538,,"PDRB Per Kapita Atas Dasar Harga Berlaku di Provinsi Banten Menurut Kabupaten/Kota (ribu rupiah), 2020–2024","Per Capita GRDP at Current Market Prices by Regency/Municipality, in Banten Province (thousand rupiahss), 2020–2024",16,6,d77d995e0772
BANTEN,04,Kab. Serang,,2023,*,56.523,,"PDRB Per Kapita Atas Dasar Harga Berlaku di Provinsi Banten Menurut Kabupaten/Kota (ribu rupiah), 2020–2024","Per Capita GRDP at Current Market Prices by Regency/Municipality, in Banten Province (thousand rupiahss), 2020–2024",16,6,d786d4b6aeb5
BANTEN,71,Kota Tangerang,,2023,*,105.916,,"PDRB Per Kapita Atas Dasar Harga Berlaku di Provinsi Banten Menurut Kabupaten/Kota (ribu rupiah), 2020–2024","Per Capita GRDP at Current Market Prices by Regency/Municipality, in Banten Province (thousand rupiahss), 2020–2024",16,6,df90c72e2c65
BANTEN,72,Kota Cilegon,,2023,*,287.524,,"PDRB Per Kapita Atas Dasar Harga Berlaku di Provinsi Banten Menurut Kabupaten/Kota (ribu rupiah), 2020–2024","Per Capita GRDP at Current Market Prices by Regency/Municipality, in Banten Province (thousand rupiahss), 2020–2024",16,6,e7aae5105a4b
BANTEN,73,Kota Serang,,2023,*,55.040,,"PDRB Per Kapita Atas Dasar Harga Berlaku di Provinsi Banten Menurut Kabupaten/Kota (ribu rupiah), 2020–2024","Per Capita GRDP at Current Market Prices by Regency/Municipality, in Banten Province (thousand rupiahss), 2020–2024",16,6,50373af4e5b7
BANTEN,74,Kota Tangerang Selatan,,2023,*,75.010,,"PDRB Per Kapita Atas Dasar Harga Berlaku di Provinsi Banten Menurut Kabupaten/Kota (ribu rupiah), 2020–2024","Per Capita GRDP at Current Market Prices by Regency/Municipality, in Banten Province (thousand rupiahss), 2020–2024",16,6,31a0b767cf1a
BANTEN,,Jml Kab./Kota Total of Reg./Mun.,,2023,*,66.488,,"PDRB Per Kapita Atas Dasar Harga Berlaku di Provinsi Banten Menurut Kabupaten/Kota (ribu rupiah), 2020–2024","Per Capita GRDP at Current Market Prices by Regency/Municipality, in Banten Province (thousand rupiahss), 2020–2024",16,6,4c0a7e261cc1
BANTEN,,Provinsi/Province,,2023,*,66.147,,"PDRB Per Kapita Atas Dasar Harga Berlaku di Provinsi Banten Menurut Kabupaten/Kota (ribu rupiah), 2020–2024","Per Capita GRDP at Current Market Prices by Regency/Municipality, in Banten Province (thousand rupiahss), 2020–2024",16,6,a9c5847fb1b4
BALI,01,Kab. Jembrana,,2023,*,48.270,,"PDRB Per Kapita Atas Dasar Harga Berlaku di Provinsi Bali Menurut Kabupaten/Kota (ribu rupiah), 2020–2024","Per Capita GRDP at Current Market Prices by Regency/Municipality, in Bali Province (thousand rupiahss), 2020–2024",17,7,8e172b1f6668
BALI,02,Kab. Tabanan,,2023,*,54.774,,"PDRB Per Kapita Atas Dasar Harga Berlaku di Provinsi Bali Menurut Kabupaten/Kota (ribu rupiah), 2020–2024","Per Capita GRDP at Current Market Prices by Regency/Municipality, in Bali Province (thousand rupiahss), 2020–2024",17,7,07df5db82d2b
BALI,03,Kab. Badung,,2023,*,121.419,,"PDRB Per Kapita Atas Dasar Harga Berlaku di Provinsi Bali Menurut Kabupaten/Kota (ribu rupiah), 2020–2024","Per Capita GRDP at Current Market Prices by Regency/Municipality, in Bali Province (thousand rupiahss), 2020–2024",17,7,dd9125c4016c
BALI,04,Kab. Gianyar,,2023,*,58.259,,"PDRB Per Kapita Atas Dasar Harga Berlaku di Provinsi Bali Menurut Kabupaten/Kota (ribu rupiah), 2020–2024","Per Capita GRDP at Current Market Prices by Regency/Municipality, in Bali Province (thousand rupiahss), 2020–2024",17,7,f23ee59a24aa
BALI,05,Kab. Klungkung,,2023,*,48.260,,"PDRB Per Kapita Atas Dasar Harga Berlaku di Provinsi Bali Menurut Kabupaten/Kota (ribu rupiah), 2020–2024","Per Capita GRDP at Current Market Prices by Regency/Municipality, in Bali Province (thousand rupiahss), 2020–2024",17,7,bc35cf3feaf3
BALI,06,Kab. Bangli,,2023,*,30.256,,"PDRB Per Kapita Atas Dasar Harga Berlaku di Provinsi Bali Menurut Kabupaten/Kota (ribu rupiah), 2020–2024","Per Capita GRDP at Current Market Prices by Regency/Municipality, in Bali Province (thousand rupiahss), 2020–2024",17,7,b2b368adc8f6
BALI,07,Kab. Karangasem,,2023,*,37.953,,"PDRB Per Kapita Atas Dasar Harga Berlaku di Provinsi Bali Menurut Kabupaten/Kota (ribu rupiah), 2020–2024","Per Capita GRDP at Current Market Prices by Regency/Municipality, in Bali Province (thousand rupiahss), 2020–2024",17,7,843187bb45b6
BALI,08,Kab. Buleleng,,2023,*,47.413,,"PDRB Per Kapita Atas Dasar Harga Berlaku di Provinsi Bali Menurut Kabupaten/Kota (ribu rupiah), 2020–2024","Per Capita GRDP at Current Market Prices by Regency/Municipality, in Bali Province (thousand rupiahss), 2020–2024",17,7,bc006a64925a
BALI,71,Kota Denpasar,,2023,*,80.305,,"PDRB Per Kapita Atas Dasar Harga Berlaku di Provinsi Bali Menurut Kabupaten/Kota (ribu rupiah), 2020–2024","Per Capita GRDP at Current Market Prices by Regency/Municipality, in Bali Province (thousand rupiahss), 2020–2024",17,7,60a49e74ae26
BALI,,Jml Kab./Kota Total of Reg./Mun.,,2023,*,62.549,,"PDRB Per Kapita Atas Dasar Harga Berlaku di Provinsi Bali Menurut Kabupaten/Kota (ribu rupiah), 2020–2024","Per Capita GRDP at Current Market Prices by Regency/Municipality, in Bali Province (thousand rupiahss), 2020–2024",17,7,e47d0eacbbfd
BALI,,Provinsi/Province,,2023,*,62.294,,"PDRB Per Kapita Atas Dasar Harga Berlaku di Provinsi Bali Menurut Kabupaten/Kota (ribu rupiah), 2020–2024","Per Capita GRDP at Current Market Prices by Regency/Municipality, in Bali Province (thousand rupiahss), 2020–2024",17,7,c091f5eb62c8
NUSA TENGGARA BARAT,01,Kab. Lombok Barat,,2023,*,24.045,,"PDRB Per Kapita Atas Dasar Harga Berlaku di Provinsi Nusa Tenggara Barat Menurut Kabupaten/Kota (ribu rupiah), 2020–2024","Per Capita GRDP at Current Market Prices by Regency/Municipality, in Nusa Tenggara Barat Province (thousand rupiahss), 2020–2024",18,8,252bceb0df5b
NUSA TENGGARA BARAT,02,Kab. Lombok Tengah,,2023,*,19.501,,"PDRB Per Kapita Atas Dasar Harga Berlaku di Provinsi Nusa Tenggara Barat Menurut Kabupaten/Kota (ribu rupiah), 2020–2024","Per Capita GRDP at Current Market Prices by Regency/Municipality, in Nusa Tenggara Barat Province (thousand rupiahss), 2020–2024",18,8,76622e54f16d
NUSA TENGGARA BARAT,03,Kab. Lombok Timur,,2023,*,17.664,,"PDRB Per Kapita Atas Dasar Harga Berlaku di Provinsi Nusa Tenggara Barat Menurut Kabupaten/Kota (ribu rupiah), 2020–2024","Per Capita GRDP at Current Market Prices by Regency/Municipality, in Nusa Tenggara Barat Province (thousand rupiahss), 2020–2024",18,8,2495566746fc
NUSA TENGGARA BARAT,04,Kab. Sumbawa,,2023,*,33.071,,"PDRB Per Kapita Atas Dasar Harga Berlaku di Provinsi Nusa Tenggara Barat Menurut Kabupaten/Kota (ribu rupiah), 2020–2024","Per Capita GRDP at Current Market Prices by Regency/Municipality, in Nusa Tenggara Barat Province (thousand rupiahss), 2020–2024",18,8,785b06070f62
NUSA TENGGARA BARAT,05,Kab. Dompu,,2023,*,34.430,,"PDRB Per Kapita Atas Dasar Harga Berlaku di Provinsi Nusa Tenggara Barat Menurut Kabupaten/Kota (ribu rupiah), 2020–2024","Per Capita GRDP at Current Market Prices by Regency/Municipality, in Nusa Tenggara Barat Province (thousand rupiahss), 2020–2024",18,8,e5b1adfe7444
NUSA TENGGARA BARAT,06,Kab. Bima,,2023,*,26.043,,"PDRB Per Kapita Atas Dasar Harga Berlaku di Provinsi Nusa Tenggara Barat Menurut Kabupaten/Kota (ribu rupiah), 2020–2024","Per Capita GRDP at Current Market Prices by Regency/Municipality, in Nusa Tenggara Barat Province (thousand rupiahss), 2020–2024",18,8,5934e951a189
NUSA TENGGARA BARAT,07,Kab. Sumbawa Barat,,2023,*,193.802,,"PDRB Per Kapita Atas Dasar Harga Berlaku di Provinsi Nusa Tenggara Barat Menurut Kabupaten/Kota (ribu rupiah), 2020–2024","Per Capita GRDP at Current Market Prices by Regency/Municipality, in Nusa Tenggara Barat Province (thousand rupiahss), 2020–2024",18,8,2bb8ad974c14
NUSA TENGGARA BARAT,08,Kab. Lombok Utara,,2023,*,21.557,,"PDRB Per Kapita Atas Dasar Harga Berlaku di Provinsi Nusa Tenggara Barat Menurut Kabupaten/Kota (ribu rupiah), 2020–2024","Per Capita GRDP at Current Market Prices by Regency/Municipality, in Nusa Tenggara Barat Province (thousand rupiahss), 2020–2024",18,8,ed20ee9e7d3d
NUSA TENGGARA BARAT,71,Kota Mataram,,2023,*,51.640,,"PDRB Per Kapita Atas Dasar Harga Berlaku di Provinsi Nusa Tenggara Barat Menurut Kabupaten/Kota (ribu rupiah), 2020–2024","Per Capita GRDP at Current Market Prices by Regency/Municipality, in Nusa Tenggara Barat Province (thousand rupiahss), 2020–2024",18,8,153c3c0b4416
NUSA TENGGARA BARAT,72,Kota Bima,,2023,*,30.901,,"PDRB Per Kapita Atas Dasar Harga Berlaku di Provinsi Nusa Tenggara Barat Menurut Kabupaten/Kota (ribu rupiah), 2020–2024","Per Capita GRDP at Current Market Prices by Regency/Municipality, in Nusa Tenggara Barat Province (thousand rupiahss), 2020–2024",18,8,95165c77f938
NUSA TENGGARA BARAT,,Jml Kab./Kota Total of Reg./Mun.,,2023,*,30.014,,"PDRB Per Kapita Atas Dasar Harga Berlaku di Provinsi Nusa Tenggara Barat Menurut Kabupaten/Kota (ribu rupiah), 2020–2024","Per Capita GRDP at Current Market Prices by Regency/Municipality, in Nusa Tenggara Barat Province (thousand rupiahss), 2020–2024",18,8,b2f7395c9532
NUSA TENGGARA BARAT,,Provinsi/Province,,2023,*,29.926,,"PDRB Per Kapita Atas Dasar Harga Berlaku di Provinsi Nusa Tenggara Barat Menurut Kabupaten/Kota (ribu rupiah), 2020–2024","Per Capita GRDP at Current Market Prices by Regency/Municipality, in Nusa Tenggara Barat Province (thousand rupiahss), 2020–2024",18,8,ed47625f9c97
NUSA TENGGARA TIMUR,01,Kab. Sumba Barat,,2023,*,18.277,,"PDRB Per Kapita Atas Dasar Harga Berlaku di Provinsi Nusa Tenggara Timur Menurut Kabupaten/Kota (ribu rupiah), 2020–2024","Per Capita GRDP at Current Market Prices by Regency/Municipality, in Nusa Tenggara Timur Province (thousand rupiahss), 2020–2024",19,9,7eb6fa29a36b
NUSA TENGGARA TIMUR,02,Kab. Sumba Timur,,2023,*,28.683,,"PDRB Per Kapita Atas Dasar Harga Berlaku di Provinsi Nusa Tenggara Timur Menurut Kabupaten/Kota (ribu rupiah), 2020–2024","Per Capita GRDP at Current Market Prices by Regency/Municipality, in Nusa Tenggara Timur Province (thousand rupiahss), 2020–2024",19,9,ac8a278e7973
NUSA TENGGARA TIMUR,03,Kab. Kupang,,2023,*,24.332,,"PDRB Per Kapita Atas Dasar Harga Berlaku di Provinsi Nusa Tenggara Timur Menurut Kabupaten/Kota (ribu rupiah), 2020–2024","Per Capita GRDP at Current Market Prices by Regency/Municipality, in Nusa Tenggara Timur Province (thousand rupiahss), 2020–2024",19,9,8b2066983b6a
NUSA TENGGARA TIMUR,04,Kab. Timor Tengah Selatan,,2023,*,20.013,,"PDRB Per Kapita Atas Dasar Harga Berlaku di Provinsi Nusa Tenggara Timur Menurut Kabupaten/Kota (ribu rupiah), 2020–2024","Per Capita GRDP at Current Market Prices by Regency/Municipality, in Nusa Tenggara Timur Province (thousand rupiahss), 2020–2024",19,9,ff59a72770e1
NUSA TENGGARA TIMUR,05,Kab. Timor Tengah Utara,,2023,*,17.767,,"PDRB Per Kapita Atas Dasar Harga Berlaku di Provinsi Nusa Tenggara Timur Menurut Kabupaten/Kota (ribu rupiah), 2020–2024","Per Capita GRDP at Current Market Prices by Regency/Municipality, in Nusa Tenggara Timur Province (thousand rupiahss), 2020–2024",19,9,c48782700ccd
NUSA TENGGARA TIMUR,06,Kab. Belu,,2023,*,23.724,,"PDRB Per Kapita Atas Dasar Harga Berlaku di Provinsi Nusa Tenggara Timur Menurut Kabupaten/Kota (ribu rupiah), 2020–2024","Per Capita GRDP at Current Market Prices by Regency/Municipality, in Nusa Tenggara Timur Province (thousand rupiahss), 2020–2024",19,9,00669320d991
NUSA TENGGARA TIMUR,07,Kab. Alor,,2023,*,16.414,,"PDRB Per Kapita Atas Dasar Harga Berlaku di Provinsi Nusa Tenggara Timur Menurut Kabupaten/Kota (ribu rupiah), 2020–2024","Per Capita GRDP at Current Market Prices by Regency/Municipality, in Nusa Tenggara Timur Province (thousand rupiahss), 2020–2024",19,9,c500fc37e6f5
NUSA TENGGARA TIMUR,08,Kab. Lembata,,2023,*,15.152,,"PDRB Per Kapita Atas Dasar Harga Berlaku di Provinsi Nusa Tenggara Timur Menurut Kabupaten/Kota (ribu rupiah), 2020–2024","Per Capita GRDP at Current Market Prices by Regency/Municipality, in Nusa Tenggara Timur Province (thousand rupiahss), 2020–2024",19,9,8169107a6bd9
NUSA TENGGARA TIMUR,09,Kab. Flores Timur,,2023,*,21.093,,"PDRB Per Kapita Atas Dasar Harga Berlaku di Provinsi Nusa Tenggara Timur Menurut Kabupaten/Kota (ribu rupiah), 2020–2024","Per Capita GRDP at Current Market Prices by Regency/Municipality, in Nusa Tenggara Timur Province (thousand rupiahss), 2020–2024",19,9,e2bd6b9492b6
NUSA TENGGARA TIMUR,10,Kab. Sikka,,2023,*,18.472,,"PDRB Per Kapita Atas Dasar Harga Berlaku di Provinsi Nusa Tenggara Timur Menurut Kabupaten/Kota (ribu rupiah), 2020–2024","Per Capita GRDP at Current Market Prices by Regency/Municipality, in Nusa Tenggara Timur Province (thousand rupiahss), 2020–2024",19,9,b7fc8d77416f
NUSA TENGGARA TIMUR,11,Kab. Ende,,2023,*,26.471,,"PDRB Per Kapita Atas Dasar Harga Berlaku di Provinsi Nusa Tenggara Timur Menurut Kabupaten/Kota (ribu rupiah), 2020–2024","Per Capita GRDP at Current Market Prices by Regency/Municipality, in Nusa Tenggara Timur Province (thousand rupiahss), 2020–2024",19,9,132c12267cdb
NUSA TENGGARA TIMUR,12,Kab. Ngada,,2023,*,23.957,,"PDRB Per Kapita Atas Dasar Harga Berlaku di Provinsi Nusa Tenggara Timur Menurut Kabupaten/Kota (ribu rupiah), 2020–2024","Per Capita GRDP at Current Market Prices by Regency/Municipality, in Nusa Tenggara Timur Province (thousand rupiahss), 2020–2024",19,9,d2adca3048db
NUSA TENGGARA TIMUR,13,Kab. Manggarai,,2023,*,16.730,,"PDRB Per Kapita Atas Dasar Harga Berlaku di Provinsi Nusa Tenggara Timur Menurut Kabupaten/Kota (ribu rupiah), 2020–2024","Per Capita GRDP at Current Market Prices by Regency/Municipality, in Nusa Tenggara Timur Province (thousand rupiahss), 2020–2024",19,9,dbfa53a60d34
NUSA TENGGARA TIMUR,14,Kab. Rote Ndao,,2023,*,24.812,,"PDRB Per Kapita Atas Dasar Harga Berlaku di Provinsi Nusa Tenggara Timur Menurut Kabupaten/Kota (ribu rupiah), 2020–2024","Per Capita GRDP at Current Market Prices by Regency/Municipality, in Nusa Tenggara Timur Province (thousand rupiahss), 2020–2024",19,9,590378ba2e89
NUSA TENGGARA TIMUR,15,Kab. Manggarai Barat,,2023,*,15.710,,"PDRB Per Kapita Atas Dasar Harga Berlaku di Provinsi Nusa Tenggara Timur Menurut Kabupaten/Kota (ribu rupiah), 2020–2024","Per Capita GRDP at Current Market Prices by Regency/Municipality, in Nusa Tenggara Timur Province (thousand rupiahss), 2020–2024",19,9,867097bb14af
NUSA TENGGARA TIMUR,16,Kab. Sumba Tengah,,2023,*,15.443,,"PDRB Per Kapita Atas Dasar Harga Berlaku di Provinsi Nusa Tenggara Timur Menurut Kabupaten/Kota (ribu rupiah), 2020–2024","Per Capita GRDP at Current Market Prices by Regency/Municipality, in Nusa Tenggara Timur Province (thousand rupiahss), 2020–2024",19,9,aa4071dad603
NUSA TENGGARA TIMUR,17,Kab. Sumba Barat Daya,,2023,*,13.985,,"PDRB Per Kapita Atas Dasar Harga Berlaku di Provinsi Nusa Tenggara Timur Menurut Kabupaten/Kota (ribu rupiah), 2020–2024","Per Capita GRDP at Current Market Prices by Regency/Municipality, in Nusa Tenggara Timur Province (thousand rupiahss), 2020–2024",19,9,902b6667bdc1
NUSA TENGGARA TIMUR,18,Kab. Nagekeo,,2023,*,16.078,,"PDRB Per Kapita Atas Dasar Harga Berlaku di Provinsi Nusa Tenggara Timur Menurut Kabupaten/Kota (ribu rupiah), 2020–2024","Per Capita GRDP at Current Market Prices by Regency/Municipality, in Nusa Tenggara Timur Province (thousand rupiahss), 2020–2024",19,9,22a425528a25
NUSA TENGGARA TIMUR,19,Kab. Manggarai Timur,,2023,*,13.539,,"PDRB Per Kapita Atas Dasar Harga Berlaku di Provinsi Nusa Tenggara Timur Menurut Kabupaten/Kota (ribu rupiah), 2020–2024","Per Capita GRDP at Current Market Prices by Regency/Municipality, in Nusa Tenggara Timur Province (thousand rupiahss), 2020–2024",19,9,b7e59cd5fdc6
NUSA TENGGARA TIMUR,20,Kab. Sabu Raijua,,2023,*,17.556,,"PDRB Per Kapita Atas Dasar Harga Berlaku di Provinsi Nusa Tenggara Timur Menurut Kabupaten/Kota (ribu rupiah), 2020–2024","Per Capita GRDP at Current Market Prices by Regency/Municipality, in Nusa Tenggara Timur Province (thousand rupiahss), 2020–2024",19,9,e4f8f5a2704f
NUSA TENGGARA TIMUR,21,Kab. Malaka,,2023,*,17.918,,"PDRB Per Kapita Atas Dasar Harga Berlaku di Provinsi Nusa Tenggara Timur Menurut Kabupaten/Kota (ribu rupiah), 2020–2024","Per Capita GRDP at Current Market Prices by Regency/Municipality, in Nusa Tenggara Timur Province (thousand rupiahss), 2020–2024",19,9,b544ad2c3bab
NUSA TENGGARA TIMUR,71,Kota Kupang,,2023,*,61.129,,"PDRB Per Kapita Atas Dasar Harga Berlaku di Provinsi Nusa Tenggara Timur Menurut Kabupaten/Kota (ribu rupiah), 2020–2024","Per Capita GRDP at Current Market Prices by Regency/Municipality, in Nusa Tenggara Timur Province (thousand rupiahss), 2020–2024",19,9,03d4a59ad3f8
NUSA TENGGARA TIMUR,,Jml Kab./Kota Total of Reg./Mun.,,2023,*,23.022,,"PDRB Per Kapita Atas Dasar Harga Berlaku di Provinsi Nusa Tenggara Timur Menurut Kabupaten/Kota (ribu rupiah), 2020–2024","Per Capita GRDP at Current Market Prices by Regency/Municipality, in Nusa Tenggara Timur Province (thousand rupiahss), 2020–2024",19,9,f88aafc3bbf4
NUSA TENGGARA TIMUR,,Provinsi/Province,,2023,*,23.078,,"PDRB Per Kapita Atas Dasar Harga Berlaku di Provinsi Nusa Tenggara Timur Menurut Kabupaten/Kota (ribu rupiah), 2020–2024","Per Capita GRDP at Current Market Prices by Regency/Municipality, in Nusa Tenggara Timur Province (thousand rupiahss), 2020–2024",19,9,dd9b34572a58
KALIMANTAN BARAT,01,Kab. Sambas,,2023,*,40.405,,"PDRB Per Kapita Atas Dasar Harga Berlaku di Provinsi Kalimantan Barat Menurut Kabupaten/Kota (ribu rupiah), 2020–2024","Per Capita GRDP at Current Market Prices by Regency/Municipality, in Kalimantan Barat Province (thousand rupiahss), 2020–2024",20,10,cf499d5a4f9d
KALIMANTAN BARAT,02,Kab. Bengkayang,,2023,*,37.281,,"PDRB Per Kapita Atas Dasar Harga Berlaku di Provinsi Kalimantan Barat Menurut Kabupaten/Kota (ribu rupiah), 2020–2024","Per Capita GRDP at Current Market Prices by Regency/Municipality, in Kalimantan Barat Province (thousand rupiahss), 2020–2024",20,10,094ffc96b7f8
KALIMANTAN BARAT,03,Kab. Landak,,2023,*,33.087,,"PDRB Per Kapita Atas Dasar Harga Berlaku di Provinsi Kalimantan Barat Menurut Kabupaten/Kota (ribu rupiah), 2020–2024","Per Capita GRDP at Current Market Prices by Regency/Municipality, in Kalimantan Barat Province (thousand rupiahss), 2020–2024",20,10,dbc4d8886c8b
KALIMANTAN BARAT,04,Kab. Mempawah,,2023,*,35.408,,"PDRB Per Kapita Atas Dasar Harga Berlaku di Provinsi Kalimantan Barat Menurut Kabupaten/Kota (ribu rupiah), 2020–2024","Per Capita GRDP at Current Market Prices by Regency/Municipality, in Kalimantan Barat Province (thousand rupiahss), 2020–2024",20,10,4465d0dcb2d0
KALIMANTAN BARAT,05,Kab. Sanggau,,2023,*,48.675,,"PDRB Per Kapita Atas Dasar Harga Berlaku di Provinsi Kalimantan Barat Menurut Kabupaten/Kota (ribu rupiah), 2020–2024","Per Capita GRDP at Current Market Prices by Regency/Municipality, in Kalimantan Barat Province (thousand rupiahss), 2020–2024",20,10,15e41a23ed72
KALIMANTAN BARAT,06,Kab. Ketapang,,2023,*,59.490,,"PDRB Per Kapita Atas Dasar Harga Berlaku di Provinsi Kalimantan Barat Menurut Kabupaten/Kota (ribu rupiah), 2020–2024","Per Capita GRDP at Current Market Prices by Regency/Municipality, in Kalimantan Barat Province (thousand rupiahss), 2020–2024",20,10,50bb1d455bb0
KALIMANTAN BARAT,07,Kab. Sintang,,2023,*,42.434,,"PDRB Per Kapita Atas Dasar Harga Berlaku di Provinsi Kalimantan Barat Menurut Kabupaten/Kota (ribu rupiah), 2020–2024","Per Capita GRDP at Current Market Prices by Regency/Municipality, in Kalimantan Barat Province (thousand rupiahss), 2020–2024",20,10,a47c2423645d
KALIMANTAN BARAT,08,Kab. Kapuas Hulu,,2023,*,50.092,,"PDRB Per Kapita Atas Dasar Harga Berlaku di Provinsi Kalimantan Barat Menurut Kabupaten/Kota (ribu rupiah), 2020–2024","Per Capita GRDP at Current Market Prices by Regency/Municipality, in Kalimantan Barat Province (thousand rupiahss), 2020–2024",20,10,d08aefdc80f1
KALIMANTAN BARAT,09,Kab. Sekadau,,2023,*,38.714,,"PDRB Per Kapita Atas Dasar Harga Berlaku di Provinsi Kalimantan Barat Menurut Kabupaten/Kota (ribu rupiah), 2020–2024","Per Capita GRDP at Current Market Prices by Regency/Municipality, in Kalimantan Barat Province (thousand rupiahss), 2020–2024",20,10,660f1d3ec2fd
KALIMANTAN BARAT,10,Kab. Melawi,,2023,*,27.743,,"PDRB Per Kapita Atas Dasar Harga Berlaku di Provinsi Kalimantan Barat Menurut Kabupaten/Kota (ribu rupiah), 2020–2024","Per Capita GRDP at Current Market Prices by Regency/Municipality, in Kalimantan Barat Province (thousand rupiahss), 2020–2024",20,10,76378635462a
KALIMANTAN BARAT,11,Kab. Kayong Utara,,2023,*,40.464,,"PDRB Per Kapita Atas Dasar Harga Berlaku di Provinsi Kalimantan Barat Menurut Kabupaten/Kota (ribu rupiah), 2020–2024","Per Capita GRDP at Current Market Prices by Regency/Municipality, in Kalimantan Barat Province (thousand rupiahss), 2020–2024",20,10,a7000a2c602a
KALIMANTAN BARAT,12,Kab. Kubu Raya,,2023,*,59.892,,"PDRB Per Kapita Atas Dasar Harga Berlaku di Provinsi Kalimantan Barat Menurut Kabupaten/Kota (ribu rupiah), 2020–2024","Per Capita GRDP at Current Market Prices by Regency/Municipality, in Kalimantan Barat Province (thousand rupiahss), 2020–2024",20,10,7d840758cc80
KALIMANTAN BARAT,71,Kota Pontianak,,2023,*,70.892,,"PDRB Per Kapita Atas Dasar Harga Berlaku di Provinsi Kalimantan Barat Menurut Kabupaten/Kota (ribu rupiah), 2020–2024","Per Capita GRDP at Current Market Prices by Regency/Municipality, in Kalimantan Barat Province (thousand rupiahss), 2020–2024",20,10,923309a606d3
KALIMANTAN BARAT,72,Kota Singkawang,,2023,*,52.412,,"PDRB Per Kapita Atas Dasar Harga Berlaku di Provinsi Kalimantan Barat Menurut Kabupaten/Kota (ribu rupiah), 2020–2024","Per Capita GRDP at Current Market Prices by Regency/Municipality, in Kalimantan Barat Province (thousand rupiahss), 2020–2024",20,10,ab1ee287f7a7
KALIMANTAN BARAT,,Jml Kab./Kota Total of Reg./Mun.,,2023,*,48.584,,"PDRB Per Kapita Atas Dasar Harga Berlaku di Provinsi Kalimantan Barat Menurut Kabupaten/Kota (ribu rupiah), 2020–2024","Per Capita GRDP at Current Market Prices by Regency/Municipality, in Kalimantan Barat Province (thousand rupiahss), 2020–2024",20,10,586b08dafceb
KALIMANTAN BARAT,,Provinsi/Province,,2023,*,48.809,,"PDRB Per Kapita Atas Dasar Harga Berlaku di Provinsi Kalimantan Barat Menurut Kabupaten/Kota (ribu rupiah), 2020–2024","Per Capita GRDP at Current Market Prices by Regency/Municipality, in Kalimantan Barat Province (thousand rupiahss), 2020–2024",20,10,a07ed562f533
DKI JAKARTA,01,Kab. Kepulauan Seribu,,2024,**,281.266,,"PDRB Per Kapita Atas Dasar Harga Berlaku di Provinsi DKI Jakarta Menurut Kabupaten/Kota (ribu rupiah), 2020–2024","Per Capita GRDP at Current Market Prices by Regency/Municipality, in DKI Jakarta Province (thousand rupiahss), 2020–2024",11,1,6b235a073810
DKI JAKARTA,71,Kota Jakarta Selatan,,2024,**,381.187,,"PDRB Per Kapita Atas Dasar Harga Berlaku di Provinsi DKI Jakarta Menurut Kabupaten/Kota (ribu rupiah), 2020–2024","Per Capita GRDP at Current Market Prices by Regency/Municipality, in DKI Jakarta Province (thousand rupiahss), 2020–2024",11,1,0388ad4dc5f5
DKI JAKARTA,72,Kota Jakarta Timur,,2024,**,204.344,,"PDRB Per Kapita Atas Dasar Harga Berlaku di Provinsi DKI Jakarta Menurut Kabupaten/Kota (ribu rupiah), 2020–2024","Per Capita GRDP at Current Market Prices by Regency/Municipality, in DKI Jakarta Province (thousand rupiahss), 2020–2024",11,1,7c57562b64c8
DKI JAKARTA,73,Kota Jakarta Pusat,,2024,**,883.715,,"PDRB Per Kapita Atas Dasar Harga Berlaku di Provinsi DKI Jakarta Menurut Kabupaten/Kota (ribu rupiah), 2020–2024","Per Capita GRDP at Current Market Prices by Regency/Municipality, in DKI Jakarta Province (thousand rupiahss), 2020–2024",11,1,21d0059a8b4b
DKI JAKARTA,74,Kota Jakarta Barat,,2024,**,253.217,,"PDRB Per Kapita Atas Dasar Harga Berlaku di Provinsi DKI Jakarta Menurut Kabupaten/Kota (ribu rupiah), 2020–2024","Per Capita GRDP at Current Market Prices by Regency/Municipality, in DKI Jakarta Province (thousand rupiahss), 2020–2024",11,1,9a454f16de7a
DKI JAKARTA,75,Kota Jakarta Utara,,2024,**,369.121,,"PDRB Per Kapita Atas Dasar Harga Berlaku di Provinsi DKI Jakarta Menurut Kabupaten/Kota (ribu rupiah), 2020–2024","Per Capita GRDP at Current Market Prices by Regency/Municipality, in DKI Jakarta Province (thousand rupiahss), 2020–2024",11,1,4dd3445973fc
DKI JAKARTA,,Jml Kab./Kota Total of Reg./Mun.,,2024,**,347.210,,"PDRB Per Kapita Atas Dasar Harga Berlaku di Provinsi DKI Jakarta Menurut Kabupaten/Kota (ribu rupiah), 2020–2024","Per Capita GRDP at Current Market Prices by Regency/Municipality, in DKI Jakarta Province (thousand rupiahss), 2020–2024",11,1,95e61296498e
DKI JAKARTA,,Provinsi/Province,,2024,**,344.350,,"PDRB Per Kapita Atas Dasar Harga Berlaku di Provinsi DKI Jakarta Menurut Kabupaten/Kota (ribu rupiah), 2020–2024","Per Capita GRDP at Current Market Prices by Regency/Municipality, in DKI Jakarta Province (thousand rupiahss), 2020–2024",11,1,38d952e49b7c
JAWA BARAT,01,Kab. Bogor,,2024,**,54.857,,"PDRB Per Kapita Atas Dasar Harga Berlaku di Provinsi Jawa Barat Menurut Kabupaten/Kota (ribu rupiah), 2020–2024","Per Capita GRDP at Current Market Prices by Regency/Municipality, in Jawa Barat Province (thousand rupiahss), 2020–2024",12,2,65b570ce2fe7
JAWA BARAT,02,Kab. Sukabumi,,2024,**,31.167,,"PDRB Per Kapita Atas Dasar Harga Berlaku di Provinsi Jawa Barat Menurut Kabupaten/Kota (ribu rupiah), 2020–2024","Per Capita GRDP at Current Market Prices by Regency/Municipality, in Jawa Barat Province (thousand rupiahss), 2020–2024",12,2,c775e201e9a7
JAWA BARAT,03,Kab. Cianjur,,2024,**,24.914,,"PDRB Per Kapita Atas Dasar Harga Berlaku di Provinsi Jawa Barat Menurut Kabupaten/Kota (ribu rupiah), 2020–2024","Per Capita GRDP at Current Market Prices by Regency/Municipality, in Jawa Barat Province (thousand rupiahss), 2020–2024",12,2,1b7105b49d7d
JAWA BARAT,04,Kab. Bandung,,2024,**,44.126,,"PDRB Per Kapita Atas Dasar Harga Berlaku di Provinsi Jawa Barat Menurut Kabupaten/Kota (ribu rupiah), 2020–2024","Per Capita GRDP at Current Market Prices by Regency/Municipality, in Jawa Barat Province (thousand rupiahss), 2020–2024",12,2,1a3e1c6f4363
JAWA BARAT,05,Kab. Garut,,2024,**,29.012,,"PDRB Per Kapita Atas Dasar Harga Berlaku di Provinsi Jawa Barat Menurut Kabupaten/Kota (ribu rupiah), 2020–2024","Per Capita GRDP at Current Market Prices by Regency/Municipality, in Jawa Barat Province (thousand rupiahss), 2020–2024",12,2,6e984fda9fff
JAWA BARAT,06,Kab. Tasikmalaya,,2024,**,25.916,,"PDRB Per Kapita Atas Dasar Harga Berlaku di Provinsi Jawa Barat Menurut Kabupaten/Kota (ribu rupiah), 2020–2024","Per Capita GRDP at Current Market Prices by Regency/Municipality, in Jawa Barat Province (thousand rupiahss), 2020–2024",12,2,e3e7b7d6f201
JAWA BARAT,07,Kab. Ciamis,,2024,**,34.336,,"PDRB Per Kapita Atas Dasar Harga Berlaku di Provinsi Jawa Barat Menurut Kabupaten/Kota (ribu rupiah), 2020–2024","Per Capita GRDP at Current Market Prices by Regency/Municipality, in Jawa Barat Province (thousand rupiahss), 2020–2024",12,2,9ee6750e5488
JAWA BARAT,08,Kab. Kuningan,,2024,**,29.273,,"PDRB Per Kapita Atas Dasar Harga Berlaku di Provinsi Jawa Barat Menurut Kabupaten/Kota (ribu rupiah), 2020–2024","Per Capita GRDP at Current Market Prices by Regency/Municipality, in Jawa Barat Province (thousand rupiahss), 2020–2024",12,2,b4e83ff69857
JAWA BARAT,09,Kab. Cirebon,,2024,**,28.140,,"PDRB Per Kapita Atas Dasar Harga Berlaku di Provinsi Jawa Barat Menurut Kabupaten/Kota (ribu rupiah), 2020–2024","Per Capita GRDP at Current Market Prices by Regency/Municipality, in Jawa Barat Province (thousand rupiahss), 2020–2024",12,2,ba5249cfd6d4
JAWA BARAT,10,Kab. Majalengka,,2024,**,34.234,,"PDRB Per Kapita Atas Dasar Harga Berlaku di Provinsi Jawa Barat Menurut Kabupaten/Kota (ribu rupiah), 2020–2024","Per Capita GRDP at Current Market Prices by Regency/Municipality, in Jawa Barat Province (thousand rupiahss), 2020–2024",12,2,a36c24abf4b9
JAWA BARAT,11,Kab. Sumedang,,2024,**,39.699,,"PDRB Per Kapita Atas Dasar Harga Berlaku di Provinsi Jawa Barat Menurut Kabupaten/Kota (ribu rupiah), 2020–2024","Per Capita GRDP at Current Market Prices by Regency/Municipality, in Jawa Barat Province (thousand rupiahss), 2020–2024",12,2,201631bb7ff4
JAWA BARAT,12,Kab.indramayu,,2024,**,55.166,,"PDRB Per Kapita Atas Dasar Harga Berlaku di Provinsi Jawa Barat Menurut Kabupaten/Kota (ribu rupiah), 2020–2024","Per Capita GRDP at Current Market Prices by Regency/Municipality, in Jawa Barat Province (thousand rupiahss), 2020–2024",12,2,de3369ec2167
JAWA BARAT,13,Kab. Subang,,2024,**,33.037,,"PDRB Per Kapita Atas Dasar Harga Berlaku di Provinsi Jawa Barat Menurut Kabupaten/Kota (ribu rupiah), 2020–2024","Per Capita GRDP at Current Market Prices by Regency/Municipality, in Jawa Barat Province (thousand rupiahss), 2020–2024",12,2,b652cff1143c
JAWA BARAT,14,Kab. Purwakarta,,2024,**,84.024,,"PDRB Per Kapita Atas Dasar Harga Berlaku di Provinsi Jawa Barat Menurut Kabupaten/Kota (ribu rupiah), 2020–2024","Per Capita GRDP at Current Market Prices by Regency/Municipality, in Jawa Barat Province (thousand rupiahss), 2020–2024",12,2,c4c7c5493662
JAWA BARAT,15,Kab. Karawang,,2024,**,121.298,,"PDRB Per Kapita Atas Dasar Harga Berlaku di Provinsi Jawa Barat Menurut Kabupaten/Kota (ribu rupiah), 2020–2024","Per Capita GRDP at Current Market Prices by Regency/Municipality, in Jawa Barat Province (thousand rupiahss), 2020–2024",12,2,f0e286e4ed43
JAWA BARAT,16,Kab. Bekasi,,2024,**,128.693,,"PDRB Per Kapita Atas Dasar Harga Berlaku di Provinsi Jawa Barat Menurut Kabupaten/Kota (ribu rupiah), 2020–2024","Per Capita GRDP at Current Market Prices by Regency/Municipality, in Jawa Barat Province (thousand rupiahss), 2020–2024",12,2,28cbdb333327
JAWA BARAT,17,Kab. Bandung Barat,,2024,**,32.500,,"PDRB Per Kapita Atas Dasar Harga Berlaku di Provinsi Jawa Barat Menurut Kabupaten/Kota (ribu rupiah), 2020–2024","Per Capita GRDP at Current Market Prices by Regency/Municipality, in Jawa Barat Province (thousand rupiahss), 2020–2024",12,2,ba8bcfdae039
JAWA BARAT,18,Kab. Pangandaran,,2024,**,35.647,,"PDRB Per Kapita Atas Dasar Harga Berlaku di Provinsi Jawa Barat Menurut Kabupaten/Kota (ribu rupiah), 2020–2024","Per Capita GRDP at Current Market Prices by Regency/Municipality, in Jawa Barat Province (thousand rupiahss), 2020–2024",12,2,7595d488de5a
JAWA BARAT,71,Kota Bogor,,2024,**,56.616,,"PDRB Per Kapita Atas Dasar Harga Berlaku di Provinsi Jawa Barat Menurut Kabupaten/Kota (ribu rupiah), 2020–2024","Per Capita GRDP at Current Market Prices by Regency/Municipality, in Jawa Barat Province (thousand rupiahss), 2020–2024",12,2,7896eb48fafa
JAWA BARAT,72,Kota Sukabumi,,2024,**,44.760,,"PDRB Per Kapita Atas Dasar Harga Berlaku di Provinsi Jawa Barat Menurut Kabupaten/Kota (ribu rupiah), 2020–2024","Per Capita GRDP at Current Market Prices by Regency/Municipality, in Jawa Barat Province (thousand rupiahss), 2020–2024",12,2,648cc179656f
JAWA BARAT,73,Kota Bandung,,2024,**,147.081,,"PDRB Per Kapita Atas Dasar Harga Berlaku di Provinsi Jawa Barat Menurut Kabupaten/Kota (ribu rupiah), 2020–2024","Per Capita GRDP at Current Market Prices by Regency/Municipality, in Jawa Barat Province (thousand rupiahss), 2020–2024",12,2,924d6bca0591
JAWA BARAT,74,Kota Cirebon,,2024,**,88.560,,"PDRB Per Kapita Atas Dasar Harga Berlaku di Provinsi Jawa Barat Menurut Kabupaten/Kota (ribu rupiah), 2020–2024","Per Capita GRDP at Current Market Prices by Regency/Municipality, in Jawa Barat Province (thousand rupiahss), 2020–2024",12,2,611547e34907
JAWA BARAT,75,Kota Bekasi,,2024,**,48.922,,"PDRB Per Kapita Atas Dasar Harga Berlaku di Provinsi Jawa Barat Menurut Kabupaten/Kota (ribu rupiah), 2020–2024","Per Capita GRDP at Current Market Prices by Regency/Municipality, in Jawa Barat Province (thousand rupiahss), 2020–2024",12,2,248cbb3a295c
JAWA BARAT,76,Kota Depok,,2024,**,43.515,,"PDRB Per Kapita Atas Dasar Harga Berlaku di Provinsi Jawa Barat Menurut Kabupaten/Kota (ribu rupiah), 2020–2024","Per Capita GRDP at Current Market Prices by Regency/Municipality, in Jawa Barat Province (thousand rupiahss), 2020–2024",12,2,f03f0ab1ac7f
JAWA BARAT,77,Kota Cimahi,,2024,**,72.528,,"PDRB Per Kapita Atas Dasar Harga Berlaku di Provinsi Jawa Barat Menurut Kabupaten/Kota (ribu rupiah), 2020–2024","Per Capita GRDP at Current Market Prices by Regency/Municipality, in Jawa Barat Province (thousand rupiahss), 2020–2024",12,2,7856f0b6c917
JAWA BARAT,78,Kota Tasikmalaya,,2024,**,39.445,,"PDRB Per Kapita Atas Dasar Harga Berlaku di Provinsi Jawa Barat Menurut Kabupaten/Kota (ribu rupiah), 2020–2024","Per Capita GRDP at Current Market Prices by Regency/Municipality, in Jawa Barat Province (thousand rupiahss), 2020–2024",12,2,5337bca5c91d
JAWA BARAT,79,Kota Banjar,,2024,**,26.451,,"PDRB Per Kapita Atas Dasar Harga Berlaku di Provinsi Jawa Barat Menurut Kabupaten/Kota (ribu rupiah), 2020–2024","Per Capita GRDP at Current Market Prices by Regency/Municipality, in Jawa Barat Province (thousand rupiahss), 2020–2024",12,2,38a1bd434f2c
JAWA BARAT,,Jml Kab./Kota Total of Reg./Mun.,,2024,**,56.340,,"PDRB Per Kapita Atas Dasar Harga Berlaku di Provinsi Jawa Barat Menurut Kabupaten/Kota (ribu rupiah), 2020–2024","Per Capita GRDP at Current Market Prices by Regency/Municipality, in Jawa Barat Province (thousand rupiahss), 2020–2024",12,2,c380ce4ac23f
JAWA BARAT,,Provinsi/Province,,2024,**,56.080,,"PDRB Per Kapita Atas Dasar Harga Berlaku di Provinsi Jawa Barat Menurut Kabupaten/Kota (ribu rupiah), 2020–2024","Per Capita GRDP at Current Market Prices by Regency/Municipality, in Jawa Barat Province (thousand rupiahss), 2020–2024",12,2,49a6f874d623
JAWA TENGAH,01,Kab. Cilacap,,2024,**,67.077,,"PDRB Per Kapita Atas Dasar Harga Berlaku di Provinsi Jawa Tengah Menurut Kabupaten/Kota (ribu rupiah), 2020–2024","Per Capita GRDP at Current Market Prices by Regency/Municipality, in Jawa Tengah Province (thousand rupiahss), 2020–2024",13,3,b0b99767e18d
JAWA TENGAH,02,Kab. Banyumas,,2024,**,40.151,,"PDRB Per Kapita Atas Dasar Harga Berlaku di Provinsi Jawa Tengah Menurut Kabupaten/Kota (ribu rupiah), 2020–2024","Per Capita GRDP at Current Market Prices by Regency/Municipality, in Jawa Tengah Province (thousand rupiahss), 2020–2024",13,3,2af9b9a9c4dd
JAWA TENGAH,03,Kab. Purbalingga,,2024,**,32.147,,"PDRB Per Kapita Atas Dasar Harga Berlaku di Provinsi Jawa Tengah Menurut Kabupaten/Kota (ribu rupiah), 2020–2024","Per Capita GRDP at Current Market Prices by Regency/Municipality, in Jawa Tengah Province (thousand rupiahss), 2020–2024",13,3,1bab8df4afd5
JAWA TENGAH,04,Kab. Banjarnegara,,2024,**,27.640,,"PDRB Per Kapita Atas Dasar Harga Berlaku di Provinsi Jawa Tengah Menurut Kabupaten/Kota (ribu rupiah), 2020–2024","Per Capita GRDP at Current Market Prices by Regency/Municipality, in Jawa Tengah Province (thousand rupiahss), 2020–2024",13,3,1357c6450230
JAWA TENGAH,05,Kab. Kebumen,,2024,**,27.288,,"PDRB Per Kapita Atas Dasar Harga Berlaku di Provinsi Jawa Tengah Menurut Kabupaten/Kota (ribu rupiah), 2020–2024","Per Capita GRDP at Current Market Prices by Regency/Municipality, in Jawa Tengah Province (thousand rupiahss), 2020–2024",13,3,9dd7dcdeed20
JAWA TENGAH,06,Kab. Purworejo,,2024,**,31.195,,"PDRB Per Kapita Atas Dasar Harga Berlaku di Provinsi Jawa Tengah Menurut Kabupaten/Kota (ribu rupiah), 2020–2024","Per Capita GRDP at Current Market Prices by Regency/Municipality, in Jawa Tengah Province (thousand rupiahss), 2020–2024",13,3,4b931de81dac
JAWA TENGAH,07,Kab. Wonosobo,,2024,**,27.190,,"PDRB Per Kapita Atas Dasar Harga Berlaku di Provinsi Jawa Tengah Menurut Kabupaten/Kota (ribu rupiah), 2020–2024","Per Capita GRDP at Current Market Prices by Regency/Municipality, in Jawa Tengah Province (thousand rupiahss), 2020–2024",13,3,17ea9e250aa4
JAWA TENGAH,08,Kab. Magelang,,2024,**,32.604,,"PDRB Per Kapita Atas Dasar Harga Berlaku di Provinsi Jawa Tengah Menurut Kabupaten/Kota (ribu rupiah), 2020–2024","Per Capita GRDP at Current Market Prices by Regency/Municipality, in Jawa Tengah Province (thousand rupiahss), 2020–2024",13,3,f252fae19012
JAWA TENGAH,09,Kab. Boyolali,,2024,**,41.691,,"PDRB Per Kapita Atas Dasar Harga Berlaku di Provinsi Jawa Tengah Menurut Kabupaten/Kota (ribu rupiah), 2020–2024","Per Capita GRDP at Current Market Prices by Regency/Municipality, in Jawa Tengah Province (thousand rupiahss), 2020–2024",13,3,9b7c540a2564
JAWA TENGAH,10,Kab. Klaten,,2024,**,42.736,,"PDRB Per Kapita Atas Dasar Harga Berlaku di Provinsi Jawa Tengah Menurut Kabupaten/Kota (ribu rupiah), 2020–2024","Per Capita GRDP at Current Market Prices by Regency/Municipality, in Jawa Tengah Province (thousand rupiahss), 2020–2024",13,3,704e6e0d5125
JAWA TENGAH,11,Kab. Sukoharjo,,2024,**,53.085,,"PDRB Per Kapita Atas Dasar Harga Berlaku di Provinsi Jawa Tengah Menurut Kabupaten/Kota (ribu rupiah), 2020–2024","Per Capita GRDP at Current Market Prices by Regency/Municipality, in Jawa Tengah Province (thousand rupiahss), 2020–2024",13,3,a9c71def782e
JAWA TENGAH,12,Kab. Wonogiri,,2024,**,37.720,,"PDRB Per Kapita Atas Dasar Harga Berlaku di Provinsi Jawa Tengah Menurut Kabupaten/Kota (ribu rupiah), 2020–2024","Per Capita GRDP at Current Market Prices by Regency/Municipality, in Jawa Tengah Province (thousand rupiahss), 2020–2024",13,3,49d1b35399c4
JAWA TENGAH,13,Kab. Karanganyar,,2024,**,53.364,,"PDRB Per Kapita Atas Dasar Harga Berlaku di Provinsi Jawa Tengah Menurut Kabupaten/Kota (ribu rupiah), 2020–2024","Per Capita GRDP at Current Market Prices by Regency/Municipality, in Jawa Tengah Province (thousand rupiahss), 2020–2024",13,3,41c8cca1d0a0
JAWA TENGAH,14,Kab. Sragen,,2024,**,52.185,,"PDRB Per Kapita Atas Dasar Harga Berlaku di Provinsi Jawa Tengah Menurut Kabupaten/Kota (ribu rupiah), 2020–2024","Per Capita GRDP at Current Market Prices by Regency/Municipality, in Jawa Tengah Province (thousand rupiahss), 2020–2024",13,3,a42dfbebf260
JAWA TENGAH,15,Kab. Grobogan,,2024,**,24.898,,"PDRB Per Kapita Atas Dasar Harga Berlaku di Provinsi Jawa Tengah Menurut Kabupaten/Kota (ribu rupiah), 2020–2024","Per Capita GRDP at Current Market Prices by Regency/Municipality, in Jawa Tengah Province (thousand rupiahss), 2020–2024",13,3,d05cde78cbf8
JAWA TENGAH,16,Kab. Blora,,2024,**,36.599,,"PDRB Per Kapita Atas Dasar Harga Berlaku di Provinsi Jawa Tengah Menurut Kabupaten/Kota (ribu rupiah), 2020–2024","Per Capita GRDP at Current Market Prices by Regency/Municipality, in Jawa Tengah Province (thousand rupiahss), 2020–2024",13,3,0f1a8741de7e
JAWA TENGAH,17,Kab. Rembang,,2024,**,38.775,,"PDRB Per Kapita Atas Dasar Harga Berlaku di Provinsi Jawa Tengah Menurut Kabupaten/Kota (ribu rupiah), 2020–2024","Per Capita GRDP at Current Market Prices by Regency/Municipality, in Jawa Tengah Province (thousand rupiahss), 2020–2024",13,3,085a3e00bcd1
JAWA TENGAH,18,Kab. Pati,,2024,**,43.051,,"PDRB Per Kapita Atas Dasar Harga Berlaku di Provinsi Jawa Tengah Menurut Kabupaten/Kota (ribu rupiah), 2020–2024","Per Capita GRDP at Current Market Prices by Regency/Municipality, in Jawa Tengah Province (thousand rupiahss), 2020–2024",13,3,52d8430e9dfe
JAWA TENGAH,19,Kab. Kudus,,2024,**,145.600,,"PDRB Per Kapita Atas Dasar Harga Berlaku di Provinsi Jawa Tengah Menurut Kabupaten/Kota (ribu rupiah), 2020–2024","Per Capita GRDP at Current Market Prices by Regency/Municipality, in Jawa Tengah Province (thousand rupiahss), 2020–2024",13,3,9a930068cee7
JAWA TENGAH,20,Kab. Jepara,,2024,**,32.902,,"PDRB Per Kapita Atas Dasar Harga Berlaku di Provinsi Jawa Tengah Menurut Kabupaten/Kota (ribu rupiah), 2020–2024","Per Capita GRDP at Current Market Prices by Regency/Municipality, in Jawa Tengah Province (thousand rupiahss), 2020–2024",13,3,a250643af039
JAWA TENGAH,21,Kab. Demak,,2024,**,28.300,,"PDRB Per Kapita Atas Dasar Harga Berlaku di Provinsi Jawa Tengah Menurut Kabupaten/Kota (ribu rupiah), 2020–2024","Per Capita GRDP at Current Market Prices by Regency/Municipality, in Jawa Tengah Province (thousand rupiahss), 2020–2024",13,3,d34e4be75671
JAWA TENGAH,22,Kab. Semarang,,2024,**,60.182,,"PDRB Per Kapita Atas Dasar Harga Berlaku di Provinsi Jawa Tengah Menurut Kabupaten/Kota (ribu rupiah), 2020–2024","Per Capita GRDP at Current Market Prices by Regency/Municipality, in Jawa Tengah Province (thousand rupiahss), 2020–2024",13,3,11ff1d2ba14c
JAWA TENGAH,23,Kab. Temanggung,,2024,**,35.494,,"PDRB Per Kapita Atas Dasar Harga Berlaku di Provinsi Jawa Tengah Menurut Kabupaten/Kota (ribu rupiah), 2020–2024","Per Capita GRDP at Current Market Prices by Regency/Municipality, in Jawa Tengah Province (thousand rupiahss), 2020–2024",13,3,33efa7638cd1
JAWA TENGAH,24,Kab. Kendal,,2024,**,55.256,,"PDRB Per Kapita Atas Dasar Harga Berlaku di Provinsi Jawa Tengah Menurut Kabupaten/Kota (ribu rupiah), 2020–2024","Per Capita GRDP at Current Market Prices by Regency/Municipality, in Jawa Tengah Province (thousand rupiahss), 2020–2024",13,3,c881c3e3c9b4
JAWA TENGAH,25,Kab. Batang,,2024,**,36.256,,"PDRB Per Kapita Atas Dasar Harga Berlaku di Provinsi Jawa Tengah Menurut Kabupaten/Kota (ribu rupiah), 2020–2024","Per Capita GRDP at Current Market Prices by Regency/Municipality, in Jawa Tengah Province (thousand rupiahss), 2020–2024",13,3,35cedcafe092
JAWA TENGAH,26,Kab. Pekalongan,,2024,**,29.660,,"PDRB Per Kapita Atas Dasar Harga Berlaku di Provinsi Jawa Tengah Menurut Kabupaten/Kota (ribu rupiah), 2020–2024","Per Capita GRDP at Current Market Prices by Regency/Municipality, in Jawa Tengah Province (thousand rupiahss), 2020–2024",13,3,b26f76e2563d
JAWA TENGAH,27,Kab. Pemalang,,2024,**,22.631,,"PDRB Per Kapita Atas Dasar Harga Berlaku di Provinsi Jawa Tengah Menurut Kabupaten/Kota (ribu rupiah), 2020–2024","Per Capita GRDP at Current Market Prices by Regency/Municipality, in Jawa Tengah Province (thousand rupiahss), 2020–2024",13,3,04d6696c98d3
JAWA TENGAH,28,Kab. Tegal,,2024,**,28.494,,"PDRB Per Kapita Atas Dasar Harga Berlaku di Provinsi Jawa Tengah Menurut Kabupaten/Kota (ribu rupiah), 2020–2024","Per Capita GRDP at Current Market Prices by Regency/Municipality, in Jawa Tengah Province (thousand rupiahss), 2020–2024",13,3,67bbdc0d5272
JAWA TENGAH,29,Kab. Brebes,,2024,**,30.039,,"PDRB Per Kapita Atas Dasar Harga Berlaku di Provinsi Jawa Tengah Menurut Kabupaten/Kota (ribu rupiah), 2020–2024","Per Capita GRDP at Current Market Prices by Regency/Municipality, in Jawa Tengah Province (thousand rupiahss), 2020–2024",13,3,78da6f5e0ac8
JAWA TENGAH,71,Kota Magelang,,2024,**,96.560,,"PDRB Per Kapita Atas Dasar Harga Berlaku di Provinsi Jawa Tengah Menurut Kabupaten/Kota (ribu rupiah), 2020–2024","Per Capita GRDP at Current Market Prices by Regency/Municipality, in Jawa Tengah Province (thousand rupiahss), 2020–2024",13,3,7b4f8b8f79d3
JAWA TENGAH,72,Kota Surakarta,,2024,**,122.530,,"PDRB Per Kapita Atas Dasar Harga Berlaku di Provinsi Jawa Tengah Menurut Kabupaten/Kota (ribu rupiah), 2020–2024","Per Capita GRDP at Current Market Prices by Regency/Municipality, in Jawa Tengah Province (thousand rupiahss), 2020–2024",13,3,21837ca00b23
JAWA TENGAH,73,Kota Salatiga,,2024,**,89.826,,"PDRB Per Kapita Atas Dasar Harga Berlaku di Provinsi Jawa Tengah Menurut Kabupaten/Kota (ribu rupiah), 2020–2024","Per Capita GRDP at Current Market Prices by Regency/Municipality, in Jawa Tengah Province (thousand rupiahss), 2020–2024",13,3,ed086acef32a
JAWA TENGAH,74,Kota Semarang,,2024,**,156.570,,"PDRB Per Kapita Atas Dasar Harga Berlaku di Provinsi Jawa Tengah Menurut Kabupaten/Kota (ribu rupiah), 2020–2024","Per Capita GRDP at Current Market Prices by Regency/Municipality, in Jawa Tengah Province (thousand rupiahss), 2020–2024",13,3,4b4e4c0b3ab8
JAWA TENGAH,75,Kota Pekalongan,,2024,**,45.989,,"PDRB Per Kapita Atas Dasar Harga Berlaku di Provinsi Jawa Tengah Menurut Kabupaten/Kota (ribu rupiah), 2020–2024","Per Capita GRDP at Current Market Prices by Regency/Municipality, in Jawa Tengah Province (thousand rupiahss), 2020–2024",13,3,510bf0e9fa75
JAWA TENGAH,76,Kota Tegal,,2024,**,72.279,,"PDRB Per Kapita Atas Dasar Harga Berlaku di Provinsi Jawa Tengah Menurut Kabupaten/Kota (ribu rupiah), 2020–2024","Per Capita GRDP at Current Market Prices by Regency/Municipality, in Jawa Tengah Province (thousand rupiahss), 2020–2024",13,3,b801c733ee7b
JAWA TENGAH,,Jml Kab./Kota Total of Reg./Mun.,,2024,**,47.923,,"PDRB Per Kapita Atas Dasar Harga Berlaku di Provinsi Jawa Tengah Menurut Kabupaten/Kota (ribu rupiah), 2020–2024","Per Capita GRDP at Current Market Prices by Regency/Municipality, in Jawa Tengah Province (thousand rupiahss), 2020–2024",13,3,af289fb1db0a
JAWA TENGAH,,Provinsi/Province,,2024,**,47.972,,"PDRB Per Kapita Atas Dasar Harga Berlaku di Provinsi Jawa Tengah Menurut Kabupaten/Kota (ribu rupiah), 2020–2024","Per Capita GRDP at Current Market Prices by Regency/Municipality, in Jawa Tengah Province (thousand rupiahss), 2020–2024",13,3,de4cff18749f
DI YOGYAKARTA,01,Kab. Kulon Progo,,2024,**,37.977,,"PDRB Per Kapita Atas Dasar Harga Berlaku di Provinsi DI Yogyakarta Menurut Kabupaten/Kota (ribu rupiah), 2020–2024","Per Capita GRDP at Current Market Prices by Regency/Municipality, in DI Yogyakarta Province (thousand rupiahss), 2020–2024",14,4,ce619e0a5e4f
DI YOGYAKARTA,02,Kab. Bantul,,2024,**,35.843,,"PDRB Per Kapita Atas Dasar Harga Berlaku di Provinsi DI Yogyakarta Menurut Kabupaten/Kota (ribu rupiah), 2020–2024","Per Capita GRDP at Current Market Prices by Regency/Municipality, in DI Yogyakarta Province (thousand rupiahss), 2020–2024",14,4,49b30c6c85ac
DI YOGYAKARTA,03,Kab. Gunung Kidul,,2024,**,35.504,,"PDRB Per Kapita Atas Dasar Harga Berlaku di Provinsi DI Yogyakarta Menurut Kabupaten/Kota (ribu rupiah), 2020–2024","Per Capita GRDP at Current Market Prices by Regency/Municipality, in DI Yogyakarta Province (thousand rupiahss), 2020–2024",14,4,ac1348d4ecf0
DI YOGYAKARTA,04,Kab. Sleman,,2024,**,54.501,,"PDRB Per Kapita Atas Dasar Harga Berlaku di Provinsi DI Yogyakarta Menurut Kabupaten/Kota (ribu rupiah), 2020–2024","Per Capita GRDP at Current Market Prices by Regency/Municipality, in DI Yogyakarta Province (thousand rupiahss), 2020–2024",14,4,ee9bc66ff4cc
DI YOGYAKARTA,71,Kota Yogyakarta,,2024,**,131.433,,"PDRB Per Kapita Atas Dasar Harga Berlaku di Provinsi DI Yogyakarta Menurut Kabupaten/Kota (ribu rupiah), 2020–2024","Per Capita GRDP at Current Market Prices by Regency/Municipality, in DI Yogyakarta Province (thousand rupiahss), 2020–2024",14,4,1cc5bbf70506
DI YOGYAKARTA,,Jml Kab./Kota Total of Reg./Mun.,,2024,**,51.381,,"PDRB Per Kapita Atas Dasar Harga Berlaku di Provinsi DI Yogyakarta Menurut Kabupaten/Kota (ribu rupiah), 2020–2024","Per Capita GRDP at Current Market Prices by Regency/Municipality, in DI Yogyakarta Province (thousand rupiahss), 2020–2024",14,4,203bbb7319d8
DI YOGYAKARTA,,Provinsi/Province,,2024,**,51.473,,"PDRB Per Kapita Atas Dasar Harga Berlaku di Provinsi DI Yogyakarta Menurut Kabupaten/Kota (ribu rupiah), 2020–2024","Per Capita GRDP at Current Market Prices by Regency/Municipality, in DI Yogyakarta Province (thousand rupiahss), 2020–2024",14,4,91ecfc197ab5
JAWA TIMUR,01,Kab. Pacitan,,2024,**,35.096,,"PDRB Per Kapita Atas Dasar Harga Berlaku di Provinsi Jawa Timur Menurut Kabupaten/Kota (ribu rupiah), 2020–2024","Per Capita GRDP at Current Market Prices by Regency/Municipality, in Jawa Timur Province (thousand rupiahss), 2020–2024",15,5,530ef996fd4d
JAWA TIMUR,02,Kab. Ponorogo,,2024,**,28.088,,"PDRB Per Kapita Atas Dasar Harga Berlaku di Provinsi Jawa Timur Menurut Kabupaten/Kota (ribu rupiah), 2020–2024","Per Capita GRDP at Current Market Prices by Regency/Municipality, in Jawa Timur Province (thousand rupiahss), 2020–2024",15,5,5ff18787e37e
JAWA TIMUR,03,Kab. Trenggalek,,2024,**,32.726,,"PDRB Per Kapita Atas Dasar Harga Berlaku di Provinsi Jawa Timur Menurut Kabupaten/Kota (ribu rupiah), 2020–2024","Per Capita GRDP at Current Market Prices by Regency/Municipality, in Jawa Timur Province (thousand rupiahss), 2020–2024",15,5,5546706b0a26
JAWA TIMUR,04,Kab. Tulungagung,,2024,**,46.009,,"PDRB Per Kapita Atas Dasar Harga Berlaku di Provinsi Jawa Timur Menurut Kabupaten/Kota (ribu rupiah), 2020–2024","Per Capita GRDP at Current Market Prices by Regency/Municipality, in Jawa Timur Province (thousand rupiahss), 2020–2024",15,5,306f2659d261
JAWA TIMUR,05,Kab. Blitar,,2024,**,37.811,,"PDRB Per Kapita Atas Dasar Harga Berlaku di Provinsi Jawa Timur Menurut Kabupaten/Kota (ribu rupiah), 2020–2024","Per Capita GRDP at Current Market Prices by Regency/Municipality, in Jawa Timur Province (thousand rupiahss), 2020–2024",15,5,340457e71e40
JAWA TIMUR,06,Kab. Kediri,,2024,**,32.339,,"PDRB Per Kapita Atas Dasar Harga Berlaku di Provinsi Jawa Timur Menurut Kabupaten/Kota (ribu rupiah), 2020–2024","Per Capita GRDP at Current Market Prices by Regency/Municipality, in Jawa Timur Province (thousand rupiahss), 2020–2024",15,5,7b5602e6cce5
JAWA TIMUR,07,Kab. Malang,,2024,**,50.593,,"PDRB Per Kapita Atas Dasar Harga Berlaku di Provinsi Jawa Timur Menurut Kabupaten/Kota (ribu rupiah), 2020–2024","Per Capita GRDP at Current Market Prices by Regency/Municipality, in Jawa Timur Province (thousand rupiahss), 2020–2024",15,5,a0c8bff965fa
JAWA TIMUR,08,Kab. Lumajang,,2024,**,37.579,,"PDRB Per Kapita Atas Dasar Harga Berlaku di Provinsi Jawa Timur Menurut Kabupaten/Kota (ribu rupiah), 2020–2024","Per Capita GRDP at Current Market Prices by Regency/Municipality, in Jawa Timur Province (thousand rupiahss), 2020–2024",15,5,c2f28e77574a
JAWA TIMUR,09,Kab. Jember,,2024,**,39.464,,"PDRB Per Kapita Atas Dasar Harga Berlaku di Provinsi Jawa Timur Menurut Kabupaten/Kota (ribu rupiah), 2020–2024","Per Capita GRDP at Current Market Prices by Regency/Municipality, in Jawa Timur Province (thousand rupiahss), 2020–2024",15,5,a6d67625cec4
JAWA TIMUR,10,Kab. Banyuwangi,,2024,**,62.086,,"PDRB Per Kapita Atas Dasar Harga Berlaku di Provinsi Jawa Timur Menurut Kabupaten/Kota (ribu rupiah), 2020–2024","Per Capita GRDP at Current Market Prices by Regency/Municipality, in Jawa Timur Province (thousand rupiahss), 2020–2024",15,5,38933162dcb1
JAWA TIMUR,11,Kab. Bondowoso,,2024,**,33.501,,"PDRB Per Kapita Atas Dasar Harga Berlaku di Provinsi Jawa Timur Menurut Kabupaten/Kota (ribu rupiah), 2020–2024","Per Capita GRDP at Current Market Prices by Regency/Municipality, in Jawa Timur Province (thousand rupiahss), 2020–2024",15,5,531e837bfda6
JAWA TIMUR,12,Kab. Situbondo,,2024,**,38.677,,"PDRB Per Kapita Atas Dasar Harga Berlaku di Provinsi Jawa Timur Menurut Kabupaten/Kota (ribu rupiah), 2020–2024","Per Capita GRDP at Current Market Prices by Regency/Municipality, in Jawa Timur Province (thousand rupiahss), 2020–2024",15,5,78eafb30e919
JAWA TIMUR,13,Kab. Probolinggo,,2024,**,38.537,,"PDRB Per Kapita Atas Dasar Harga Berlaku di Provinsi Jawa Timur Menurut Kabupaten/Kota (ribu rupiah), 2020–2024","Per Capita GRDP at Current Market Prices by Regency/Municipality, in Jawa Timur Province (thousand rupiahss), 2020–2024",15,5,1ff124d4787f
JAWA TIMUR,14,Kab. Pasuruan,,2024,**,121.689,,"PDRB Per Kapita Atas Dasar Harga Berlaku di Provinsi Jawa Timur Menurut Kabupaten/Kota (ribu rupiah), 2020–2024","Per Capita GRDP at Current Market Prices by Regency/Municipality, in Jawa Timur Province (thousand rupiahss), 2020–2024",15,5,5222f68513ed
JAWA TIMUR,15,Kab. Sidoarjo,,2024,**,136.721,,"PDRB Per Kapita Atas Dasar Harga Berlaku di Provinsi Jawa Timur Menurut Kabupaten/Kota (ribu rupiah), 2020–2024","Per Capita GRDP at Current Market Prices by Regency/Municipality, in Jawa Timur Province (thousand rupiahss), 2020–2024",15,5,afda84bd4347
JAWA TIMUR,16,Kab. Mojokerto,,2024,**,98.011,,"PDRB Per Kapita Atas Dasar Harga Berlaku di Provinsi Jawa Timur Menurut Kabupaten/Kota (ribu rupiah), 2020–2024","Per Capita GRDP at Current Market Prices by Regency/Municipality, in Jawa Timur Province (thousand rupiahss), 2020–2024",15,5,f64ae4e873ad
JAWA TIMUR,17,Kab. Jombang,,2024,**,39.553,,"PDRB Per Kapita Atas Dasar Harga Berlaku di Provinsi Jawa Timur Menurut Kabupaten/Kota (ribu rupiah), 2020–2024","Per Capita GRDP at Current Market Prices by Regency/Municipality, in Jawa Timur Province (thousand rupiahss), 2020–2024",15,5,37c0e818d661
JAWA TIMUR,18,Kab. Nganjuk,,2024,**,32.047,,"PDRB Per Kapita Atas Dasar Harga Berlaku di Provinsi Jawa Timur Menurut Kabupaten/Kota (ribu rupiah), 2020–2024","Per Capita GRDP at Current Market Prices by Regency/Municipality, in Jawa Timur Province (thousand rupiahss), 2020–2024",15,5,252d257fd02f
JAWA TIMUR,19,Kab. Madiun,,2024,**,33.712,,"PDRB Per Kapita Atas Dasar Harga Berlaku di Provinsi Jawa Timur Menurut Kabupaten/Kota (ribu rupiah), 2020–2024","Per Capita GRDP at Current Market Prices by Regency/Municipality, in Jawa Timur Province (thousand rupiahss), 2020–2024",15,5,e3e172959572
JAWA TIMUR,20,Kab. Magetan,,2024,**,35.853,,"PDRB Per Kapita Atas Dasar Harga Berlaku di Provinsi Jawa Timur Menurut Kabupaten/Kota (ribu rupiah), 2020–2024","Per Capita GRDP at Current Market Prices by Regency/Municipality, in Jawa Timur Province (thousand rupiahss), 2020–2024",15,5,c5fb674b08ee
JAWA TIMUR,21,Kab. Ngawi,,2024,**,29.347,,"PDRB Per Kapita Atas Dasar Harga Berlaku di Provinsi Jawa Timur Menurut Kabupaten/Kota (ribu rupiah), 2020–2024","Per Capita GRDP at Current Market Prices by Regency/Municipality, in Jawa Timur Province (thousand rupiahss), 2020–2024",15,5,f2683a08f365
JAWA TIMUR,22,Kab. Bojonegoro,,2024,**,76.808,,"PDRB Per Kapita Atas Dasar Harga Berlaku di Provinsi Jawa Timur Menurut Kabupaten/Kota (ribu rupiah), 2020–2024","Per Capita GRDP at Current Market Prices by Regency/Municipality, in Jawa Timur Province (thousand rupiahss), 2020–2024",15,5,c279dfd5073e
JAWA TIMUR,23,Kab. Tuban,,2024,**,71.099,,"PDRB Per Kapita Atas Dasar Harga Berlaku di Provinsi Jawa Timur Menurut Kabupaten/Kota (ribu rupiah), 2020–2024","Per Capita GRDP at Current Market Prices by Regency/Municipality, in Jawa Timur Province (thousand rupiahss), 2020–2024",15,5,88405d73c740
JAWA TIMUR,24,Kab. Lamongan,,2024,**,37.788,,"PDRB Per Kapita Atas Dasar Harga Berlaku di Provinsi Jawa Timur Menurut Kabupaten/Kota (ribu rupiah), 2020–2024","Per Capita GRDP at Current Market Prices by Regency/Municipality, in Jawa Timur Province (thousand rupiahss), 2020–2024",15,5,09bebfb7636c
JAWA TIMUR,25,Kab. Gresik,,2024,**,138.271,,"PDRB Per Kapita Atas Dasar Harga Berlaku di Provinsi Jawa Timur Menurut Kabupaten/Kota (ribu rupiah), 2020–2024","Per Capita GRDP at Current Market Prices by Regency/Municipality, in Jawa Timur Province (thousand rupiahss), 2020–2024",15,5,927ee940a662
JAWA TIMUR,26,Kab. Bangkalan,,2024,**,26.066,,"PDRB Per Kapita Atas Dasar Harga Berlaku di Provinsi Jawa Timur Menurut Kabupaten/Kota (ribu rupiah), 2020–2024","Per Capita GRDP at Current Market Prices by Regency/Municipality, in Jawa Timur Province (thousand rupiahss), 2020–2024",15,5,aa9a8da7cf45
JAWA TIMUR,27,Kab. Sampang,,2024,**,24.484,,"PDRB Per Kapita Atas Dasar Harga Berlaku di Provinsi Jawa Timur Menurut Kabupaten/Kota (ribu rupiah), 2020–2024","Per Capita GRDP at Current Market Prices by Regency/Municipality, in Jawa Timur Province (thousand rupiahss), 2020–2024",15,5,5b03c904253a
JAWA TIMUR,28,Kab. Pamekasan,,2024,**,25.424,,"PDRB Per Kapita Atas Dasar Harga Berlaku di Provinsi Jawa Timur Menurut Kabupaten/Kota (ribu rupiah), 2020–2024","Per Capita GRDP at Current Market Prices by Regency/Municipality, in Jawa Timur Province (thousand rupiahss), 2020–2024",15,5,74ee7f38c2f8
JAWA TIMUR,29,Kab. Sumenep,,2024,**,39.215,,"PDRB Per Kapita Atas Dasar Harga Berlaku di Provinsi Jawa Timur Menurut Kabupaten/Kota (ribu rupiah), 2020–2024","Per Capita GRDP at Current Market Prices by Regency/Municipality, in Jawa Timur Province (thousand rupiahss), 2020–2024",15,5,28c749d6363d
JAWA TIMUR,71,Kota Kediri,,2024,**,565.841,,"PDRB Per Kapita Atas Dasar Harga Berlaku di Provinsi Jawa Timur Menurut Kabupaten/Kota (ribu rupiah), 2020–2024","Per Capita GRDP at Current Market Prices by Regency/Municipality, in Jawa Timur Province (thousand rupiahss), 2020–2024",15,5,50f16c7a403e
JAWA TIMUR,72,Kota Blitar,,2024,**,59.326,,"PDRB Per Kapita Atas Dasar Harga Berlaku di Provinsi Jawa Timur Menurut Kabupaten/Kota (ribu rupiah), 2020–2024","Per Capita GRDP at Current Market Prices by Regency/Municipality, in Jawa Timur Province (thousand rupiahss), 2020–2024",15,5,16702e75f06b
JAWA TIMUR,73,Kota Malang,,2024,**,114.722,,"PDRB Per Kapita Atas Dasar Harga Berlaku di Provinsi Jawa Timur Menurut Kabupaten/Kota (ribu rupiah), 2020–2024","Per Capita GRDP at Current Market Prices by Regency/Municipality, in Jawa Timur Province (thousand rupiahss), 2020–2024",15,5,4acf087aeca1
JAWA TIMUR,74,Kota Probolinggo,,2024,**,61.614,,"PDRB Per Kapita Atas Dasar Harga Berlaku di Provinsi Jawa Timur Menurut Kabupaten/Kota (ribu rupiah), 2020–2024","Per Capita GRDP at Current Market Prices by Regency/Municipality, in Jawa Timur Province (thousand rupiahss), 2020–2024",15,5,2116a7bf75f8
JAWA TIMUR,75,Kota Pasuruan,,2024,**,51.087,,"PDRB Per Kapita Atas Dasar Harga Berlaku di Provinsi Jawa Timur Menurut Kabupaten/Kota (ribu rupiah), 2020–2024","Per Capita GRDP at Current Market Prices by Regency/Municipality, in Jawa Timur Province (thousand rupiahss), 2020–2024",15,5,8727b1f2dc8b
JAWA TIMUR,76,Kota Mojokerto,,2024,**,62.684,,"PDRB Per Kapita Atas Dasar Harga Berlaku di Provinsi Jawa Timur Menurut Kabupaten/Kota (ribu rupiah), 2020–2024","Per Capita GRDP at Current Market Prices by Regency/Municipality, in Jawa Timur Province (thousand rupiahss), 2020–2024",15,5,01962de75551
JAWA TIMUR,77,Kota Madiun,,2024,**,92.449,,"PDRB Per Kapita Atas Dasar Harga Berlaku di Provinsi Jawa Timur Menurut Kabupaten/Kota (ribu rupiah), 2020–2024","Per Capita GRDP at Current Market Prices by Regency/Municipality, in Jawa Timur Province (thousand rupiahss), 2020–2024",15,5,0a0f7d0f257c
JAWA TIMUR,78,Kota Surabaya,,2024,**,264.372,,"PDRB Per Kapita Atas Dasar Harga Berlaku di Provinsi Jawa Timur Menurut Kabupaten/Kota (ribu rupiah), 2020–2024","Per Capita GRDP at Current Market Prices by Regency/Municipality, in Jawa Timur Province (thousand rupiahss), 2020–2024",15,5,3f919cf9092c
JAWA TIMUR,79,Kota Batu,,2024,**,99.487,,"PDRB Per Kapita Atas Dasar Harga Berlaku di Provinsi Jawa Timur Menurut Kabupaten/Kota (ribu rupiah), 2020–2024","Per Capita GRDP at Current Market Prices by Regency/Municipality, in Jawa Timur Province (thousand rupiahss), 2020–2024",15,5,36216c567766
JAWA TIMUR,,Jml Kab./Kota Total of Reg./Mun.,,2024,**,75.898,,"PDRB Per Kapita Atas Dasar Harga Berlaku di Provinsi Jawa Timur Menurut Kabupaten/Kota (ribu rupiah), 2020–2024","Per Capita GRDP at Current Market Prices by Regency/Municipality, in Jawa Timur Province (thousand rupiahss), 2020–2024",15,5,a6dbc0ef665a
JAWA TIMUR,,Provinsi/Province,,2024,**,75.770,,"PDRB Per Kapita Atas Dasar Harga Berlaku di Provinsi Jawa Timur Menurut Kabupaten/Kota (ribu rupiah), 2020–2024","Per Capita GRDP at Current Market Prices by Regency/Municipality, in Jawa Timur Province (thousand rupiahss), 2020–2024",15,5,56c51c4c2b3d
BANTEN,01,Kab. Pandeglang,,2024,**,27.078,,"PDRB Per Kapita Atas Dasar Harga Berlaku di Provinsi Banten Menurut Kabupaten/Kota (ribu rupiah), 2020–2024","Per Capita GRDP at Current Market Prices by Regency/Municipality, in Banten Province (thousand rupiahss), 2020–2024",16,6,a655339f5ba7
BANTEN,02,Kab. Lebak,,2024,**,25.967,,"PDRB Per Kapita Atas Dasar Harga Berlaku di Provinsi Banten Menurut Kabupaten/Kota (ribu rupiah), 2020–2024","Per Capita GRDP at Current Market Prices by Regency/Municipality, in Banten Province (thousand rupiahss), 2020–2024",16,6,9e76232503b1
BANTEN,03,Kab. Tangerang,,2024,**,54.729,,"PDRB Per Kapita Atas Dasar Harga Berlaku di Provinsi Banten Menurut Kabupaten/Kota (ribu rupiah), 2020–2024","Per Capita GRDP at Current Market Prices by Regency/Municipality, in Banten Province (thousand rupiahss), 2020–2024",16,6,fcf5cd10b240
BANTEN,04,Kab. Serang,,2024,**,60.007,,"PDRB Per Kapita Atas Dasar Harga Berlaku di Provinsi Banten Menurut Kabupaten/Kota (ribu rupiah), 2020–2024","Per Capita GRDP at Current Market Prices by Regency/Municipality, in Banten Province (thousand rupiahss), 2020–2024",16,6,eaeb295c7225
BANTEN,71,Kota Tangerang,,2024,**,114.458,,"PDRB Per Kapita Atas Dasar Harga Berlaku di Provinsi Banten Menurut Kabupaten/Kota (ribu rupiah), 2020–2024","Per Capita GRDP at Current Market Prices by Regency/Municipality, in Banten Province (thousand rupiahss), 2020–2024",16,6,ab1c000a5ebf
BANTEN,72,Kota Cilegon,,2024,**,302.862,,"PDRB Per Kapita Atas Dasar Harga Berlaku di Provinsi Banten Menurut Kabupaten/Kota (ribu rupiah), 2020–2024","Per Capita GRDP at Current Market Prices by Regency/Municipality, in Banten Province (thousand rupiahss), 2020–2024",16,6,fc836175da60
BANTEN,73,Kota Serang,,2024,**,58.498,,"PDRB Per Kapita Atas Dasar Harga Berlaku di Provinsi Banten Menurut Kabupaten/Kota (ribu rupiah), 2020–2024","Per Capita GRDP at Current Market Prices by Regency/Municipality, in Banten Province (thousand rupiahss), 2020–2024",16,6,bc35d3acf8cb
BANTEN,74,Kota Tangerang Selatan,,2024,**,80.182,,"PDRB Per Kapita Atas Dasar Harga Berlaku di Provinsi Banten Menurut Kabupaten/Kota (ribu rupiah), 2020–2024","Per Capita GRDP at Current Market Prices by Regency/Municipality, in Banten Province (thousand rupiahss), 2020–2024",16,6,06612e7b185f
BANTEN,,Jml Kab./Kota Total of Reg./Mun.,,2024,**,70.768,,"PDRB Per Kapita Atas Dasar Harga Berlaku di Provinsi Banten Menurut Kabupaten/Kota (ribu rupiah), 2020–2024","Per Capita GRDP at Current Market Prices by Regency/Municipality, in Banten Province (thousand rupiahss), 2020–2024",16,6,1bf739acf8a4
BANTEN,,Provinsi/Province,,2024,**,70.276,,"PDRB Per Kapita Atas Dasar Harga Berlaku di Provinsi Banten Menurut Kabupaten/Kota (ribu rupiah), 2020–2024","Per Capita GRDP at Current Market Prices by Regency/Municipality, in Banten Province (thousand rupiahss), 2020–2024",16,6,195401cbac2a
BALI,01,Kab. Jembrana,,2024,**,51.730,,"PDRB Per Kapita Atas Dasar Harga Berlaku di Provinsi Bali Menurut Kabupaten/Kota (ribu rupiah), 2020–2024","Per Capita GRDP at Current Market Prices by Regency/Municipality, in Bali Province (thousand rupiahss), 2020–2024",17,7,f37f2dc8a908
BALI,02,Kab. Tabanan,,2024,**,59.123,,"PDRB Per Kapita Atas Dasar Harga Berlaku di Provinsi Bali Menurut Kabupaten/Kota (ribu rupiah), 2020–2024","Per Capita GRDP at Current Market Prices by Regency/Municipality, in Bali Province (thousand rupiahss), 2020–2024",17,7,85a49849db4d
BALI,03,Kab. Badung,,2024,**,132.088,,"PDRB Per Kapita Atas Dasar Harga Berlaku di Provinsi Bali Menurut Kabupaten/Kota (ribu rupiah), 2020–2024","Per Capita GRDP at Current Market Prices by Regency/Municipality, in Bali Province (thousand rupiahss), 2020–2024",17,7,fc3bcf3c8823
BALI,04,Kab. Gianyar,,2024,**,62.693,,"PDRB Per Kapita Atas Dasar Harga Berlaku di Provinsi Bali Menurut Kabupaten/Kota (ribu rupiah), 2020–2024","Per Capita GRDP at Current Market Prices by Regency/Municipality, in Bali Province (thousand rupiahss), 2020–2024",17,7,0ec7e2f93783
BALI,05,Kab. Klungkung,,2024,**,52.628,,"PDRB Per Kapita Atas Dasar Harga Berlaku di Provinsi Bali Menurut Kabupaten/Kota (ribu rupiah), 2020–2024","Per Capita GRDP at Current Market Prices by Regency/Municipality, in Bali Province (thousand rupiahss), 2020–2024",17,7,269ea4fcd9ea
BALI,06,Kab. Bangli,,2024,**,32.275,,"PDRB Per Kapita Atas Dasar Harga Berlaku di Provinsi Bali Menurut Kabupaten/Kota (ribu rupiah), 2020–2024","Per Capita GRDP at Current Market Prices by Regency/Municipality, in Bali Province (thousand rupiahss), 2020–2024",17,7,be79035c1135
BALI,07,Kab. Karangasem,,2024,**,40.233,,"PDRB Per Kapita Atas Dasar Harga Berlaku di Provinsi Bali Menurut Kabupaten/Kota (ribu rupiah), 2020–2024","Per Capita GRDP at Current Market Prices by Regency/Municipality, in Bali Province (thousand rupiahss), 2020–2024",17,7,38f5314fc958
BALI,08,Kab. Buleleng,,2024,**,50.796,,"PDRB Per Kapita Atas Dasar Harga Berlaku di Provinsi Bali Menurut Kabupaten/Kota (ribu rupiah), 2020–2024","Per Capita GRDP at Current Market Prices by Regency/Municipality, in Bali Province (thousand rupiahss), 2020–2024",17,7,dce97f437e7c
BALI,71,Kota Denpasar,,2024,**,86.425,,"PDRB Per Kapita Atas Dasar Harga Berlaku di Provinsi Bali Menurut Kabupaten/Kota (ribu rupiah), 2020–2024","Per Capita GRDP at Current Market Prices by Regency/Municipality, in Bali Province (thousand rupiahss), 2020–2024",17,7,71db5f0fdad6
BALI,,Jml Kab./Kota Total of Reg./Mun.,,2024,**,67.449,,"PDRB Per Kapita Atas Dasar Harga Berlaku di Provinsi Bali Menurut Kabupaten/Kota (ribu rupiah), 2020–2024","Per Capita GRDP at Current Market Prices by Regency/Municipality, in Bali Province (thousand rupiahss), 2020–2024",17,7,abb241716e5e
BALI,,Provinsi/Province,,2024,**,67.319,,"PDRB Per Kapita Atas Dasar Harga Berlaku di Provinsi Bali Menurut Kabupaten/Kota (ribu rupiah), 2020–2024","Per Capita GRDP at Current Market Prices by Regency/Municipality, in Bali Province (thousand rupiahss), 2020–2024",17,7,deec42271537
NUSA TENGGARA BARAT,01,Kab. Lombok Barat,,2024,**,25.044,,"PDRB Per Kapita Atas Dasar Harga Berlaku di Provinsi Nusa Tenggara Barat Menurut Kabupaten/Kota (ribu rupiah), 2020–2024","Per Capita GRDP at Current Market Prices by Regency/Municipality, in Nusa Tenggara Barat Province (thousand rupiahss), 2020–2024",18,8,cf3abc531f04
NUSA TENGGARA BARAT,02,Kab. Lombok Tengah,,2024,**,20.368,,"PDRB Per Kapita Atas Dasar Harga Berlaku di Provinsi Nusa Tenggara Barat Menurut Kabupaten/Kota (ribu rupiah), 2020–2024","Per Capita GRDP at Current Market Prices by Regency/Municipality, in Nusa Tenggara Barat Province (thousand rupiahss), 2020–2024",18,8,47f6d500249e
NUSA TENGGARA BARAT,03,Kab. Lombok Timur,,2024,**,18.588,,"PDRB Per Kapita Atas Dasar Harga Berlaku di Provinsi Nusa Tenggara Barat Menurut Kabupaten/Kota (ribu rupiah), 2020–2024","Per Capita GRDP at Current Market Prices by Regency/Municipality, in Nusa Tenggara Barat Province (thousand rupiahss), 2020–2024",18,8,b88be762f798
NUSA TENGGARA BARAT,04,Kab. Sumbawa,,2024,**,34.509,,"PDRB Per Kapita Atas Dasar Harga Berlaku di Provinsi Nusa Tenggara Barat Menurut Kabupaten/Kota (ribu rupiah), 2020–2024","Per Capita GRDP at Current Market Prices by Regency/Municipality, in Nusa Tenggara Barat Province (thousand rupiahss), 2020–2024",18,8,27a845c843a5
NUSA TENGGARA BARAT,05,Kab. Dompu,,2024,**,36.120,,"PDRB Per Kapita Atas Dasar Harga Berlaku di Provinsi Nusa Tenggara Barat Menurut Kabupaten/Kota (ribu rupiah), 2020–2024","Per Capita GRDP at Current Market Prices by Regency/Municipality, in Nusa Tenggara Barat Province (thousand rupiahss), 2020–2024",18,8,af92c22b996f
NUSA TENGGARA BARAT,06,Kab. Bima,,2024,**,27.153,,"PDRB Per Kapita Atas Dasar Harga Berlaku di Provinsi Nusa Tenggara Barat Menurut Kabupaten/Kota (ribu rupiah), 2020–2024","Per Capita GRDP at Current Market Prices by Regency/Municipality, in Nusa Tenggara Barat Province (thousand rupiahss), 2020–2024",18,8,c40b45199ba9
NUSA TENGGARA BARAT,07,Kab. Sumbawa Barat,,2024,**,235.091,,"PDRB Per Kapita Atas Dasar Harga Berlaku di Provinsi Nusa Tenggara Barat Menurut Kabupaten/Kota (ribu rupiah), 2020–2024","Per Capita GRDP at Current Market Prices by Regency/Municipality, in Nusa Tenggara Barat Province (thousand rupiahss), 2020–2024",18,8,f42bd7dd2a9d
NUSA TENGGARA BARAT,08,Kab. Lombok Utara,,2024,**,22.874,,"PDRB Per Kapita Atas Dasar Harga Berlaku di Provinsi Nusa Tenggara Barat Menurut Kabupaten/Kota (ribu rupiah), 2020–2024","Per Capita GRDP at Current Market Prices by Regency/Municipality, in Nusa Tenggara Barat Province (thousand rupiahss), 2020–2024",18,8,30111b546e29
NUSA TENGGARA BARAT,71,Kota Mataram,,2024,**,54.382,,"PDRB Per Kapita Atas Dasar Harga Berlaku di Provinsi Nusa Tenggara Barat Menurut Kabupaten/Kota (ribu rupiah), 2020–2024","Per Capita GRDP at Current Market Prices by Regency/Municipality, in Nusa Tenggara Barat Province (thousand rupiahss), 2020–2024",18,8,ded9224087b7
NUSA TENGGARA BARAT,72,Kota Bima,,2024,**,32.479,,"PDRB Per Kapita Atas Dasar Harga Berlaku di Provinsi Nusa Tenggara Barat Menurut Kabupaten/Kota (ribu rupiah), 2020–2024","Per Capita GRDP at Current Market Prices by Regency/Municipality, in Nusa Tenggara Barat Province (thousand rupiahss), 2020–2024",18,8,7f8a115e7791
NUSA TENGGARA BARAT,,Jml Kab./Kota Total of Reg./Mun.,,2024,**,32.316,,"PDRB Per Kapita Atas Dasar Harga Berlaku di Provinsi Nusa Tenggara Barat Menurut Kabupaten/Kota (ribu rupiah), 2020–2024","Per Capita GRDP at Current Market Prices by Regency/Municipality, in Nusa Tenggara Barat Province (thousand rupiahss), 2020–2024",18,8,7074ec51b3e2
NUSA TENGGARA BARAT,,Provinsi/Province,,2024,**,32.282,,"PDRB Per Kapita Atas Dasar Harga Berlaku di Provinsi Nusa Tenggara Barat Menurut Kabupaten/Kota (ribu rupiah), 2020–2024","Per Capita GRDP at Current Market Prices by Regency/Municipality, in Nusa Tenggara Barat Province (thousand rupiahss), 2020–2024",18,8,af45b2480afa
NUSA TENGGARA TIMUR,01,Kab. Sumba Barat,,2024,**,19.387,,"PDRB Per Kapita Atas Dasar Harga Berlaku di Provinsi Nusa Tenggara Timur Menurut Kabupaten/Kota (ribu rupiah), 2020–2024","Per Capita GRDP at Current Market Prices by Regency/Municipality, in Nusa Tenggara Timur Province (thousand rupiahss), 2020–2024",19,9,9499b8cc7b79
NUSA TENGGARA TIMUR,02,Kab. Sumba Timur,,2024,**,30.086,,"PDRB Per Kapita Atas Dasar Harga Berlaku di Provinsi Nusa Tenggara Timur Menurut Kabupaten/Kota (ribu rupiah), 2020–2024","Per Capita GRDP at Current Market Prices by Regency/Municipality, in Nusa Tenggara Timur Province (thousand rupiahss), 2020–2024",19,9,cb19ec346c6c
NUSA TENGGARA TIMUR,03,Kab. Kupang,,2024,**,25.954,,"PDRB Per Kapita Atas Dasar Harga Berlaku di Provinsi Nusa Tenggara Timur Menurut Kabupaten/Kota (ribu rupiah), 2020–2024","Per Capita GRDP at Current Market Prices by Regency/Municipality, in Nusa Tenggara Timur Province (thousand rupiahss), 2020–2024",19,9,c9e67872aba1
NUSA TENGGARA TIMUR,04,Kab. Timor Tengah Selatan,,2024,**,21.283,,"PDRB Per Kapita Atas Dasar Harga Berlaku di Provinsi Nusa Tenggara Timur Menurut Kabupaten/Kota (ribu rupiah), 2020–2024","Per Capita GRDP at Current Market Prices by Regency/Municipality, in Nusa Tenggara Timur Province (thousand rupiahss), 2020–2024",19,9,4c0b8f39b4dc
NUSA TENGGARA TIMUR,05,Kab. Timor Tengah Utara,,2024,**,18.717,,"PDRB Per Kapita Atas Dasar Harga Berlaku di Provinsi Nusa Tenggara Timur Menurut Kabupaten/Kota (ribu rupiah), 2020–2024","Per Capita GRDP at Current Market Prices by Regency/Municipality, in Nusa Tenggara Timur Province (thousand rupiahss), 2020–2024",19,9,5e526f0fb37a
NUSA TENGGARA TIMUR,06,Kab. Belu,,2024,**,25.163,,"PDRB Per Kapita Atas Dasar Harga Berlaku di Provinsi Nusa Tenggara Timur Menurut Kabupaten/Kota (ribu rupiah), 2020–2024","Per Capita GRDP at Current Market Prices by Regency/Municipality, in Nusa Tenggara Timur Province (thousand rupiahss), 2020–2024",19,9,3bd77d6d1c62
NUSA TENGGARA TIMUR,07,Kab. Alor,,2024,**,17.810,,"PDRB Per Kapita Atas Dasar Harga Berlaku di Provinsi Nusa Tenggara Timur Menurut Kabupaten/Kota (ribu rupiah), 2020–2024","Per Capita GRDP at Current Market Prices by Regency/Municipality, in Nusa Tenggara Timur Province (thousand rupiahss), 2020–2024",19,9,5c6fd0d94819
NUSA TENGGARA TIMUR,08,Kab. Lembata,,2024,**,15.730,,"PDRB Per Kapita Atas Dasar Harga Berlaku di Provinsi Nusa Tenggara Timur Menurut Kabupaten/Kota (ribu rupiah), 2020–2024","Per Capita GRDP at Current Market Prices by Regency/Municipality, in Nusa Tenggara Timur Province (thousand rupiahss), 2020–2024",19,9,d90fa2411903
NUSA TENGGARA TIMUR,09,Kab. Flores Timur,,2024,**,22.034,,"PDRB Per Kapita Atas Dasar Harga Berlaku di Provinsi Nusa Tenggara Timur Menurut Kabupaten/Kota (ribu rupiah), 2020–2024","Per Capita GRDP at Current Market Prices by Regency/Municipality, in Nusa Tenggara Timur Province (thousand rupiahss), 2020–2024",19,9,c9faa09441b5
NUSA TENGGARA TIMUR,10,Kab. Sikka,,2024,**,19.850,,"PDRB Per Kapita Atas Dasar Harga Berlaku di Provinsi Nusa Tenggara Timur Menurut Kabupaten/Kota (ribu rupiah), 2020–2024","Per Capita GRDP at Current Market Prices by Regency/Municipality, in Nusa Tenggara Timur Province (thousand rupiahss), 2020–2024",19,9,28c0565a3877
NUSA TENGGARA TIMUR,11,Kab. Ende,,2024,**,28.025,,"PDRB Per Kapita Atas Dasar Harga Berlaku di Provinsi Nusa Tenggara Timur Menurut Kabupaten/Kota (ribu rupiah), 2020–2024","Per Capita GRDP at Current Market Prices by Regency/Municipality, in Nusa Tenggara Timur Province (thousand rupiahss), 2020–2024",19,9,3b6a499211e4
NUSA TENGGARA TIMUR,12,Kab. Ngada,,2024,**,25.672,,"PDRB Per Kapita Atas Dasar Harga Berlaku di Provinsi Nusa Tenggara Timur Menurut Kabupaten/Kota (ribu rupiah), 2020–2024","Per Capita GRDP at Current Market Prices by Regency/Municipality, in Nusa Tenggara Timur Province (thousand rupiahss), 2020–2024",19,9,1041ae519957
NUSA TENGGARA TIMUR,13,Kab. Manggarai,,2024,**,17.771,,"PDRB Per Kapita Atas Dasar Harga Berlaku di Provinsi Nusa Tenggara Timur Menurut Kabupaten/Kota (ribu rupiah), 2020–2024","Per Capita GRDP at Current Market Prices by Regency/Municipality, in Nusa Tenggara Timur Province (thousand rupiahss), 2020–2024",19,9,706a4ad8f35d
NUSA TENGGARA TIMUR,14,Kab. Rote Ndao,,2024,**,25.604,,"PDRB Per Kapita Atas Dasar Harga Berlaku di Provinsi Nusa Tenggara Timur Menurut Kabupaten/Kota (ribu rupiah), 2020–2024","Per Capita GRDP at Current Market Prices by Regency/Municipality, in Nusa Tenggara Timur Province (thousand rupiahss), 2020–2024",19,9,07b07acf4a31
NUSA TENGGARA TIMUR,15,Kab. Manggarai Barat,,2024,**,16.629,,"PDRB Per Kapita Atas Dasar Harga Berlaku di Provinsi Nusa Tenggara Timur Menurut Kabupaten/Kota (ribu rupiah), 2020–2024","Per Capita GRDP at Current Market Prices by Regency/Municipality, in Nusa Tenggara Timur Province (thousand rupiahss), 2020–2024",19,9,dda370ce2f20
NUSA TENGGARA TIMUR,16,Kab. Sumba Tengah,,2024,**,16.536,,"PDRB Per Kapita Atas Dasar Harga Berlaku di Provinsi Nusa Tenggara Timur Menurut Kabupaten/Kota (ribu rupiah), 2020–2024","Per Capita GRDP at Current Market Prices by Regency/Municipality, in Nusa Tenggara Timur Province (thousand rupiahss), 2020–2024",19,9,0ee8d4ba8ca9
NUSA TENGGARA TIMUR,17,Kab. Sumba Barat Daya,,2024,**,14.995,,"PDRB Per Kapita Atas Dasar Harga Berlaku di Provinsi Nusa Tenggara Timur Menurut Kabupaten/Kota (ribu rupiah), 2020–2024","Per Capita GRDP at Current Market Prices by Regency/Municipality, in Nusa Tenggara Timur Province (thousand rupiahss), 2020–2024",19,9,9136c08cd373
NUSA TENGGARA TIMUR,18,Kab. Nagekeo,,2024,**,17.050,,"PDRB Per Kapita Atas Dasar Harga Berlaku di Provinsi Nusa Tenggara Timur Menurut Kabupaten/Kota (ribu rupiah), 2020–2024","Per Capita GRDP at Current Market Prices by Regency/Municipality, in Nusa Tenggara Timur Province (thousand rupiahss), 2020–2024",19,9,a4348cde8d96
NUSA TENGGARA TIMUR,19,Kab. Manggarai Timur,,2024,**,14.414,,"PDRB Per Kapita Atas Dasar Harga Berlaku di Provinsi Nusa Tenggara Timur Menurut Kabupaten/Kota (ribu rupiah), 2020–2024","Per Capita GRDP at Current Market Prices by Regency/Municipality, in Nusa Tenggara Timur Province (thousand rupiahss), 2020–2024",19,9,09fa6e33a706
NUSA TENGGARA TIMUR,20,Kab. Sabu Raijua,,2024,**,18.279,,"PDRB Per Kapita Atas Dasar Harga Berlaku di Provinsi Nusa Tenggara Timur Menurut Kabupaten/Kota (ribu rupiah), 2020–2024","Per Capita GRDP at Current Market Prices by Regency/Municipality, in Nusa Tenggara Timur Province (thousand rupiahss), 2020–2024",19,9,ffb57ff1ec68
NUSA TENGGARA TIMUR,21,Kab. Malaka,,2024,**,19.481,,"PDRB Per Kapita Atas Dasar Harga Berlaku di Provinsi Nusa Tenggara Timur Menurut Kabupaten/Kota (ribu rupiah), 2020–2024","Per Capita GRDP at Current Market Prices by Regency/Municipality, in Nusa Tenggara Timur Province (thousand rupiahss), 2020–2024",19,9,30ca2586cd1b
NUSA TENGGARA TIMUR,71,Kota Kupang,,2024,**,64.813,,"PDRB Per Kapita Atas Dasar Harga Berlaku di Provinsi Nusa Tenggara Timur Menurut Kabupaten/Kota (ribu rupiah), 2020–2024","Per Capita GRDP at Current Market Prices by Regency/Municipality, in Nusa Tenggara Timur Province (thousand rupiahss), 2020–2024",19,9,65d3806f6b2b
NUSA TENGGARA TIMUR,,Jml Kab./Kota Total of Reg./Mun.,,2024,**,24.425,,"PDRB Per Kapita Atas Dasar Harga Berlaku di Provinsi Nusa Tenggara Timur Menurut Kabupaten/Kota (ribu rupiah), 2020–2024","Per Capita GRDP at Current Market Prices by Regency/Municipality, in Nusa Tenggara Timur Province (thousand rupiahss), 2020–2024",19,9,2a3a3971defe
NUSA TENGGARA TIMUR,,Provinsi/Province,,2024,**,24.272,,"PDRB Per Kapita Atas Dasar Harga Berlaku di Provinsi Nusa Tenggara Timur Menurut Kabupaten/Kota (ribu rupiah), 2020–2024","Per Capita GRDP at Current Market Prices by Regency/Municipality, in Nusa Tenggara Timur Province (thousand rupiahss), 2020–2024",19,9,2e9b460ca396
KALIMANTAN BARAT,01,Kab. Sambas,,2024,**,43.610,,"PDRB Per Kapita Atas Dasar Harga Berlaku di Provinsi Kalimantan Barat Menurut Kabupaten/Kota (ribu rupiah), 2020–2024","Per Capita GRDP at Current Market Prices by Regency/Municipality, in Kalimantan Barat Province (thousand rupiahss), 2020–2024",20,10,2a1830a4ebcf
KALIMANTAN BARAT,02,Kab. Bengkayang,,2024,**,40.333,,"PDRB Per Kapita Atas Dasar Harga Berlaku di Provinsi Kalimantan Barat Menurut Kabupaten/Kota (ribu rupiah), 2020–2024","Per Capita GRDP at Current Market Prices by Regency/Municipality, in Kalimantan Barat Province (thousand rupiahss), 2020–2024",20,10,78702add44da
KALIMANTAN BARAT,03,Kab. Landak,,2024,**,35.713,,"PDRB Per Kapita Atas Dasar Harga Berlaku di Provinsi Kalimantan Barat Menurut Kabupaten/Kota (ribu rupiah), 2020–2024","Per Capita GRDP at Current Market Prices by Regency/Municipality, in Kalimantan Barat Province (thousand rupiahss), 2020–2024",20,10,68fe913f8c31
KALIMANTAN BARAT,04,Kab. Mempawah,,2024,**,39.506,,"PDRB Per Kapita Atas Dasar Harga Berlaku di Provinsi Kalimantan Barat Menurut Kabupaten/Kota (ribu rupiah), 2020–2024","Per Capita GRDP at Current Market Prices by Regency/Municipality, in Kalimantan Barat Province (thousand rupiahss), 2020–2024",20,10,ee517affc9db
KALIMANTAN BARAT,05,Kab. Sanggau,,2024,**,51.965,,"PDRB Per Kapita Atas Dasar Harga Berlaku di Provinsi Kalimantan Barat Menurut Kabupaten/Kota (ribu rupiah), 2020–2024","Per Capita GRDP at Current Market Prices by Regency/Municipality, in Kalimantan Barat Province (thousand rupiahss), 2020–2024",20,10,90b1b8a1810f
KALIMANTAN BARAT,06,Kab. Ketapang,,2024,**,65.207,,"PDRB Per Kapita Atas Dasar Harga Berlaku di Provinsi Kalimantan Barat Menurut Kabupaten/Kota (ribu rupiah), 2020–2024","Per Capita GRDP at Current Market Prices by Regency/Municipality, in Kalimantan Barat Province (thousand rupiahss), 2020–2024",20,10,57851a5f3e2a
KALIMANTAN BARAT,07,Kab. Sintang,,2024,**,46.169,,"PDRB Per Kapita Atas Dasar Harga Berlaku di Provinsi Kalimantan Barat Menurut Kabupaten/Kota (ribu rupiah), 2020–2024","Per Capita GRDP at Current Market Prices by Regency/Municipality, in Kalimantan Barat Province (thousand rupiahss), 2020–2024",20,10,cfaa4f45b103
KALIMANTAN BARAT,08,Kab. Kapuas Hulu,,2024,**,53.963,,"PDRB Per Kapita Atas Dasar Harga Berlaku di Provinsi Kalimantan Barat Menurut Kabupaten/Kota (ribu rupiah), 2020–2024","Per Capita GRDP at Current Market Prices by Regency/Municipality, in Kalimantan Barat Province (thousand rupiahss), 2020–2024",20,10,6af86957ff3a
KALIMANTAN BARAT,09,Kab. Sekadau,,2024,**,42.389,,"PDRB Per Kapita Atas Dasar Harga Berlaku di Provinsi Kalimantan Barat Menurut Kabupaten/Kota (ribu rupiah), 2020–2024","Per Capita GRDP at Current Market Prices by Regency/Municipality, in Kalimantan Barat Province (thousand rupiahss), 2020–2024",20,10,aaad19bfa31b
KALIMANTAN BARAT,10,Kab. Melawi,,2024,**,29.739,,"PDRB Per Kapita Atas Dasar Harga Berlaku di Provinsi Kalimantan Barat Menurut Kabupaten/Kota (ribu rupiah), 2020–2024","Per Capita GRDP at Current Market Prices by Regency/Municipality, in Kalimantan Barat Province (thousand rupiahss), 2020–2024",20,10,b104e9fe7b20
KALIMANTAN BARAT,11,Kab. Kayong Utara,,2024,**,43.166,,"PDRB Per Kapita Atas Dasar Harga Berlaku di Provinsi Kalimantan Barat Menurut Kabupaten/Kota (ribu rupiah), 2020–2024","Per Capita GRDP at Current Market Prices by Regency/Municipality, in Kalimantan Barat Province (thousand rupiahss), 2020–2024",20,10,6e7da64ee418
KALIMANTAN BARAT,12,Kab. Kubu Raya,,2024,**,64.206,,"PDRB Per Kapita Atas Dasar Harga Berlaku di Provinsi Kalimantan Barat Menurut Kabupaten/Kota (ribu rupiah), 2020–2024","Per Capita GRDP at Current Market Prices by Regency/Municipality, in Kalimantan Barat Province (thousand rupiahss), 2020–2024",20,10,9e0119d7ccbc
KALIMANTAN BARAT,71,Kota Pontianak,,2024,**,75.420,,"PDRB Per Kapita Atas Dasar Harga Berlaku di Provinsi Kalimantan Barat Menurut Kabupaten/Kota (ribu rupiah), 2020–2024","Per Capita GRDP at Current Market Prices by Regency/Municipality, in Kalimantan Barat Province (thousand rupiahss), 2020–2024",20,10,18325073f3ec
KALIMANTAN BARAT,72,Kota Singkawang,,2024,**,56.062,,"PDRB Per Kapita Atas Dasar Harga Berlaku di Provinsi Kalimantan Barat Menurut Kabupaten/Kota (ribu rupiah), 2020–2024","Per Capita GRDP at Current Market Prices by Regency/Municipality, in Kalimantan Barat Province (thousand rupiahss), 2020–2024",20,10,b6e01ac442d1
KALIMANTAN BARAT,,Jml Kab./Kota Total of Reg./Mun.,,2024,**,52.381,,"PDRB Per Kapita Atas Dasar Harga Berlaku di Provinsi Kalimantan Barat Menurut Kabupaten/Kota (ribu rupiah), 2020–2024","Per Capita GRDP at Current Market Prices by Regency/Municipality, in Kalimantan Barat Province (thousand rupiahss), 2020–2024",20,10,17ec538c68b2
KALIMANTAN BARAT,,Provinsi/Province,,2024,**,52.703,,"PDRB Per Kapita Atas Dasar Harga Berlaku di Provinsi Kalimantan Barat Menurut Kabupaten/Kota (ribu rupiah), 2020–2024","Per Capita GRDP at Current Market Prices by Regency/Municipality, in Kalimantan Barat Province (thousand rupiahss), 2020–2024",20,10,200566bf460a
KALIMANTAN TENGAH,01,Kab. Kotawaringin Barat,,2020,,75.984,,"PDRB Per Kapita Atas Dasar Harga Berlaku di Provinsi Kalimantan Tengah Menurut Kabupaten/Kota (ribu rupiah), 2020–2024","Per Capita GRDP at Current Market Prices by Regency/Municipality, in Kalimantan Tengah Province (thousand rupiahss), 2020–2024",21,1,e7550d5b6bd8
KALIMANTAN TENGAH,02,Kab. Kotawaringin Timur,,2020,,63.015,,"PDRB Per Kapita Atas Dasar Harga Berlaku di Provinsi Kalimantan Tengah Menurut Kabupaten/Kota (ribu rupiah), 2020–2024","Per Capita GRDP at Current Market Prices by Regency/Municipality, in Kalimantan Tengah Province (thousand rupiahss), 2020–2024",21,1,e914ecc1f516
KALIMANTAN TENGAH,03,Kab. Kapuas,,2020,,40.488,,"PDRB Per Kapita Atas Dasar Harga Berlaku di Provinsi Kalimantan Tengah Menurut Kabupaten/Kota (ribu rupiah), 2020–2024","Per Capita GRDP at Current Market Prices by Regency/Municipality, in Kalimantan Tengah Province (thousand rupiahss), 2020–2024",21,1,7de0aec92549
KALIMANTAN TENGAH,04,Kab. Barito Selatan,,2020,,47.855,,"PDRB Per Kapita Atas Dasar Harga Berlaku di Provinsi Kalimantan Tengah Menurut Kabupaten/Kota (ribu rupiah), 2020–2024","Per Capita GRDP at Current Market Prices by Regency/Municipality, in Kalimantan Tengah Province (thousand rupiahss), 2020–2024",21,1,677f0609c195
KALIMANTAN TENGAH,05,Kab. Barito Utara,,2020,,60.894,,"PDRB Per Kapita Atas Dasar Harga Berlaku di Provinsi Kalimantan Tengah Menurut Kabupaten/Kota (ribu rupiah), 2020–2024","Per Capita GRDP at Current Market Prices by Regency/Municipality, in Kalimantan Tengah Province (thousand rupiahss), 2020–2024",21,1,516bd34c026e
KALIMANTAN TENGAH,06,Kab. Sukamara,,2020,,70.117,,"PDRB Per Kapita Atas Dasar Harga Berlaku di Provinsi Kalimantan Tengah Menurut Kabupaten/Kota (ribu rupiah), 2020–2024","Per Capita GRDP at Current Market Prices by Regency/Municipality, in Kalimantan Tengah Province (thousand rupiahss), 2020–2024",21,1,fe59d5d34df0
KALIMANTAN TENGAH,07,Kab. Lamandau,,2020,,59.672,,"PDRB Per Kapita Atas Dasar Harga Berlaku di Provinsi Kalimantan Tengah Menurut Kabupaten/Kota (ribu rupiah), 2020–2024","Per Capita GRDP at Current Market Prices by Regency/Municipality, in Kalimantan Tengah Province (thousand rupiahss), 2020–2024",21,1,3b6d3db5a258
KALIMANTAN TENGAH,08,Kab. Seruyan,,2020,,53.907,,"PDRB Per Kapita Atas Dasar Harga Berlaku di Provinsi Kalimantan Tengah Menurut Kabupaten/Kota (ribu rupiah), 2020–2024","Per Capita GRDP at Current Market Prices by Regency/Municipality, in Kalimantan Tengah Province (thousand rupiahss), 2020–2024",21,1,1c5a72d86c74
KALIMANTAN TENGAH,09,Kab. Katingan,,2020,,51.161,,"PDRB Per Kapita Atas Dasar Harga Berlaku di Provinsi Kalimantan Tengah Menurut Kabupaten/Kota (ribu rupiah), 2020–2024","Per Capita GRDP at Current Market Prices by Regency/Municipality, in Kalimantan Tengah Province (thousand rupiahss), 2020–2024",21,1,ef261b3c0262
KALIMANTAN TENGAH,10,Kab. Pulang Pisau,,2020,,41.574,,"PDRB Per Kapita Atas Dasar Harga Berlaku di Provinsi Kalimantan Tengah Menurut Kabupaten/Kota (ribu rupiah), 2020–2024","Per Capita GRDP at Current Market Prices by Regency/Municipality, in Kalimantan Tengah Province (thousand rupiahss), 2020–2024",21,1,52149170ca88
KALIMANTAN TENGAH,11,Kab. Gunung Mas,,2020,,46.638,,"PDRB Per Kapita Atas Dasar Harga Berlaku di Provinsi Kalimantan Tengah Menurut Kabupaten/Kota (ribu rupiah), 2020–2024","Per Capita GRDP at Current Market Prices by Regency/Municipality, in Kalimantan Tengah Province (thousand rupiahss), 2020–2024",21,1,9beb8091d694
KALIMANTAN TENGAH,12,Kab. Barito Timur,,2020,,62.831,,"PDRB Per Kapita Atas Dasar Harga Berlaku di Provinsi Kalimantan Tengah Menurut Kabupaten/Kota (ribu rupiah), 2020–2024","Per Capita GRDP at Current Market Prices by Regency/Municipality, in Kalimantan Tengah Province (thousand rupiahss), 2020–2024",21,1,db28647792b0
KALIMANTAN TENGAH,13,Kab. Murung Raya,,2020,,69.690,,"PDRB Per Kapita Atas Dasar Harga Berlaku di Provinsi Kalimantan Tengah Menurut Kabupaten/Kota (ribu rupiah), 2020–2024","Per Capita GRDP at Current Market Prices by Regency/Municipality, in Kalimantan Tengah Province (thousand rupiahss), 2020–2024",21,1,f5189d09cf24
KALIMANTAN TENGAH,71,Kota Palangka Raya,,2020,,62.584,,"PDRB Per Kapita Atas Dasar Harga Berlaku di Provinsi Kalimantan Tengah Menurut Kabupaten/Kota (ribu rupiah), 2020–2024","Per Capita GRDP at Current Market Prices by Regency/Municipality, in Kalimantan Tengah Province (thousand rupiahss), 2020–2024",21,1,97ab9160fd50
KALIMANTAN TENGAH,,Jml Kab./Kota Total of Reg./Mun.,,2020,,57.083,,"PDRB Per Kapita Atas Dasar Harga Berlaku di Provinsi Kalimantan Tengah Menurut Kabupaten/Kota (ribu rupiah), 2020–2024","Per Capita GRDP at Current Market Prices by Regency/Municipality, in Kalimantan Tengah Province (thousand rupiahss), 2020–2024",21,1,a1b8eb7121b7
KALIMANTAN TENGAH,,Provinsi/Province,,2020,,57.145,,"PDRB Per Kapita Atas Dasar Harga Berlaku di Provinsi Kalimantan Tengah Menurut Kabupaten/Kota (ribu rupiah), 2020–2024","Per Capita GRDP at Current Market Prices by Regency/Municipality, in Kalimantan Tengah Province (thousand rupiahss), 2020–2024",21,1,9dcaef635fd8
KALIMANTAN SELATAN,01,Kab. Tanah Laut,,2020,,39.660,,"PDRB Per Kapita Atas Dasar Harga Berlaku di Provinsi Kalimantan Selatan Menurut Kabupaten/Kota (ribu rupiah), 2020–2024","Per Capita GRDP at Current Market Prices by Regency/Municipality, in Kalimantan Selatan Province (thousand rupiahss), 2020–2024",22,2,58e4f10cbcb1
KALIMANTAN SELATAN,02,Kab. Kota Baru,,2020,,73.768,,"PDRB Per Kapita Atas Dasar Harga Berlaku di Provinsi Kalimantan Selatan Menurut Kabupaten/Kota (ribu rupiah), 2020–2024","Per Capita GRDP at Current Market Prices by Regency/Municipality, in Kalimantan Selatan Province (thousand rupiahss), 2020–2024",22,2,1d7befce90cb
KALIMANTAN SELATAN,03,Kab. Banjar,,2020,,29.293,,"PDRB Per Kapita Atas Dasar Harga Berlaku di Provinsi Kalimantan Selatan Menurut Kabupaten/Kota (ribu rupiah), 2020–2024","Per Capita GRDP at Current Market Prices by Regency/Municipality, in Kalimantan Selatan Province (thousand rupiahss), 2020–2024",22,2,8dd883eae962
KALIMANTAN SELATAN,04,Kab. Barito Kuala,,2020,,27.908,,"PDRB Per Kapita Atas Dasar Harga Berlaku di Provinsi Kalimantan Selatan Menurut Kabupaten/Kota (ribu rupiah), 2020–2024","Per Capita GRDP at Current Market Prices by Regency/Municipality, in Kalimantan Selatan Province (thousand rupiahss), 2020–2024",22,2,fa46cdd171c4
KALIMANTAN SELATAN,05,Kab. Tapin,,2020,,44.425,,"PDRB Per Kapita Atas Dasar Harga Berlaku di Provinsi Kalimantan Selatan Menurut Kabupaten/Kota (ribu rupiah), 2020–2024","Per Capita GRDP at Current Market Prices by Regency/Municipality, in Kalimantan Selatan Province (thousand rupiahss), 2020–2024",22,2,ef5818668019
KALIMANTAN SELATAN,06,Kab. Hulu Sungai Selatan,,2020,,28.837,,"PDRB Per Kapita Atas Dasar Harga Berlaku di Provinsi Kalimantan Selatan Menurut Kabupaten/Kota (ribu rupiah), 2020–2024","Per Capita GRDP at Current Market Prices by Regency/Municipality, in Kalimantan Selatan Province (thousand rupiahss), 2020–2024",22,2,4eb8d5f6c053
KALIMANTAN SELATAN,07,Kab. Hulu Sungai Tengah,,2020,,27.294,,"PDRB Per Kapita Atas Dasar Harga Berlaku di Provinsi Kalimantan Selatan Menurut Kabupaten/Kota (ribu rupiah), 2020–2024","Per Capita GRDP at Current Market Prices by Regency/Municipality, in Kalimantan Selatan Province (thousand rupiahss), 2020–2024",22,2,ff84e735d35b
KALIMANTAN SELATAN,08,Kab. Hulu Sungai Utara,,2020,,21.954,,"PDRB Per Kapita Atas Dasar Harga Berlaku di Provinsi Kalimantan Selatan Menurut Kabupaten/Kota (ribu rupiah), 2020–2024","Per Capita GRDP at Current Market Prices by Regency/Municipality, in Kalimantan Selatan Province (thousand rupiahss), 2020–2024",22,2,ea83a4589ce6
KALIMANTAN SELATAN,09,Kab. Tabalong,,2020,,70.285,,"PDRB Per Kapita Atas Dasar Harga Berlaku di Provinsi Kalimantan Selatan Menurut Kabupaten/Kota (ribu rupiah), 2020–2024","Per Capita GRDP at Current Market Prices by Regency/Municipality, in Kalimantan Selatan Province (thousand rupiahss), 2020–2024",22,2,4e7a38830367
KALIMANTAN SELATAN,10,Kab. Tanah Bumbu,,2020,,61.949,,"PDRB Per Kapita Atas Dasar Harga Berlaku di Provinsi Kalimantan Selatan Menurut Kabupaten/Kota (ribu rupiah), 2020–2024","Per Capita GRDP at Current Market Prices by Regency/Municipality, in Kalimantan Selatan Province (thousand rupiahss), 2020–2024",22,2,42320c426d73
KALIMANTAN SELATAN,11,Kab. Balangan,,2020,,82.540,,"PDRB Per Kapita Atas Dasar Harga Berlaku di Provinsi Kalimantan Selatan Menurut Kabupaten/Kota (ribu rupiah), 2020–2024","Per Capita GRDP at Current Market Prices by Regency/Municipality, in Kalimantan Selatan Province (thousand rupiahss), 2020–2024",22,2,22247c969d59
KALIMANTAN SELATAN,71,Kota Banjarmasin,,2020,,49.815,,"PDRB Per Kapita Atas Dasar Harga Berlaku di Provinsi Kalimantan Selatan Menurut Kabupaten/Kota (ribu rupiah), 2020–2024","Per Capita GRDP at Current Market Prices by Regency/Municipality, in Kalimantan Selatan Province (thousand rupiahss), 2020–2024",22,2,32035b009120
KALIMANTAN SELATAN,72,Kota Banjar Baru,,2020,,37.852,,"PDRB Per Kapita Atas Dasar Harga Berlaku di Provinsi Kalimantan Selatan Menurut Kabupaten/Kota (ribu rupiah), 2020–2024","Per Capita GRDP at Current Market Prices by Regency/Municipality, in Kalimantan Selatan Province (thousand rupiahss), 2020–2024",22,2,a1b3bd731162
KALIMANTAN SELATAN,,Jml Kab./Kota Total of Reg./Mun.,,2020,,44.453,,"PDRB Per Kapita Atas Dasar Harga Berlaku di Provinsi Kalimantan Selatan Menurut Kabupaten/Kota (ribu rupiah), 2020–2024","Per Capita GRDP at Current Market Prices by Regency/Municipality, in Kalimantan Selatan Province (thousand rupiahss), 2020–2024",22,2,c690954cea91
KALIMANTAN SELATAN,,Provinsi/Province,,2020,,44.101,,"PDRB Per Kapita Atas Dasar Harga Berlaku di Provinsi Kalimantan Selatan Menurut Kabupaten/Kota (ribu rupiah), 2020–2024","Per Capita GRDP at Current Market Prices by Regency/Municipality, in Kalimantan Selatan Province (thousand rupiahss), 2020–2024",22,2,113185fbc8f4
KALIMANTAN TIMUR,01,Kab. Paser,,2020,,157.184,,"PDRB Per Kapita Atas Dasar Harga Berlaku di Provinsi Kalimantan Timur Menurut Kabupaten/Kota (ribu rupiah), 2020–2024","Per Capita GRDP at Current Market Prices by Regency/Municipality, in Kalimantan Timur Province (thousand rupiahss), 2020–2024",23,3,f6d770cbe945
KALIMANTAN TIMUR,02,Kab. Kutai Barat,,2020,,158.033,,"PDRB Per Kapita Atas Dasar Harga Berlaku di Provinsi Kalimantan Timur Menurut Kabupaten/Kota (ribu rupiah), 2020–2024","Per Capita GRDP at Current Market Prices by Regency/Municipality, in Kalimantan Timur Province (thousand rupiahss), 2020–2024",23,3,e21275fd6226
KALIMANTAN TIMUR,03,Kab. Kutai Kartanegara,,2020,,204.499,,"PDRB Per Kapita Atas Dasar Harga Berlaku di Provinsi Kalimantan Timur Menurut Kabupaten/Kota (ribu rupiah), 2020–2024","Per Capita GRDP at Current Market Prices by Regency/Municipality, in Kalimantan Timur Province (thousand rupiahss), 2020–2024",23,3,0d67f21877c4
KALIMANTAN TIMUR,04,Kab. Kutai Timur,,2020,,268.798,,"PDRB Per Kapita Atas Dasar Harga Berlaku di Provinsi Kalimantan Timur Menurut Kabupaten/Kota (ribu rupiah), 2020–2024","Per Capita GRDP at Current Market Prices by Regency/Municipality, in Kalimantan Timur Province (thousand rupiahss), 2020–2024",23,3,a4de279e9baf
KALIMANTAN TIMUR,05,Kab. Berau,,2020,,143.667,,"PDRB Per Kapita Atas Dasar Harga Berlaku di Provinsi Kalimantan Timur Menurut Kabupaten/Kota (ribu rupiah), 2020–2024","Per Capita GRDP at Current Market Prices by Regency/Municipality, in Kalimantan Timur Province (thousand rupiahss), 2020–2024",23,3,597dec773b76
KALIMANTAN TIMUR,09,Kab. Penajam Paser Utara,,2020,,50.782,,"PDRB Per Kapita Atas Dasar Harga Berlaku di Provinsi Kalimantan Timur Menurut Kabupaten/Kota (ribu rupiah), 2020–2024","Per Capita GRDP at Current Market Prices by Regency/Municipality, in Kalimantan Timur Province (thousand rupiahss), 2020–2024",23,3,2b0c2aac79c9
KALIMANTAN TIMUR,11,Kab. Mahakam Ulu,,2020,,85.378,,"PDRB Per Kapita Atas Dasar Harga Berlaku di Provinsi Kalimantan Timur Menurut Kabupaten/Kota (ribu rupiah), 2020–2024","Per Capita GRDP at Current Market Prices by Regency/Municipality, in Kalimantan Timur Province (thousand rupiahss), 2020–2024",23,3,54cc1222cde9
KALIMANTAN TIMUR,71,Kota Balikpapan,,2020,,151.313,,"PDRB Per Kapita Atas Dasar Harga Berlaku di Provinsi Kalimantan Timur Menurut Kabupaten/Kota (ribu rupiah), 2020–2024","Per Capita GRDP at Current Market Prices by Regency/Municipality, in Kalimantan Timur Province (thousand rupiahss), 2020–2024",23,3,1886a291cd8c
KALIMANTAN TIMUR,72,Kota Samarinda,,2020,,80.363,,"PDRB Per Kapita Atas Dasar Harga Berlaku di Provinsi Kalimantan Timur Menurut Kabupaten/Kota (ribu rupiah), 2020–2024","Per Capita GRDP at Current Market Prices by Regency/Municipality, in Kalimantan Timur Province (thousand rupiahss), 2020–2024",23,3,c55d7a277a6a
KALIMANTAN TIMUR,74,Kota Bontang,,2020,,311.880,,"PDRB Per Kapita Atas Dasar Harga Berlaku di Provinsi Kalimantan Timur Menurut Kabupaten/Kota (ribu rupiah), 2020–2024","Per Capita GRDP at Current Market Prices by Regency/Municipality, in Kalimantan Timur Province (thousand rupiahss), 2020–2024",23,3,ac23bc5eacc2
KALIMANTAN TIMUR,,Jml Kab./Kota Total of Reg./Mun.,,2020,,161.969,,"PDRB Per Kapita Atas Dasar Harga Berlaku di Provinsi Kalimantan Timur Menurut Kabupaten/Kota (ribu rupiah), 2020–2024","Per Capita GRDP at Current Market Prices by Regency/Municipality, in Kalimantan Timur Province (thousand rupiahss), 2020–2024",23,3,625703e4e2c0
KALIMANTAN TIMUR,,Provinsi/Province,,2020,,161.799,,"PDRB Per Kapita Atas Dasar Harga Berlaku di Provinsi Kalimantan Timur Menurut Kabupaten/Kota (ribu rupiah), 2020–2024","Per Capita GRDP at Current Market Prices by Regency/Municipality, in Kalimantan Timur Province (thousand rupiahss), 2020–2024",23,3,00d946cc4f1d
KALIMANTAN UTARA,01,Kab. Malinau,,2020,,135.566,,"PDRB Per Kapita Atas Dasar Harga Berlaku di Provinsi Kalimantan Utara Menurut Kabupaten/Kota (ribu rupiah), 2020–2024","Per Capita GRDP at Current Market Prices by Regency/Municipality, in Kalimantan Utara Province (thousand rupiahss), 2020–2024",24,4,0481efb31b60
KALIMANTAN UTARA,02,Kab. Bulungan,,2020,,123.791,,"PDRB Per Kapita Atas Dasar Harga Berlaku di Provinsi Kalimantan Utara Menurut Kabupaten/Kota (ribu rupiah), 2020–2024","Per Capita GRDP at Current Market Prices by Regency/Municipality, in Kalimantan Utara Province (thousand rupiahss), 2020–2024",24,4,406301245fb5
KALIMANTAN UTARA,03,Kab. Tana Tidung,,2020,,231.649,,"PDRB Per Kapita Atas Dasar Harga Berlaku di Provinsi Kalimantan Utara Menurut Kabupaten/Kota (ribu rupiah), 2020–2024","Per Capita GRDP at Current Market Prices by Regency/Municipality, in Kalimantan Utara Province (thousand rupiahss), 2020–2024",24,4,b60b9ebbe860
KALIMANTAN UTARA,04,Kab. Nunukan,,2020,,132.693,,"PDRB Per Kapita Atas Dasar Harga Berlaku di Provinsi Kalimantan Utara Menurut Kabupaten/Kota (ribu rupiah), 2020–2024","Per Capita GRDP at Current Market Prices by Regency/Municipality, in Kalimantan Utara Province (thousand rupiahss), 2020–2024",24,4,3c34249fe6e3
KALIMANTAN UTARA,71,Kota Tarakan,,2020,,156.956,,"PDRB Per Kapita Atas Dasar Harga Berlaku di Provinsi Kalimantan Utara Menurut Kabupaten/Kota (ribu rupiah), 2020–2024","Per Capita GRDP at Current Market Prices by Regency/Municipality, in Kalimantan Utara Province (thousand rupiahss), 2020–2024",24,4,64f2c590b628
KALIMANTAN UTARA,,Jml Kab./Kota Total of Reg./Mun.,,2020,,143.099,,"PDRB Per Kapita Atas Dasar Harga Berlaku di Provinsi Kalimantan Utara Menurut Kabupaten/Kota (ribu rupiah), 2020–2024","Per Capita GRDP at Current Market Prices by Regency/Municipality, in Kalimantan Utara Province (thousand rupiahss), 2020–2024",24,4,5c73d7c8eaa0
KALIMANTAN UTARA,,Provinsi/Province,,2020,,143.533,,"PDRB Per Kapita Atas Dasar Harga Berlaku di Provinsi Kalimantan Utara Menurut Kabupaten/Kota (ribu rupiah), 2020–2024","Per Capita GRDP at Current Market Prices by Regency/Municipality, in Kalimantan Utara Province (thousand rupiahss), 2020–2024",24,4,f732de95f801
SULAWESI UTARA,01,Kab. Bolaang Mongondow,,2020,,33.804,,"PDRB Per Kapita Atas Dasar Harga Berlaku di Provinsi Sulawesi Utara Menurut Kabupaten/Kota (ribu rupiah), 2020–2024","Per Capita GRDP at Current Market Prices by Regency/Municipality, in Sulawesi Utara Province (thousand rupiahss), 2020–2024",25,5,b1c19104c401
SULAWESI UTARA,02,Kab. Minahasa,,2020,,50.228,,"PDRB Per Kapita Atas Dasar Harga Berlaku di Provinsi Sulawesi Utara Menurut Kabupaten/Kota (ribu rupiah), 2020–2024","Per Capita GRDP at Current Market Prices by Regency/Municipality, in Sulawesi Utara Province (thousand rupiahss), 2020–2024",25,5,c55ece3a5868
SULAWESI UTARA,03,Kab. Kepulauan Sangihe,,2020,,31.494,,"PDRB Per Kapita Atas Dasar Harga Berlaku di Provinsi Sulawesi Utara Menurut Kabupaten/Kota (ribu rupiah), 2020–2024","Per Capita GRDP at Current Market Prices by Regency/Municipality, in Sulawesi Utara Province (thousand rupiahss), 2020–2024",25,5,f5971e44b2d7
SULAWESI UTARA,04,Kab. Kepulauan Talaud,,2020,,24.009,,"PDRB Per Kapita Atas Dasar Harga Berlaku di Provinsi Sulawesi Utara Menurut Kabupaten/Kota (ribu rupiah), 2020–2024","Per Capita GRDP at Current Market Prices by Regency/Municipality, in Sulawesi Utara Province (thousand rupiahss), 2020–2024",25,5,880c16f04e1d
SULAWESI UTARA,05,Kab. Minahasa Selatan,,2020,,37.239,,"PDRB Per Kapita Atas Dasar Harga Berlaku di Provinsi Sulawesi Utara Menurut Kabupaten/Kota (ribu rupiah), 2020–2024","Per Capita GRDP at Current Market Prices by Regency/Municipality, in Sulawesi Utara Province (thousand rupiahss), 2020–2024",25,5,8c6d7e116d29
SULAWESI UTARA,06,Kab. Minahasa Utara,,2020,,64.039,,"PDRB Per Kapita Atas Dasar Harga Berlaku di Provinsi Sulawesi Utara Menurut Kabupaten/Kota (ribu rupiah), 2020–2024","Per Capita GRDP at Current Market Prices by Regency/Municipality, in Sulawesi Utara Province (thousand rupiahss), 2020–2024",25,5,d8d9ec996794
SULAWESI UTARA,07,Kab. Bolaang Mongondow Utara,,2020,,31.041,,"PDRB Per Kapita Atas Dasar Harga Berlaku di Provinsi Sulawesi Utara Menurut Kabupaten/Kota (ribu rupiah), 2020–2024","Per Capita GRDP at Current Market Prices by Regency/Municipality, in Sulawesi Utara Province (thousand rupiahss), 2020–2024",25,5,2de5ecee3902
SULAWESI UTARA,08,Kab. Siau Tagulandang Biaro,,2020,,34.116,,"PDRB Per Kapita Atas Dasar Harga Berlaku di Provinsi Sulawesi Utara Menurut Kabupaten/Kota (ribu rupiah), 2020–2024","Per Capita GRDP at Current Market Prices by Regency/Municipality, in Sulawesi Utara Province (thousand rupiahss), 2020–2024",25,5,c8cae2778073
SULAWESI UTARA,09,Kab. Minahasa Tenggara,,2020,,44.900,,"PDRB Per Kapita Atas Dasar Harga Berlaku di Provinsi Sulawesi Utara Menurut Kabupaten/Kota (ribu rupiah), 2020–2024","Per Capita GRDP at Current Market Prices by Regency/Municipality, in Sulawesi Utara Province (thousand rupiahss), 2020–2024",25,5,45feb185f026
SULAWESI UTARA,10,Kab. Bolaang Mongondow Selatan,,2020,,30.951,,"PDRB Per Kapita Atas Dasar Harga Berlaku di Provinsi Sulawesi Utara Menurut Kabupaten/Kota (ribu rupiah), 2020–2024","Per Capita GRDP at Current Market Prices by Regency/Municipality, in Sulawesi Utara Province (thousand rupiahss), 2020–2024",25,5,64f1f28a6fff
SULAWESI UTARA,11,Kab. Bolaang Mongondow Timur,,2020,,35.137,,"PDRB Per Kapita Atas Dasar Harga Berlaku di Provinsi Sulawesi Utara Menurut Kabupaten/Kota (ribu rupiah), 2020–2024","Per Capita GRDP at Current Market Prices by Regency/Municipality, in Sulawesi Utara Province (thousand rupiahss), 2020–2024",25,5,617afa8f29ec
SULAWESI UTARA,71,Kota Manado,,2020,,81.073,,"PDRB Per Kapita Atas Dasar Harga Berlaku di Provinsi Sulawesi Utara Menurut Kabupaten/Kota (ribu rupiah), 2020–2024","Per Capita GRDP at Current Market Prices by Regency/Municipality, in Sulawesi Utara Province (thousand rupiahss), 2020–2024",25,5,0e408f3a34aa
SULAWESI UTARA,72,Kota Bitung,,2020,,76.092,,"PDRB Per Kapita Atas Dasar Harga Berlaku di Provinsi Sulawesi Utara Menurut Kabupaten/Kota (ribu rupiah), 2020–2024","Per Capita GRDP at Current Market Prices by Regency/Municipality, in Sulawesi Utara Province (thousand rupiahss), 2020–2024",25,5,009e407bdf46
SULAWESI UTARA,73,Kota Tomohon,,2020,,43.478,,"PDRB Per Kapita Atas Dasar Harga Berlaku di Provinsi Sulawesi Utara Menurut Kabupaten/Kota (ribu rupiah), 2020–2024","Per Capita GRDP at Current Market Prices by Regency/Municipality, in Sulawesi Utara Province (thousand rupiahss), 2020–2024",25,5,2c4f6f22fee0
SULAWESI UTARA,74,Kota Kotamobagu,,2020,,30.694,,"PDRB Per Kapita Atas Dasar Harga Berlaku di Provinsi Sulawesi Utara Menurut Kabupaten/Kota (ribu rupiah), 2020–2024","Per Capita GRDP at Current Market Prices by Regency/Municipality, in Sulawesi Utara Province (thousand rupiahss), 2020–2024",25,5,02d44e77786b
SULAWESI UTARA,,Jml Kab./Kota Total of Reg./Mun.,,2020,,50.799,,"PDRB Per Kapita Atas Dasar Harga Berlaku di Provinsi Sulawesi Utara Menurut Kabupaten/Kota (ribu rupiah), 2020–2024","Per Capita GRDP at Current Market Prices by Regency/Municipality, in Sulawesi Utara Province (thousand rupiahss), 2020–2024",25,5,65eaf410ed2d
SULAWESI UTARA,,Provinsi/Province,,2020,,50.521,,"PDRB Per Kapita Atas Dasar Harga Berlaku di Provinsi Sulawesi Utara Menurut Kabupaten/Kota (ribu rupiah), 2020–2024","Per Capita GRDP at Current Market Prices by Regency/Municipality, in Sulawesi Utara Province (thousand rupiahss), 2020–2024",25,5,06cfe0c38503
SULAWESI TENGAH,01,Kab. Banggai Kepulauan,,2020,,32.002,,"PDRB Per Kapita Atas Dasar Harga Berlaku di Provinsi Sulawesi Tengah Menurut Kabupaten/Kota (ribu rupiah), 2020–2024","Per Capita GRDP at Current Market Prices by Regency/Municipality, in Sulawesi Tengah Province (thousand rupiahss), 2020–2024",26,6,78782643418e
SULAWESI TENGAH,02,Kab. Banggai,,2020,,75.697,,"PDRB Per Kapita Atas Dasar Harga Berlaku di Provinsi Sulawesi Tengah Menurut Kabupaten/Kota (ribu rupiah), 2020–2024","Per Capita GRDP at Current Market Prices by Regency/Municipality, in Sulawesi Tengah Province (thousand rupiahss), 2020–2024",26,6,2ceaebe4ed7a
SULAWESI TENGAH,03,Kab. Morowali,,2020,,388.801,,"PDRB Per Kapita Atas Dasar Harga Berlaku di Provinsi Sulawesi Tengah Menurut Kabupaten/Kota (ribu rupiah), 2020–2024","Per Capita GRDP at Current Market Prices by Regency/Municipality, in Sulawesi Tengah Province (thousand rupiahss), 2020–2024",26,6,bbf87c1261f5
SULAWESI TENGAH,04,Kab. Poso,,2020,,37.757,,"PDRB Per Kapita Atas Dasar Harga Berlaku di Provinsi Sulawesi Tengah Menurut Kabupaten/Kota (ribu rupiah), 2020–2024","Per Capita GRDP at Current Market Prices by Regency/Municipality, in Sulawesi Tengah Province (thousand rupiahss), 2020–2024",26,6,a8f6aaec5429
SULAWESI TENGAH,05,Kab. Donggala,,2020,,39.124,,"PDRB Per Kapita Atas Dasar Harga Berlaku di Provinsi Sulawesi Tengah Menurut Kabupaten/Kota (ribu rupiah), 2020–2024","Per Capita GRDP at Current Market Prices by Regency/Municipality, in Sulawesi Tengah Province (thousand rupiahss), 2020–2024",26,6,b211ceaa7a94
SULAWESI TENGAH,06,Kab. Toli-Toli,,2020,,36.995,,"PDRB Per Kapita Atas Dasar Harga Berlaku di Provinsi Sulawesi Tengah Menurut Kabupaten/Kota (ribu rupiah), 2020–2024","Per Capita GRDP at Current Market Prices by Regency/Municipality, in Sulawesi Tengah Province (thousand rupiahss), 2020–2024",26,6,24dac5a9bfb7
SULAWESI TENGAH,07,Kab. Buol,,2020,,38.881,,"PDRB Per Kapita Atas Dasar Harga Berlaku di Provinsi Sulawesi Tengah Menurut Kabupaten/Kota (ribu rupiah), 2020–2024","Per Capita GRDP at Current Market Prices by Regency/Municipality, in Sulawesi Tengah Province (thousand rupiahss), 2020–2024",26,6,0a93bc93ef87
SULAWESI TENGAH,08,Kab. Parigi Moutong,,2020,,39.124,,"PDRB Per Kapita Atas Dasar Harga Berlaku di Provinsi Sulawesi Tengah Menurut Kabupaten/Kota (ribu rupiah), 2020–2024","Per Capita GRDP at Current Market Prices by Regency/Municipality, in Sulawesi Tengah Province (thousand rupiahss), 2020–2024",26,6,a4361d3635bd
SULAWESI TENGAH,09,Kab. Tojo Una-Una,,2020,,34.229,,"PDRB Per Kapita Atas Dasar Harga Berlaku di Provinsi Sulawesi Tengah Menurut Kabupaten/Kota (ribu rupiah), 2020–2024","Per Capita GRDP at Current Market Prices by Regency/Municipality, in Sulawesi Tengah Province (thousand rupiahss), 2020–2024",26,6,278673c1a498
SULAWESI TENGAH,10,Kab. Sigi,,2020,,35.192,,"PDRB Per Kapita Atas Dasar Harga Berlaku di Provinsi Sulawesi Tengah Menurut Kabupaten/Kota (ribu rupiah), 2020–2024","Per Capita GRDP at Current Market Prices by Regency/Municipality, in Sulawesi Tengah Province (thousand rupiahss), 2020–2024",26,6,5ac742520d0e
SULAWESI TENGAH,11,Kab. Banggai Laut,,2020,,33.707,,"PDRB Per Kapita Atas Dasar Harga Berlaku di Provinsi Sulawesi Tengah Menurut Kabupaten/Kota (ribu rupiah), 2020–2024","Per Capita GRDP at Current Market Prices by Regency/Municipality, in Sulawesi Tengah Province (thousand rupiahss), 2020–2024",26,6,455fa0965237
SULAWESI TENGAH,12,Kab. Morowali Utara,,2020,,92.644,,"PDRB Per Kapita Atas Dasar Harga Berlaku di Provinsi Sulawesi Tengah Menurut Kabupaten/Kota (ribu rupiah), 2020–2024","Per Capita GRDP at Current Market Prices by Regency/Municipality, in Sulawesi Tengah Province (thousand rupiahss), 2020–2024",26,6,aa387f3c524f
SULAWESI TENGAH,71,Kota Palu,,2020,,64.883,,"PDRB Per Kapita Atas Dasar Harga Berlaku di Provinsi Sulawesi Tengah Menurut Kabupaten/Kota (ribu rupiah), 2020–2024","Per Capita GRDP at Current Market Prices by Regency/Municipality, in Sulawesi Tengah Province (thousand rupiahss), 2020–2024",26,6,dc9dfbb82c13
SULAWESI TENGAH,,Jml Kab./Kota Total of Reg./Mun.,,2020,,66.415,,"PDRB Per Kapita Atas Dasar Harga Berlaku di Provinsi Sulawesi Tengah Menurut Kabupaten/Kota (ribu rupiah), 2020–2024","Per Capita GRDP at Current Market Prices by Regency/Municipality, in Sulawesi Tengah Province (thousand rupiahss), 2020–2024",26,6,d07af4f83c8f
SULAWESI TENGAH,,Provinsi/Province,,2020,,66.306,,"PDRB Per Kapita Atas Dasar Harga Berlaku di Provinsi Sulawesi Tengah Menurut Kabupaten/Kota (ribu rupiah), 2020–2024","Per Capita GRDP at Current Market Prices by Regency/Municipality, in Sulawesi Tengah Province (thousand rupiahss), 2020–2024",26,6,c2640fa64a16
SULAWESI SELATAN,01,Kab. Kepulauan Selayar,,2020,,46.731,,"PDRB Per Kapita Atas Dasar Harga Berlaku di Provinsi Sulawesi Selatan Menurut Kabupaten/Kota (ribu rupiah), 2020–2024","Per Capita GRDP at Current Market Prices by Regency/Municipality, in Sulawesi Selatan Province (thousand rupiahss), 2020–2024",27,7,59df341a27a4
SULAWESI SELATAN,02,Kab. Bulukumba,,2020,,33.340,,"PDRB Per Kapita Atas Dasar Harga Berlaku di Provinsi Sulawesi Selatan Menurut Kabupaten/Kota (ribu rupiah), 2020–2024","Per Capita GRDP at Current Market Prices by Regency/Municipality, in Sulawesi Selatan Province (thousand rupiahss), 2020–2024",27,7,751bba6bcc5e
SULAWESI SELATAN,03,Kab. Bantaeng,,2020,,45.681,,"PDRB Per Kapita Atas Dasar Harga Berlaku di Provinsi Sulawesi Selatan Menurut Kabupaten/Kota (ribu rupiah), 2020–2024","Per Capita GRDP at Current Market Prices by Regency/Municipality, in Sulawesi Selatan Province (thousand rupiahss), 2020–2024",27,7,2ecd921b9d36
SULAWESI SELATAN,04,Kab. Jeneponto,,2020,,25.696,,"PDRB Per Kapita Atas Dasar Harga Berlaku di Provinsi Sulawesi Selatan Menurut Kabupaten/Kota (ribu rupiah), 2020–2024","Per Capita GRDP at Current Market Prices by Regency/Municipality, in Sulawesi Selatan Province (thousand rupiahss), 2020–2024",27,7,4da2ad4838f8
SULAWESI SELATAN,05,Kab. Takalar,,2020,,34.033,,"PDRB Per Kapita Atas Dasar Harga Berlaku di Provinsi Sulawesi Selatan Menurut Kabupaten/Kota (ribu rupiah), 2020–2024","Per Capita GRDP at Current Market Prices by Regency/Municipality, in Sulawesi Selatan Province (thousand rupiahss), 2020–2024",27,7,d09209175968
SULAWESI SELATAN,06,Kab. Gowa,,2020,,28.202,,"PDRB Per Kapita Atas Dasar Harga Berlaku di Provinsi Sulawesi Selatan Menurut Kabupaten/Kota (ribu rupiah), 2020–2024","Per Capita GRDP at Current Market Prices by Regency/Municipality, in Sulawesi Selatan Province (thousand rupiahss), 2020–2024",27,7,2275fb6735bc
SULAWESI SELATAN,07,Kab. Sinjai,,2020,,43.742,,"PDRB Per Kapita Atas Dasar Harga Berlaku di Provinsi Sulawesi Selatan Menurut Kabupaten/Kota (ribu rupiah), 2020–2024","Per Capita GRDP at Current Market Prices by Regency/Municipality, in Sulawesi Selatan Province (thousand rupiahss), 2020–2024",27,7,98dc12673a66
SULAWESI SELATAN,08,Kab. Maros,,2020,,47.730,,"PDRB Per Kapita Atas Dasar Harga Berlaku di Provinsi Sulawesi Selatan Menurut Kabupaten/Kota (ribu rupiah), 2020–2024","Per Capita GRDP at Current Market Prices by Regency/Municipality, in Sulawesi Selatan Province (thousand rupiahss), 2020–2024",27,7,df6661b9dcb3
SULAWESI SELATAN,09,Kab. Pangkajene dan Kepulauan,,2020,,74.377,,"PDRB Per Kapita Atas Dasar Harga Berlaku di Provinsi Sulawesi Selatan Menurut Kabupaten/Kota (ribu rupiah), 2020–2024","Per Capita GRDP at Current Market Prices by Regency/Municipality, in Sulawesi Selatan Province (thousand rupiahss), 2020–2024",27,7,9cc52ae3869b
SULAWESI SELATAN,10,Kab. Barru,,2020,,40.363,,"PDRB Per Kapita Atas Dasar Harga Berlaku di Provinsi Sulawesi Selatan Menurut Kabupaten/Kota (ribu rupiah), 2020–2024","Per Capita GRDP at Current Market Prices by Regency/Municipality, in Sulawesi Selatan Province (thousand rupiahss), 2020–2024",27,7,cdfb03b58e56
SULAWESI SELATAN,11,Kab. Bone,,2020,,45.684,,"PDRB Per Kapita Atas Dasar Harga Berlaku di Provinsi Sulawesi Selatan Menurut Kabupaten/Kota (ribu rupiah), 2020–2024","Per Capita GRDP at Current Market Prices by Regency/Municipality, in Sulawesi Selatan Province (thousand rupiahss), 2020–2024",27,7,dd87691f6153
SULAWESI SELATAN,12,Kab. Soppeng,,2020,,48.416,,"PDRB Per Kapita Atas Dasar Harga Berlaku di Provinsi Sulawesi Selatan Menurut Kabupaten/Kota (ribu rupiah), 2020–2024","Per Capita GRDP at Current Market Prices by Regency/Municipality, in Sulawesi Selatan Province (thousand rupiahss), 2020–2024",27,7,8bee9aaef332
SULAWESI SELATAN,13,Kab. Wajo,,2020,,52.163,,"PDRB Per Kapita Atas Dasar Harga Berlaku di Provinsi Sulawesi Selatan Menurut Kabupaten/Kota (ribu rupiah), 2020–2024","Per Capita GRDP at Current Market Prices by Regency/Municipality, in Sulawesi Selatan Province (thousand rupiahss), 2020–2024",27,7,f4d4fc3b54f9
SULAWESI SELATAN,14,Kab. Sidenreng Rappang,,2020,,44.119,,"PDRB Per Kapita Atas Dasar Harga Berlaku di Provinsi Sulawesi Selatan Menurut Kabupaten/Kota (ribu rupiah), 2020–2024","Per Capita GRDP at Current Market Prices by Regency/Municipality, in Sulawesi Selatan Province (thousand rupiahss), 2020–2024",27,7,d302d164b726
SULAWESI SELATAN,15,Kab. Pinrang,,2020,,49.839,,"PDRB Per Kapita Atas Dasar Harga Berlaku di Provinsi Sulawesi Selatan Menurut Kabupaten/Kota (ribu rupiah), 2020–2024","Per Capita GRDP at Current Market Prices by Regency/Municipality, in Sulawesi Selatan Province (thousand rupiahss), 2020–2024",27,7,1fa0a5204a03
SULAWESI SELATAN,16,Kab. Enrekang,,2020,,33.545,,"PDRB Per Kapita Atas Dasar Harga Berlaku di Provinsi Sulawesi Selatan Menurut Kabupaten/Kota (ribu rupiah), 2020–2024","Per Capita GRDP at Current Market Prices by Regency/Municipality, in Sulawesi Selatan Province (thousand rupiahss), 2020–2024",27,7,f19219629c1c
SULAWESI SELATAN,17,Kab. Luwu,,2020,,43.911,,"PDRB Per Kapita Atas Dasar Harga Berlaku di Provinsi Sulawesi Selatan Menurut Kabupaten/Kota (ribu rupiah), 2020–2024","Per Capita GRDP at Current Market Prices by Regency/Municipality, in Sulawesi Selatan Province (thousand rupiahss), 2020–2024",27,7,de1f44c8025e
SULAWESI SELATAN,18,Kab. Tana Toraja,,2020,,27.100,,"PDRB Per Kapita Atas Dasar Harga Berlaku di Provinsi Sulawesi Selatan Menurut Kabupaten/Kota (ribu rupiah), 2020–2024","Per Capita GRDP at Current Market Prices by Regency/Municipality, in Sulawesi Selatan Province (thousand rupiahss), 2020–2024",27,7,e4fd2b854927
SULAWESI SELATAN,22,Kab. Luwu Utara,,2020,,41.074,,"PDRB Per Kapita Atas Dasar Harga Berlaku di Provinsi Sulawesi Selatan Menurut Kabupaten/Kota (ribu rupiah), 2020–2024","Per Capita GRDP at Current Market Prices by Regency/Municipality, in Sulawesi Selatan Province (thousand rupiahss), 2020–2024",27,7,6456de9233e8
SULAWESI SELATAN,25,Kab. Luwu Timur,,2020,,72.849,,"PDRB Per Kapita Atas Dasar Harga Berlaku di Provinsi Sulawesi Selatan Menurut Kabupaten/Kota (ribu rupiah), 2020–2024","Per Capita GRDP at Current Market Prices by Regency/Municipality, in Sulawesi Selatan Province (thousand rupiahss), 2020–2024",27,7,b55ab13aa175
SULAWESI SELATAN,26,Kab. Toraja Utara,,2020,,37.373,,"PDRB Per Kapita Atas Dasar Harga Berlaku di Provinsi Sulawesi Selatan Menurut Kabupaten/Kota (ribu rupiah), 2020–2024","Per Capita GRDP at Current Market Prices by Regency/Municipality, in Sulawesi Selatan Province (thousand rupiahss), 2020–2024",27,7,a8fa74dd3521
SULAWESI SELATAN,71,Kota Makassar,,2020,,125.324,,"PDRB Per Kapita Atas Dasar Harga Berlaku di Provinsi Sulawesi Selatan Menurut Kabupaten/Kota (ribu rupiah), 2020–2024","Per Capita GRDP at Current Market Prices by Regency/Municipality, in Sulawesi Selatan Province (thousand rupiahss), 2020–2024",27,7,ba94ad398ebc
SULAWESI SELATAN,72,Kota Parepare,,2020,,48.502,,"PDRB Per Kapita Atas Dasar Harga Berlaku di Provinsi Sulawesi Selatan Menurut Kabupaten/Kota (ribu rupiah), 2020–2024","Per Capita GRDP at Current Market Prices by Regency/Municipality, in Sulawesi Selatan Province (thousand rupiahss), 2020–2024",27,7,4a156780ba8d
SULAWESI SELATAN,73,Kota Palopo,,2020,,43.656,,"PDRB Per Kapita Atas Dasar Harga Berlaku di Provinsi Sulawesi Selatan Menurut Kabupaten/Kota (ribu rupiah), 2020–2024","Per Capita GRDP at Current Market Prices by Regency/Municipality, in Sulawesi Selatan Province (thousand rupiahss), 2020–2024",27,7,539e6a5398c8
SULAWESI SELATAN,,Jml Kab./Kota Total of Reg./Mun.,,2020,,55.910,,"PDRB Per Kapita Atas Dasar Harga Berlaku di Provinsi Sulawesi Selatan Menurut Kabupaten/Kota (ribu rupiah), 2020–2024","Per Capita GRDP at Current Market Prices by Regency/Municipality, in Sulawesi Selatan Province (thousand rupiahss), 2020–2024",27,7,9f6dbe52d92a
SULAWESI SELATAN,,Provinsi/Province,,2020,,55.675,,"PDRB Per Kapita Atas Dasar Harga Berlaku di Provinsi Sulawesi Selatan Menurut Kabupaten/Kota (ribu rupiah), 2020–2024","Per Capita GRDP at Current Market Prices by Regency/Municipality, in Sulawesi Selatan Province (thousand rupiahss), 2020–2024",27,7,39c68d54fbf9
SULAWESI TENGGARA,01,Kab. Buton,,2020,,33.262,,"PDRB Per Kapita Atas Dasar Harga Berlaku di Provinsi Sulawesi Tenggara Menurut Kabupaten/Kota (ribu rupiah), 2020–2024","Per Capita GRDP at Current Market Prices by Regency/Municipality, in Sulawesi Tenggara Province (thousand rupiahss), 2020–2024",28,8,f9e7fbefdfac
SULAWESI TENGGARA,02,Kab. Muna,,2020,,32.533,,"PDRB Per Kapita Atas Dasar Harga Berlaku di Provinsi Sulawesi Tenggara Menurut Kabupaten/Kota (ribu rupiah), 2020–2024","Per Capita GRDP at Current Market Prices by Regency/Municipality, in Sulawesi Tenggara Province (thousand rupiahss), 2020–2024",28,8,97f9c0111c7c
SULAWESI TENGGARA,03,Kab. Konawe,,2020,,40.481,,"PDRB Per Kapita Atas Dasar Harga Berlaku di Provinsi Sulawesi Tenggara Menurut Kabupaten/Kota (ribu rupiah), 2020–2024","Per Capita GRDP at Current Market Prices by Regency/Municipality, in Sulawesi Tenggara Province (thousand rupiahss), 2020–2024",28,8,43085452bbdd
SULAWESI TENGGARA,04,Kab. Kolaka,,2020,,108.280,,"PDRB Per Kapita Atas Dasar Harga Berlaku di Provinsi Sulawesi Tenggara Menurut Kabupaten/Kota (ribu rupiah), 2020–2024","Per Capita GRDP at Current Market Prices by Regency/Municipality, in Sulawesi Tenggara Province (thousand rupiahss), 2020–2024",28,8,243d8d4818ae
SULAWESI TENGGARA,05,Kab. Konawe Selatan,,2020,,38.444,,"PDRB Per Kapita Atas Dasar Harga Berlaku di Provinsi Sulawesi Tenggara Menurut Kabupaten/Kota (ribu rupiah), 2020–2024","Per Capita GRDP at Current Market Prices by Regency/Municipality, in Sulawesi Tenggara Province (thousand rupiahss), 2020–2024",28,8,25e7a8ea3984
SULAWESI TENGGARA,06,Kab. Bombana,,2020,,43.584,,"PDRB Per Kapita Atas Dasar Harga Berlaku di Provinsi Sulawesi Tenggara Menurut Kabupaten/Kota (ribu rupiah), 2020–2024","Per Capita GRDP at Current Market Prices by Regency/Municipality, in Sulawesi Tenggara Province (thousand rupiahss), 2020–2024",28,8,8573837643e2
SULAWESI TENGGARA,07,Kab. Wakatobi,,2020,,39.912,,"PDRB Per Kapita Atas Dasar Harga Berlaku di Provinsi Sulawesi Tenggara Menurut Kabupaten/Kota (ribu rupiah), 2020–2024","Per Capita GRDP at Current Market Prices by Regency/Municipality, in Sulawesi Tenggara Province (thousand rupiahss), 2020–2024",28,8,2302bfecc4e9
SULAWESI TENGGARA,08,Kab. Kolaka Utara,,2020,,64.342,,"PDRB Per Kapita Atas Dasar Harga Berlaku di Provinsi Sulawesi Tenggara Menurut Kabupaten/Kota (ribu rupiah), 2020–2024","Per Capita GRDP at Current Market Prices by Regency/Municipality, in Sulawesi Tenggara Province (thousand rupiahss), 2020–2024",28,8,fb35ffcf2889
SULAWESI TENGGARA,09,Kab. Buton Utara,,2020,,48.371,,"PDRB Per Kapita Atas Dasar Harga Berlaku di Provinsi Sulawesi Tenggara Menurut Kabupaten/Kota (ribu rupiah), 2020–2024","Per Capita GRDP at Current Market Prices by Regency/Municipality, in Sulawesi Tenggara Province (thousand rupiahss), 2020–2024",28,8,76ee426dc38c
SULAWESI TENGGARA,10,Kab. Konawe Utara,,2020,,58.672,,"PDRB Per Kapita Atas Dasar Harga Berlaku di Provinsi Sulawesi Tenggara Menurut Kabupaten/Kota (ribu rupiah), 2020–2024","Per Capita GRDP at Current Market Prices by Regency/Municipality, in Sulawesi Tenggara Province (thousand rupiahss), 2020–2024",28,8,956263bb4e5b
SULAWESI TENGGARA,11,Kab. Kolaka Timur,,2020,,37.230,,"PDRB Per Kapita Atas Dasar Harga Berlaku di Provinsi Sulawesi Tenggara Menurut Kabupaten/Kota (ribu rupiah), 2020–2024","Per Capita GRDP at Current Market Prices by Regency/Municipality, in Sulawesi Tenggara Province (thousand rupiahss), 2020–2024",28,8,a9fae0814e9b
SULAWESI TENGGARA,12,Kab. Konawe Kepulauan,,2020,,37.900,,"PDRB Per Kapita Atas Dasar Harga Berlaku di Provinsi Sulawesi Tenggara Menurut Kabupaten/Kota (ribu rupiah), 2020–2024","Per Capita GRDP at Current Market Prices by Regency/Municipality, in Sulawesi Tenggara Province (thousand rupiahss), 2020–2024",28,8,183a2d3ef01b
SULAWESI TENGGARA,13,Kab. Muna Barat,,2020,,30.931,,"PDRB Per Kapita Atas Dasar Harga Berlaku di Provinsi Sulawesi Tenggara Menurut Kabupaten/Kota (ribu rupiah), 2020–2024","Per Capita GRDP at Current Market Prices by Regency/Municipality, in Sulawesi Tenggara Province (thousand rupiahss), 2020–2024",28,8,066a7c18680d
SULAWESI TENGGARA,14,Kab. Buton Tengah,,2020,,21.246,,"PDRB Per Kapita Atas Dasar Harga Berlaku di Provinsi Sulawesi Tenggara Menurut Kabupaten/Kota (ribu rupiah), 2020–2024","Per Capita GRDP at Current Market Prices by Regency/Municipality, in Sulawesi Tenggara Province (thousand rupiahss), 2020–2024",28,8,578d9fa0c0ad
SULAWESI TENGGARA,15,Kab. Buton Selatan,,2020,,30.159,,"PDRB Per Kapita Atas Dasar Harga Berlaku di Provinsi Sulawesi Tenggara Menurut Kabupaten/Kota (ribu rupiah), 2020–2024","Per Capita GRDP at Current Market Prices by Regency/Municipality, in Sulawesi Tenggara Province (thousand rupiahss), 2020–2024",28,8,1431c8294517
SULAWESI TENGGARA,71,Kota Kendari,,2020,,64.117,,"PDRB Per Kapita Atas Dasar Harga Berlaku di Provinsi Sulawesi Tenggara Menurut Kabupaten/Kota (ribu rupiah), 2020–2024","Per Capita GRDP at Current Market Prices by Regency/Municipality, in Sulawesi Tenggara Province (thousand rupiahss), 2020–2024",28,8,6cc9579b3757
SULAWESI TENGGARA,72,Kota Baubau,,2020,,57.169,,"PDRB Per Kapita Atas Dasar Harga Berlaku di Provinsi Sulawesi Tenggara Menurut Kabupaten/Kota (ribu rupiah), 2020–2024","Per Capita GRDP at Current Market Prices by Regency/Municipality, in Sulawesi Tenggara Province (thousand rupiahss), 2020–2024",28,8,228d408d80a0
SULAWESI TENGGARA,,Jml Kab./Kota Total of Reg./Mun.,,2020,,49.887,,"PDRB Per Kapita Atas Dasar Harga Berlaku di Provinsi Sulawesi Tenggara Menurut Kabupaten/Kota (ribu rupiah), 2020–2024","Per Capita GRDP at Current Market Prices by Regency/Municipality, in Sulawesi Tenggara Province (thousand rupiahss), 2020–2024",28,8,b98ff63b3a93
SULAWESI TENGGARA,,Provinsi/Province,,2020,,49.718,,"PDRB Per Kapita Atas Dasar Harga Berlaku di Provinsi Sulawesi Tenggara Menurut Kabupaten/Kota (ribu rupiah), 2020–2024","Per Capita GRDP at Current Market Prices by Regency/Municipality, in Sulawesi Tenggara Province (thousand rupiahss), 2020–2024",28,8,1429d0ecf33f
GORONTALO,01,Kab. Boalemo,,2020,,37.722,,"PDRB Per Kapita Atas Dasar Harga Berlaku di Provinsi Gorontalo Menurut Kabupaten/Kota (ribu rupiah), 2020–2024","Per Capita GRDP at Current Market Prices by Regency/Municipality, in Gorontalo Province (thousand rupiahss), 2020–2024",29,9,b9ba76b56190
GORONTALO,02,Kab. Gorontalo,,2020,,33.240,,"PDRB Per Kapita Atas Dasar Harga Berlaku di Provinsi Gorontalo Menurut Kabupaten/Kota (ribu rupiah), 2020–2024","Per Capita GRDP at Current Market Prices by Regency/Municipality, in Gorontalo Province (thousand rupiahss), 2020–2024",29,9,66579188f08c
GORONTALO,03,Kab. Pohuwato,,2020,,46.113,,"PDRB Per Kapita Atas Dasar Harga Berlaku di Provinsi Gorontalo Menurut Kabupaten/Kota (ribu rupiah), 2020–2024","Per Capita GRDP at Current Market Prices by Regency/Municipality, in Gorontalo Province (thousand rupiahss), 2020–2024",29,9,b698068ff10b
GORONTALO,04,Kab. Bone Bolango,,2020,,28.634,,"PDRB Per Kapita Atas Dasar Harga Berlaku di Provinsi Gorontalo Menurut Kabupaten/Kota (ribu rupiah), 2020–2024","Per Capita GRDP at Current Market Prices by Regency/Municipality, in Gorontalo Province (thousand rupiahss), 2020–2024",29,9,9466c67becc9
GORONTALO,05,Kab. Gorontalo Utara,,2020,,27.548,,"PDRB Per Kapita Atas Dasar Harga Berlaku di Provinsi Gorontalo Menurut Kabupaten/Kota (ribu rupiah), 2020–2024","Per Capita GRDP at Current Market Prices by Regency/Municipality, in Gorontalo Province (thousand rupiahss), 2020–2024",29,9,3670e4a84213
GORONTALO,71,Kota Gorontalo,,2020,,43.064,,"PDRB Per Kapita Atas Dasar Harga Berlaku di Provinsi Gorontalo Menurut Kabupaten/Kota (ribu rupiah), 2020–2024","Per Capita GRDP at Current Market Prices by Regency/Municipality, in Gorontalo Province (thousand rupiahss), 2020–2024",29,9,afdef293caf9
GORONTALO,,Jml Kab./Kota Total of Reg./Mun.,,2020,,35.826,,"PDRB Per Kapita Atas Dasar Harga Berlaku di Provinsi Gorontalo Menurut Kabupaten/Kota (ribu rupiah), 2020–2024","Per Capita GRDP at Current Market Prices by Regency/Municipality, in Gorontalo Province (thousand rupiahss), 2020–2024",29,9,e99af832c572
GORONTALO,,Provinsi/Province,,2020,,35.693,,"PDRB Per Kapita Atas Dasar Harga Berlaku di Provinsi Gorontalo Menurut Kabupaten/Kota (ribu rupiah), 2020–2024","Per Capita GRDP at Current Market Prices by Regency/Municipality, in Gorontalo Province (thousand rupiahss), 2020–2024",29,9,4a652f15b165
SULAWESI BARAT,01,Kab. Majene,,2020,,28.633,,"PDRB Per Kapita Atas Dasar Harga Berlaku di Provinsi Sulawesi Barat Menurut Kabupaten/Kota (ribu rupiah), 2020–2024","Per Capita GRDP at Current Market Prices by Regency/Municipality, in Sulawesi Barat Province (thousand rupiahss), 2020–2024",30,10,eb19296e2f80
SULAWESI BARAT,02,Kab. Polewali Mandar,,2020,,27.807,,"PDRB Per Kapita Atas Dasar Harga Berlaku di Provinsi Sulawesi Barat Menurut Kabupaten/Kota (ribu rupiah), 2020–2024","Per Capita GRDP at Current Market Prices by Regency/Municipality, in Sulawesi Barat Province (thousand rupiahss), 2020–2024",30,10,004c0f0999f2
SULAWESI BARAT,03,Kab. Mamasa,,2020,,18.343,,"PDRB Per Kapita Atas Dasar Harga Berlaku di Provinsi Sulawesi Barat Menurut Kabupaten/Kota (ribu rupiah), 2020–2024","Per Capita GRDP at Current Market Prices by Regency/Municipality, in Sulawesi Barat Province (thousand rupiahss), 2020–2024",30,10,c4cb24295068
SULAWESI BARAT,04,Kab. Mamuju,,2020,,42.076,,"PDRB Per Kapita Atas Dasar Harga Berlaku di Provinsi Sulawesi Barat Menurut Kabupaten/Kota (ribu rupiah), 2020–2024","Per Capita GRDP at Current Market Prices by Regency/Municipality, in Sulawesi Barat Province (thousand rupiahss), 2020–2024",30,10,7b4e7a374ad9
SULAWESI BARAT,05,Kab. Pasang Kayu,,2020,,54.821,,"PDRB Per Kapita Atas Dasar Harga Berlaku di Provinsi Sulawesi Barat Menurut Kabupaten/Kota (ribu rupiah), 2020–2024","Per Capita GRDP at Current Market Prices by Regency/Municipality, in Sulawesi Barat Province (thousand rupiahss), 2020–2024",30,10,985509da2ada
SULAWESI BARAT,06,Kab. Mamuju Tengah,,2020,,23.849,,"PDRB Per Kapita Atas Dasar Harga Berlaku di Provinsi Sulawesi Barat Menurut Kabupaten/Kota (ribu rupiah), 2020–2024","Per Capita GRDP at Current Market Prices by Regency/Municipality, in Sulawesi Barat Province (thousand rupiahss), 2020–2024",30,10,d36468728452
SULAWESI BARAT,,Jml Kab./Kota Total of Reg./Mun.,,2020,,36.282,,"PDRB Per Kapita Atas Dasar Harga Berlaku di Provinsi Sulawesi Barat Menurut Kabupaten/Kota (ribu rupiah), 2020–2024","Per Capita GRDP at Current Market Prices by Regency/Municipality, in Sulawesi Barat Province (thousand rupiahss), 2020–2024",30,10,b07032f1de92
SULAWESI BARAT,,Provinsi/Province,,2020,,32.837,,"PDRB Per Kapita Atas Dasar Harga Berlaku di Provinsi Sulawesi Barat Menurut Kabupaten/Kota (ribu rupiah), 2020–2024","Per Capita GRDP at Current Market Prices by Regency/Municipality, in Sulawesi Barat Province (thousand rupiahss), 2020–2024",30,10,bc7d40847013
KALIMANTAN TENGAH,01,Kab. Kotawaringin Barat,,2021,,86.751,,"PDRB Per Kapita Atas Dasar Harga Berlaku di Provinsi Kalimantan Tengah Menurut Kabupaten/Kota (ribu rupiah), 2020–2024","Per Capita GRDP at Current Market Prices by Regency/Municipality, in Kalimantan Tengah Province (thousand rupiahss), 2020–2024",21,1,033ebb3d3575
KALIMANTAN TENGAH,02,Kab. Kotawaringin Timur,,2021,,68.493,,"PDRB Per Kapita Atas Dasar Harga Berlaku di Provinsi Kalimantan Tengah Menurut Kabupaten/Kota (ribu rupiah), 2020–2024","Per Capita GRDP at Current Market Prices by Regency/Municipality, in Kalimantan Tengah Province (thousand rupiahss), 2020–2024",21,1,e9404b16337b
KALIMANTAN TENGAH,03,Kab. Kapuas,,2021,,45.070,,"PDRB Per Kapita Atas Dasar Harga Berlaku di Provinsi Kalimantan Tengah Menurut Kabupaten/Kota (ribu rupiah), 2020–2024","Per Capita GRDP at Current Market Prices by Regency/Municipality, in Kalimantan Tengah Province (thousand rupiahss), 2020–2024",21,1,6056333e270e
KALIMANTAN TENGAH,04,Kab. Barito Selatan,,2021,,50.535,,"PDRB Per Kapita Atas Dasar Harga Berlaku di Provinsi Kalimantan Tengah Menurut Kabupaten/Kota (ribu rupiah), 2020–2024","Per Capita GRDP at Current Market Prices by Regency/Municipality, in Kalimantan Tengah Province (thousand rupiahss), 2020–2024",21,1,028a36baad3b
KALIMANTAN TENGAH,05,Kab. Barito Utara,,2021,,67.518,,"PDRB Per Kapita Atas Dasar Harga Berlaku di Provinsi Kalimantan Tengah Menurut Kabupaten/Kota (ribu rupiah), 2020–2024","Per Capita GRDP at Current Market Prices by Regency/Municipality, in Kalimantan Tengah Province (thousand rupiahss), 2020–2024",21,1,c74d7db3282e
KALIMANTAN TENGAH,06,Kab. Sukamara,,2021,,76.914,,"PDRB Per Kapita Atas Dasar Harga Berlaku di Provinsi Kalimantan Tengah Menurut Kabupaten/Kota (ribu rupiah), 2020–2024","Per Capita GRDP at Current Market Prices by Regency/Municipality, in Kalimantan Tengah Province (thousand rupiahss), 2020–2024",21,1,ce188f9df9ec
KALIMANTAN TENGAH,07,Kab. Lamandau,,2021,,66.406,,"PDRB Per Kapita Atas Dasar Harga Berlaku di Provinsi Kalimantan Tengah Menurut Kabupaten/Kota (ribu rupiah), 2020–2024","Per Capita GRDP at Current Market Prices by Regency/Municipality, in Kalimantan Tengah Province (thousand rupiahss), 2020–2024",21,1,963479dcedf4
KALIMANTAN TENGAH,08,Kab. Seruyan,,2021,,59.863,,"PDRB Per Kapita Atas Dasar Harga Berlaku di Provinsi Kalimantan Tengah Menurut Kabupaten/Kota (ribu rupiah), 2020–2024","Per Capita GRDP at Current Market Prices by Regency/Municipality, in Kalimantan Tengah Province (thousand rupiahss), 2020–2024",21,1,4fad12965e3f
KALIMANTAN TENGAH,09,Kab. Katingan,,2021,,55.038,,"PDRB Per Kapita Atas Dasar Harga Berlaku di Provinsi Kalimantan Tengah Menurut Kabupaten/Kota (ribu rupiah), 2020–2024","Per Capita GRDP at Current Market Prices by Regency/Municipality, in Kalimantan Tengah Province (thousand rupiahss), 2020–2024",21,1,6633fb583bac
KALIMANTAN TENGAH,10,Kab. Pulang Pisau,,2021,,44.054,,"PDRB Per Kapita Atas Dasar Harga Berlaku di Provinsi Kalimantan Tengah Menurut Kabupaten/Kota (ribu rupiah), 2020–2024","Per Capita GRDP at Current Market Prices by Regency/Municipality, in Kalimantan Tengah Province (thousand rupiahss), 2020–2024",21,1,577ac57403f4
KALIMANTAN TENGAH,11,Kab. Gunung Mas,,2021,,52.196,,"PDRB Per Kapita Atas Dasar Harga Berlaku di Provinsi Kalimantan Tengah Menurut Kabupaten/Kota (ribu rupiah), 2020–2024","Per Capita GRDP at Current Market Prices by Regency/Municipality, in Kalimantan Tengah Province (thousand rupiahss), 2020–2024",21,1,d3ef55944f99
KALIMANTAN TENGAH,12,Kab. Barito Timur,,2021,,69.511,,"PDRB Per Kapita Atas Dasar Harga Berlaku di Provinsi Kalimantan Tengah Menurut Kabupaten/Kota (ribu rupiah), 2020–2024","Per Capita GRDP at Current Market Prices by Regency/Municipality, in Kalimantan Tengah Province (thousand rupiahss), 2020–2024",21,1,cbee32a1ff3f
KALIMANTAN TENGAH,13,Kab. Murung Raya,,2021,,78.903,,"PDRB Per Kapita Atas Dasar Harga Berlaku di Provinsi Kalimantan Tengah Menurut Kabupaten/Kota (ribu rupiah), 2020–2024","Per Capita GRDP at Current Market Prices by Regency/Municipality, in Kalimantan Tengah Province (thousand rupiahss), 2020–2024",21,1,c88f9543e9b5
KALIMANTAN TENGAH,71,Kota Palangka Raya,,2021,,66.158,,"PDRB Per Kapita Atas Dasar Harga Berlaku di Provinsi Kalimantan Tengah Menurut Kabupaten/Kota (ribu rupiah), 2020–2024","Per Capita GRDP at Current Market Prices by Regency/Municipality, in Kalimantan Tengah Province (thousand rupiahss), 2020–2024",21,1,04498def9d1a
KALIMANTAN TENGAH,,Jml Kab./Kota Total of Reg./Mun.,,2021,,62.750,,"PDRB Per Kapita Atas Dasar Harga Berlaku di Provinsi Kalimantan Tengah Menurut Kabupaten/Kota (ribu rupiah), 2020–2024","Per Capita GRDP at Current Market Prices by Regency/Municipality, in Kalimantan Tengah Province (thousand rupiahss), 2020–2024",21,1,a9f2e5e2c327
KALIMANTAN TENGAH,,Provinsi/Province,,2021,,62.834,,"PDRB Per Kapita Atas Dasar Harga Berlaku di Provinsi Kalimantan Tengah Menurut Kabupaten/Kota (ribu rupiah), 2020–2024","Per Capita GRDP at Current Market Prices by Regency/Municipality, in Kalimantan Tengah Province (thousand rupiahss), 2020–2024",21,1,b99cf337e00b
KALIMANTAN SELATAN,01,Kab. Tanah Laut,,2021,,43.502,,"PDRB Per Kapita Atas Dasar Harga Berlaku di Provinsi Kalimantan Selatan Menurut Kabupaten/Kota (ribu rupiah), 2020–2024","Per Capita GRDP at Current Market Prices by Regency/Municipality, in Kalimantan Selatan Province (thousand rupiahss), 2020–2024",22,2,e0f88e47752d
KALIMANTAN SELATAN,02,Kab. Kota Baru,,2021,,80.388,,"PDRB Per Kapita Atas Dasar Harga Berlaku di Provinsi Kalimantan Selatan Menurut Kabupaten/Kota (ribu rupiah), 2020–2024","Per Capita GRDP at Current Market Prices by Regency/Municipality, in Kalimantan Selatan Province (thousand rupiahss), 2020–2024",22,2,5a296ff03354
KALIMANTAN SELATAN,03,Kab. Banjar,,2021,,31.308,,"PDRB Per Kapita Atas Dasar Harga Berlaku di Provinsi Kalimantan Selatan Menurut Kabupaten/Kota (ribu rupiah), 2020–2024","Per Capita GRDP at Current Market Prices by Regency/Municipality, in Kalimantan Selatan Province (thousand rupiahss), 2020–2024",22,2,2cbb200e647e
KALIMANTAN SELATAN,04,Kab. Barito Kuala,,2021,,28.971,,"PDRB Per Kapita Atas Dasar Harga Berlaku di Provinsi Kalimantan Selatan Menurut Kabupaten/Kota (ribu rupiah), 2020–2024","Per Capita GRDP at Current Market Prices by Regency/Municipality, in Kalimantan Selatan Province (thousand rupiahss), 2020–2024",22,2,002516abb6a1
KALIMANTAN SELATAN,05,Kab. Tapin,,2021,,49.019,,"PDRB Per Kapita Atas Dasar Harga Berlaku di Provinsi Kalimantan Selatan Menurut Kabupaten/Kota (ribu rupiah), 2020–2024","Per Capita GRDP at Current Market Prices by Regency/Municipality, in Kalimantan Selatan Province (thousand rupiahss), 2020–2024",22,2,ad0bb67459f0
KALIMANTAN SELATAN,06,Kab. Hulu Sungai Selatan,,2021,,30.944,,"PDRB Per Kapita Atas Dasar Harga Berlaku di Provinsi Kalimantan Selatan Menurut Kabupaten/Kota (ribu rupiah), 2020–2024","Per Capita GRDP at Current Market Prices by Regency/Municipality, in Kalimantan Selatan Province (thousand rupiahss), 2020–2024",22,2,2c73d0e9ec4b
KALIMANTAN SELATAN,07,Kab. Hulu Sungai Tengah,,2021,,28.339,,"PDRB Per Kapita Atas Dasar Harga Berlaku di Provinsi Kalimantan Selatan Menurut Kabupaten/Kota (ribu rupiah), 2020–2024","Per Capita GRDP at Current Market Prices by Regency/Municipality, in Kalimantan Selatan Province (thousand rupiahss), 2020–2024",22,2,591d2873d793
KALIMANTAN SELATAN,08,Kab. Hulu Sungai Utara,,2021,,22.931,,"PDRB Per Kapita Atas Dasar Harga Berlaku di Provinsi Kalimantan Selatan Menurut Kabupaten/Kota (ribu rupiah), 2020–2024","Per Capita GRDP at Current Market Prices by Regency/Municipality, in Kalimantan Selatan Province (thousand rupiahss), 2020–2024",22,2,f2233d9d8828
KALIMANTAN SELATAN,09,Kab. Tabalong,,2021,,77.830,,"PDRB Per Kapita Atas Dasar Harga Berlaku di Provinsi Kalimantan Selatan Menurut Kabupaten/Kota (ribu rupiah), 2020–2024","Per Capita GRDP at Current Market Prices by Regency/Municipality, in Kalimantan Selatan Province (thousand rupiahss), 2020–2024",22,2,699a445bad56
KALIMANTAN SELATAN,10,Kab. Tanah Bumbu,,2021,,69.333,,"PDRB Per Kapita Atas Dasar Harga Berlaku di Provinsi Kalimantan Selatan Menurut Kabupaten/Kota (ribu rupiah), 2020–2024","Per Capita GRDP at Current Market Prices by Regency/Municipality, in Kalimantan Selatan Province (thousand rupiahss), 2020–2024",22,2,0c67a9769841
KALIMANTAN SELATAN,11,Kab. Balangan,,2021,,93.645,,"PDRB Per Kapita Atas Dasar Harga Berlaku di Provinsi Kalimantan Selatan Menurut Kabupaten/Kota (ribu rupiah), 2020–2024","Per Capita GRDP at Current Market Prices by Regency/Municipality, in Kalimantan Selatan Province (thousand rupiahss), 2020–2024",22,2,b422ce23c607
KALIMANTAN SELATAN,71,Kota Banjarmasin,,2021,,52.333,,"PDRB Per Kapita Atas Dasar Harga Berlaku di Provinsi Kalimantan Selatan Menurut Kabupaten/Kota (ribu rupiah), 2020–2024","Per Capita GRDP at Current Market Prices by Regency/Municipality, in Kalimantan Selatan Province (thousand rupiahss), 2020–2024",22,2,1d7c076bf76d
KALIMANTAN SELATAN,72,Kota Banjar Baru,,2021,,38.867,,"PDRB Per Kapita Atas Dasar Harga Berlaku di Provinsi Kalimantan Selatan Menurut Kabupaten/Kota (ribu rupiah), 2020–2024","Per Capita GRDP at Current Market Prices by Regency/Municipality, in Kalimantan Selatan Province (thousand rupiahss), 2020–2024",22,2,6151e25e21f5
KALIMANTAN SELATAN,,Jml Kab./Kota Total of Reg./Mun.,,2021,,48.012,,"PDRB Per Kapita Atas Dasar Harga Berlaku di Provinsi Kalimantan Selatan Menurut Kabupaten/Kota (ribu rupiah), 2020–2024","Per Capita GRDP at Current Market Prices by Regency/Municipality, in Kalimantan Selatan Province (thousand rupiahss), 2020–2024",22,2,a761fbf9b315
KALIMANTAN SELATAN,,Provinsi/Province,,2021,,48.066,,"PDRB Per Kapita Atas Dasar Harga Berlaku di Provinsi Kalimantan Selatan Menurut Kabupaten/Kota (ribu rupiah), 2020–2024","Per Capita GRDP at Current Market Prices by Regency/Municipality, in Kalimantan Selatan Province (thousand rupiahss), 2020–2024",22,2,8d9a3dc2360d
KALIMANTAN TIMUR,01,Kab. Paser,,2021,,193.818,,"PDRB Per Kapita Atas Dasar Harga Berlaku di Provinsi Kalimantan Timur Menurut Kabupaten/Kota (ribu rupiah), 2020–2024","Per Capita GRDP at Current Market Prices by Regency/Municipality, in Kalimantan Timur Province (thousand rupiahss), 2020–2024",23,3,3be9504c182d
KALIMANTAN TIMUR,02,Kab. Kutai Barat,,2021,,184.710,,"PDRB Per Kapita Atas Dasar Harga Berlaku di Provinsi Kalimantan Timur Menurut Kabupaten/Kota (ribu rupiah), 2020–2024","Per Capita GRDP at Current Market Prices by Regency/Municipality, in Kalimantan Timur Province (thousand rupiahss), 2020–2024",23,3,05a674030d5e
KALIMANTAN TIMUR,03,Kab. Kutai Kartanegara,,2021,,241.067,,"PDRB Per Kapita Atas Dasar Harga Berlaku di Provinsi Kalimantan Timur Menurut Kabupaten/Kota (ribu rupiah), 2020–2024","Per Capita GRDP at Current Market Prices by Regency/Municipality, in Kalimantan Timur Province (thousand rupiahss), 2020–2024",23,3,7945716e5bd5
KALIMANTAN TIMUR,04,Kab. Kutai Timur,,2021,,310.292,,"PDRB Per Kapita Atas Dasar Harga Berlaku di Provinsi Kalimantan Timur Menurut Kabupaten/Kota (ribu rupiah), 2020–2024","Per Capita GRDP at Current Market Prices by Regency/Municipality, in Kalimantan Timur Province (thousand rupiahss), 2020–2024",23,3,11ca3c5993bc
KALIMANTAN TIMUR,05,Kab. Berau,,2021,,171.494,,"PDRB Per Kapita Atas Dasar Harga Berlaku di Provinsi Kalimantan Timur Menurut Kabupaten/Kota (ribu rupiah), 2020–2024","Per Capita GRDP at Current Market Prices by Regency/Municipality, in Kalimantan Timur Province (thousand rupiahss), 2020–2024",23,3,186822f74c6a
KALIMANTAN TIMUR,09,Kab. Penajam Paser Utara,,2021,,55.871,,"PDRB Per Kapita Atas Dasar Harga Berlaku di Provinsi Kalimantan Timur Menurut Kabupaten/Kota (ribu rupiah), 2020–2024","Per Capita GRDP at Current Market Prices by Regency/Municipality, in Kalimantan Timur Province (thousand rupiahss), 2020–2024",23,3,c9cec8ede88b
KALIMANTAN TIMUR,11,Kab. Mahakam Ulu,,2021,,90.432,,"PDRB Per Kapita Atas Dasar Harga Berlaku di Provinsi Kalimantan Timur Menurut Kabupaten/Kota (ribu rupiah), 2020–2024","Per Capita GRDP at Current Market Prices by Regency/Municipality, in Kalimantan Timur Province (thousand rupiahss), 2020–2024",23,3,d3b3028062cb
KALIMANTAN TIMUR,71,Kota Balikpapan,,2021,,160.304,,"PDRB Per Kapita Atas Dasar Harga Berlaku di Provinsi Kalimantan Timur Menurut Kabupaten/Kota (ribu rupiah), 2020–2024","Per Capita GRDP at Current Market Prices by Regency/Municipality, in Kalimantan Timur Province (thousand rupiahss), 2020–2024",23,3,1f18f9b92f90
KALIMANTAN TIMUR,72,Kota Samarinda,,2021,,85.219,,"PDRB Per Kapita Atas Dasar Harga Berlaku di Provinsi Kalimantan Timur Menurut Kabupaten/Kota (ribu rupiah), 2020–2024","Per Capita GRDP at Current Market Prices by Regency/Municipality, in Kalimantan Timur Province (thousand rupiahss), 2020–2024",23,3,e7d3872a3b25
KALIMANTAN TIMUR,74,Kota Bontang,,2021,,320.304,,"PDRB Per Kapita Atas Dasar Harga Berlaku di Provinsi Kalimantan Timur Menurut Kabupaten/Kota (ribu rupiah), 2020–2024","Per Capita GRDP at Current Market Prices by Regency/Municipality, in Kalimantan Timur Province (thousand rupiahss), 2020–2024",23,3,de08375902c2
KALIMANTAN TIMUR,,Jml Kab./Kota Total of Reg./Mun.,,2021,,183.158,,"PDRB Per Kapita Atas Dasar Harga Berlaku di Provinsi Kalimantan Timur Menurut Kabupaten/Kota (ribu rupiah), 2020–2024","Per Capita GRDP at Current Market Prices by Regency/Municipality, in Kalimantan Timur Province (thousand rupiahss), 2020–2024",23,3,f8c246143a3c
KALIMANTAN TIMUR,,Provinsi/Province,,2021,,183.158,,"PDRB Per Kapita Atas Dasar Harga Berlaku di Provinsi Kalimantan Timur Menurut Kabupaten/Kota (ribu rupiah), 2020–2024","Per Capita GRDP at Current Market Prices by Regency/Municipality, in Kalimantan Timur Province (thousand rupiahss), 2020–2024",23,3,68fe812038d9
KALIMANTAN UTARA,01,Kab. Malinau,,2021,,154.010,,"PDRB Per Kapita Atas Dasar Harga Berlaku di Provinsi Kalimantan Utara Menurut Kabupaten/Kota (ribu rupiah), 2020–2024","Per Capita GRDP at Current Market Prices by Regency/Municipality, in Kalimantan Utara Province (thousand rupiahss), 2020–2024",24,4,a894ffda74a9
KALIMANTAN UTARA,02,Kab. Bulungan,,2021,,131.808,,"PDRB Per Kapita Atas Dasar Harga Berlaku di Provinsi Kalimantan Utara Menurut Kabupaten/Kota (ribu rupiah), 2020–2024","Per Capita GRDP at Current Market Prices by Regency/Municipality, in Kalimantan Utara Province (thousand rupiahss), 2020–2024",24,4,beb27b67b6d6
KALIMANTAN UTARA,03,Kab. Tana Tidung,,2021,,258.113,,"PDRB Per Kapita Atas Dasar Harga Berlaku di Provinsi Kalimantan Utara Menurut Kabupaten/Kota (ribu rupiah), 2020–2024","Per Capita GRDP at Current Market Prices by Regency/Municipality, in Kalimantan Utara Province (thousand rupiahss), 2020–2024",24,4,ee2bf1c183be
KALIMANTAN UTARA,04,Kab. Nunukan,,2021,,147.671,,"PDRB Per Kapita Atas Dasar Harga Berlaku di Provinsi Kalimantan Utara Menurut Kabupaten/Kota (ribu rupiah), 2020–2024","Per Capita GRDP at Current Market Prices by Regency/Municipality, in Kalimantan Utara Province (thousand rupiahss), 2020–2024",24,4,761d425080c2
KALIMANTAN UTARA,71,Kota Tarakan,,2021,,170.703,,"PDRB Per Kapita Atas Dasar Harga Berlaku di Provinsi Kalimantan Utara Menurut Kabupaten/Kota (ribu rupiah), 2020–2024","Per Capita GRDP at Current Market Prices by Regency/Municipality, in Kalimantan Utara Province (thousand rupiahss), 2020–2024",24,4,93ab5b6844a2
KALIMANTAN UTARA,,Jml Kab./Kota Total of Reg./Mun.,,2021,,156.999,,"PDRB Per Kapita Atas Dasar Harga Berlaku di Provinsi Kalimantan Utara Menurut Kabupaten/Kota (ribu rupiah), 2020–2024","Per Capita GRDP at Current Market Prices by Regency/Municipality, in Kalimantan Utara Province (thousand rupiahss), 2020–2024",24,4,74c914fbc3e2
KALIMANTAN UTARA,,Provinsi/Province,,2021,,157.092,,"PDRB Per Kapita Atas Dasar Harga Berlaku di Provinsi Kalimantan Utara Menurut Kabupaten/Kota (ribu rupiah), 2020–2024","Per Capita GRDP at Current Market Prices by Regency/Municipality, in Kalimantan Utara Province (thousand rupiahss), 2020–2024",24,4,b0fa874301b1
SULAWESI UTARA,01,Kab. Bolaang Mongondow,,2021,,35.782,,"PDRB Per Kapita Atas Dasar Harga Berlaku di Provinsi Sulawesi Utara Menurut Kabupaten/Kota (ribu rupiah), 2020–2024","Per Capita GRDP at Current Market Prices by Regency/Municipality, in Sulawesi Utara Province (thousand rupiahss), 2020–2024",25,5,6a8dfde55043
SULAWESI UTARA,02,Kab. Minahasa,,2021,,53.486,,"PDRB Per Kapita Atas Dasar Harga Berlaku di Provinsi Sulawesi Utara Menurut Kabupaten/Kota (ribu rupiah), 2020–2024","Per Capita GRDP at Current Market Prices by Regency/Municipality, in Sulawesi Utara Province (thousand rupiahss), 2020–2024",25,5,7987ea35a272
SULAWESI UTARA,03,Kab. Kepulauan Sangihe,,2021,,34.209,,"PDRB Per Kapita Atas Dasar Harga Berlaku di Provinsi Sulawesi Utara Menurut Kabupaten/Kota (ribu rupiah), 2020–2024","Per Capita GRDP at Current Market Prices by Regency/Municipality, in Sulawesi Utara Province (thousand rupiahss), 2020–2024",25,5,49dd7859b394
SULAWESI UTARA,04,Kab. Kepulauan Talaud,,2021,,25.416,,"PDRB Per Kapita Atas Dasar Harga Berlaku di Provinsi Sulawesi Utara Menurut Kabupaten/Kota (ribu rupiah), 2020–2024","Per Capita GRDP at Current Market Prices by Regency/Municipality, in Sulawesi Utara Province (thousand rupiahss), 2020–2024",25,5,03f26763785e
SULAWESI UTARA,05,Kab. Minahasa Selatan,,2021,,40.353,,"PDRB Per Kapita Atas Dasar Harga Berlaku di Provinsi Sulawesi Utara Menurut Kabupaten/Kota (ribu rupiah), 2020–2024","Per Capita GRDP at Current Market Prices by Regency/Municipality, in Sulawesi Utara Province (thousand rupiahss), 2020–2024",25,5,963358c3555a
SULAWESI UTARA,06,Kab. Minahasa Utara,,2021,,69.241,,"PDRB Per Kapita Atas Dasar Harga Berlaku di Provinsi Sulawesi Utara Menurut Kabupaten/Kota (ribu rupiah), 2020–2024","Per Capita GRDP at Current Market Prices by Regency/Municipality, in Sulawesi Utara Province (thousand rupiahss), 2020–2024",25,5,fce2a5900e70
SULAWESI UTARA,07,Kab. Bolaang Mongondow Utara,,2021,,32.496,,"PDRB Per Kapita Atas Dasar Harga Berlaku di Provinsi Sulawesi Utara Menurut Kabupaten/Kota (ribu rupiah), 2020–2024","Per Capita GRDP at Current Market Prices by Regency/Municipality, in Sulawesi Utara Province (thousand rupiahss), 2020–2024",25,5,1497e38987c9
SULAWESI UTARA,08,Kab. Siau Tagulandang Biaro,,2021,,36.341,,"PDRB Per Kapita Atas Dasar Harga Berlaku di Provinsi Sulawesi Utara Menurut Kabupaten/Kota (ribu rupiah), 2020–2024","Per Capita GRDP at Current Market Prices by Regency/Municipality, in Sulawesi Utara Province (thousand rupiahss), 2020–2024",25,5,b34709fd663a
SULAWESI UTARA,09,Kab. Minahasa Tenggara,,2021,,48.005,,"PDRB Per Kapita Atas Dasar Harga Berlaku di Provinsi Sulawesi Utara Menurut Kabupaten/Kota (ribu rupiah), 2020–2024","Per Capita GRDP at Current Market Prices by Regency/Municipality, in Sulawesi Utara Province (thousand rupiahss), 2020–2024",25,5,ec02a60cff3e
SULAWESI UTARA,10,Kab. Bolaang Mongondow Selatan,,2021,,32.590,,"PDRB Per Kapita Atas Dasar Harga Berlaku di Provinsi Sulawesi Utara Menurut Kabupaten/Kota (ribu rupiah), 2020–2024","Per Capita GRDP at Current Market Prices by Regency/Municipality, in Sulawesi Utara Province (thousand rupiahss), 2020–2024",25,5,29be1c0a7801
SULAWESI UTARA,11,Kab. Bolaang Mongondow Timur,,2021,,36.448,,"PDRB Per Kapita Atas Dasar Harga Berlaku di Provinsi Sulawesi Utara Menurut Kabupaten/Kota (ribu rupiah), 2020–2024","Per Capita GRDP at Current Market Prices by Regency/Municipality, in Sulawesi Utara Province (thousand rupiahss), 2020–2024",25,5,837d8682810d
SULAWESI UTARA,71,Kota Manado,,2021,,86.999,,"PDRB Per Kapita Atas Dasar Harga Berlaku di Provinsi Sulawesi Utara Menurut Kabupaten/Kota (ribu rupiah), 2020–2024","Per Capita GRDP at Current Market Prices by Regency/Municipality, in Sulawesi Utara Province (thousand rupiahss), 2020–2024",25,5,1493e85dceca
SULAWESI UTARA,72,Kota Bitung,,2021,,82.191,,"PDRB Per Kapita Atas Dasar Harga Berlaku di Provinsi Sulawesi Utara Menurut Kabupaten/Kota (ribu rupiah), 2020–2024","Per Capita GRDP at Current Market Prices by Regency/Municipality, in Sulawesi Utara Province (thousand rupiahss), 2020–2024",25,5,4c9aa1fc46e8
SULAWESI UTARA,73,Kota Tomohon,,2021,,45.295,,"PDRB Per Kapita Atas Dasar Harga Berlaku di Provinsi Sulawesi Utara Menurut Kabupaten/Kota (ribu rupiah), 2020–2024","Per Capita GRDP at Current Market Prices by Regency/Municipality, in Sulawesi Utara Province (thousand rupiahss), 2020–2024",25,5,209252b1f6bf
SULAWESI UTARA,74,Kota Kotamobagu,,2021,,32.295,,"PDRB Per Kapita Atas Dasar Harga Berlaku di Provinsi Sulawesi Utara Menurut Kabupaten/Kota (ribu rupiah), 2020–2024","Per Capita GRDP at Current Market Prices by Regency/Municipality, in Sulawesi Utara Province (thousand rupiahss), 2020–2024",25,5,03b89ce80817
SULAWESI UTARA,,Jml Kab./Kota Total of Reg./Mun.,,2021,,54.351,,"PDRB Per Kapita Atas Dasar Harga Berlaku di Provinsi Sulawesi Utara Menurut Kabupaten/Kota (ribu rupiah), 2020–2024","Per Capita GRDP at Current Market Prices by Regency/Municipality, in Sulawesi Utara Province (thousand rupiahss), 2020–2024",25,5,cb121ad14996
SULAWESI UTARA,,Provinsi/Province,,2021,,54.034,,"PDRB Per Kapita Atas Dasar Harga Berlaku di Provinsi Sulawesi Utara Menurut Kabupaten/Kota (ribu rupiah), 2020–2024","Per Capita GRDP at Current Market Prices by Regency/Municipality, in Sulawesi Utara Province (thousand rupiahss), 2020–2024",25,5,de80ff2c8a6d
SULAWESI TENGAH,01,Kab. Banggai Kepulauan,,2021,,34.117,,"PDRB Per Kapita Atas Dasar Harga Berlaku di Provinsi Sulawesi Tengah Menurut Kabupaten/Kota (ribu rupiah), 2020–2024","Per Capita GRDP at Current Market Prices by Regency/Municipality, in Sulawesi Tengah Province (thousand rupiahss), 2020–2024",26,6,edbd84fb576a
SULAWESI TENGAH,02,Kab. Banggai,,2021,,84.300,,"PDRB Per Kapita Atas Dasar Harga Berlaku di Provinsi Sulawesi Tengah Menurut Kabupaten/Kota (ribu rupiah), 2020–2024","Per Capita GRDP at Current Market Prices by Regency/Municipality, in Sulawesi Tengah Province (thousand rupiahss), 2020–2024",26,6,35105f044a3d
SULAWESI TENGAH,03,Kab. Morowali,,2021,,601.783,,"PDRB Per Kapita Atas Dasar Harga Berlaku di Provinsi Sulawesi Tengah Menurut Kabupaten/Kota (ribu rupiah), 2020–2024","Per Capita GRDP at Current Market Prices by Regency/Municipality, in Sulawesi Tengah Province (thousand rupiahss), 2020–2024",26,6,297c124be3fe
SULAWESI TENGAH,04,Kab. Poso,,2021,,40.246,,"PDRB Per Kapita Atas Dasar Harga Berlaku di Provinsi Sulawesi Tengah Menurut Kabupaten/Kota (ribu rupiah), 2020–2024","Per Capita GRDP at Current Market Prices by Regency/Municipality, in Sulawesi Tengah Province (thousand rupiahss), 2020–2024",26,6,3c1d439cd72f
SULAWESI TENGAH,05,Kab. Donggala,,2021,,41.481,,"PDRB Per Kapita Atas Dasar Harga Berlaku di Provinsi Sulawesi Tengah Menurut Kabupaten/Kota (ribu rupiah), 2020–2024","Per Capita GRDP at Current Market Prices by Regency/Municipality, in Sulawesi Tengah Province (thousand rupiahss), 2020–2024",26,6,0e22b3f40c37
SULAWESI TENGAH,06,Kab. Toli-Toli,,2021,,39.195,,"PDRB Per Kapita Atas Dasar Harga Berlaku di Provinsi Sulawesi Tengah Menurut Kabupaten/Kota (ribu rupiah), 2020–2024","Per Capita GRDP at Current Market Prices by Regency/Municipality, in Sulawesi Tengah Province (thousand rupiahss), 2020–2024",26,6,81f6dd371ba1
SULAWESI TENGAH,07,Kab. Buol,,2021,,41.783,,"PDRB Per Kapita Atas Dasar Harga Berlaku di Provinsi Sulawesi Tengah Menurut Kabupaten/Kota (ribu rupiah), 2020–2024","Per Capita GRDP at Current Market Prices by Regency/Municipality, in Sulawesi Tengah Province (thousand rupiahss), 2020–2024",26,6,4c838335aa31
SULAWESI TENGAH,08,Kab. Parigi Moutong,,2021,,41.504,,"PDRB Per Kapita Atas Dasar Harga Berlaku di Provinsi Sulawesi Tengah Menurut Kabupaten/Kota (ribu rupiah), 2020–2024","Per Capita GRDP at Current Market Prices by Regency/Municipality, in Sulawesi Tengah Province (thousand rupiahss), 2020–2024",26,6,0b790c93fe72
SULAWESI TENGAH,09,Kab. Tojo Una-Una,,2021,,35.928,,"PDRB Per Kapita Atas Dasar Harga Berlaku di Provinsi Sulawesi Tengah Menurut Kabupaten/Kota (ribu rupiah), 2020–2024","Per Capita GRDP at Current Market Prices by Regency/Municipality, in Sulawesi Tengah Province (thousand rupiahss), 2020–2024",26,6,498fcc085ce4
SULAWESI TENGAH,10,Kab. Sigi,,2021,,37.417,,"PDRB Per Kapita Atas Dasar Harga Berlaku di Provinsi Sulawesi Tengah Menurut Kabupaten/Kota (ribu rupiah), 2020–2024","Per Capita GRDP at Current Market Prices by Regency/Municipality, in Sulawesi Tengah Province (thousand rupiahss), 2020–2024",26,6,88d91673b491
SULAWESI TENGAH,11,Kab. Banggai Laut,,2021,,35.470,,"PDRB Per Kapita Atas Dasar Harga Berlaku di Provinsi Sulawesi Tengah Menurut Kabupaten/Kota (ribu rupiah), 2020–2024","Per Capita GRDP at Current Market Prices by Regency/Municipality, in Sulawesi Tengah Province (thousand rupiahss), 2020–2024",26,6,29fbbe4c6aee
SULAWESI TENGAH,12,Kab. Morowali Utara,,2021,,107.122,,"PDRB Per Kapita Atas Dasar Harga Berlaku di Provinsi Sulawesi Tengah Menurut Kabupaten/Kota (ribu rupiah), 2020–2024","Per Capita GRDP at Current Market Prices by Regency/Municipality, in Sulawesi Tengah Province (thousand rupiahss), 2020–2024",26,6,92e3414752bf
SULAWESI TENGAH,71,Kota Palu,,2021,,69.334,,"PDRB Per Kapita Atas Dasar Harga Berlaku di Provinsi Sulawesi Tengah Menurut Kabupaten/Kota (ribu rupiah), 2020–2024","Per Capita GRDP at Current Market Prices by Regency/Municipality, in Sulawesi Tengah Province (thousand rupiahss), 2020–2024",26,6,62b1989e455b
SULAWESI TENGAH,,Jml Kab./Kota Total of Reg./Mun.,,2021,,82.022,,"PDRB Per Kapita Atas Dasar Harga Berlaku di Provinsi Sulawesi Tengah Menurut Kabupaten/Kota (ribu rupiah), 2020–2024","Per Capita GRDP at Current Market Prices by Regency/Municipality, in Sulawesi Tengah Province (thousand rupiahss), 2020–2024",26,6,b926a5585685
SULAWESI TENGAH,,Provinsi/Province,,2021,,82.017,,"PDRB Per Kapita Atas Dasar Harga Berlaku di Provinsi Sulawesi Tengah Menurut Kabupaten/Kota (ribu rupiah), 2020–2024","Per Capita GRDP at Current Market Prices by Regency/Municipality, in Sulawesi Tengah Province (thousand rupiahss), 2020–2024",26,6,efdd905c5c3a
SULAWESI SELATAN,01,Kab. Kepulauan Selayar,,2021,,49.475,,"PDRB Per Kapita Atas Dasar Harga Berlaku di Provinsi Sulawesi Selatan Menurut Kabupaten/Kota (ribu rupiah), 2020–2024","Per Capita GRDP at Current Market Prices by Regency/Municipality, in Sulawesi Selatan Province (thousand rupiahss), 2020–2024",27,7,67a251744312
SULAWESI SELATAN,02,Kab. Bulukumba,,2021,,35.968,,"PDRB Per Kapita Atas Dasar Harga Berlaku di Provinsi Sulawesi Selatan Menurut Kabupaten/Kota (ribu rupiah), 2020–2024","Per Capita GRDP at Current Market Prices by Regency/Municipality, in Sulawesi Selatan Province (thousand rupiahss), 2020–2024",27,7,a662175f5352
SULAWESI SELATAN,03,Kab. Bantaeng,,2021,,50.787,,"PDRB Per Kapita Atas Dasar Harga Berlaku di Provinsi Sulawesi Selatan Menurut Kabupaten/Kota (ribu rupiah), 2020–2024","Per Capita GRDP at Current Market Prices by Regency/Municipality, in Sulawesi Selatan Province (thousand rupiahss), 2020–2024",27,7,444d9cc8b26b
SULAWESI SELATAN,04,Kab. Jeneponto,,2021,,27.276,,"PDRB Per Kapita Atas Dasar Harga Berlaku di Provinsi Sulawesi Selatan Menurut Kabupaten/Kota (ribu rupiah), 2020–2024","Per Capita GRDP at Current Market Prices by Regency/Municipality, in Sulawesi Selatan Province (thousand rupiahss), 2020–2024",27,7,97639c6deebe
SULAWESI SELATAN,05,Kab. Takalar,,2021,,36.578,,"PDRB Per Kapita Atas Dasar Harga Berlaku di Provinsi Sulawesi Selatan Menurut Kabupaten/Kota (ribu rupiah), 2020–2024","Per Capita GRDP at Current Market Prices by Regency/Municipality, in Sulawesi Selatan Province (thousand rupiahss), 2020–2024",27,7,cfb8eb22bff1
SULAWESI SELATAN,06,Kab. Gowa,,2021,,30.361,,"PDRB Per Kapita Atas Dasar Harga Berlaku di Provinsi Sulawesi Selatan Menurut Kabupaten/Kota (ribu rupiah), 2020–2024","Per Capita GRDP at Current Market Prices by Regency/Municipality, in Sulawesi Selatan Province (thousand rupiahss), 2020–2024",27,7,ad55f79bf935
SULAWESI SELATAN,07,Kab. Sinjai,,2021,,46.991,,"PDRB Per Kapita Atas Dasar Harga Berlaku di Provinsi Sulawesi Selatan Menurut Kabupaten/Kota (ribu rupiah), 2020–2024","Per Capita GRDP at Current Market Prices by Regency/Municipality, in Sulawesi Selatan Province (thousand rupiahss), 2020–2024",27,7,c4f57fbe398c
SULAWESI SELATAN,08,Kab. Maros,,2021,,47.959,,"PDRB Per Kapita Atas Dasar Harga Berlaku di Provinsi Sulawesi Selatan Menurut Kabupaten/Kota (ribu rupiah), 2020–2024","Per Capita GRDP at Current Market Prices by Regency/Municipality, in Sulawesi Selatan Province (thousand rupiahss), 2020–2024",27,7,2fb9e0d57dad
SULAWESI SELATAN,09,Kab. Pangkajene dan Kepulauan,,2021,,79.123,,"PDRB Per Kapita Atas Dasar Harga Berlaku di Provinsi Sulawesi Selatan Menurut Kabupaten/Kota (ribu rupiah), 2020–2024","Per Capita GRDP at Current Market Prices by Regency/Municipality, in Sulawesi Selatan Province (thousand rupiahss), 2020–2024",27,7,324672a3d7b6
SULAWESI SELATAN,10,Kab. Barru,,2021,,43.465,,"PDRB Per Kapita Atas Dasar Harga Berlaku di Provinsi Sulawesi Selatan Menurut Kabupaten/Kota (ribu rupiah), 2020–2024","Per Capita GRDP at Current Market Prices by Regency/Municipality, in Sulawesi Selatan Province (thousand rupiahss), 2020–2024",27,7,b2a2d5fc9f8f
SULAWESI SELATAN,11,Kab. Bone,,2021,,48.668,,"PDRB Per Kapita Atas Dasar Harga Berlaku di Provinsi Sulawesi Selatan Menurut Kabupaten/Kota (ribu rupiah), 2020–2024","Per Capita GRDP at Current Market Prices by Regency/Municipality, in Sulawesi Selatan Province (thousand rupiahss), 2020–2024",27,7,1f80fd704001
SULAWESI SELATAN,12,Kab. Soppeng,,2021,,52.666,,"PDRB Per Kapita Atas Dasar Harga Berlaku di Provinsi Sulawesi Selatan Menurut Kabupaten/Kota (ribu rupiah), 2020–2024","Per Capita GRDP at Current Market Prices by Regency/Municipality, in Sulawesi Selatan Province (thousand rupiahss), 2020–2024",27,7,0b511c2de648
SULAWESI SELATAN,13,Kab. Wajo,,2021,,58.551,,"PDRB Per Kapita Atas Dasar Harga Berlaku di Provinsi Sulawesi Selatan Menurut Kabupaten/Kota (ribu rupiah), 2020–2024","Per Capita GRDP at Current Market Prices by Regency/Municipality, in Sulawesi Selatan Province (thousand rupiahss), 2020–2024",27,7,6be357627185
SULAWESI SELATAN,14,Kab. Sidenreng Rappang,,2021,,47.337,,"PDRB Per Kapita Atas Dasar Harga Berlaku di Provinsi Sulawesi Selatan Menurut Kabupaten/Kota (ribu rupiah), 2020–2024","Per Capita GRDP at Current Market Prices by Regency/Municipality, in Sulawesi Selatan Province (thousand rupiahss), 2020–2024",27,7,400c8ffffc52
SULAWESI SELATAN,15,Kab. Pinrang,,2021,,53.258,,"PDRB Per Kapita Atas Dasar Harga Berlaku di Provinsi Sulawesi Selatan Menurut Kabupaten/Kota (ribu rupiah), 2020–2024","Per Capita GRDP at Current Market Prices by Regency/Municipality, in Sulawesi Selatan Province (thousand rupiahss), 2020–2024",27,7,60ac35b5417c
SULAWESI SELATAN,16,Kab. Enrekang,,2021,,36.031,,"PDRB Per Kapita Atas Dasar Harga Berlaku di Provinsi Sulawesi Selatan Menurut Kabupaten/Kota (ribu rupiah), 2020–2024","Per Capita GRDP at Current Market Prices by Regency/Municipality, in Sulawesi Selatan Province (thousand rupiahss), 2020–2024",27,7,f944a297eb11
SULAWESI SELATAN,17,Kab. Luwu,,2021,,48.299,,"PDRB Per Kapita Atas Dasar Harga Berlaku di Provinsi Sulawesi Selatan Menurut Kabupaten/Kota (ribu rupiah), 2020–2024","Per Capita GRDP at Current Market Prices by Regency/Municipality, in Sulawesi Selatan Province (thousand rupiahss), 2020–2024",27,7,93b9e9df9c1e
SULAWESI SELATAN,18,Kab. Tana Toraja,,2021,,28.532,,"PDRB Per Kapita Atas Dasar Harga Berlaku di Provinsi Sulawesi Selatan Menurut Kabupaten/Kota (ribu rupiah), 2020–2024","Per Capita GRDP at Current Market Prices by Regency/Municipality, in Sulawesi Selatan Province (thousand rupiahss), 2020–2024",27,7,d6f4e7f6a0e2
SULAWESI SELATAN,22,Kab. Luwu Utara,,2021,,44.198,,"PDRB Per Kapita Atas Dasar Harga Berlaku di Provinsi Sulawesi Selatan Menurut Kabupaten/Kota (ribu rupiah), 2020–2024","Per Capita GRDP at Current Market Prices by Regency/Municipality, in Sulawesi Selatan Province (thousand rupiahss), 2020–2024",27,7,676daf6e1b3b
SULAWESI SELATAN,25,Kab. Luwu Timur,,2021,,78.707,,"PDRB Per Kapita Atas Dasar Harga Berlaku di Provinsi Sulawesi Selatan Menurut Kabupaten/Kota (ribu rupiah), 2020–2024","Per Capita GRDP at Current Market Prices by Regency/Municipality, in Sulawesi Selatan Province (thousand rupiahss), 2020–2024",27,7,6aee1808f3f4
SULAWESI SELATAN,26,Kab. Toraja Utara,,2021,,39.118,,"PDRB Per Kapita Atas Dasar Harga Berlaku di Provinsi Sulawesi Selatan Menurut Kabupaten/Kota (ribu rupiah), 2020–2024","Per Capita GRDP at Current Market Prices by Regency/Municipality, in Sulawesi Selatan Province (thousand rupiahss), 2020–2024",27,7,5a8eb125cc76
SULAWESI SELATAN,71,Kota Makassar,,2021,,132.678,,"PDRB Per Kapita Atas Dasar Harga Berlaku di Provinsi Sulawesi Selatan Menurut Kabupaten/Kota (ribu rupiah), 2020–2024","Per Capita GRDP at Current Market Prices by Regency/Municipality, in Sulawesi Selatan Province (thousand rupiahss), 2020–2024",27,7,da8295df3261
SULAWESI SELATAN,72,Kota Parepare,,2021,,51.026,,"PDRB Per Kapita Atas Dasar Harga Berlaku di Provinsi Sulawesi Selatan Menurut Kabupaten/Kota (ribu rupiah), 2020–2024","Per Capita GRDP at Current Market Prices by Regency/Municipality, in Sulawesi Selatan Province (thousand rupiahss), 2020–2024",27,7,05ef647f1864
SULAWESI SELATAN,73,Kota Palopo,,2021,,46.627,,"PDRB Per Kapita Atas Dasar Harga Berlaku di Provinsi Sulawesi Selatan Menurut Kabupaten/Kota (ribu rupiah), 2020–2024","Per Capita GRDP at Current Market Prices by Regency/Municipality, in Sulawesi Selatan Province (thousand rupiahss), 2020–2024",27,7,f1fd47f055a7
SULAWESI SELATAN,,Jml Kab./Kota Total of Reg./Mun.,,2021,,59.619,,"PDRB Per Kapita Atas Dasar Harga Berlaku di Provinsi Sulawesi Selatan Menurut Kabupaten/Kota (ribu rupiah), 2020–2024","Per Capita GRDP at Current Market Prices by Regency/Municipality, in Sulawesi Selatan Province (thousand rupiahss), 2020–2024",27,7,5d3565b3961e
SULAWESI SELATAN,,Provinsi/Province,,2021,,59.503,,"PDRB Per Kapita Atas Dasar Harga Berlaku di Provinsi Sulawesi Selatan Menurut Kabupaten/Kota (ribu rupiah), 2020–2024","Per Capita GRDP at Current Market Prices by Regency/Municipality, in Sulawesi Selatan Province (thousand rupiahss), 2020–2024",27,7,75e8c35f8083
SULAWESI TENGGARA,01,Kab. Buton,,2021,,34.615,,"PDRB Per Kapita Atas Dasar Harga Berlaku di Provinsi Sulawesi Tenggara Menurut Kabupaten/Kota (ribu rupiah), 2020–2024","Per Capita GRDP at Current Market Prices by Regency/Municipality, in Sulawesi Tenggara Province (thousand rupiahss), 2020–2024",28,8,e8f838f24800
SULAWESI TENGGARA,02,Kab. Muna,,2021,,33.777,,"PDRB Per Kapita Atas Dasar Harga Berlaku di Provinsi Sulawesi Tenggara Menurut Kabupaten/Kota (ribu rupiah), 2020–2024","Per Capita GRDP at Current Market Prices by Regency/Municipality, in Sulawesi Tenggara Province (thousand rupiahss), 2020–2024",28,8,45d403029258
SULAWESI TENGGARA,03,Kab. Konawe,,2021,,44.344,,"PDRB Per Kapita Atas Dasar Harga Berlaku di Provinsi Sulawesi Tenggara Menurut Kabupaten/Kota (ribu rupiah), 2020–2024","Per Capita GRDP at Current Market Prices by Regency/Municipality, in Sulawesi Tenggara Province (thousand rupiahss), 2020–2024",28,8,594ad1020c26
SULAWESI TENGGARA,04,Kab. Kolaka,,2021,,114.671,,"PDRB Per Kapita Atas Dasar Harga Berlaku di Provinsi Sulawesi Tenggara Menurut Kabupaten/Kota (ribu rupiah), 2020–2024","Per Capita GRDP at Current Market Prices by Regency/Municipality, in Sulawesi Tenggara Province (thousand rupiahss), 2020–2024",28,8,51579fa7f61b
SULAWESI TENGGARA,05,Kab. Konawe Selatan,,2021,,40.441,,"PDRB Per Kapita Atas Dasar Harga Berlaku di Provinsi Sulawesi Tenggara Menurut Kabupaten/Kota (ribu rupiah), 2020–2024","Per Capita GRDP at Current Market Prices by Regency/Municipality, in Sulawesi Tenggara Province (thousand rupiahss), 2020–2024",28,8,6f8152df9659
SULAWESI TENGGARA,06,Kab. Bombana,,2021,,45.227,,"PDRB Per Kapita Atas Dasar Harga Berlaku di Provinsi Sulawesi Tenggara Menurut Kabupaten/Kota (ribu rupiah), 2020–2024","Per Capita GRDP at Current Market Prices by Regency/Municipality, in Sulawesi Tenggara Province (thousand rupiahss), 2020–2024",28,8,fe2a3a130326
SULAWESI TENGGARA,07,Kab. Wakatobi,,2021,,41.758,,"PDRB Per Kapita Atas Dasar Harga Berlaku di Provinsi Sulawesi Tenggara Menurut Kabupaten/Kota (ribu rupiah), 2020–2024","Per Capita GRDP at Current Market Prices by Regency/Municipality, in Sulawesi Tenggara Province (thousand rupiahss), 2020–2024",28,8,48cd2ae07be8
SULAWESI TENGGARA,08,Kab. Kolaka Utara,,2021,,65.670,,"PDRB Per Kapita Atas Dasar Harga Berlaku di Provinsi Sulawesi Tenggara Menurut Kabupaten/Kota (ribu rupiah), 2020–2024","Per Capita GRDP at Current Market Prices by Regency/Municipality, in Sulawesi Tenggara Province (thousand rupiahss), 2020–2024",28,8,fe9488cc6e53
SULAWESI TENGGARA,09,Kab. Buton Utara,,2021,,50.900,,"PDRB Per Kapita Atas Dasar Harga Berlaku di Provinsi Sulawesi Tenggara Menurut Kabupaten/Kota (ribu rupiah), 2020–2024","Per Capita GRDP at Current Market Prices by Regency/Municipality, in Sulawesi Tenggara Province (thousand rupiahss), 2020–2024",28,8,82c709fd3036
SULAWESI TENGGARA,10,Kab. Konawe Utara,,2021,,61.689,,"PDRB Per Kapita Atas Dasar Harga Berlaku di Provinsi Sulawesi Tenggara Menurut Kabupaten/Kota (ribu rupiah), 2020–2024","Per Capita GRDP at Current Market Prices by Regency/Municipality, in Sulawesi Tenggara Province (thousand rupiahss), 2020–2024",28,8,66ac5c990191
SULAWESI TENGGARA,11,Kab. Kolaka Timur,,2021,,39.570,,"PDRB Per Kapita Atas Dasar Harga Berlaku di Provinsi Sulawesi Tenggara Menurut Kabupaten/Kota (ribu rupiah), 2020–2024","Per Capita GRDP at Current Market Prices by Regency/Municipality, in Sulawesi Tenggara Province (thousand rupiahss), 2020–2024",28,8,062265a305e8
SULAWESI TENGGARA,12,Kab. Konawe Kepulauan,,2021,,39.027,,"PDRB Per Kapita Atas Dasar Harga Berlaku di Provinsi Sulawesi Tenggara Menurut Kabupaten/Kota (ribu rupiah), 2020–2024","Per Capita GRDP at Current Market Prices by Regency/Municipality, in Sulawesi Tenggara Province (thousand rupiahss), 2020–2024",28,8,ab0f184f7645
SULAWESI TENGGARA,13,Kab. Muna Barat,,2021,,32.472,,"PDRB Per Kapita Atas Dasar Harga Berlaku di Provinsi Sulawesi Tenggara Menurut Kabupaten/Kota (ribu rupiah), 2020–2024","Per Capita GRDP at Current Market Prices by Regency/Municipality, in Sulawesi Tenggara Province (thousand rupiahss), 2020–2024",28,8,74c3d5866bc9
SULAWESI TENGGARA,14,Kab. Buton Tengah,,2021,,21.900,,"PDRB Per Kapita Atas Dasar Harga Berlaku di Provinsi Sulawesi Tenggara Menurut Kabupaten/Kota (ribu rupiah), 2020–2024","Per Capita GRDP at Current Market Prices by Regency/Municipality, in Sulawesi Tenggara Province (thousand rupiahss), 2020–2024",28,8,5e0ff6c58e2a
SULAWESI TENGGARA,15,Kab. Buton Selatan,,2021,,31.084,,"PDRB Per Kapita Atas Dasar Harga Berlaku di Provinsi Sulawesi Tenggara Menurut Kabupaten/Kota (ribu rupiah), 2020–2024","Per Capita GRDP at Current Market Prices by Regency/Municipality, in Sulawesi Tenggara Province (thousand rupiahss), 2020–2024",28,8,1b04f7f41e2e
SULAWESI TENGGARA,71,Kota Kendari,,2021,,67.484,,"PDRB Per Kapita Atas Dasar Harga Berlaku di Provinsi Sulawesi Tenggara Menurut Kabupaten/Kota (ribu rupiah), 2020–2024","Per Capita GRDP at Current Market Prices by Regency/Municipality, in Sulawesi Tenggara Province (thousand rupiahss), 2020–2024",28,8,81880c33a495
SULAWESI TENGGARA,72,Kota Baubau,,2021,,59.694,,"PDRB Per Kapita Atas Dasar Harga Berlaku di Provinsi Sulawesi Tenggara Menurut Kabupaten/Kota (ribu rupiah), 2020–2024","Per Capita GRDP at Current Market Prices by Regency/Municipality, in Sulawesi Tenggara Province (thousand rupiahss), 2020–2024",28,8,2f99721bf12d
SULAWESI TENGGARA,,Jml Kab./Kota Total of Reg./Mun.,,2021,,52.469,,"PDRB Per Kapita Atas Dasar Harga Berlaku di Provinsi Sulawesi Tenggara Menurut Kabupaten/Kota (ribu rupiah), 2020–2024","Per Capita GRDP at Current Market Prices by Regency/Municipality, in Sulawesi Tenggara Province (thousand rupiahss), 2020–2024",28,8,cdebffad7dc0
SULAWESI TENGGARA,,Provinsi/Province,,2021,,52.436,,"PDRB Per Kapita Atas Dasar Harga Berlaku di Provinsi Sulawesi Tenggara Menurut Kabupaten/Kota (ribu rupiah), 2020–2024","Per Capita GRDP at Current Market Prices by Regency/Municipality, in Sulawesi Tenggara Province (thousand rupiahss), 2020–2024",28,8,a879d24b55ab
GORONTALO,01,Kab. Boalemo,,2021,,38.886,,"PDRB Per Kapita Atas Dasar Harga Berlaku di Provinsi Gorontalo Menurut Kabupaten/Kota (ribu rupiah), 2020–2024","Per Capita GRDP at Current Market Prices by Regency/Municipality, in Gorontalo Province (thousand rupiahss), 2020–2024",29,9,e36613c60f12
GORONTALO,02,Kab. Gorontalo,,2021,,34.566,,"PDRB Per Kapita Atas Dasar Harga Berlaku di Provinsi Gorontalo Menurut Kabupaten/Kota (ribu rupiah), 2020–2024","Per Capita GRDP at Current Market Prices by Regency/Municipality, in Gorontalo Province (thousand rupiahss), 2020–2024",29,9,d4cd9f544c4d
GORONTALO,03,Kab. Pohuwato,,2021,,47.678,,"PDRB Per Kapita Atas Dasar Harga Berlaku di Provinsi Gorontalo Menurut Kabupaten/Kota (ribu rupiah), 2020–2024","Per Capita GRDP at Current Market Prices by Regency/Municipality, in Gorontalo Province (thousand rupiahss), 2020–2024",29,9,ab60dbdc6153
GORONTALO,04,Kab. Bone Bolango,,2021,,29.667,,"PDRB Per Kapita Atas Dasar Harga Berlaku di Provinsi Gorontalo Menurut Kabupaten/Kota (ribu rupiah), 2020–2024","Per Capita GRDP at Current Market Prices by Regency/Municipality, in Gorontalo Province (thousand rupiahss), 2020–2024",29,9,c80c14703bc4
GORONTALO,05,Kab. Gorontalo Utara,,2021,,28.382,,"PDRB Per Kapita Atas Dasar Harga Berlaku di Provinsi Gorontalo Menurut Kabupaten/Kota (ribu rupiah), 2020–2024","Per Capita GRDP at Current Market Prices by Regency/Municipality, in Gorontalo Province (thousand rupiahss), 2020–2024",29,9,a1e6c39340b5
GORONTALO,71,Kota Gorontalo,,2021,,44.838,,"PDRB Per Kapita Atas Dasar Harga Berlaku di Provinsi Gorontalo Menurut Kabupaten/Kota (ribu rupiah), 2020–2024","Per Capita GRDP at Current Market Prices by Regency/Municipality, in Gorontalo Province (thousand rupiahss), 2020–2024",29,9,597bdd7e20be
GORONTALO,,Jml Kab./Kota Total of Reg./Mun.,,2021,,37.142,,"PDRB Per Kapita Atas Dasar Harga Berlaku di Provinsi Gorontalo Menurut Kabupaten/Kota (ribu rupiah), 2020–2024","Per Capita GRDP at Current Market Prices by Regency/Municipality, in Gorontalo Province (thousand rupiahss), 2020–2024",29,9,69c7e0ac2668
GORONTALO,,Provinsi/Province,,2021,,37.087,,"PDRB Per Kapita Atas Dasar Harga Berlaku di Provinsi Gorontalo Menurut Kabupaten/Kota (ribu rupiah), 2020–2024","Per Capita GRDP at Current Market Prices by Regency/Municipality, in Gorontalo Province (thousand rupiahss), 2020–2024",29,9,8cb01ef6ba74
SULAWESI BARAT,01,Kab. Majene,,2021,,29.513,,"PDRB Per Kapita Atas Dasar Harga Berlaku di Provinsi Sulawesi Barat Menurut Kabupaten/Kota (ribu rupiah), 2020–2024","Per Capita GRDP at Current Market Prices by Regency/Municipality, in Sulawesi Barat Province (thousand rupiahss), 2020–2024",30,10,8a6f6844d686
SULAWESI BARAT,02,Kab. Polewali Mandar,,2021,,28.575,,"PDRB Per Kapita Atas Dasar Harga Berlaku di Provinsi Sulawesi Barat Menurut Kabupaten/Kota (ribu rupiah), 2020–2024","Per Capita GRDP at Current Market Prices by Regency/Municipality, in Sulawesi Barat Province (thousand rupiahss), 2020–2024",30,10,12c5b718151b
SULAWESI BARAT,03,Kab. Mamasa,,2021,,18.918,,"PDRB Per Kapita Atas Dasar Harga Berlaku di Provinsi Sulawesi Barat Menurut Kabupaten/Kota (ribu rupiah), 2020–2024","Per Capita GRDP at Current Market Prices by Regency/Municipality, in Sulawesi Barat Province (thousand rupiahss), 2020–2024",30,10,3788f23e1a57
SULAWESI BARAT,04,Kab. Mamuju,,2021,,43.916,,"PDRB Per Kapita Atas Dasar Harga Berlaku di Provinsi Sulawesi Barat Menurut Kabupaten/Kota (ribu rupiah), 2020–2024","Per Capita GRDP at Current Market Prices by Regency/Municipality, in Sulawesi Barat Province (thousand rupiahss), 2020–2024",30,10,03b47269d703
SULAWESI BARAT,05,Kab. Pasang Kayu,,2021,,64.619,,"PDRB Per Kapita Atas Dasar Harga Berlaku di Provinsi Sulawesi Barat Menurut Kabupaten/Kota (ribu rupiah), 2020–2024","Per Capita GRDP at Current Market Prices by Regency/Municipality, in Sulawesi Barat Province (thousand rupiahss), 2020–2024",30,10,ba1b2c2dd28c
SULAWESI BARAT,06,Kab. Mamuju Tengah,,2021,,25.934,,"PDRB Per Kapita Atas Dasar Harga Berlaku di Provinsi Sulawesi Barat Menurut Kabupaten/Kota (ribu rupiah), 2020–2024","Per Capita GRDP at Current Market Prices by Regency/Municipality, in Sulawesi Barat Province (thousand rupiahss), 2020–2024",30,10,78e433184983
SULAWESI BARAT,,Jml Kab./Kota Total of Reg./Mun.,,2021,,38.867,,"PDRB Per Kapita Atas Dasar Harga Berlaku di Provinsi Sulawesi Barat Menurut Kabupaten/Kota (ribu rupiah), 2020–2024","Per Capita GRDP at Current Market Prices by Regency/Municipality, in Sulawesi Barat Province (thousand rupiahss), 2020–2024",30,10,ea2c9f339329
SULAWESI BARAT,,Provinsi/Province,,2021,,35.195,,"PDRB Per Kapita Atas Dasar Harga Berlaku di Provinsi Sulawesi Barat Menurut Kabupaten/Kota (ribu rupiah), 2020–2024","Per Capita GRDP at Current Market Prices by Regency/Municipality, in Sulawesi Barat Province (thousand rupiahss), 2020–2024",30,10,74809b8c8d5f
KALIMANTAN TENGAH,01,Kab. Kotawaringin Barat,,2022,,94.967,,"PDRB Per Kapita Atas Dasar Harga Berlaku di Provinsi Kalimantan Tengah Menurut Kabupaten/Kota (ribu rupiah), 2020–2024","Per Capita GRDP at Current Market Prices by Regency/Municipality, in Kalimantan Tengah Province (thousand rupiahss), 2020–2024",21,1,741e07a8cd8d
KALIMANTAN TENGAH,02,Kab. Kotawaringin Timur,,2022,,76.092,,"PDRB Per Kapita Atas Dasar Harga Berlaku di Provinsi Kalimantan Tengah Menurut Kabupaten/Kota (ribu rupiah), 2020–2024","Per Capita GRDP at Current Market Prices by Regency/Municipality, in Kalimantan Tengah Province (thousand rupiahss), 2020–2024",21,1,514553a6fbc2
KALIMANTAN TENGAH,03,Kab. Kapuas,,2022,,54.742,,"PDRB Per Kapita Atas Dasar Harga Berlaku di Provinsi Kalimantan Tengah Menurut Kabupaten/Kota (ribu rupiah), 2020–2024","Per Capita GRDP at Current Market Prices by Regency/Municipality, in Kalimantan Tengah Province (thousand rupiahss), 2020–2024",21,1,ddb60150e628
KALIMANTAN TENGAH,04,Kab. Barito Selatan,,2022,,60.921,,"PDRB Per Kapita Atas Dasar Harga Berlaku di Provinsi Kalimantan Tengah Menurut Kabupaten/Kota (ribu rupiah), 2020–2024","Per Capita GRDP at Current Market Prices by Regency/Municipality, in Kalimantan Tengah Province (thousand rupiahss), 2020–2024",21,1,989a367e3b4e
KALIMANTAN TENGAH,05,Kab. Barito Utara,,2022,,90.184,,"PDRB Per Kapita Atas Dasar Harga Berlaku di Provinsi Kalimantan Tengah Menurut Kabupaten/Kota (ribu rupiah), 2020–2024","Per Capita GRDP at Current Market Prices by Regency/Municipality, in Kalimantan Tengah Province (thousand rupiahss), 2020–2024",21,1,518915c35c4f
KALIMANTAN TENGAH,06,Kab. Sukamara,,2022,,83.413,,"PDRB Per Kapita Atas Dasar Harga Berlaku di Provinsi Kalimantan Tengah Menurut Kabupaten/Kota (ribu rupiah), 2020–2024","Per Capita GRDP at Current Market Prices by Regency/Municipality, in Kalimantan Tengah Province (thousand rupiahss), 2020–2024",21,1,ba9548f1a4a2
KALIMANTAN TENGAH,07,Kab. Lamandau,,2022,,72.789,,"PDRB Per Kapita Atas Dasar Harga Berlaku di Provinsi Kalimantan Tengah Menurut Kabupaten/Kota (ribu rupiah), 2020–2024","Per Capita GRDP at Current Market Prices by Regency/Municipality, in Kalimantan Tengah Province (thousand rupiahss), 2020–2024",21,1,aef9a70fd839
KALIMANTAN TENGAH,08,Kab. Seruyan,,2022,,64.237,,"PDRB Per Kapita Atas Dasar Harga Berlaku di Provinsi Kalimantan Tengah Menurut Kabupaten/Kota (ribu rupiah), 2020–2024","Per Capita GRDP at Current Market Prices by Regency/Municipality, in Kalimantan Tengah Province (thousand rupiahss), 2020–2024",21,1,9621905cdc17
KALIMANTAN TENGAH,09,Kab. Katingan,,2022,,59.739,,"PDRB Per Kapita Atas Dasar Harga Berlaku di Provinsi Kalimantan Tengah Menurut Kabupaten/Kota (ribu rupiah), 2020–2024","Per Capita GRDP at Current Market Prices by Regency/Municipality, in Kalimantan Tengah Province (thousand rupiahss), 2020–2024",21,1,c8feaaae23fa
KALIMANTAN TENGAH,10,Kab. Pulang Pisau,,2022,,47.232,,"PDRB Per Kapita Atas Dasar Harga Berlaku di Provinsi Kalimantan Tengah Menurut Kabupaten/Kota (ribu rupiah), 2020–2024","Per Capita GRDP at Current Market Prices by Regency/Municipality, in Kalimantan Tengah Province (thousand rupiahss), 2020–2024",21,1,cca8bd0745f5
KALIMANTAN TENGAH,11,Kab. Gunung Mas,,2022,,58.057,,"PDRB Per Kapita Atas Dasar Harga Berlaku di Provinsi Kalimantan Tengah Menurut Kabupaten/Kota (ribu rupiah), 2020–2024","Per Capita GRDP at Current Market Prices by Regency/Municipality, in Kalimantan Tengah Province (thousand rupiahss), 2020–2024",21,1,8434256fd184
KALIMANTAN TENGAH,12,Kab. Barito Timur,,2022,,94.494,,"PDRB Per Kapita Atas Dasar Harga Berlaku di Provinsi Kalimantan Tengah Menurut Kabupaten/Kota (ribu rupiah), 2020–2024","Per Capita GRDP at Current Market Prices by Regency/Municipality, in Kalimantan Tengah Province (thousand rupiahss), 2020–2024",21,1,11a0053af067
KALIMANTAN TENGAH,13,Kab. Murung Raya,,2022,,113.198,,"PDRB Per Kapita Atas Dasar Harga Berlaku di Provinsi Kalimantan Tengah Menurut Kabupaten/Kota (ribu rupiah), 2020–2024","Per Capita GRDP at Current Market Prices by Regency/Municipality, in Kalimantan Tengah Province (thousand rupiahss), 2020–2024",21,1,a7020765a5b7
KALIMANTAN TENGAH,71,Kota Palangka Raya,,2022,,72.839,,"PDRB Per Kapita Atas Dasar Harga Berlaku di Provinsi Kalimantan Tengah Menurut Kabupaten/Kota (ribu rupiah), 2020–2024","Per Capita GRDP at Current Market Prices by Regency/Municipality, in Kalimantan Tengah Province (thousand rupiahss), 2020–2024",21,1,f185da534e92
KALIMANTAN TENGAH,,Jml Kab./Kota Total of Reg./Mun.,,2022,,72.738,,"PDRB Per Kapita Atas Dasar Harga Berlaku di Provinsi Kalimantan Tengah Menurut Kabupaten/Kota (ribu rupiah), 2020–2024","Per Capita GRDP at Current Market Prices by Regency/Municipality, in Kalimantan Tengah Province (thousand rupiahss), 2020–2024",21,1,65d0448c98ff
KALIMANTAN TENGAH,,Provinsi/Province,,2022,,72.973,,"PDRB Per Kapita Atas Dasar Harga Berlaku di Provinsi Kalimantan Tengah Menurut Kabupaten/Kota (ribu rupiah), 2020–2024","Per Capita GRDP at Current Market Prices by Regency/Municipality, in Kalimantan Tengah Province (thousand rupiahss), 2020–2024",21,1,d6b933420a4a
KALIMANTAN SELATAN,01,Kab. Tanah Laut,,2022,,53.319,,"PDRB Per Kapita Atas Dasar Harga Berlaku di Provinsi Kalimantan Selatan Menurut Kabupaten/Kota (ribu rupiah), 2020–2024","Per Capita GRDP at Current Market Prices by Regency/Municipality, in Kalimantan Selatan Province (thousand rupiahss), 2020–2024",22,2,d690f9581016
KALIMANTAN SELATAN,02,Kab. Kota Baru,,2022,,99.498,,"PDRB Per Kapita Atas Dasar Harga Berlaku di Provinsi Kalimantan Selatan Menurut Kabupaten/Kota (ribu rupiah), 2020–2024","Per Capita GRDP at Current Market Prices by Regency/Municipality, in Kalimantan Selatan Province (thousand rupiahss), 2020–2024",22,2,80981ebc5a9c
KALIMANTAN SELATAN,03,Kab. Banjar,,2022,,36.189,,"PDRB Per Kapita Atas Dasar Harga Berlaku di Provinsi Kalimantan Selatan Menurut Kabupaten/Kota (ribu rupiah), 2020–2024","Per Capita GRDP at Current Market Prices by Regency/Municipality, in Kalimantan Selatan Province (thousand rupiahss), 2020–2024",22,2,38a7b3595bac
KALIMANTAN SELATAN,04,Kab. Barito Kuala,,2022,,30.692,,"PDRB Per Kapita Atas Dasar Harga Berlaku di Provinsi Kalimantan Selatan Menurut Kabupaten/Kota (ribu rupiah), 2020–2024","Per Capita GRDP at Current Market Prices by Regency/Municipality, in Kalimantan Selatan Province (thousand rupiahss), 2020–2024",22,2,9ea3d97532a6
KALIMANTAN SELATAN,05,Kab. Tapin,,2022,,65.826,,"PDRB Per Kapita Atas Dasar Harga Berlaku di Provinsi Kalimantan Selatan Menurut Kabupaten/Kota (ribu rupiah), 2020–2024","Per Capita GRDP at Current Market Prices by Regency/Municipality, in Kalimantan Selatan Province (thousand rupiahss), 2020–2024",22,2,527513150712
KALIMANTAN SELATAN,06,Kab. Hulu Sungai Selatan,,2022,,36.208,,"PDRB Per Kapita Atas Dasar Harga Berlaku di Provinsi Kalimantan Selatan Menurut Kabupaten/Kota (ribu rupiah), 2020–2024","Per Capita GRDP at Current Market Prices by Regency/Municipality, in Kalimantan Selatan Province (thousand rupiahss), 2020–2024",22,2,6e9e59781751
KALIMANTAN SELATAN,07,Kab. Hulu Sungai Tengah,,2022,,30.152,,"PDRB Per Kapita Atas Dasar Harga Berlaku di Provinsi Kalimantan Selatan Menurut Kabupaten/Kota (ribu rupiah), 2020–2024","Per Capita GRDP at Current Market Prices by Regency/Municipality, in Kalimantan Selatan Province (thousand rupiahss), 2020–2024",22,2,194fd50c3cf2
KALIMANTAN SELATAN,08,Kab. Hulu Sungai Utara,,2022,,24.459,,"PDRB Per Kapita Atas Dasar Harga Berlaku di Provinsi Kalimantan Selatan Menurut Kabupaten/Kota (ribu rupiah), 2020–2024","Per Capita GRDP at Current Market Prices by Regency/Municipality, in Kalimantan Selatan Province (thousand rupiahss), 2020–2024",22,2,a5438a1d1dc7
KALIMANTAN SELATAN,09,Kab. Tabalong,,2022,,112.270,,"PDRB Per Kapita Atas Dasar Harga Berlaku di Provinsi Kalimantan Selatan Menurut Kabupaten/Kota (ribu rupiah), 2020–2024","Per Capita GRDP at Current Market Prices by Regency/Municipality, in Kalimantan Selatan Province (thousand rupiahss), 2020–2024",22,2,b1798ca52436
KALIMANTAN SELATAN,10,Kab. Tanah Bumbu,,2022,,95.160,,"PDRB Per Kapita Atas Dasar Harga Berlaku di Provinsi Kalimantan Selatan Menurut Kabupaten/Kota (ribu rupiah), 2020–2024","Per Capita GRDP at Current Market Prices by Regency/Municipality, in Kalimantan Selatan Province (thousand rupiahss), 2020–2024",22,2,717cb340deaa
KALIMANTAN SELATAN,11,Kab. Balangan,,2022,,148.029,,"PDRB Per Kapita Atas Dasar Harga Berlaku di Provinsi Kalimantan Selatan Menurut Kabupaten/Kota (ribu rupiah), 2020–2024","Per Capita GRDP at Current Market Prices by Regency/Municipality, in Kalimantan Selatan Province (thousand rupiahss), 2020–2024",22,2,30e15108c7a5
KALIMANTAN SELATAN,71,Kota Banjarmasin,,2022,,57.991,,"PDRB Per Kapita Atas Dasar Harga Berlaku di Provinsi Kalimantan Selatan Menurut Kabupaten/Kota (ribu rupiah), 2020–2024","Per Capita GRDP at Current Market Prices by Regency/Municipality, in Kalimantan Selatan Province (thousand rupiahss), 2020–2024",22,2,1bea3c869c62
KALIMANTAN SELATAN,72,Kota Banjar Baru,,2022,,44.860,,"PDRB Per Kapita Atas Dasar Harga Berlaku di Provinsi Kalimantan Selatan Menurut Kabupaten/Kota (ribu rupiah), 2020–2024","Per Capita GRDP at Current Market Prices by Regency/Municipality, in Kalimantan Selatan Province (thousand rupiahss), 2020–2024",22,2,68593623360c
KALIMANTAN SELATAN,,Jml Kab./Kota Total of Reg./Mun.,,2022,,59.704,,"PDRB Per Kapita Atas Dasar Harga Berlaku di Provinsi Kalimantan Selatan Menurut Kabupaten/Kota (ribu rupiah), 2020–2024","Per Capita GRDP at Current Market Prices by Regency/Municipality, in Kalimantan Selatan Province (thousand rupiahss), 2020–2024",22,2,35a68b1338ef
KALIMANTAN SELATAN,,Provinsi/Province,,2022,,60.213,,"PDRB Per Kapita Atas Dasar Harga Berlaku di Provinsi Kalimantan Selatan Menurut Kabupaten/Kota (ribu rupiah), 2020–2024","Per Capita GRDP at Current Market Prices by Regency/Municipality, in Kalimantan Selatan Province (thousand rupiahss), 2020–2024",22,2,dec9f4b5655a
KALIMANTAN TIMUR,01,Kab. Paser,,2022,,271.259,,"PDRB Per Kapita Atas Dasar Harga Berlaku di Provinsi Kalimantan Timur Menurut Kabupaten/Kota (ribu rupiah), 2020–2024","Per Capita GRDP at Current Market Prices by Regency/Municipality, in Kalimantan Timur Province (thousand rupiahss), 2020–2024",23,3,23334d629c59
KALIMANTAN TIMUR,02,Kab. Kutai Barat,,2022,,247.400,,"PDRB Per Kapita Atas Dasar Harga Berlaku di Provinsi Kalimantan Timur Menurut Kabupaten/Kota (ribu rupiah), 2020–2024","Per Capita GRDP at Current Market Prices by Regency/Municipality, in Kalimantan Timur Province (thousand rupiahss), 2020–2024",23,3,057c1ebeb0e8
KALIMANTAN TIMUR,03,Kab. Kutai Kartanegara,,2022,,322.082,,"PDRB Per Kapita Atas Dasar Harga Berlaku di Provinsi Kalimantan Timur Menurut Kabupaten/Kota (ribu rupiah), 2020–2024","Per Capita GRDP at Current Market Prices by Regency/Municipality, in Kalimantan Timur Province (thousand rupiahss), 2020–2024",23,3,84534b684077
KALIMANTAN TIMUR,04,Kab. Kutai Timur,,2022,,471.269,,"PDRB Per Kapita Atas Dasar Harga Berlaku di Provinsi Kalimantan Timur Menurut Kabupaten/Kota (ribu rupiah), 2020–2024","Per Capita GRDP at Current Market Prices by Regency/Municipality, in Kalimantan Timur Province (thousand rupiahss), 2020–2024",23,3,0571ccffff7e
KALIMANTAN TIMUR,05,Kab. Berau,,2022,,236.227,,"PDRB Per Kapita Atas Dasar Harga Berlaku di Provinsi Kalimantan Timur Menurut Kabupaten/Kota (ribu rupiah), 2020–2024","Per Capita GRDP at Current Market Prices by Regency/Municipality, in Kalimantan Timur Province (thousand rupiahss), 2020–2024",23,3,aba12ac4c646
KALIMANTAN TIMUR,09,Kab. Penajam Paser Utara,,2022,,69.503,,"PDRB Per Kapita Atas Dasar Harga Berlaku di Provinsi Kalimantan Timur Menurut Kabupaten/Kota (ribu rupiah), 2020–2024","Per Capita GRDP at Current Market Prices by Regency/Municipality, in Kalimantan Timur Province (thousand rupiahss), 2020–2024",23,3,6689ab4480ee
KALIMANTAN TIMUR,11,Kab. Mahakam Ulu,,2022,,95.117,,"PDRB Per Kapita Atas Dasar Harga Berlaku di Provinsi Kalimantan Timur Menurut Kabupaten/Kota (ribu rupiah), 2020–2024","Per Capita GRDP at Current Market Prices by Regency/Municipality, in Kalimantan Timur Province (thousand rupiahss), 2020–2024",23,3,20b6eb123fec
KALIMANTAN TIMUR,71,Kota Balikpapan,,2022,,181.286,,"PDRB Per Kapita Atas Dasar Harga Berlaku di Provinsi Kalimantan Timur Menurut Kabupaten/Kota (ribu rupiah), 2020–2024","Per Capita GRDP at Current Market Prices by Regency/Municipality, in Kalimantan Timur Province (thousand rupiahss), 2020–2024",23,3,9bce3104c523
KALIMANTAN TIMUR,72,Kota Samarinda,,2022,,98.877,,"PDRB Per Kapita Atas Dasar Harga Berlaku di Provinsi Kalimantan Timur Menurut Kabupaten/Kota (ribu rupiah), 2020–2024","Per Capita GRDP at Current Market Prices by Regency/Municipality, in Kalimantan Timur Province (thousand rupiahss), 2020–2024",23,3,3d48aa8f9277
KALIMANTAN TIMUR,74,Kota Bontang,,2022,,344.148,,"PDRB Per Kapita Atas Dasar Harga Berlaku di Provinsi Kalimantan Timur Menurut Kabupaten/Kota (ribu rupiah), 2020–2024","Per Capita GRDP at Current Market Prices by Regency/Municipality, in Kalimantan Timur Province (thousand rupiahss), 2020–2024",23,3,105587e76b2a
KALIMANTAN TIMUR,,Jml Kab./Kota Total of Reg./Mun.,,2022,,238.918,,"PDRB Per Kapita Atas Dasar Harga Berlaku di Provinsi Kalimantan Timur Menurut Kabupaten/Kota (ribu rupiah), 2020–2024","Per Capita GRDP at Current Market Prices by Regency/Municipality, in Kalimantan Timur Province (thousand rupiahss), 2020–2024",23,3,500ccf294155
KALIMANTAN TIMUR,,Provinsi/Province,,2022,,238.917,,"PDRB Per Kapita Atas Dasar Harga Berlaku di Provinsi Kalimantan Timur Menurut Kabupaten/Kota (ribu rupiah), 2020–2024","Per Capita GRDP at Current Market Prices by Regency/Municipality, in Kalimantan Timur Province (thousand rupiahss), 2020–2024",23,3,e514e1d145ed
KALIMANTAN UTARA,01,Kab. Malinau,,2022,,211.913,,"PDRB Per Kapita Atas Dasar Harga Berlaku di Provinsi Kalimantan Utara Menurut Kabupaten/Kota (ribu rupiah), 2020–2024","Per Capita GRDP at Current Market Prices by Regency/Municipality, in Kalimantan Utara Province (thousand rupiahss), 2020–2024",24,4,ac8d2f161d00
KALIMANTAN UTARA,02,Kab. Bulungan,,2022,,156.183,,"PDRB Per Kapita Atas Dasar Harga Berlaku di Provinsi Kalimantan Utara Menurut Kabupaten/Kota (ribu rupiah), 2020–2024","Per Capita GRDP at Current Market Prices by Regency/Municipality, in Kalimantan Utara Province (thousand rupiahss), 2020–2024",24,4,90d3507c483e
KALIMANTAN UTARA,03,Kab. Tana Tidung,,2022,,330.501,,"PDRB Per Kapita Atas Dasar Harga Berlaku di Provinsi Kalimantan Utara Menurut Kabupaten/Kota (ribu rupiah), 2020–2024","Per Capita GRDP at Current Market Prices by Regency/Municipality, in Kalimantan Utara Province (thousand rupiahss), 2020–2024",24,4,140568d7bd25
KALIMANTAN UTARA,04,Kab. Nunukan,,2022,,195.654,,"PDRB Per Kapita Atas Dasar Harga Berlaku di Provinsi Kalimantan Utara Menurut Kabupaten/Kota (ribu rupiah), 2020–2024","Per Capita GRDP at Current Market Prices by Regency/Municipality, in Kalimantan Utara Province (thousand rupiahss), 2020–2024",24,4,bd2800abaf59
KALIMANTAN UTARA,71,Kota Tarakan,,2022,,190.207,,"PDRB Per Kapita Atas Dasar Harga Berlaku di Provinsi Kalimantan Utara Menurut Kabupaten/Kota (ribu rupiah), 2020–2024","Per Capita GRDP at Current Market Prices by Regency/Municipality, in Kalimantan Utara Province (thousand rupiahss), 2020–2024",24,4,99651e2f7a79
KALIMANTAN UTARA,,Jml Kab./Kota Total of Reg./Mun.,,2022,,192.159,,"PDRB Per Kapita Atas Dasar Harga Berlaku di Provinsi Kalimantan Utara Menurut Kabupaten/Kota (ribu rupiah), 2020–2024","Per Capita GRDP at Current Market Prices by Regency/Municipality, in Kalimantan Utara Province (thousand rupiahss), 2020–2024",24,4,f445a0db34ac
KALIMANTAN UTARA,,Provinsi/Province,,2022,,192.588,,"PDRB Per Kapita Atas Dasar Harga Berlaku di Provinsi Kalimantan Utara Menurut Kabupaten/Kota (ribu rupiah), 2020–2024","Per Capita GRDP at Current Market Prices by Regency/Municipality, in Kalimantan Utara Province (thousand rupiahss), 2020–2024",24,4,39afb9e60d08
SULAWESI UTARA,01,Kab. Bolaang Mongondow,,2022,,38.652,,"PDRB Per Kapita Atas Dasar Harga Berlaku di Provinsi Sulawesi Utara Menurut Kabupaten/Kota (ribu rupiah), 2020–2024","Per Capita GRDP at Current Market Prices by Regency/Municipality, in Sulawesi Utara Province (thousand rupiahss), 2020–2024",25,5,84a9a8a88b90
SULAWESI UTARA,02,Kab. Minahasa,,2022,,58.154,,"PDRB Per Kapita Atas Dasar Harga Berlaku di Provinsi Sulawesi Utara Menurut Kabupaten/Kota (ribu rupiah), 2020–2024","Per Capita GRDP at Current Market Prices by Regency/Municipality, in Sulawesi Utara Province (thousand rupiahss), 2020–2024",25,5,b3c6cc2a65b2
SULAWESI UTARA,03,Kab. Kepulauan Sangihe,,2022,,37.031,,"PDRB Per Kapita Atas Dasar Harga Berlaku di Provinsi Sulawesi Utara Menurut Kabupaten/Kota (ribu rupiah), 2020–2024","Per Capita GRDP at Current Market Prices by Regency/Municipality, in Sulawesi Utara Province (thousand rupiahss), 2020–2024",25,5,62d5c3588bad
SULAWESI UTARA,04,Kab. Kepulauan Talaud,,2022,,27.324,,"PDRB Per Kapita Atas Dasar Harga Berlaku di Provinsi Sulawesi Utara Menurut Kabupaten/Kota (ribu rupiah), 2020–2024","Per Capita GRDP at Current Market Prices by Regency/Municipality, in Sulawesi Utara Province (thousand rupiahss), 2020–2024",25,5,7da31cb097d4
SULAWESI UTARA,05,Kab. Minahasa Selatan,,2022,,44.092,,"PDRB Per Kapita Atas Dasar Harga Berlaku di Provinsi Sulawesi Utara Menurut Kabupaten/Kota (ribu rupiah), 2020–2024","Per Capita GRDP at Current Market Prices by Regency/Municipality, in Sulawesi Utara Province (thousand rupiahss), 2020–2024",25,5,be69748a4f9e
SULAWESI UTARA,06,Kab. Minahasa Utara,,2022,,75.210,,"PDRB Per Kapita Atas Dasar Harga Berlaku di Provinsi Sulawesi Utara Menurut Kabupaten/Kota (ribu rupiah), 2020–2024","Per Capita GRDP at Current Market Prices by Regency/Municipality, in Sulawesi Utara Province (thousand rupiahss), 2020–2024",25,5,3810ac7cc652
SULAWESI UTARA,07,Kab. Bolaang Mongondow Utara,,2022,,35.076,,"PDRB Per Kapita Atas Dasar Harga Berlaku di Provinsi Sulawesi Utara Menurut Kabupaten/Kota (ribu rupiah), 2020–2024","Per Capita GRDP at Current Market Prices by Regency/Municipality, in Sulawesi Utara Province (thousand rupiahss), 2020–2024",25,5,7d7de7c3f9c2
SULAWESI UTARA,08,Kab. Siau Tagulandang Biaro,,2022,,39.214,,"PDRB Per Kapita Atas Dasar Harga Berlaku di Provinsi Sulawesi Utara Menurut Kabupaten/Kota (ribu rupiah), 2020–2024","Per Capita GRDP at Current Market Prices by Regency/Municipality, in Sulawesi Utara Province (thousand rupiahss), 2020–2024",25,5,e5b761e8820b
SULAWESI UTARA,09,Kab. Minahasa Tenggara,,2022,,51.984,,"PDRB Per Kapita Atas Dasar Harga Berlaku di Provinsi Sulawesi Utara Menurut Kabupaten/Kota (ribu rupiah), 2020–2024","Per Capita GRDP at Current Market Prices by Regency/Municipality, in Sulawesi Utara Province (thousand rupiahss), 2020–2024",25,5,9840fa7049f5
SULAWESI UTARA,10,Kab. Bolaang Mongondow Selatan,,2022,,35.122,,"PDRB Per Kapita Atas Dasar Harga Berlaku di Provinsi Sulawesi Utara Menurut Kabupaten/Kota (ribu rupiah), 2020–2024","Per Capita GRDP at Current Market Prices by Regency/Municipality, in Sulawesi Utara Province (thousand rupiahss), 2020–2024",25,5,161baaca415d
SULAWESI UTARA,11,Kab. Bolaang Mongondow Timur,,2022,,39.207,,"PDRB Per Kapita Atas Dasar Harga Berlaku di Provinsi Sulawesi Utara Menurut Kabupaten/Kota (ribu rupiah), 2020–2024","Per Capita GRDP at Current Market Prices by Regency/Municipality, in Sulawesi Utara Province (thousand rupiahss), 2020–2024",25,5,ff7906d86055
SULAWESI UTARA,71,Kota Manado,,2022,,96.194,,"PDRB Per Kapita Atas Dasar Harga Berlaku di Provinsi Sulawesi Utara Menurut Kabupaten/Kota (ribu rupiah), 2020–2024","Per Capita GRDP at Current Market Prices by Regency/Municipality, in Sulawesi Utara Province (thousand rupiahss), 2020–2024",25,5,4ed30fea838a
SULAWESI UTARA,72,Kota Bitung,,2022,,89.704,,"PDRB Per Kapita Atas Dasar Harga Berlaku di Provinsi Sulawesi Utara Menurut Kabupaten/Kota (ribu rupiah), 2020–2024","Per Capita GRDP at Current Market Prices by Regency/Municipality, in Sulawesi Utara Province (thousand rupiahss), 2020–2024",25,5,f9a221ad4810
SULAWESI UTARA,73,Kota Tomohon,,2022,,49.266,,"PDRB Per Kapita Atas Dasar Harga Berlaku di Provinsi Sulawesi Utara Menurut Kabupaten/Kota (ribu rupiah), 2020–2024","Per Capita GRDP at Current Market Prices by Regency/Municipality, in Sulawesi Utara Province (thousand rupiahss), 2020–2024",25,5,2dde4f3290de
SULAWESI UTARA,74,Kota Kotamobagu,,2022,,34.939,,"PDRB Per Kapita Atas Dasar Harga Berlaku di Provinsi Sulawesi Utara Menurut Kabupaten/Kota (ribu rupiah), 2020–2024","Per Capita GRDP at Current Market Prices by Regency/Municipality, in Sulawesi Utara Province (thousand rupiahss), 2020–2024",25,5,3e4ffcb2195d
SULAWESI UTARA,,Jml Kab./Kota Total of Reg./Mun.,,2022,,59.292,,"PDRB Per Kapita Atas Dasar Harga Berlaku di Provinsi Sulawesi Utara Menurut Kabupaten/Kota (ribu rupiah), 2020–2024","Per Capita GRDP at Current Market Prices by Regency/Municipality, in Sulawesi Utara Province (thousand rupiahss), 2020–2024",25,5,2c651542f0be
SULAWESI UTARA,,Provinsi/Province,,2022,,59.021,,"PDRB Per Kapita Atas Dasar Harga Berlaku di Provinsi Sulawesi Utara Menurut Kabupaten/Kota (ribu rupiah), 2020–2024","Per Capita GRDP at Current Market Prices by Regency/Municipality, in Sulawesi Utara Province (thousand rupiahss), 2020–2024",25,5,b85c237a592c
SULAWESI TENGAH,01,Kab. Banggai Kepulauan,,2022,,37.376,,"PDRB Per Kapita Atas Dasar Harga Berlaku di Provinsi Sulawesi Tengah Menurut Kabupaten/Kota (ribu rupiah), 2020–2024","Per Capita GRDP at Current Market Prices by Regency/Municipality, in Sulawesi Tengah Province (thousand rupiahss), 2020–2024",26,6,8ddc47b18860
SULAWESI TENGAH,02,Kab. Banggai,,2022,,110.263,,"PDRB Per Kapita Atas Dasar Harga Berlaku di Provinsi Sulawesi Tengah Menurut Kabupaten/Kota (ribu rupiah), 2020–2024","Per Capita GRDP at Current Market Prices by Regency/Municipality, in Sulawesi Tengah Province (thousand rupiahss), 2020–2024",26,6,81f8ecf3e405
SULAWESI TENGAH,03,Kab. Morowali,,2022,,876.421,,"PDRB Per Kapita Atas Dasar Harga Berlaku di Provinsi Sulawesi Tengah Menurut Kabupaten/Kota (ribu rupiah), 2020–2024","Per Capita GRDP at Current Market Prices by Regency/Municipality, in Sulawesi Tengah Province (thousand rupiahss), 2020–2024",26,6,26e1ea139781
SULAWESI TENGAH,04,Kab. Poso,,2022,,43.700,,"PDRB Per Kapita Atas Dasar Harga Berlaku di Provinsi Sulawesi Tengah Menurut Kabupaten/Kota (ribu rupiah), 2020–2024","Per Capita GRDP at Current Market Prices by Regency/Municipality, in Sulawesi Tengah Province (thousand rupiahss), 2020–2024",26,6,8e4f7fb07508
SULAWESI TENGAH,05,Kab. Donggala,,2022,,45.101,,"PDRB Per Kapita Atas Dasar Harga Berlaku di Provinsi Sulawesi Tengah Menurut Kabupaten/Kota (ribu rupiah), 2020–2024","Per Capita GRDP at Current Market Prices by Regency/Municipality, in Sulawesi Tengah Province (thousand rupiahss), 2020–2024",26,6,c6630b871029
SULAWESI TENGAH,06,Kab. Toli-Toli,,2022,,42.263,,"PDRB Per Kapita Atas Dasar Harga Berlaku di Provinsi Sulawesi Tengah Menurut Kabupaten/Kota (ribu rupiah), 2020–2024","Per Capita GRDP at Current Market Prices by Regency/Municipality, in Sulawesi Tengah Province (thousand rupiahss), 2020–2024",26,6,b96686377f46
SULAWESI TENGAH,07,Kab. Buol,,2022,,45.153,,"PDRB Per Kapita Atas Dasar Harga Berlaku di Provinsi Sulawesi Tengah Menurut Kabupaten/Kota (ribu rupiah), 2020–2024","Per Capita GRDP at Current Market Prices by Regency/Municipality, in Sulawesi Tengah Province (thousand rupiahss), 2020–2024",26,6,f2739c674a35
SULAWESI TENGAH,08,Kab. Parigi Moutong,,2022,,44.628,,"PDRB Per Kapita Atas Dasar Harga Berlaku di Provinsi Sulawesi Tengah Menurut Kabupaten/Kota (ribu rupiah), 2020–2024","Per Capita GRDP at Current Market Prices by Regency/Municipality, in Sulawesi Tengah Province (thousand rupiahss), 2020–2024",26,6,fbac59785636
SULAWESI TENGAH,09,Kab. Tojo Una-Una,,2022,,38.143,,"PDRB Per Kapita Atas Dasar Harga Berlaku di Provinsi Sulawesi Tengah Menurut Kabupaten/Kota (ribu rupiah), 2020–2024","Per Capita GRDP at Current Market Prices by Regency/Municipality, in Sulawesi Tengah Province (thousand rupiahss), 2020–2024",26,6,d2c7bc370e0d
SULAWESI TENGAH,10,Kab. Sigi,,2022,,40.254,,"PDRB Per Kapita Atas Dasar Harga Berlaku di Provinsi Sulawesi Tengah Menurut Kabupaten/Kota (ribu rupiah), 2020–2024","Per Capita GRDP at Current Market Prices by Regency/Municipality, in Sulawesi Tengah Province (thousand rupiahss), 2020–2024",26,6,4902a6b49e67
SULAWESI TENGAH,11,Kab. Banggai Laut,,2022,,38.854,,"PDRB Per Kapita Atas Dasar Harga Berlaku di Provinsi Sulawesi Tengah Menurut Kabupaten/Kota (ribu rupiah), 2020–2024","Per Capita GRDP at Current Market Prices by Regency/Municipality, in Sulawesi Tengah Province (thousand rupiahss), 2020–2024",26,6,f8f0e654022e
SULAWESI TENGAH,12,Kab. Morowali Utara,,2022,,169.774,,"PDRB Per Kapita Atas Dasar Harga Berlaku di Provinsi Sulawesi Tengah Menurut Kabupaten/Kota (ribu rupiah), 2020–2024","Per Capita GRDP at Current Market Prices by Regency/Municipality, in Sulawesi Tengah Province (thousand rupiahss), 2020–2024",26,6,c50d7cc3fddd
SULAWESI TENGAH,71,Kota Palu,,2022,,74.372,,"PDRB Per Kapita Atas Dasar Harga Berlaku di Provinsi Sulawesi Tengah Menurut Kabupaten/Kota (ribu rupiah), 2020–2024","Per Capita GRDP at Current Market Prices by Regency/Municipality, in Sulawesi Tengah Province (thousand rupiahss), 2020–2024",26,6,82761b557c5c
SULAWESI TENGAH,,Jml Kab./Kota Total of Reg./Mun.,,2022,,105.717,,"PDRB Per Kapita Atas Dasar Harga Berlaku di Provinsi Sulawesi Tengah Menurut Kabupaten/Kota (ribu rupiah), 2020–2024","Per Capita GRDP at Current Market Prices by Regency/Municipality, in Sulawesi Tengah Province (thousand rupiahss), 2020–2024",26,6,f3910b215945
SULAWESI TENGAH,,Provinsi/Province,,2022,,106.068,,"PDRB Per Kapita Atas Dasar Harga Berlaku di Provinsi Sulawesi Tengah Menurut Kabupaten/Kota (ribu rupiah), 2020–2024","Per Capita GRDP at Current Market Prices by Regency/Municipality, in Sulawesi Tengah Province (thousand rupiahss), 2020–2024",26,6,77b12db41d3a
SULAWESI SELATAN,01,Kab. Kepulauan Selayar,,2022,,53.563,,"PDRB Per Kapita Atas Dasar Harga Berlaku di Provinsi Sulawesi Selatan Menurut Kabupaten/Kota (ribu rupiah), 2020–2024","Per Capita GRDP at Current Market Prices by Regency/Municipality, in Sulawesi Selatan Province (thousand rupiahss), 2020–2024",27,7,b4aa4f5fdf53
SULAWESI SELATAN,02,Kab. Bulukumba,,2022,,38.656,,"PDRB Per Kapita Atas Dasar Harga Berlaku di Provinsi Sulawesi Selatan Menurut Kabupaten/Kota (ribu rupiah), 2020–2024","Per Capita GRDP at Current Market Prices by Regency/Municipality, in Sulawesi Selatan Province (thousand rupiahss), 2020–2024",27,7,c1815969a6bb
SULAWESI SELATAN,03,Kab. Bantaeng,,2022,,60.565,,"PDRB Per Kapita Atas Dasar Harga Berlaku di Provinsi Sulawesi Selatan Menurut Kabupaten/Kota (ribu rupiah), 2020–2024","Per Capita GRDP at Current Market Prices by Regency/Municipality, in Sulawesi Selatan Province (thousand rupiahss), 2020–2024",27,7,45504ea6be5e
SULAWESI SELATAN,04,Kab. Jeneponto,,2022,,28.739,,"PDRB Per Kapita Atas Dasar Harga Berlaku di Provinsi Sulawesi Selatan Menurut Kabupaten/Kota (ribu rupiah), 2020–2024","Per Capita GRDP at Current Market Prices by Regency/Municipality, in Sulawesi Selatan Province (thousand rupiahss), 2020–2024",27,7,f8729a8d81fe
SULAWESI SELATAN,05,Kab. Takalar,,2022,,39.728,,"PDRB Per Kapita Atas Dasar Harga Berlaku di Provinsi Sulawesi Selatan Menurut Kabupaten/Kota (ribu rupiah), 2020–2024","Per Capita GRDP at Current Market Prices by Regency/Municipality, in Sulawesi Selatan Province (thousand rupiahss), 2020–2024",27,7,645dd9dcb850
SULAWESI SELATAN,06,Kab. Gowa,,2022,,32.496,,"PDRB Per Kapita Atas Dasar Harga Berlaku di Provinsi Sulawesi Selatan Menurut Kabupaten/Kota (ribu rupiah), 2020–2024","Per Capita GRDP at Current Market Prices by Regency/Municipality, in Sulawesi Selatan Province (thousand rupiahss), 2020–2024",27,7,6e6804d07c36
SULAWESI SELATAN,07,Kab. Sinjai,,2022,,51.131,,"PDRB Per Kapita Atas Dasar Harga Berlaku di Provinsi Sulawesi Selatan Menurut Kabupaten/Kota (ribu rupiah), 2020–2024","Per Capita GRDP at Current Market Prices by Regency/Municipality, in Sulawesi Selatan Province (thousand rupiahss), 2020–2024",27,7,0c9d9b2ff437
SULAWESI SELATAN,08,Kab. Maros,,2022,,58.546,,"PDRB Per Kapita Atas Dasar Harga Berlaku di Provinsi Sulawesi Selatan Menurut Kabupaten/Kota (ribu rupiah), 2020–2024","Per Capita GRDP at Current Market Prices by Regency/Municipality, in Sulawesi Selatan Province (thousand rupiahss), 2020–2024",27,7,f739d560cced
SULAWESI SELATAN,09,Kab. Pangkajene dan Kepulauan,,2022,,86.582,,"PDRB Per Kapita Atas Dasar Harga Berlaku di Provinsi Sulawesi Selatan Menurut Kabupaten/Kota (ribu rupiah), 2020–2024","Per Capita GRDP at Current Market Prices by Regency/Municipality, in Sulawesi Selatan Province (thousand rupiahss), 2020–2024",27,7,a4b6919d1a35
SULAWESI SELATAN,10,Kab. Barru,,2022,,47.560,,"PDRB Per Kapita Atas Dasar Harga Berlaku di Provinsi Sulawesi Selatan Menurut Kabupaten/Kota (ribu rupiah), 2020–2024","Per Capita GRDP at Current Market Prices by Regency/Municipality, in Sulawesi Selatan Province (thousand rupiahss), 2020–2024",27,7,2af8d62e4085
SULAWESI SELATAN,11,Kab. Bone,,2022,,53.481,,"PDRB Per Kapita Atas Dasar Harga Berlaku di Provinsi Sulawesi Selatan Menurut Kabupaten/Kota (ribu rupiah), 2020–2024","Per Capita GRDP at Current Market Prices by Regency/Municipality, in Sulawesi Selatan Province (thousand rupiahss), 2020–2024",27,7,b0913d8e4712
SULAWESI SELATAN,12,Kab. Soppeng,,2022,,57.953,,"PDRB Per Kapita Atas Dasar Harga Berlaku di Provinsi Sulawesi Selatan Menurut Kabupaten/Kota (ribu rupiah), 2020–2024","Per Capita GRDP at Current Market Prices by Regency/Municipality, in Sulawesi Selatan Province (thousand rupiahss), 2020–2024",27,7,7c511411f4e6
SULAWESI SELATAN,13,Kab. Wajo,,2022,,63.431,,"PDRB Per Kapita Atas Dasar Harga Berlaku di Provinsi Sulawesi Selatan Menurut Kabupaten/Kota (ribu rupiah), 2020–2024","Per Capita GRDP at Current Market Prices by Regency/Municipality, in Sulawesi Selatan Province (thousand rupiahss), 2020–2024",27,7,2ef19b0d4ce3
SULAWESI SELATAN,14,Kab. Sidenreng Rappang,,2022,,51.372,,"PDRB Per Kapita Atas Dasar Harga Berlaku di Provinsi Sulawesi Selatan Menurut Kabupaten/Kota (ribu rupiah), 2020–2024","Per Capita GRDP at Current Market Prices by Regency/Municipality, in Sulawesi Selatan Province (thousand rupiahss), 2020–2024",27,7,b193e800500a
SULAWESI SELATAN,15,Kab. Pinrang,,2022,,57.408,,"PDRB Per Kapita Atas Dasar Harga Berlaku di Provinsi Sulawesi Selatan Menurut Kabupaten/Kota (ribu rupiah), 2020–2024","Per Capita GRDP at Current Market Prices by Regency/Municipality, in Sulawesi Selatan Province (thousand rupiahss), 2020–2024",27,7,c6f1173bd117
SULAWESI SELATAN,16,Kab. Enrekang,,2022,,39.050,,"PDRB Per Kapita Atas Dasar Harga Berlaku di Provinsi Sulawesi Selatan Menurut Kabupaten/Kota (ribu rupiah), 2020–2024","Per Capita GRDP at Current Market Prices by Regency/Municipality, in Sulawesi Selatan Province (thousand rupiahss), 2020–2024",27,7,98fbc6c84607
SULAWESI SELATAN,17,Kab. Luwu,,2022,,53.380,,"PDRB Per Kapita Atas Dasar Harga Berlaku di Provinsi Sulawesi Selatan Menurut Kabupaten/Kota (ribu rupiah), 2020–2024","Per Capita GRDP at Current Market Prices by Regency/Municipality, in Sulawesi Selatan Province (thousand rupiahss), 2020–2024",27,7,ad253f59067a
SULAWESI SELATAN,18,Kab. Tana Toraja,,2022,,30.572,,"PDRB Per Kapita Atas Dasar Harga Berlaku di Provinsi Sulawesi Selatan Menurut Kabupaten/Kota (ribu rupiah), 2020–2024","Per Capita GRDP at Current Market Prices by Regency/Municipality, in Sulawesi Selatan Province (thousand rupiahss), 2020–2024",27,7,e5083d0d5594
SULAWESI SELATAN,22,Kab. Luwu Utara,,2022,,48.655,,"PDRB Per Kapita Atas Dasar Harga Berlaku di Provinsi Sulawesi Selatan Menurut Kabupaten/Kota (ribu rupiah), 2020–2024","Per Capita GRDP at Current Market Prices by Regency/Municipality, in Sulawesi Selatan Province (thousand rupiahss), 2020–2024",27,7,b6ffaeff80be
SULAWESI SELATAN,25,Kab. Luwu Timur,,2022,,93.364,,"PDRB Per Kapita Atas Dasar Harga Berlaku di Provinsi Sulawesi Selatan Menurut Kabupaten/Kota (ribu rupiah), 2020–2024","Per Capita GRDP at Current Market Prices by Regency/Municipality, in Sulawesi Selatan Province (thousand rupiahss), 2020–2024",27,7,455405153986
SULAWESI SELATAN,26,Kab. Toraja Utara,,2022,,42.069,,"PDRB Per Kapita Atas Dasar Harga Berlaku di Provinsi Sulawesi Selatan Menurut Kabupaten/Kota (ribu rupiah), 2020–2024","Per Capita GRDP at Current Market Prices by Regency/Municipality, in Sulawesi Selatan Province (thousand rupiahss), 2020–2024",27,7,5a7f2fe446b4
SULAWESI SELATAN,71,Kota Makassar,,2022,,144.604,,"PDRB Per Kapita Atas Dasar Harga Berlaku di Provinsi Sulawesi Selatan Menurut Kabupaten/Kota (ribu rupiah), 2020–2024","Per Capita GRDP at Current Market Prices by Regency/Municipality, in Sulawesi Selatan Province (thousand rupiahss), 2020–2024",27,7,75b3e403a501
SULAWESI SELATAN,72,Kota Parepare,,2022,,55.783,,"PDRB Per Kapita Atas Dasar Harga Berlaku di Provinsi Sulawesi Selatan Menurut Kabupaten/Kota (ribu rupiah), 2020–2024","Per Capita GRDP at Current Market Prices by Regency/Municipality, in Sulawesi Selatan Province (thousand rupiahss), 2020–2024",27,7,4e6092358a0a
SULAWESI SELATAN,73,Kota Palopo,,2022,,51.453,,"PDRB Per Kapita Atas Dasar Harga Berlaku di Provinsi Sulawesi Selatan Menurut Kabupaten/Kota (ribu rupiah), 2020–2024","Per Capita GRDP at Current Market Prices by Regency/Municipality, in Sulawesi Selatan Province (thousand rupiahss), 2020–2024",27,7,7fd5fb7809e6
SULAWESI SELATAN,,Jml Kab./Kota Total of Reg./Mun.,,2022,,65.453,,"PDRB Per Kapita Atas Dasar Harga Berlaku di Provinsi Sulawesi Selatan Menurut Kabupaten/Kota (ribu rupiah), 2020–2024","Per Capita GRDP at Current Market Prices by Regency/Municipality, in Sulawesi Selatan Province (thousand rupiahss), 2020–2024",27,7,2f5def9b4ca1
SULAWESI SELATAN,,Provinsi/Province,,2022,,65.353,,"PDRB Per Kapita Atas Dasar Harga Berlaku di Provinsi Sulawesi Selatan Menurut Kabupaten/Kota (ribu rupiah), 2020–2024","Per Capita GRDP at Current Market Prices by Regency/Municipality, in Sulawesi Selatan Province (thousand rupiahss), 2020–2024",27,7,ba06cd7ccba2
SULAWESI TENGGARA,01,Kab. Buton,,2022,,38.779,,"PDRB Per Kapita Atas Dasar Harga Berlaku di Provinsi Sulawesi Tenggara Menurut Kabupaten/Kota (ribu rupiah), 2020–2024","Per Capita GRDP at Current Market Prices by Regency/Municipality, in Sulawesi Tenggara Province (thousand rupiahss), 2020–2024",28,8,563187ba4a4a
SULAWESI TENGGARA,02,Kab. Muna,,2022,,37.319,,"PDRB Per Kapita Atas Dasar Harga Berlaku di Provinsi Sulawesi Tenggara Menurut Kabupaten/Kota (ribu rupiah), 2020–2024","Per Capita GRDP at Current Market Prices by Regency/Municipality, in Sulawesi Tenggara Province (thousand rupiahss), 2020–2024",28,8,870c7b4c24f3
SULAWESI TENGGARA,03,Kab. Konawe,,2022,,53.862,,"PDRB Per Kapita Atas Dasar Harga Berlaku di Provinsi Sulawesi Tenggara Menurut Kabupaten/Kota (ribu rupiah), 2020–2024","Per Capita GRDP at Current Market Prices by Regency/Municipality, in Sulawesi Tenggara Province (thousand rupiahss), 2020–2024",28,8,891f9b64f7c5
SULAWESI TENGGARA,04,Kab. Kolaka,,2022,,129.185,,"PDRB Per Kapita Atas Dasar Harga Berlaku di Provinsi Sulawesi Tenggara Menurut Kabupaten/Kota (ribu rupiah), 2020–2024","Per Capita GRDP at Current Market Prices by Regency/Municipality, in Sulawesi Tenggara Province (thousand rupiahss), 2020–2024",28,8,4cb1fb44edca
SULAWESI TENGGARA,05,Kab. Konawe Selatan,,2022,,45.662,,"PDRB Per Kapita Atas Dasar Harga Berlaku di Provinsi Sulawesi Tenggara Menurut Kabupaten/Kota (ribu rupiah), 2020–2024","Per Capita GRDP at Current Market Prices by Regency/Municipality, in Sulawesi Tenggara Province (thousand rupiahss), 2020–2024",28,8,d7bf1a66be78
SULAWESI TENGGARA,06,Kab. Bombana,,2022,,50.030,,"PDRB Per Kapita Atas Dasar Harga Berlaku di Provinsi Sulawesi Tenggara Menurut Kabupaten/Kota (ribu rupiah), 2020–2024","Per Capita GRDP at Current Market Prices by Regency/Municipality, in Sulawesi Tenggara Province (thousand rupiahss), 2020–2024",28,8,1c870d8336e8
SULAWESI TENGGARA,07,Kab. Wakatobi,,2022,,45.725,,"PDRB Per Kapita Atas Dasar Harga Berlaku di Provinsi Sulawesi Tenggara Menurut Kabupaten/Kota (ribu rupiah), 2020–2024","Per Capita GRDP at Current Market Prices by Regency/Municipality, in Sulawesi Tenggara Province (thousand rupiahss), 2020–2024",28,8,1df3dc659220
SULAWESI TENGGARA,08,Kab. Kolaka Utara,,2022,,70.717,,"PDRB Per Kapita Atas Dasar Harga Berlaku di Provinsi Sulawesi Tenggara Menurut Kabupaten/Kota (ribu rupiah), 2020–2024","Per Capita GRDP at Current Market Prices by Regency/Municipality, in Sulawesi Tenggara Province (thousand rupiahss), 2020–2024",28,8,e241c57242a6
SULAWESI TENGGARA,09,Kab. Buton Utara,,2022,,55.830,,"PDRB Per Kapita Atas Dasar Harga Berlaku di Provinsi Sulawesi Tenggara Menurut Kabupaten/Kota (ribu rupiah), 2020–2024","Per Capita GRDP at Current Market Prices by Regency/Municipality, in Sulawesi Tenggara Province (thousand rupiahss), 2020–2024",28,8,c76f829a3fe4
SULAWESI TENGGARA,10,Kab. Konawe Utara,,2022,,67.898,,"PDRB Per Kapita Atas Dasar Harga Berlaku di Provinsi Sulawesi Tenggara Menurut Kabupaten/Kota (ribu rupiah), 2020–2024","Per Capita GRDP at Current Market Prices by Regency/Municipality, in Sulawesi Tenggara Province (thousand rupiahss), 2020–2024",28,8,8c819992766d
SULAWESI TENGGARA,11,Kab. Kolaka Timur,,2022,,42.536,,"PDRB Per Kapita Atas Dasar Harga Berlaku di Provinsi Sulawesi Tenggara Menurut Kabupaten/Kota (ribu rupiah), 2020–2024","Per Capita GRDP at Current Market Prices by Regency/Municipality, in Sulawesi Tenggara Province (thousand rupiahss), 2020–2024",28,8,e94067c13a0c
SULAWESI TENGGARA,12,Kab. Konawe Kepulauan,,2022,,41.227,,"PDRB Per Kapita Atas Dasar Harga Berlaku di Provinsi Sulawesi Tenggara Menurut Kabupaten/Kota (ribu rupiah), 2020–2024","Per Capita GRDP at Current Market Prices by Regency/Municipality, in Sulawesi Tenggara Province (thousand rupiahss), 2020–2024",28,8,5eabfbeae449
SULAWESI TENGGARA,13,Kab. Muna Barat,,2022,,35.048,,"PDRB Per Kapita Atas Dasar Harga Berlaku di Provinsi Sulawesi Tenggara Menurut Kabupaten/Kota (ribu rupiah), 2020–2024","Per Capita GRDP at Current Market Prices by Regency/Municipality, in Sulawesi Tenggara Province (thousand rupiahss), 2020–2024",28,8,e9326593e801
SULAWESI TENGGARA,14,Kab. Buton Tengah,,2022,,23.754,,"PDRB Per Kapita Atas Dasar Harga Berlaku di Provinsi Sulawesi Tenggara Menurut Kabupaten/Kota (ribu rupiah), 2020–2024","Per Capita GRDP at Current Market Prices by Regency/Municipality, in Sulawesi Tenggara Province (thousand rupiahss), 2020–2024",28,8,5c51bd16016b
SULAWESI TENGGARA,15,Kab. Buton Selatan,,2022,,33.836,,"PDRB Per Kapita Atas Dasar Harga Berlaku di Provinsi Sulawesi Tenggara Menurut Kabupaten/Kota (ribu rupiah), 2020–2024","Per Capita GRDP at Current Market Prices by Regency/Municipality, in Sulawesi Tenggara Province (thousand rupiahss), 2020–2024",28,8,bb2a19e453a5
SULAWESI TENGGARA,71,Kota Kendari,,2022,,73.972,,"PDRB Per Kapita Atas Dasar Harga Berlaku di Provinsi Sulawesi Tenggara Menurut Kabupaten/Kota (ribu rupiah), 2020–2024","Per Capita GRDP at Current Market Prices by Regency/Municipality, in Sulawesi Tenggara Province (thousand rupiahss), 2020–2024",28,8,6788b2db178f
SULAWESI TENGGARA,72,Kota Baubau,,2022,,65.425,,"PDRB Per Kapita Atas Dasar Harga Berlaku di Provinsi Sulawesi Tenggara Menurut Kabupaten/Kota (ribu rupiah), 2020–2024","Per Capita GRDP at Current Market Prices by Regency/Municipality, in Sulawesi Tenggara Province (thousand rupiahss), 2020–2024",28,8,15cd073975eb
SULAWESI TENGGARA,,Jml Kab./Kota Total of Reg./Mun.,,2022,,58.409,,"PDRB Per Kapita Atas Dasar Harga Berlaku di Provinsi Sulawesi Tenggara Menurut Kabupaten/Kota (ribu rupiah), 2020–2024","Per Capita GRDP at Current Market Prices by Regency/Municipality, in Sulawesi Tenggara Province (thousand rupiahss), 2020–2024",28,8,2d5689e1ea1d
SULAWESI TENGGARA,,Provinsi/Province,,2022,,58.715,,"PDRB Per Kapita Atas Dasar Harga Berlaku di Provinsi Sulawesi Tenggara Menurut Kabupaten/Kota (ribu rupiah), 2020–2024","Per Capita GRDP at Current Market Prices by Regency/Municipality, in Sulawesi Tenggara Province (thousand rupiahss), 2020–2024",28,8,9943d3bd7093
GORONTALO,01,Kab. Boalemo,,2022,,40.940,,"PDRB Per Kapita Atas Dasar Harga Berlaku di Provinsi Gorontalo Menurut Kabupaten/Kota (ribu rupiah), 2020–2024","Per Capita GRDP at Current Market Prices by Regency/Municipality, in Gorontalo Province (thousand rupiahss), 2020–2024",29,9,c03f9bb1aa9b
GORONTALO,02,Kab. Gorontalo,,2022,,37.136,,"PDRB Per Kapita Atas Dasar Harga Berlaku di Provinsi Gorontalo Menurut Kabupaten/Kota (ribu rupiah), 2020–2024","Per Capita GRDP at Current Market Prices by Regency/Municipality, in Gorontalo Province (thousand rupiahss), 2020–2024",29,9,05d8a878c0e7
GORONTALO,03,Kab. Pohuwato,,2022,,50.291,,"PDRB Per Kapita Atas Dasar Harga Berlaku di Provinsi Gorontalo Menurut Kabupaten/Kota (ribu rupiah), 2020–2024","Per Capita GRDP at Current Market Prices by Regency/Municipality, in Gorontalo Province (thousand rupiahss), 2020–2024",29,9,b8e9fd4c9b8f
GORONTALO,04,Kab. Bone Bolango,,2022,,31.720,,"PDRB Per Kapita Atas Dasar Harga Berlaku di Provinsi Gorontalo Menurut Kabupaten/Kota (ribu rupiah), 2020–2024","Per Capita GRDP at Current Market Prices by Regency/Municipality, in Gorontalo Province (thousand rupiahss), 2020–2024",29,9,f00d02fb0881
GORONTALO,05,Kab. Gorontalo Utara,,2022,,29.976,,"PDRB Per Kapita Atas Dasar Harga Berlaku di Provinsi Gorontalo Menurut Kabupaten/Kota (ribu rupiah), 2020–2024","Per Capita GRDP at Current Market Prices by Regency/Municipality, in Gorontalo Province (thousand rupiahss), 2020–2024",29,9,5715286aa530
GORONTALO,71,Kota Gorontalo,,2022,,48.089,,"PDRB Per Kapita Atas Dasar Harga Berlaku di Provinsi Gorontalo Menurut Kabupaten/Kota (ribu rupiah), 2020–2024","Per Capita GRDP at Current Market Prices by Regency/Municipality, in Gorontalo Province (thousand rupiahss), 2020–2024",29,9,01ab10b69ff4
GORONTALO,,Jml Kab./Kota Total of Reg./Mun.,,2022,,39.590,,"PDRB Per Kapita Atas Dasar Harga Berlaku di Provinsi Gorontalo Menurut Kabupaten/Kota (ribu rupiah), 2020–2024","Per Capita GRDP at Current Market Prices by Regency/Municipality, in Gorontalo Province (thousand rupiahss), 2020–2024",29,9,e3571454c8ba
GORONTALO,,Provinsi/Province,,2022,,39.691,,"PDRB Per Kapita Atas Dasar Harga Berlaku di Provinsi Gorontalo Menurut Kabupaten/Kota (ribu rupiah), 2020–2024","Per Capita GRDP at Current Market Prices by Regency/Municipality, in Gorontalo Province (thousand rupiahss), 2020–2024",29,9,5faccc49807e
SULAWESI BARAT,01,Kab. Majene,,2022,,30.974,,"PDRB Per Kapita Atas Dasar Harga Berlaku di Provinsi Sulawesi Barat Menurut Kabupaten/Kota (ribu rupiah), 2020–2024","Per Capita GRDP at Current Market Prices by Regency/Municipality, in Sulawesi Barat Province (thousand rupiahss), 2020–2024",30,10,6236860de8d5
SULAWESI BARAT,02,Kab. Polewali Mandar,,2022,,30.332,,"PDRB Per Kapita Atas Dasar Harga Berlaku di Provinsi Sulawesi Barat Menurut Kabupaten/Kota (ribu rupiah), 2020–2024","Per Capita GRDP at Current Market Prices by Regency/Municipality, in Sulawesi Barat Province (thousand rupiahss), 2020–2024",30,10,067cc2157048
SULAWESI BARAT,03,Kab. Mamasa,,2022,,19.606,,"PDRB Per Kapita Atas Dasar Harga Berlaku di Provinsi Sulawesi Barat Menurut Kabupaten/Kota (ribu rupiah), 2020–2024","Per Capita GRDP at Current Market Prices by Regency/Municipality, in Sulawesi Barat Province (thousand rupiahss), 2020–2024",30,10,892a7fd1f1f7
SULAWESI BARAT,04,Kab. Mamuju,,2022,,46.537,,"PDRB Per Kapita Atas Dasar Harga Berlaku di Provinsi Sulawesi Barat Menurut Kabupaten/Kota (ribu rupiah), 2020–2024","Per Capita GRDP at Current Market Prices by Regency/Municipality, in Sulawesi Barat Province (thousand rupiahss), 2020–2024",30,10,238e540544cd
SULAWESI BARAT,05,Kab. Pasang Kayu,,2022,,67.488,,"PDRB Per Kapita Atas Dasar Harga Berlaku di Provinsi Sulawesi Barat Menurut Kabupaten/Kota (ribu rupiah), 2020–2024","Per Capita GRDP at Current Market Prices by Regency/Municipality, in Sulawesi Barat Province (thousand rupiahss), 2020–2024",30,10,82290f3d214a
SULAWESI BARAT,06,Kab. Mamuju Tengah,,2022,,27.266,,"PDRB Per Kapita Atas Dasar Harga Berlaku di Provinsi Sulawesi Barat Menurut Kabupaten/Kota (ribu rupiah), 2020–2024","Per Capita GRDP at Current Market Prices by Regency/Municipality, in Sulawesi Barat Province (thousand rupiahss), 2020–2024",30,10,cbeba9e31b06
SULAWESI BARAT,,Jml Kab./Kota Total of Reg./Mun.,,2022,,40.983,,"PDRB Per Kapita Atas Dasar Harga Berlaku di Provinsi Sulawesi Barat Menurut Kabupaten/Kota (ribu rupiah), 2020–2024","Per Capita GRDP at Current Market Prices by Regency/Municipality, in Sulawesi Barat Province (thousand rupiahss), 2020–2024",30,10,02da0f69b23e
SULAWESI BARAT,,Provinsi/Province,,2022,,37.034,,"PDRB Per Kapita Atas Dasar Harga Berlaku di Provinsi Sulawesi Barat Menurut Kabupaten/Kota (ribu rupiah), 2020–2024","Per Capita GRDP at Current Market Prices by Regency/Municipality, in Sulawesi Barat Province (thousand rupiahss), 2020–2024",30,10,d252f5fb5108
KALIMANTAN TENGAH,01,Kab. Kotawaringin Barat,,2023,*,102.065,,"PDRB Per Kapita Atas Dasar Harga Berlaku di Provinsi Kalimantan Tengah Menurut Kabupaten/Kota (ribu rupiah), 2020–2024","Per Capita GRDP at Current Market Prices by Regency/Municipality, in Kalimantan Tengah Province (thousand rupiahss), 2020–2024",21,1,e99261d0d917
KALIMANTAN TENGAH,02,Kab. Kotawaringin Timur,,2023,*,78.812,,"PDRB Per Kapita Atas Dasar Harga Berlaku di Provinsi Kalimantan Tengah Menurut Kabupaten/Kota (ribu rupiah), 2020–2024","Per Capita GRDP at Current Market Prices by Regency/Municipality, in Kalimantan Tengah Province (thousand rupiahss), 2020–2024",21,1,a9188baba9fb
KALIMANTAN TENGAH,03,Kab. Kapuas,,2023,*,56.386,,"PDRB Per Kapita Atas Dasar Harga Berlaku di Provinsi Kalimantan Tengah Menurut Kabupaten/Kota (ribu rupiah), 2020–2024","Per Capita GRDP at Current Market Prices by Regency/Municipality, in Kalimantan Tengah Province (thousand rupiahss), 2020–2024",21,1,725c2e4f9264
KALIMANTAN TENGAH,04,Kab. Barito Selatan,,2023,*,62.965,,"PDRB Per Kapita Atas Dasar Harga Berlaku di Provinsi Kalimantan Tengah Menurut Kabupaten/Kota (ribu rupiah), 2020–2024","Per Capita GRDP at Current Market Prices by Regency/Municipality, in Kalimantan Tengah Province (thousand rupiahss), 2020–2024",21,1,ee76ed54ad38
KALIMANTAN TENGAH,05,Kab. Barito Utara,,2023,*,88.280,,"PDRB Per Kapita Atas Dasar Harga Berlaku di Provinsi Kalimantan Tengah Menurut Kabupaten/Kota (ribu rupiah), 2020–2024","Per Capita GRDP at Current Market Prices by Regency/Municipality, in Kalimantan Tengah Province (thousand rupiahss), 2020–2024",21,1,ed06385491cc
KALIMANTAN TENGAH,06,Kab. Sukamara,,2023,*,88.877,,"PDRB Per Kapita Atas Dasar Harga Berlaku di Provinsi Kalimantan Tengah Menurut Kabupaten/Kota (ribu rupiah), 2020–2024","Per Capita GRDP at Current Market Prices by Regency/Municipality, in Kalimantan Tengah Province (thousand rupiahss), 2020–2024",21,1,01120498c338
KALIMANTAN TENGAH,07,Kab. Lamandau,,2023,*,73.639,,"PDRB Per Kapita Atas Dasar Harga Berlaku di Provinsi Kalimantan Tengah Menurut Kabupaten/Kota (ribu rupiah), 2020–2024","Per Capita GRDP at Current Market Prices by Regency/Municipality, in Kalimantan Tengah Province (thousand rupiahss), 2020–2024",21,1,52ed0208e37b
KALIMANTAN TENGAH,08,Kab. Seruyan,,2023,*,66.894,,"PDRB Per Kapita Atas Dasar Harga Berlaku di Provinsi Kalimantan Tengah Menurut Kabupaten/Kota (ribu rupiah), 2020–2024","Per Capita GRDP at Current Market Prices by Regency/Municipality, in Kalimantan Tengah Province (thousand rupiahss), 2020–2024",21,1,8d2e963a701d
KALIMANTAN TENGAH,09,Kab. Katingan,,2023,*,63.511,,"PDRB Per Kapita Atas Dasar Harga Berlaku di Provinsi Kalimantan Tengah Menurut Kabupaten/Kota (ribu rupiah), 2020–2024","Per Capita GRDP at Current Market Prices by Regency/Municipality, in Kalimantan Tengah Province (thousand rupiahss), 2020–2024",21,1,bf400d5f6c05
KALIMANTAN TENGAH,10,Kab. Pulang Pisau,,2023,*,50.624,,"PDRB Per Kapita Atas Dasar Harga Berlaku di Provinsi Kalimantan Tengah Menurut Kabupaten/Kota (ribu rupiah), 2020–2024","Per Capita GRDP at Current Market Prices by Regency/Municipality, in Kalimantan Tengah Province (thousand rupiahss), 2020–2024",21,1,1653f18fd742
KALIMANTAN TENGAH,11,Kab. Gunung Mas,,2023,*,60.349,,"PDRB Per Kapita Atas Dasar Harga Berlaku di Provinsi Kalimantan Tengah Menurut Kabupaten/Kota (ribu rupiah), 2020–2024","Per Capita GRDP at Current Market Prices by Regency/Municipality, in Kalimantan Tengah Province (thousand rupiahss), 2020–2024",21,1,cec03657c0ca
KALIMANTAN TENGAH,12,Kab. Barito Timur,,2023,*,92.958,,"PDRB Per Kapita Atas Dasar Harga Berlaku di Provinsi Kalimantan Tengah Menurut Kabupaten/Kota (ribu rupiah), 2020–2024","Per Capita GRDP at Current Market Prices by Regency/Municipality, in Kalimantan Tengah Province (thousand rupiahss), 2020–2024",21,1,5da003913e6a
KALIMANTAN TENGAH,13,Kab. Murung Raya,,2023,*,106.746,,"PDRB Per Kapita Atas Dasar Harga Berlaku di Provinsi Kalimantan Tengah Menurut Kabupaten/Kota (ribu rupiah), 2020–2024","Per Capita GRDP at Current Market Prices by Regency/Municipality, in Kalimantan Tengah Province (thousand rupiahss), 2020–2024",21,1,65a8c4b756a0
KALIMANTAN TENGAH,71,Kota Palangka Raya,,2023,*,79.057,,"PDRB Per Kapita Atas Dasar Harga Berlaku di Provinsi Kalimantan Tengah Menurut Kabupaten/Kota (ribu rupiah), 2020–2024","Per Capita GRDP at Current Market Prices by Regency/Municipality, in Kalimantan Tengah Province (thousand rupiahss), 2020–2024",21,1,3540befbddfb
KALIMANTAN TENGAH,,Jml Kab./Kota Total of Reg./Mun.,,2023,*,75.324,,"PDRB Per Kapita Atas Dasar Harga Berlaku di Provinsi Kalimantan Tengah Menurut Kabupaten/Kota (ribu rupiah), 2020–2024","Per Capita GRDP at Current Market Prices by Regency/Municipality, in Kalimantan Tengah Province (thousand rupiahss), 2020–2024",21,1,2c250a746b39
KALIMANTAN TENGAH,,Provinsi/Province,,2023,*,75.271,,"PDRB Per Kapita Atas Dasar Harga Berlaku di Provinsi Kalimantan Tengah Menurut Kabupaten/Kota (ribu rupiah), 2020–2024","Per Capita GRDP at Current Market Prices by Regency/Municipality, in Kalimantan Tengah Province (thousand rupiahss), 2020–2024",21,1,328be9d756dc
KALIMANTAN SELATAN,01,Kab. Tanah Laut,,2023,*,55.872,,"PDRB Per Kapita Atas Dasar Harga Berlaku di Provinsi Kalimantan Selatan Menurut Kabupaten/Kota (ribu rupiah), 2020–2024","Per Capita GRDP at Current Market Prices by Regency/Municipality, in Kalimantan Selatan Province (thousand rupiahss), 2020–2024",22,2,fb0f4b3c58f6
KALIMANTAN SELATAN,02,Kab. Kota Baru,,2023,*,103.069,,"PDRB Per Kapita Atas Dasar Harga Berlaku di Provinsi Kalimantan Selatan Menurut Kabupaten/Kota (ribu rupiah), 2020–2024","Per Capita GRDP at Current Market Prices by Regency/Municipality, in Kalimantan Selatan Province (thousand rupiahss), 2020–2024",22,2,c05cb0d2feae
KALIMANTAN SELATAN,03,Kab. Banjar,,2023,*,38.265,,"PDRB Per Kapita Atas Dasar Harga Berlaku di Provinsi Kalimantan Selatan Menurut Kabupaten/Kota (ribu rupiah), 2020–2024","Per Capita GRDP at Current Market Prices by Regency/Municipality, in Kalimantan Selatan Province (thousand rupiahss), 2020–2024",22,2,4c3c6fcc0027
KALIMANTAN SELATAN,04,Kab. Barito Kuala,,2023,*,32.389,,"PDRB Per Kapita Atas Dasar Harga Berlaku di Provinsi Kalimantan Selatan Menurut Kabupaten/Kota (ribu rupiah), 2020–2024","Per Capita GRDP at Current Market Prices by Regency/Municipality, in Kalimantan Selatan Province (thousand rupiahss), 2020–2024",22,2,713b0e9bc5f7
KALIMANTAN SELATAN,05,Kab. Tapin,,2023,*,69.702,,"PDRB Per Kapita Atas Dasar Harga Berlaku di Provinsi Kalimantan Selatan Menurut Kabupaten/Kota (ribu rupiah), 2020–2024","Per Capita GRDP at Current Market Prices by Regency/Municipality, in Kalimantan Selatan Province (thousand rupiahss), 2020–2024",22,2,0496b39f677f
KALIMANTAN SELATAN,06,Kab. Hulu Sungai Selatan,,2023,*,38.839,,"PDRB Per Kapita Atas Dasar Harga Berlaku di Provinsi Kalimantan Selatan Menurut Kabupaten/Kota (ribu rupiah), 2020–2024","Per Capita GRDP at Current Market Prices by Regency/Municipality, in Kalimantan Selatan Province (thousand rupiahss), 2020–2024",22,2,4690765d6338
KALIMANTAN SELATAN,07,Kab. Hulu Sungai Tengah,,2023,*,32.285,,"PDRB Per Kapita Atas Dasar Harga Berlaku di Provinsi Kalimantan Selatan Menurut Kabupaten/Kota (ribu rupiah), 2020–2024","Per Capita GRDP at Current Market Prices by Regency/Municipality, in Kalimantan Selatan Province (thousand rupiahss), 2020–2024",22,2,c25e2279f291
KALIMANTAN SELATAN,08,Kab. Hulu Sungai Utara,,2023,*,26.132,,"PDRB Per Kapita Atas Dasar Harga Berlaku di Provinsi Kalimantan Selatan Menurut Kabupaten/Kota (ribu rupiah), 2020–2024","Per Capita GRDP at Current Market Prices by Regency/Municipality, in Kalimantan Selatan Province (thousand rupiahss), 2020–2024",22,2,a75901d50387
KALIMANTAN SELATAN,09,Kab. Tabalong,,2023,*,117.748,,"PDRB Per Kapita Atas Dasar Harga Berlaku di Provinsi Kalimantan Selatan Menurut Kabupaten/Kota (ribu rupiah), 2020–2024","Per Capita GRDP at Current Market Prices by Regency/Municipality, in Kalimantan Selatan Province (thousand rupiahss), 2020–2024",22,2,1172008e22f9
KALIMANTAN SELATAN,10,Kab. Tanah Bumbu,,2023,*,99.813,,"PDRB Per Kapita Atas Dasar Harga Berlaku di Provinsi Kalimantan Selatan Menurut Kabupaten/Kota (ribu rupiah), 2020–2024","Per Capita GRDP at Current Market Prices by Regency/Municipality, in Kalimantan Selatan Province (thousand rupiahss), 2020–2024",22,2,62067ff66acf
KALIMANTAN SELATAN,11,Kab. Balangan,,2023,*,153.372,,"PDRB Per Kapita Atas Dasar Harga Berlaku di Provinsi Kalimantan Selatan Menurut Kabupaten/Kota (ribu rupiah), 2020–2024","Per Capita GRDP at Current Market Prices by Regency/Municipality, in Kalimantan Selatan Province (thousand rupiahss), 2020–2024",22,2,8113f88c113b
KALIMANTAN SELATAN,71,Kota Banjarmasin,,2023,*,63.095,,"PDRB Per Kapita Atas Dasar Harga Berlaku di Provinsi Kalimantan Selatan Menurut Kabupaten/Kota (ribu rupiah), 2020–2024","Per Capita GRDP at Current Market Prices by Regency/Municipality, in Kalimantan Selatan Province (thousand rupiahss), 2020–2024",22,2,e21c4bdfc0ce
KALIMANTAN SELATAN,72,Kota Banjar Baru,,2023,*,49.712,,"PDRB Per Kapita Atas Dasar Harga Berlaku di Provinsi Kalimantan Selatan Menurut Kabupaten/Kota (ribu rupiah), 2020–2024","Per Capita GRDP at Current Market Prices by Regency/Municipality, in Kalimantan Selatan Province (thousand rupiahss), 2020–2024",22,2,1a4afb064d6a
KALIMANTAN SELATAN,,Jml Kab./Kota Total of Reg./Mun.,,2023,*,63.196,,"PDRB Per Kapita Atas Dasar Harga Berlaku di Provinsi Kalimantan Selatan Menurut Kabupaten/Kota (ribu rupiah), 2020–2024","Per Capita GRDP at Current Market Prices by Regency/Municipality, in Kalimantan Selatan Province (thousand rupiahss), 2020–2024",22,2,4925c6a40bda
KALIMANTAN SELATAN,,Provinsi/Province,,2023,*,63.754,,"PDRB Per Kapita Atas Dasar Harga Berlaku di Provinsi Kalimantan Selatan Menurut Kabupaten/Kota (ribu rupiah), 2020–2024","Per Capita GRDP at Current Market Prices by Regency/Municipality, in Kalimantan Selatan Province (thousand rupiahss), 2020–2024",22,2,b7cbc21de0ff
KALIMANTAN TIMUR,01,Kab. Paser,,2023,*,208.429,,"PDRB Per Kapita Atas Dasar Harga Berlaku di Provinsi Kalimantan Timur Menurut Kabupaten/Kota (ribu rupiah), 2020–2024","Per Capita GRDP at Current Market Prices by Regency/Municipality, in Kalimantan Timur Province (thousand rupiahss), 2020–2024",23,3,9eea17084170
KALIMANTAN TIMUR,02,Kab. Kutai Barat,,2023,*,222.078,,"PDRB Per Kapita Atas Dasar Harga Berlaku di Provinsi Kalimantan Timur Menurut Kabupaten/Kota (ribu rupiah), 2020–2024","Per Capita GRDP at Current Market Prices by Regency/Municipality, in Kalimantan Timur Province (thousand rupiahss), 2020–2024",23,3,096daaee829b
KALIMANTAN TIMUR,03,Kab. Kutai Kartanegara,,2023,*,270.713,,"PDRB Per Kapita Atas Dasar Harga Berlaku di Provinsi Kalimantan Timur Menurut Kabupaten/Kota (ribu rupiah), 2020–2024","Per Capita GRDP at Current Market Prices by Regency/Municipality, in Kalimantan Timur Province (thousand rupiahss), 2020–2024",23,3,4f80e5fa59ee
KALIMANTAN TIMUR,04,Kab. Kutai Timur,,2023,*,369.418,,"PDRB Per Kapita Atas Dasar Harga Berlaku di Provinsi Kalimantan Timur Menurut Kabupaten/Kota (ribu rupiah), 2020–2024","Per Capita GRDP at Current Market Prices by Regency/Municipality, in Kalimantan Timur Province (thousand rupiahss), 2020–2024",23,3,f771462e77d1
KALIMANTAN TIMUR,05,Kab. Berau,,2023,*,198.534,,"PDRB Per Kapita Atas Dasar Harga Berlaku di Provinsi Kalimantan Timur Menurut Kabupaten/Kota (ribu rupiah), 2020–2024","Per Capita GRDP at Current Market Prices by Regency/Municipality, in Kalimantan Timur Province (thousand rupiahss), 2020–2024",23,3,527619cba799
KALIMANTAN TIMUR,09,Kab. Penajam Paser Utara,,2023,*,87.061,,"PDRB Per Kapita Atas Dasar Harga Berlaku di Provinsi Kalimantan Timur Menurut Kabupaten/Kota (ribu rupiah), 2020–2024","Per Capita GRDP at Current Market Prices by Regency/Municipality, in Kalimantan Timur Province (thousand rupiahss), 2020–2024",23,3,0d724bd43078
KALIMANTAN TIMUR,11,Kab. Mahakam Ulu,,2023,*,100.944,,"PDRB Per Kapita Atas Dasar Harga Berlaku di Provinsi Kalimantan Timur Menurut Kabupaten/Kota (ribu rupiah), 2020–2024","Per Capita GRDP at Current Market Prices by Regency/Municipality, in Kalimantan Timur Province (thousand rupiahss), 2020–2024",23,3,af2e2b30975a
KALIMANTAN TIMUR,71,Kota Balikpapan,,2023,*,201.637,,"PDRB Per Kapita Atas Dasar Harga Berlaku di Provinsi Kalimantan Timur Menurut Kabupaten/Kota (ribu rupiah), 2020–2024","Per Capita GRDP at Current Market Prices by Regency/Municipality, in Kalimantan Timur Province (thousand rupiahss), 2020–2024",23,3,b8823d3efbee
KALIMANTAN TIMUR,72,Kota Samarinda,,2023,*,104.969,,"PDRB Per Kapita Atas Dasar Harga Berlaku di Provinsi Kalimantan Timur Menurut Kabupaten/Kota (ribu rupiah), 2020–2024","Per Capita GRDP at Current Market Prices by Regency/Municipality, in Kalimantan Timur Province (thousand rupiahss), 2020–2024",23,3,d90b35e64b5d
KALIMANTAN TIMUR,74,Kota Bontang,,2023,*,366.463,,"PDRB Per Kapita Atas Dasar Harga Berlaku di Provinsi Kalimantan Timur Menurut Kabupaten/Kota (ribu rupiah), 2020–2024","Per Capita GRDP at Current Market Prices by Regency/Municipality, in Kalimantan Timur Province (thousand rupiahss), 2020–2024",23,3,7c91f97edeb0
KALIMANTAN TIMUR,,Jml Kab./Kota Total of Reg./Mun.,,2023,*,215.911,,"PDRB Per Kapita Atas Dasar Harga Berlaku di Provinsi Kalimantan Timur Menurut Kabupaten/Kota (ribu rupiah), 2020–2024","Per Capita GRDP at Current Market Prices by Regency/Municipality, in Kalimantan Timur Province (thousand rupiahss), 2020–2024",23,3,1758efa101d6
KALIMANTAN TIMUR,,Provinsi/Province,,2023,*,215.761,,"PDRB Per Kapita Atas Dasar Harga Berlaku di Provinsi Kalimantan Timur Menurut Kabupaten/Kota (ribu rupiah), 2020–2024","Per Capita GRDP at Current Market Prices by Regency/Municipality, in Kalimantan Timur Province (thousand rupiahss), 2020–2024",23,3,5d3ff6a7be65
KALIMANTAN UTARA,01,Kab. Malinau,,2023,*,218.891,,"PDRB Per Kapita Atas Dasar Harga Berlaku di Provinsi Kalimantan Utara Menurut Kabupaten/Kota (ribu rupiah), 2020–2024","Per Capita GRDP at Current Market Prices by Regency/Municipality, in Kalimantan Utara Province (thousand rupiahss), 2020–2024",24,4,74ce81390d75
KALIMANTAN UTARA,02,Kab. Bulungan,,2023,*,162.243,,"PDRB Per Kapita Atas Dasar Harga Berlaku di Provinsi Kalimantan Utara Menurut Kabupaten/Kota (ribu rupiah), 2020–2024","Per Capita GRDP at Current Market Prices by Regency/Municipality, in Kalimantan Utara Province (thousand rupiahss), 2020–2024",24,4,6249ffeee592
KALIMANTAN UTARA,03,Kab. Tana Tidung,,2023,*,337.028,,"PDRB Per Kapita Atas Dasar Harga Berlaku di Provinsi Kalimantan Utara Menurut Kabupaten/Kota (ribu rupiah), 2020–2024","Per Capita GRDP at Current Market Prices by Regency/Municipality, in Kalimantan Utara Province (thousand rupiahss), 2020–2024",24,4,82ab748b86e5
KALIMANTAN UTARA,04,Kab. Nunukan,,2023,*,204.637,,"PDRB Per Kapita Atas Dasar Harga Berlaku di Provinsi Kalimantan Utara Menurut Kabupaten/Kota (ribu rupiah), 2020–2024","Per Capita GRDP at Current Market Prices by Regency/Municipality, in Kalimantan Utara Province (thousand rupiahss), 2020–2024",24,4,d3c724b4bec2
KALIMANTAN UTARA,71,Kota Tarakan,,2023,*,208.185,,"PDRB Per Kapita Atas Dasar Harga Berlaku di Provinsi Kalimantan Utara Menurut Kabupaten/Kota (ribu rupiah), 2020–2024","Per Capita GRDP at Current Market Prices by Regency/Municipality, in Kalimantan Utara Province (thousand rupiahss), 2020–2024",24,4,351468bfd81f
KALIMANTAN UTARA,,Jml Kab./Kota Total of Reg./Mun.,,2023,*,203.331,,"PDRB Per Kapita Atas Dasar Harga Berlaku di Provinsi Kalimantan Utara Menurut Kabupaten/Kota (ribu rupiah), 2020–2024","Per Capita GRDP at Current Market Prices by Regency/Municipality, in Kalimantan Utara Province (thousand rupiahss), 2020–2024",24,4,d3febf75a0de
KALIMANTAN UTARA,,Provinsi/Province,,2023,*,201.749,,"PDRB Per Kapita Atas Dasar Harga Berlaku di Provinsi Kalimantan Utara Menurut Kabupaten/Kota (ribu rupiah), 2020–2024","Per Capita GRDP at Current Market Prices by Regency/Municipality, in Kalimantan Utara Province (thousand rupiahss), 2020–2024",24,4,e2b4d9ac2744
SULAWESI UTARA,01,Kab. Bolaang Mongondow,,2023,*,41.312,,"PDRB Per Kapita Atas Dasar Harga Berlaku di Provinsi Sulawesi Utara Menurut Kabupaten/Kota (ribu rupiah), 2020–2024","Per Capita GRDP at Current Market Prices by Regency/Municipality, in Sulawesi Utara Province (thousand rupiahss), 2020–2024",25,5,4e93fdbae66a
SULAWESI UTARA,02,Kab. Minahasa,,2023,*,62.878,,"PDRB Per Kapita Atas Dasar Harga Berlaku di Provinsi Sulawesi Utara Menurut Kabupaten/Kota (ribu rupiah), 2020–2024","Per Capita GRDP at Current Market Prices by Regency/Municipality, in Sulawesi Utara Province (thousand rupiahss), 2020–2024",25,5,2bc6c9e32008
SULAWESI UTARA,03,Kab. Kepulauan Sangihe,,2023,*,39.831,,"PDRB Per Kapita Atas Dasar Harga Berlaku di Provinsi Sulawesi Utara Menurut Kabupaten/Kota (ribu rupiah), 2020–2024","Per Capita GRDP at Current Market Prices by Regency/Municipality, in Sulawesi Utara Province (thousand rupiahss), 2020–2024",25,5,6a0220e34ab9
SULAWESI UTARA,04,Kab. Kepulauan Talaud,,2023,*,29.213,,"PDRB Per Kapita Atas Dasar Harga Berlaku di Provinsi Sulawesi Utara Menurut Kabupaten/Kota (ribu rupiah), 2020–2024","Per Capita GRDP at Current Market Prices by Regency/Municipality, in Sulawesi Utara Province (thousand rupiahss), 2020–2024",25,5,da23caf2d9d7
SULAWESI UTARA,05,Kab. Minahasa Selatan,,2023,*,48.049,,"PDRB Per Kapita Atas Dasar Harga Berlaku di Provinsi Sulawesi Utara Menurut Kabupaten/Kota (ribu rupiah), 2020–2024","Per Capita GRDP at Current Market Prices by Regency/Municipality, in Sulawesi Utara Province (thousand rupiahss), 2020–2024",25,5,a9ed309307f7
SULAWESI UTARA,06,Kab. Minahasa Utara,,2023,*,80.975,,"PDRB Per Kapita Atas Dasar Harga Berlaku di Provinsi Sulawesi Utara Menurut Kabupaten/Kota (ribu rupiah), 2020–2024","Per Capita GRDP at Current Market Prices by Regency/Municipality, in Sulawesi Utara Province (thousand rupiahss), 2020–2024",25,5,2a4ea5ba21c3
SULAWESI UTARA,07,Kab. Bolaang Mongondow Utara,,2023,*,37.891,,"PDRB Per Kapita Atas Dasar Harga Berlaku di Provinsi Sulawesi Utara Menurut Kabupaten/Kota (ribu rupiah), 2020–2024","Per Capita GRDP at Current Market Prices by Regency/Municipality, in Sulawesi Utara Province (thousand rupiahss), 2020–2024",25,5,2a8506b33987
SULAWESI UTARA,08,Kab. Siau Tagulandang Biaro,,2023,*,42.430,,"PDRB Per Kapita Atas Dasar Harga Berlaku di Provinsi Sulawesi Utara Menurut Kabupaten/Kota (ribu rupiah), 2020–2024","Per Capita GRDP at Current Market Prices by Regency/Municipality, in Sulawesi Utara Province (thousand rupiahss), 2020–2024",25,5,e12a824a7c3b
SULAWESI UTARA,09,Kab. Minahasa Tenggara,,2023,*,56.305,,"PDRB Per Kapita Atas Dasar Harga Berlaku di Provinsi Sulawesi Utara Menurut Kabupaten/Kota (ribu rupiah), 2020–2024","Per Capita GRDP at Current Market Prices by Regency/Municipality, in Sulawesi Utara Province (thousand rupiahss), 2020–2024",25,5,c6658f62bf1e
SULAWESI UTARA,10,Kab. Bolaang Mongondow Selatan,,2023,*,37.825,,"PDRB Per Kapita Atas Dasar Harga Berlaku di Provinsi Sulawesi Utara Menurut Kabupaten/Kota (ribu rupiah), 2020–2024","Per Capita GRDP at Current Market Prices by Regency/Municipality, in Sulawesi Utara Province (thousand rupiahss), 2020–2024",25,5,1e9ea968b1e9
SULAWESI UTARA,11,Kab. Bolaang Mongondow Timur,,2023,*,41.772,,"PDRB Per Kapita Atas Dasar Harga Berlaku di Provinsi Sulawesi Utara Menurut Kabupaten/Kota (ribu rupiah), 2020–2024","Per Capita GRDP at Current Market Prices by Regency/Municipality, in Sulawesi Utara Province (thousand rupiahss), 2020–2024",25,5,9f5a75b5a1d4
SULAWESI UTARA,71,Kota Manado,,2023,*,105.882,,"PDRB Per Kapita Atas Dasar Harga Berlaku di Provinsi Sulawesi Utara Menurut Kabupaten/Kota (ribu rupiah), 2020–2024","Per Capita GRDP at Current Market Prices by Regency/Municipality, in Sulawesi Utara Province (thousand rupiahss), 2020–2024",25,5,9e80b21dfe38
SULAWESI UTARA,72,Kota Bitung,,2023,*,97.545,,"PDRB Per Kapita Atas Dasar Harga Berlaku di Provinsi Sulawesi Utara Menurut Kabupaten/Kota (ribu rupiah), 2020–2024","Per Capita GRDP at Current Market Prices by Regency/Municipality, in Sulawesi Utara Province (thousand rupiahss), 2020–2024",25,5,13c73cba037c
SULAWESI UTARA,73,Kota Tomohon,,2023,*,52.853,,"PDRB Per Kapita Atas Dasar Harga Berlaku di Provinsi Sulawesi Utara Menurut Kabupaten/Kota (ribu rupiah), 2020–2024","Per Capita GRDP at Current Market Prices by Regency/Municipality, in Sulawesi Utara Province (thousand rupiahss), 2020–2024",25,5,690bb5276bac
SULAWESI UTARA,74,Kota Kotamobagu,,2023,*,37.576,,"PDRB Per Kapita Atas Dasar Harga Berlaku di Provinsi Sulawesi Utara Menurut Kabupaten/Kota (ribu rupiah), 2020–2024","Per Capita GRDP at Current Market Prices by Regency/Municipality, in Sulawesi Utara Province (thousand rupiahss), 2020–2024",25,5,6650b469c9c5
SULAWESI UTARA,,Jml Kab./Kota Total of Reg./Mun.,,2023,*,64.341,,"PDRB Per Kapita Atas Dasar Harga Berlaku di Provinsi Sulawesi Utara Menurut Kabupaten/Kota (ribu rupiah), 2020–2024","Per Capita GRDP at Current Market Prices by Regency/Municipality, in Sulawesi Utara Province (thousand rupiahss), 2020–2024",25,5,2c0639d09b82
SULAWESI UTARA,,Provinsi/Province,,2023,*,64.131,,"PDRB Per Kapita Atas Dasar Harga Berlaku di Provinsi Sulawesi Utara Menurut Kabupaten/Kota (ribu rupiah), 2020–2024","Per Capita GRDP at Current Market Prices by Regency/Municipality, in Sulawesi Utara Province (thousand rupiahss), 2020–2024",25,5,a2e8b7e135cb
SULAWESI TENGAH,01,Kab. Banggai Kepulauan,,2023,*,39.937,,"PDRB Per Kapita Atas Dasar Harga Berlaku di Provinsi Sulawesi Tengah Menurut Kabupaten/Kota (ribu rupiah), 2020–2024","Per Capita GRDP at Current Market Prices by Regency/Municipality, in Sulawesi Tengah Province (thousand rupiahss), 2020–2024",26,6,3befd2824e71
SULAWESI TENGAH,02,Kab. Banggai,,2023,*,101.843,,"PDRB Per Kapita Atas Dasar Harga Berlaku di Provinsi Sulawesi Tengah Menurut Kabupaten/Kota (ribu rupiah), 2020–2024","Per Capita GRDP at Current Market Prices by Regency/Municipality, in Sulawesi Tengah Province (thousand rupiahss), 2020–2024",26,6,15a5cb8d9544
SULAWESI TENGAH,03,Kab. Morowali,,2023,*,927.244,,"PDRB Per Kapita Atas Dasar Harga Berlaku di Provinsi Sulawesi Tengah Menurut Kabupaten/Kota (ribu rupiah), 2020–2024","Per Capita GRDP at Current Market Prices by Regency/Municipality, in Sulawesi Tengah Province (thousand rupiahss), 2020–2024",26,6,608707e4274c
SULAWESI TENGAH,04,Kab. Poso,,2023,*,46.538,,"PDRB Per Kapita Atas Dasar Harga Berlaku di Provinsi Sulawesi Tengah Menurut Kabupaten/Kota (ribu rupiah), 2020–2024","Per Capita GRDP at Current Market Prices by Regency/Municipality, in Sulawesi Tengah Province (thousand rupiahss), 2020–2024",26,6,03e0cac98178
SULAWESI TENGAH,05,Kab. Donggala,,2023,*,48.834,,"PDRB Per Kapita Atas Dasar Harga Berlaku di Provinsi Sulawesi Tengah Menurut Kabupaten/Kota (ribu rupiah), 2020–2024","Per Capita GRDP at Current Market Prices by Regency/Municipality, in Sulawesi Tengah Province (thousand rupiahss), 2020–2024",26,6,150de4b39995
SULAWESI TENGAH,06,Kab. Toli-Toli,,2023,*,44.749,,"PDRB Per Kapita Atas Dasar Harga Berlaku di Provinsi Sulawesi Tengah Menurut Kabupaten/Kota (ribu rupiah), 2020–2024","Per Capita GRDP at Current Market Prices by Regency/Municipality, in Sulawesi Tengah Province (thousand rupiahss), 2020–2024",26,6,12e0ca66b4a2
SULAWESI TENGAH,07,Kab. Buol,,2023,*,47.736,,"PDRB Per Kapita Atas Dasar Harga Berlaku di Provinsi Sulawesi Tengah Menurut Kabupaten/Kota (ribu rupiah), 2020–2024","Per Capita GRDP at Current Market Prices by Regency/Municipality, in Sulawesi Tengah Province (thousand rupiahss), 2020–2024",26,6,e091a2ffda9a
SULAWESI TENGAH,08,Kab. Parigi Moutong,,2023,*,47.645,,"PDRB Per Kapita Atas Dasar Harga Berlaku di Provinsi Sulawesi Tengah Menurut Kabupaten/Kota (ribu rupiah), 2020–2024","Per Capita GRDP at Current Market Prices by Regency/Municipality, in Sulawesi Tengah Province (thousand rupiahss), 2020–2024",26,6,56c15388177c
SULAWESI TENGAH,09,Kab. Tojo Una-Una,,2023,*,40.319,,"PDRB Per Kapita Atas Dasar Harga Berlaku di Provinsi Sulawesi Tengah Menurut Kabupaten/Kota (ribu rupiah), 2020–2024","Per Capita GRDP at Current Market Prices by Regency/Municipality, in Sulawesi Tengah Province (thousand rupiahss), 2020–2024",26,6,41a20948d885
SULAWESI TENGAH,10,Kab. Sigi,,2023,*,42.649,,"PDRB Per Kapita Atas Dasar Harga Berlaku di Provinsi Sulawesi Tengah Menurut Kabupaten/Kota (ribu rupiah), 2020–2024","Per Capita GRDP at Current Market Prices by Regency/Municipality, in Sulawesi Tengah Province (thousand rupiahss), 2020–2024",26,6,1e573f3cbe58
SULAWESI TENGAH,11,Kab. Banggai Laut,,2023,*,41.303,,"PDRB Per Kapita Atas Dasar Harga Berlaku di Provinsi Sulawesi Tengah Menurut Kabupaten/Kota (ribu rupiah), 2020–2024","Per Capita GRDP at Current Market Prices by Regency/Municipality, in Sulawesi Tengah Province (thousand rupiahss), 2020–2024",26,6,1482d1d3103f
SULAWESI TENGAH,12,Kab. Morowali Utara,,2023,*,209.710,,"PDRB Per Kapita Atas Dasar Harga Berlaku di Provinsi Sulawesi Tengah Menurut Kabupaten/Kota (ribu rupiah), 2020–2024","Per Capita GRDP at Current Market Prices by Regency/Municipality, in Sulawesi Tengah Province (thousand rupiahss), 2020–2024",26,6,7f8feecda917
SULAWESI TENGAH,71,Kota Palu,,2023,*,79.452,,"PDRB Per Kapita Atas Dasar Harga Berlaku di Provinsi Sulawesi Tengah Menurut Kabupaten/Kota (ribu rupiah), 2020–2024","Per Capita GRDP at Current Market Prices by Regency/Municipality, in Sulawesi Tengah Province (thousand rupiahss), 2020–2024",26,6,e2194e5e2c87
SULAWESI TENGAH,,Jml Kab./Kota Total of Reg./Mun.,,2023,*,111.913,,"PDRB Per Kapita Atas Dasar Harga Berlaku di Provinsi Sulawesi Tengah Menurut Kabupaten/Kota (ribu rupiah), 2020–2024","Per Capita GRDP at Current Market Prices by Regency/Municipality, in Sulawesi Tengah Province (thousand rupiahss), 2020–2024",26,6,634576dbd08f
SULAWESI TENGAH,,Provinsi/Province,,2023,*,112.461,,"PDRB Per Kapita Atas Dasar Harga Berlaku di Provinsi Sulawesi Tengah Menurut Kabupaten/Kota (ribu rupiah), 2020–2024","Per Capita GRDP at Current Market Prices by Regency/Municipality, in Sulawesi Tengah Province (thousand rupiahss), 2020–2024",26,6,e6d73ea2e136
SULAWESI SELATAN,01,Kab. Kepulauan Selayar,,2023,*,56.569,,"PDRB Per Kapita Atas Dasar Harga Berlaku di Provinsi Sulawesi Selatan Menurut Kabupaten/Kota (ribu rupiah), 2020–2024","Per Capita GRDP at Current Market Prices by Regency/Municipality, in Sulawesi Selatan Province (thousand rupiahss), 2020–2024",27,7,ac2962dc21ab
SULAWESI SELATAN,02,Kab. Bulukumba,,2023,*,41.904,,"PDRB Per Kapita Atas Dasar Harga Berlaku di Provinsi Sulawesi Selatan Menurut Kabupaten/Kota (ribu rupiah), 2020–2024","Per Capita GRDP at Current Market Prices by Regency/Municipality, in Sulawesi Selatan Province (thousand rupiahss), 2020–2024",27,7,abe67998f0fd
SULAWESI SELATAN,03,Kab. Bantaeng,,2023,*,62.783,,"PDRB Per Kapita Atas Dasar Harga Berlaku di Provinsi Sulawesi Selatan Menurut Kabupaten/Kota (ribu rupiah), 2020–2024","Per Capita GRDP at Current Market Prices by Regency/Municipality, in Sulawesi Selatan Province (thousand rupiahss), 2020–2024",27,7,eef77609556c
SULAWESI SELATAN,04,Kab. Jeneponto,,2023,*,29.318,,"PDRB Per Kapita Atas Dasar Harga Berlaku di Provinsi Sulawesi Selatan Menurut Kabupaten/Kota (ribu rupiah), 2020–2024","Per Capita GRDP at Current Market Prices by Regency/Municipality, in Sulawesi Selatan Province (thousand rupiahss), 2020–2024",27,7,3ce644206d5b
SULAWESI SELATAN,05,Kab. Takalar,,2023,*,41.138,,"PDRB Per Kapita Atas Dasar Harga Berlaku di Provinsi Sulawesi Selatan Menurut Kabupaten/Kota (ribu rupiah), 2020–2024","Per Capita GRDP at Current Market Prices by Regency/Municipality, in Sulawesi Selatan Province (thousand rupiahss), 2020–2024",27,7,f556c6b1f63d
SULAWESI SELATAN,06,Kab. Gowa,,2023,*,35.517,,"PDRB Per Kapita Atas Dasar Harga Berlaku di Provinsi Sulawesi Selatan Menurut Kabupaten/Kota (ribu rupiah), 2020–2024","Per Capita GRDP at Current Market Prices by Regency/Municipality, in Sulawesi Selatan Province (thousand rupiahss), 2020–2024",27,7,8732baae67f6
SULAWESI SELATAN,07,Kab. Sinjai,,2023,*,55.286,,"PDRB Per Kapita Atas Dasar Harga Berlaku di Provinsi Sulawesi Selatan Menurut Kabupaten/Kota (ribu rupiah), 2020–2024","Per Capita GRDP at Current Market Prices by Regency/Municipality, in Sulawesi Selatan Province (thousand rupiahss), 2020–2024",27,7,5115c72ce041
SULAWESI SELATAN,08,Kab. Maros,,2023,*,64.691,,"PDRB Per Kapita Atas Dasar Harga Berlaku di Provinsi Sulawesi Selatan Menurut Kabupaten/Kota (ribu rupiah), 2020–2024","Per Capita GRDP at Current Market Prices by Regency/Municipality, in Sulawesi Selatan Province (thousand rupiahss), 2020–2024",27,7,ea4477fc8853
SULAWESI SELATAN,09,Kab. Pangkajene dan Kepulauan,,2023,*,91.862,,"PDRB Per Kapita Atas Dasar Harga Berlaku di Provinsi Sulawesi Selatan Menurut Kabupaten/Kota (ribu rupiah), 2020–2024","Per Capita GRDP at Current Market Prices by Regency/Municipality, in Sulawesi Selatan Province (thousand rupiahss), 2020–2024",27,7,aa671a351ccd
SULAWESI SELATAN,10,Kab. Barru,,2023,*,49.966,,"PDRB Per Kapita Atas Dasar Harga Berlaku di Provinsi Sulawesi Selatan Menurut Kabupaten/Kota (ribu rupiah), 2020–2024","Per Capita GRDP at Current Market Prices by Regency/Municipality, in Sulawesi Selatan Province (thousand rupiahss), 2020–2024",27,7,913061d2d48c
SULAWESI SELATAN,11,Kab. Bone,,2023,*,57.024,,"PDRB Per Kapita Atas Dasar Harga Berlaku di Provinsi Sulawesi Selatan Menurut Kabupaten/Kota (ribu rupiah), 2020–2024","Per Capita GRDP at Current Market Prices by Regency/Municipality, in Sulawesi Selatan Province (thousand rupiahss), 2020–2024",27,7,f225c203ec1d
SULAWESI SELATAN,12,Kab. Soppeng,,2023,*,62.581,,"PDRB Per Kapita Atas Dasar Harga Berlaku di Provinsi Sulawesi Selatan Menurut Kabupaten/Kota (ribu rupiah), 2020–2024","Per Capita GRDP at Current Market Prices by Regency/Municipality, in Sulawesi Selatan Province (thousand rupiahss), 2020–2024",27,7,7d51cbbaf2c6
SULAWESI SELATAN,13,Kab. Wajo,,2023,*,63.612,,"PDRB Per Kapita Atas Dasar Harga Berlaku di Provinsi Sulawesi Selatan Menurut Kabupaten/Kota (ribu rupiah), 2020–2024","Per Capita GRDP at Current Market Prices by Regency/Municipality, in Sulawesi Selatan Province (thousand rupiahss), 2020–2024",27,7,d1b7f23bba1c
SULAWESI SELATAN,14,Kab. Sidenreng Rappang,,2023,*,55.514,,"PDRB Per Kapita Atas Dasar Harga Berlaku di Provinsi Sulawesi Selatan Menurut Kabupaten/Kota (ribu rupiah), 2020–2024","Per Capita GRDP at Current Market Prices by Regency/Municipality, in Sulawesi Selatan Province (thousand rupiahss), 2020–2024",27,7,d6026b47d17b
SULAWESI SELATAN,15,Kab. Pinrang,,2023,*,59.967,,"PDRB Per Kapita Atas Dasar Harga Berlaku di Provinsi Sulawesi Selatan Menurut Kabupaten/Kota (ribu rupiah), 2020–2024","Per Capita GRDP at Current Market Prices by Regency/Municipality, in Sulawesi Selatan Province (thousand rupiahss), 2020–2024",27,7,23adf3b8abc7
SULAWESI SELATAN,16,Kab. Enrekang,,2023,*,41.149,,"PDRB Per Kapita Atas Dasar Harga Berlaku di Provinsi Sulawesi Selatan Menurut Kabupaten/Kota (ribu rupiah), 2020–2024","Per Capita GRDP at Current Market Prices by Regency/Municipality, in Sulawesi Selatan Province (thousand rupiahss), 2020–2024",27,7,0b826eaf9dba
SULAWESI SELATAN,17,Kab. Luwu,,2023,*,57.358,,"PDRB Per Kapita Atas Dasar Harga Berlaku di Provinsi Sulawesi Selatan Menurut Kabupaten/Kota (ribu rupiah), 2020–2024","Per Capita GRDP at Current Market Prices by Regency/Municipality, in Sulawesi Selatan Province (thousand rupiahss), 2020–2024",27,7,5d62f6c6e417
SULAWESI SELATAN,18,Kab. Tana Toraja,,2023,*,32.382,,"PDRB Per Kapita Atas Dasar Harga Berlaku di Provinsi Sulawesi Selatan Menurut Kabupaten/Kota (ribu rupiah), 2020–2024","Per Capita GRDP at Current Market Prices by Regency/Municipality, in Sulawesi Selatan Province (thousand rupiahss), 2020–2024",27,7,1e8493bdf3eb
SULAWESI SELATAN,22,Kab. Luwu Utara,,2023,*,53.450,,"PDRB Per Kapita Atas Dasar Harga Berlaku di Provinsi Sulawesi Selatan Menurut Kabupaten/Kota (ribu rupiah), 2020–2024","Per Capita GRDP at Current Market Prices by Regency/Municipality, in Sulawesi Selatan Province (thousand rupiahss), 2020–2024",27,7,07c4ca09af78
SULAWESI SELATAN,25,Kab. Luwu Timur,,2023,*,99.490,,"PDRB Per Kapita Atas Dasar Harga Berlaku di Provinsi Sulawesi Selatan Menurut Kabupaten/Kota (ribu rupiah), 2020–2024","Per Capita GRDP at Current Market Prices by Regency/Municipality, in Sulawesi Selatan Province (thousand rupiahss), 2020–2024",27,7,c063a6735f26
SULAWESI SELATAN,26,Kab. Toraja Utara,,2023,*,45.028,,"PDRB Per Kapita Atas Dasar Harga Berlaku di Provinsi Sulawesi Selatan Menurut Kabupaten/Kota (ribu rupiah), 2020–2024","Per Capita GRDP at Current Market Prices by Regency/Municipality, in Sulawesi Selatan Province (thousand rupiahss), 2020–2024",27,7,40d2a82b8f67
SULAWESI SELATAN,71,Kota Makassar,,2023,*,155.952,,"PDRB Per Kapita Atas Dasar Harga Berlaku di Provinsi Sulawesi Selatan Menurut Kabupaten/Kota (ribu rupiah), 2020–2024","Per Capita GRDP at Current Market Prices by Regency/Municipality, in Sulawesi Selatan Province (thousand rupiahss), 2020–2024",27,7,7bd2e96e4654
SULAWESI SELATAN,72,Kota Parepare,,2023,*,58.776,,"PDRB Per Kapita Atas Dasar Harga Berlaku di Provinsi Sulawesi Selatan Menurut Kabupaten/Kota (ribu rupiah), 2020–2024","Per Capita GRDP at Current Market Prices by Regency/Municipality, in Sulawesi Selatan Province (thousand rupiahss), 2020–2024",27,7,f3dd77cd321e
SULAWESI SELATAN,73,Kota Palopo,,2023,*,54.470,,"PDRB Per Kapita Atas Dasar Harga Berlaku di Provinsi Sulawesi Selatan Menurut Kabupaten/Kota (ribu rupiah), 2020–2024","Per Capita GRDP at Current Market Prices by Regency/Municipality, in Sulawesi Selatan Province (thousand rupiahss), 2020–2024",27,7,807dc0abc623
SULAWESI SELATAN,,Jml Kab./Kota Total of Reg./Mun.,,2023,*,69.902,,"PDRB Per Kapita Atas Dasar Harga Berlaku di Provinsi Sulawesi Selatan Menurut Kabupaten/Kota (ribu rupiah), 2020–2024","Per Capita GRDP at Current Market Prices by Regency/Municipality, in Sulawesi Selatan Province (thousand rupiahss), 2020–2024",27,7,f684fadc1701
SULAWESI SELATAN,,Provinsi/Province,,2023,*,69.710,,"PDRB Per Kapita Atas Dasar Harga Berlaku di Provinsi Sulawesi Selatan Menurut Kabupaten/Kota (ribu rupiah), 2020–2024","Per Capita GRDP at Current Market Prices by Regency/Municipality, in Sulawesi Selatan Province (thousand rupiahss), 2020–2024",27,7,a39dba82720d
SULAWESI TENGGARA,01,Kab. Buton,,2023,*,42.115,,"PDRB Per Kapita Atas Dasar Harga Berlaku di Provinsi Sulawesi Tenggara Menurut Kabupaten/Kota (ribu rupiah), 2020–2024","Per Capita GRDP at Current Market Prices by Regency/Municipality, in Sulawesi Tenggara Province (thousand rupiahss), 2020–2024",28,8,70e08403e6f3
SULAWESI TENGGARA,02,Kab. Muna,,2023,*,39.227,,"PDRB Per Kapita Atas Dasar Harga Berlaku di Provinsi Sulawesi Tenggara Menurut Kabupaten/Kota (ribu rupiah), 2020–2024","Per Capita GRDP at Current Market Prices by Regency/Municipality, in Sulawesi Tenggara Province (thousand rupiahss), 2020–2024",28,8,f59243348fd7
SULAWESI TENGGARA,03,Kab. Konawe,,2023,*,67.881,,"PDRB Per Kapita Atas Dasar Harga Berlaku di Provinsi Sulawesi Tenggara Menurut Kabupaten/Kota (ribu rupiah), 2020–2024","Per Capita GRDP at Current Market Prices by Regency/Municipality, in Sulawesi Tenggara Province (thousand rupiahss), 2020–2024",28,8,95f7fb7aaa28
SULAWESI TENGGARA,04,Kab. Kolaka,,2023,*,145.097,,"PDRB Per Kapita Atas Dasar Harga Berlaku di Provinsi Sulawesi Tenggara Menurut Kabupaten/Kota (ribu rupiah), 2020–2024","Per Capita GRDP at Current Market Prices by Regency/Municipality, in Sulawesi Tenggara Province (thousand rupiahss), 2020–2024",28,8,99dfb4b2d17f
SULAWESI TENGGARA,05,Kab. Konawe Selatan,,2023,*,50.812,,"PDRB Per Kapita Atas Dasar Harga Berlaku di Provinsi Sulawesi Tenggara Menurut Kabupaten/Kota (ribu rupiah), 2020–2024","Per Capita GRDP at Current Market Prices by Regency/Municipality, in Sulawesi Tenggara Province (thousand rupiahss), 2020–2024",28,8,2b7089c92288
SULAWESI TENGGARA,06,Kab. Bombana,,2023,*,54.123,,"PDRB Per Kapita Atas Dasar Harga Berlaku di Provinsi Sulawesi Tenggara Menurut Kabupaten/Kota (ribu rupiah), 2020–2024","Per Capita GRDP at Current Market Prices by Regency/Municipality, in Sulawesi Tenggara Province (thousand rupiahss), 2020–2024",28,8,41a8c1fc25b0
SULAWESI TENGGARA,07,Kab. Wakatobi,,2023,*,49.534,,"PDRB Per Kapita Atas Dasar Harga Berlaku di Provinsi Sulawesi Tenggara Menurut Kabupaten/Kota (ribu rupiah), 2020–2024","Per Capita GRDP at Current Market Prices by Regency/Municipality, in Sulawesi Tenggara Province (thousand rupiahss), 2020–2024",28,8,48564ec301d5
SULAWESI TENGGARA,08,Kab. Kolaka Utara,,2023,*,77.085,,"PDRB Per Kapita Atas Dasar Harga Berlaku di Provinsi Sulawesi Tenggara Menurut Kabupaten/Kota (ribu rupiah), 2020–2024","Per Capita GRDP at Current Market Prices by Regency/Municipality, in Sulawesi Tenggara Province (thousand rupiahss), 2020–2024",28,8,b46d48ed0056
SULAWESI TENGGARA,09,Kab. Buton Utara,,2023,*,58.724,,"PDRB Per Kapita Atas Dasar Harga Berlaku di Provinsi Sulawesi Tenggara Menurut Kabupaten/Kota (ribu rupiah), 2020–2024","Per Capita GRDP at Current Market Prices by Regency/Municipality, in Sulawesi Tenggara Province (thousand rupiahss), 2020–2024",28,8,f86bd51ce08b
SULAWESI TENGGARA,10,Kab. Konawe Utara,,2023,*,72.796,,"PDRB Per Kapita Atas Dasar Harga Berlaku di Provinsi Sulawesi Tenggara Menurut Kabupaten/Kota (ribu rupiah), 2020–2024","Per Capita GRDP at Current Market Prices by Regency/Municipality, in Sulawesi Tenggara Province (thousand rupiahss), 2020–2024",28,8,cc1cc030ec29
SULAWESI TENGGARA,11,Kab. Kolaka Timur,,2023,*,44.726,,"PDRB Per Kapita Atas Dasar Harga Berlaku di Provinsi Sulawesi Tenggara Menurut Kabupaten/Kota (ribu rupiah), 2020–2024","Per Capita GRDP at Current Market Prices by Regency/Municipality, in Sulawesi Tenggara Province (thousand rupiahss), 2020–2024",28,8,5b4187e70f63
SULAWESI TENGGARA,12,Kab. Konawe Kepulauan,,2023,*,44.040,,"PDRB Per Kapita Atas Dasar Harga Berlaku di Provinsi Sulawesi Tenggara Menurut Kabupaten/Kota (ribu rupiah), 2020–2024","Per Capita GRDP at Current Market Prices by Regency/Municipality, in Sulawesi Tenggara Province (thousand rupiahss), 2020–2024",28,8,fac0eddb155c
SULAWESI TENGGARA,13,Kab. Muna Barat,,2023,*,37.935,,"PDRB Per Kapita Atas Dasar Harga Berlaku di Provinsi Sulawesi Tenggara Menurut Kabupaten/Kota (ribu rupiah), 2020–2024","Per Capita GRDP at Current Market Prices by Regency/Municipality, in Sulawesi Tenggara Province (thousand rupiahss), 2020–2024",28,8,c05859766e7a
SULAWESI TENGGARA,14,Kab. Buton Tengah,,2023,*,25.330,,"PDRB Per Kapita Atas Dasar Harga Berlaku di Provinsi Sulawesi Tenggara Menurut Kabupaten/Kota (ribu rupiah), 2020–2024","Per Capita GRDP at Current Market Prices by Regency/Municipality, in Sulawesi Tenggara Province (thousand rupiahss), 2020–2024",28,8,e813b0a3d883
SULAWESI TENGGARA,15,Kab. Buton Selatan,,2023,*,36.084,,"PDRB Per Kapita Atas Dasar Harga Berlaku di Provinsi Sulawesi Tenggara Menurut Kabupaten/Kota (ribu rupiah), 2020–2024","Per Capita GRDP at Current Market Prices by Regency/Municipality, in Sulawesi Tenggara Province (thousand rupiahss), 2020–2024",28,8,fd297b80ee94
SULAWESI TENGGARA,71,Kota Kendari,,2023,*,77.591,,"PDRB Per Kapita Atas Dasar Harga Berlaku di Provinsi Sulawesi Tenggara Menurut Kabupaten/Kota (ribu rupiah), 2020–2024","Per Capita GRDP at Current Market Prices by Regency/Municipality, in Sulawesi Tenggara Province (thousand rupiahss), 2020–2024",28,8,13deb4c1d046
SULAWESI TENGGARA,72,Kota Baubau,,2023,*,69.346,,"PDRB Per Kapita Atas Dasar Harga Berlaku di Provinsi Sulawesi Tenggara Menurut Kabupaten/Kota (ribu rupiah), 2020–2024","Per Capita GRDP at Current Market Prices by Regency/Municipality, in Sulawesi Tenggara Province (thousand rupiahss), 2020–2024",28,8,6357fdd5a7ac
SULAWESI TENGGARA,,Jml Kab./Kota Total of Reg./Mun.,,2023,*,64.132,,"PDRB Per Kapita Atas Dasar Harga Berlaku di Provinsi Sulawesi Tenggara Menurut Kabupaten/Kota (ribu rupiah), 2020–2024","Per Capita GRDP at Current Market Prices by Regency/Municipality, in Sulawesi Tenggara Province (thousand rupiahss), 2020–2024",28,8,77b4a711039b
SULAWESI TENGGARA,,Provinsi/Province,,2023,*,64.088,,"PDRB Per Kapita Atas Dasar Harga Berlaku di Provinsi Sulawesi Tenggara Menurut Kabupaten/Kota (ribu rupiah), 2020–2024","Per Capita GRDP at Current Market Prices by Regency/Municipality, in Sulawesi Tenggara Province (thousand rupiahss), 2020–2024",28,8,ee6067da97ea
GORONTALO,01,Kab. Boalemo,,2023,*,43.517,,"PDRB Per Kapita Atas Dasar Harga Berlaku di Provinsi Gorontalo Menurut Kabupaten/Kota (ribu rupiah), 2020–2024","Per Capita GRDP at Current Market Prices by Regency/Municipality, in Gorontalo Province (thousand rupiahss), 2020–2024",29,9,d688e9e72a9c
GORONTALO,02,Kab. Gorontalo,,2023,*,39.696,,"PDRB Per Kapita Atas Dasar Harga Berlaku di Provinsi Gorontalo Menurut Kabupaten/Kota (ribu rupiah), 2020–2024","Per Capita GRDP at Current Market Prices by Regency/Municipality, in Gorontalo Province (thousand rupiahss), 2020–2024",29,9,5017c8d57430
GORONTALO,03,Kab. Pohuwato,,2023,*,53.444,,"PDRB Per Kapita Atas Dasar Harga Berlaku di Provinsi Gorontalo Menurut Kabupaten/Kota (ribu rupiah), 2020–2024","Per Capita GRDP at Current Market Prices by Regency/Municipality, in Gorontalo Province (thousand rupiahss), 2020–2024",29,9,87d7133d9a62
GORONTALO,04,Kab. Bone Bolango,,2023,*,33.809,,"PDRB Per Kapita Atas Dasar Harga Berlaku di Provinsi Gorontalo Menurut Kabupaten/Kota (ribu rupiah), 2020–2024","Per Capita GRDP at Current Market Prices by Regency/Municipality, in Gorontalo Province (thousand rupiahss), 2020–2024",29,9,4f0c74e54f21
GORONTALO,05,Kab. Gorontalo Utara,,2023,*,31.723,,"PDRB Per Kapita Atas Dasar Harga Berlaku di Provinsi Gorontalo Menurut Kabupaten/Kota (ribu rupiah), 2020–2024","Per Capita GRDP at Current Market Prices by Regency/Municipality, in Gorontalo Province (thousand rupiahss), 2020–2024",29,9,2c86a0291de8
GORONTALO,71,Kota Gorontalo,,2023,*,51.309,,"PDRB Per Kapita Atas Dasar Harga Berlaku di Provinsi Gorontalo Menurut Kabupaten/Kota (ribu rupiah), 2020–2024","Per Capita GRDP at Current Market Prices by Regency/Municipality, in Gorontalo Province (thousand rupiahss), 2020–2024",29,9,516f2e9c4a60
GORONTALO,,Jml Kab./Kota Total of Reg./Mun.,,2023,*,42.183,,"PDRB Per Kapita Atas Dasar Harga Berlaku di Provinsi Gorontalo Menurut Kabupaten/Kota (ribu rupiah), 2020–2024","Per Capita GRDP at Current Market Prices by Regency/Municipality, in Gorontalo Province (thousand rupiahss), 2020–2024",29,9,a361c349e92d
GORONTALO,,Provinsi/Province,,2023,*,42.341,,"PDRB Per Kapita Atas Dasar Harga Berlaku di Provinsi Gorontalo Menurut Kabupaten/Kota (ribu rupiah), 2020–2024","Per Capita GRDP at Current Market Prices by Regency/Municipality, in Gorontalo Province (thousand rupiahss), 2020–2024",29,9,9f0a83f6b30e
SULAWESI BARAT,01,Kab. Majene,,2023,*,32.909,,"PDRB Per Kapita Atas Dasar Harga Berlaku di Provinsi Sulawesi Barat Menurut Kabupaten/Kota (ribu rupiah), 2020–2024","Per Capita GRDP at Current Market Prices by Regency/Municipality, in Sulawesi Barat Province (thousand rupiahss), 2020–2024",30,10,acb72946a8ca
SULAWESI BARAT,02,Kab. Polewali Mandar,,2023,*,32.298,,"PDRB Per Kapita Atas Dasar Harga Berlaku di Provinsi Sulawesi Barat Menurut Kabupaten/Kota (ribu rupiah), 2020–2024","Per Capita GRDP at Current Market Prices by Regency/Municipality, in Sulawesi Barat Province (thousand rupiahss), 2020–2024",30,10,add7c861ccc0
SULAWESI BARAT,03,Kab. Mamasa,,2023,*,20.490,,"PDRB Per Kapita Atas Dasar Harga Berlaku di Provinsi Sulawesi Barat Menurut Kabupaten/Kota (ribu rupiah), 2020–2024","Per Capita GRDP at Current Market Prices by Regency/Municipality, in Sulawesi Barat Province (thousand rupiahss), 2020–2024",30,10,c74ff420993a
SULAWESI BARAT,04,Kab. Mamuju,,2023,*,49.255,,"PDRB Per Kapita Atas Dasar Harga Berlaku di Provinsi Sulawesi Barat Menurut Kabupaten/Kota (ribu rupiah), 2020–2024","Per Capita GRDP at Current Market Prices by Regency/Municipality, in Sulawesi Barat Province (thousand rupiahss), 2020–2024",30,10,9880fad3ec38
SULAWESI BARAT,05,Kab. Pasang Kayu,,2023,*,72.242,,"PDRB Per Kapita Atas Dasar Harga Berlaku di Provinsi Sulawesi Barat Menurut Kabupaten/Kota (ribu rupiah), 2020–2024","Per Capita GRDP at Current Market Prices by Regency/Municipality, in Sulawesi Barat Province (thousand rupiahss), 2020–2024",30,10,3eee23e7e6f3
SULAWESI BARAT,06,Kab. Mamuju Tengah,,2023,*,28.531,,"PDRB Per Kapita Atas Dasar Harga Berlaku di Provinsi Sulawesi Barat Menurut Kabupaten/Kota (ribu rupiah), 2020–2024","Per Capita GRDP at Current Market Prices by Regency/Municipality, in Sulawesi Barat Province (thousand rupiahss), 2020–2024",30,10,f8a9ac45bbfb
SULAWESI BARAT,,Jml Kab./Kota Total of Reg./Mun.,,2023,*,43.561,,"PDRB Per Kapita Atas Dasar Harga Berlaku di Provinsi Sulawesi Barat Menurut Kabupaten/Kota (ribu rupiah), 2020–2024","Per Capita GRDP at Current Market Prices by Regency/Municipality, in Sulawesi Barat Province (thousand rupiahss), 2020–2024",30,10,e97735e812ca
SULAWESI BARAT,,Provinsi/Province,,2023,*,39.547,,"PDRB Per Kapita Atas Dasar Harga Berlaku di Provinsi Sulawesi Barat Menurut Kabupaten/Kota (ribu rupiah), 2020–2024","Per Capita GRDP at Current Market Prices by Regency/Municipality, in Sulawesi Barat Province (thousand rupiahss), 2020–2024",30,10,266fea4c0eea
KALIMANTAN TENGAH,01,Kab. Kotawaringin Barat,,2024,**,110.403,,"PDRB Per Kapita Atas Dasar Harga Berlaku di Provinsi Kalimantan Tengah Menurut Kabupaten/Kota (ribu rupiah), 2020–2024","Per Capita GRDP at Current Market Prices by Regency/Municipality, in Kalimantan Tengah Province (thousand rupiahss), 2020–2024",21,1,973840d81ada
KALIMANTAN TENGAH,02,Kab. Kotawaringin Timur,,2024,**,84.767,,"PDRB Per Kapita Atas Dasar Harga Berlaku di Provinsi Kalimantan Tengah Menurut Kabupaten/Kota (ribu rupiah), 2020–2024","Per Capita GRDP at Current Market Prices by Regency/Municipality, in Kalimantan Tengah Province (thousand rupiahss), 2020–2024",21,1,9b8d21f7ad63
KALIMANTAN TENGAH,03,Kab. Kapuas,,2024,**,58.507,,"PDRB Per Kapita Atas Dasar Harga Berlaku di Provinsi Kalimantan Tengah Menurut Kabupaten/Kota (ribu rupiah), 2020–2024","Per Capita GRDP at Current Market Prices by Regency/Municipality, in Kalimantan Tengah Province (thousand rupiahss), 2020–2024",21,1,2c4c76d97e82
KALIMANTAN TENGAH,04,Kab. Barito Selatan,,2024,**,65.475,,"PDRB Per Kapita Atas Dasar Harga Berlaku di Provinsi Kalimantan Tengah Menurut Kabupaten/Kota (ribu rupiah), 2020–2024","Per Capita GRDP at Current Market Prices by Regency/Municipality, in Kalimantan Tengah Province (thousand rupiahss), 2020–2024",21,1,beac85ab9156
KALIMANTAN TENGAH,05,Kab. Barito Utara,,2024,**,86.331,,"PDRB Per Kapita Atas Dasar Harga Berlaku di Provinsi Kalimantan Tengah Menurut Kabupaten/Kota (ribu rupiah), 2020–2024","Per Capita GRDP at Current Market Prices by Regency/Municipality, in Kalimantan Tengah Province (thousand rupiahss), 2020–2024",21,1,cfdd31051b49
KALIMANTAN TENGAH,06,Kab. Sukamara,,2024,**,95.831,,"PDRB Per Kapita Atas Dasar Harga Berlaku di Provinsi Kalimantan Tengah Menurut Kabupaten/Kota (ribu rupiah), 2020–2024","Per Capita GRDP at Current Market Prices by Regency/Municipality, in Kalimantan Tengah Province (thousand rupiahss), 2020–2024",21,1,ea78e9f77ec9
KALIMANTAN TENGAH,07,Kab. Lamandau,,2024,**,79.717,,"PDRB Per Kapita Atas Dasar Harga Berlaku di Provinsi Kalimantan Tengah Menurut Kabupaten/Kota (ribu rupiah), 2020–2024","Per Capita GRDP at Current Market Prices by Regency/Municipality, in Kalimantan Tengah Province (thousand rupiahss), 2020–2024",21,1,fb2b6b8059f6
KALIMANTAN TENGAH,08,Kab. Seruyan,,2024,**,72.331,,"PDRB Per Kapita Atas Dasar Harga Berlaku di Provinsi Kalimantan Tengah Menurut Kabupaten/Kota (ribu rupiah), 2020–2024","Per Capita GRDP at Current Market Prices by Regency/Municipality, in Kalimantan Tengah Province (thousand rupiahss), 2020–2024",21,1,a15940c06dd6
KALIMANTAN TENGAH,09,Kab. Katingan,,2024,**,67.940,,"PDRB Per Kapita Atas Dasar Harga Berlaku di Provinsi Kalimantan Tengah Menurut Kabupaten/Kota (ribu rupiah), 2020–2024","Per Capita GRDP at Current Market Prices by Regency/Municipality, in Kalimantan Tengah Province (thousand rupiahss), 2020–2024",21,1,426170bbb078
KALIMANTAN TENGAH,10,Kab. Pulang Pisau,,2024,**,54.908,,"PDRB Per Kapita Atas Dasar Harga Berlaku di Provinsi Kalimantan Tengah Menurut Kabupaten/Kota (ribu rupiah), 2020–2024","Per Capita GRDP at Current Market Prices by Regency/Municipality, in Kalimantan Tengah Province (thousand rupiahss), 2020–2024",21,1,23f13cd0a29f
KALIMANTAN TENGAH,11,Kab. Gunung Mas,,2024,**,67.075,,"PDRB Per Kapita Atas Dasar Harga Berlaku di Provinsi Kalimantan Tengah Menurut Kabupaten/Kota (ribu rupiah), 2020–2024","Per Capita GRDP at Current Market Prices by Regency/Municipality, in Kalimantan Tengah Province (thousand rupiahss), 2020–2024",21,1,f1e600f6727c
KALIMANTAN TENGAH,12,Kab. Barito Timur,,2024,**,91.909,,"PDRB Per Kapita Atas Dasar Harga Berlaku di Provinsi Kalimantan Tengah Menurut Kabupaten/Kota (ribu rupiah), 2020–2024","Per Capita GRDP at Current Market Prices by Regency/Municipality, in Kalimantan Tengah Province (thousand rupiahss), 2020–2024",21,1,90cbb297c3b6
KALIMANTAN TENGAH,13,Kab. Murung Raya,,2024,**,100.104,,"PDRB Per Kapita Atas Dasar Harga Berlaku di Provinsi Kalimantan Tengah Menurut Kabupaten/Kota (ribu rupiah), 2020–2024","Per Capita GRDP at Current Market Prices by Regency/Municipality, in Kalimantan Tengah Province (thousand rupiahss), 2020–2024",21,1,0c2dd1298a17
KALIMANTAN TENGAH,71,Kota Palangka Raya,,2024,**,84.603,,"PDRB Per Kapita Atas Dasar Harga Berlaku di Provinsi Kalimantan Tengah Menurut Kabupaten/Kota (ribu rupiah), 2020–2024","Per Capita GRDP at Current Market Prices by Regency/Municipality, in Kalimantan Tengah Province (thousand rupiahss), 2020–2024",21,1,8ed61ab2c73c
KALIMANTAN TENGAH,,Jml Kab./Kota Total of Reg./Mun.,,2024,**,79.295,,"PDRB Per Kapita Atas Dasar Harga Berlaku di Provinsi Kalimantan Tengah Menurut Kabupaten/Kota (ribu rupiah), 2020–2024","Per Capita GRDP at Current Market Prices by Regency/Municipality, in Kalimantan Tengah Province (thousand rupiahss), 2020–2024",21,1,ce3e04655c68
KALIMANTAN TENGAH,,Provinsi/Province,,2024,**,79.320,,"PDRB Per Kapita Atas Dasar Harga Berlaku di Provinsi Kalimantan Tengah Menurut Kabupaten/Kota (ribu rupiah), 2020–2024","Per Capita GRDP at Current Market Prices by Regency/Municipality, in Kalimantan Tengah Province (thousand rupiahss), 2020–2024",21,1,e2e7f708e7c7
KALIMANTAN SELATAN,01,Kab. Tanah Laut,,2024,**,58.233,,"PDRB Per Kapita Atas Dasar Harga Berlaku di Provinsi Kalimantan Selatan Menurut Kabupaten/Kota (ribu rupiah), 2020–2024","Per Capita GRDP at Current Market Prices by Regency/Municipality, in Kalimantan Selatan Province (thousand rupiahss), 2020–2024",22,2,a9ea24a3e439
KALIMANTAN SELATAN,02,Kab. Kota Baru,,2024,**,108.024,,"PDRB Per Kapita Atas Dasar Harga Berlaku di Provinsi Kalimantan Selatan Menurut Kabupaten/Kota (ribu rupiah), 2020–2024","Per Capita GRDP at Current Market Prices by Regency/Municipality, in Kalimantan Selatan Province (thousand rupiahss), 2020–2024",22,2,f1e09ce7b8d2
KALIMANTAN SELATAN,03,Kab. Banjar,,2024,**,40.027,,"PDRB Per Kapita Atas Dasar Harga Berlaku di Provinsi Kalimantan Selatan Menurut Kabupaten/Kota (ribu rupiah), 2020–2024","Per Capita GRDP at Current Market Prices by Regency/Municipality, in Kalimantan Selatan Province (thousand rupiahss), 2020–2024",22,2,f7bbcb120d57
KALIMANTAN SELATAN,04,Kab. Barito Kuala,,2024,**,34.292,,"PDRB Per Kapita Atas Dasar Harga Berlaku di Provinsi Kalimantan Selatan Menurut Kabupaten/Kota (ribu rupiah), 2020–2024","Per Capita GRDP at Current Market Prices by Regency/Municipality, in Kalimantan Selatan Province (thousand rupiahss), 2020–2024",22,2,599b9a34da50
KALIMANTAN SELATAN,05,Kab. Tapin,,2024,**,72.445,,"PDRB Per Kapita Atas Dasar Harga Berlaku di Provinsi Kalimantan Selatan Menurut Kabupaten/Kota (ribu rupiah), 2020–2024","Per Capita GRDP at Current Market Prices by Regency/Municipality, in Kalimantan Selatan Province (thousand rupiahss), 2020–2024",22,2,de4539a1ea96
KALIMANTAN SELATAN,06,Kab. Hulu Sungai Selatan,,2024,**,41.467,,"PDRB Per Kapita Atas Dasar Harga Berlaku di Provinsi Kalimantan Selatan Menurut Kabupaten/Kota (ribu rupiah), 2020–2024","Per Capita GRDP at Current Market Prices by Regency/Municipality, in Kalimantan Selatan Province (thousand rupiahss), 2020–2024",22,2,1f1fd88c7773
KALIMANTAN SELATAN,07,Kab. Hulu Sungai Tengah,,2024,**,34.850,,"PDRB Per Kapita Atas Dasar Harga Berlaku di Provinsi Kalimantan Selatan Menurut Kabupaten/Kota (ribu rupiah), 2020–2024","Per Capita GRDP at Current Market Prices by Regency/Municipality, in Kalimantan Selatan Province (thousand rupiahss), 2020–2024",22,2,3692eb66c585
KALIMANTAN SELATAN,08,Kab. Hulu Sungai Utara,,2024,**,27.887,,"PDRB Per Kapita Atas Dasar Harga Berlaku di Provinsi Kalimantan Selatan Menurut Kabupaten/Kota (ribu rupiah), 2020–2024","Per Capita GRDP at Current Market Prices by Regency/Municipality, in Kalimantan Selatan Province (thousand rupiahss), 2020–2024",22,2,89c1cd9f8fb7
KALIMANTAN SELATAN,09,Kab. Tabalong,,2024,**,122.313,,"PDRB Per Kapita Atas Dasar Harga Berlaku di Provinsi Kalimantan Selatan Menurut Kabupaten/Kota (ribu rupiah), 2020–2024","Per Capita GRDP at Current Market Prices by Regency/Municipality, in Kalimantan Selatan Province (thousand rupiahss), 2020–2024",22,2,6a5924807f73
KALIMANTAN SELATAN,10,Kab. Tanah Bumbu,,2024,**,104.302,,"PDRB Per Kapita Atas Dasar Harga Berlaku di Provinsi Kalimantan Selatan Menurut Kabupaten/Kota (ribu rupiah), 2020–2024","Per Capita GRDP at Current Market Prices by Regency/Municipality, in Kalimantan Selatan Province (thousand rupiahss), 2020–2024",22,2,63d44eba4348
KALIMANTAN SELATAN,11,Kab. Balangan,,2024,**,157.579,,"PDRB Per Kapita Atas Dasar Harga Berlaku di Provinsi Kalimantan Selatan Menurut Kabupaten/Kota (ribu rupiah), 2020–2024","Per Capita GRDP at Current Market Prices by Regency/Municipality, in Kalimantan Selatan Province (thousand rupiahss), 2020–2024",22,2,e127be7174b9
KALIMANTAN SELATAN,71,Kota Banjarmasin,,2024,**,68.285,,"PDRB Per Kapita Atas Dasar Harga Berlaku di Provinsi Kalimantan Selatan Menurut Kabupaten/Kota (ribu rupiah), 2020–2024","Per Capita GRDP at Current Market Prices by Regency/Municipality, in Kalimantan Selatan Province (thousand rupiahss), 2020–2024",22,2,5c3a03fad7af
KALIMANTAN SELATAN,72,Kota Banjar Baru,,2024,**,53.088,,"PDRB Per Kapita Atas Dasar Harga Berlaku di Provinsi Kalimantan Selatan Menurut Kabupaten/Kota (ribu rupiah), 2020–2024","Per Capita GRDP at Current Market Prices by Regency/Municipality, in Kalimantan Selatan Province (thousand rupiahss), 2020–2024",22,2,ba98d632780d
KALIMANTAN SELATAN,,Jml Kab./Kota Total of Reg./Mun.,,2024,**,66.542,,"PDRB Per Kapita Atas Dasar Harga Berlaku di Provinsi Kalimantan Selatan Menurut Kabupaten/Kota (ribu rupiah), 2020–2024","Per Capita GRDP at Current Market Prices by Regency/Municipality, in Kalimantan Selatan Province (thousand rupiahss), 2020–2024",22,2,10b0c4d91bb4
KALIMANTAN SELATAN,,Provinsi/Province,,2024,**,67.117,,"PDRB Per Kapita Atas Dasar Harga Berlaku di Provinsi Kalimantan Selatan Menurut Kabupaten/Kota (ribu rupiah), 2020–2024","Per Capita GRDP at Current Market Prices by Regency/Municipality, in Kalimantan Selatan Province (thousand rupiahss), 2020–2024",22,2,2294983c4d50
KALIMANTAN TIMUR,01,Kab. Paser,,2024,**,193.140,,"PDRB Per Kapita Atas Dasar Harga Berlaku di Provinsi Kalimantan Timur Menurut Kabupaten/Kota (ribu rupiah), 2020–2024","Per Capita GRDP at Current Market Prices by Regency/Municipality, in Kalimantan Timur Province (thousand rupiahss), 2020–2024",23,3,8405b12e8050
KALIMANTAN TIMUR,02,Kab. Kutai Barat,,2024,**,222.075,,"PDRB Per Kapita Atas Dasar Harga Berlaku di Provinsi Kalimantan Timur Menurut Kabupaten/Kota (ribu rupiah), 2020–2024","Per Capita GRDP at Current Market Prices by Regency/Municipality, in Kalimantan Timur Province (thousand rupiahss), 2020–2024",23,3,332ffe412d40
KALIMANTAN TIMUR,03,Kab. Kutai Kartanegara,,2024,**,259.191,,"PDRB Per Kapita Atas Dasar Harga Berlaku di Provinsi Kalimantan Timur Menurut Kabupaten/Kota (ribu rupiah), 2020–2024","Per Capita GRDP at Current Market Prices by Regency/Municipality, in Kalimantan Timur Province (thousand rupiahss), 2020–2024",23,3,205fae1e0cca
KALIMANTAN TIMUR,04,Kab. Kutai Timur,,2024,**,344.492,,"PDRB Per Kapita Atas Dasar Harga Berlaku di Provinsi Kalimantan Timur Menurut Kabupaten/Kota (ribu rupiah), 2020–2024","Per Capita GRDP at Current Market Prices by Regency/Municipality, in Kalimantan Timur Province (thousand rupiahss), 2020–2024",23,3,3ccf048eaa2c
KALIMANTAN TIMUR,05,Kab. Berau,,2024,**,194.080,,"PDRB Per Kapita Atas Dasar Harga Berlaku di Provinsi Kalimantan Timur Menurut Kabupaten/Kota (ribu rupiah), 2020–2024","Per Capita GRDP at Current Market Prices by Regency/Municipality, in Kalimantan Timur Province (thousand rupiahss), 2020–2024",23,3,08db906d7dac
KALIMANTAN TIMUR,09,Kab. Penajam Paser Utara,,2024,**,87.144,,"PDRB Per Kapita Atas Dasar Harga Berlaku di Provinsi Kalimantan Timur Menurut Kabupaten/Kota (ribu rupiah), 2020–2024","Per Capita GRDP at Current Market Prices by Regency/Municipality, in Kalimantan Timur Province (thousand rupiahss), 2020–2024",23,3,dfe491e8c23f
KALIMANTAN TIMUR,11,Kab. Mahakam Ulu,,2024,**,110.202,,"PDRB Per Kapita Atas Dasar Harga Berlaku di Provinsi Kalimantan Timur Menurut Kabupaten/Kota (ribu rupiah), 2020–2024","Per Capita GRDP at Current Market Prices by Regency/Municipality, in Kalimantan Timur Province (thousand rupiahss), 2020–2024",23,3,936409335e98
KALIMANTAN TIMUR,71,Kota Balikpapan,,2024,**,214.111,,"PDRB Per Kapita Atas Dasar Harga Berlaku di Provinsi Kalimantan Timur Menurut Kabupaten/Kota (ribu rupiah), 2020–2024","Per Capita GRDP at Current Market Prices by Regency/Municipality, in Kalimantan Timur Province (thousand rupiahss), 2020–2024",23,3,6416f3a7a665
KALIMANTAN TIMUR,72,Kota Samarinda,,2024,**,114.692,,"PDRB Per Kapita Atas Dasar Harga Berlaku di Provinsi Kalimantan Timur Menurut Kabupaten/Kota (ribu rupiah), 2020–2024","Per Capita GRDP at Current Market Prices by Regency/Municipality, in Kalimantan Timur Province (thousand rupiahss), 2020–2024",23,3,cbfc41a6b80a
KALIMANTAN TIMUR,74,Kota Bontang,,2024,**,363.369,,"PDRB Per Kapita Atas Dasar Harga Berlaku di Provinsi Kalimantan Timur Menurut Kabupaten/Kota (ribu rupiah), 2020–2024","Per Capita GRDP at Current Market Prices by Regency/Municipality, in Kalimantan Timur Province (thousand rupiahss), 2020–2024",23,3,c98276ca04cc
KALIMANTAN TIMUR,,Jml Kab./Kota Total of Reg./Mun.,,2024,**,211.980,,"PDRB Per Kapita Atas Dasar Harga Berlaku di Provinsi Kalimantan Timur Menurut Kabupaten/Kota (ribu rupiah), 2020–2024","Per Capita GRDP at Current Market Prices by Regency/Municipality, in Kalimantan Timur Province (thousand rupiahss), 2020–2024",23,3,afcf5025dcc1
KALIMANTAN TIMUR,,Provinsi/Province,,2024,**,212.175,,"PDRB Per Kapita Atas Dasar Harga Berlaku di Provinsi Kalimantan Timur Menurut Kabupaten/Kota (ribu rupiah), 2020–2024","Per Capita GRDP at Current Market Prices by Regency/Municipality, in Kalimantan Timur Province (thousand rupiahss), 2020–2024",23,3,e05e35046f4f
KALIMANTAN UTARA,01,Kab. Malinau,,2024,**,210.433,,"PDRB Per Kapita Atas Dasar Harga Berlaku di Provinsi Kalimantan Utara Menurut Kabupaten/Kota (ribu rupiah), 2020–2024","Per Capita GRDP at Current Market Prices by Regency/Municipality, in Kalimantan Utara Province (thousand rupiahss), 2020–2024",24,4,9591047c88c8
KALIMANTAN UTARA,02,Kab. Bulungan,,2024,**,160.710,,"PDRB Per Kapita Atas Dasar Harga Berlaku di Provinsi Kalimantan Utara Menurut Kabupaten/Kota (ribu rupiah), 2020–2024","Per Capita GRDP at Current Market Prices by Regency/Municipality, in Kalimantan Utara Province (thousand rupiahss), 2020–2024",24,4,985b0509dc45
KALIMANTAN UTARA,03,Kab. Tana Tidung,,2024,**,330.149,,"PDRB Per Kapita Atas Dasar Harga Berlaku di Provinsi Kalimantan Utara Menurut Kabupaten/Kota (ribu rupiah), 2020–2024","Per Capita GRDP at Current Market Prices by Regency/Municipality, in Kalimantan Utara Province (thousand rupiahss), 2020–2024",24,4,f247986d55c7
KALIMANTAN UTARA,04,Kab. Nunukan,,2024,**,192.206,,"PDRB Per Kapita Atas Dasar Harga Berlaku di Provinsi Kalimantan Utara Menurut Kabupaten/Kota (ribu rupiah), 2020–2024","Per Capita GRDP at Current Market Prices by Regency/Municipality, in Kalimantan Utara Province (thousand rupiahss), 2020–2024",24,4,9ad6bd59b069
KALIMANTAN UTARA,71,Kota Tarakan,,2024,**,221.387,,"PDRB Per Kapita Atas Dasar Harga Berlaku di Provinsi Kalimantan Utara Menurut Kabupaten/Kota (ribu rupiah), 2020–2024","Per Capita GRDP at Current Market Prices by Regency/Municipality, in Kalimantan Utara Province (thousand rupiahss), 2020–2024",24,4,e4bfe36739fc
KALIMANTAN UTARA,,Jml Kab./Kota Total of Reg./Mun.,,2024,**,202.783,,"PDRB Per Kapita Atas Dasar Harga Berlaku di Provinsi Kalimantan Utara Menurut Kabupaten/Kota (ribu rupiah), 2020–2024","Per Capita GRDP at Current Market Prices by Regency/Municipality, in Kalimantan Utara Province (thousand rupiahss), 2020–2024",24,4,790b96494767
KALIMANTAN UTARA,,Provinsi/Province,,2024,**,198.429,,"PDRB Per Kapita Atas Dasar Harga Berlaku di Provinsi Kalimantan Utara Menurut Kabupaten/Kota (ribu rupiah), 2020–2024","Per Capita GRDP at Current Market Prices by Regency/Municipality, in Kalimantan Utara Province (thousand rupiahss), 2020–2024",24,4,e492dd207d8f
SULAWESI UTARA,01,Kab. Bolaang Mongondow,,2024,**,44.762,,"PDRB Per Kapita Atas Dasar Harga Berlaku di Provinsi Sulawesi Utara Menurut Kabupaten/Kota (ribu rupiah), 2020–2024","Per Capita GRDP at Current Market Prices by Regency/Municipality, in Sulawesi Utara Province (thousand rupiahss), 2020–2024",25,5,cd4e99686f43
SULAWESI UTARA,02,Kab. Minahasa,,2024,**,68.017,,"PDRB Per Kapita Atas Dasar Harga Berlaku di Provinsi Sulawesi Utara Menurut Kabupaten/Kota (ribu rupiah), 2020–2024","Per Capita GRDP at Current Market Prices by Regency/Municipality, in Sulawesi Utara Province (thousand rupiahss), 2020–2024",25,5,b39d552cadae
SULAWESI UTARA,03,Kab. Kepulauan Sangihe,,2024,**,43.187,,"PDRB Per Kapita Atas Dasar Harga Berlaku di Provinsi Sulawesi Utara Menurut Kabupaten/Kota (ribu rupiah), 2020–2024","Per Capita GRDP at Current Market Prices by Regency/Municipality, in Sulawesi Utara Province (thousand rupiahss), 2020–2024",25,5,94045c836f9a
SULAWESI UTARA,04,Kab. Kepulauan Talaud,,2024,**,31.516,,"PDRB Per Kapita Atas Dasar Harga Berlaku di Provinsi Sulawesi Utara Menurut Kabupaten/Kota (ribu rupiah), 2020–2024","Per Capita GRDP at Current Market Prices by Regency/Municipality, in Sulawesi Utara Province (thousand rupiahss), 2020–2024",25,5,e36aae2e28aa
SULAWESI UTARA,05,Kab. Minahasa Selatan,,2024,**,52.242,,"PDRB Per Kapita Atas Dasar Harga Berlaku di Provinsi Sulawesi Utara Menurut Kabupaten/Kota (ribu rupiah), 2020–2024","Per Capita GRDP at Current Market Prices by Regency/Municipality, in Sulawesi Utara Province (thousand rupiahss), 2020–2024",25,5,4c9697bbc82b
SULAWESI UTARA,06,Kab. Minahasa Utara,,2024,**,87.299,,"PDRB Per Kapita Atas Dasar Harga Berlaku di Provinsi Sulawesi Utara Menurut Kabupaten/Kota (ribu rupiah), 2020–2024","Per Capita GRDP at Current Market Prices by Regency/Municipality, in Sulawesi Utara Province (thousand rupiahss), 2020–2024",25,5,0bd8bc5e37ca
SULAWESI UTARA,07,Kab. Bolaang Mongondow Utara,,2024,**,40.645,,"PDRB Per Kapita Atas Dasar Harga Berlaku di Provinsi Sulawesi Utara Menurut Kabupaten/Kota (ribu rupiah), 2020–2024","Per Capita GRDP at Current Market Prices by Regency/Municipality, in Sulawesi Utara Province (thousand rupiahss), 2020–2024",25,5,666f481cf8e2
SULAWESI UTARA,08,Kab. Siau Tagulandang Biaro,,2024,**,45.866,,"PDRB Per Kapita Atas Dasar Harga Berlaku di Provinsi Sulawesi Utara Menurut Kabupaten/Kota (ribu rupiah), 2020–2024","Per Capita GRDP at Current Market Prices by Regency/Municipality, in Sulawesi Utara Province (thousand rupiahss), 2020–2024",25,5,97001d36141f
SULAWESI UTARA,09,Kab. Minahasa Tenggara,,2024,**,61.067,,"PDRB Per Kapita Atas Dasar Harga Berlaku di Provinsi Sulawesi Utara Menurut Kabupaten/Kota (ribu rupiah), 2020–2024","Per Capita GRDP at Current Market Prices by Regency/Municipality, in Sulawesi Utara Province (thousand rupiahss), 2020–2024",25,5,23878a2e9e86
SULAWESI UTARA,10,Kab. Bolaang Mongondow Selatan,,2024,**,40.801,,"PDRB Per Kapita Atas Dasar Harga Berlaku di Provinsi Sulawesi Utara Menurut Kabupaten/Kota (ribu rupiah), 2020–2024","Per Capita GRDP at Current Market Prices by Regency/Municipality, in Sulawesi Utara Province (thousand rupiahss), 2020–2024",25,5,e7fd8f5d8bbe
SULAWESI UTARA,11,Kab. Bolaang Mongondow Timur,,2024,**,45.221,,"PDRB Per Kapita Atas Dasar Harga Berlaku di Provinsi Sulawesi Utara Menurut Kabupaten/Kota (ribu rupiah), 2020–2024","Per Capita GRDP at Current Market Prices by Regency/Municipality, in Sulawesi Utara Province (thousand rupiahss), 2020–2024",25,5,6219e762a7f2
SULAWESI UTARA,71,Kota Manado,,2024,**,115.143,,"PDRB Per Kapita Atas Dasar Harga Berlaku di Provinsi Sulawesi Utara Menurut Kabupaten/Kota (ribu rupiah), 2020–2024","Per Capita GRDP at Current Market Prices by Regency/Municipality, in Sulawesi Utara Province (thousand rupiahss), 2020–2024",25,5,963340367232
SULAWESI UTARA,72,Kota Bitung,,2024,**,105.343,,"PDRB Per Kapita Atas Dasar Harga Berlaku di Provinsi Sulawesi Utara Menurut Kabupaten/Kota (ribu rupiah), 2020–2024","Per Capita GRDP at Current Market Prices by Regency/Municipality, in Sulawesi Utara Province (thousand rupiahss), 2020–2024",25,5,db4170533def
SULAWESI UTARA,73,Kota Tomohon,,2024,**,56.563,,"PDRB Per Kapita Atas Dasar Harga Berlaku di Provinsi Sulawesi Utara Menurut Kabupaten/Kota (ribu rupiah), 2020–2024","Per Capita GRDP at Current Market Prices by Regency/Municipality, in Sulawesi Utara Province (thousand rupiahss), 2020–2024",25,5,0fa0638444e2
SULAWESI UTARA,74,Kota Kotamobagu,,2024,**,40.400,,"PDRB Per Kapita Atas Dasar Harga Berlaku di Provinsi Sulawesi Utara Menurut Kabupaten/Kota (ribu rupiah), 2020–2024","Per Capita GRDP at Current Market Prices by Regency/Municipality, in Sulawesi Utara Province (thousand rupiahss), 2020–2024",25,5,e43ca91d827a
SULAWESI UTARA,,Jml Kab./Kota Total of Reg./Mun.,,2024,**,69.625,,"PDRB Per Kapita Atas Dasar Harga Berlaku di Provinsi Sulawesi Utara Menurut Kabupaten/Kota (ribu rupiah), 2020–2024","Per Capita GRDP at Current Market Prices by Regency/Municipality, in Sulawesi Utara Province (thousand rupiahss), 2020–2024",25,5,83410f667660
SULAWESI UTARA,,Provinsi/Province,,2024,**,69.352,,"PDRB Per Kapita Atas Dasar Harga Berlaku di Provinsi Sulawesi Utara Menurut Kabupaten/Kota (ribu rupiah), 2020–2024","Per Capita GRDP at Current Market Prices by Regency/Municipality, in Sulawesi Utara Province (thousand rupiahss), 2020–2024",25,5,34fcfa3e65cc
SULAWESI TENGAH,01,Kab. Banggai Kepulauan,,2024,**,43.165,,"PDRB Per Kapita Atas Dasar Harga Berlaku di Provinsi Sulawesi Tengah Menurut Kabupaten/Kota (ribu rupiah), 2020–2024","Per Capita GRDP at Current Market Prices by Regency/Municipality, in Sulawesi Tengah Province (thousand rupiahss), 2020–2024",26,6,63b3ff7c50c0
SULAWESI TENGAH,02,Kab. Banggai,,2024,**,107.883,,"PDRB Per Kapita Atas Dasar Harga Berlaku di Provinsi Sulawesi Tengah Menurut Kabupaten/Kota (ribu rupiah), 2020–2024","Per Capita GRDP at Current Market Prices by Regency/Municipality, in Sulawesi Tengah Province (thousand rupiahss), 2020–2024",26,6,433730979ba8
SULAWESI TENGAH,03,Kab. Morowali,,2024,**,1.003.185,,"PDRB Per Kapita Atas Dasar Harga Berlaku di Provinsi Sulawesi Tengah Menurut Kabupaten/Kota (ribu rupiah), 2020–2024","Per Capita GRDP at Current Market Prices by Regency/Municipality, in Sulawesi Tengah Province (thousand rupiahss), 2020–2024",26,6,74bba85ed432
SULAWESI TENGAH,04,Kab. Poso,,2024,**,50.139,,"PDRB Per Kapita Atas Dasar Harga Berlaku di Provinsi Sulawesi Tengah Menurut Kabupaten/Kota (ribu rupiah), 2020–2024","Per Capita GRDP at Current Market Prices by Regency/Municipality, in Sulawesi Tengah Province (thousand rupiahss), 2020–2024",26,6,69cf10888f8c
SULAWESI TENGAH,05,Kab. Donggala,,2024,**,53.143,,"PDRB Per Kapita Atas Dasar Harga Berlaku di Provinsi Sulawesi Tengah Menurut Kabupaten/Kota (ribu rupiah), 2020–2024","Per Capita GRDP at Current Market Prices by Regency/Municipality, in Sulawesi Tengah Province (thousand rupiahss), 2020–2024",26,6,419206397a99
SULAWESI TENGAH,06,Kab. Toli-Toli,,2024,**,47.349,,"PDRB Per Kapita Atas Dasar Harga Berlaku di Provinsi Sulawesi Tengah Menurut Kabupaten/Kota (ribu rupiah), 2020–2024","Per Capita GRDP at Current Market Prices by Regency/Municipality, in Sulawesi Tengah Province (thousand rupiahss), 2020–2024",26,6,306c9723c1be
SULAWESI TENGAH,07,Kab. Buol,,2024,**,51.137,,"PDRB Per Kapita Atas Dasar Harga Berlaku di Provinsi Sulawesi Tengah Menurut Kabupaten/Kota (ribu rupiah), 2020–2024","Per Capita GRDP at Current Market Prices by Regency/Municipality, in Sulawesi Tengah Province (thousand rupiahss), 2020–2024",26,6,bd14fdb409ba
SULAWESI TENGAH,08,Kab. Parigi Moutong,,2024,**,51.059,,"PDRB Per Kapita Atas Dasar Harga Berlaku di Provinsi Sulawesi Tengah Menurut Kabupaten/Kota (ribu rupiah), 2020–2024","Per Capita GRDP at Current Market Prices by Regency/Municipality, in Sulawesi Tengah Province (thousand rupiahss), 2020–2024",26,6,c55064098293
SULAWESI TENGAH,09,Kab. Tojo Una-Una,,2024,**,43.054,,"PDRB Per Kapita Atas Dasar Harga Berlaku di Provinsi Sulawesi Tengah Menurut Kabupaten/Kota (ribu rupiah), 2020–2024","Per Capita GRDP at Current Market Prices by Regency/Municipality, in Sulawesi Tengah Province (thousand rupiahss), 2020–2024",26,6,abd6bba2f046
SULAWESI TENGAH,10,Kab. Sigi,,2024,**,46.534,,"PDRB Per Kapita Atas Dasar Harga Berlaku di Provinsi Sulawesi Tengah Menurut Kabupaten/Kota (ribu rupiah), 2020–2024","Per Capita GRDP at Current Market Prices by Regency/Municipality, in Sulawesi Tengah Province (thousand rupiahss), 2020–2024",26,6,8064ea1dd73b
SULAWESI TENGAH,11,Kab. Banggai Laut,,2024,**,43.549,,"PDRB Per Kapita Atas Dasar Harga Berlaku di Provinsi Sulawesi Tengah Menurut Kabupaten/Kota (ribu rupiah), 2020–2024","Per Capita GRDP at Current Market Prices by Regency/Municipality, in Sulawesi Tengah Province (thousand rupiahss), 2020–2024",26,6,cdd9d4e8f265
SULAWESI TENGAH,12,Kab. Morowali Utara,,2024,**,236.449,,"PDRB Per Kapita Atas Dasar Harga Berlaku di Provinsi Sulawesi Tengah Menurut Kabupaten/Kota (ribu rupiah), 2020–2024","Per Capita GRDP at Current Market Prices by Regency/Municipality, in Sulawesi Tengah Province (thousand rupiahss), 2020–2024",26,6,8a43bd566269
SULAWESI TENGAH,71,Kota Palu,,2024,**,83.868,,"PDRB Per Kapita Atas Dasar Harga Berlaku di Provinsi Sulawesi Tengah Menurut Kabupaten/Kota (ribu rupiah), 2020–2024","Per Capita GRDP at Current Market Prices by Regency/Municipality, in Sulawesi Tengah Province (thousand rupiahss), 2020–2024",26,6,014ceca7c49b
SULAWESI TENGAH,,Jml Kab./Kota Total of Reg./Mun.,,2024,**,121.047,,"PDRB Per Kapita Atas Dasar Harga Berlaku di Provinsi Sulawesi Tengah Menurut Kabupaten/Kota (ribu rupiah), 2020–2024","Per Capita GRDP at Current Market Prices by Regency/Municipality, in Sulawesi Tengah Province (thousand rupiahss), 2020–2024",26,6,48e9c8b68561
SULAWESI TENGAH,,Provinsi/Province,,2024,**,120.750,,"PDRB Per Kapita Atas Dasar Harga Berlaku di Provinsi Sulawesi Tengah Menurut Kabupaten/Kota (ribu rupiah), 2020–2024","Per Capita GRDP at Current Market Prices by Regency/Municipality, in Sulawesi Tengah Province (thousand rupiahss), 2020–2024",26,6,c8a604bfc85f
SULAWESI SELATAN,01,Kab. Kepulauan Selayar,,2024,**,58.447,,"PDRB Per Kapita Atas Dasar Harga Berlaku di Provinsi Sulawesi Selatan Menurut Kabupaten/Kota (ribu rupiah), 2020–2024","Per Capita GRDP at Current Market Prices by Regency/Municipality, in Sulawesi Selatan Province (thousand rupiahss), 2020–2024",27,7,0eaf96e322dc
SULAWESI SELATAN,02,Kab. Bulukumba,,2024,**,44.477,,"PDRB Per Kapita Atas Dasar Harga Berlaku di Provinsi Sulawesi Selatan Menurut Kabupaten/Kota (ribu rupiah), 2020–2024","Per Capita GRDP at Current Market Prices by Regency/Municipality, in Sulawesi Selatan Province (thousand rupiahss), 2020–2024",27,7,0c6cf9b207bc
SULAWESI SELATAN,03,Kab. Bantaeng,,2024,**,65.483,,"PDRB Per Kapita Atas Dasar Harga Berlaku di Provinsi Sulawesi Selatan Menurut Kabupaten/Kota (ribu rupiah), 2020–2024","Per Capita GRDP at Current Market Prices by Regency/Municipality, in Sulawesi Selatan Province (thousand rupiahss), 2020–2024",27,7,f87b8abad3ac
SULAWESI SELATAN,04,Kab. Jeneponto,,2024,**,31.165,,"PDRB Per Kapita Atas Dasar Harga Berlaku di Provinsi Sulawesi Selatan Menurut Kabupaten/Kota (ribu rupiah), 2020–2024","Per Capita GRDP at Current Market Prices by Regency/Municipality, in Sulawesi Selatan Province (thousand rupiahss), 2020–2024",27,7,5e2e8585d6f2
SULAWESI SELATAN,05,Kab. Takalar,,2024,**,42.358,,"PDRB Per Kapita Atas Dasar Harga Berlaku di Provinsi Sulawesi Selatan Menurut Kabupaten/Kota (ribu rupiah), 2020–2024","Per Capita GRDP at Current Market Prices by Regency/Municipality, in Sulawesi Selatan Province (thousand rupiahss), 2020–2024",27,7,c0655c0e19c2
SULAWESI SELATAN,06,Kab. Gowa,,2024,**,37.773,,"PDRB Per Kapita Atas Dasar Harga Berlaku di Provinsi Sulawesi Selatan Menurut Kabupaten/Kota (ribu rupiah), 2020–2024","Per Capita GRDP at Current Market Prices by Regency/Municipality, in Sulawesi Selatan Province (thousand rupiahss), 2020–2024",27,7,e081289b3e50
SULAWESI SELATAN,07,Kab. Sinjai,,2024,**,59.071,,"PDRB Per Kapita Atas Dasar Harga Berlaku di Provinsi Sulawesi Selatan Menurut Kabupaten/Kota (ribu rupiah), 2020–2024","Per Capita GRDP at Current Market Prices by Regency/Municipality, in Sulawesi Selatan Province (thousand rupiahss), 2020–2024",27,7,14cd60c89444
SULAWESI SELATAN,08,Kab. Maros,,2024,**,69.208,,"PDRB Per Kapita Atas Dasar Harga Berlaku di Provinsi Sulawesi Selatan Menurut Kabupaten/Kota (ribu rupiah), 2020–2024","Per Capita GRDP at Current Market Prices by Regency/Municipality, in Sulawesi Selatan Province (thousand rupiahss), 2020–2024",27,7,ec4d3f0a6975
SULAWESI SELATAN,09,Kab. Pangkajene dan Kepulauan,,2024,**,96.355,,"PDRB Per Kapita Atas Dasar Harga Berlaku di Provinsi Sulawesi Selatan Menurut Kabupaten/Kota (ribu rupiah), 2020–2024","Per Capita GRDP at Current Market Prices by Regency/Municipality, in Sulawesi Selatan Province (thousand rupiahss), 2020–2024",27,7,47e9d04dcfc3
SULAWESI SELATAN,10,Kab. Barru,,2024,**,52.275,,"PDRB Per Kapita Atas Dasar Harga Berlaku di Provinsi Sulawesi Selatan Menurut Kabupaten/Kota (ribu rupiah), 2020–2024","Per Capita GRDP at Current Market Prices by Regency/Municipality, in Sulawesi Selatan Province (thousand rupiahss), 2020–2024",27,7,aa3cf7a48888
SULAWESI SELATAN,11,Kab. Bone,,2024,**,60.251,,"PDRB Per Kapita Atas Dasar Harga Berlaku di Provinsi Sulawesi Selatan Menurut Kabupaten/Kota (ribu rupiah), 2020–2024","Per Capita GRDP at Current Market Prices by Regency/Municipality, in Sulawesi Selatan Province (thousand rupiahss), 2020–2024",27,7,f0bdfcc5b9c8
SULAWESI SELATAN,12,Kab. Soppeng,,2024,**,67.261,,"PDRB Per Kapita Atas Dasar Harga Berlaku di Provinsi Sulawesi Selatan Menurut Kabupaten/Kota (ribu rupiah), 2020–2024","Per Capita GRDP at Current Market Prices by Regency/Municipality, in Sulawesi Selatan Province (thousand rupiahss), 2020–2024",27,7,219a607578ae
SULAWESI SELATAN,13,Kab. Wajo,,2024,**,66.711,,"PDRB Per Kapita Atas Dasar Harga Berlaku di Provinsi Sulawesi Selatan Menurut Kabupaten/Kota (ribu rupiah), 2020–2024","Per Capita GRDP at Current Market Prices by Regency/Municipality, in Sulawesi Selatan Province (thousand rupiahss), 2020–2024",27,7,e67b1129ff4f
SULAWESI SELATAN,14,Kab. Sidenreng Rappang,,2024,**,59.305,,"PDRB Per Kapita Atas Dasar Harga Berlaku di Provinsi Sulawesi Selatan Menurut Kabupaten/Kota (ribu rupiah), 2020–2024","Per Capita GRDP at Current Market Prices by Regency/Municipality, in Sulawesi Selatan Province (thousand rupiahss), 2020–2024",27,7,3fc769fc2fe1
SULAWESI SELATAN,15,Kab. Pinrang,,2024,**,62.766,,"PDRB Per Kapita Atas Dasar Harga Berlaku di Provinsi Sulawesi Selatan Menurut Kabupaten/Kota (ribu rupiah), 2020–2024","Per Capita GRDP at Current Market Prices by Regency/Municipality, in Sulawesi Selatan Province (thousand rupiahss), 2020–2024",27,7,0123a9f032fa
SULAWESI SELATAN,16,Kab. Enrekang,,2024,**,43.962,,"PDRB Per Kapita Atas Dasar Harga Berlaku di Provinsi Sulawesi Selatan Menurut Kabupaten/Kota (ribu rupiah), 2020–2024","Per Capita GRDP at Current Market Prices by Regency/Municipality, in Sulawesi Selatan Province (thousand rupiahss), 2020–2024",27,7,b18131aa7a38
SULAWESI SELATAN,17,Kab. Luwu,,2024,**,59.728,,"PDRB Per Kapita Atas Dasar Harga Berlaku di Provinsi Sulawesi Selatan Menurut Kabupaten/Kota (ribu rupiah), 2020–2024","Per Capita GRDP at Current Market Prices by Regency/Municipality, in Sulawesi Selatan Province (thousand rupiahss), 2020–2024",27,7,b3803e5e06d7
SULAWESI SELATAN,18,Kab. Tana Toraja,,2024,**,34.739,,"PDRB Per Kapita Atas Dasar Harga Berlaku di Provinsi Sulawesi Selatan Menurut Kabupaten/Kota (ribu rupiah), 2020–2024","Per Capita GRDP at Current Market Prices by Regency/Municipality, in Sulawesi Selatan Province (thousand rupiahss), 2020–2024",27,7,fc8e562b9e4c
SULAWESI SELATAN,22,Kab. Luwu Utara,,2024,**,58.310,,"PDRB Per Kapita Atas Dasar Harga Berlaku di Provinsi Sulawesi Selatan Menurut Kabupaten/Kota (ribu rupiah), 2020–2024","Per Capita GRDP at Current Market Prices by Regency/Municipality, in Sulawesi Selatan Province (thousand rupiahss), 2020–2024",27,7,0490da11f2d7
SULAWESI SELATAN,25,Kab. Luwu Timur,,2024,**,97.182,,"PDRB Per Kapita Atas Dasar Harga Berlaku di Provinsi Sulawesi Selatan Menurut Kabupaten/Kota (ribu rupiah), 2020–2024","Per Capita GRDP at Current Market Prices by Regency/Municipality, in Sulawesi Selatan Province (thousand rupiahss), 2020–2024",27,7,e3e33f66f35b
SULAWESI SELATAN,26,Kab. Toraja Utara,,2024,**,47.726,,"PDRB Per Kapita Atas Dasar Harga Berlaku di Provinsi Sulawesi Selatan Menurut Kabupaten/Kota (ribu rupiah), 2020–2024","Per Capita GRDP at Current Market Prices by Regency/Municipality, in Sulawesi Selatan Province (thousand rupiahss), 2020–2024",27,7,7e35d10389c9
SULAWESI SELATAN,71,Kota Makassar,,2024,**,165.954,,"PDRB Per Kapita Atas Dasar Harga Berlaku di Provinsi Sulawesi Selatan Menurut Kabupaten/Kota (ribu rupiah), 2020–2024","Per Capita GRDP at Current Market Prices by Regency/Municipality, in Sulawesi Selatan Province (thousand rupiahss), 2020–2024",27,7,70896f3650e5
SULAWESI SELATAN,72,Kota Parepare,,2024,**,61.970,,"PDRB Per Kapita Atas Dasar Harga Berlaku di Provinsi Sulawesi Selatan Menurut Kabupaten/Kota (ribu rupiah), 2020–2024","Per Capita GRDP at Current Market Prices by Regency/Municipality, in Sulawesi Selatan Province (thousand rupiahss), 2020–2024",27,7,7a2770117ff7
SULAWESI SELATAN,73,Kota Palopo,,2024,**,56.647,,"PDRB Per Kapita Atas Dasar Harga Berlaku di Provinsi Sulawesi Selatan Menurut Kabupaten/Kota (ribu rupiah), 2020–2024","Per Capita GRDP at Current Market Prices by Regency/Municipality, in Sulawesi Selatan Province (thousand rupiahss), 2020–2024",27,7,51a8f9ea69ce
SULAWESI SELATAN,,Jml Kab./Kota Total of Reg./Mun.,,2024,**,73.728,,"PDRB Per Kapita Atas Dasar Harga Berlaku di Provinsi Sulawesi Selatan Menurut Kabupaten/Kota (ribu rupiah), 2020–2024","Per Capita GRDP at Current Market Prices by Regency/Municipality, in Sulawesi Selatan Province (thousand rupiahss), 2020–2024",27,7,b50a1c261fda
SULAWESI SELATAN,,Provinsi/Province,,2024,**,73.573,,"PDRB Per Kapita Atas Dasar Harga Berlaku di Provinsi Sulawesi Selatan Menurut Kabupaten/Kota (ribu rupiah), 2020–2024","Per Capita GRDP at Current Market Prices by Regency/Municipality, in Sulawesi Selatan Province (thousand rupiahss), 2020–2024",27,7,61c0c38d68b3
SULAWESI TENGGARA,01,Kab. Buton,,2024,**,43.410,,"PDRB Per Kapita Atas Dasar Harga Berlaku di Provinsi Sulawesi Tenggara Menurut Kabupaten/Kota (ribu rupiah), 2020–2024","Per Capita GRDP at Current Market Prices by Regency/Municipality, in Sulawesi Tenggara Province (thousand rupiahss), 2020–2024",28,8,69f0624fce4a
SULAWESI TENGGARA,02,Kab. Muna,,2024,**,41.623,,"PDRB Per Kapita Atas Dasar Harga Berlaku di Provinsi Sulawesi Tenggara Menurut Kabupaten/Kota (ribu rupiah), 2020–2024","Per Capita GRDP at Current Market Prices by Regency/Municipality, in Sulawesi Tenggara Province (thousand rupiahss), 2020–2024",28,8,65039fdb7476
SULAWESI TENGGARA,03,Kab. Konawe,,2024,**,75.702,,"PDRB Per Kapita Atas Dasar Harga Berlaku di Provinsi Sulawesi Tenggara Menurut Kabupaten/Kota (ribu rupiah), 2020–2024","Per Capita GRDP at Current Market Prices by Regency/Municipality, in Sulawesi Tenggara Province (thousand rupiahss), 2020–2024",28,8,b3abb417e288
SULAWESI TENGGARA,04,Kab. Kolaka,,2024,**,153.413,,"PDRB Per Kapita Atas Dasar Harga Berlaku di Provinsi Sulawesi Tenggara Menurut Kabupaten/Kota (ribu rupiah), 2020–2024","Per Capita GRDP at Current Market Prices by Regency/Municipality, in Sulawesi Tenggara Province (thousand rupiahss), 2020–2024",28,8,2e2baa5560a8
SULAWESI TENGGARA,05,Kab. Konawe Selatan,,2024,**,53.949,,"PDRB Per Kapita Atas Dasar Harga Berlaku di Provinsi Sulawesi Tenggara Menurut Kabupaten/Kota (ribu rupiah), 2020–2024","Per Capita GRDP at Current Market Prices by Regency/Municipality, in Sulawesi Tenggara Province (thousand rupiahss), 2020–2024",28,8,4b8b4cf7124f
SULAWESI TENGGARA,06,Kab. Bombana,,2024,**,56.988,,"PDRB Per Kapita Atas Dasar Harga Berlaku di Provinsi Sulawesi Tenggara Menurut Kabupaten/Kota (ribu rupiah), 2020–2024","Per Capita GRDP at Current Market Prices by Regency/Municipality, in Sulawesi Tenggara Province (thousand rupiahss), 2020–2024",28,8,2f09c2180675
SULAWESI TENGGARA,07,Kab. Wakatobi,,2024,**,51.916,,"PDRB Per Kapita Atas Dasar Harga Berlaku di Provinsi Sulawesi Tenggara Menurut Kabupaten/Kota (ribu rupiah), 2020–2024","Per Capita GRDP at Current Market Prices by Regency/Municipality, in Sulawesi Tenggara Province (thousand rupiahss), 2020–2024",28,8,4969dc5f949a
SULAWESI TENGGARA,08,Kab. Kolaka Utara,,2024,**,82.701,,"PDRB Per Kapita Atas Dasar Harga Berlaku di Provinsi Sulawesi Tenggara Menurut Kabupaten/Kota (ribu rupiah), 2020–2024","Per Capita GRDP at Current Market Prices by Regency/Municipality, in Sulawesi Tenggara Province (thousand rupiahss), 2020–2024",28,8,70b4917f451e
SULAWESI TENGGARA,09,Kab. Buton Utara,,2024,**,61.238,,"PDRB Per Kapita Atas Dasar Harga Berlaku di Provinsi Sulawesi Tenggara Menurut Kabupaten/Kota (ribu rupiah), 2020–2024","Per Capita GRDP at Current Market Prices by Regency/Municipality, in Sulawesi Tenggara Province (thousand rupiahss), 2020–2024",28,8,f3436ade5f75
SULAWESI TENGGARA,10,Kab. Konawe Utara,,2024,**,77.302,,"PDRB Per Kapita Atas Dasar Harga Berlaku di Provinsi Sulawesi Tenggara Menurut Kabupaten/Kota (ribu rupiah), 2020–2024","Per Capita GRDP at Current Market Prices by Regency/Municipality, in Sulawesi Tenggara Province (thousand rupiahss), 2020–2024",28,8,c7801bebc6a1
SULAWESI TENGGARA,11,Kab. Kolaka Timur,,2024,**,48.117,,"PDRB Per Kapita Atas Dasar Harga Berlaku di Provinsi Sulawesi Tenggara Menurut Kabupaten/Kota (ribu rupiah), 2020–2024","Per Capita GRDP at Current Market Prices by Regency/Municipality, in Sulawesi Tenggara Province (thousand rupiahss), 2020–2024",28,8,5cfed5b6ae98
SULAWESI TENGGARA,12,Kab. Konawe Kepulauan,,2024,**,49.696,,"PDRB Per Kapita Atas Dasar Harga Berlaku di Provinsi Sulawesi Tenggara Menurut Kabupaten/Kota (ribu rupiah), 2020–2024","Per Capita GRDP at Current Market Prices by Regency/Municipality, in Sulawesi Tenggara Province (thousand rupiahss), 2020–2024",28,8,2c6502d6c8ef
SULAWESI TENGGARA,13,Kab. Muna Barat,,2024,**,38.933,,"PDRB Per Kapita Atas Dasar Harga Berlaku di Provinsi Sulawesi Tenggara Menurut Kabupaten/Kota (ribu rupiah), 2020–2024","Per Capita GRDP at Current Market Prices by Regency/Municipality, in Sulawesi Tenggara Province (thousand rupiahss), 2020–2024",28,8,27f124f66c6e
SULAWESI TENGGARA,14,Kab. Buton Tengah,,2024,**,26.136,,"PDRB Per Kapita Atas Dasar Harga Berlaku di Provinsi Sulawesi Tenggara Menurut Kabupaten/Kota (ribu rupiah), 2020–2024","Per Capita GRDP at Current Market Prices by Regency/Municipality, in Sulawesi Tenggara Province (thousand rupiahss), 2020–2024",28,8,cca7ca606136
SULAWESI TENGGARA,15,Kab. Buton Selatan,,2024,**,37.815,,"PDRB Per Kapita Atas Dasar Harga Berlaku di Provinsi Sulawesi Tenggara Menurut Kabupaten/Kota (ribu rupiah), 2020–2024","Per Capita GRDP at Current Market Prices by Regency/Municipality, in Sulawesi Tenggara Province (thousand rupiahss), 2020–2024",28,8,12f73dd18f84
SULAWESI TENGGARA,71,Kota Kendari,,2024,**,80.970,,"PDRB Per Kapita Atas Dasar Harga Berlaku di Provinsi Sulawesi Tenggara Menurut Kabupaten/Kota (ribu rupiah), 2020–2024","Per Capita GRDP at Current Market Prices by Regency/Municipality, in Sulawesi Tenggara Province (thousand rupiahss), 2020–2024",28,8,34e35c94425f
SULAWESI TENGGARA,72,Kota Baubau,,2024,**,72.416,,"PDRB Per Kapita Atas Dasar Harga Berlaku di Provinsi Sulawesi Tenggara Menurut Kabupaten/Kota (ribu rupiah), 2020–2024","Per Capita GRDP at Current Market Prices by Regency/Municipality, in Sulawesi Tenggara Province (thousand rupiahss), 2020–2024",28,8,0461fb1c3a0a
SULAWESI TENGGARA,,Jml Kab./Kota Total of Reg./Mun.,,2024,**,67.985,,"PDRB Per Kapita Atas Dasar Harga Berlaku di Provinsi Sulawesi Tenggara Menurut Kabupaten/Kota (ribu rupiah), 2020–2024","Per Capita GRDP at Current Market Prices by Regency/Municipality, in Sulawesi Tenggara Province (thousand rupiahss), 2020–2024",28,8,90fb0f2e1442
SULAWESI TENGGARA,,Provinsi/Province,,2024,**,67.840,,"PDRB Per Kapita Atas Dasar Harga Berlaku di Provinsi Sulawesi Tenggara Menurut Kabupaten/Kota (ribu rupiah), 2020–2024","Per Capita GRDP at Current Market Prices by Regency/Municipality, in Sulawesi Tenggara Province (thousand rupiahss), 2020–2024",28,8,46439e964e20
GORONTALO,01,Kab. Boalemo,,2024,**,45.564,,"PDRB Per Kapita Atas Dasar Harga Berlaku di Provinsi Gorontalo Menurut Kabupaten/Kota (ribu rupiah), 2020–2024","Per Capita GRDP at Current Market Prices by Regency/Municipality, in Gorontalo Province (thousand rupiahss), 2020–2024",29,9,898844da8184
GORONTALO,02,Kab. Gorontalo,,2024,**,41.746,,"PDRB Per Kapita Atas Dasar Harga Berlaku di Provinsi Gorontalo Menurut Kabupaten/Kota (ribu rupiah), 2020–2024","Per Capita GRDP at Current Market Prices by Regency/Municipality, in Gorontalo Province (thousand rupiahss), 2020–2024",29,9,919ae76e7eb6
GORONTALO,03,Kab. Pohuwato,,2024,**,55.794,,"PDRB Per Kapita Atas Dasar Harga Berlaku di Provinsi Gorontalo Menurut Kabupaten/Kota (ribu rupiah), 2020–2024","Per Capita GRDP at Current Market Prices by Regency/Municipality, in Gorontalo Province (thousand rupiahss), 2020–2024",29,9,b48b2529d31f
GORONTALO,04,Kab. Bone Bolango,,2024,**,35.448,,"PDRB Per Kapita Atas Dasar Harga Berlaku di Provinsi Gorontalo Menurut Kabupaten/Kota (ribu rupiah), 2020–2024","Per Capita GRDP at Current Market Prices by Regency/Municipality, in Gorontalo Province (thousand rupiahss), 2020–2024",29,9,394b73d090ef
GORONTALO,05,Kab. Gorontalo Utara,,2024,**,33.244,,"PDRB Per Kapita Atas Dasar Harga Berlaku di Provinsi Gorontalo Menurut Kabupaten/Kota (ribu rupiah), 2020–2024","Per Capita GRDP at Current Market Prices by Regency/Municipality, in Gorontalo Province (thousand rupiahss), 2020–2024",29,9,ec052dd748e8
GORONTALO,71,Kota Gorontalo,,2024,**,54.073,,"PDRB Per Kapita Atas Dasar Harga Berlaku di Provinsi Gorontalo Menurut Kabupaten/Kota (ribu rupiah), 2020–2024","Per Capita GRDP at Current Market Prices by Regency/Municipality, in Gorontalo Province (thousand rupiahss), 2020–2024",29,9,0db367d87502
GORONTALO,,Jml Kab./Kota Total of Reg./Mun.,,2024,**,44.274,,"PDRB Per Kapita Atas Dasar Harga Berlaku di Provinsi Gorontalo Menurut Kabupaten/Kota (ribu rupiah), 2020–2024","Per Capita GRDP at Current Market Prices by Regency/Municipality, in Gorontalo Province (thousand rupiahss), 2020–2024",29,9,8a8bbefdd67a
GORONTALO,,Provinsi/Province,,2024,**,44.433,,"PDRB Per Kapita Atas Dasar Harga Berlaku di Provinsi Gorontalo Menurut Kabupaten/Kota (ribu rupiah), 2020–2024","Per Capita GRDP at Current Market Prices by Regency/Municipality, in Gorontalo Province (thousand rupiahss), 2020–2024",29,9,e3382acb235d
SULAWESI BARAT,01,Kab. Majene,,2024,**,35.329,,"PDRB Per Kapita Atas Dasar Harga Berlaku di Provinsi Sulawesi Barat Menurut Kabupaten/Kota (ribu rupiah), 2020–2024","Per Capita GRDP at Current Market Prices by Regency/Municipality, in Sulawesi Barat Province (thousand rupiahss), 2020–2024",30,10,6fd18d7bfd19
SULAWESI BARAT,02,Kab. Polewali Mandar,,2024,**,35.448,,"PDRB Per Kapita Atas Dasar Harga Berlaku di Provinsi Sulawesi Barat Menurut Kabupaten/Kota (ribu rupiah), 2020–2024","Per Capita GRDP at Current Market Prices by Regency/Municipality, in Sulawesi Barat Province (thousand rupiahss), 2020–2024",30,10,67f5bc037eaa
SULAWESI BARAT,03,Kab. Mamasa,,2024,**,21.812,,"PDRB Per Kapita Atas Dasar Harga Berlaku di Provinsi Sulawesi Barat Menurut Kabupaten/Kota (ribu rupiah), 2020–2024","Per Capita GRDP at Current Market Prices by Regency/Municipality, in Sulawesi Barat Province (thousand rupiahss), 2020–2024",30,10,e87c2fee0e75
SULAWESI BARAT,04,Kab. Mamuju,,2024,**,53.928,,"PDRB Per Kapita Atas Dasar Harga Berlaku di Provinsi Sulawesi Barat Menurut Kabupaten/Kota (ribu rupiah), 2020–2024","Per Capita GRDP at Current Market Prices by Regency/Municipality, in Sulawesi Barat Province (thousand rupiahss), 2020–2024",30,10,0c14b8b3f50a
SULAWESI BARAT,05,Kab. Pasang Kayu,,2024,**,76.796,,"PDRB Per Kapita Atas Dasar Harga Berlaku di Provinsi Sulawesi Barat Menurut Kabupaten/Kota (ribu rupiah), 2020–2024","Per Capita GRDP at Current Market Prices by Regency/Municipality, in Sulawesi Barat Province (thousand rupiahss), 2020–2024",30,10,872ae78992e8
SULAWESI BARAT,06,Kab. Mamuju Tengah,,2024,**,31.387,,"PDRB Per Kapita Atas Dasar Harga Berlaku di Provinsi Sulawesi Barat Menurut Kabupaten/Kota (ribu rupiah), 2020–2024","Per Capita GRDP at Current Market Prices by Regency/Municipality, in Sulawesi Barat Province (thousand rupiahss), 2020–2024",30,10,207f963a242f
SULAWESI BARAT,,Jml Kab./Kota Total of Reg./Mun.,,2024,**,47.269,,"PDRB Per Kapita Atas Dasar Harga Berlaku di Provinsi Sulawesi Barat Menurut Kabupaten/Kota (ribu rupiah), 2020–2024","Per Capita GRDP at Current Market Prices by Regency/Municipality, in Sulawesi Barat Province (thousand rupiahss), 2020–2024",30,10,a3bee5e14362
SULAWESI BARAT,,Provinsi/Province,,2024,**,42.718,,"PDRB Per Kapita Atas Dasar Harga Berlaku di Provinsi Sulawesi Barat Menurut Kabupaten/Kota (ribu rupiah), 2020–2024","Per Capita GRDP at Current Market Prices by Regency/Municipality, in Sulawesi Barat Province (thousand rupiahss), 2020–2024",30,10,f23510e687f3
MALUKU,01,Kab. Kepulauan Tanimbar,,2020,,21.989,,"PDRB Per Kapita Atas Dasar Harga Berlaku di Provinsi Maluku Menurut Kabupaten/Kota (ribu rupiah), 2020–2024","Per Capita GRDP at Current Market Prices by Regency/Municipality, in Maluku Province (thousand rupiahss), 2020–2024",31,1,e2d4730dc4ce
MALUKU,02,Kab. Maluku Tenggara,,2020,,26.927,,"PDRB Per Kapita Atas Dasar Harga Berlaku di Provinsi Maluku Menurut Kabupaten/Kota (ribu rupiah), 2020–2024","Per Capita GRDP at Current Market Prices by Regency/Municipality, in Maluku Province (thousand rupiahss), 2020–2024",31,1,70831ecfc3ef
MALUKU,03,Kab. Maluku Tengah,,2020,,20.642,,"PDRB Per Kapita Atas Dasar Harga Berlaku di Provinsi Maluku Menurut Kabupaten/Kota (ribu rupiah), 2020–2024","Per Capita GRDP at Current Market Prices by Regency/Municipality, in Maluku Province (thousand rupiahss), 2020–2024",31,1,85a9dce1c577
MALUKU,04,Kab. Buru,,2020,,17.988,,"PDRB Per Kapita Atas Dasar Harga Berlaku di Provinsi Maluku Menurut Kabupaten/Kota (ribu rupiah), 2020–2024","Per Capita GRDP at Current Market Prices by Regency/Municipality, in Maluku Province (thousand rupiahss), 2020–2024",31,1,1753e067df8b
MALUKU,05,Kab. Kepulauan Aru,,2020,,34.361,,"PDRB Per Kapita Atas Dasar Harga Berlaku di Provinsi Maluku Menurut Kabupaten/Kota (ribu rupiah), 2020–2024","Per Capita GRDP at Current Market Prices by Regency/Municipality, in Maluku Province (thousand rupiahss), 2020–2024",31,1,8b3083b06b76
MALUKU,06,Kab. Seram Bagian Barat,,2020,,14.324,,"PDRB Per Kapita Atas Dasar Harga Berlaku di Provinsi Maluku Menurut Kabupaten/Kota (ribu rupiah), 2020–2024","Per Capita GRDP at Current Market Prices by Regency/Municipality, in Maluku Province (thousand rupiahss), 2020–2024",31,1,aa0c65b8ee33
MALUKU,07,Kab. Seram Bagian Timur,,2020,,21.250,,"PDRB Per Kapita Atas Dasar Harga Berlaku di Provinsi Maluku Menurut Kabupaten/Kota (ribu rupiah), 2020–2024","Per Capita GRDP at Current Market Prices by Regency/Municipality, in Maluku Province (thousand rupiahss), 2020–2024",31,1,44c7841ad1a4
MALUKU,08,Kab. Maluku Barat Daya,,2020,,20.419,,"PDRB Per Kapita Atas Dasar Harga Berlaku di Provinsi Maluku Menurut Kabupaten/Kota (ribu rupiah), 2020–2024","Per Capita GRDP at Current Market Prices by Regency/Municipality, in Maluku Province (thousand rupiahss), 2020–2024",31,1,61dbf24f9a9c
MALUKU,09,Kab. Buru Selatan,,2020,,18.931,,"PDRB Per Kapita Atas Dasar Harga Berlaku di Provinsi Maluku Menurut Kabupaten/Kota (ribu rupiah), 2020–2024","Per Capita GRDP at Current Market Prices by Regency/Municipality, in Maluku Province (thousand rupiahss), 2020–2024",31,1,86eb2125b82e
MALUKU,71,Kota Ambon,,2020,,42.377,,"PDRB Per Kapita Atas Dasar Harga Berlaku di Provinsi Maluku Menurut Kabupaten/Kota (ribu rupiah), 2020–2024","Per Capita GRDP at Current Market Prices by Regency/Municipality, in Maluku Province (thousand rupiahss), 2020–2024",31,1,ed9d0f4cb61c
MALUKU,72,Kota Tual,,2020,,28.458,,"PDRB Per Kapita Atas Dasar Harga Berlaku di Provinsi Maluku Menurut Kabupaten/Kota (ribu rupiah), 2020–2024","Per Capita GRDP at Current Market Prices by Regency/Municipality, in Maluku Province (thousand rupiahss), 2020–2024",31,1,a70baa819a30
MALUKU,,Jml Kab./Kota Total of Reg./Mun.,,2020,,25.413,,"PDRB Per Kapita Atas Dasar Harga Berlaku di Provinsi Maluku Menurut Kabupaten/Kota (ribu rupiah), 2020–2024","Per Capita GRDP at Current Market Prices by Regency/Municipality, in Maluku Province (thousand rupiahss), 2020–2024",31,1,982c4cca4a54
MALUKU,,Provinsi/Province,,2020,,25.094,,"PDRB Per Kapita Atas Dasar Harga Berlaku di Provinsi Maluku Menurut Kabupaten/Kota (ribu rupiah), 2020–2024","Per Capita GRDP at Current Market Prices by Regency/Municipality, in Maluku Province (thousand rupiahss), 2020–2024",31,1,29950a83b19f
MALUKU UTARA,01,Kab. Halmahera Barat,,2020,,17.279,,"PDRB Per Kapita Atas Dasar Harga Berlaku di Provinsi Maluku Utara Menurut Kabupaten/Kota (ribu rupiah), 2020–2024","Per Capita GRDP at Current Market Prices by Regency/Municipality, in Maluku Utara Province (thousand rupiahss), 2020–2024",32,2,9ea941f5b879
MALUKU UTARA,02,Kab. Halmahera Tengah,,2020,,58.226,,"PDRB Per Kapita Atas Dasar Harga Berlaku di Provinsi Maluku Utara Menurut Kabupaten/Kota (ribu rupiah), 2020–2024","Per Capita GRDP at Current Market Prices by Regency/Municipality, in Maluku Utara Province (thousand rupiahss), 2020–2024",32,2,6ddf97f8ac9c
MALUKU UTARA,03,Kab. Kepulauan Sula,,2020,,24.156,,"PDRB Per Kapita Atas Dasar Harga Berlaku di Provinsi Maluku Utara Menurut Kabupaten/Kota (ribu rupiah), 2020–2024","Per Capita GRDP at Current Market Prices by Regency/Municipality, in Maluku Utara Province (thousand rupiahss), 2020–2024",32,2,b5d9e6811752
MALUKU UTARA,04,Kab. Halmahera Selatan,,2020,,35.197,,"PDRB Per Kapita Atas Dasar Harga Berlaku di Provinsi Maluku Utara Menurut Kabupaten/Kota (ribu rupiah), 2020–2024","Per Capita GRDP at Current Market Prices by Regency/Municipality, in Maluku Utara Province (thousand rupiahss), 2020–2024",32,2,836c7c297f4b
MALUKU UTARA,05,Kab. Halmahera Utara,,2020,,28.864,,"PDRB Per Kapita Atas Dasar Harga Berlaku di Provinsi Maluku Utara Menurut Kabupaten/Kota (ribu rupiah), 2020–2024","Per Capita GRDP at Current Market Prices by Regency/Municipality, in Maluku Utara Province (thousand rupiahss), 2020–2024",32,2,d5a396805661
MALUKU UTARA,06,Kab. Halmahera Timur,,2020,,38.744,,"PDRB Per Kapita Atas Dasar Harga Berlaku di Provinsi Maluku Utara Menurut Kabupaten/Kota (ribu rupiah), 2020–2024","Per Capita GRDP at Current Market Prices by Regency/Municipality, in Maluku Utara Province (thousand rupiahss), 2020–2024",32,2,033fdde8bf42
MALUKU UTARA,07,Kab. Pulau Morotai,,2020,,21.260,,"PDRB Per Kapita Atas Dasar Harga Berlaku di Provinsi Maluku Utara Menurut Kabupaten/Kota (ribu rupiah), 2020–2024","Per Capita GRDP at Current Market Prices by Regency/Municipality, in Maluku Utara Province (thousand rupiahss), 2020–2024",32,2,89befc568f79
MALUKU UTARA,08,Kab. Pulau Taliabu,,2020,,25.592,,"PDRB Per Kapita Atas Dasar Harga Berlaku di Provinsi Maluku Utara Menurut Kabupaten/Kota (ribu rupiah), 2020–2024","Per Capita GRDP at Current Market Prices by Regency/Municipality, in Maluku Utara Province (thousand rupiahss), 2020–2024",32,2,e8fef59bb527
MALUKU UTARA,71,Kota Ternate,,2020,,51.129,,"PDRB Per Kapita Atas Dasar Harga Berlaku di Provinsi Maluku Utara Menurut Kabupaten/Kota (ribu rupiah), 2020–2024","Per Capita GRDP at Current Market Prices by Regency/Municipality, in Maluku Utara Province (thousand rupiahss), 2020–2024",32,2,c0fb057b975e
MALUKU UTARA,72,Kota Tidore Kepulauan,,2020,,25.771,,"PDRB Per Kapita Atas Dasar Harga Berlaku di Provinsi Maluku Utara Menurut Kabupaten/Kota (ribu rupiah), 2020–2024","Per Capita GRDP at Current Market Prices by Regency/Municipality, in Maluku Utara Province (thousand rupiahss), 2020–2024",32,2,82b5bca0505f
MALUKU UTARA,,Jml Kab./Kota Total of Reg./Mun.,,2020,,33.223,,"PDRB Per Kapita Atas Dasar Harga Berlaku di Provinsi Maluku Utara Menurut Kabupaten/Kota (ribu rupiah), 2020–2024","Per Capita GRDP at Current Market Prices by Regency/Municipality, in Maluku Utara Province (thousand rupiahss), 2020–2024",32,2,b51ade48064a
MALUKU UTARA,,Provinsi/Province,,2020,,33.069,,"PDRB Per Kapita Atas Dasar Harga Berlaku di Provinsi Maluku Utara Menurut Kabupaten/Kota (ribu rupiah), 2020–2024","Per Capita GRDP at Current Market Prices by Regency/Municipality, in Maluku Utara Province (thousand rupiahss), 2020–2024",32,2,d8dca6b3371d
PAPUA BARAT,01,Kab. Fak-Fak,,2020,,60.954,,"PDRB Per Kapita Atas Dasar Harga Berlaku di Provinsi Papua Barat Menurut Kabupaten/Kota (ribu rupiah), 2020–2024","Per Capita GRDP at Current Market Prices by Regency/Municipality, in Papua Barat Province (thousand rupiahss), 2020–2024",33,3,00ff14accf2b
PAPUA BARAT,02,Kab. Kaimana,,2020,,43.355,,"PDRB Per Kapita Atas Dasar Harga Berlaku di Provinsi Papua Barat Menurut Kabupaten/Kota (ribu rupiah), 2020–2024","Per Capita GRDP at Current Market Prices by Regency/Municipality, in Papua Barat Province (thousand rupiahss), 2020–2024",33,3,3b36c7887ba7
PAPUA BARAT,03,Kab. Teluk Wondama,,2020,,37.093,,"PDRB Per Kapita Atas Dasar Harga Berlaku di Provinsi Papua Barat Menurut Kabupaten/Kota (ribu rupiah), 2020–2024","Per Capita GRDP at Current Market Prices by Regency/Municipality, in Papua Barat Province (thousand rupiahss), 2020–2024",33,3,a65dff2398c3
PAPUA BARAT,04,Kab. Teluk Bintuni,,2020,,357.980,,"PDRB Per Kapita Atas Dasar Harga Berlaku di Provinsi Papua Barat Menurut Kabupaten/Kota (ribu rupiah), 2020–2024","Per Capita GRDP at Current Market Prices by Regency/Municipality, in Papua Barat Province (thousand rupiahss), 2020–2024",33,3,d4b2fe51266b
PAPUA BARAT,05,Kab. Manokwari,,2020,,48.416,,"PDRB Per Kapita Atas Dasar Harga Berlaku di Provinsi Papua Barat Menurut Kabupaten/Kota (ribu rupiah), 2020–2024","Per Capita GRDP at Current Market Prices by Regency/Municipality, in Papua Barat Province (thousand rupiahss), 2020–2024",33,3,c46419aae49f
PAPUA BARAT,06,Kab. Sorong Selatan,,2020,,35.464,,"PDRB Per Kapita Atas Dasar Harga Berlaku di Provinsi Papua Barat Menurut Kabupaten/Kota (ribu rupiah), 2020–2024","Per Capita GRDP at Current Market Prices by Regency/Municipality, in Papua Barat Province (thousand rupiahss), 2020–2024",33,3,3d66551183ff
PAPUA BARAT,07,Kab. Sorong,,2020,,91.453,,"PDRB Per Kapita Atas Dasar Harga Berlaku di Provinsi Papua Barat Menurut Kabupaten/Kota (ribu rupiah), 2020–2024","Per Capita GRDP at Current Market Prices by Regency/Municipality, in Papua Barat Province (thousand rupiahss), 2020–2024",33,3,97c9f344a21f
PAPUA BARAT,08,Kab. Raja Ampat,,2020,,46.643,,"PDRB Per Kapita Atas Dasar Harga Berlaku di Provinsi Papua Barat Menurut Kabupaten/Kota (ribu rupiah), 2020–2024","Per Capita GRDP at Current Market Prices by Regency/Municipality, in Papua Barat Province (thousand rupiahss), 2020–2024",33,3,2429ad782e1c
PAPUA BARAT,09,Kab. Tambrauw,,2020,,8.720,,"PDRB Per Kapita Atas Dasar Harga Berlaku di Provinsi Papua Barat Menurut Kabupaten/Kota (ribu rupiah), 2020–2024","Per Capita GRDP at Current Market Prices by Regency/Municipality, in Papua Barat Province (thousand rupiahss), 2020–2024",33,3,33cfaf2a1838
PAPUA BARAT,10,Kab. Maybrat,,2020,,17.011,,"PDRB Per Kapita Atas Dasar Harga Berlaku di Provinsi Papua Barat Menurut Kabupaten/Kota (ribu rupiah), 2020–2024","Per Capita GRDP at Current Market Prices by Regency/Municipality, in Papua Barat Province (thousand rupiahss), 2020–2024",33,3,23ef5cdf8aa4
PAPUA BARAT,11,Kab. Manokwari Selatan,,2020,,23.345,,"PDRB Per Kapita Atas Dasar Harga Berlaku di Provinsi Papua Barat Menurut Kabupaten/Kota (ribu rupiah), 2020–2024","Per Capita GRDP at Current Market Prices by Regency/Municipality, in Papua Barat Province (thousand rupiahss), 2020–2024",33,3,0e0c75460725
PAPUA BARAT,12,Kab. Pegunungan Arfak,,2020,,5.956,,"PDRB Per Kapita Atas Dasar Harga Berlaku di Provinsi Papua Barat Menurut Kabupaten/Kota (ribu rupiah), 2020–2024","Per Capita GRDP at Current Market Prices by Regency/Municipality, in Papua Barat Province (thousand rupiahss), 2020–2024",33,3,209edf8ca57e
PAPUA BARAT,71,Kota Sorong,,2020,,55.129,,"PDRB Per Kapita Atas Dasar Harga Berlaku di Provinsi Papua Barat Menurut Kabupaten/Kota (ribu rupiah), 2020–2024","Per Capita GRDP at Current Market Prices by Regency/Municipality, in Papua Barat Province (thousand rupiahss), 2020–2024",33,3,2eb4359fcf85
PAPUA BARAT,,Jml Kab./Kota Total of Reg./Mun.,,2020,,73.480,,"PDRB Per Kapita Atas Dasar Harga Berlaku di Provinsi Papua Barat Menurut Kabupaten/Kota (ribu rupiah), 2020–2024","Per Capita GRDP at Current Market Prices by Regency/Municipality, in Papua Barat Province (thousand rupiahss), 2020–2024",33,3,f3116837a2bc
PAPUA BARAT,,Provinsi/Province,,2020,,73.933,,"PDRB Per Kapita Atas Dasar Harga Berlaku di Provinsi Papua Barat Menurut Kabupaten/Kota (ribu rupiah), 2020–2024","Per Capita GRDP at Current Market Prices by Regency/Municipality, in Papua Barat Province (thousand rupiahss), 2020–2024",33,3,124ff3758d89
PAPUA BARAT DAYA,01,Kab. Raja Ampat,,2020,,--,,"PDRB Per Kapita Atas Dasar Harga Berlaku di Provinsi Papua Barat Daya Menurut Kabupaten/Kota (ribu rupiah), 2020–2024","Per Capita GRDP at Current Market Prices by Regency/Municipality, in Papua Barat Daya Province (thousand rupiahss), 2020–2024",34,4,f775c6f54300
PAPUA BARAT DAYA,02,Kab. Sorong,,2020,,--,,"PDRB Per Kapita Atas Dasar Harga Berlaku di Provinsi Papua Barat Daya Menurut Kabupaten/Kota (ribu rupiah), 2020–2024","Per Capita GRDP at Current Market Prices by Regency/Municipality, in Papua Barat Daya Province (thousand rupiahss), 2020–2024",34,4,992c62863d30
PAPUA BARAT DAYA,03,Kab. Sorong Selatan,,2020,,--,,"PDRB Per Kapita Atas Dasar Harga Berlaku di Provinsi Papua Barat Daya Menurut Kabupaten/Kota (ribu rupiah), 2020–2024","Per Capita GRDP at Current Market Prices by Regency/Municipality, in Papua Barat Daya Province (thousand rupiahss), 2020–2024",34,4,0f7cb1a30eef
PAPUA BARAT DAYA,04,Kab. Maybrat,,2020,,--,,"PDRB Per Kapita Atas Dasar Harga Berlaku di Provinsi Papua Barat Daya Menurut Kabupaten/Kota (ribu rupiah), 2020–2024","Per Capita GRDP at Current Market Prices by Regency/Municipality, in Papua Barat Daya Province (thousand rupiahss), 2020–2024",34,4,22344c4af575
PAPUA BARAT DAYA,05,Kab. Tambrauw,,2020,,--,,"PDRB Per Kapita Atas Dasar Harga Berlaku di Provinsi Papua Barat Daya Menurut Kabupaten/Kota (ribu rupiah), 2020–2024","Per Capita GRDP at Current Market Prices by Regency/Municipality, in Papua Barat Daya Province (thousand rupiahss), 2020–2024",34,4,480956ed00a1
PAPUA BARAT DAYA,71,Kota Sorong,,2020,,--,,"PDRB Per Kapita Atas Dasar Harga Berlaku di Provinsi Papua Barat Daya Menurut Kabupaten/Kota (ribu rupiah), 2020–2024","Per Capita GRDP at Current Market Prices by Regency/Municipality, in Papua Barat Daya Province (thousand rupiahss), 2020–2024",34,4,f10b7cbba5c3
PAPUA BARAT DAYA,,Jml Kab./Kota Total of Reg./Mun.,,2020,,--,,"PDRB Per Kapita Atas Dasar Harga Berlaku di Provinsi Papua Barat Daya Menurut Kabupaten/Kota (ribu rupiah), 2020–2024","Per Capita GRDP at Current Market Prices by Regency/Municipality, in Papua Barat Daya Province (thousand rupiahss), 2020–2024",34,4,84e8b75cd0f3
PAPUA BARAT DAYA,,Provinsi/Province,,2020,,--,,"PDRB Per Kapita Atas Dasar Harga Berlaku di Provinsi Papua Barat Daya Menurut Kabupaten/Kota (ribu rupiah), 2020–2024","Per Capita GRDP at Current Market Prices by Regency/Municipality, in Papua Barat Daya Province (thousand rupiahss), 2020–2024",34,4,8cad392a3a20
PAPUA,01,Kab. Merauke,,2020,,69.389,,"PDRB Per Kapita Atas Dasar Harga Berlaku di Provinsi Papua Menurut Kabupaten/Kota (ribu rupiah), 2020–2024","Per Capita GRDP at Current Market Prices by Regency/Municipality, in Papua Province (thousand rupiahss), 2020–2024",35,5,1b08da079c88
PAPUA,02,Kab. Jayawijaya,,2020,,30.734,,"PDRB Per Kapita Atas Dasar Harga Berlaku di Provinsi Papua Menurut Kabupaten/Kota (ribu rupiah), 2020–2024","Per Capita GRDP at Current Market Prices by Regency/Municipality, in Papua Province (thousand rupiahss), 2020–2024",35,5,d35ee99dc8db
PAPUA,03,Kab. Jayapura,,2020,,96.474,,"PDRB Per Kapita Atas Dasar Harga Berlaku di Provinsi Papua Menurut Kabupaten/Kota (ribu rupiah), 2020–2024","Per Capita GRDP at Current Market Prices by Regency/Municipality, in Papua Province (thousand rupiahss), 2020–2024",35,5,49e75ca75230
PAPUA,04,Kab. Nabire,,2020,,66.247,,"PDRB Per Kapita Atas Dasar Harga Berlaku di Provinsi Papua Menurut Kabupaten/Kota (ribu rupiah), 2020–2024","Per Capita GRDP at Current Market Prices by Regency/Municipality, in Papua Province (thousand rupiahss), 2020–2024",35,5,203a2817801c
PAPUA,08,Kab. Kepulauan Yapen,,2020,,36.960,,"PDRB Per Kapita Atas Dasar Harga Berlaku di Provinsi Papua Menurut Kabupaten/Kota (ribu rupiah), 2020–2024","Per Capita GRDP at Current Market Prices by Regency/Municipality, in Papua Province (thousand rupiahss), 2020–2024",35,5,5558f8ec31cd
PAPUA,09,Kab. Biak Numfor,,2020,,38.803,,"PDRB Per Kapita Atas Dasar Harga Berlaku di Provinsi Papua Menurut Kabupaten/Kota (ribu rupiah), 2020–2024","Per Capita GRDP at Current Market Prices by Regency/Municipality, in Papua Province (thousand rupiahss), 2020–2024",35,5,678facbc711d
PAPUA,10,Kab. Paniai,,2020,,19.502,,"PDRB Per Kapita Atas Dasar Harga Berlaku di Provinsi Papua Menurut Kabupaten/Kota (ribu rupiah), 2020–2024","Per Capita GRDP at Current Market Prices by Regency/Municipality, in Papua Province (thousand rupiahss), 2020–2024",35,5,740b2393f20d
PAPUA,11,Kab. Puncak Jaya,,2020,,6.200,,"PDRB Per Kapita Atas Dasar Harga Berlaku di Provinsi Papua Menurut Kabupaten/Kota (ribu rupiah), 2020–2024","Per Capita GRDP at Current Market Prices by Regency/Municipality, in Papua Province (thousand rupiahss), 2020–2024",35,5,b3ec314eaec3
PAPUA,12,Kab. Mimika,,2020,,204.961,,"PDRB Per Kapita Atas Dasar Harga Berlaku di Provinsi Papua Menurut Kabupaten/Kota (ribu rupiah), 2020–2024","Per Capita GRDP at Current Market Prices by Regency/Municipality, in Papua Province (thousand rupiahss), 2020–2024",35,5,2d760e155465
PAPUA,13,Kab. Boven Digoel,,2020,,75.065,,"PDRB Per Kapita Atas Dasar Harga Berlaku di Provinsi Papua Menurut Kabupaten/Kota (ribu rupiah), 2020–2024","Per Capita GRDP at Current Market Prices by Regency/Municipality, in Papua Province (thousand rupiahss), 2020–2024",35,5,3ffe88a4865b
PAPUA,14,Kab. Mappi,,2020,,27.704,,"PDRB Per Kapita Atas Dasar Harga Berlaku di Provinsi Papua Menurut Kabupaten/Kota (ribu rupiah), 2020–2024","Per Capita GRDP at Current Market Prices by Regency/Municipality, in Papua Province (thousand rupiahss), 2020–2024",35,5,6c6393693ae3
PAPUA,15,Kab. Asmat,,2020,,23.415,,"PDRB Per Kapita Atas Dasar Harga Berlaku di Provinsi Papua Menurut Kabupaten/Kota (ribu rupiah), 2020–2024","Per Capita GRDP at Current Market Prices by Regency/Municipality, in Papua Province (thousand rupiahss), 2020–2024",35,5,754303770014
PAPUA,16,Kab. Yahukimo,,2020,,7.162,,"PDRB Per Kapita Atas Dasar Harga Berlaku di Provinsi Papua Menurut Kabupaten/Kota (ribu rupiah), 2020–2024","Per Capita GRDP at Current Market Prices by Regency/Municipality, in Papua Province (thousand rupiahss), 2020–2024",35,5,2912de00b9f0
PAPUA,17,Kab. Pegunungan Bintang,,2020,,25.284,,"PDRB Per Kapita Atas Dasar Harga Berlaku di Provinsi Papua Menurut Kabupaten/Kota (ribu rupiah), 2020–2024","Per Capita GRDP at Current Market Prices by Regency/Municipality, in Papua Province (thousand rupiahss), 2020–2024",35,5,34cf2655807f
PAPUA,18,Kab. Tolikara,,2020,,7.082,,"PDRB Per Kapita Atas Dasar Harga Berlaku di Provinsi Papua Menurut Kabupaten/Kota (ribu rupiah), 2020–2024","Per Capita GRDP at Current Market Prices by Regency/Municipality, in Papua Province (thousand rupiahss), 2020–2024",35,5,8fa4a58ca21c
PAPUA,19,Kab. Sarmi,,2020,,70.862,,"PDRB Per Kapita Atas Dasar Harga Berlaku di Provinsi Papua Menurut Kabupaten/Kota (ribu rupiah), 2020–2024","Per Capita GRDP at Current Market Prices by Regency/Municipality, in Papua Province (thousand rupiahss), 2020–2024",35,5,447b283addc7
PAPUA,20,Kab. Keerom,,2020,,47.548,,"PDRB Per Kapita Atas Dasar Harga Berlaku di Provinsi Papua Menurut Kabupaten/Kota (ribu rupiah), 2020–2024","Per Capita GRDP at Current Market Prices by Regency/Municipality, in Papua Province (thousand rupiahss), 2020–2024",35,5,35a3c84a32ed
PAPUA,26,Kab. Waropen,,2020,,60.453,,"PDRB Per Kapita Atas Dasar Harga Berlaku di Provinsi Papua Menurut Kabupaten/Kota (ribu rupiah), 2020–2024","Per Capita GRDP at Current Market Prices by Regency/Municipality, in Papua Province (thousand rupiahss), 2020–2024",35,5,c5cfb914a9dd
PAPUA,27,Kab. Supiori,,2020,,46.379,,"PDRB Per Kapita Atas Dasar Harga Berlaku di Provinsi Papua Menurut Kabupaten/Kota (ribu rupiah), 2020–2024","Per Capita GRDP at Current Market Prices by Regency/Municipality, in Papua Province (thousand rupiahss), 2020–2024",35,5,efae18c8250a
PAPUA,28,Kab. Mamberamo Raya,,2020,,47.377,,"PDRB Per Kapita Atas Dasar Harga Berlaku di Provinsi Papua Menurut Kabupaten/Kota (ribu rupiah), 2020–2024","Per Capita GRDP at Current Market Prices by Regency/Municipality, in Papua Province (thousand rupiahss), 2020–2024",35,5,b20409816a85
PAPUA,29,Kab. Nduga,,2020,,11.959,,"PDRB Per Kapita Atas Dasar Harga Berlaku di Provinsi Papua Menurut Kabupaten/Kota (ribu rupiah), 2020–2024","Per Capita GRDP at Current Market Prices by Regency/Municipality, in Papua Province (thousand rupiahss), 2020–2024",35,5,5e3cfd0d1e9f
PAPUA,30,Kab. Lanny Jaya,,2020,,9.854,,"PDRB Per Kapita Atas Dasar Harga Berlaku di Provinsi Papua Menurut Kabupaten/Kota (ribu rupiah), 2020–2024","Per Capita GRDP at Current Market Prices by Regency/Municipality, in Papua Province (thousand rupiahss), 2020–2024",35,5,3b513e3927d1
PAPUA,31,Kab. Mamberamo Tengah,,2020,,23.990,,"PDRB Per Kapita Atas Dasar Harga Berlaku di Provinsi Papua Menurut Kabupaten/Kota (ribu rupiah), 2020–2024","Per Capita GRDP at Current Market Prices by Regency/Municipality, in Papua Province (thousand rupiahss), 2020–2024",35,5,0aa5ba1ca941
PAPUA,32,Kab. Yalimo,,2020,,12.633,,"PDRB Per Kapita Atas Dasar Harga Berlaku di Provinsi Papua Menurut Kabupaten/Kota (ribu rupiah), 2020–2024","Per Capita GRDP at Current Market Prices by Regency/Municipality, in Papua Province (thousand rupiahss), 2020–2024",35,5,f647f713fbd8
PAPUA,33,Kab. Puncak,,2020,,12.545,,"PDRB Per Kapita Atas Dasar Harga Berlaku di Provinsi Papua Menurut Kabupaten/Kota (ribu rupiah), 2020–2024","Per Capita GRDP at Current Market Prices by Regency/Municipality, in Papua Province (thousand rupiahss), 2020–2024",35,5,ae11bf80e221
PAPUA,34,Kab. Dogiyai,,2020,,11.707,,"PDRB Per Kapita Atas Dasar Harga Berlaku di Provinsi Papua Menurut Kabupaten/Kota (ribu rupiah), 2020–2024","Per Capita GRDP at Current Market Prices by Regency/Municipality, in Papua Province (thousand rupiahss), 2020–2024",35,5,5cd99c6a0521
PAPUA,35,Kab.intan Jaya,,2020,,9.460,,"PDRB Per Kapita Atas Dasar Harga Berlaku di Provinsi Papua Menurut Kabupaten/Kota (ribu rupiah), 2020–2024","Per Capita GRDP at Current Market Prices by Regency/Municipality, in Papua Province (thousand rupiahss), 2020–2024",35,5,5096874479df
PAPUA,36,Kab. Deiyai,,2020,,14.540,,"PDRB Per Kapita Atas Dasar Harga Berlaku di Provinsi Papua Menurut Kabupaten/Kota (ribu rupiah), 2020–2024","Per Capita GRDP at Current Market Prices by Regency/Municipality, in Papua Province (thousand rupiahss), 2020–2024",35,5,d19769eee9c5
PAPUA,71,Kota Jayapura,,2020,,80.638,,"PDRB Per Kapita Atas Dasar Harga Berlaku di Provinsi Papua Menurut Kabupaten/Kota (ribu rupiah), 2020–2024","Per Capita GRDP at Current Market Prices by Regency/Municipality, in Papua Province (thousand rupiahss), 2020–2024",35,5,c3bddf92eb01
PAPUA,,Jml Kab./Kota Total of Reg./Mun.,,2020,,46.749,,"PDRB Per Kapita Atas Dasar Harga Berlaku di Provinsi Papua Menurut Kabupaten/Kota (ribu rupiah), 2020–2024","Per Capita GRDP at Current Market Prices by Regency/Municipality, in Papua Province (thousand rupiahss), 2020–2024",35,5,cde3e780e441
PAPUA,,Provinsi/Province,,2020,,46.416,,"PDRB Per Kapita Atas Dasar Harga Berlaku di Provinsi Papua Menurut Kabupaten/Kota (ribu rupiah), 2020–2024","Per Capita GRDP at Current Market Prices by Regency/Municipality, in Papua Province (thousand rupiahss), 2020–2024",35,5,ed9f5b44fde6
PAPUA SELATAN,01,Kab. Merauke,,2020,,--,,"PDRB Per Kapita Atas Dasar Harga Berlaku di Provinsi Papua Selatan Menurut Kabupaten/Kota (ribu rupiah), 2020–2024","Per Capita GRDP at Current Market Prices by Regency/Municipality, in Papua Selatan Province (thousand rupiahss), 2020–2024",36,6,ea0ced1def16
PAPUA SELATAN,02,Kab. Boven Digoel,,2020,,--,,"PDRB Per Kapita Atas Dasar Harga Berlaku di Provinsi Papua Selatan Menurut Kabupaten/Kota (ribu rupiah), 2020–2024","Per Capita GRDP at Current Market Prices by Regency/Municipality, in Papua Selatan Province (thousand rupiahss), 2020–2024",36,6,402cbcef7113
PAPUA SELATAN,03,Kab. Mappi,,2020,,--,,"PDRB Per Kapita Atas Dasar Harga Berlaku di Provinsi Papua Selatan Menurut Kabupaten/Kota (ribu rupiah), 2020–2024","Per Capita GRDP at Current Market Prices by Regency/Municipality, in Papua Selatan Province (thousand rupiahss), 2020–2024",36,6,0758aa145a38
PAPUA SELATAN,04,Kab. Asmat,,2020,,--,,"PDRB Per Kapita Atas Dasar Harga Berlaku di Provinsi Papua Selatan Menurut Kabupaten/Kota (ribu rupiah), 2020–2024","Per Capita GRDP at Current Market Prices by Regency/Municipality, in Papua Selatan Province (thousand rupiahss), 2020–2024",36,6,26223873731b
PAPUA SELATAN,,Jml Kab./Kota Total of Reg./Mun.,,2020,,--,,"PDRB Per Kapita Atas Dasar Harga Berlaku di Provinsi Papua Selatan Menurut Kabupaten/Kota (ribu rupiah), 2020–2024","Per Capita GRDP at Current Market Prices by Regency/Municipality, in Papua Selatan Province (thousand rupiahss), 2020–2024",36,6,060e74748bdb
PAPUA SELATAN,,Provinsi/Province,,2020,,--,,"PDRB Per Kapita Atas Dasar Harga Berlaku di Provinsi Papua Selatan Menurut Kabupaten/Kota (ribu rupiah), 2020–2024","Per Capita GRDP at Current Market Prices by Regency/Municipality, in Papua Selatan Province (thousand rupiahss), 2020–2024",36,6,5b484168e5d3
PAPUA TENGAH,01,Kab. Mimika,,2020,,--,,"PDRB Per Kapita Atas Dasar Harga Berlaku di Provinsi Papua Tengah Menurut Kabupaten/Kota (ribu rupiah), 2020–2024","Per Capita GRDP at Current Market Prices by Regency/Municipality, in Papua Tengah Province (thousand rupiahss), 2020–2024",37,7,e7436bac586e
PAPUA TENGAH,02,Kab. Dogiyai,,2020,,--,,"PDRB Per Kapita Atas Dasar Harga Berlaku di Provinsi Papua Tengah Menurut Kabupaten/Kota (ribu rupiah), 2020–2024","Per Capita GRDP at Current Market Prices by Regency/Municipality, in Papua Tengah Province (thousand rupiahss), 2020–2024",37,7,4a4c5472e61f
PAPUA TENGAH,03,Kab. Deiyai,,2020,,--,,"PDRB Per Kapita Atas Dasar Harga Berlaku di Provinsi Papua Tengah Menurut Kabupaten/Kota (ribu rupiah), 2020–2024","Per Capita GRDP at Current Market Prices by Regency/Municipality, in Papua Tengah Province (thousand rupiahss), 2020–2024",37,7,18a04c985faf
PAPUA TENGAH,04,Kab. Nabire,,2020,,--,,"PDRB Per Kapita Atas Dasar Harga Berlaku di Provinsi Papua Tengah Menurut Kabupaten/Kota (ribu rupiah), 2020–2024","Per Capita GRDP at Current Market Prices by Regency/Municipality, in Papua Tengah Province (thousand rupiahss), 2020–2024",37,7,c47f4273f6d5
PAPUA TENGAH,05,Kab. Paniai,,2020,,--,,"PDRB Per Kapita Atas Dasar Harga Berlaku di Provinsi Papua Tengah Menurut Kabupaten/Kota (ribu rupiah), 2020–2024","Per Capita GRDP at Current Market Prices by Regency/Municipality, in Papua Tengah Province (thousand rupiahss), 2020–2024",37,7,257ee18c0cf6
PAPUA TENGAH,06,Kab. Intan Jaya,,2020,,--,,"PDRB Per Kapita Atas Dasar Harga Berlaku di Provinsi Papua Tengah Menurut Kabupaten/Kota (ribu rupiah), 2020–2024","Per Capita GRDP at Current Market Prices by Regency/Municipality, in Papua Tengah Province (thousand rupiahss), 2020–2024",37,7,94d7bfbae57c
PAPUA TENGAH,07,Kab. Puncak,,2020,,--,,"PDRB Per Kapita Atas Dasar Harga Berlaku di Provinsi Papua Tengah Menurut Kabupaten/Kota (ribu rupiah), 2020–2024","Per Capita GRDP at Current Market Prices by Regency/Municipality, in Papua Tengah Province (thousand rupiahss), 2020–2024",37,7,e9eaf7f72c65
PAPUA TENGAH,08,Kab. Puncak Jaya,,2020,,--,,"PDRB Per Kapita Atas Dasar Harga Berlaku di Provinsi Papua Tengah Menurut Kabupaten/Kota (ribu rupiah), 2020–2024","Per Capita GRDP at Current Market Prices by Regency/Municipality, in Papua Tengah Province (thousand rupiahss), 2020–2024",37,7,2c99322bbf29
PAPUA TENGAH,,Jml Kab./Kota Total of Reg./Mun.,,2020,,--,,"PDRB Per Kapita Atas Dasar Harga Berlaku di Provinsi Papua Tengah Menurut Kabupaten/Kota (ribu rupiah), 2020–2024","Per Capita GRDP at Current Market Prices by Regency/Municipality, in Papua Tengah Province (thousand rupiahss), 2020–2024",37,7,883620e3bb88
PAPUA TENGAH,,Provinsi/Province,,2020,,--,,"PDRB Per Kapita Atas Dasar Harga Berlaku di Provinsi Papua Tengah Menurut Kabupaten/Kota (ribu rupiah), 2020–2024","Per Capita GRDP at Current Market Prices by Regency/Municipality, in Papua Tengah Province (thousand rupiahss), 2020–2024",37,7,89a9f92aa426
PAPUA PEGUNUNGAN,01,Kab. Nduga,,2020,,--,,"PDRB Per Kapita Atas Dasar Harga Berlaku di Provinsi Papua Pegunungan Menurut Kabupaten/Kota (ribu rupiah), 2020–2024","Per Capita GRDP at Current Market Prices by Regency/Municipality, in Papua Pegunungan Province (thousand rupiahss), 2020–2024",38,8,eaa6daf39c20
PAPUA PEGUNUNGAN,02,Kab. Jayawijaya,,2020,,--,,"PDRB Per Kapita Atas Dasar Harga Berlaku di Provinsi Papua Pegunungan Menurut Kabupaten/Kota (ribu rupiah), 2020–2024","Per Capita GRDP at Current Market Prices by Regency/Municipality, in Papua Pegunungan Province (thousand rupiahss), 2020–2024",38,8,26ef6c770248
PAPUA PEGUNUNGAN,03,Kab. Lanny Jaya,,2020,,--,,"PDRB Per Kapita Atas Dasar Harga Berlaku di Provinsi Papua Pegunungan Menurut Kabupaten/Kota (ribu rupiah), 2020–2024","Per Capita GRDP at Current Market Prices by Regency/Municipality, in Papua Pegunungan Province (thousand rupiahss), 2020–2024",38,8,b156536b4dfa
PAPUA PEGUNUNGAN,04,Kab. Tolikara,,2020,,--,,"PDRB Per Kapita Atas Dasar Harga Berlaku di Provinsi Papua Pegunungan Menurut Kabupaten/Kota (ribu rupiah), 2020–2024","Per Capita GRDP at Current Market Prices by Regency/Municipality, in Papua Pegunungan Province (thousand rupiahss), 2020–2024",38,8,f3d18a95fdec
PAPUA PEGUNUNGAN,05,Kab. Mamberamo Tengah,,2020,,--,,"PDRB Per Kapita Atas Dasar Harga Berlaku di Provinsi Papua Pegunungan Menurut Kabupaten/Kota (ribu rupiah), 2020–2024","Per Capita GRDP at Current Market Prices by Regency/Municipality, in Papua Pegunungan Province (thousand rupiahss), 2020–2024",38,8,3d5a5ec9137e
PAPUA PEGUNUNGAN,06,Kab. Yalimo,,2020,,--,,"PDRB Per Kapita Atas Dasar Harga Berlaku di Provinsi Papua Pegunungan Menurut Kabupaten/Kota (ribu rupiah), 2020–2024","Per Capita GRDP at Current Market Prices by Regency/Municipality, in Papua Pegunungan Province (thousand rupiahss), 2020–2024",38,8,56ffa86276f0
PAPUA PEGUNUNGAN,07,Kab. Yahukimo,,2020,,--,,"PDRB Per Kapita Atas Dasar Harga Berlaku di Provinsi Papua Pegunungan Menurut Kabupaten/Kota (ribu rupiah), 2020–2024","Per Capita GRDP at Current Market Prices by Regency/Municipality, in Papua Pegunungan Province (thousand rupiahss), 2020–2024",38,8,7e5c8b06daa9
PAPUA PEGUNUNGAN,08,Kab. Pegunungan Bintang,,2020,,--,,"PDRB Per Kapita Atas Dasar Harga Berlaku di Provinsi Papua Pegunungan Menurut Kabupaten/Kota (ribu rupiah), 2020–2024","Per Capita GRDP at Current Market Prices by Regency/Municipality, in Papua Pegunungan Province (thousand rupiahss), 2020–2024",38,8,e882c3ec64ca
PAPUA PEGUNUNGAN,,Jml Kab./Kota Total of Reg./Mun.,,2020,,--,,"PDRB Per Kapita Atas Dasar Harga Berlaku di Provinsi Papua Pegunungan Menurut Kabupaten/Kota (ribu rupiah), 2020–2024","Per Capita GRDP at Current Market Prices by Regency/Municipality, in Papua Pegunungan Province (thousand rupiahss), 2020–2024",38,8,66c729602bda
PAPUA PEGUNUNGAN,,Provinsi/Province,,2020,,--,,"PDRB Per Kapita Atas Dasar Harga Berlaku di Provinsi Papua Pegunungan Menurut Kabupaten/Kota (ribu rupiah), 2020–2024","Per Capita GRDP at Current Market Prices by Regency/Municipality, in Papua Pegunungan Province (thousand rupiahss), 2020–2024",38,8,4d0064e012c5
MALUKU,01,Kab. Kepulauan Tanimbar,,2021,,22.951,,"PDRB Per Kapita Atas Dasar Harga Berlaku di Provinsi Maluku Menurut Kabupaten/Kota (ribu rupiah), 2020–2024","Per Capita GRDP at Current Market Prices by Regency/Municipality, in Maluku Province (thousand rupiahss), 2020–2024",31,1,49efe6bdac43
MALUKU,02,Kab. Maluku Tenggara,,2021,,28.022,,"PDRB Per Kapita Atas Dasar Harga Berlaku di Provinsi Maluku Menurut Kabupaten/Kota (ribu rupiah), 2020–2024","Per Capita GRDP at Current Market Prices by Regency/Municipality, in Maluku Province (thousand rupiahss), 2020–2024",31,1,31c23e8ee283
MALUKU,03,Kab. Maluku Tengah,,2021,,21.350,,"PDRB Per Kapita Atas Dasar Harga Berlaku di Provinsi Maluku Menurut Kabupaten/Kota (ribu rupiah), 2020–2024","Per Capita GRDP at Current Market Prices by Regency/Municipality, in Maluku Province (thousand rupiahss), 2020–2024",31,1,fd75fa79df73
MALUKU,04,Kab. Buru,,2021,,18.474,,"PDRB Per Kapita Atas Dasar Harga Berlaku di Provinsi Maluku Menurut Kabupaten/Kota (ribu rupiah), 2020–2024","Per Capita GRDP at Current Market Prices by Regency/Municipality, in Maluku Province (thousand rupiahss), 2020–2024",31,1,5823d7c981cd
MALUKU,05,Kab. Kepulauan Aru,,2021,,35.360,,"PDRB Per Kapita Atas Dasar Harga Berlaku di Provinsi Maluku Menurut Kabupaten/Kota (ribu rupiah), 2020–2024","Per Capita GRDP at Current Market Prices by Regency/Municipality, in Maluku Province (thousand rupiahss), 2020–2024",31,1,2e28d7563cc2
MALUKU,06,Kab. Seram Bagian Barat,,2021,,14.742,,"PDRB Per Kapita Atas Dasar Harga Berlaku di Provinsi Maluku Menurut Kabupaten/Kota (ribu rupiah), 2020–2024","Per Capita GRDP at Current Market Prices by Regency/Municipality, in Maluku Province (thousand rupiahss), 2020–2024",31,1,12d3fd0de95c
MALUKU,07,Kab. Seram Bagian Timur,,2021,,22.669,,"PDRB Per Kapita Atas Dasar Harga Berlaku di Provinsi Maluku Menurut Kabupaten/Kota (ribu rupiah), 2020–2024","Per Capita GRDP at Current Market Prices by Regency/Municipality, in Maluku Province (thousand rupiahss), 2020–2024",31,1,989a036a828d
MALUKU,08,Kab. Maluku Barat Daya,,2021,,23.960,,"PDRB Per Kapita Atas Dasar Harga Berlaku di Provinsi Maluku Menurut Kabupaten/Kota (ribu rupiah), 2020–2024","Per Capita GRDP at Current Market Prices by Regency/Municipality, in Maluku Province (thousand rupiahss), 2020–2024",31,1,c7ab9375409d
MALUKU,09,Kab. Buru Selatan,,2021,,19.431,,"PDRB Per Kapita Atas Dasar Harga Berlaku di Provinsi Maluku Menurut Kabupaten/Kota (ribu rupiah), 2020–2024","Per Capita GRDP at Current Market Prices by Regency/Municipality, in Maluku Province (thousand rupiahss), 2020–2024",31,1,9283799014a4
MALUKU,71,Kota Ambon,,2021,,44.406,,"PDRB Per Kapita Atas Dasar Harga Berlaku di Provinsi Maluku Menurut Kabupaten/Kota (ribu rupiah), 2020–2024","Per Capita GRDP at Current Market Prices by Regency/Municipality, in Maluku Province (thousand rupiahss), 2020–2024",31,1,71835cd3c3f2
MALUKU,72,Kota Tual,,2021,,29.401,,"PDRB Per Kapita Atas Dasar Harga Berlaku di Provinsi Maluku Menurut Kabupaten/Kota (ribu rupiah), 2020–2024","Per Capita GRDP at Current Market Prices by Regency/Municipality, in Maluku Province (thousand rupiahss), 2020–2024",31,1,ba34ef264e97
MALUKU,,Jml Kab./Kota Total of Reg./Mun.,,2021,,26.546,,"PDRB Per Kapita Atas Dasar Harga Berlaku di Provinsi Maluku Menurut Kabupaten/Kota (ribu rupiah), 2020–2024","Per Capita GRDP at Current Market Prices by Regency/Municipality, in Maluku Province (thousand rupiahss), 2020–2024",31,1,ecec9a5e8dcb
MALUKU,,Provinsi/Province,,2021,,26.153,,"PDRB Per Kapita Atas Dasar Harga Berlaku di Provinsi Maluku Menurut Kabupaten/Kota (ribu rupiah), 2020–2024","Per Capita GRDP at Current Market Prices by Regency/Municipality, in Maluku Province (thousand rupiahss), 2020–2024",31,1,8e45417ac1d3
MALUKU UTARA,01,Kab. Halmahera Barat,,2021,,17.556,,"PDRB Per Kapita Atas Dasar Harga Berlaku di Provinsi Maluku Utara Menurut Kabupaten/Kota (ribu rupiah), 2020–2024","Per Capita GRDP at Current Market Prices by Regency/Municipality, in Maluku Utara Province (thousand rupiahss), 2020–2024",32,2,1dd264321d54
MALUKU UTARA,02,Kab. Halmahera Tengah,,2021,,166.922,,"PDRB Per Kapita Atas Dasar Harga Berlaku di Provinsi Maluku Utara Menurut Kabupaten/Kota (ribu rupiah), 2020–2024","Per Capita GRDP at Current Market Prices by Regency/Municipality, in Maluku Utara Province (thousand rupiahss), 2020–2024",32,2,f90d6cb2deb4
MALUKU UTARA,03,Kab. Kepulauan Sula,,2021,,24.678,,"PDRB Per Kapita Atas Dasar Harga Berlaku di Provinsi Maluku Utara Menurut Kabupaten/Kota (ribu rupiah), 2020–2024","Per Capita GRDP at Current Market Prices by Regency/Municipality, in Maluku Utara Province (thousand rupiahss), 2020–2024",32,2,8e4282d0f19c
MALUKU UTARA,04,Kab. Halmahera Selatan,,2021,,43.312,,"PDRB Per Kapita Atas Dasar Harga Berlaku di Provinsi Maluku Utara Menurut Kabupaten/Kota (ribu rupiah), 2020–2024","Per Capita GRDP at Current Market Prices by Regency/Municipality, in Maluku Utara Province (thousand rupiahss), 2020–2024",32,2,e20775fea873
MALUKU UTARA,05,Kab. Halmahera Utara,,2021,,30.033,,"PDRB Per Kapita Atas Dasar Harga Berlaku di Provinsi Maluku Utara Menurut Kabupaten/Kota (ribu rupiah), 2020–2024","Per Capita GRDP at Current Market Prices by Regency/Municipality, in Maluku Utara Province (thousand rupiahss), 2020–2024",32,2,2a3c1494808f
MALUKU UTARA,06,Kab. Halmahera Timur,,2021,,42.187,,"PDRB Per Kapita Atas Dasar Harga Berlaku di Provinsi Maluku Utara Menurut Kabupaten/Kota (ribu rupiah), 2020–2024","Per Capita GRDP at Current Market Prices by Regency/Municipality, in Maluku Utara Province (thousand rupiahss), 2020–2024",32,2,0816eaff6c2f
MALUKU UTARA,07,Kab. Pulau Morotai,,2021,,21.716,,"PDRB Per Kapita Atas Dasar Harga Berlaku di Provinsi Maluku Utara Menurut Kabupaten/Kota (ribu rupiah), 2020–2024","Per Capita GRDP at Current Market Prices by Regency/Municipality, in Maluku Utara Province (thousand rupiahss), 2020–2024",32,2,54d925ed038c
MALUKU UTARA,08,Kab. Pulau Taliabu,,2021,,29.215,,"PDRB Per Kapita Atas Dasar Harga Berlaku di Provinsi Maluku Utara Menurut Kabupaten/Kota (ribu rupiah), 2020–2024","Per Capita GRDP at Current Market Prices by Regency/Municipality, in Maluku Utara Province (thousand rupiahss), 2020–2024",32,2,6c00e5489a2b
MALUKU UTARA,71,Kota Ternate,,2021,,52.960,,"PDRB Per Kapita Atas Dasar Harga Berlaku di Provinsi Maluku Utara Menurut Kabupaten/Kota (ribu rupiah), 2020–2024","Per Capita GRDP at Current Market Prices by Regency/Municipality, in Maluku Utara Province (thousand rupiahss), 2020–2024",32,2,2363a926f86d
MALUKU UTARA,72,Kota Tidore Kepulauan,,2021,,26.144,,"PDRB Per Kapita Atas Dasar Harga Berlaku di Provinsi Maluku Utara Menurut Kabupaten/Kota (ribu rupiah), 2020–2024","Per Capita GRDP at Current Market Prices by Regency/Municipality, in Maluku Utara Province (thousand rupiahss), 2020–2024",32,2,9c70dbb3a3af
MALUKU UTARA,,Jml Kab./Kota Total of Reg./Mun.,,2021,,40.650,,"PDRB Per Kapita Atas Dasar Harga Berlaku di Provinsi Maluku Utara Menurut Kabupaten/Kota (ribu rupiah), 2020–2024","Per Capita GRDP at Current Market Prices by Regency/Municipality, in Maluku Utara Province (thousand rupiahss), 2020–2024",32,2,6551509fab80
MALUKU UTARA,,Provinsi/Province,,2021,,40.381,,"PDRB Per Kapita Atas Dasar Harga Berlaku di Provinsi Maluku Utara Menurut Kabupaten/Kota (ribu rupiah), 2020–2024","Per Capita GRDP at Current Market Prices by Regency/Municipality, in Maluku Utara Province (thousand rupiahss), 2020–2024",32,2,8faec5c6714b
PAPUA BARAT,01,Kab. Fak-Fak,,2021,,61.904,,"PDRB Per Kapita Atas Dasar Harga Berlaku di Provinsi Papua Barat Menurut Kabupaten/Kota (ribu rupiah), 2020–2024","Per Capita GRDP at Current Market Prices by Regency/Municipality, in Papua Barat Province (thousand rupiahss), 2020–2024",33,3,fb18407c16dc
PAPUA BARAT,02,Kab. Kaimana,,2021,,42.316,,"PDRB Per Kapita Atas Dasar Harga Berlaku di Provinsi Papua Barat Menurut Kabupaten/Kota (ribu rupiah), 2020–2024","Per Capita GRDP at Current Market Prices by Regency/Municipality, in Papua Barat Province (thousand rupiahss), 2020–2024",33,3,483d7b473962
PAPUA BARAT,03,Kab. Teluk Wondama,,2021,,36.731,,"PDRB Per Kapita Atas Dasar Harga Berlaku di Provinsi Papua Barat Menurut Kabupaten/Kota (ribu rupiah), 2020–2024","Per Capita GRDP at Current Market Prices by Regency/Municipality, in Papua Barat Province (thousand rupiahss), 2020–2024",33,3,92f8cc38debc
PAPUA BARAT,04,Kab. Teluk Bintuni,,2021,,356.172,,"PDRB Per Kapita Atas Dasar Harga Berlaku di Provinsi Papua Barat Menurut Kabupaten/Kota (ribu rupiah), 2020–2024","Per Capita GRDP at Current Market Prices by Regency/Municipality, in Papua Barat Province (thousand rupiahss), 2020–2024",33,3,f0c782ecdd53
PAPUA BARAT,05,Kab. Manokwari,,2021,,50.311,,"PDRB Per Kapita Atas Dasar Harga Berlaku di Provinsi Papua Barat Menurut Kabupaten/Kota (ribu rupiah), 2020–2024","Per Capita GRDP at Current Market Prices by Regency/Municipality, in Papua Barat Province (thousand rupiahss), 2020–2024",33,3,bb7e1a372dd8
PAPUA BARAT,06,Kab. Sorong Selatan,,2021,,36.903,,"PDRB Per Kapita Atas Dasar Harga Berlaku di Provinsi Papua Barat Menurut Kabupaten/Kota (ribu rupiah), 2020–2024","Per Capita GRDP at Current Market Prices by Regency/Municipality, in Papua Barat Province (thousand rupiahss), 2020–2024",33,3,9e0188a9046e
PAPUA BARAT,07,Kab. Sorong,,2021,,93.896,,"PDRB Per Kapita Atas Dasar Harga Berlaku di Provinsi Papua Barat Menurut Kabupaten/Kota (ribu rupiah), 2020–2024","Per Capita GRDP at Current Market Prices by Regency/Municipality, in Papua Barat Province (thousand rupiahss), 2020–2024",33,3,4b5e61ad82d1
PAPUA BARAT,08,Kab. Raja Ampat,,2021,,52.575,,"PDRB Per Kapita Atas Dasar Harga Berlaku di Provinsi Papua Barat Menurut Kabupaten/Kota (ribu rupiah), 2020–2024","Per Capita GRDP at Current Market Prices by Regency/Municipality, in Papua Barat Province (thousand rupiahss), 2020–2024",33,3,0523ad4f128c
PAPUA BARAT,09,Kab. Tambrauw,,2021,,8.393,,"PDRB Per Kapita Atas Dasar Harga Berlaku di Provinsi Papua Barat Menurut Kabupaten/Kota (ribu rupiah), 2020–2024","Per Capita GRDP at Current Market Prices by Regency/Municipality, in Papua Barat Province (thousand rupiahss), 2020–2024",33,3,a5fab728d007
PAPUA BARAT,10,Kab. Maybrat,,2021,,17.135,,"PDRB Per Kapita Atas Dasar Harga Berlaku di Provinsi Papua Barat Menurut Kabupaten/Kota (ribu rupiah), 2020–2024","Per Capita GRDP at Current Market Prices by Regency/Municipality, in Papua Barat Province (thousand rupiahss), 2020–2024",33,3,6d12688c3765
PAPUA BARAT,11,Kab. Manokwari Selatan,,2021,,23.540,,"PDRB Per Kapita Atas Dasar Harga Berlaku di Provinsi Papua Barat Menurut Kabupaten/Kota (ribu rupiah), 2020–2024","Per Capita GRDP at Current Market Prices by Regency/Municipality, in Papua Barat Province (thousand rupiahss), 2020–2024",33,3,52dee3796756
PAPUA BARAT,12,Kab. Pegunungan Arfak,,2021,,6.236,,"PDRB Per Kapita Atas Dasar Harga Berlaku di Provinsi Papua Barat Menurut Kabupaten/Kota (ribu rupiah), 2020–2024","Per Capita GRDP at Current Market Prices by Regency/Municipality, in Papua Barat Province (thousand rupiahss), 2020–2024",33,3,0733404c458d
PAPUA BARAT,71,Kota Sorong,,2021,,54.288,,"PDRB Per Kapita Atas Dasar Harga Berlaku di Provinsi Papua Barat Menurut Kabupaten/Kota (ribu rupiah), 2020–2024","Per Capita GRDP at Current Market Prices by Regency/Municipality, in Papua Barat Province (thousand rupiahss), 2020–2024",33,3,a15acdaa7064
PAPUA BARAT,,Jml Kab./Kota Total of Reg./Mun.,,2021,,74.056,,"PDRB Per Kapita Atas Dasar Harga Berlaku di Provinsi Papua Barat Menurut Kabupaten/Kota (ribu rupiah), 2020–2024","Per Capita GRDP at Current Market Prices by Regency/Municipality, in Papua Barat Province (thousand rupiahss), 2020–2024",33,3,2e92b00c75b0
PAPUA BARAT,,Provinsi/Province,,2021,,74.022,,"PDRB Per Kapita Atas Dasar Harga Berlaku di Provinsi Papua Barat Menurut Kabupaten/Kota (ribu rupiah), 2020–2024","Per Capita GRDP at Current Market Prices by Regency/Municipality, in Papua Barat Province (thousand rupiahss), 2020–2024",33,3,02434d29c1ca
PAPUA BARAT DAYA,01,Kab. Raja Ampat,,2021,,--,,"PDRB Per Kapita Atas Dasar Harga Berlaku di Provinsi Papua Barat Daya Menurut Kabupaten/Kota (ribu rupiah), 2020–2024","Per Capita GRDP at Current Market Prices by Regency/Municipality, in Papua Barat Daya Province (thousand rupiahss), 2020–2024",34,4,ca5c9b3f5d8b
PAPUA BARAT DAYA,02,Kab. Sorong,,2021,,--,,"PDRB Per Kapita Atas Dasar Harga Berlaku di Provinsi Papua Barat Daya Menurut Kabupaten/Kota (ribu rupiah), 2020–2024","Per Capita GRDP at Current Market Prices by Regency/Municipality, in Papua Barat Daya Province (thousand rupiahss), 2020–2024",34,4,8c9f82062878
PAPUA BARAT DAYA,03,Kab. Sorong Selatan,,2021,,--,,"PDRB Per Kapita Atas Dasar Harga Berlaku di Provinsi Papua Barat Daya Menurut Kabupaten/Kota (ribu rupiah), 2020–2024","Per Capita GRDP at Current Market Prices by Regency/Municipality, in Papua Barat Daya Province (thousand rupiahss), 2020–2024",34,4,fc7f1728d6e6
PAPUA BARAT DAYA,04,Kab. Maybrat,,2021,,--,,"PDRB Per Kapita Atas Dasar Harga Berlaku di Provinsi Papua Barat Daya Menurut Kabupaten/Kota (ribu rupiah), 2020–2024","Per Capita GRDP at Current Market Prices by Regency/Municipality, in Papua Barat Daya Province (thousand rupiahss), 2020–2024",34,4,ef2e79151804
PAPUA BARAT DAYA,05,Kab. Tambrauw,,2021,,--,,"PDRB Per Kapita Atas Dasar Harga Berlaku di Provinsi Papua Barat Daya Menurut Kabupaten/Kota (ribu rupiah), 2020–2024","Per Capita GRDP at Current Market Prices by Regency/Municipality, in Papua Barat Daya Province (thousand rupiahss), 2020–2024",34,4,af6a68c2b7f1
PAPUA BARAT DAYA,71,Kota Sorong,,2021,,--,,"PDRB Per Kapita Atas Dasar Harga Berlaku di Provinsi Papua Barat Daya Menurut Kabupaten/Kota (ribu rupiah), 2020–2024","Per Capita GRDP at Current Market Prices by Regency/Municipality, in Papua Barat Daya Province (thousand rupiahss), 2020–2024",34,4,de4bddf71bc1
PAPUA BARAT DAYA,,Jml Kab./Kota Total of Reg./Mun.,,2021,,--,,"PDRB Per Kapita Atas Dasar Harga Berlaku di Provinsi Papua Barat Daya Menurut Kabupaten/Kota (ribu rupiah), 2020–2024","Per Capita GRDP at Current Market Prices by Regency/Municipality, in Papua Barat Daya Province (thousand rupiahss), 2020–2024",34,4,acb6ed01387b
PAPUA BARAT DAYA,,Provinsi/Province,,2021,,--,,"PDRB Per Kapita Atas Dasar Harga Berlaku di Provinsi Papua Barat Daya Menurut Kabupaten/Kota (ribu rupiah), 2020–2024","Per Capita GRDP at Current Market Prices by Regency/Municipality, in Papua Barat Daya Province (thousand rupiahss), 2020–2024",34,4,6433641301c9
PAPUA,01,Kab. Merauke,,2021,,70.507,,"PDRB Per Kapita Atas Dasar Harga Berlaku di Provinsi Papua Menurut Kabupaten/Kota (ribu rupiah), 2020–2024","Per Capita GRDP at Current Market Prices by Regency/Municipality, in Papua Province (thousand rupiahss), 2020–2024",35,5,5ff793de64df
PAPUA,02,Kab. Jayawijaya,,2021,,31.017,,"PDRB Per Kapita Atas Dasar Harga Berlaku di Provinsi Papua Menurut Kabupaten/Kota (ribu rupiah), 2020–2024","Per Capita GRDP at Current Market Prices by Regency/Municipality, in Papua Province (thousand rupiahss), 2020–2024",35,5,6c3a8f4999ab
PAPUA,03,Kab. Jayapura,,2021,,101.346,,"PDRB Per Kapita Atas Dasar Harga Berlaku di Provinsi Papua Menurut Kabupaten/Kota (ribu rupiah), 2020–2024","Per Capita GRDP at Current Market Prices by Regency/Municipality, in Papua Province (thousand rupiahss), 2020–2024",35,5,47c5683feca3
PAPUA,04,Kab. Nabire,,2021,,70.002,,"PDRB Per Kapita Atas Dasar Harga Berlaku di Provinsi Papua Menurut Kabupaten/Kota (ribu rupiah), 2020–2024","Per Capita GRDP at Current Market Prices by Regency/Municipality, in Papua Province (thousand rupiahss), 2020–2024",35,5,ed1d9420451e
PAPUA,08,Kab. Kepulauan Yapen,,2021,,38.810,,"PDRB Per Kapita Atas Dasar Harga Berlaku di Provinsi Papua Menurut Kabupaten/Kota (ribu rupiah), 2020–2024","Per Capita GRDP at Current Market Prices by Regency/Municipality, in Papua Province (thousand rupiahss), 2020–2024",35,5,f5e7d1dc2a7b
PAPUA,09,Kab. Biak Numfor,,2021,,40.463,,"PDRB Per Kapita Atas Dasar Harga Berlaku di Provinsi Papua Menurut Kabupaten/Kota (ribu rupiah), 2020–2024","Per Capita GRDP at Current Market Prices by Regency/Municipality, in Papua Province (thousand rupiahss), 2020–2024",35,5,d44d5a6f4aa0
PAPUA,10,Kab. Paniai,,2021,,19.794,,"PDRB Per Kapita Atas Dasar Harga Berlaku di Provinsi Papua Menurut Kabupaten/Kota (ribu rupiah), 2020–2024","Per Capita GRDP at Current Market Prices by Regency/Municipality, in Papua Province (thousand rupiahss), 2020–2024",35,5,54e6c61bf663
PAPUA,11,Kab. Puncak Jaya,,2021,,6.189,,"PDRB Per Kapita Atas Dasar Harga Berlaku di Provinsi Papua Menurut Kabupaten/Kota (ribu rupiah), 2020–2024","Per Capita GRDP at Current Market Prices by Regency/Municipality, in Papua Province (thousand rupiahss), 2020–2024",35,5,78e5fec8f8f0
PAPUA,12,Kab. Mimika,,2021,,301.800,,"PDRB Per Kapita Atas Dasar Harga Berlaku di Provinsi Papua Menurut Kabupaten/Kota (ribu rupiah), 2020–2024","Per Capita GRDP at Current Market Prices by Regency/Municipality, in Papua Province (thousand rupiahss), 2020–2024",35,5,df38cffa2652
PAPUA,13,Kab. Boven Digoel,,2021,,75.750,,"PDRB Per Kapita Atas Dasar Harga Berlaku di Provinsi Papua Menurut Kabupaten/Kota (ribu rupiah), 2020–2024","Per Capita GRDP at Current Market Prices by Regency/Municipality, in Papua Province (thousand rupiahss), 2020–2024",35,5,d76e5a3c1a90
PAPUA,14,Kab. Mappi,,2021,,28.372,,"PDRB Per Kapita Atas Dasar Harga Berlaku di Provinsi Papua Menurut Kabupaten/Kota (ribu rupiah), 2020–2024","Per Capita GRDP at Current Market Prices by Regency/Municipality, in Papua Province (thousand rupiahss), 2020–2024",35,5,d8f1883fd6cb
PAPUA,15,Kab. Asmat,,2021,,24.147,,"PDRB Per Kapita Atas Dasar Harga Berlaku di Provinsi Papua Menurut Kabupaten/Kota (ribu rupiah), 2020–2024","Per Capita GRDP at Current Market Prices by Regency/Municipality, in Papua Province (thousand rupiahss), 2020–2024",35,5,ad973f5a3d84
PAPUA,16,Kab. Yahukimo,,2021,,7.361,,"PDRB Per Kapita Atas Dasar Harga Berlaku di Provinsi Papua Menurut Kabupaten/Kota (ribu rupiah), 2020–2024","Per Capita GRDP at Current Market Prices by Regency/Municipality, in Papua Province (thousand rupiahss), 2020–2024",35,5,4b39b774c238
PAPUA,17,Kab. Pegunungan Bintang,,2021,,26.311,,"PDRB Per Kapita Atas Dasar Harga Berlaku di Provinsi Papua Menurut Kabupaten/Kota (ribu rupiah), 2020–2024","Per Capita GRDP at Current Market Prices by Regency/Municipality, in Papua Province (thousand rupiahss), 2020–2024",35,5,c6cdf2490c14
PAPUA,18,Kab. Tolikara,,2021,,7.165,,"PDRB Per Kapita Atas Dasar Harga Berlaku di Provinsi Papua Menurut Kabupaten/Kota (ribu rupiah), 2020–2024","Per Capita GRDP at Current Market Prices by Regency/Municipality, in Papua Province (thousand rupiahss), 2020–2024",35,5,789c73db4866
PAPUA,19,Kab. Sarmi,,2021,,74.203,,"PDRB Per Kapita Atas Dasar Harga Berlaku di Provinsi Papua Menurut Kabupaten/Kota (ribu rupiah), 2020–2024","Per Capita GRDP at Current Market Prices by Regency/Municipality, in Papua Province (thousand rupiahss), 2020–2024",35,5,a6cd80c0c5a4
PAPUA,20,Kab. Keerom,,2021,,49.227,,"PDRB Per Kapita Atas Dasar Harga Berlaku di Provinsi Papua Menurut Kabupaten/Kota (ribu rupiah), 2020–2024","Per Capita GRDP at Current Market Prices by Regency/Municipality, in Papua Province (thousand rupiahss), 2020–2024",35,5,612e3213eef6
PAPUA,26,Kab. Waropen,,2021,,61.602,,"PDRB Per Kapita Atas Dasar Harga Berlaku di Provinsi Papua Menurut Kabupaten/Kota (ribu rupiah), 2020–2024","Per Capita GRDP at Current Market Prices by Regency/Municipality, in Papua Province (thousand rupiahss), 2020–2024",35,5,12ea1c4902c7
PAPUA,27,Kab. Supiori,,2021,,47.426,,"PDRB Per Kapita Atas Dasar Harga Berlaku di Provinsi Papua Menurut Kabupaten/Kota (ribu rupiah), 2020–2024","Per Capita GRDP at Current Market Prices by Regency/Municipality, in Papua Province (thousand rupiahss), 2020–2024",35,5,80679d435c4d
PAPUA,28,Kab. Mamberamo Raya,,2021,,49.231,,"PDRB Per Kapita Atas Dasar Harga Berlaku di Provinsi Papua Menurut Kabupaten/Kota (ribu rupiah), 2020–2024","Per Capita GRDP at Current Market Prices by Regency/Municipality, in Papua Province (thousand rupiahss), 2020–2024",35,5,fff70849467b
PAPUA,29,Kab. Nduga,,2021,,12.433,,"PDRB Per Kapita Atas Dasar Harga Berlaku di Provinsi Papua Menurut Kabupaten/Kota (ribu rupiah), 2020–2024","Per Capita GRDP at Current Market Prices by Regency/Municipality, in Papua Province (thousand rupiahss), 2020–2024",35,5,2a6d49b2cb53
PAPUA,30,Kab. Lanny Jaya,,2021,,10.136,,"PDRB Per Kapita Atas Dasar Harga Berlaku di Provinsi Papua Menurut Kabupaten/Kota (ribu rupiah), 2020–2024","Per Capita GRDP at Current Market Prices by Regency/Municipality, in Papua Province (thousand rupiahss), 2020–2024",35,5,87a3671d88d7
PAPUA,31,Kab. Mamberamo Tengah,,2021,,24.583,,"PDRB Per Kapita Atas Dasar Harga Berlaku di Provinsi Papua Menurut Kabupaten/Kota (ribu rupiah), 2020–2024","Per Capita GRDP at Current Market Prices by Regency/Municipality, in Papua Province (thousand rupiahss), 2020–2024",35,5,dce065af2cb0
PAPUA,32,Kab. Yalimo,,2021,,13.100,,"PDRB Per Kapita Atas Dasar Harga Berlaku di Provinsi Papua Menurut Kabupaten/Kota (ribu rupiah), 2020–2024","Per Capita GRDP at Current Market Prices by Regency/Municipality, in Papua Province (thousand rupiahss), 2020–2024",35,5,c61ae4298629
PAPUA,33,Kab. Puncak,,2021,,12.977,,"PDRB Per Kapita Atas Dasar Harga Berlaku di Provinsi Papua Menurut Kabupaten/Kota (ribu rupiah), 2020–2024","Per Capita GRDP at Current Market Prices by Regency/Municipality, in Papua Province (thousand rupiahss), 2020–2024",35,5,ae5a1da90915
PAPUA,34,Kab. Dogiyai,,2021,,11.924,,"PDRB Per Kapita Atas Dasar Harga Berlaku di Provinsi Papua Menurut Kabupaten/Kota (ribu rupiah), 2020–2024","Per Capita GRDP at Current Market Prices by Regency/Municipality, in Papua Province (thousand rupiahss), 2020–2024",35,5,93b8b3eeaf16
PAPUA,35,Kab.intan Jaya,,2021,,9.481,,"PDRB Per Kapita Atas Dasar Harga Berlaku di Provinsi Papua Menurut Kabupaten/Kota (ribu rupiah), 2020–2024","Per Capita GRDP at Current Market Prices by Regency/Municipality, in Papua Province (thousand rupiahss), 2020–2024",35,5,2b3398f4648e
PAPUA,36,Kab. Deiyai,,2021,,14.814,,"PDRB Per Kapita Atas Dasar Harga Berlaku di Provinsi Papua Menurut Kabupaten/Kota (ribu rupiah), 2020–2024","Per Capita GRDP at Current Market Prices by Regency/Municipality, in Papua Province (thousand rupiahss), 2020–2024",35,5,44491147f47e
PAPUA,71,Kota Jayapura,,2021,,82.241,,"PDRB Per Kapita Atas Dasar Harga Berlaku di Provinsi Papua Menurut Kabupaten/Kota (ribu rupiah), 2020–2024","Per Capita GRDP at Current Market Prices by Regency/Municipality, in Papua Province (thousand rupiahss), 2020–2024",35,5,1535964018d6
PAPUA,,Jml Kab./Kota Total of Reg./Mun.,,2021,,54.620,,"PDRB Per Kapita Atas Dasar Harga Berlaku di Provinsi Papua Menurut Kabupaten/Kota (ribu rupiah), 2020–2024","Per Capita GRDP at Current Market Prices by Regency/Municipality, in Papua Province (thousand rupiahss), 2020–2024",35,5,51771f323e09
PAPUA,,Provinsi/Province,,2021,,54.051,,"PDRB Per Kapita Atas Dasar Harga Berlaku di Provinsi Papua Menurut Kabupaten/Kota (ribu rupiah), 2020–2024","Per Capita GRDP at Current Market Prices by Regency/Municipality, in Papua Province (thousand rupiahss), 2020–2024",35,5,ff96a28a728a
PAPUA SELATAN,01,Kab. Merauke,,2021,,--,,"PDRB Per Kapita Atas Dasar Harga Berlaku di Provinsi Papua Selatan Menurut Kabupaten/Kota (ribu rupiah), 2020–2024","Per Capita GRDP at Current Market Prices by Regency/Municipality, in Papua Selatan Province (thousand rupiahss), 2020–2024",36,6,bf4a27b192bc
PAPUA SELATAN,02,Kab. Boven Digoel,,2021,,--,,"PDRB Per Kapita Atas Dasar Harga Berlaku di Provinsi Papua Selatan Menurut Kabupaten/Kota (ribu rupiah), 2020–2024","Per Capita GRDP at Current Market Prices by Regency/Municipality, in Papua Selatan Province (thousand rupiahss), 2020–2024",36,6,34e94ad4da24
PAPUA SELATAN,03,Kab. Mappi,,2021,,--,,"PDRB Per Kapita Atas Dasar Harga Berlaku di Provinsi Papua Selatan Menurut Kabupaten/Kota (ribu rupiah), 2020–2024","Per Capita GRDP at Current Market Prices by Regency/Municipality, in Papua Selatan Province (thousand rupiahss), 2020–2024",36,6,c7a9f2a23e74
PAPUA SELATAN,04,Kab. Asmat,,2021,,--,,"PDRB Per Kapita Atas Dasar Harga Berlaku di Provinsi Papua Selatan Menurut Kabupaten/Kota (ribu rupiah), 2020–2024","Per Capita GRDP at Current Market Prices by Regency/Municipality, in Papua Selatan Province (thousand rupiahss), 2020–2024",36,6,d3defd067e57
PAPUA SELATAN,,Jml Kab./Kota Total of Reg./Mun.,,2021,,--,,"PDRB Per Kapita Atas Dasar Harga Berlaku di Provinsi Papua Selatan Menurut Kabupaten/Kota (ribu rupiah), 2020–2024","Per Capita GRDP at Current Market Prices by Regency/Municipality, in Papua Selatan Province (thousand rupiahss), 2020–2024",36,6,f212cb14ddc5
PAPUA SELATAN,,Provinsi/Province,,2021,,--,,"PDRB Per Kapita Atas Dasar Harga Berlaku di Provinsi Papua Selatan Menurut Kabupaten/Kota (ribu rupiah), 2020–2024","Per Capita GRDP at Current Market Prices by Regency/Municipality, in Papua Selatan Province (thousand rupiahss), 2020–2024",36,6,b8958294b0e8
PAPUA TENGAH,01,Kab. Mimika,,2021,,--,,"PDRB Per Kapita Atas Dasar Harga Berlaku di Provinsi Papua Tengah Menurut Kabupaten/Kota (ribu rupiah), 2020–2024","Per Capita GRDP at Current Market Prices by Regency/Municipality, in Papua Tengah Province (thousand rupiahss), 2020–2024",37,7,8d3fd7b30a73
PAPUA TENGAH,02,Kab. Dogiyai,,2021,,--,,"PDRB Per Kapita Atas Dasar Harga Berlaku di Provinsi Papua Tengah Menurut Kabupaten/Kota (ribu rupiah), 2020–2024","Per Capita GRDP at Current Market Prices by Regency/Municipality, in Papua Tengah Province (thousand rupiahss), 2020–2024",37,7,a6a2402fb4c4
PAPUA TENGAH,03,Kab. Deiyai,,2021,,--,,"PDRB Per Kapita Atas Dasar Harga Berlaku di Provinsi Papua Tengah Menurut Kabupaten/Kota (ribu rupiah), 2020–2024","Per Capita GRDP at Current Market Prices by Regency/Municipality, in Papua Tengah Province (thousand rupiahss), 2020–2024",37,7,7bb83b07e28a
PAPUA TENGAH,04,Kab. Nabire,,2021,,--,,"PDRB Per Kapita Atas Dasar Harga Berlaku di Provinsi Papua Tengah Menurut Kabupaten/Kota (ribu rupiah), 2020–2024","Per Capita GRDP at Current Market Prices by Regency/Municipality, in Papua Tengah Province (thousand rupiahss), 2020–2024",37,7,8999e4c668b4
PAPUA TENGAH,05,Kab. Paniai,,2021,,--,,"PDRB Per Kapita Atas Dasar Harga Berlaku di Provinsi Papua Tengah Menurut Kabupaten/Kota (ribu rupiah), 2020–2024","Per Capita GRDP at Current Market Prices by Regency/Municipality, in Papua Tengah Province (thousand rupiahss), 2020–2024",37,7,dbcc2b891f04
PAPUA TENGAH,06,Kab. Intan Jaya,,2021,,--,,"PDRB Per Kapita Atas Dasar Harga Berlaku di Provinsi Papua Tengah Menurut Kabupaten/Kota (ribu rupiah), 2020–2024","Per Capita GRDP at Current Market Prices by Regency/Municipality, in Papua Tengah Province (thousand rupiahss), 2020–2024",37,7,9676d5c1127c
PAPUA TENGAH,07,Kab. Puncak,,2021,,--,,"PDRB Per Kapita Atas Dasar Harga Berlaku di Provinsi Papua Tengah Menurut Kabupaten/Kota (ribu rupiah), 2020–2024","Per Capita GRDP at Current Market Prices by Regency/Municipality, in Papua Tengah Province (thousand rupiahss), 2020–2024",37,7,4de99ed5dccc
PAPUA TENGAH,08,Kab. Puncak Jaya,,2021,,--,,"PDRB Per Kapita Atas Dasar Harga Berlaku di Provinsi Papua Tengah Menurut Kabupaten/Kota (ribu rupiah), 2020–2024","Per Capita GRDP at Current Market Prices by Regency/Municipality, in Papua Tengah Province (thousand rupiahss), 2020–2024",37,7,56994c58da0d
PAPUA TENGAH,,Jml Kab./Kota Total of Reg./Mun.,,2021,,--,,"PDRB Per Kapita Atas Dasar Harga Berlaku di Provinsi Papua Tengah Menurut Kabupaten/Kota (ribu rupiah), 2020–2024","Per Capita GRDP at Current Market Prices by Regency/Municipality, in Papua Tengah Province (thousand rupiahss), 2020–2024",37,7,5998b4a5e594
PAPUA TENGAH,,Provinsi/Province,,2021,,--,,"PDRB Per Kapita Atas Dasar Harga Berlaku di Provinsi Papua Tengah Menurut Kabupaten/Kota (ribu rupiah), 2020–2024","Per Capita GRDP at Current Market Prices by Regency/Municipality, in Papua Tengah Province (thousand rupiahss), 2020–2024",37,7,6c2a72cb65c0
PAPUA PEGUNUNGAN,01,Kab. Nduga,,2021,,--,,"PDRB Per Kapita Atas Dasar Harga Berlaku di Provinsi Papua Pegunungan Menurut Kabupaten/Kota (ribu rupiah), 2020–2024","Per Capita GRDP at Current Market Prices by Regency/Municipality, in Papua Pegunungan Province (thousand rupiahss), 2020–2024",38,8,51b2f4a66174
PAPUA PEGUNUNGAN,02,Kab. Jayawijaya,,2021,,--,,"PDRB Per Kapita Atas Dasar Harga Berlaku di Provinsi Papua Pegunungan Menurut Kabupaten/Kota (ribu rupiah), 2020–2024","Per Capita GRDP at Current Market Prices by Regency/Municipality, in Papua Pegunungan Province (thousand rupiahss), 2020–2024",38,8,a37dbf30a4e9
PAPUA PEGUNUNGAN,03,Kab. Lanny Jaya,,2021,,--,,"PDRB Per Kapita Atas Dasar Harga Berlaku di Provinsi Papua Pegunungan Menurut Kabupaten/Kota (ribu rupiah), 2020–2024","Per Capita GRDP at Current Market Prices by Regency/Municipality, in Papua Pegunungan Province (thousand rupiahss), 2020–2024",38,8,e9a02d48de91
PAPUA PEGUNUNGAN,04,Kab. Tolikara,,2021,,--,,"PDRB Per Kapita Atas Dasar Harga Berlaku di Provinsi Papua Pegunungan Menurut Kabupaten/Kota (ribu rupiah), 2020–2024","Per Capita GRDP at Current Market Prices by Regency/Municipality, in Papua Pegunungan Province (thousand rupiahss), 2020–2024",38,8,24b08d1cbc24
PAPUA PEGUNUNGAN,05,Kab. Mamberamo Tengah,,2021,,--,,"PDRB Per Kapita Atas Dasar Harga Berlaku di Provinsi Papua Pegunungan Menurut Kabupaten/Kota (ribu rupiah), 2020–2024","Per Capita GRDP at Current Market Prices by Regency/Municipality, in Papua Pegunungan Province (thousand rupiahss), 2020–2024",38,8,953731258204
PAPUA PEGUNUNGAN,06,Kab. Yalimo,,2021,,--,,"PDRB Per Kapita Atas Dasar Harga Berlaku di Provinsi Papua Pegunungan Menurut Kabupaten/Kota (ribu rupiah), 2020–2024","Per Capita GRDP at Current Market Prices by Regency/Municipality, in Papua Pegunungan Province (thousand rupiahss), 2020–2024",38,8,62994aab4b73
PAPUA PEGUNUNGAN,07,Kab. Yahukimo,,2021,,--,,"PDRB Per Kapita Atas Dasar Harga Berlaku di Provinsi Papua Pegunungan Menurut Kabupaten/Kota (ribu rupiah), 2020–2024","Per Capita GRDP at Current Market Prices by Regency/Municipality, in Papua Pegunungan Province (thousand rupiahss), 2020–2024",38,8,5e64566fd6e5
PAPUA PEGUNUNGAN,08,Kab. Pegunungan Bintang,,2021,,--,,"PDRB Per Kapita Atas Dasar Harga Berlaku di Provinsi Papua Pegunungan Menurut Kabupaten/Kota (ribu rupiah), 2020–2024","Per Capita GRDP at Current Market Prices by Regency/Municipality, in Papua Pegunungan Province (thousand rupiahss), 2020–2024",38,8,f9d22830891c
PAPUA PEGUNUNGAN,,Jml Kab./Kota Total of Reg./Mun.,,2021,,--,,"PDRB Per Kapita Atas Dasar Harga Berlaku di Provinsi Papua Pegunungan Menurut Kabupaten/Kota (ribu rupiah), 2020–2024","Per Capita GRDP at Current Market Prices by Regency/Municipality, in Papua Pegunungan Province (thousand rupiahss), 2020–2024",38,8,0ed43ac6abb9
PAPUA PEGUNUNGAN,,Provinsi/Province,,2021,,--,,"PDRB Per Kapita Atas Dasar Harga Berlaku di Provinsi Papua Pegunungan Menurut Kabupaten/Kota (ribu rupiah), 2020–2024","Per Capita GRDP at Current Market Prices by Regency/Municipality, in Papua Pegunungan Province (thousand rupiahss), 2020–2024",38,8,312e5c3825ca
MALUKU,01,Kab. Kepulauan Tanimbar,,2022,,24.851,,"PDRB Per Kapita Atas Dasar Harga Berlaku di Provinsi Maluku Menurut Kabupaten/Kota (ribu rupiah), 2020–2024","Per Capita GRDP at Current Market Prices by Regency/Municipality, in Maluku Province (thousand rupiahss), 2020–2024",31,1,1e5285ba2063
MALUKU,02,Kab. Maluku Tenggara,,2022,,30.598,,"PDRB Per Kapita Atas Dasar Harga Berlaku di Provinsi Maluku Menurut Kabupaten/Kota (ribu rupiah), 2020–2024","Per Capita GRDP at Current Market Prices by Regency/Municipality, in Maluku Province (thousand rupiahss), 2020–2024",31,1,55501132ac36
MALUKU,03,Kab. Maluku Tengah,,2022,,23.154,,"PDRB Per Kapita Atas Dasar Harga Berlaku di Provinsi Maluku Menurut Kabupaten/Kota (ribu rupiah), 2020–2024","Per Capita GRDP at Current Market Prices by Regency/Municipality, in Maluku Province (thousand rupiahss), 2020–2024",31,1,b5dc52564878
MALUKU,04,Kab. Buru,,2022,,19.985,,"PDRB Per Kapita Atas Dasar Harga Berlaku di Provinsi Maluku Menurut Kabupaten/Kota (ribu rupiah), 2020–2024","Per Capita GRDP at Current Market Prices by Regency/Municipality, in Maluku Province (thousand rupiahss), 2020–2024",31,1,a742613787de
MALUKU,05,Kab. Kepulauan Aru,,2022,,38.309,,"PDRB Per Kapita Atas Dasar Harga Berlaku di Provinsi Maluku Menurut Kabupaten/Kota (ribu rupiah), 2020–2024","Per Capita GRDP at Current Market Prices by Regency/Municipality, in Maluku Province (thousand rupiahss), 2020–2024",31,1,bc87a10bc3e9
MALUKU,06,Kab. Seram Bagian Barat,,2022,,15.995,,"PDRB Per Kapita Atas Dasar Harga Berlaku di Provinsi Maluku Menurut Kabupaten/Kota (ribu rupiah), 2020–2024","Per Capita GRDP at Current Market Prices by Regency/Municipality, in Maluku Province (thousand rupiahss), 2020–2024",31,1,76aa2389d8b3
MALUKU,07,Kab. Seram Bagian Timur,,2022,,25.530,,"PDRB Per Kapita Atas Dasar Harga Berlaku di Provinsi Maluku Menurut Kabupaten/Kota (ribu rupiah), 2020–2024","Per Capita GRDP at Current Market Prices by Regency/Municipality, in Maluku Province (thousand rupiahss), 2020–2024",31,1,1b0c9a2fcaa1
MALUKU,08,Kab. Maluku Barat Daya,,2022,,26.874,,"PDRB Per Kapita Atas Dasar Harga Berlaku di Provinsi Maluku Menurut Kabupaten/Kota (ribu rupiah), 2020–2024","Per Capita GRDP at Current Market Prices by Regency/Municipality, in Maluku Province (thousand rupiahss), 2020–2024",31,1,f114fa4ba40f
MALUKU,09,Kab. Buru Selatan,,2022,,20.917,,"PDRB Per Kapita Atas Dasar Harga Berlaku di Provinsi Maluku Menurut Kabupaten/Kota (ribu rupiah), 2020–2024","Per Capita GRDP at Current Market Prices by Regency/Municipality, in Maluku Province (thousand rupiahss), 2020–2024",31,1,23434eb0552c
MALUKU,71,Kota Ambon,,2022,,48.359,,"PDRB Per Kapita Atas Dasar Harga Berlaku di Provinsi Maluku Menurut Kabupaten/Kota (ribu rupiah), 2020–2024","Per Capita GRDP at Current Market Prices by Regency/Municipality, in Maluku Province (thousand rupiahss), 2020–2024",31,1,405bf386b469
MALUKU,72,Kota Tual,,2022,,32.185,,"PDRB Per Kapita Atas Dasar Harga Berlaku di Provinsi Maluku Menurut Kabupaten/Kota (ribu rupiah), 2020–2024","Per Capita GRDP at Current Market Prices by Regency/Municipality, in Maluku Province (thousand rupiahss), 2020–2024",31,1,feb2955cede9
MALUKU,,Jml Kab./Kota Total of Reg./Mun.,,2022,,28.941,,"PDRB Per Kapita Atas Dasar Harga Berlaku di Provinsi Maluku Menurut Kabupaten/Kota (ribu rupiah), 2020–2024","Per Capita GRDP at Current Market Prices by Regency/Municipality, in Maluku Province (thousand rupiahss), 2020–2024",31,1,df3e6ee89cd7
MALUKU,,Provinsi/Province,,2022,,28.537,,"PDRB Per Kapita Atas Dasar Harga Berlaku di Provinsi Maluku Menurut Kabupaten/Kota (ribu rupiah), 2020–2024","Per Capita GRDP at Current Market Prices by Regency/Municipality, in Maluku Province (thousand rupiahss), 2020–2024",31,1,3ce4799ebb49
MALUKU UTARA,01,Kab. Halmahera Barat,,2022,,18.828,,"PDRB Per Kapita Atas Dasar Harga Berlaku di Provinsi Maluku Utara Menurut Kabupaten/Kota (ribu rupiah), 2020–2024","Per Capita GRDP at Current Market Prices by Regency/Municipality, in Maluku Utara Province (thousand rupiahss), 2020–2024",32,2,992458a1c85b
MALUKU UTARA,02,Kab. Halmahera Tengah,,2022,,359.993,,"PDRB Per Kapita Atas Dasar Harga Berlaku di Provinsi Maluku Utara Menurut Kabupaten/Kota (ribu rupiah), 2020–2024","Per Capita GRDP at Current Market Prices by Regency/Municipality, in Maluku Utara Province (thousand rupiahss), 2020–2024",32,2,a7e46f67a9a2
MALUKU UTARA,03,Kab. Kepulauan Sula,,2022,,26.880,,"PDRB Per Kapita Atas Dasar Harga Berlaku di Provinsi Maluku Utara Menurut Kabupaten/Kota (ribu rupiah), 2020–2024","Per Capita GRDP at Current Market Prices by Regency/Municipality, in Maluku Utara Province (thousand rupiahss), 2020–2024",32,2,8c5ba093df1f
MALUKU UTARA,04,Kab. Halmahera Selatan,,2022,,55.856,,"PDRB Per Kapita Atas Dasar Harga Berlaku di Provinsi Maluku Utara Menurut Kabupaten/Kota (ribu rupiah), 2020–2024","Per Capita GRDP at Current Market Prices by Regency/Municipality, in Maluku Utara Province (thousand rupiahss), 2020–2024",32,2,060fc43a6a84
MALUKU UTARA,05,Kab. Halmahera Utara,,2022,,32.069,,"PDRB Per Kapita Atas Dasar Harga Berlaku di Provinsi Maluku Utara Menurut Kabupaten/Kota (ribu rupiah), 2020–2024","Per Capita GRDP at Current Market Prices by Regency/Municipality, in Maluku Utara Province (thousand rupiahss), 2020–2024",32,2,c2370254ebde
MALUKU UTARA,06,Kab. Halmahera Timur,,2022,,44.192,,"PDRB Per Kapita Atas Dasar Harga Berlaku di Provinsi Maluku Utara Menurut Kabupaten/Kota (ribu rupiah), 2020–2024","Per Capita GRDP at Current Market Prices by Regency/Municipality, in Maluku Utara Province (thousand rupiahss), 2020–2024",32,2,b79ef26c70cb
MALUKU UTARA,07,Kab. Pulau Morotai,,2022,,22.893,,"PDRB Per Kapita Atas Dasar Harga Berlaku di Provinsi Maluku Utara Menurut Kabupaten/Kota (ribu rupiah), 2020–2024","Per Capita GRDP at Current Market Prices by Regency/Municipality, in Maluku Utara Province (thousand rupiahss), 2020–2024",32,2,7d26005969c5
MALUKU UTARA,08,Kab. Pulau Taliabu,,2022,,31.470,,"PDRB Per Kapita Atas Dasar Harga Berlaku di Provinsi Maluku Utara Menurut Kabupaten/Kota (ribu rupiah), 2020–2024","Per Capita GRDP at Current Market Prices by Regency/Municipality, in Maluku Utara Province (thousand rupiahss), 2020–2024",32,2,87e2d3eec1ba
MALUKU UTARA,71,Kota Ternate,,2022,,58.568,,"PDRB Per Kapita Atas Dasar Harga Berlaku di Provinsi Maluku Utara Menurut Kabupaten/Kota (ribu rupiah), 2020–2024","Per Capita GRDP at Current Market Prices by Regency/Municipality, in Maluku Utara Province (thousand rupiahss), 2020–2024",32,2,896075ce3216
MALUKU UTARA,72,Kota Tidore Kepulauan,,2022,,28.091,,"PDRB Per Kapita Atas Dasar Harga Berlaku di Provinsi Maluku Utara Menurut Kabupaten/Kota (ribu rupiah), 2020–2024","Per Capita GRDP at Current Market Prices by Regency/Municipality, in Maluku Utara Province (thousand rupiahss), 2020–2024",32,2,292c957d0680
MALUKU UTARA,,Jml Kab./Kota Total of Reg./Mun.,,2022,,53.812,,"PDRB Per Kapita Atas Dasar Harga Berlaku di Provinsi Maluku Utara Menurut Kabupaten/Kota (ribu rupiah), 2020–2024","Per Capita GRDP at Current Market Prices by Regency/Municipality, in Maluku Utara Province (thousand rupiahss), 2020–2024",32,2,45fc15e2ba0d
MALUKU UTARA,,Provinsi/Province,,2022,,53.776,,"PDRB Per Kapita Atas Dasar Harga Berlaku di Provinsi Maluku Utara Menurut Kabupaten/Kota (ribu rupiah), 2020–2024","Per Capita GRDP at Current Market Prices by Regency/Municipality, in Maluku Utara Province (thousand rupiahss), 2020–2024",32,2,d858d10d566d
PAPUA BARAT,01,Kab. Fak-Fak,,2022,,63.832,,"PDRB Per Kapita Atas Dasar Harga Berlaku di Provinsi Papua Barat Menurut Kabupaten/Kota (ribu rupiah), 2020–2024","Per Capita GRDP at Current Market Prices by Regency/Municipality, in Papua Barat Province (thousand rupiahss), 2020–2024",33,3,e3da3e983ec1
PAPUA BARAT,02,Kab. Kaimana,,2022,,42.601,,"PDRB Per Kapita Atas Dasar Harga Berlaku di Provinsi Papua Barat Menurut Kabupaten/Kota (ribu rupiah), 2020–2024","Per Capita GRDP at Current Market Prices by Regency/Municipality, in Papua Barat Province (thousand rupiahss), 2020–2024",33,3,bd276462a4b0
PAPUA BARAT,03,Kab. Teluk Wondama,,2022,,37.975,,"PDRB Per Kapita Atas Dasar Harga Berlaku di Provinsi Papua Barat Menurut Kabupaten/Kota (ribu rupiah), 2020–2024","Per Capita GRDP at Current Market Prices by Regency/Municipality, in Papua Barat Province (thousand rupiahss), 2020–2024",33,3,7e78ccca815f
PAPUA BARAT,04,Kab. Teluk Bintuni,,2022,,392.066,,"PDRB Per Kapita Atas Dasar Harga Berlaku di Provinsi Papua Barat Menurut Kabupaten/Kota (ribu rupiah), 2020–2024","Per Capita GRDP at Current Market Prices by Regency/Municipality, in Papua Barat Province (thousand rupiahss), 2020–2024",33,3,2246d08992da
PAPUA BARAT,05,Kab. Manokwari,,2022,,51.359,,"PDRB Per Kapita Atas Dasar Harga Berlaku di Provinsi Papua Barat Menurut Kabupaten/Kota (ribu rupiah), 2020–2024","Per Capita GRDP at Current Market Prices by Regency/Municipality, in Papua Barat Province (thousand rupiahss), 2020–2024",33,3,39003d50cf69
PAPUA BARAT,06,Kab. Sorong Selatan,,2022,,38.865,,"PDRB Per Kapita Atas Dasar Harga Berlaku di Provinsi Papua Barat Menurut Kabupaten/Kota (ribu rupiah), 2020–2024","Per Capita GRDP at Current Market Prices by Regency/Municipality, in Papua Barat Province (thousand rupiahss), 2020–2024",33,3,b559746b6444
PAPUA BARAT,07,Kab. Sorong,,2022,,95.763,,"PDRB Per Kapita Atas Dasar Harga Berlaku di Provinsi Papua Barat Menurut Kabupaten/Kota (ribu rupiah), 2020–2024","Per Capita GRDP at Current Market Prices by Regency/Municipality, in Papua Barat Province (thousand rupiahss), 2020–2024",33,3,ec8e853270f9
PAPUA BARAT,08,Kab. Raja Ampat,,2022,,60.753,,"PDRB Per Kapita Atas Dasar Harga Berlaku di Provinsi Papua Barat Menurut Kabupaten/Kota (ribu rupiah), 2020–2024","Per Capita GRDP at Current Market Prices by Regency/Municipality, in Papua Barat Province (thousand rupiahss), 2020–2024",33,3,e832923eab05
PAPUA BARAT,09,Kab. Tambrauw,,2022,,8.594,,"PDRB Per Kapita Atas Dasar Harga Berlaku di Provinsi Papua Barat Menurut Kabupaten/Kota (ribu rupiah), 2020–2024","Per Capita GRDP at Current Market Prices by Regency/Municipality, in Papua Barat Province (thousand rupiahss), 2020–2024",33,3,a3bfedee8f72
PAPUA BARAT,10,Kab. Maybrat,,2022,,17.451,,"PDRB Per Kapita Atas Dasar Harga Berlaku di Provinsi Papua Barat Menurut Kabupaten/Kota (ribu rupiah), 2020–2024","Per Capita GRDP at Current Market Prices by Regency/Municipality, in Papua Barat Province (thousand rupiahss), 2020–2024",33,3,67d2c06bdee2
PAPUA BARAT,11,Kab. Manokwari Selatan,,2022,,23.886,,"PDRB Per Kapita Atas Dasar Harga Berlaku di Provinsi Papua Barat Menurut Kabupaten/Kota (ribu rupiah), 2020–2024","Per Capita GRDP at Current Market Prices by Regency/Municipality, in Papua Barat Province (thousand rupiahss), 2020–2024",33,3,1ff614993ced
PAPUA BARAT,12,Kab. Pegunungan Arfak,,2022,,7.026,,"PDRB Per Kapita Atas Dasar Harga Berlaku di Provinsi Papua Barat Menurut Kabupaten/Kota (ribu rupiah), 2020–2024","Per Capita GRDP at Current Market Prices by Regency/Municipality, in Papua Barat Province (thousand rupiahss), 2020–2024",33,3,1dcc9fbfa9e9
PAPUA BARAT,71,Kota Sorong,,2022,,55.567,,"PDRB Per Kapita Atas Dasar Harga Berlaku di Provinsi Papua Barat Menurut Kabupaten/Kota (ribu rupiah), 2020–2024","Per Capita GRDP at Current Market Prices by Regency/Municipality, in Papua Barat Province (thousand rupiahss), 2020–2024",33,3,5ecaa6482b59
PAPUA BARAT,,Jml Kab./Kota Total of Reg./Mun.,,2022,,78.108,,"PDRB Per Kapita Atas Dasar Harga Berlaku di Provinsi Papua Barat Menurut Kabupaten/Kota (ribu rupiah), 2020–2024","Per Capita GRDP at Current Market Prices by Regency/Municipality, in Papua Barat Province (thousand rupiahss), 2020–2024",33,3,168556fc1ac2
PAPUA BARAT,,Provinsi/Province,,2022,,78.141,,"PDRB Per Kapita Atas Dasar Harga Berlaku di Provinsi Papua Barat Menurut Kabupaten/Kota (ribu rupiah), 2020–2024","Per Capita GRDP at Current Market Prices by Regency/Municipality, in Papua Barat Province (thousand rupiahss), 2020–2024",33,3,bb12e4454b52
PAPUA BARAT DAYA,01,Kab. Raja Ampat,,2022,,--,,"PDRB Per Kapita Atas Dasar Harga Berlaku di Provinsi Papua Barat Daya Menurut Kabupaten/Kota (ribu rupiah), 2020–2024","Per Capita GRDP at Current Market Prices by Regency/Municipality, in Papua Barat Daya Province (thousand rupiahss), 2020–2024",34,4,278040a8c64e
PAPUA BARAT DAYA,02,Kab. Sorong,,2022,,--,,"PDRB Per Kapita Atas Dasar Harga Berlaku di Provinsi Papua Barat Daya Menurut Kabupaten/Kota (ribu rupiah), 2020–2024","Per Capita GRDP at Current Market Prices by Regency/Municipality, in Papua Barat Daya Province (thousand rupiahss), 2020–2024",34,4,e0a80bf89edb
PAPUA BARAT DAYA,03,Kab. Sorong Selatan,,2022,,--,,"PDRB Per Kapita Atas Dasar Harga Berlaku di Provinsi Papua Barat Daya Menurut Kabupaten/Kota (ribu rupiah), 2020–2024","Per Capita GRDP at Current Market Prices by Regency/Municipality, in Papua Barat Daya Province (thousand rupiahss), 2020–2024",34,4,fe980a605a9d
PAPUA BARAT DAYA,04,Kab. Maybrat,,2022,,--,,"PDRB Per Kapita Atas Dasar Harga Berlaku di Provinsi Papua Barat Daya Menurut Kabupaten/Kota (ribu rupiah), 2020–2024","Per Capita GRDP at Current Market Prices by Regency/Municipality, in Papua Barat Daya Province (thousand rupiahss), 2020–2024",34,4,ace9a90d20e4
PAPUA BARAT DAYA,05,Kab. Tambrauw,,2022,,--,,"PDRB Per Kapita Atas Dasar Harga Berlaku di Provinsi Papua Barat Daya Menurut Kabupaten/Kota (ribu rupiah), 2020–2024","Per Capita GRDP at Current Market Prices by Regency/Municipality, in Papua Barat Daya Province (thousand rupiahss), 2020–2024",34,4,657034e8470d
PAPUA BARAT DAYA,71,Kota Sorong,,2022,,--,,"PDRB Per Kapita Atas Dasar Harga Berlaku di Provinsi Papua Barat Daya Menurut Kabupaten/Kota (ribu rupiah), 2020–2024","Per Capita GRDP at Current Market Prices by Regency/Municipality, in Papua Barat Daya Province (thousand rupiahss), 2020–2024",34,4,b455d53de975
PAPUA BARAT DAYA,,Jml Kab./Kota Total of Reg./Mun.,,2022,,--,,"PDRB Per Kapita Atas Dasar Harga Berlaku di Provinsi Papua Barat Daya Menurut Kabupaten/Kota (ribu rupiah), 2020–2024","Per Capita GRDP at Current Market Prices by Regency/Municipality, in Papua Barat Daya Province (thousand rupiahss), 2020–2024",34,4,f45c56d82524
PAPUA BARAT DAYA,,Provinsi/Province,,2022,,--,,"PDRB Per Kapita Atas Dasar Harga Berlaku di Provinsi Papua Barat Daya Menurut Kabupaten/Kota (ribu rupiah), 2020–2024","Per Capita GRDP at Current Market Prices by Regency/Municipality, in Papua Barat Daya Province (thousand rupiahss), 2020–2024",34,4,2b4d3d624ae5
PAPUA,01,Kab. Merauke,,2022,,74.154,,"PDRB Per Kapita Atas Dasar Harga Berlaku di Provinsi Papua Menurut Kabupaten/Kota (ribu rupiah), 2020–2024","Per Capita GRDP at Current Market Prices by Regency/Municipality, in Papua Province (thousand rupiahss), 2020–2024",35,5,222a5e8d40be
PAPUA,02,Kab. Jayawijaya,,2022,,33.310,,"PDRB Per Kapita Atas Dasar Harga Berlaku di Provinsi Papua Menurut Kabupaten/Kota (ribu rupiah), 2020–2024","Per Capita GRDP at Current Market Prices by Regency/Municipality, in Papua Province (thousand rupiahss), 2020–2024",35,5,ccba4df042aa
PAPUA,03,Kab. Jayapura,,2022,,107.440,,"PDRB Per Kapita Atas Dasar Harga Berlaku di Provinsi Papua Menurut Kabupaten/Kota (ribu rupiah), 2020–2024","Per Capita GRDP at Current Market Prices by Regency/Municipality, in Papua Province (thousand rupiahss), 2020–2024",35,5,1cd7ef62796b
PAPUA,04,Kab. Nabire,,2022,,73.169,,"PDRB Per Kapita Atas Dasar Harga Berlaku di Provinsi Papua Menurut Kabupaten/Kota (ribu rupiah), 2020–2024","Per Capita GRDP at Current Market Prices by Regency/Municipality, in Papua Province (thousand rupiahss), 2020–2024",35,5,1a6bdacfc0c2
PAPUA,08,Kab. Kepulauan Yapen,,2022,,40.365,,"PDRB Per Kapita Atas Dasar Harga Berlaku di Provinsi Papua Menurut Kabupaten/Kota (ribu rupiah), 2020–2024","Per Capita GRDP at Current Market Prices by Regency/Municipality, in Papua Province (thousand rupiahss), 2020–2024",35,5,a26f0d2116a0
PAPUA,09,Kab. Biak Numfor,,2022,,42.607,,"PDRB Per Kapita Atas Dasar Harga Berlaku di Provinsi Papua Menurut Kabupaten/Kota (ribu rupiah), 2020–2024","Per Capita GRDP at Current Market Prices by Regency/Municipality, in Papua Province (thousand rupiahss), 2020–2024",35,5,28d53bad22ff
PAPUA,10,Kab. Paniai,,2022,,20.646,,"PDRB Per Kapita Atas Dasar Harga Berlaku di Provinsi Papua Menurut Kabupaten/Kota (ribu rupiah), 2020–2024","Per Capita GRDP at Current Market Prices by Regency/Municipality, in Papua Province (thousand rupiahss), 2020–2024",35,5,7017d585fd80
PAPUA,11,Kab. Puncak Jaya,,2022,,6.289,,"PDRB Per Kapita Atas Dasar Harga Berlaku di Provinsi Papua Menurut Kabupaten/Kota (ribu rupiah), 2020–2024","Per Capita GRDP at Current Market Prices by Regency/Municipality, in Papua Province (thousand rupiahss), 2020–2024",35,5,73cc2a64799d
PAPUA,12,Kab. Mimika,,2022,,345.374,,"PDRB Per Kapita Atas Dasar Harga Berlaku di Provinsi Papua Menurut Kabupaten/Kota (ribu rupiah), 2020–2024","Per Capita GRDP at Current Market Prices by Regency/Municipality, in Papua Province (thousand rupiahss), 2020–2024",35,5,6ed540031922
PAPUA,13,Kab. Boven Digoel,,2022,,76.593,,"PDRB Per Kapita Atas Dasar Harga Berlaku di Provinsi Papua Menurut Kabupaten/Kota (ribu rupiah), 2020–2024","Per Capita GRDP at Current Market Prices by Regency/Municipality, in Papua Province (thousand rupiahss), 2020–2024",35,5,d4c9427b32b4
PAPUA,14,Kab. Mappi,,2022,,30.175,,"PDRB Per Kapita Atas Dasar Harga Berlaku di Provinsi Papua Menurut Kabupaten/Kota (ribu rupiah), 2020–2024","Per Capita GRDP at Current Market Prices by Regency/Municipality, in Papua Province (thousand rupiahss), 2020–2024",35,5,cc99fa9c99eb
PAPUA,15,Kab. Asmat,,2022,,25.321,,"PDRB Per Kapita Atas Dasar Harga Berlaku di Provinsi Papua Menurut Kabupaten/Kota (ribu rupiah), 2020–2024","Per Capita GRDP at Current Market Prices by Regency/Municipality, in Papua Province (thousand rupiahss), 2020–2024",35,5,688083f75f6e
PAPUA,16,Kab. Yahukimo,,2022,,7.450,,"PDRB Per Kapita Atas Dasar Harga Berlaku di Provinsi Papua Menurut Kabupaten/Kota (ribu rupiah), 2020–2024","Per Capita GRDP at Current Market Prices by Regency/Municipality, in Papua Province (thousand rupiahss), 2020–2024",35,5,36c6db598660
PAPUA,17,Kab. Pegunungan Bintang,,2022,,27.369,,"PDRB Per Kapita Atas Dasar Harga Berlaku di Provinsi Papua Menurut Kabupaten/Kota (ribu rupiah), 2020–2024","Per Capita GRDP at Current Market Prices by Regency/Municipality, in Papua Province (thousand rupiahss), 2020–2024",35,5,8bc6cf63d797
PAPUA,18,Kab. Tolikara,,2022,,7.512,,"PDRB Per Kapita Atas Dasar Harga Berlaku di Provinsi Papua Menurut Kabupaten/Kota (ribu rupiah), 2020–2024","Per Capita GRDP at Current Market Prices by Regency/Municipality, in Papua Province (thousand rupiahss), 2020–2024",35,5,f3540efec297
PAPUA,19,Kab. Sarmi,,2022,,78.434,,"PDRB Per Kapita Atas Dasar Harga Berlaku di Provinsi Papua Menurut Kabupaten/Kota (ribu rupiah), 2020–2024","Per Capita GRDP at Current Market Prices by Regency/Municipality, in Papua Province (thousand rupiahss), 2020–2024",35,5,753578d01bd3
PAPUA,20,Kab. Keerom,,2022,,51.026,,"PDRB Per Kapita Atas Dasar Harga Berlaku di Provinsi Papua Menurut Kabupaten/Kota (ribu rupiah), 2020–2024","Per Capita GRDP at Current Market Prices by Regency/Municipality, in Papua Province (thousand rupiahss), 2020–2024",35,5,1906990a4fcc
PAPUA,26,Kab. Waropen,,2022,,66.364,,"PDRB Per Kapita Atas Dasar Harga Berlaku di Provinsi Papua Menurut Kabupaten/Kota (ribu rupiah), 2020–2024","Per Capita GRDP at Current Market Prices by Regency/Municipality, in Papua Province (thousand rupiahss), 2020–2024",35,5,2ba0273f35cd
PAPUA,27,Kab. Supiori,,2022,,48.542,,"PDRB Per Kapita Atas Dasar Harga Berlaku di Provinsi Papua Menurut Kabupaten/Kota (ribu rupiah), 2020–2024","Per Capita GRDP at Current Market Prices by Regency/Municipality, in Papua Province (thousand rupiahss), 2020–2024",35,5,0ab31ad906dc
PAPUA,28,Kab. Mamberamo Raya,,2022,,52.101,,"PDRB Per Kapita Atas Dasar Harga Berlaku di Provinsi Papua Menurut Kabupaten/Kota (ribu rupiah), 2020–2024","Per Capita GRDP at Current Market Prices by Regency/Municipality, in Papua Province (thousand rupiahss), 2020–2024",35,5,be028f616d67
PAPUA,29,Kab. Nduga,,2022,,12.845,,"PDRB Per Kapita Atas Dasar Harga Berlaku di Provinsi Papua Menurut Kabupaten/Kota (ribu rupiah), 2020–2024","Per Capita GRDP at Current Market Prices by Regency/Municipality, in Papua Province (thousand rupiahss), 2020–2024",35,5,809745be0af1
PAPUA,30,Kab. Lanny Jaya,,2022,,10.591,,"PDRB Per Kapita Atas Dasar Harga Berlaku di Provinsi Papua Menurut Kabupaten/Kota (ribu rupiah), 2020–2024","Per Capita GRDP at Current Market Prices by Regency/Municipality, in Papua Province (thousand rupiahss), 2020–2024",35,5,dca91ae7a493
PAPUA,31,Kab. Mamberamo Tengah,,2022,,24.700,,"PDRB Per Kapita Atas Dasar Harga Berlaku di Provinsi Papua Menurut Kabupaten/Kota (ribu rupiah), 2020–2024","Per Capita GRDP at Current Market Prices by Regency/Municipality, in Papua Province (thousand rupiahss), 2020–2024",35,5,82afddf3a665
PAPUA,32,Kab. Yalimo,,2022,,13.702,,"PDRB Per Kapita Atas Dasar Harga Berlaku di Provinsi Papua Menurut Kabupaten/Kota (ribu rupiah), 2020–2024","Per Capita GRDP at Current Market Prices by Regency/Municipality, in Papua Province (thousand rupiahss), 2020–2024",35,5,1b9f80e65465
PAPUA,33,Kab. Puncak,,2022,,13.597,,"PDRB Per Kapita Atas Dasar Harga Berlaku di Provinsi Papua Menurut Kabupaten/Kota (ribu rupiah), 2020–2024","Per Capita GRDP at Current Market Prices by Regency/Municipality, in Papua Province (thousand rupiahss), 2020–2024",35,5,26f2897d875a
PAPUA,34,Kab. Dogiyai,,2022,,11.914,,"PDRB Per Kapita Atas Dasar Harga Berlaku di Provinsi Papua Menurut Kabupaten/Kota (ribu rupiah), 2020–2024","Per Capita GRDP at Current Market Prices by Regency/Municipality, in Papua Province (thousand rupiahss), 2020–2024",35,5,087e3b8c7ea7
PAPUA,35,Kab.intan Jaya,,2022,,9.751,,"PDRB Per Kapita Atas Dasar Harga Berlaku di Provinsi Papua Menurut Kabupaten/Kota (ribu rupiah), 2020–2024","Per Capita GRDP at Current Market Prices by Regency/Municipality, in Papua Province (thousand rupiahss), 2020–2024",35,5,2fe25a21f123
PAPUA,36,Kab. Deiyai,,2022,,15.316,,"PDRB Per Kapita Atas Dasar Harga Berlaku di Provinsi Papua Menurut Kabupaten/Kota (ribu rupiah), 2020–2024","Per Capita GRDP at Current Market Prices by Regency/Municipality, in Papua Province (thousand rupiahss), 2020–2024",35,5,c9c2d4e166dd
PAPUA,71,Kota Jayapura,,2022,,86.470,,"PDRB Per Kapita Atas Dasar Harga Berlaku di Provinsi Papua Menurut Kabupaten/Kota (ribu rupiah), 2020–2024","Per Capita GRDP at Current Market Prices by Regency/Municipality, in Papua Province (thousand rupiahss), 2020–2024",35,5,994cd9b098ea
PAPUA,,Jml Kab./Kota Total of Reg./Mun.,,2022,,59.307,,"PDRB Per Kapita Atas Dasar Harga Berlaku di Provinsi Papua Menurut Kabupaten/Kota (ribu rupiah), 2020–2024","Per Capita GRDP at Current Market Prices by Regency/Municipality, in Papua Province (thousand rupiahss), 2020–2024",35,5,14d87d6e322c
PAPUA,,Provinsi/Province,,2022,,59.384,,"PDRB Per Kapita Atas Dasar Harga Berlaku di Provinsi Papua Menurut Kabupaten/Kota (ribu rupiah), 2020–2024","Per Capita GRDP at Current Market Prices by Regency/Municipality, in Papua Province (thousand rupiahss), 2020–2024",35,5,27ec1712f1b9
PAPUA SELATAN,01,Kab. Merauke,,2022,,--,,"PDRB Per Kapita Atas Dasar Harga Berlaku di Provinsi Papua Selatan Menurut Kabupaten/Kota (ribu rupiah), 2020–2024","Per Capita GRDP at Current Market Prices by Regency/Municipality, in Papua Selatan Province (thousand rupiahss), 2020–2024",36,6,f22352af54b7
PAPUA SELATAN,02,Kab. Boven Digoel,,2022,,--,,"PDRB Per Kapita Atas Dasar Harga Berlaku di Provinsi Papua Selatan Menurut Kabupaten/Kota (ribu rupiah), 2020–2024","Per Capita GRDP at Current Market Prices by Regency/Municipality, in Papua Selatan Province (thousand rupiahss), 2020–2024",36,6,46d540870f81
PAPUA SELATAN,03,Kab. Mappi,,2022,,--,,"PDRB Per Kapita Atas Dasar Harga Berlaku di Provinsi Papua Selatan Menurut Kabupaten/Kota (ribu rupiah), 2020–2024","Per Capita GRDP at Current Market Prices by Regency/Municipality, in Papua Selatan Province (thousand rupiahss), 2020–2024",36,6,1be025fe5c52
PAPUA SELATAN,04,Kab. Asmat,,2022,,--,,"PDRB Per Kapita Atas Dasar Harga Berlaku di Provinsi Papua Selatan Menurut Kabupaten/Kota (ribu rupiah), 2020–2024","Per Capita GRDP at Current Market Prices by Regency/Municipality, in Papua Selatan Province (thousand rupiahss), 2020–2024",36,6,c644e22a096e
PAPUA SELATAN,,Jml Kab./Kota Total of Reg./Mun.,,2022,,--,,"PDRB Per Kapita Atas Dasar Harga Berlaku di Provinsi Papua Selatan Menurut Kabupaten/Kota (ribu rupiah), 2020–2024","Per Capita GRDP at Current Market Prices by Regency/Municipality, in Papua Selatan Province (thousand rupiahss), 2020–2024",36,6,23823302d987
PAPUA SELATAN,,Provinsi/Province,,2022,,--,,"PDRB Per Kapita Atas Dasar Harga Berlaku di Provinsi Papua Selatan Menurut Kabupaten/Kota (ribu rupiah), 2020–2024","Per Capita GRDP at Current Market Prices by Regency/Municipality, in Papua Selatan Province (thousand rupiahss), 2020–2024",36,6,21874bd4f461
PAPUA TENGAH,01,Kab. Mimika,,2022,,--,,"PDRB Per Kapita Atas Dasar Harga Berlaku di Provinsi Papua Tengah Menurut Kabupaten/Kota (ribu rupiah), 2020–2024","Per Capita GRDP at Current Market Prices by Regency/Municipality, in Papua Tengah Province (thousand rupiahss), 2020–2024",37,7,e6198e204681
PAPUA TENGAH,02,Kab. Dogiyai,,2022,,--,,"PDRB Per Kapita Atas Dasar Harga Berlaku di Provinsi Papua Tengah Menurut Kabupaten/Kota (ribu rupiah), 2020–2024","Per Capita GRDP at Current Market Prices by Regency/Municipality, in Papua Tengah Province (thousand rupiahss), 2020–2024",37,7,d8ccfe2676eb
PAPUA TENGAH,03,Kab. Deiyai,,2022,,--,,"PDRB Per Kapita Atas Dasar Harga Berlaku di Provinsi Papua Tengah Menurut Kabupaten/Kota (ribu rupiah), 2020–2024","Per Capita GRDP at Current Market Prices by Regency/Municipality, in Papua Tengah Province (thousand rupiahss), 2020–2024",37,7,a3f4e4819717
PAPUA TENGAH,04,Kab. Nabire,,2022,,--,,"PDRB Per Kapita Atas Dasar Harga Berlaku di Provinsi Papua Tengah Menurut Kabupaten/Kota (ribu rupiah), 2020–2024","Per Capita GRDP at Current Market Prices by Regency/Municipality, in Papua Tengah Province (thousand rupiahss), 2020–2024",37,7,9bad6ac44cb7
PAPUA TENGAH,05,Kab. Paniai,,2022,,--,,"PDRB Per Kapita Atas Dasar Harga Berlaku di Provinsi Papua Tengah Menurut Kabupaten/Kota (ribu rupiah), 2020–2024","Per Capita GRDP at Current Market Prices by Regency/Municipality, in Papua Tengah Province (thousand rupiahss), 2020–2024",37,7,d95914df8d0a
PAPUA TENGAH,06,Kab. Intan Jaya,,2022,,--,,"PDRB Per Kapita Atas Dasar Harga Berlaku di Provinsi Papua Tengah Menurut Kabupaten/Kota (ribu rupiah), 2020–2024","Per Capita GRDP at Current Market Prices by Regency/Municipality, in Papua Tengah Province (thousand rupiahss), 2020–2024",37,7,8828bddf0a4c
PAPUA TENGAH,07,Kab. Puncak,,2022,,--,,"PDRB Per Kapita Atas Dasar Harga Berlaku di Provinsi Papua Tengah Menurut Kabupaten/Kota (ribu rupiah), 2020–2024","Per Capita GRDP at Current Market Prices by Regency/Municipality, in Papua Tengah Province (thousand rupiahss), 2020–2024",37,7,eb40626f88a7
PAPUA TENGAH,08,Kab. Puncak Jaya,,2022,,--,,"PDRB Per Kapita Atas Dasar Harga Berlaku di Provinsi Papua Tengah Menurut Kabupaten/Kota (ribu rupiah), 2020–2024","Per Capita GRDP at Current Market Prices by Regency/Municipality, in Papua Tengah Province (thousand rupiahss), 2020–2024",37,7,d5c5b84c2d87
PAPUA TENGAH,,Jml Kab./Kota Total of Reg./Mun.,,2022,,--,,"PDRB Per Kapita Atas Dasar Harga Berlaku di Provinsi Papua Tengah Menurut Kabupaten/Kota (ribu rupiah), 2020–2024","Per Capita GRDP at Current Market Prices by Regency/Municipality, in Papua Tengah Province (thousand rupiahss), 2020–2024",37,7,378be5c10641
PAPUA TENGAH,,Provinsi/Province,,2022,,--,,"PDRB Per Kapita Atas Dasar Harga Berlaku di Provinsi Papua Tengah Menurut Kabupaten/Kota (ribu rupiah), 2020–2024","Per Capita GRDP at Current Market Prices by Regency/Municipality, in Papua Tengah Province (thousand rupiahss), 2020–2024",37,7,a86726ca6b21
PAPUA PEGUNUNGAN,01,Kab. Nduga,,2022,,--,,"PDRB Per Kapita Atas Dasar Harga Berlaku di Provinsi Papua Pegunungan Menurut Kabupaten/Kota (ribu rupiah), 2020–2024","Per Capita GRDP at Current Market Prices by Regency/Municipality, in Papua Pegunungan Province (thousand rupiahss), 2020–2024",38,8,3d04b483167f
PAPUA PEGUNUNGAN,02,Kab. Jayawijaya,,2022,,--,,"PDRB Per Kapita Atas Dasar Harga Berlaku di Provinsi Papua Pegunungan Menurut Kabupaten/Kota (ribu rupiah), 2020–2024","Per Capita GRDP at Current Market Prices by Regency/Municipality, in Papua Pegunungan Province (thousand rupiahss), 2020–2024",38,8,da14f61c8a0f
PAPUA PEGUNUNGAN,03,Kab. Lanny Jaya,,2022,,--,,"PDRB Per Kapita Atas Dasar Harga Berlaku di Provinsi Papua Pegunungan Menurut Kabupaten/Kota (ribu rupiah), 2020–2024","Per Capita GRDP at Current Market Prices by Regency/Municipality, in Papua Pegunungan Province (thousand rupiahss), 2020–2024",38,8,936de23e6710
PAPUA PEGUNUNGAN,04,Kab. Tolikara,,2022,,--,,"PDRB Per Kapita Atas Dasar Harga Berlaku di Provinsi Papua Pegunungan Menurut Kabupaten/Kota (ribu rupiah), 2020–2024","Per Capita GRDP at Current Market Prices by Regency/Municipality, in Papua Pegunungan Province (thousand rupiahss), 2020–2024",38,8,3a6b438b24b9
PAPUA PEGUNUNGAN,05,Kab. Mamberamo Tengah,,2022,,--,,"PDRB Per Kapita Atas Dasar Harga Berlaku di Provinsi Papua Pegunungan Menurut Kabupaten/Kota (ribu rupiah), 2020–2024","Per Capita GRDP at Current Market Prices by Regency/Municipality, in Papua Pegunungan Province (thousand rupiahss), 2020–2024",38,8,27953f895aa7
PAPUA PEGUNUNGAN,06,Kab. Yalimo,,2022,,--,,"PDRB Per Kapita Atas Dasar Harga Berlaku di Provinsi Papua Pegunungan Menurut Kabupaten/Kota (ribu rupiah), 2020–2024","Per Capita GRDP at Current Market Prices by Regency/Municipality, in Papua Pegunungan Province (thousand rupiahss), 2020–2024",38,8,5b503328c11c
PAPUA PEGUNUNGAN,07,Kab. Yahukimo,,2022,,--,,"PDRB Per Kapita Atas Dasar Harga Berlaku di Provinsi Papua Pegunungan Menurut Kabupaten/Kota (ribu rupiah), 2020–2024","Per Capita GRDP at Current Market Prices by Regency/Municipality, in Papua Pegunungan Province (thousand rupiahss), 2020–2024",38,8,283aff7c3f59
PAPUA PEGUNUNGAN,08,Kab. Pegunungan Bintang,,2022,,--,,"PDRB Per Kapita Atas Dasar Harga Berlaku di Provinsi Papua Pegunungan Menurut Kabupaten/Kota (ribu rupiah), 2020–2024","Per Capita GRDP at Current Market Prices by Regency/Municipality, in Papua Pegunungan Province (thousand rupiahss), 2020–2024",38,8,e00a70402131
PAPUA PEGUNUNGAN,,Jml Kab./Kota Total of Reg./Mun.,,2022,,--,,"PDRB Per Kapita Atas Dasar Harga Berlaku di Provinsi Papua Pegunungan Menurut Kabupaten/Kota (ribu rupiah), 2020–2024","Per Capita GRDP at Current Market Prices by Regency/Municipality, in Papua Pegunungan Province (thousand rupiahss), 2020–2024",38,8,0b26f1d7505a
PAPUA PEGUNUNGAN,,Provinsi/Province,,2022,,--,,"PDRB Per Kapita Atas Dasar Harga Berlaku di Provinsi Papua Pegunungan Menurut Kabupaten/Kota (ribu rupiah), 2020–2024","Per Capita GRDP at Current Market Prices by Regency/Municipality, in Papua Pegunungan Province (thousand rupiahss), 2020–2024",38,8,b96992c59e3b
MALUKU,01,Kab. Kepulauan Tanimbar,,2023,*,26.366,,"PDRB Per Kapita Atas Dasar Harga Berlaku di Provinsi Maluku Menurut Kabupaten/Kota (ribu rupiah), 2020–2024","Per Capita GRDP at Current Market Prices by Regency/Municipality, in Maluku Province (thousand rupiahss), 2020–2024",31,1,9d39b129e9f9
MALUKU,02,Kab. Maluku Tenggara,,2023,*,32.893,,"PDRB Per Kapita Atas Dasar Harga Berlaku di Provinsi Maluku Menurut Kabupaten/Kota (ribu rupiah), 2020–2024","Per Capita GRDP at Current Market Prices by Regency/Municipality, in Maluku Province (thousand rupiahss), 2020–2024",31,1,98346fbeecde
MALUKU,03,Kab. Maluku Tengah,,2023,*,24.680,,"PDRB Per Kapita Atas Dasar Harga Berlaku di Provinsi Maluku Menurut Kabupaten/Kota (ribu rupiah), 2020–2024","Per Capita GRDP at Current Market Prices by Regency/Municipality, in Maluku Province (thousand rupiahss), 2020–2024",31,1,0fbf8fe722df
MALUKU,04,Kab. Buru,,2023,*,21.201,,"PDRB Per Kapita Atas Dasar Harga Berlaku di Provinsi Maluku Menurut Kabupaten/Kota (ribu rupiah), 2020–2024","Per Capita GRDP at Current Market Prices by Regency/Municipality, in Maluku Province (thousand rupiahss), 2020–2024",31,1,4e3c6c00939f
MALUKU,05,Kab. Kepulauan Aru,,2023,*,41.319,,"PDRB Per Kapita Atas Dasar Harga Berlaku di Provinsi Maluku Menurut Kabupaten/Kota (ribu rupiah), 2020–2024","Per Capita GRDP at Current Market Prices by Regency/Municipality, in Maluku Province (thousand rupiahss), 2020–2024",31,1,2c0053331331
MALUKU,06,Kab. Seram Bagian Barat,,2023,*,17.031,,"PDRB Per Kapita Atas Dasar Harga Berlaku di Provinsi Maluku Menurut Kabupaten/Kota (ribu rupiah), 2020–2024","Per Capita GRDP at Current Market Prices by Regency/Municipality, in Maluku Province (thousand rupiahss), 2020–2024",31,1,e9f82b75180b
MALUKU,07,Kab. Seram Bagian Timur,,2023,*,24.233,,"PDRB Per Kapita Atas Dasar Harga Berlaku di Provinsi Maluku Menurut Kabupaten/Kota (ribu rupiah), 2020–2024","Per Capita GRDP at Current Market Prices by Regency/Municipality, in Maluku Province (thousand rupiahss), 2020–2024",31,1,38cd614155f0
MALUKU,08,Kab. Maluku Barat Daya,,2023,*,33.433,,"PDRB Per Kapita Atas Dasar Harga Berlaku di Provinsi Maluku Menurut Kabupaten/Kota (ribu rupiah), 2020–2024","Per Capita GRDP at Current Market Prices by Regency/Municipality, in Maluku Province (thousand rupiahss), 2020–2024",31,1,75dc7b2ae167
MALUKU,09,Kab. Buru Selatan,,2023,*,22.229,,"PDRB Per Kapita Atas Dasar Harga Berlaku di Provinsi Maluku Menurut Kabupaten/Kota (ribu rupiah), 2020–2024","Per Capita GRDP at Current Market Prices by Regency/Municipality, in Maluku Province (thousand rupiahss), 2020–2024",31,1,92d050581de9
MALUKU,71,Kota Ambon,,2023,*,51.568,,"PDRB Per Kapita Atas Dasar Harga Berlaku di Provinsi Maluku Menurut Kabupaten/Kota (ribu rupiah), 2020–2024","Per Capita GRDP at Current Market Prices by Regency/Municipality, in Maluku Province (thousand rupiahss), 2020–2024",31,1,89072c2cb590
MALUKU,72,Kota Tual,,2023,*,34.994,,"PDRB Per Kapita Atas Dasar Harga Berlaku di Provinsi Maluku Menurut Kabupaten/Kota (ribu rupiah), 2020–2024","Per Capita GRDP at Current Market Prices by Regency/Municipality, in Maluku Province (thousand rupiahss), 2020–2024",31,1,3ea30f522472
MALUKU,,Jml Kab./Kota Total of Reg./Mun.,,2023,*,30.889,,"PDRB Per Kapita Atas Dasar Harga Berlaku di Provinsi Maluku Menurut Kabupaten/Kota (ribu rupiah), 2020–2024","Per Capita GRDP at Current Market Prices by Regency/Municipality, in Maluku Province (thousand rupiahss), 2020–2024",31,1,7b8996db1f33
MALUKU,,Provinsi/Province,,2023,*,30.455,,"PDRB Per Kapita Atas Dasar Harga Berlaku di Provinsi Maluku Menurut Kabupaten/Kota (ribu rupiah), 2020–2024","Per Capita GRDP at Current Market Prices by Regency/Municipality, in Maluku Province (thousand rupiahss), 2020–2024",31,1,93d705526c44
MALUKU UTARA,01,Kab. Halmahera Barat,,2023,*,19.677,,"PDRB Per Kapita Atas Dasar Harga Berlaku di Provinsi Maluku Utara Menurut Kabupaten/Kota (ribu rupiah), 2020–2024","Per Capita GRDP at Current Market Prices by Regency/Municipality, in Maluku Utara Province (thousand rupiahss), 2020–2024",32,2,4d406b1b5055
MALUKU UTARA,02,Kab. Halmahera Tengah,,2023,*,471.377,,"PDRB Per Kapita Atas Dasar Harga Berlaku di Provinsi Maluku Utara Menurut Kabupaten/Kota (ribu rupiah), 2020–2024","Per Capita GRDP at Current Market Prices by Regency/Municipality, in Maluku Utara Province (thousand rupiahss), 2020–2024",32,2,5bdf46073051
MALUKU UTARA,03,Kab. Kepulauan Sula,,2023,*,28.320,,"PDRB Per Kapita Atas Dasar Harga Berlaku di Provinsi Maluku Utara Menurut Kabupaten/Kota (ribu rupiah), 2020–2024","Per Capita GRDP at Current Market Prices by Regency/Municipality, in Maluku Utara Province (thousand rupiahss), 2020–2024",32,2,7aa6cc16e744
MALUKU UTARA,04,Kab. Halmahera Selatan,,2023,*,68.092,,"PDRB Per Kapita Atas Dasar Harga Berlaku di Provinsi Maluku Utara Menurut Kabupaten/Kota (ribu rupiah), 2020–2024","Per Capita GRDP at Current Market Prices by Regency/Municipality, in Maluku Utara Province (thousand rupiahss), 2020–2024",32,2,7088a0b3552d
MALUKU UTARA,05,Kab. Halmahera Utara,,2023,*,32.904,,"PDRB Per Kapita Atas Dasar Harga Berlaku di Provinsi Maluku Utara Menurut Kabupaten/Kota (ribu rupiah), 2020–2024","Per Capita GRDP at Current Market Prices by Regency/Municipality, in Maluku Utara Province (thousand rupiahss), 2020–2024",32,2,a9acb29b569c
MALUKU UTARA,06,Kab. Halmahera Timur,,2023,*,54.329,,"PDRB Per Kapita Atas Dasar Harga Berlaku di Provinsi Maluku Utara Menurut Kabupaten/Kota (ribu rupiah), 2020–2024","Per Capita GRDP at Current Market Prices by Regency/Municipality, in Maluku Utara Province (thousand rupiahss), 2020–2024",32,2,7a675a786727
MALUKU UTARA,07,Kab. Pulau Morotai,,2023,*,23.752,,"PDRB Per Kapita Atas Dasar Harga Berlaku di Provinsi Maluku Utara Menurut Kabupaten/Kota (ribu rupiah), 2020–2024","Per Capita GRDP at Current Market Prices by Regency/Municipality, in Maluku Utara Province (thousand rupiahss), 2020–2024",32,2,e8aa9eae9483
MALUKU UTARA,08,Kab. Pulau Taliabu,,2023,*,32.049,,"PDRB Per Kapita Atas Dasar Harga Berlaku di Provinsi Maluku Utara Menurut Kabupaten/Kota (ribu rupiah), 2020–2024","Per Capita GRDP at Current Market Prices by Regency/Municipality, in Maluku Utara Province (thousand rupiahss), 2020–2024",32,2,881feb952e11
MALUKU UTARA,71,Kota Ternate,,2023,*,64.160,,"PDRB Per Kapita Atas Dasar Harga Berlaku di Provinsi Maluku Utara Menurut Kabupaten/Kota (ribu rupiah), 2020–2024","Per Capita GRDP at Current Market Prices by Regency/Municipality, in Maluku Utara Province (thousand rupiahss), 2020–2024",32,2,e7be77cac8d4
MALUKU UTARA,72,Kota Tidore Kepulauan,,2023,*,29.199,,"PDRB Per Kapita Atas Dasar Harga Berlaku di Provinsi Maluku Utara Menurut Kabupaten/Kota (ribu rupiah), 2020–2024","Per Capita GRDP at Current Market Prices by Regency/Municipality, in Maluku Utara Province (thousand rupiahss), 2020–2024",32,2,789fe9d3bc80
MALUKU UTARA,,Jml Kab./Kota Total of Reg./Mun.,,2023,*,63.478,,"PDRB Per Kapita Atas Dasar Harga Berlaku di Provinsi Maluku Utara Menurut Kabupaten/Kota (ribu rupiah), 2020–2024","Per Capita GRDP at Current Market Prices by Regency/Municipality, in Maluku Utara Province (thousand rupiahss), 2020–2024",32,2,ef1b1fbd63be
MALUKU UTARA,,Provinsi/Province,,2023,*,63.675,,"PDRB Per Kapita Atas Dasar Harga Berlaku di Provinsi Maluku Utara Menurut Kabupaten/Kota (ribu rupiah), 2020–2024","Per Capita GRDP at Current Market Prices by Regency/Municipality, in Maluku Utara Province (thousand rupiahss), 2020–2024",32,2,572b45b1d255
PAPUA BARAT,01,Kab. Fak-Fak,,2023,*,65.475,,"PDRB Per Kapita Atas Dasar Harga Berlaku di Provinsi Papua Barat Menurut Kabupaten/Kota (ribu rupiah), 2020–2024","Per Capita GRDP at Current Market Prices by Regency/Municipality, in Papua Barat Province (thousand rupiahss), 2020–2024",33,3,7585cbff469b
PAPUA BARAT,02,Kab. Kaimana,,2023,*,44.506,,"PDRB Per Kapita Atas Dasar Harga Berlaku di Provinsi Papua Barat Menurut Kabupaten/Kota (ribu rupiah), 2020–2024","Per Capita GRDP at Current Market Prices by Regency/Municipality, in Papua Barat Province (thousand rupiahss), 2020–2024",33,3,285ee40759f4
PAPUA BARAT,03,Kab. Teluk Wondama,,2023,*,39.290,,"PDRB Per Kapita Atas Dasar Harga Berlaku di Provinsi Papua Barat Menurut Kabupaten/Kota (ribu rupiah), 2020–2024","Per Capita GRDP at Current Market Prices by Regency/Municipality, in Papua Barat Province (thousand rupiahss), 2020–2024",33,3,563c4713411d
PAPUA BARAT,04,Kab. Teluk Bintuni,,2023,*,438.847,,"PDRB Per Kapita Atas Dasar Harga Berlaku di Provinsi Papua Barat Menurut Kabupaten/Kota (ribu rupiah), 2020–2024","Per Capita GRDP at Current Market Prices by Regency/Municipality, in Papua Barat Province (thousand rupiahss), 2020–2024",33,3,46f96d84734f
PAPUA BARAT,05,Kab. Manokwari,,2023,*,52.757,,"PDRB Per Kapita Atas Dasar Harga Berlaku di Provinsi Papua Barat Menurut Kabupaten/Kota (ribu rupiah), 2020–2024","Per Capita GRDP at Current Market Prices by Regency/Municipality, in Papua Barat Province (thousand rupiahss), 2020–2024",33,3,10047fcfc33e
PAPUA BARAT,06,Kab. Sorong Selatan,,2023,*,--,,"PDRB Per Kapita Atas Dasar Harga Berlaku di Provinsi Papua Barat Menurut Kabupaten/Kota (ribu rupiah), 2020–2024","Per Capita GRDP at Current Market Prices by Regency/Municipality, in Papua Barat Province (thousand rupiahss), 2020–2024",33,3,a52c08932051
PAPUA BARAT,07,Kab. Sorong,,2023,*,--,,"PDRB Per Kapita Atas Dasar Harga Berlaku di Provinsi Papua Barat Menurut Kabupaten/Kota (ribu rupiah), 2020–2024","Per Capita GRDP at Current Market Prices by Regency/Municipality, in Papua Barat Province (thousand rupiahss), 2020–2024",33,3,8b1fa2bd5010
PAPUA BARAT,08,Kab. Raja Ampat,,2023,*,--,,"PDRB Per Kapita Atas Dasar Harga Berlaku di Provinsi Papua Barat Menurut Kabupaten/Kota (ribu rupiah), 2020–2024","Per Capita GRDP at Current Market Prices by Regency/Municipality, in Papua Barat Province (thousand rupiahss), 2020–2024",33,3,b9edee522d36
PAPUA BARAT,09,Kab. Tambrauw,,2023,*,--,,"PDRB Per Kapita Atas Dasar Harga Berlaku di Provinsi Papua Barat Menurut Kabupaten/Kota (ribu rupiah), 2020–2024","Per Capita GRDP at Current Market Prices by Regency/Municipality, in Papua Barat Province (thousand rupiahss), 2020–2024",33,3,9c10b9212696
PAPUA BARAT,10,Kab. Maybrat,,2023,*,--,,"PDRB Per Kapita Atas Dasar Harga Berlaku di Provinsi Papua Barat Menurut Kabupaten/Kota (ribu rupiah), 2020–2024","Per Capita GRDP at Current Market Prices by Regency/Municipality, in Papua Barat Province (thousand rupiahss), 2020–2024",33,3,8a1b6430ff23
PAPUA BARAT,11,Kab. Manokwari Selatan,,2023,*,24.372,,"PDRB Per Kapita Atas Dasar Harga Berlaku di Provinsi Papua Barat Menurut Kabupaten/Kota (ribu rupiah), 2020–2024","Per Capita GRDP at Current Market Prices by Regency/Municipality, in Papua Barat Province (thousand rupiahss), 2020–2024",33,3,872cb8eb55a3
PAPUA BARAT,12,Kab. Pegunungan Arfak,,2023,*,7.583,,"PDRB Per Kapita Atas Dasar Harga Berlaku di Provinsi Papua Barat Menurut Kabupaten/Kota (ribu rupiah), 2020–2024","Per Capita GRDP at Current Market Prices by Regency/Municipality, in Papua Barat Province (thousand rupiahss), 2020–2024",33,3,d4a3b19b92bc
PAPUA BARAT,71,Kota Sorong,,2023,*,--,,"PDRB Per Kapita Atas Dasar Harga Berlaku di Provinsi Papua Barat Menurut Kabupaten/Kota (ribu rupiah), 2020–2024","Per Capita GRDP at Current Market Prices by Regency/Municipality, in Papua Barat Province (thousand rupiahss), 2020–2024",33,3,ede3d3a0a2f6
PAPUA BARAT,,Jml Kab./Kota Total of Reg./Mun.,,2023,*,108.693,,"PDRB Per Kapita Atas Dasar Harga Berlaku di Provinsi Papua Barat Menurut Kabupaten/Kota (ribu rupiah), 2020–2024","Per Capita GRDP at Current Market Prices by Regency/Municipality, in Papua Barat Province (thousand rupiahss), 2020–2024",33,3,d089a10dc0b6
PAPUA BARAT,,Provinsi/Province,,2023,*,108.110,,"PDRB Per Kapita Atas Dasar Harga Berlaku di Provinsi Papua Barat Menurut Kabupaten/Kota (ribu rupiah), 2020–2024","Per Capita GRDP at Current Market Prices by Regency/Municipality, in Papua Barat Province (thousand rupiahss), 2020–2024",33,3,6f3fde6d8b29
PAPUA BARAT DAYA,01,Kab. Raja Ampat,,2023,*,60.653,,"PDRB Per Kapita Atas Dasar Harga Berlaku di Provinsi Papua Barat Daya Menurut Kabupaten/Kota (ribu rupiah), 2020–2024","Per Capita GRDP at Current Market Prices by Regency/Municipality, in Papua Barat Daya Province (thousand rupiahss), 2020–2024",34,4,a4f4264d0ed6
PAPUA BARAT DAYA,02,Kab. Sorong,,2023,*,98.566,,"PDRB Per Kapita Atas Dasar Harga Berlaku di Provinsi Papua Barat Daya Menurut Kabupaten/Kota (ribu rupiah), 2020–2024","Per Capita GRDP at Current Market Prices by Regency/Municipality, in Papua Barat Daya Province (thousand rupiahss), 2020–2024",34,4,8d698d8d5de0
PAPUA BARAT DAYA,03,Kab. Sorong Selatan,,2023,*,40.752,,"PDRB Per Kapita Atas Dasar Harga Berlaku di Provinsi Papua Barat Daya Menurut Kabupaten/Kota (ribu rupiah), 2020–2024","Per Capita GRDP at Current Market Prices by Regency/Municipality, in Papua Barat Daya Province (thousand rupiahss), 2020–2024",34,4,805f17ff957a
PAPUA BARAT DAYA,04,Kab. Maybrat,,2023,*,17.569,,"PDRB Per Kapita Atas Dasar Harga Berlaku di Provinsi Papua Barat Daya Menurut Kabupaten/Kota (ribu rupiah), 2020–2024","Per Capita GRDP at Current Market Prices by Regency/Municipality, in Papua Barat Daya Province (thousand rupiahss), 2020–2024",34,4,73420cdc699c
PAPUA BARAT DAYA,05,Kab. Tambrauw,,2023,*,8.906,,"PDRB Per Kapita Atas Dasar Harga Berlaku di Provinsi Papua Barat Daya Menurut Kabupaten/Kota (ribu rupiah), 2020–2024","Per Capita GRDP at Current Market Prices by Regency/Municipality, in Papua Barat Daya Province (thousand rupiahss), 2020–2024",34,4,838942b0a166
PAPUA BARAT DAYA,71,Kota Sorong,,2023,*,57.043,,"PDRB Per Kapita Atas Dasar Harga Berlaku di Provinsi Papua Barat Daya Menurut Kabupaten/Kota (ribu rupiah), 2020–2024","Per Capita GRDP at Current Market Prices by Regency/Municipality, in Papua Barat Daya Province (thousand rupiahss), 2020–2024",34,4,a2955460ecd0
PAPUA BARAT DAYA,,Jml Kab./Kota Total of Reg./Mun.,,2023,*,58.845,,"PDRB Per Kapita Atas Dasar Harga Berlaku di Provinsi Papua Barat Daya Menurut Kabupaten/Kota (ribu rupiah), 2020–2024","Per Capita GRDP at Current Market Prices by Regency/Municipality, in Papua Barat Daya Province (thousand rupiahss), 2020–2024",34,4,ce845cf31187
PAPUA BARAT DAYA,,Provinsi/Province,,2023,*,58.450,,"PDRB Per Kapita Atas Dasar Harga Berlaku di Provinsi Papua Barat Daya Menurut Kabupaten/Kota (ribu rupiah), 2020–2024","Per Capita GRDP at Current Market Prices by Regency/Municipality, in Papua Barat Daya Province (thousand rupiahss), 2020–2024",34,4,9f2ac0fede19
PAPUA,01,Kab. Merauke,,2023,*,--,,"PDRB Per Kapita Atas Dasar Harga Berlaku di Provinsi Papua Menurut Kabupaten/Kota (ribu rupiah), 2020–2024","Per Capita GRDP at Current Market Prices by Regency/Municipality, in Papua Province (thousand rupiahss), 2020–2024",35,5,e644839b5fea
PAPUA,02,Kab. Jayawijaya,,2023,*,--,,"PDRB Per Kapita Atas Dasar Harga Berlaku di Provinsi Papua Menurut Kabupaten/Kota (ribu rupiah), 2020–2024","Per Capita GRDP at Current Market Prices by Regency/Municipality, in Papua Province (thousand rupiahss), 2020–2024",35,5,ca6dbbcded89
PAPUA,03,Kab. Jayapura,,2023,*,111.937,,"PDRB Per Kapita Atas Dasar Harga Berlaku di Provinsi Papua Menurut Kabupaten/Kota (ribu rupiah), 2020–2024","Per Capita GRDP at Current Market Prices by Regency/Municipality, in Papua Province (thousand rupiahss), 2020–2024",35,5,21771e23d9c0
PAPUA,04,Kab. Nabire,,2023,*,--,,"PDRB Per Kapita Atas Dasar Harga Berlaku di Provinsi Papua Menurut Kabupaten/Kota (ribu rupiah), 2020–2024","Per Capita GRDP at Current Market Prices by Regency/Municipality, in Papua Province (thousand rupiahss), 2020–2024",35,5,109ef09ba06b
PAPUA,08,Kab. Kepulauan Yapen,,2023,*,42.464,,"PDRB Per Kapita Atas Dasar Harga Berlaku di Provinsi Papua Menurut Kabupaten/Kota (ribu rupiah), 2020–2024","Per Capita GRDP at Current Market Prices by Regency/Municipality, in Papua Province (thousand rupiahss), 2020–2024",35,5,2c6ba9c46495
PAPUA,09,Kab. Biak Numfor,,2023,*,45.065,,"PDRB Per Kapita Atas Dasar Harga Berlaku di Provinsi Papua Menurut Kabupaten/Kota (ribu rupiah), 2020–2024","Per Capita GRDP at Current Market Prices by Regency/Municipality, in Papua Province (thousand rupiahss), 2020–2024",35,5,9e53906513b9
PAPUA,10,Kab. Paniai,,2023,*,--,,"PDRB Per Kapita Atas Dasar Harga Berlaku di Provinsi Papua Menurut Kabupaten/Kota (ribu rupiah), 2020–2024","Per Capita GRDP at Current Market Prices by Regency/Municipality, in Papua Province (thousand rupiahss), 2020–2024",35,5,a6b1fc17c429
PAPUA,11,Kab. Puncak Jaya,,2023,*,--,,"PDRB Per Kapita Atas Dasar Harga Berlaku di Provinsi Papua Menurut Kabupaten/Kota (ribu rupiah), 2020–2024","Per Capita GRDP at Current Market Prices by Regency/Municipality, in Papua Province (thousand rupiahss), 2020–2024",35,5,6a652d30d8f4
PAPUA,12,Kab. Mimika,,2023,*,--,,"PDRB Per Kapita Atas Dasar Harga Berlaku di Provinsi Papua Menurut Kabupaten/Kota (ribu rupiah), 2020–2024","Per Capita GRDP at Current Market Prices by Regency/Municipality, in Papua Province (thousand rupiahss), 2020–2024",35,5,26791fb421f4
PAPUA,13,Kab. Boven Digoel,,2023,*,--,,"PDRB Per Kapita Atas Dasar Harga Berlaku di Provinsi Papua Menurut Kabupaten/Kota (ribu rupiah), 2020–2024","Per Capita GRDP at Current Market Prices by Regency/Municipality, in Papua Province (thousand rupiahss), 2020–2024",35,5,5935c4f46f47
PAPUA,14,Kab. Mappi,,2023,*,--,,"PDRB Per Kapita Atas Dasar Harga Berlaku di Provinsi Papua Menurut Kabupaten/Kota (ribu rupiah), 2020–2024","Per Capita GRDP at Current Market Prices by Regency/Municipality, in Papua Province (thousand rupiahss), 2020–2024",35,5,0692b36a9190
PAPUA,15,Kab. Asmat,,2023,*,--,,"PDRB Per Kapita Atas Dasar Harga Berlaku di Provinsi Papua Menurut Kabupaten/Kota (ribu rupiah), 2020–2024","Per Capita GRDP at Current Market Prices by Regency/Municipality, in Papua Province (thousand rupiahss), 2020–2024",35,5,31992a92504f
PAPUA,16,Kab. Yahukimo,,2023,*,--,,"PDRB Per Kapita Atas Dasar Harga Berlaku di Provinsi Papua Menurut Kabupaten/Kota (ribu rupiah), 2020–2024","Per Capita GRDP at Current Market Prices by Regency/Municipality, in Papua Province (thousand rupiahss), 2020–2024",35,5,1de1a20ba9c4
PAPUA,17,Kab. Pegunungan Bintang,,2023,*,--,,"PDRB Per Kapita Atas Dasar Harga Berlaku di Provinsi Papua Menurut Kabupaten/Kota (ribu rupiah), 2020–2024","Per Capita GRDP at Current Market Prices by Regency/Municipality, in Papua Province (thousand rupiahss), 2020–2024",35,5,715f2a001f96
PAPUA,18,Kab. Tolikara,,2023,*,--,,"PDRB Per Kapita Atas Dasar Harga Berlaku di Provinsi Papua Menurut Kabupaten/Kota (ribu rupiah), 2020–2024","Per Capita GRDP at Current Market Prices by Regency/Municipality, in Papua Province (thousand rupiahss), 2020–2024",35,5,10268882ed83
PAPUA,19,Kab. Sarmi,,2023,*,83.467,,"PDRB Per Kapita Atas Dasar Harga Berlaku di Provinsi Papua Menurut Kabupaten/Kota (ribu rupiah), 2020–2024","Per Capita GRDP at Current Market Prices by Regency/Municipality, in Papua Province (thousand rupiahss), 2020–2024",35,5,3db0bc692086
PAPUA,20,Kab. Keerom,,2023,*,53.337,,"PDRB Per Kapita Atas Dasar Harga Berlaku di Provinsi Papua Menurut Kabupaten/Kota (ribu rupiah), 2020–2024","Per Capita GRDP at Current Market Prices by Regency/Municipality, in Papua Province (thousand rupiahss), 2020–2024",35,5,c75fc31e8448
PAPUA,26,Kab. Waropen,,2023,*,65.591,,"PDRB Per Kapita Atas Dasar Harga Berlaku di Provinsi Papua Menurut Kabupaten/Kota (ribu rupiah), 2020–2024","Per Capita GRDP at Current Market Prices by Regency/Municipality, in Papua Province (thousand rupiahss), 2020–2024",35,5,6007e94e30fc
PAPUA,27,Kab. Supiori,,2023,*,48.805,,"PDRB Per Kapita Atas Dasar Harga Berlaku di Provinsi Papua Menurut Kabupaten/Kota (ribu rupiah), 2020–2024","Per Capita GRDP at Current Market Prices by Regency/Municipality, in Papua Province (thousand rupiahss), 2020–2024",35,5,233456a8a596
PAPUA,28,Kab. Mamberamo Raya,,2023,*,55.479,,"PDRB Per Kapita Atas Dasar Harga Berlaku di Provinsi Papua Menurut Kabupaten/Kota (ribu rupiah), 2020–2024","Per Capita GRDP at Current Market Prices by Regency/Municipality, in Papua Province (thousand rupiahss), 2020–2024",35,5,ea6ccaf5cba8
PAPUA,29,Kab. Nduga,,2023,*,--,,"PDRB Per Kapita Atas Dasar Harga Berlaku di Provinsi Papua Menurut Kabupaten/Kota (ribu rupiah), 2020–2024","Per Capita GRDP at Current Market Prices by Regency/Municipality, in Papua Province (thousand rupiahss), 2020–2024",35,5,5cf4250c8b25
PAPUA,30,Kab. Lanny Jaya,,2023,*,--,,"PDRB Per Kapita Atas Dasar Harga Berlaku di Provinsi Papua Menurut Kabupaten/Kota (ribu rupiah), 2020–2024","Per Capita GRDP at Current Market Prices by Regency/Municipality, in Papua Province (thousand rupiahss), 2020–2024",35,5,8af2c7432105
PAPUA,31,Kab. Mamberamo Tengah,,2023,*,--,,"PDRB Per Kapita Atas Dasar Harga Berlaku di Provinsi Papua Menurut Kabupaten/Kota (ribu rupiah), 2020–2024","Per Capita GRDP at Current Market Prices by Regency/Municipality, in Papua Province (thousand rupiahss), 2020–2024",35,5,ef6791c8d60d
PAPUA,32,Kab. Yalimo,,2023,*,--,,"PDRB Per Kapita Atas Dasar Harga Berlaku di Provinsi Papua Menurut Kabupaten/Kota (ribu rupiah), 2020–2024","Per Capita GRDP at Current Market Prices by Regency/Municipality, in Papua Province (thousand rupiahss), 2020–2024",35,5,8ab59e624850
PAPUA,33,Kab. Puncak,,2023,*,--,,"PDRB Per Kapita Atas Dasar Harga Berlaku di Provinsi Papua Menurut Kabupaten/Kota (ribu rupiah), 2020–2024","Per Capita GRDP at Current Market Prices by Regency/Municipality, in Papua Province (thousand rupiahss), 2020–2024",35,5,9e2a485a4e82
PAPUA,34,Kab. Dogiyai,,2023,*,--,,"PDRB Per Kapita Atas Dasar Harga Berlaku di Provinsi Papua Menurut Kabupaten/Kota (ribu rupiah), 2020–2024","Per Capita GRDP at Current Market Prices by Regency/Municipality, in Papua Province (thousand rupiahss), 2020–2024",35,5,fc252809eed4
PAPUA,35,Kab.intan Jaya,,2023,*,--,,"PDRB Per Kapita Atas Dasar Harga Berlaku di Provinsi Papua Menurut Kabupaten/Kota (ribu rupiah), 2020–2024","Per Capita GRDP at Current Market Prices by Regency/Municipality, in Papua Province (thousand rupiahss), 2020–2024",35,5,d77f766d8bc3
PAPUA,36,Kab. Deiyai,,2023,*,--,,"PDRB Per Kapita Atas Dasar Harga Berlaku di Provinsi Papua Menurut Kabupaten/Kota (ribu rupiah), 2020–2024","Per Capita GRDP at Current Market Prices by Regency/Municipality, in Papua Province (thousand rupiahss), 2020–2024",35,5,5c28746859f3
PAPUA,71,Kota Jayapura,,2023,*,91.284,,"PDRB Per Kapita Atas Dasar Harga Berlaku di Provinsi Papua Menurut Kabupaten/Kota (ribu rupiah), 2020–2024","Per Capita GRDP at Current Market Prices by Regency/Municipality, in Papua Province (thousand rupiahss), 2020–2024",35,5,e2fef206ea3a
PAPUA,,Jml Kab./Kota Total of Reg./Mun.,,2023,*,77.279,,"PDRB Per Kapita Atas Dasar Harga Berlaku di Provinsi Papua Menurut Kabupaten/Kota (ribu rupiah), 2020–2024","Per Capita GRDP at Current Market Prices by Regency/Municipality, in Papua Province (thousand rupiahss), 2020–2024",35,5,faf4834fdac2
PAPUA,,Provinsi/Province,,2023,*,78.055,,"PDRB Per Kapita Atas Dasar Harga Berlaku di Provinsi Papua Menurut Kabupaten/Kota (ribu rupiah), 2020–2024","Per Capita GRDP at Current Market Prices by Regency/Municipality, in Papua Province (thousand rupiahss), 2020–2024",35,5,1c40f757a58a
PAPUA SELATAN,01,Kab. Merauke,,2023,*,79.961,,"PDRB Per Kapita Atas Dasar Harga Berlaku di Provinsi Papua Selatan Menurut Kabupaten/Kota (ribu rupiah), 2020–2024","Per Capita GRDP at Current Market Prices by Regency/Municipality, in Papua Selatan Province (thousand rupiahss), 2020–2024",36,6,4c5d94493f5d
PAPUA SELATAN,02,Kab. Boven Digoel,,2023,*,78.844,,"PDRB Per Kapita Atas Dasar Harga Berlaku di Provinsi Papua Selatan Menurut Kabupaten/Kota (ribu rupiah), 2020–2024","Per Capita GRDP at Current Market Prices by Regency/Municipality, in Papua Selatan Province (thousand rupiahss), 2020–2024",36,6,67301de1d86c
PAPUA SELATAN,03,Kab. Mappi,,2023,*,31.859,,"PDRB Per Kapita Atas Dasar Harga Berlaku di Provinsi Papua Selatan Menurut Kabupaten/Kota (ribu rupiah), 2020–2024","Per Capita GRDP at Current Market Prices by Regency/Municipality, in Papua Selatan Province (thousand rupiahss), 2020–2024",36,6,036db9e0ec33
PAPUA SELATAN,04,Kab. Asmat,,2023,*,27.225,,"PDRB Per Kapita Atas Dasar Harga Berlaku di Provinsi Papua Selatan Menurut Kabupaten/Kota (ribu rupiah), 2020–2024","Per Capita GRDP at Current Market Prices by Regency/Municipality, in Papua Selatan Province (thousand rupiahss), 2020–2024",36,6,4f099f08f7aa
PAPUA SELATAN,,Jml Kab./Kota Total of Reg./Mun.,,2023,*,58.158,,"PDRB Per Kapita Atas Dasar Harga Berlaku di Provinsi Papua Selatan Menurut Kabupaten/Kota (ribu rupiah), 2020–2024","Per Capita GRDP at Current Market Prices by Regency/Municipality, in Papua Selatan Province (thousand rupiahss), 2020–2024",36,6,be51ce6b76cc
PAPUA SELATAN,,Provinsi/Province,,2023,*,58.677,,"PDRB Per Kapita Atas Dasar Harga Berlaku di Provinsi Papua Selatan Menurut Kabupaten/Kota (ribu rupiah), 2020–2024","Per Capita GRDP at Current Market Prices by Regency/Municipality, in Papua Selatan Province (thousand rupiahss), 2020–2024",36,6,7e94ba980ef7
PAPUA TENGAH,01,Kab. Mimika,,2023,*,391.756,,"PDRB Per Kapita Atas Dasar Harga Berlaku di Provinsi Papua Tengah Menurut Kabupaten/Kota (ribu rupiah), 2020–2024","Per Capita GRDP at Current Market Prices by Regency/Municipality, in Papua Tengah Province (thousand rupiahss), 2020–2024",37,7,940cf7016bbc
PAPUA TENGAH,02,Kab. Dogiyai,,2023,*,12.512,,"PDRB Per Kapita Atas Dasar Harga Berlaku di Provinsi Papua Tengah Menurut Kabupaten/Kota (ribu rupiah), 2020–2024","Per Capita GRDP at Current Market Prices by Regency/Municipality, in Papua Tengah Province (thousand rupiahss), 2020–2024",37,7,95f1a59709a2
PAPUA TENGAH,03,Kab. Deiyai,,2023,*,15.907,,"PDRB Per Kapita Atas Dasar Harga Berlaku di Provinsi Papua Tengah Menurut Kabupaten/Kota (ribu rupiah), 2020–2024","Per Capita GRDP at Current Market Prices by Regency/Municipality, in Papua Tengah Province (thousand rupiahss), 2020–2024",37,7,db32c56aa391
PAPUA TENGAH,04,Kab. Nabire,,2023,*,77.926,,"PDRB Per Kapita Atas Dasar Harga Berlaku di Provinsi Papua Tengah Menurut Kabupaten/Kota (ribu rupiah), 2020–2024","Per Capita GRDP at Current Market Prices by Regency/Municipality, in Papua Tengah Province (thousand rupiahss), 2020–2024",37,7,68873ea7b391
PAPUA TENGAH,05,Kab. Paniai,,2023,*,21.552,,"PDRB Per Kapita Atas Dasar Harga Berlaku di Provinsi Papua Tengah Menurut Kabupaten/Kota (ribu rupiah), 2020–2024","Per Capita GRDP at Current Market Prices by Regency/Municipality, in Papua Tengah Province (thousand rupiahss), 2020–2024",37,7,d7ecf8358804
PAPUA TENGAH,06,Kab. Intan Jaya,,2023,*,9.915,,"PDRB Per Kapita Atas Dasar Harga Berlaku di Provinsi Papua Tengah Menurut Kabupaten/Kota (ribu rupiah), 2020–2024","Per Capita GRDP at Current Market Prices by Regency/Municipality, in Papua Tengah Province (thousand rupiahss), 2020–2024",37,7,3be789dd734a
PAPUA TENGAH,07,Kab. Puncak,,2023,*,13.774,,"PDRB Per Kapita Atas Dasar Harga Berlaku di Provinsi Papua Tengah Menurut Kabupaten/Kota (ribu rupiah), 2020–2024","Per Capita GRDP at Current Market Prices by Regency/Municipality, in Papua Tengah Province (thousand rupiahss), 2020–2024",37,7,c7f499915ceb
PAPUA TENGAH,08,Kab. Puncak Jaya,,2023,*,6.464,,"PDRB Per Kapita Atas Dasar Harga Berlaku di Provinsi Papua Tengah Menurut Kabupaten/Kota (ribu rupiah), 2020–2024","Per Capita GRDP at Current Market Prices by Regency/Municipality, in Papua Tengah Province (thousand rupiahss), 2020–2024",37,7,0cc45c981352
PAPUA TENGAH,,Jml Kab./Kota Total of Reg./Mun.,,2023,*,105.442,,"PDRB Per Kapita Atas Dasar Harga Berlaku di Provinsi Papua Tengah Menurut Kabupaten/Kota (ribu rupiah), 2020–2024","Per Capita GRDP at Current Market Prices by Regency/Municipality, in Papua Tengah Province (thousand rupiahss), 2020–2024",37,7,15c4128d1b75
PAPUA TENGAH,,Provinsi/Province,,2023,*,103.508,,"PDRB Per Kapita Atas Dasar Harga Berlaku di Provinsi Papua Tengah Menurut Kabupaten/Kota (ribu rupiah), 2020–2024","Per Capita GRDP at Current Market Prices by Regency/Municipality, in Papua Tengah Province (thousand rupiahss), 2020–2024",37,7,f6aabe55fef6
PAPUA PEGUNUNGAN,01,Kab. Nduga,,2023,*,13.531,,"PDRB Per Kapita Atas Dasar Harga Berlaku di Provinsi Papua Pegunungan Menurut Kabupaten/Kota (ribu rupiah), 2020–2024","Per Capita GRDP at Current Market Prices by Regency/Municipality, in Papua Pegunungan Province (thousand rupiahss), 2020–2024",38,8,4f669c1bbcd1
PAPUA PEGUNUNGAN,02,Kab. Jayawijaya,,2023,*,36.504,,"PDRB Per Kapita Atas Dasar Harga Berlaku di Provinsi Papua Pegunungan Menurut Kabupaten/Kota (ribu rupiah), 2020–2024","Per Capita GRDP at Current Market Prices by Regency/Municipality, in Papua Pegunungan Province (thousand rupiahss), 2020–2024",38,8,da091c1aea94
PAPUA PEGUNUNGAN,03,Kab. Lanny Jaya,,2023,*,11.309,,"PDRB Per Kapita Atas Dasar Harga Berlaku di Provinsi Papua Pegunungan Menurut Kabupaten/Kota (ribu rupiah), 2020–2024","Per Capita GRDP at Current Market Prices by Regency/Municipality, in Papua Pegunungan Province (thousand rupiahss), 2020–2024",38,8,58f2900221c8
PAPUA PEGUNUNGAN,04,Kab. Tolikara,,2023,*,8.223,,"PDRB Per Kapita Atas Dasar Harga Berlaku di Provinsi Papua Pegunungan Menurut Kabupaten/Kota (ribu rupiah), 2020–2024","Per Capita GRDP at Current Market Prices by Regency/Municipality, in Papua Pegunungan Province (thousand rupiahss), 2020–2024",38,8,f41d843a4108
PAPUA PEGUNUNGAN,05,Kab. Mamberamo Tengah,,2023,*,26.632,,"PDRB Per Kapita Atas Dasar Harga Berlaku di Provinsi Papua Pegunungan Menurut Kabupaten/Kota (ribu rupiah), 2020–2024","Per Capita GRDP at Current Market Prices by Regency/Municipality, in Papua Pegunungan Province (thousand rupiahss), 2020–2024",38,8,0ceb23232de0
PAPUA PEGUNUNGAN,06,Kab. Yalimo,,2023,*,14.606,,"PDRB Per Kapita Atas Dasar Harga Berlaku di Provinsi Papua Pegunungan Menurut Kabupaten/Kota (ribu rupiah), 2020–2024","Per Capita GRDP at Current Market Prices by Regency/Municipality, in Papua Pegunungan Province (thousand rupiahss), 2020–2024",38,8,03d2a411011b
PAPUA PEGUNUNGAN,07,Kab. Yahukimo,,2023,*,7.900,,"PDRB Per Kapita Atas Dasar Harga Berlaku di Provinsi Papua Pegunungan Menurut Kabupaten/Kota (ribu rupiah), 2020–2024","Per Capita GRDP at Current Market Prices by Regency/Municipality, in Papua Pegunungan Province (thousand rupiahss), 2020–2024",38,8,063f41c98542
PAPUA PEGUNUNGAN,08,Kab. Pegunungan Bintang,,2023,*,28.924,,"PDRB Per Kapita Atas Dasar Harga Berlaku di Provinsi Papua Pegunungan Menurut Kabupaten/Kota (ribu rupiah), 2020–2024","Per Capita GRDP at Current Market Prices by Regency/Municipality, in Papua Pegunungan Province (thousand rupiahss), 2020–2024",38,8,0096dbb655da
PAPUA PEGUNUNGAN,,Jml Kab./Kota Total of Reg./Mun.,,2023,*,16.734,,"PDRB Per Kapita Atas Dasar Harga Berlaku di Provinsi Papua Pegunungan Menurut Kabupaten/Kota (ribu rupiah), 2020–2024","Per Capita GRDP at Current Market Prices by Regency/Municipality, in Papua Pegunungan Province (thousand rupiahss), 2020–2024",38,8,b286157b18df
PAPUA PEGUNUNGAN,,Provinsi/Province,,2023,*,16.870,,"PDRB Per Kapita Atas Dasar Harga Berlaku di Provinsi Papua Pegunungan Menurut Kabupaten/Kota (ribu rupiah), 2020–2024","Per Capita GRDP at Current Market Prices by Regency/Municipality, in Papua Pegunungan Province (thousand rupiahss), 2020–2024",38,8,2f433bca44b0
MALUKU,01,Kab. Kepulauan Tanimbar,,2024,**,27.728,,"PDRB Per Kapita Atas Dasar Harga Berlaku di Provinsi Maluku Menurut Kabupaten/Kota (ribu rupiah), 2020–2024","Per Capita GRDP at Current Market Prices by Regency/Municipality, in Maluku Province (thousand rupiahss), 2020–2024",31,1,be5221464f83
MALUKU,02,Kab. Maluku Tenggara,,2024,**,34.920,,"PDRB Per Kapita Atas Dasar Harga Berlaku di Provinsi Maluku Menurut Kabupaten/Kota (ribu rupiah), 2020–2024","Per Capita GRDP at Current Market Prices by Regency/Municipality, in Maluku Province (thousand rupiahss), 2020–2024",31,1,065c897ecd4a
MALUKU,03,Kab. Maluku Tengah,,2024,**,25.983,,"PDRB Per Kapita Atas Dasar Harga Berlaku di Provinsi Maluku Menurut Kabupaten/Kota (ribu rupiah), 2020–2024","Per Capita GRDP at Current Market Prices by Regency/Municipality, in Maluku Province (thousand rupiahss), 2020–2024",31,1,a2513ea2bb67
MALUKU,04,Kab. Buru,,2024,**,22.256,,"PDRB Per Kapita Atas Dasar Harga Berlaku di Provinsi Maluku Menurut Kabupaten/Kota (ribu rupiah), 2020–2024","Per Capita GRDP at Current Market Prices by Regency/Municipality, in Maluku Province (thousand rupiahss), 2020–2024",31,1,cb788d7ce279
MALUKU,05,Kab. Kepulauan Aru,,2024,**,43.620,,"PDRB Per Kapita Atas Dasar Harga Berlaku di Provinsi Maluku Menurut Kabupaten/Kota (ribu rupiah), 2020–2024","Per Capita GRDP at Current Market Prices by Regency/Municipality, in Maluku Province (thousand rupiahss), 2020–2024",31,1,9ff451ad9f58
MALUKU,06,Kab. Seram Bagian Barat,,2024,**,18.037,,"PDRB Per Kapita Atas Dasar Harga Berlaku di Provinsi Maluku Menurut Kabupaten/Kota (ribu rupiah), 2020–2024","Per Capita GRDP at Current Market Prices by Regency/Municipality, in Maluku Province (thousand rupiahss), 2020–2024",31,1,2f04d45c6034
MALUKU,07,Kab. Seram Bagian Timur,,2024,**,25.034,,"PDRB Per Kapita Atas Dasar Harga Berlaku di Provinsi Maluku Menurut Kabupaten/Kota (ribu rupiah), 2020–2024","Per Capita GRDP at Current Market Prices by Regency/Municipality, in Maluku Province (thousand rupiahss), 2020–2024",31,1,4b30510f2d8d
MALUKU,08,Kab. Maluku Barat Daya,,2024,**,36.666,,"PDRB Per Kapita Atas Dasar Harga Berlaku di Provinsi Maluku Menurut Kabupaten/Kota (ribu rupiah), 2020–2024","Per Capita GRDP at Current Market Prices by Regency/Municipality, in Maluku Province (thousand rupiahss), 2020–2024",31,1,e63db11dbccb
MALUKU,09,Kab. Buru Selatan,,2024,**,23.340,,"PDRB Per Kapita Atas Dasar Harga Berlaku di Provinsi Maluku Menurut Kabupaten/Kota (ribu rupiah), 2020–2024","Per Capita GRDP at Current Market Prices by Regency/Municipality, in Maluku Province (thousand rupiahss), 2020–2024",31,1,01a6fc032895
MALUKU,71,Kota Ambon,,2024,**,54.699,,"PDRB Per Kapita Atas Dasar Harga Berlaku di Provinsi Maluku Menurut Kabupaten/Kota (ribu rupiah), 2020–2024","Per Capita GRDP at Current Market Prices by Regency/Municipality, in Maluku Province (thousand rupiahss), 2020–2024",31,1,54cf27a2f164
MALUKU,72,Kota Tual,,2024,**,36.846,,"PDRB Per Kapita Atas Dasar Harga Berlaku di Provinsi Maluku Menurut Kabupaten/Kota (ribu rupiah), 2020–2024","Per Capita GRDP at Current Market Prices by Regency/Municipality, in Maluku Province (thousand rupiahss), 2020–2024",31,1,3d956d2c95e4
MALUKU,,Jml Kab./Kota Total of Reg./Mun.,,2024,**,32.641,,"PDRB Per Kapita Atas Dasar Harga Berlaku di Provinsi Maluku Menurut Kabupaten/Kota (ribu rupiah), 2020–2024","Per Capita GRDP at Current Market Prices by Regency/Municipality, in Maluku Province (thousand rupiahss), 2020–2024",31,1,32a69df05b0e
MALUKU,,Provinsi/Province,,2024,**,32.198,,"PDRB Per Kapita Atas Dasar Harga Berlaku di Provinsi Maluku Menurut Kabupaten/Kota (ribu rupiah), 2020–2024","Per Capita GRDP at Current Market Prices by Regency/Municipality, in Maluku Province (thousand rupiahss), 2020–2024",31,1,c2ca99c990df
MALUKU UTARA,01,Kab. Halmahera Barat,,2024,**,21.386,,"PDRB Per Kapita Atas Dasar Harga Berlaku di Provinsi Maluku Utara Menurut Kabupaten/Kota (ribu rupiah), 2020–2024","Per Capita GRDP at Current Market Prices by Regency/Municipality, in Maluku Utara Province (thousand rupiahss), 2020–2024",32,2,20f7da763c7c
MALUKU UTARA,02,Kab. Halmahera Tengah,,2024,**,522.766,,"PDRB Per Kapita Atas Dasar Harga Berlaku di Provinsi Maluku Utara Menurut Kabupaten/Kota (ribu rupiah), 2020–2024","Per Capita GRDP at Current Market Prices by Regency/Municipality, in Maluku Utara Province (thousand rupiahss), 2020–2024",32,2,e87654f81b13
MALUKU UTARA,03,Kab. Kepulauan Sula,,2024,**,30.920,,"PDRB Per Kapita Atas Dasar Harga Berlaku di Provinsi Maluku Utara Menurut Kabupaten/Kota (ribu rupiah), 2020–2024","Per Capita GRDP at Current Market Prices by Regency/Municipality, in Maluku Utara Province (thousand rupiahss), 2020–2024",32,2,79f6f3b862f6
MALUKU UTARA,04,Kab. Halmahera Selatan,,2024,**,79.448,,"PDRB Per Kapita Atas Dasar Harga Berlaku di Provinsi Maluku Utara Menurut Kabupaten/Kota (ribu rupiah), 2020–2024","Per Capita GRDP at Current Market Prices by Regency/Municipality, in Maluku Utara Province (thousand rupiahss), 2020–2024",32,2,372a154e0c47
MALUKU UTARA,05,Kab. Halmahera Utara,,2024,**,34.566,,"PDRB Per Kapita Atas Dasar Harga Berlaku di Provinsi Maluku Utara Menurut Kabupaten/Kota (ribu rupiah), 2020–2024","Per Capita GRDP at Current Market Prices by Regency/Municipality, in Maluku Utara Province (thousand rupiahss), 2020–2024",32,2,373c35813f61
MALUKU UTARA,06,Kab. Halmahera Timur,,2024,**,54.934,,"PDRB Per Kapita Atas Dasar Harga Berlaku di Provinsi Maluku Utara Menurut Kabupaten/Kota (ribu rupiah), 2020–2024","Per Capita GRDP at Current Market Prices by Regency/Municipality, in Maluku Utara Province (thousand rupiahss), 2020–2024",32,2,022aa0b0e6ee
MALUKU UTARA,07,Kab. Pulau Morotai,,2024,**,25.469,,"PDRB Per Kapita Atas Dasar Harga Berlaku di Provinsi Maluku Utara Menurut Kabupaten/Kota (ribu rupiah), 2020–2024","Per Capita GRDP at Current Market Prices by Regency/Municipality, in Maluku Utara Province (thousand rupiahss), 2020–2024",32,2,07cec3def9c9
MALUKU UTARA,08,Kab. Pulau Taliabu,,2024,**,34.392,,"PDRB Per Kapita Atas Dasar Harga Berlaku di Provinsi Maluku Utara Menurut Kabupaten/Kota (ribu rupiah), 2020–2024","Per Capita GRDP at Current Market Prices by Regency/Municipality, in Maluku Utara Province (thousand rupiahss), 2020–2024",32,2,4e026fd29e0f
MALUKU UTARA,71,Kota Ternate,,2024,**,70.949,,"PDRB Per Kapita Atas Dasar Harga Berlaku di Provinsi Maluku Utara Menurut Kabupaten/Kota (ribu rupiah), 2020–2024","Per Capita GRDP at Current Market Prices by Regency/Municipality, in Maluku Utara Province (thousand rupiahss), 2020–2024",32,2,2c1f785a790a
MALUKU UTARA,72,Kota Tidore Kepulauan,,2024,**,31.980,,"PDRB Per Kapita Atas Dasar Harga Berlaku di Provinsi Maluku Utara Menurut Kabupaten/Kota (ribu rupiah), 2020–2024","Per Capita GRDP at Current Market Prices by Regency/Municipality, in Maluku Utara Province (thousand rupiahss), 2020–2024",32,2,f0612f703dea
MALUKU UTARA,,Jml Kab./Kota Total of Reg./Mun.,,2024,**,70.415,,"PDRB Per Kapita Atas Dasar Harga Berlaku di Provinsi Maluku Utara Menurut Kabupaten/Kota (ribu rupiah), 2020–2024","Per Capita GRDP at Current Market Prices by Regency/Municipality, in Maluku Utara Province (thousand rupiahss), 2020–2024",32,2,f27dbbb80406
MALUKU UTARA,,Provinsi/Province,,2024,**,70.660,,"PDRB Per Kapita Atas Dasar Harga Berlaku di Provinsi Maluku Utara Menurut Kabupaten/Kota (ribu rupiah), 2020–2024","Per Capita GRDP at Current Market Prices by Regency/Municipality, in Maluku Utara Province (thousand rupiahss), 2020–2024",32,2,881d410dd687
PAPUA BARAT,01,Kab. Fak-Fak,,2024,**,69.984,,"PDRB Per Kapita Atas Dasar Harga Berlaku di Provinsi Papua Barat Menurut Kabupaten/Kota (ribu rupiah), 2020–2024","Per Capita GRDP at Current Market Prices by Regency/Municipality, in Papua Barat Province (thousand rupiahss), 2020–2024",33,3,97ee3694fee8
PAPUA BARAT,02,Kab. Kaimana,,2024,**,46.446,,"PDRB Per Kapita Atas Dasar Harga Berlaku di Provinsi Papua Barat Menurut Kabupaten/Kota (ribu rupiah), 2020–2024","Per Capita GRDP at Current Market Prices by Regency/Municipality, in Papua Barat Province (thousand rupiahss), 2020–2024",33,3,78d518ca07d6
PAPUA BARAT,03,Kab. Teluk Wondama,,2024,**,40.739,,"PDRB Per Kapita Atas Dasar Harga Berlaku di Provinsi Papua Barat Menurut Kabupaten/Kota (ribu rupiah), 2020–2024","Per Capita GRDP at Current Market Prices by Regency/Municipality, in Papua Barat Province (thousand rupiahss), 2020–2024",33,3,a35044656c61
PAPUA BARAT,04,Kab. Teluk Bintuni,,2024,**,574.984,,"PDRB Per Kapita Atas Dasar Harga Berlaku di Provinsi Papua Barat Menurut Kabupaten/Kota (ribu rupiah), 2020–2024","Per Capita GRDP at Current Market Prices by Regency/Municipality, in Papua Barat Province (thousand rupiahss), 2020–2024",33,3,6723ebee3013
PAPUA BARAT,05,Kab. Manokwari,,2024,**,55.264,,"PDRB Per Kapita Atas Dasar Harga Berlaku di Provinsi Papua Barat Menurut Kabupaten/Kota (ribu rupiah), 2020–2024","Per Capita GRDP at Current Market Prices by Regency/Municipality, in Papua Barat Province (thousand rupiahss), 2020–2024",33,3,aa179bd10222
PAPUA BARAT,06,Kab. Sorong Selatan,,2024,**,--,,"PDRB Per Kapita Atas Dasar Harga Berlaku di Provinsi Papua Barat Menurut Kabupaten/Kota (ribu rupiah), 2020–2024","Per Capita GRDP at Current Market Prices by Regency/Municipality, in Papua Barat Province (thousand rupiahss), 2020–2024",33,3,b0463f991b32
PAPUA BARAT,07,Kab. Sorong,,2024,**,--,,"PDRB Per Kapita Atas Dasar Harga Berlaku di Provinsi Papua Barat Menurut Kabupaten/Kota (ribu rupiah), 2020–2024","Per Capita GRDP at Current Market Prices by Regency/Municipality, in Papua Barat Province (thousand rupiahss), 2020–2024",33,3,38c61e676eb9
PAPUA BARAT,08,Kab. Raja Ampat,,2024,**,--,,"PDRB Per Kapita Atas Dasar Harga Berlaku di Provinsi Papua Barat Menurut Kabupaten/Kota (ribu rupiah), 2020–2024","Per Capita GRDP at Current Market Prices by Regency/Municipality, in Papua Barat Province (thousand rupiahss), 2020–2024",33,3,2d11ebd1f6d9
PAPUA BARAT,09,Kab. Tambrauw,,2024,**,--,,"PDRB Per Kapita Atas Dasar Harga Berlaku di Provinsi Papua Barat Menurut Kabupaten/Kota (ribu rupiah), 2020–2024","Per Capita GRDP at Current Market Prices by Regency/Municipality, in Papua Barat Province (thousand rupiahss), 2020–2024",33,3,739f51438b65
PAPUA BARAT,10,Kab. Maybrat,,2024,**,--,,"PDRB Per Kapita Atas Dasar Harga Berlaku di Provinsi Papua Barat Menurut Kabupaten/Kota (ribu rupiah), 2020–2024","Per Capita GRDP at Current Market Prices by Regency/Municipality, in Papua Barat Province (thousand rupiahss), 2020–2024",33,3,f648f0777447
PAPUA BARAT,11,Kab. Manokwari Selatan,,2024,**,26.227,,"PDRB Per Kapita Atas Dasar Harga Berlaku di Provinsi Papua Barat Menurut Kabupaten/Kota (ribu rupiah), 2020–2024","Per Capita GRDP at Current Market Prices by Regency/Municipality, in Papua Barat Province (thousand rupiahss), 2020–2024",33,3,9df59ba369c0
PAPUA BARAT,12,Kab. Pegunungan Arfak,,2024,**,8.662,,"PDRB Per Kapita Atas Dasar Harga Berlaku di Provinsi Papua Barat Menurut Kabupaten/Kota (ribu rupiah), 2020–2024","Per Capita GRDP at Current Market Prices by Regency/Municipality, in Papua Barat Province (thousand rupiahss), 2020–2024",33,3,8b75455a97a5
PAPUA BARAT,71,Kota Sorong,,2024,**,--,,"PDRB Per Kapita Atas Dasar Harga Berlaku di Provinsi Papua Barat Menurut Kabupaten/Kota (ribu rupiah), 2020–2024","Per Capita GRDP at Current Market Prices by Regency/Municipality, in Papua Barat Province (thousand rupiahss), 2020–2024",33,3,3e58617e59e4
PAPUA BARAT,,Jml Kab./Kota Total of Reg./Mun.,,2024,**,131.894,,"PDRB Per Kapita Atas Dasar Harga Berlaku di Provinsi Papua Barat Menurut Kabupaten/Kota (ribu rupiah), 2020–2024","Per Capita GRDP at Current Market Prices by Regency/Municipality, in Papua Barat Province (thousand rupiahss), 2020–2024",33,3,e3ebb954a562
PAPUA BARAT,,Provinsi/Province,,2024,**,131.636,,"PDRB Per Kapita Atas Dasar Harga Berlaku di Provinsi Papua Barat Menurut Kabupaten/Kota (ribu rupiah), 2020–2024","Per Capita GRDP at Current Market Prices by Regency/Municipality, in Papua Barat Province (thousand rupiahss), 2020–2024",33,3,66e393c81324
PAPUA BARAT DAYA,01,Kab. Raja Ampat,,2024,**,58.576,,"PDRB Per Kapita Atas Dasar Harga Berlaku di Provinsi Papua Barat Daya Menurut Kabupaten/Kota (ribu rupiah), 2020–2024","Per Capita GRDP at Current Market Prices by Regency/Municipality, in Papua Barat Daya Province (thousand rupiahss), 2020–2024",34,4,c2d8dfefd799
PAPUA BARAT DAYA,02,Kab. Sorong,,2024,**,101.106,,"PDRB Per Kapita Atas Dasar Harga Berlaku di Provinsi Papua Barat Daya Menurut Kabupaten/Kota (ribu rupiah), 2020–2024","Per Capita GRDP at Current Market Prices by Regency/Municipality, in Papua Barat Daya Province (thousand rupiahss), 2020–2024",34,4,65c261f682e0
PAPUA BARAT DAYA,03,Kab. Sorong Selatan,,2024,**,41.552,,"PDRB Per Kapita Atas Dasar Harga Berlaku di Provinsi Papua Barat Daya Menurut Kabupaten/Kota (ribu rupiah), 2020–2024","Per Capita GRDP at Current Market Prices by Regency/Municipality, in Papua Barat Daya Province (thousand rupiahss), 2020–2024",34,4,347fb63420a0
PAPUA BARAT DAYA,04,Kab. Maybrat,,2024,**,18.161,,"PDRB Per Kapita Atas Dasar Harga Berlaku di Provinsi Papua Barat Daya Menurut Kabupaten/Kota (ribu rupiah), 2020–2024","Per Capita GRDP at Current Market Prices by Regency/Municipality, in Papua Barat Daya Province (thousand rupiahss), 2020–2024",34,4,bff8c7b8ed4e
PAPUA BARAT DAYA,05,Kab. Tambrauw,,2024,**,9.726,,"PDRB Per Kapita Atas Dasar Harga Berlaku di Provinsi Papua Barat Daya Menurut Kabupaten/Kota (ribu rupiah), 2020–2024","Per Capita GRDP at Current Market Prices by Regency/Municipality, in Papua Barat Daya Province (thousand rupiahss), 2020–2024",34,4,7b2e16517337
PAPUA BARAT DAYA,71,Kota Sorong,,2024,**,57.332,,"PDRB Per Kapita Atas Dasar Harga Berlaku di Provinsi Papua Barat Daya Menurut Kabupaten/Kota (ribu rupiah), 2020–2024","Per Capita GRDP at Current Market Prices by Regency/Municipality, in Papua Barat Daya Province (thousand rupiahss), 2020–2024",34,4,9d851464d15f
PAPUA BARAT DAYA,,Jml Kab./Kota Total of Reg./Mun.,,2024,**,59.300,,"PDRB Per Kapita Atas Dasar Harga Berlaku di Provinsi Papua Barat Daya Menurut Kabupaten/Kota (ribu rupiah), 2020–2024","Per Capita GRDP at Current Market Prices by Regency/Municipality, in Papua Barat Daya Province (thousand rupiahss), 2020–2024",34,4,d4cd02537038
PAPUA BARAT DAYA,,Provinsi/Province,,2024,**,59.064,,"PDRB Per Kapita Atas Dasar Harga Berlaku di Provinsi Papua Barat Daya Menurut Kabupaten/Kota (ribu rupiah), 2020–2024","Per Capita GRDP at Current Market Prices by Regency/Municipality, in Papua Barat Daya Province (thousand rupiahss), 2020–2024",34,4,4f3e68f76d8b
PAPUA,01,Kab. Merauke,,2024,**,--,,"PDRB Per Kapita Atas Dasar Harga Berlaku di Provinsi Papua Menurut Kabupaten/Kota (ribu rupiah), 2020–2024","Per Capita GRDP at Current Market Prices by Regency/Municipality, in Papua Province (thousand rupiahss), 2020–2024",35,5,260321b8d016
PAPUA,02,Kab. Jayawijaya,,2024,**,--,,"PDRB Per Kapita Atas Dasar Harga Berlaku di Provinsi Papua Menurut Kabupaten/Kota (ribu rupiah), 2020–2024","Per Capita GRDP at Current Market Prices by Regency/Municipality, in Papua Province (thousand rupiahss), 2020–2024",35,5,191335acce39
PAPUA,03,Kab. Jayapura,,2024,**,117.896,,"PDRB Per Kapita Atas Dasar Harga Berlaku di Provinsi Papua Menurut Kabupaten/Kota (ribu rupiah), 2020–2024","Per Capita GRDP at Current Market Prices by Regency/Municipality, in Papua Province (thousand rupiahss), 2020–2024",35,5,efa8f46ae9c2
PAPUA,04,Kab. Nabire,,2024,**,--,,"PDRB Per Kapita Atas Dasar Harga Berlaku di Provinsi Papua Menurut Kabupaten/Kota (ribu rupiah), 2020–2024","Per Capita GRDP at Current Market Prices by Regency/Municipality, in Papua Province (thousand rupiahss), 2020–2024",35,5,a76ce68382d8
PAPUA,08,Kab. Kepulauan Yapen,,2024,**,44.479,,"PDRB Per Kapita Atas Dasar Harga Berlaku di Provinsi Papua Menurut Kabupaten/Kota (ribu rupiah), 2020–2024","Per Capita GRDP at Current Market Prices by Regency/Municipality, in Papua Province (thousand rupiahss), 2020–2024",35,5,9dd69172fb4d
PAPUA,09,Kab. Biak Numfor,,2024,**,46.470,,"PDRB Per Kapita Atas Dasar Harga Berlaku di Provinsi Papua Menurut Kabupaten/Kota (ribu rupiah), 2020–2024","Per Capita GRDP at Current Market Prices by Regency/Municipality, in Papua Province (thousand rupiahss), 2020–2024",35,5,296f73892bf5
PAPUA,10,Kab. Paniai,,2024,**,--,,"PDRB Per Kapita Atas Dasar Harga Berlaku di Provinsi Papua Menurut Kabupaten/Kota (ribu rupiah), 2020–2024","Per Capita GRDP at Current Market Prices by Regency/Municipality, in Papua Province (thousand rupiahss), 2020–2024",35,5,0458c88cfdb0
PAPUA,11,Kab. Puncak Jaya,,2024,**,--,,"PDRB Per Kapita Atas Dasar Harga Berlaku di Provinsi Papua Menurut Kabupaten/Kota (ribu rupiah), 2020–2024","Per Capita GRDP at Current Market Prices by Regency/Municipality, in Papua Province (thousand rupiahss), 2020–2024",35,5,c94d6e503791
PAPUA,12,Kab. Mimika,,2024,**,--,,"PDRB Per Kapita Atas Dasar Harga Berlaku di Provinsi Papua Menurut Kabupaten/Kota (ribu rupiah), 2020–2024","Per Capita GRDP at Current Market Prices by Regency/Municipality, in Papua Province (thousand rupiahss), 2020–2024",35,5,cba17d5d3b6b
PAPUA,13,Kab. Boven Digoel,,2024,**,--,,"PDRB Per Kapita Atas Dasar Harga Berlaku di Provinsi Papua Menurut Kabupaten/Kota (ribu rupiah), 2020–2024","Per Capita GRDP at Current Market Prices by Regency/Municipality, in Papua Province (thousand rupiahss), 2020–2024",35,5,bf78c81ed91f
PAPUA,14,Kab. Mappi,,2024,**,--,,"PDRB Per Kapita Atas Dasar Harga Berlaku di Provinsi Papua Menurut Kabupaten/Kota (ribu rupiah), 2020–2024","Per Capita GRDP at Current Market Prices by Regency/Municipality, in Papua Province (thousand rupiahss), 2020–2024",35,5,34ed2d63b545
PAPUA,15,Kab. Asmat,,2024,**,--,,"PDRB Per Kapita Atas Dasar Harga Berlaku di Provinsi Papua Menurut Kabupaten/Kota (ribu rupiah), 2020–2024","Per Capita GRDP at Current Market Prices by Regency/Municipality, in Papua Province (thousand rupiahss), 2020–2024",35,5,f8553ebe13cd
PAPUA,16,Kab. Yahukimo,,2024,**,--,,"PDRB Per Kapita Atas Dasar Harga Berlaku di Provinsi Papua Menurut Kabupaten/Kota (ribu rupiah), 2020–2024","Per Capita GRDP at Current Market Prices by Regency/Municipality, in Papua Province (thousand rupiahss), 2020–2024",35,5,1a04d011a23f
PAPUA,17,Kab. Pegunungan Bintang,,2024,**,--,,"PDRB Per Kapita Atas Dasar Harga Berlaku di Provinsi Papua Menurut Kabupaten/Kota (ribu rupiah), 2020–2024","Per Capita GRDP at Current Market Prices by Regency/Municipality, in Papua Province (thousand rupiahss), 2020–2024",35,5,67d2a5ef79de
PAPUA,18,Kab. Tolikara,,2024,**,--,,"PDRB Per Kapita Atas Dasar Harga Berlaku di Provinsi Papua Menurut Kabupaten/Kota (ribu rupiah), 2020–2024","Per Capita GRDP at Current Market Prices by Regency/Municipality, in Papua Province (thousand rupiahss), 2020–2024",35,5,e8f4334f540e
PAPUA,19,Kab. Sarmi,,2024,**,88.756,,"PDRB Per Kapita Atas Dasar Harga Berlaku di Provinsi Papua Menurut Kabupaten/Kota (ribu rupiah), 2020–2024","Per Capita GRDP at Current Market Prices by Regency/Municipality, in Papua Province (thousand rupiahss), 2020–2024",35,5,70d31a50b48b
PAPUA,20,Kab. Keerom,,2024,**,56.367,,"PDRB Per Kapita Atas Dasar Harga Berlaku di Provinsi Papua Menurut Kabupaten/Kota (ribu rupiah), 2020–2024","Per Capita GRDP at Current Market Prices by Regency/Municipality, in Papua Province (thousand rupiahss), 2020–2024",35,5,c88d7f5cbd3b
PAPUA,26,Kab. Waropen,,2024,**,68.452,,"PDRB Per Kapita Atas Dasar Harga Berlaku di Provinsi Papua Menurut Kabupaten/Kota (ribu rupiah), 2020–2024","Per Capita GRDP at Current Market Prices by Regency/Municipality, in Papua Province (thousand rupiahss), 2020–2024",35,5,3b3a80151ba7
PAPUA,27,Kab. Supiori,,2024,**,50.794,,"PDRB Per Kapita Atas Dasar Harga Berlaku di Provinsi Papua Menurut Kabupaten/Kota (ribu rupiah), 2020–2024","Per Capita GRDP at Current Market Prices by Regency/Municipality, in Papua Province (thousand rupiahss), 2020–2024",35,5,850fe7ef6440
PAPUA,28,Kab. Mamberamo Raya,,2024,**,58.533,,"PDRB Per Kapita Atas Dasar Harga Berlaku di Provinsi Papua Menurut Kabupaten/Kota (ribu rupiah), 2020–2024","Per Capita GRDP at Current Market Prices by Regency/Municipality, in Papua Province (thousand rupiahss), 2020–2024",35,5,eb73a5c5447c
PAPUA,29,Kab. Nduga,,2024,**,--,,"PDRB Per Kapita Atas Dasar Harga Berlaku di Provinsi Papua Menurut Kabupaten/Kota (ribu rupiah), 2020–2024","Per Capita GRDP at Current Market Prices by Regency/Municipality, in Papua Province (thousand rupiahss), 2020–2024",35,5,4556f7b6fc0c
PAPUA,30,Kab. Lanny Jaya,,2024,**,--,,"PDRB Per Kapita Atas Dasar Harga Berlaku di Provinsi Papua Menurut Kabupaten/Kota (ribu rupiah), 2020–2024","Per Capita GRDP at Current Market Prices by Regency/Municipality, in Papua Province (thousand rupiahss), 2020–2024",35,5,1cad9536bdfa
PAPUA,31,Kab. Mamberamo Tengah,,2024,**,--,,"PDRB Per Kapita Atas Dasar Harga Berlaku di Provinsi Papua Menurut Kabupaten/Kota (ribu rupiah), 2020–2024","Per Capita GRDP at Current Market Prices by Regency/Municipality, in Papua Province (thousand rupiahss), 2020–2024",35,5,a23e8a52d02f
PAPUA,32,Kab. Yalimo,,2024,**,--,,"PDRB Per Kapita Atas Dasar Harga Berlaku di Provinsi Papua Menurut Kabupaten/Kota (ribu rupiah), 2020–2024","Per Capita GRDP at Current Market Prices by Regency/Municipality, in Papua Province (thousand rupiahss), 2020–2024",35,5,73367f4f007f
PAPUA,33,Kab. Puncak,,2024,**,--,,"PDRB Per Kapita Atas Dasar Harga Berlaku di Provinsi Papua Menurut Kabupaten/Kota (ribu rupiah), 2020–2024","Per Capita GRDP at Current Market Prices by Regency/Municipality, in Papua Province (thousand rupiahss), 2020–2024",35,5,84838ecd3c98
PAPUA,34,Kab. Dogiyai,,2024,**,--,,"PDRB Per Kapita Atas Dasar Harga Berlaku di Provinsi Papua Menurut Kabupaten/Kota (ribu rupiah), 2020–2024","Per Capita GRDP at Current Market Prices by Regency/Municipality, in Papua Province (thousand rupiahss), 2020–2024",35,5,9b321d6d219b
PAPUA,35,Kab.intan Jaya,,2024,**,--,,"PDRB Per Kapita Atas Dasar Harga Berlaku di Provinsi Papua Menurut Kabupaten/Kota (ribu rupiah), 2020–2024","Per Capita GRDP at Current Market Prices by Regency/Municipality, in Papua Province (thousand rupiahss), 2020–2024",35,5,16661133c153
PAPUA,36,Kab. Deiyai,,2024,**,--,,"PDRB Per Kapita Atas Dasar Harga Berlaku di Provinsi Papua Menurut Kabupaten/Kota (ribu rupiah), 2020–2024","Per Capita GRDP at Current Market Prices by Regency/Municipality, in Papua Province (thousand rupiahss), 2020–2024",35,5,7fbcebea9bf4
PAPUA,71,Kota Jayapura,,2024,**,94.667,,"PDRB Per Kapita Atas Dasar Harga Berlaku di Provinsi Papua Menurut Kabupaten/Kota (ribu rupiah), 2020–2024","Per Capita GRDP at Current Market Prices by Regency/Municipality, in Papua Province (thousand rupiahss), 2020–2024",35,5,71e38a6433a5
PAPUA,,Jml Kab./Kota Total of Reg./Mun.,,2024,**,80.638,,"PDRB Per Kapita Atas Dasar Harga Berlaku di Provinsi Papua Menurut Kabupaten/Kota (ribu rupiah), 2020–2024","Per Capita GRDP at Current Market Prices by Regency/Municipality, in Papua Province (thousand rupiahss), 2020–2024",35,5,d528f0e90940
PAPUA,,Provinsi/Province,,2024,**,81.009,,"PDRB Per Kapita Atas Dasar Harga Berlaku di Provinsi Papua Menurut Kabupaten/Kota (ribu rupiah), 2020–2024","Per Capita GRDP at Current Market Prices by Regency/Municipality, in Papua Province (thousand rupiahss), 2020–2024",35,5,b534f84e9410
PAPUA SELATAN,01,Kab. Merauke,,2024,**,85.002,,"PDRB Per Kapita Atas Dasar Harga Berlaku di Provinsi Papua Selatan Menurut Kabupaten/Kota (ribu rupiah), 2020–2024","Per Capita GRDP at Current Market Prices by Regency/Municipality, in Papua Selatan Province (thousand rupiahss), 2020–2024",36,6,9b403df82d44
PAPUA SELATAN,02,Kab. Boven Digoel,,2024,**,84.982,,"PDRB Per Kapita Atas Dasar Harga Berlaku di Provinsi Papua Selatan Menurut Kabupaten/Kota (ribu rupiah), 2020–2024","Per Capita GRDP at Current Market Prices by Regency/Municipality, in Papua Selatan Province (thousand rupiahss), 2020–2024",36,6,f56488dda269
PAPUA SELATAN,03,Kab. Mappi,,2024,**,33.308,,"PDRB Per Kapita Atas Dasar Harga Berlaku di Provinsi Papua Selatan Menurut Kabupaten/Kota (ribu rupiah), 2020–2024","Per Capita GRDP at Current Market Prices by Regency/Municipality, in Papua Selatan Province (thousand rupiahss), 2020–2024",36,6,c267ce8da325
PAPUA SELATAN,04,Kab. Asmat,,2024,**,28.767,,"PDRB Per Kapita Atas Dasar Harga Berlaku di Provinsi Papua Selatan Menurut Kabupaten/Kota (ribu rupiah), 2020–2024","Per Capita GRDP at Current Market Prices by Regency/Municipality, in Papua Selatan Province (thousand rupiahss), 2020–2024",36,6,988ed46435fb
PAPUA SELATAN,,Jml Kab./Kota Total of Reg./Mun.,,2024,**,61.726,,"PDRB Per Kapita Atas Dasar Harga Berlaku di Provinsi Papua Selatan Menurut Kabupaten/Kota (ribu rupiah), 2020–2024","Per Capita GRDP at Current Market Prices by Regency/Municipality, in Papua Selatan Province (thousand rupiahss), 2020–2024",36,6,55d6a917bd6b
PAPUA SELATAN,,Provinsi/Province,,2024,**,61.583,,"PDRB Per Kapita Atas Dasar Harga Berlaku di Provinsi Papua Selatan Menurut Kabupaten/Kota (ribu rupiah), 2020–2024","Per Capita GRDP at Current Market Prices by Regency/Municipality, in Papua Selatan Province (thousand rupiahss), 2020–2024",36,6,0b78bb9e735e
PAPUA TENGAH,01,Kab. Mimika,,2024,**,446.333,,"PDRB Per Kapita Atas Dasar Harga Berlaku di Provinsi Papua Tengah Menurut Kabupaten/Kota (ribu rupiah), 2020–2024","Per Capita GRDP at Current Market Prices by Regency/Municipality, in Papua Tengah Province (thousand rupiahss), 2020–2024",37,7,fb83c590ef18
PAPUA TENGAH,02,Kab. Dogiyai,,2024,**,13.157,,"PDRB Per Kapita Atas Dasar Harga Berlaku di Provinsi Papua Tengah Menurut Kabupaten/Kota (ribu rupiah), 2020–2024","Per Capita GRDP at Current Market Prices by Regency/Municipality, in Papua Tengah Province (thousand rupiahss), 2020–2024",37,7,da8312d37498
PAPUA TENGAH,03,Kab. Deiyai,,2024,**,16.593,,"PDRB Per Kapita Atas Dasar Harga Berlaku di Provinsi Papua Tengah Menurut Kabupaten/Kota (ribu rupiah), 2020–2024","Per Capita GRDP at Current Market Prices by Regency/Municipality, in Papua Tengah Province (thousand rupiahss), 2020–2024",37,7,7c31de519001
PAPUA TENGAH,04,Kab. Nabire,,2024,**,85.358,,"PDRB Per Kapita Atas Dasar Harga Berlaku di Provinsi Papua Tengah Menurut Kabupaten/Kota (ribu rupiah), 2020–2024","Per Capita GRDP at Current Market Prices by Regency/Municipality, in Papua Tengah Province (thousand rupiahss), 2020–2024",37,7,d2bd56b5388c
PAPUA TENGAH,05,Kab. Paniai,,2024,**,22.570,,"PDRB Per Kapita Atas Dasar Harga Berlaku di Provinsi Papua Tengah Menurut Kabupaten/Kota (ribu rupiah), 2020–2024","Per Capita GRDP at Current Market Prices by Regency/Municipality, in Papua Tengah Province (thousand rupiahss), 2020–2024",37,7,26800de373b7
PAPUA TENGAH,06,Kab. Intan Jaya,,2024,**,10.187,,"PDRB Per Kapita Atas Dasar Harga Berlaku di Provinsi Papua Tengah Menurut Kabupaten/Kota (ribu rupiah), 2020–2024","Per Capita GRDP at Current Market Prices by Regency/Municipality, in Papua Tengah Province (thousand rupiahss), 2020–2024",37,7,ff8e4262ebe4
PAPUA TENGAH,07,Kab. Puncak,,2024,**,14.455,,"PDRB Per Kapita Atas Dasar Harga Berlaku di Provinsi Papua Tengah Menurut Kabupaten/Kota (ribu rupiah), 2020–2024","Per Capita GRDP at Current Market Prices by Regency/Municipality, in Papua Tengah Province (thousand rupiahss), 2020–2024",37,7,1997f0d30358
PAPUA TENGAH,08,Kab. Puncak Jaya,,2024,**,7.077,,"PDRB Per Kapita Atas Dasar Harga Berlaku di Provinsi Papua Tengah Menurut Kabupaten/Kota (ribu rupiah), 2020–2024","Per Capita GRDP at Current Market Prices by Regency/Municipality, in Papua Tengah Province (thousand rupiahss), 2020–2024",37,7,048949d1c9b3
PAPUA TENGAH,,Jml Kab./Kota Total of Reg./Mun.,,2024,**,118.758,,"PDRB Per Kapita Atas Dasar Harga Berlaku di Provinsi Papua Tengah Menurut Kabupaten/Kota (ribu rupiah), 2020–2024","Per Capita GRDP at Current Market Prices by Regency/Municipality, in Papua Tengah Province (thousand rupiahss), 2020–2024",37,7,7207f6b03a7a
PAPUA TENGAH,,Provinsi/Province,,2024,**,118.774,,"PDRB Per Kapita Atas Dasar Harga Berlaku di Provinsi Papua Tengah Menurut Kabupaten/Kota (ribu rupiah), 2020–2024","Per Capita GRDP at Current Market Prices by Regency/Municipality, in Papua Tengah Province (thousand rupiahss), 2020–2024",37,7,1b01b8e71b91
PAPUA PEGUNUNGAN,01,Kab. Nduga,,2024,**,14.377,,"PDRB Per Kapita Atas Dasar Harga Berlaku di Provinsi Papua Pegunungan Menurut Kabupaten/Kota (ribu rupiah), 2020–2024","Per Capita GRDP at Current Market Prices by Regency/Municipality, in Papua Pegunungan Province (thousand rupiahss), 2020–2024",38,8,0a050f56da7d
PAPUA PEGUNUNGAN,02,Kab. Jayawijaya,,2024,**,40.727,,"PDRB Per Kapita Atas Dasar Harga Berlaku di Provinsi Papua Pegunungan Menurut Kabupaten/Kota (ribu rupiah), 2020–2024","Per Capita GRDP at Current Market Prices by Regency/Municipality, in Papua Pegunungan Province (thousand rupiahss), 2020–2024",38,8,5e8b68c1e560
PAPUA PEGUNUNGAN,03,Kab. Lanny Jaya,,2024,**,11.955,,"PDRB Per Kapita Atas Dasar Harga Berlaku di Provinsi Papua Pegunungan Menurut Kabupaten/Kota (ribu rupiah), 2020–2024","Per Capita GRDP at Current Market Prices by Regency/Municipality, in Papua Pegunungan Province (thousand rupiahss), 2020–2024",38,8,23872fb74a03
PAPUA PEGUNUNGAN,04,Kab. Tolikara,,2024,**,8.830,,"PDRB Per Kapita Atas Dasar Harga Berlaku di Provinsi Papua Pegunungan Menurut Kabupaten/Kota (ribu rupiah), 2020–2024","Per Capita GRDP at Current Market Prices by Regency/Municipality, in Papua Pegunungan Province (thousand rupiahss), 2020–2024",38,8,f4d15737b5b1
PAPUA PEGUNUNGAN,05,Kab. Mamberamo Tengah,,2024,**,28.976,,"PDRB Per Kapita Atas Dasar Harga Berlaku di Provinsi Papua Pegunungan Menurut Kabupaten/Kota (ribu rupiah), 2020–2024","Per Capita GRDP at Current Market Prices by Regency/Municipality, in Papua Pegunungan Province (thousand rupiahss), 2020–2024",38,8,e331132d5702
PAPUA PEGUNUNGAN,06,Kab. Yalimo,,2024,**,15.773,,"PDRB Per Kapita Atas Dasar Harga Berlaku di Provinsi Papua Pegunungan Menurut Kabupaten/Kota (ribu rupiah), 2020–2024","Per Capita GRDP at Current Market Prices by Regency/Municipality, in Papua Pegunungan Province (thousand rupiahss), 2020–2024",38,8,67611c7c6e95
PAPUA PEGUNUNGAN,07,Kab. Yahukimo,,2024,**,8.478,,"PDRB Per Kapita Atas Dasar Harga Berlaku di Provinsi Papua Pegunungan Menurut Kabupaten/Kota (ribu rupiah), 2020–2024","Per Capita GRDP at Current Market Prices by Regency/Municipality, in Papua Pegunungan Province (thousand rupiahss), 2020–2024",38,8,f15fb3841193
PAPUA PEGUNUNGAN,08,Kab. Pegunungan Bintang,,2024,**,30.334,,"PDRB Per Kapita Atas Dasar Harga Berlaku di Provinsi Papua Pegunungan Menurut Kabupaten/Kota (ribu rupiah), 2020–2024","Per Capita GRDP at Current Market Prices by Regency/Municipality, in Papua Pegunungan Province (thousand rupiahss), 2020–2024",38,8,714e501294ae
PAPUA PEGUNUNGAN,,Jml Kab./Kota Total of Reg./Mun.,,2024,**,18.196,,"PDRB Per Kapita Atas Dasar Harga Berlaku di Provinsi Papua Pegunungan Menurut Kabupaten/Kota (ribu rupiah), 2020–2024","Per Capita GRDP at Current Market Prices by Regency/Municipality, in Papua Pegunungan Province (thousand rupiahss), 2020–2024",38,8,4a3b0ed792e8
PAPUA PEGUNUNGAN,,Provinsi/Province,,2024,**,18.105,,"PDRB Per Kapita Atas Dasar Harga Berlaku di Provinsi Papua Pegunungan Menurut Kabupaten/Kota (ribu rupiah), 2020–2024","Per Capita GRDP at Current Market Prices by Regency/Municipality, in Papua Pegunungan Province (thousand rupiahss), 2020–2024",38,8,7d536a740474
