province_name,regency_code,region_name_raw,name_flag,year,year_flag,value,value_flag,table_header_raw,table_header_english,page_number,table_number,raw_text_hash
ACEH,01,Kab. Simeulue,,2021,,26.153,,"PDRB Per Kapita Atas Dasar Harga Berlaku di Provinsi Aceh Menurut Kabupaten/Kota (miliar rupiah), 2021–2025","Per Capita GRDP at Current Market Prices by Regency/Municipality, in Aceh Province (thousand rupiahss), 2021–2025",1,1,b7eb07da1938
ACEH,02,Kab. Aceh Singkil,,2021,,21.135,,"PDRB Per Kapita Atas Dasar Harga Berlaku di Provinsi Aceh Menurut Kabupaten/Kota (miliar rupiah), 2021–2025","Per Capita GRDP at Current Market Prices by Regency/Municipality, in Aceh Province (thousand rupiahss), 2021–2025",1,1,a0f504d3c7c5
ACEH,03,Kab. Aceh Selatan,,2021,,25.471,,"PDRB Per Kapita Atas Dasar Harga Berlaku di Provinsi Aceh Menurut Kabupaten/Kota (miliar rupiah), 2021–2025","Per Capita GRDP at Current Market Prices by Regency/Municipality, in Aceh Province (thousand rupiahss), 2021–2025",1,1,8651b48fe435
ACEH,04,Kab. Aceh Tenggara,,2021,,24.239,,"PDRB Per Kapita Atas Dasar Harga Berlaku di Provinsi Aceh Menurut Kabupaten/Kota (miliar rupiah), 2021–2025","Per Capita GRDP at Current Market Prices by Regency/Municipality, in Aceh Province (thousand rupiahss), 2021–2025",1,1,2affcc4c0e39
ACEH,05,Kab. Aceh Timur,,2021,,27.403,,"PDRB Per Kapita Atas Dasar Harga Berlaku di Provinsi Aceh Menurut Kabupaten/Kota (miliar rupiah), 2021–2025","Per Capita GRDP at Current Market Prices by Regency/Municipality, in Aceh Province (thousand rupiahss), 2021–2025",1,1,7d0e9666e107
ACEH,06,Kab. Aceh Tengah,,2021,,36.859,,"PDRB Per Kapita Atas Dasar Harga Berlaku di Provinsi Aceh Menurut Kabupaten/Kota (miliar rupiah), 2021–2025","Per Capita GRDP at Current Market Prices by Regency/Municipality, in Aceh Province (thousand rupiahss), 2021–2025",1,1,afe3d6fa2e7c
ACEH,07,Kab. Aceh Barat,,2021,,49.805,,"PDRB Per Kapita Atas Dasar Harga Berlaku di Provinsi Aceh Menurut Kabupaten/Kota (miliar rupiah), 2021–2025","Per Capita GRDP at Current Market Prices by Regency/Municipality, in Aceh Province (thousand rupiahss), 2021–2025",1,1,65d9c474a12a
ACEH,08,Kab. Aceh Besar,,2021,,34.243,,"PDRB Per Kapita Atas Dasar Harga Berlaku di Provinsi Aceh Menurut Kabupaten/Kota (miliar rupiah), 2021–2025","Per Capita GRDP at Current Market Prices by Regency/Municipality, in Aceh Province (thousand rupiahss), 2021–2025",1,1,759ff7940cdc
ACEH,09,Kab. Pidie,,2021,,25.836,,"PDRB Per Kapita Atas Dasar Harga Berlaku di Provinsi Aceh Menurut Kabupaten/Kota (miliar rupiah), 2021–2025","Per Capita GRDP at Current Market Prices by Regency/Municipality, in Aceh Province (thousand rupiahss), 2021–2025",1,1,2a9e80ab40cc
ACEH,10,Kab. Bireun,,2021,,31.906,,"PDRB Per Kapita Atas Dasar Harga Berlaku di Provinsi Aceh Menurut Kabupaten/Kota (miliar rupiah), 2021–2025","Per Capita GRDP at Current Market Prices by Regency/Municipality, in Aceh Province (thousand rupiahss), 2021–2025",1,1,b1ad1e9064df
ACEH,11,Kab. Aceh Utara,,2021,,38.076,,"PDRB Per Kapita Atas Dasar Harga Berlaku di Provinsi Aceh Menurut Kabupaten/Kota (miliar rupiah), 2021–2025","Per Capita GRDP at Current Market Prices by Regency/Municipality, in Aceh Province (thousand rupiahss), 2021–2025",1,1,bf8e1cb0c2f9
ACEH,12,Kab. Aceh Barat Daya,,2021,,27.130,,"PDRB Per Kapita Atas Dasar Harga Berlaku di Provinsi Aceh Menurut Kabupaten/Kota (miliar rupiah), 2021–2025","Per Capita GRDP at Current Market Prices by Regency/Municipality, in Aceh Province (thousand rupiahss), 2021–2025",1,1,de0b1d2d8650
ACEH,13,Kab. Gayo Lues,,2021,,28.315,,"PDRB Per Kapita Atas Dasar Harga Berlaku di Provinsi Aceh Menurut Kabupaten/Kota (miliar rupiah), 2021–2025","Per Capita GRDP at Current Market Prices by Regency/Municipality, in Aceh Province (thousand rupiahss), 2021–2025",1,1,7fbc588d1615
ACEH,14,Kab. Aceh Tamiang,,2021,,29.835,,"PDRB Per Kapita Atas Dasar Harga Berlaku di Provinsi Aceh Menurut Kabupaten/Kota (miliar rupiah), 2021–2025","Per Capita GRDP at Current Market Prices by Regency/Municipality, in Aceh Province (thousand rupiahss), 2021–2025",1,1,6f51f6573da1
ACEH,15,Kab. Nagan Raya,,2021,,53.429,,"PDRB Per Kapita Atas Dasar Harga Berlaku di Provinsi Aceh Menurut Kabupaten/Kota (miliar rupiah), 2021–2025","Per Capita GRDP at Current Market Prices by Regency/Municipality, in Aceh Province (thousand rupiahss), 2021–2025",1,1,789d065b60d7
ACEH,16,Kab. Aceh Jaya,,2021,,30.277,,"PDRB Per Kapita Atas Dasar Harga Berlaku di Provinsi Aceh Menurut Kabupaten/Kota (miliar rupiah), 2021–2025","Per Capita GRDP at Current Market Prices by Regency/Municipality, in Aceh Province (thousand rupiahss), 2021–2025",1,1,9b1f3a3f3d6c
ACEH,17,Kab. Bener Meriah,,2021,,30.623,,"PDRB Per Kapita Atas Dasar Harga Berlaku di Provinsi Aceh Menurut Kabupaten/Kota (miliar rupiah), 2021–2025","Per Capita GRDP at Current Market Prices by Regency/Municipality, in Aceh Province (thousand rupiahss), 2021–2025",1,1,5236f26d6073
ACEH,18,Kab. Pidie Jaya,,2021,,22.992,,"PDRB Per Kapita Atas Dasar Harga Berlaku di Provinsi Aceh Menurut Kabupaten/Kota (miliar rupiah), 2021–2025","Per Capita GRDP at Current Market Prices by Regency/Municipality, in Aceh Province (thousand rupiahss), 2021–2025",1,1,e9d168918a9b
ACEH,71,Kota Banda Aceh,,2021,,78.060,,"PDRB Per Kapita Atas Dasar Harga Berlaku di Provinsi Aceh Menurut Kabupaten/Kota (miliar rupiah), 2021–2025","Per Capita GRDP at Current Market Prices by Regency/Municipality, in Aceh Province (thousand rupiahss), 2021–2025",1,1,a1aeffe26eae
ACEH,72,Kota Sabang,,2021,,38.425,,"PDRB Per Kapita Atas Dasar Harga Berlaku di Provinsi Aceh Menurut Kabupaten/Kota (miliar rupiah), 2021–2025","Per Capita GRDP at Current Market Prices by Regency/Municipality, in Aceh Province (thousand rupiahss), 2021–2025",1,1,08e40d27d5b7
ACEH,73,Kota Langsa,,2021,,30.612,,"PDRB Per Kapita Atas Dasar Harga Berlaku di Provinsi Aceh Menurut Kabupaten/Kota (miliar rupiah), 2021–2025","Per Capita GRDP at Current Market Prices by Regency/Municipality, in Aceh Province (thousand rupiahss), 2021–2025",1,1,f9a33e1376e9
ACEH,74,Kota Lhokseumawe,,2021,,49.344,,"PDRB Per Kapita Atas Dasar Harga Berlaku di Provinsi Aceh Menurut Kabupaten/Kota (miliar rupiah), 2021–2025","Per Capita GRDP at Current Market Prices by Regency/Municipality, in Aceh Province (thousand rupiahss), 2021–2025",1,1,3f365f57b4db
ACEH,75,Kota Subulussalam,,2021,,22.834,,"PDRB Per Kapita Atas Dasar Harga Berlaku di Provinsi Aceh Menurut Kabupaten/Kota (miliar rupiah), 2021–2025","Per Capita GRDP at Current Market Prices by Regency/Municipality, in Aceh Province (thousand rupiahss), 2021–2025",1,1,6d450d28da2c
ACEH,,Jml Kab./Kota Total of Reg./Mun.,,2021,,34.556,,"PDRB Per Kapita Atas Dasar Harga Berlaku di Provinsi Aceh Menurut Kabupaten/Kota (miliar rupiah), 2021–2025","Per Capita GRDP at Current Market Prices by Regency/Municipality, in Aceh Province (thousand rupiahss), 2021–2025",1,1,97bca564b095
ACEH,,Provinsi/Province,,2021,,34.674,,"PDRB Per Kapita Atas Dasar Harga Berlaku di Provinsi Aceh Menurut Kabupaten/Kota (miliar rupiah), 2021–2025","Per Capita GRDP at Current Market Prices by Regency/Municipality, in Aceh Province (thousand rupiahss), 2021–2025",1,1,30373105d384
SUMATERA UTARA,01,Kab. Nias,,2021,,28.240,,"PDRB Per Kapita Atas Dasar Harga Berlaku di Provinsi Sumatera Utara Menurut Kabupaten/Kota (ribu rupiah), 2021–2025","Per Capita GRDP at Current Market Prices by Regency/Municipality, in Sumatera Utara Province (thousand rupiahss), 2021–2025",2,2,338619bb281e
SUMATERA UTARA,02,Kab. Mandailing Natal,,2021,,31.022,,"PDRB Per Kapita Atas Dasar Harga Berlaku di Provinsi Sumatera Utara Menurut Kabupaten/Kota (ribu rupiah), 2021–2025","Per Capita GRDP at Current Market Prices by Regency/Municipality, in Sumatera Utara Province (thousand rupiahss), 2021–2025",2,2,0b92828ca783
SUMATERA UTARA,03,Kab. Tapanuli Selatan,,2021,,50.832,,"PDRB Per Kapita Atas Dasar Harga Berlaku di Provinsi Sumatera Utara Menurut Kabupaten/Kota (ribu rupiah), 2021–2025","Per Capita GRDP at Current Market Prices by Regency/Municipality, in Sumatera Utara Province (thousand rupiahss), 2021–2025",2,2,ae488d615ec8
SUMATERA UTARA,04,Kab. Tapanuli Tengah,,2021,,28.637,,"PDRB Per Kapita Atas Dasar Harga Berlaku di Provinsi Sumatera Utara Menurut Kabupaten/Kota (ribu rupiah), 2021–2025","Per Capita GRDP at Current Market Prices by Regency/Municipality, in Sumatera Utara Province (thousand rupiahss), 2021–2025",2,2,10cfed868907
SUMATERA UTARA,05,Kab. Tapanuli Utara,,2021,,27.910,,"PDRB Per Kapita Atas Dasar Harga Berlaku di Provinsi Sumatera Utara Menurut Kabupaten/Kota (ribu rupiah), 2021–2025","Per Capita GRDP at Current Market Prices by Regency/Municipality, in Sumatera Utara Province (thousand rupiahss), 2021–2025",2,2,1c48e9cc1a12
SUMATERA UTARA,06,Kab. Toba Samosir,,2021,,39.732,,"PDRB Per Kapita Atas Dasar Harga Berlaku di Provinsi Sumatera Utara Menurut Kabupaten/Kota (ribu rupiah), 2021–2025","Per Capita GRDP at Current Market Prices by Regency/Municipality, in Sumatera Utara Province (thousand rupiahss), 2021–2025",2,2,c6a941e1266f
SUMATERA UTARA,07,Kab. Labuhan Batu,,2021,,75.246,,"PDRB Per Kapita Atas Dasar Harga Berlaku di Provinsi Sumatera Utara Menurut Kabupaten/Kota (ribu rupiah), 2021–2025","Per Capita GRDP at Current Market Prices by Regency/Municipality, in Sumatera Utara Province (thousand rupiahss), 2021–2025",2,2,ae6043ef1116
SUMATERA UTARA,08,Kab. Asahan,,2021,,53.874,,"PDRB Per Kapita Atas Dasar Harga Berlaku di Provinsi Sumatera Utara Menurut Kabupaten/Kota (ribu rupiah), 2021–2025","Per Capita GRDP at Current Market Prices by Regency/Municipality, in Sumatera Utara Province (thousand rupiahss), 2021–2025",2,2,ed9b5f16dcbd
SUMATERA UTARA,09,Kab. Simalungun,,2021,,42.433,,"PDRB Per Kapita Atas Dasar Harga Berlaku di Provinsi Sumatera Utara Menurut Kabupaten/Kota (ribu rupiah), 2021–2025","Per Capita GRDP at Current Market Prices by Regency/Municipality, in Sumatera Utara Province (thousand rupiahss), 2021–2025",2,2,cd7d9d4ba4b4
SUMATERA UTARA,10,Kab. Dairi,,2021,,31.013,,"PDRB Per Kapita Atas Dasar Harga Berlaku di Provinsi Sumatera Utara Menurut Kabupaten/Kota (ribu rupiah), 2021–2025","Per Capita GRDP at Current Market Prices by Regency/Municipality, in Sumatera Utara Province (thousand rupiahss), 2021–2025",2,2,a84b166e2088
SUMATERA UTARA,11,Kab. Karo,,2021,,53.322,,"PDRB Per Kapita Atas Dasar Harga Berlaku di Provinsi Sumatera Utara Menurut Kabupaten/Kota (ribu rupiah), 2021–2025","Per Capita GRDP at Current Market Prices by Regency/Municipality, in Sumatera Utara Province (thousand rupiahss), 2021–2025",2,2,4679e4d67208
SUMATERA UTARA,12,Kab. Deli Serdang,,2021,,58.964,,"PDRB Per Kapita Atas Dasar Harga Berlaku di Provinsi Sumatera Utara Menurut Kabupaten/Kota (ribu rupiah), 2021–2025","Per Capita GRDP at Current Market Prices by Regency/Municipality, in Sumatera Utara Province (thousand rupiahss), 2021–2025",2,2,4b6cc9b0fa33
SUMATERA UTARA,13,Kab. Langkat,,2021,,44.485,,"PDRB Per Kapita Atas Dasar Harga Berlaku di Provinsi Sumatera Utara Menurut Kabupaten/Kota (ribu rupiah), 2021–2025","Per Capita GRDP at Current Market Prices by Regency/Municipality, in Sumatera Utara Province (thousand rupiahss), 2021–2025",2,2,b27b5b10c5e7
SUMATERA UTARA,14,Kab. Nias Selatan,,2021,,20.201,,"PDRB Per Kapita Atas Dasar Harga Berlaku di Provinsi Sumatera Utara Menurut Kabupaten/Kota (ribu rupiah), 2021–2025","Per Capita GRDP at Current Market Prices by Regency/Municipality, in Sumatera Utara Province (thousand rupiahss), 2021–2025",2,2,11aef9fcb491
SUMATERA UTARA,15,Kab. Humbang Hasundutan,,2021,,31.789,,"PDRB Per Kapita Atas Dasar Harga Berlaku di Provinsi Sumatera Utara Menurut Kabupaten/Kota (ribu rupiah), 2021–2025","Per Capita GRDP at Current Market Prices by Regency/Municipality, in Sumatera Utara Province (thousand rupiahss), 2021–2025",2,2,8f1ab0eec0ee
SUMATERA UTARA,16,Kab. Pakpak Bharat,,2021,,23.955,,"PDRB Per Kapita Atas Dasar Harga Berlaku di Provinsi Sumatera Utara Menurut Kabupaten/Kota (ribu rupiah), 2021–2025","Per Capita GRDP at Current Market Prices by Regency/Municipality, in Sumatera Utara Province (thousand rupiahss), 2021–2025",2,2,a5e7bdb236e4
SUMATERA UTARA,17,Kab. Samosir,,2021,,34.509,,"PDRB Per Kapita Atas Dasar Harga Berlaku di Provinsi Sumatera Utara Menurut Kabupaten/Kota (ribu rupiah), 2021–2025","Per Capita GRDP at Current Market Prices by Regency/Municipality, in Sumatera Utara Province (thousand rupiahss), 2021–2025",2,2,c50b0d7ce9de
SUMATERA UTARA,18,Kab. Serdang Bedagai,,2021,,45.761,,"PDRB Per Kapita Atas Dasar Harga Berlaku di Provinsi Sumatera Utara Menurut Kabupaten/Kota (ribu rupiah), 2021–2025","Per Capita GRDP at Current Market Prices by Regency/Municipality, in Sumatera Utara Province (thousand rupiahss), 2021–2025",2,2,18e9bec6fc4a
SUMATERA UTARA,19,Kab. Batu Bara,,2021,,89.340,,"PDRB Per Kapita Atas Dasar Harga Berlaku di Provinsi Sumatera Utara Menurut Kabupaten/Kota (ribu rupiah), 2021–2025","Per Capita GRDP at Current Market Prices by Regency/Municipality, in Sumatera Utara Province (thousand rupiahss), 2021–2025",2,2,5b59a5dd886d
SUMATERA UTARA,20,Kab. Padang Lawas Utara,,2021,,49.589,,"PDRB Per Kapita Atas Dasar Harga Berlaku di Provinsi Sumatera Utara Menurut Kabupaten/Kota (ribu rupiah), 2021–2025","Per Capita GRDP at Current Market Prices by Regency/Municipality, in Sumatera Utara Province (thousand rupiahss), 2021–2025",2,2,4e84db1e3979
SUMATERA UTARA,21,Kab. Padang Lawas,,2021,,49.558,,"PDRB Per Kapita Atas Dasar Harga Berlaku di Provinsi Sumatera Utara Menurut Kabupaten/Kota (ribu rupiah), 2021–2025","Per Capita GRDP at Current Market Prices by Regency/Municipality, in Sumatera Utara Province (thousand rupiahss), 2021–2025",2,2,591b605f7c17
SUMATERA UTARA,22,Kab. Labuhan Batu Selatan,,2021,,96.442,,"PDRB Per Kapita Atas Dasar Harga Berlaku di Provinsi Sumatera Utara Menurut Kabupaten/Kota (ribu rupiah), 2021–2025","Per Capita GRDP at Current Market Prices by Regency/Municipality, in Sumatera Utara Province (thousand rupiahss), 2021–2025",2,2,14e9190db846
SUMATERA UTARA,23,Kab. Labuhan Batu Utara,,2021,,70.672,,"PDRB Per Kapita Atas Dasar Harga Berlaku di Provinsi Sumatera Utara Menurut Kabupaten/Kota (ribu rupiah), 2021–2025","Per Capita GRDP at Current Market Prices by Regency/Municipality, in Sumatera Utara Province (thousand rupiahss), 2021–2025",2,2,4a1b5ca36332
SUMATERA UTARA,24,Kab. Nias Utara,,2021,,25.804,,"PDRB Per Kapita Atas Dasar Harga Berlaku di Provinsi Sumatera Utara Menurut Kabupaten/Kota (ribu rupiah), 2021–2025","Per Capita GRDP at Current Market Prices by Regency/Municipality, in Sumatera Utara Province (thousand rupiahss), 2021–2025",2,2,cfb0dadf1c68
SUMATERA UTARA,25,Kab. Nias Barat,,2021,,22.095,,"PDRB Per Kapita Atas Dasar Harga Berlaku di Provinsi Sumatera Utara Menurut Kabupaten/Kota (ribu rupiah), 2021–2025","Per Capita GRDP at Current Market Prices by Regency/Municipality, in Sumatera Utara Province (thousand rupiahss), 2021–2025",2,2,67887d02ba3e
SUMATERA UTARA,71,Kota Sibolga,,2021,,64.179,,"PDRB Per Kapita Atas Dasar Harga Berlaku di Provinsi Sumatera Utara Menurut Kabupaten/Kota (ribu rupiah), 2021–2025","Per Capita GRDP at Current Market Prices by Regency/Municipality, in Sumatera Utara Province (thousand rupiahss), 2021–2025",2,2,19c6789cb36b
SUMATERA UTARA,72,Kota Tanjung Balai,,2021,,54.084,,"PDRB Per Kapita Atas Dasar Harga Berlaku di Provinsi Sumatera Utara Menurut Kabupaten/Kota (ribu rupiah), 2021–2025","Per Capita GRDP at Current Market Prices by Regency/Municipality, in Sumatera Utara Province (thousand rupiahss), 2021–2025",2,2,3250a604c855
SUMATERA UTARA,73,Kota Pematang Siantar,,2021,,52.580,,"PDRB Per Kapita Atas Dasar Harga Berlaku di Provinsi Sumatera Utara Menurut Kabupaten/Kota (ribu rupiah), 2021–2025","Per Capita GRDP at Current Market Prices by Regency/Municipality, in Sumatera Utara Province (thousand rupiahss), 2021–2025",2,2,590f427ba77d
SUMATERA UTARA,74,Kota Tebing Tinggi,,2021,,36.374,,"PDRB Per Kapita Atas Dasar Harga Berlaku di Provinsi Sumatera Utara Menurut Kabupaten/Kota (ribu rupiah), 2021–2025","Per Capita GRDP at Current Market Prices by Regency/Municipality, in Sumatera Utara Province (thousand rupiahss), 2021–2025",2,2,b7ef17bb9bd0
SUMATERA UTARA,75,Kota Medan,,2021,,104.004,,"PDRB Per Kapita Atas Dasar Harga Berlaku di Provinsi Sumatera Utara Menurut Kabupaten/Kota (ribu rupiah), 2021–2025","Per Capita GRDP at Current Market Prices by Regency/Municipality, in Sumatera Utara Province (thousand rupiahss), 2021–2025",2,2,166aeabde1f4
SUMATERA UTARA,76,Kota Binjai,,2021,,41.737,,"PDRB Per Kapita Atas Dasar Harga Berlaku di Provinsi Sumatera Utara Menurut Kabupaten/Kota (ribu rupiah), 2021–2025","Per Capita GRDP at Current Market Prices by Regency/Municipality, in Sumatera Utara Province (thousand rupiahss), 2021–2025",2,2,d906b481e5c7
SUMATERA UTARA,77,Kota Padang Sidempuan,,2021,,29.710,,"PDRB Per Kapita Atas Dasar Harga Berlaku di Provinsi Sumatera Utara Menurut Kabupaten/Kota (ribu rupiah), 2021–2025","Per Capita GRDP at Current Market Prices by Regency/Municipality, in Sumatera Utara Province (thousand rupiahss), 2021–2025",2,2,6337deb1746e
SUMATERA UTARA,78,Kota Gunungsitoli,,2021,,43.598,,"PDRB Per Kapita Atas Dasar Harga Berlaku di Provinsi Sumatera Utara Menurut Kabupaten/Kota (ribu rupiah), 2021–2025","Per Capita GRDP at Current Market Prices by Regency/Municipality, in Sumatera Utara Province (thousand rupiahss), 2021–2025",2,2,15031937f97f
SUMATERA UTARA,,Jml Kab./Kota Total of Reg./Mun.,,2021,,58.191,,"PDRB Per Kapita Atas Dasar Harga Berlaku di Provinsi Sumatera Utara Menurut Kabupaten/Kota (ribu rupiah), 2021–2025","Per Capita GRDP at Current Market Prices by Regency/Municipality, in Sumatera Utara Province (thousand rupiahss), 2021–2025",2,2,866068aae79a
SUMATERA UTARA,,Provinsi/Province,,2021,,57.442,,"PDRB Per Kapita Atas Dasar Harga Berlaku di Provinsi Sumatera Utara Menurut Kabupaten/Kota (ribu rupiah), 2021–2025","Per Capita GRDP at Current Market Prices by Regency/Municipality, in Sumatera Utara Province (thousand rupiahss), 2021–2025",2,2,435d06047ca8
SUMATERA BARAT,01,Kab. Kepulauan Mentawai,,2021,,54.603,,"PDRB Per Kapita Atas Dasar Harga Berlaku di Provinsi Sumatera Barat Menurut Kabupaten/Kota (ribu rupiah), 2021–2025","Per Capita GRDP at Current Market Prices by Regency/Municipality, in Sumatera Barat Province (thousand rupiahss), 2021–2025",3,3,b23ac02cf0bc
SUMATERA BARAT,02,Kab. Pesisir Selatan,,2021,,29.268,,"PDRB Per Kapita Atas Dasar Harga Berlaku di Provinsi Sumatera Barat Menurut Kabupaten/Kota (ribu rupiah), 2021–2025","Per Capita GRDP at Current Market Prices by Regency/Municipality, in Sumatera Barat Province (thousand rupiahss), 2021–2025",3,3,e6990e0cc177
SUMATERA BARAT,03,Kab. Solok,,2021,,35.879,,"PDRB Per Kapita Atas Dasar Harga Berlaku di Provinsi Sumatera Barat Menurut Kabupaten/Kota (ribu rupiah), 2021–2025","Per Capita GRDP at Current Market Prices by Regency/Municipality, in Sumatera Barat Province (thousand rupiahss), 2021–2025",3,3,3d374ab86973
SUMATERA BARAT,04,Kab. Sijunjung,,2021,,40.299,,"PDRB Per Kapita Atas Dasar Harga Berlaku di Provinsi Sumatera Barat Menurut Kabupaten/Kota (ribu rupiah), 2021–2025","Per Capita GRDP at Current Market Prices by Regency/Municipality, in Sumatera Barat Province (thousand rupiahss), 2021–2025",3,3,55d655910c41
SUMATERA BARAT,05,Kab. Tanah Datar,,2021,,36.286,,"PDRB Per Kapita Atas Dasar Harga Berlaku di Provinsi Sumatera Barat Menurut Kabupaten/Kota (ribu rupiah), 2021–2025","Per Capita GRDP at Current Market Prices by Regency/Municipality, in Sumatera Barat Province (thousand rupiahss), 2021–2025",3,3,29a75356db1e
SUMATERA BARAT,06,Kab. Padang Pariaman,,2021,,42.314,,"PDRB Per Kapita Atas Dasar Harga Berlaku di Provinsi Sumatera Barat Menurut Kabupaten/Kota (ribu rupiah), 2021–2025","Per Capita GRDP at Current Market Prices by Regency/Municipality, in Sumatera Barat Province (thousand rupiahss), 2021–2025",3,3,5081a1b78d31
SUMATERA BARAT,07,Kab. Agam,,2021,,39.911,,"PDRB Per Kapita Atas Dasar Harga Berlaku di Provinsi Sumatera Barat Menurut Kabupaten/Kota (ribu rupiah), 2021–2025","Per Capita GRDP at Current Market Prices by Regency/Municipality, in Sumatera Barat Province (thousand rupiahss), 2021–2025",3,3,1693a7e476fb
SUMATERA BARAT,08,Kab. Lima Puluh Kota,,2021,,41.810,,"PDRB Per Kapita Atas Dasar Harga Berlaku di Provinsi Sumatera Barat Menurut Kabupaten/Kota (ribu rupiah), 2021–2025","Per Capita GRDP at Current Market Prices by Regency/Municipality, in Sumatera Barat Province (thousand rupiahss), 2021–2025",3,3,9ccb9498a4df
SUMATERA BARAT,09,Kab. Pasaman,,2021,,31.090,,"PDRB Per Kapita Atas Dasar Harga Berlaku di Provinsi Sumatera Barat Menurut Kabupaten/Kota (ribu rupiah), 2021–2025","Per Capita GRDP at Current Market Prices by Regency/Municipality, in Sumatera Barat Province (thousand rupiahss), 2021–2025",3,3,28b159c6a1f7
SUMATERA BARAT,10,Kab. Solok Selatan,,2021,,31.309,,"PDRB Per Kapita Atas Dasar Harga Berlaku di Provinsi Sumatera Barat Menurut Kabupaten/Kota (ribu rupiah), 2021–2025","Per Capita GRDP at Current Market Prices by Regency/Municipality, in Sumatera Barat Province (thousand rupiahss), 2021–2025",3,3,4a1324619c86
SUMATERA BARAT,11,Kab. Dharmasraya,,2021,,46.450,,"PDRB Per Kapita Atas Dasar Harga Berlaku di Provinsi Sumatera Barat Menurut Kabupaten/Kota (ribu rupiah), 2021–2025","Per Capita GRDP at Current Market Prices by Regency/Municipality, in Sumatera Barat Province (thousand rupiahss), 2021–2025",3,3,00927085b7f5
SUMATERA BARAT,12,Kab. Pasaman Barat,,2021,,36.472,,"PDRB Per Kapita Atas Dasar Harga Berlaku di Provinsi Sumatera Barat Menurut Kabupaten/Kota (ribu rupiah), 2021–2025","Per Capita GRDP at Current Market Prices by Regency/Municipality, in Sumatera Barat Province (thousand rupiahss), 2021–2025",3,3,31c3fa2401cd
SUMATERA BARAT,71,Kota Padang,,2021,,70.884,,"PDRB Per Kapita Atas Dasar Harga Berlaku di Provinsi Sumatera Barat Menurut Kabupaten/Kota (ribu rupiah), 2021–2025","Per Capita GRDP at Current Market Prices by Regency/Municipality, in Sumatera Barat Province (thousand rupiahss), 2021–2025",3,3,89732a1bd5f1
SUMATERA BARAT,72,Kota Solok,,2021,,57.010,,"PDRB Per Kapita Atas Dasar Harga Berlaku di Provinsi Sumatera Barat Menurut Kabupaten/Kota (ribu rupiah), 2021–2025","Per Capita GRDP at Current Market Prices by Regency/Municipality, in Sumatera Barat Province (thousand rupiahss), 2021–2025",3,3,87d703296b3e
SUMATERA BARAT,73,Kota Sawah Lunto,,2021,,58.530,,"PDRB Per Kapita Atas Dasar Harga Berlaku di Provinsi Sumatera Barat Menurut Kabupaten/Kota (ribu rupiah), 2021–2025","Per Capita GRDP at Current Market Prices by Regency/Municipality, in Sumatera Barat Province (thousand rupiahss), 2021–2025",3,3,657006c5a89a
SUMATERA BARAT,74,Kota Padang Panjang,,2021,,64.124,,"PDRB Per Kapita Atas Dasar Harga Berlaku di Provinsi Sumatera Barat Menurut Kabupaten/Kota (ribu rupiah), 2021–2025","Per Capita GRDP at Current Market Prices by Regency/Municipality, in Sumatera Barat Province (thousand rupiahss), 2021–2025",3,3,1d0c4ef30faa
SUMATERA BARAT,75,Kota Bukittinggi,,2021,,74.001,,"PDRB Per Kapita Atas Dasar Harga Berlaku di Provinsi Sumatera Barat Menurut Kabupaten/Kota (ribu rupiah), 2021–2025","Per Capita GRDP at Current Market Prices by Regency/Municipality, in Sumatera Barat Province (thousand rupiahss), 2021–2025",3,3,db52be2f47e9
SUMATERA BARAT,76,Kota Payakumbuh,,2021,,51.809,,"PDRB Per Kapita Atas Dasar Harga Berlaku di Provinsi Sumatera Barat Menurut Kabupaten/Kota (ribu rupiah), 2021–2025","Per Capita GRDP at Current Market Prices by Regency/Municipality, in Sumatera Barat Province (thousand rupiahss), 2021–2025",3,3,f7efa8b33ba0
SUMATERA BARAT,77,Kota Pariaman,,2021,,55.412,,"PDRB Per Kapita Atas Dasar Harga Berlaku di Provinsi Sumatera Barat Menurut Kabupaten/Kota (ribu rupiah), 2021–2025","Per Capita GRDP at Current Market Prices by Regency/Municipality, in Sumatera Barat Province (thousand rupiahss), 2021–2025",3,3,c9659be9eb1c
SUMATERA BARAT,,Jml Kab./Kota Total of Reg./Mun.,,2021,,45.309,,"PDRB Per Kapita Atas Dasar Harga Berlaku di Provinsi Sumatera Barat Menurut Kabupaten/Kota (ribu rupiah), 2021–2025","Per Capita GRDP at Current Market Prices by Regency/Municipality, in Sumatera Barat Province (thousand rupiahss), 2021–2025",3,3,e462d20302a2
SUMATERA BARAT,,Provinsi/Province,,2021,,45.218,,"PDRB Per Kapita Atas Dasar Harga Berlaku di Provinsi Sumatera Barat Menurut Kabupaten/Kota (ribu rupiah), 2021–2025","Per Capita GRDP at Current Market Prices by Regency/Municipality, in Sumatera Barat Province (thousand rupiahss), 2021–2025",3,3,eff925e4b9e3
RIAU,01,Kab. Kuantan Singingi,,2021,,114.654,,"PDRB Per Kapita Atas Dasar Harga Berlaku di Provinsi Riau Menurut Kabupaten/Kota (ribu rupiah), 2021–2025","Per Capita GRDP at Current Market Prices by Regency/Municipality, in Riau Province (thousand rupiahss), 2021–2025",4,4,e42f715db335
RIAU,02,Kab.indragiri Hulu,,2021,,106.177,,"PDRB Per Kapita Atas Dasar Harga Berlaku di Provinsi Riau Menurut Kabupaten/Kota (ribu rupiah), 2021–2025","Per Capita GRDP at Current Market Prices by Regency/Municipality, in Riau Province (thousand rupiahss), 2021–2025",4,4,2550421bceee
RIAU,03,Kab.indragiri Hilir,,2021,,110.896,,"PDRB Per Kapita Atas Dasar Harga Berlaku di Provinsi Riau Menurut Kabupaten/Kota (ribu rupiah), 2021–2025","Per Capita GRDP at Current Market Prices by Regency/Municipality, in Riau Province (thousand rupiahss), 2021–2025",4,4,0165de4fa86e
RIAU,04,Kab. Pelalawan,,2021,,145.721,,"PDRB Per Kapita Atas Dasar Harga Berlaku di Provinsi Riau Menurut Kabupaten/Kota (ribu rupiah), 2021–2025","Per Capita GRDP at Current Market Prices by Regency/Municipality, in Riau Province (thousand rupiahss), 2021–2025",4,4,141fa56db3b0
RIAU,05,Kab. Siak,,2021,,193.401,,"PDRB Per Kapita Atas Dasar Harga Berlaku di Provinsi Riau Menurut Kabupaten/Kota (ribu rupiah), 2021–2025","Per Capita GRDP at Current Market Prices by Regency/Municipality, in Riau Province (thousand rupiahss), 2021–2025",4,4,2b92cc963f9f
RIAU,06,Kab. Kampar,,2021,,101.399,,"PDRB Per Kapita Atas Dasar Harga Berlaku di Provinsi Riau Menurut Kabupaten/Kota (ribu rupiah), 2021–2025","Per Capita GRDP at Current Market Prices by Regency/Municipality, in Riau Province (thousand rupiahss), 2021–2025",4,4,49da626e5676
RIAU,07,Kab. Rokan Hulu,,2021,,74.221,,"PDRB Per Kapita Atas Dasar Harga Berlaku di Provinsi Riau Menurut Kabupaten/Kota (ribu rupiah), 2021–2025","Per Capita GRDP at Current Market Prices by Regency/Municipality, in Riau Province (thousand rupiahss), 2021–2025",4,4,b2a67363a8ca
RIAU,08,Kab. Bengkalis,,2021,,244.869,,"PDRB Per Kapita Atas Dasar Harga Berlaku di Provinsi Riau Menurut Kabupaten/Kota (ribu rupiah), 2021–2025","Per Capita GRDP at Current Market Prices by Regency/Municipality, in Riau Province (thousand rupiahss), 2021–2025",4,4,fbee716052b7
RIAU,09,Kab. Rokan Hilir,,2021,,124.189,,"PDRB Per Kapita Atas Dasar Harga Berlaku di Provinsi Riau Menurut Kabupaten/Kota (ribu rupiah), 2021–2025","Per Capita GRDP at Current Market Prices by Regency/Municipality, in Riau Province (thousand rupiahss), 2021–2025",4,4,33aee2c9f856
RIAU,10,Kab. Kepulauan Meranti,,2021,,101.506,,"PDRB Per Kapita Atas Dasar Harga Berlaku di Provinsi Riau Menurut Kabupaten/Kota (ribu rupiah), 2021–2025","Per Capita GRDP at Current Market Prices by Regency/Municipality, in Riau Province (thousand rupiahss), 2021–2025",4,4,a87de1953c93
RIAU,71,Kota Pekan Baru,,2021,,127.215,,"PDRB Per Kapita Atas Dasar Harga Berlaku di Provinsi Riau Menurut Kabupaten/Kota (ribu rupiah), 2021–2025","Per Capita GRDP at Current Market Prices by Regency/Municipality, in Riau Province (thousand rupiahss), 2021–2025",4,4,3f848e09ac9d
RIAU,73,Kota Dumai,,2021,,124.686,,"PDRB Per Kapita Atas Dasar Harga Berlaku di Provinsi Riau Menurut Kabupaten/Kota (ribu rupiah), 2021–2025","Per Capita GRDP at Current Market Prices by Regency/Municipality, in Riau Province (thousand rupiahss), 2021–2025",4,4,ee6f828f6a71
RIAU,,Jml Kab./Kota Total of Reg./Mun.,,2021,,130.361,,"PDRB Per Kapita Atas Dasar Harga Berlaku di Provinsi Riau Menurut Kabupaten/Kota (ribu rupiah), 2021–2025","Per Capita GRDP at Current Market Prices by Regency/Municipality, in Riau Province (thousand rupiahss), 2021–2025",4,4,698a7867f435
RIAU,,Provinsi/Province,,2021,,129.741,,"PDRB Per Kapita Atas Dasar Harga Berlaku di Provinsi Riau Menurut Kabupaten/Kota (ribu rupiah), 2021–2025","Per Capita GRDP at Current Market Prices by Regency/Municipality, in Riau Province (thousand rupiahss), 2021–2025",4,4,b5134c4b99ac
JAMBI,01,Kab. Kerinci,,2021,,44.640,,"PDRB Per Kapita Atas Dasar Harga Berlaku di Provinsi Jambi Menurut Kabupaten/Kota (ribu rupiah), 2021–2025","Per Capita GRDP at Current Market Prices by Regency/Municipality, in Jambi Province (thousand rupiahss), 2021–2025",5,5,4499022c1609
JAMBI,02,Kab. Merangin,,2021,,49.810,,"PDRB Per Kapita Atas Dasar Harga Berlaku di Provinsi Jambi Menurut Kabupaten/Kota (ribu rupiah), 2021–2025","Per Capita GRDP at Current Market Prices by Regency/Municipality, in Jambi Province (thousand rupiahss), 2021–2025",5,5,502c1c7da72e
JAMBI,03,Kab. Sarolangun,,2021,,56.433,,"PDRB Per Kapita Atas Dasar Harga Berlaku di Provinsi Jambi Menurut Kabupaten/Kota (ribu rupiah), 2021–2025","Per Capita GRDP at Current Market Prices by Regency/Municipality, in Jambi Province (thousand rupiahss), 2021–2025",5,5,ec0fec020260
JAMBI,04,Kab. Batanghari,,2021,,61.695,,"PDRB Per Kapita Atas Dasar Harga Berlaku di Provinsi Jambi Menurut Kabupaten/Kota (ribu rupiah), 2021–2025","Per Capita GRDP at Current Market Prices by Regency/Municipality, in Jambi Province (thousand rupiahss), 2021–2025",5,5,37ae2fe42ff5
JAMBI,05,Kab. Muaro Jambi,,2021,,67.726,,"PDRB Per Kapita Atas Dasar Harga Berlaku di Provinsi Jambi Menurut Kabupaten/Kota (ribu rupiah), 2021–2025","Per Capita GRDP at Current Market Prices by Regency/Municipality, in Jambi Province (thousand rupiahss), 2021–2025",5,5,f5a178610769
JAMBI,06,Kab. Tanjung Jabung Timur,,2021,,93.886,,"PDRB Per Kapita Atas Dasar Harga Berlaku di Provinsi Jambi Menurut Kabupaten/Kota (ribu rupiah), 2021–2025","Per Capita GRDP at Current Market Prices by Regency/Municipality, in Jambi Province (thousand rupiahss), 2021–2025",5,5,0216d1b1cd7b
JAMBI,07,Kab. Tanjung Jabung Barat,,2021,,131.006,,"PDRB Per Kapita Atas Dasar Harga Berlaku di Provinsi Jambi Menurut Kabupaten/Kota (ribu rupiah), 2021–2025","Per Capita GRDP at Current Market Prices by Regency/Municipality, in Jambi Province (thousand rupiahss), 2021–2025",5,5,b67c0ead9c00
JAMBI,08,Kab. Tebo,,2021,,49.639,,"PDRB Per Kapita Atas Dasar Harga Berlaku di Provinsi Jambi Menurut Kabupaten/Kota (ribu rupiah), 2021–2025","Per Capita GRDP at Current Market Prices by Regency/Municipality, in Jambi Province (thousand rupiahss), 2021–2025",5,5,1a258b8a6d6f
JAMBI,09,Kab. Bungo,,2021,,54.816,,"PDRB Per Kapita Atas Dasar Harga Berlaku di Provinsi Jambi Menurut Kabupaten/Kota (ribu rupiah), 2021–2025","Per Capita GRDP at Current Market Prices by Regency/Municipality, in Jambi Province (thousand rupiahss), 2021–2025",5,5,c1ac1878065a
JAMBI,71,Kota Jambi,,2021,,52.094,,"PDRB Per Kapita Atas Dasar Harga Berlaku di Provinsi Jambi Menurut Kabupaten/Kota (ribu rupiah), 2021–2025","Per Capita GRDP at Current Market Prices by Regency/Municipality, in Jambi Province (thousand rupiahss), 2021–2025",5,5,4411f99710d6
JAMBI,72,Kota Sungai Penuh,,2021,,81.810,,"PDRB Per Kapita Atas Dasar Harga Berlaku di Provinsi Jambi Menurut Kabupaten/Kota (ribu rupiah), 2021–2025","Per Capita GRDP at Current Market Prices by Regency/Municipality, in Jambi Province (thousand rupiahss), 2021–2025",5,5,bd07a820ff2c
JAMBI,,Jml Kab./Kota Total of Reg./Mun.,,2021,,64.911,,"PDRB Per Kapita Atas Dasar Harga Berlaku di Provinsi Jambi Menurut Kabupaten/Kota (ribu rupiah), 2021–2025","Per Capita GRDP at Current Market Prices by Regency/Municipality, in Jambi Province (thousand rupiahss), 2021–2025",5,5,10bce373ff8f
JAMBI,,Provinsi/Province,,2021,,64.77.1,,"PDRB Per Kapita Atas Dasar Harga Berlaku di Provinsi Jambi Menurut Kabupaten/Kota (ribu rupiah), 2021–2025","Per Capita GRDP at Current Market Prices by Regency/Municipality, in Jambi Province (thousand rupiahss), 2021–2025",5,5,e578a9f8929a
SUMATERA SELATAN,01,Kab. Ogan Komering Ulu,,2021,,42.405,,"PDRB Per Kapita Atas Dasar Harga Berlaku di Provinsi Sumatera Selatan Menurut Kabupaten/Kota (ribu rupiah), 2021–2025","Per Capita GRDP at Current Market Prices by Regency/Municipality, in Sumatera Selatan Province (thousand rupiahss), 2021–2025",6,6,ad20e4c82e43
SUMATERA SELATAN,02,Kab. Ogan Komering Ilir,,2021,,40.180,,"PDRB Per Kapita Atas Dasar Harga Berlaku di Provinsi Sumatera Selatan Menurut Kabupaten/Kota (ribu rupiah), 2021–2025","Per Capita GRDP at Current Market Prices by Regency/Municipality, in Sumatera Selatan Province (thousand rupiahss), 2021–2025",6,6,21bf7fe99f00
SUMATERA SELATAN,03,Kab. Muara Enim,,2021,,112.419,,"PDRB Per Kapita Atas Dasar Harga Berlaku di Provinsi Sumatera Selatan Menurut Kabupaten/Kota (ribu rupiah), 2021–2025","Per Capita GRDP at Current Market Prices by Regency/Municipality, in Sumatera Selatan Province (thousand rupiahss), 2021–2025",6,6,60ede0619b0e
SUMATERA SELATAN,04,Kab. Lahat,,2021,,45.229,,"PDRB Per Kapita Atas Dasar Harga Berlaku di Provinsi Sumatera Selatan Menurut Kabupaten/Kota (ribu rupiah), 2021–2025","Per Capita GRDP at Current Market Prices by Regency/Municipality, in Sumatera Selatan Province (thousand rupiahss), 2021–2025",6,6,9c9ec8e9d6ea
SUMATERA SELATAN,05,Kab. Musi Rawas,,2021,,51.147,,"PDRB Per Kapita Atas Dasar Harga Berlaku di Provinsi Sumatera Selatan Menurut Kabupaten/Kota (ribu rupiah), 2021–2025","Per Capita GRDP at Current Market Prices by Regency/Municipality, in Sumatera Selatan Province (thousand rupiahss), 2021–2025",6,6,e2c93b1093eb
SUMATERA SELATAN,06,Kab. Musi Banyuasin,,2021,,115.562,,"PDRB Per Kapita Atas Dasar Harga Berlaku di Provinsi Sumatera Selatan Menurut Kabupaten/Kota (ribu rupiah), 2021–2025","Per Capita GRDP at Current Market Prices by Regency/Municipality, in Sumatera Selatan Province (thousand rupiahss), 2021–2025",6,6,72503e09e552
SUMATERA SELATAN,07,Kab. Banyuasin,,2021,,36.445,,"PDRB Per Kapita Atas Dasar Harga Berlaku di Provinsi Sumatera Selatan Menurut Kabupaten/Kota (ribu rupiah), 2021–2025","Per Capita GRDP at Current Market Prices by Regency/Municipality, in Sumatera Selatan Province (thousand rupiahss), 2021–2025",6,6,507192d3dbfc
SUMATERA SELATAN,08,Kab. Ogan Komering Ulu Selatan,,2021,,23.062,,"PDRB Per Kapita Atas Dasar Harga Berlaku di Provinsi Sumatera Selatan Menurut Kabupaten/Kota (ribu rupiah), 2021–2025","Per Capita GRDP at Current Market Prices by Regency/Municipality, in Sumatera Selatan Province (thousand rupiahss), 2021–2025",6,6,1c5fd6087ed9
SUMATERA SELATAN,09,Kab. Ogan Komering Ulu Timur,,2021,,24.797,,"PDRB Per Kapita Atas Dasar Harga Berlaku di Provinsi Sumatera Selatan Menurut Kabupaten/Kota (ribu rupiah), 2021–2025","Per Capita GRDP at Current Market Prices by Regency/Municipality, in Sumatera Selatan Province (thousand rupiahss), 2021–2025",6,6,c946d4219f5f
SUMATERA SELATAN,10,Kab. Ogan Ilir,,2021,,28.641,,"PDRB Per Kapita Atas Dasar Harga Berlaku di Provinsi Sumatera Selatan Menurut Kabupaten/Kota (ribu rupiah), 2021–2025","Per Capita GRDP at Current Market Prices by Regency/Municipality, in Sumatera Selatan Province (thousand rupiahss), 2021–2025",6,6,41a73976aa4f
SUMATERA SELATAN,11,Kab. Empat Lawang,,2021,,16.098,,"PDRB Per Kapita Atas Dasar Harga Berlaku di Provinsi Sumatera Selatan Menurut Kabupaten/Kota (ribu rupiah), 2021–2025","Per Capita GRDP at Current Market Prices by Regency/Municipality, in Sumatera Selatan Province (thousand rupiahss), 2021–2025",6,6,30794deadac7
SUMATERA SELATAN,12,Kab. Penukal Abab Lematang Ilir,,2021,,38.185,,"PDRB Per Kapita Atas Dasar Harga Berlaku di Provinsi Sumatera Selatan Menurut Kabupaten/Kota (ribu rupiah), 2021–2025","Per Capita GRDP at Current Market Prices by Regency/Municipality, in Sumatera Selatan Province (thousand rupiahss), 2021–2025",6,6,c9b37689c754
SUMATERA SELATAN,13,Kab. Musi Rawas Utara,,2021,,40.567,,"PDRB Per Kapita Atas Dasar Harga Berlaku di Provinsi Sumatera Selatan Menurut Kabupaten/Kota (ribu rupiah), 2021–2025","Per Capita GRDP at Current Market Prices by Regency/Municipality, in Sumatera Selatan Province (thousand rupiahss), 2021–2025",6,6,8ea1e58a0e93
SUMATERA SELATAN,71,Kota Palembang,,2021,,96.426,,"PDRB Per Kapita Atas Dasar Harga Berlaku di Provinsi Sumatera Selatan Menurut Kabupaten/Kota (ribu rupiah), 2021–2025","Per Capita GRDP at Current Market Prices by Regency/Municipality, in Sumatera Selatan Province (thousand rupiahss), 2021–2025",6,6,aa9f7fb602de
SUMATERA SELATAN,72,Kota Prabumulih,,2021,,42.736,,"PDRB Per Kapita Atas Dasar Harga Berlaku di Provinsi Sumatera Selatan Menurut Kabupaten/Kota (ribu rupiah), 2021–2025","Per Capita GRDP at Current Market Prices by Regency/Municipality, in Sumatera Selatan Province (thousand rupiahss), 2021–2025",6,6,c9e68feea882
SUMATERA SELATAN,73,Kota Pagar Alam,,2021,,20.707,,"PDRB Per Kapita Atas Dasar Harga Berlaku di Provinsi Sumatera Selatan Menurut Kabupaten/Kota (ribu rupiah), 2021–2025","Per Capita GRDP at Current Market Prices by Regency/Municipality, in Sumatera Selatan Province (thousand rupiahss), 2021–2025",6,6,af58bc3d3f85
SUMATERA SELATAN,74,Kota Lubuk Linggau,,2021,,29.707,,"PDRB Per Kapita Atas Dasar Harga Berlaku di Provinsi Sumatera Selatan Menurut Kabupaten/Kota (ribu rupiah), 2021–2025","Per Capita GRDP at Current Market Prices by Regency/Municipality, in Sumatera Selatan Province (thousand rupiahss), 2021–2025",6,6,05cdac1d4c64
SUMATERA SELATAN,,Jml Kab./Kota Total of Reg./Mun.,,2021,,58.386,,"PDRB Per Kapita Atas Dasar Harga Berlaku di Provinsi Sumatera Selatan Menurut Kabupaten/Kota (ribu rupiah), 2021–2025","Per Capita GRDP at Current Market Prices by Regency/Municipality, in Sumatera Selatan Province (thousand rupiahss), 2021–2025",6,6,cd1769ebd97a
SUMATERA SELATAN,,Provinsi/Province,,2021,,57.745,,"PDRB Per Kapita Atas Dasar Harga Berlaku di Provinsi Sumatera Selatan Menurut Kabupaten/Kota (ribu rupiah), 2021–2025","Per Capita GRDP at Current Market Prices by Regency/Municipality, in Sumatera Selatan Province (thousand rupiahss), 2021–2025",6,6,39f41b26757b
BENGKULU,01,Kab. Bengkulu Selatan,,2021,,36.954,,"PDRB Per Kapita Atas Dasar Harga Berlaku di Provinsi Bengkulu Menurut Kabupaten/Kota (ribu rupiah), 2021–2025","Per Capita GRDP at Current Market Prices by Regency/Municipality, in Bengkulu Province (thousand rupiahss), 2021–2025",7,7,9b9bfda251ca
BENGKULU,02,Kab. Rejang Lebong,,2021,,36.134,,"PDRB Per Kapita Atas Dasar Harga Berlaku di Provinsi Bengkulu Menurut Kabupaten/Kota (ribu rupiah), 2021–2025","Per Capita GRDP at Current Market Prices by Regency/Municipality, in Bengkulu Province (thousand rupiahss), 2021–2025",7,7,1c692d1f8ff3
BENGKULU,03,Kab. Bengkulu Utara,,2021,,32.906,,"PDRB Per Kapita Atas Dasar Harga Berlaku di Provinsi Bengkulu Menurut Kabupaten/Kota (ribu rupiah), 2021–2025","Per Capita GRDP at Current Market Prices by Regency/Municipality, in Bengkulu Province (thousand rupiahss), 2021–2025",7,7,bfc677661f01
BENGKULU,04,Kab. Kaur,,2021,,30.519,,"PDRB Per Kapita Atas Dasar Harga Berlaku di Provinsi Bengkulu Menurut Kabupaten/Kota (ribu rupiah), 2021–2025","Per Capita GRDP at Current Market Prices by Regency/Municipality, in Bengkulu Province (thousand rupiahss), 2021–2025",7,7,48bb420866a9
BENGKULU,05,Kab. Seluma,,2021,,24.069,,"PDRB Per Kapita Atas Dasar Harga Berlaku di Provinsi Bengkulu Menurut Kabupaten/Kota (ribu rupiah), 2021–2025","Per Capita GRDP at Current Market Prices by Regency/Municipality, in Bengkulu Province (thousand rupiahss), 2021–2025",7,7,aca3ff7f2dc7
BENGKULU,06,Kab. Mukomuko,,2021,,29.519,,"PDRB Per Kapita Atas Dasar Harga Berlaku di Provinsi Bengkulu Menurut Kabupaten/Kota (ribu rupiah), 2021–2025","Per Capita GRDP at Current Market Prices by Regency/Municipality, in Bengkulu Province (thousand rupiahss), 2021–2025",7,7,eb1bdd7c795f
BENGKULU,07,Kab. Lebong,,2021,,33.763,,"PDRB Per Kapita Atas Dasar Harga Berlaku di Provinsi Bengkulu Menurut Kabupaten/Kota (ribu rupiah), 2021–2025","Per Capita GRDP at Current Market Prices by Regency/Municipality, in Bengkulu Province (thousand rupiahss), 2021–2025",7,7,0f5591ce8b92
BENGKULU,08,Kab. Kepahiang,,2021,,31.420,,"PDRB Per Kapita Atas Dasar Harga Berlaku di Provinsi Bengkulu Menurut Kabupaten/Kota (ribu rupiah), 2021–2025","Per Capita GRDP at Current Market Prices by Regency/Municipality, in Bengkulu Province (thousand rupiahss), 2021–2025",7,7,6d1a4a74bd18
BENGKULU,09,Kab. Bengkulu Tengah,,2021,,46.330,,"PDRB Per Kapita Atas Dasar Harga Berlaku di Provinsi Bengkulu Menurut Kabupaten/Kota (ribu rupiah), 2021–2025","Per Capita GRDP at Current Market Prices by Regency/Municipality, in Bengkulu Province (thousand rupiahss), 2021–2025",7,7,3317e602ea10
BENGKULU,71,Kota Bengkulu,,2021,,65.943,,"PDRB Per Kapita Atas Dasar Harga Berlaku di Provinsi Bengkulu Menurut Kabupaten/Kota (ribu rupiah), 2021–2025","Per Capita GRDP at Current Market Prices by Regency/Municipality, in Bengkulu Province (thousand rupiahss), 2021–2025",7,7,4dcd80ebf436
BENGKULU,,Jml Kab./Kota Total of Reg./Mun.,,2021,,39.170,,"PDRB Per Kapita Atas Dasar Harga Berlaku di Provinsi Bengkulu Menurut Kabupaten/Kota (ribu rupiah), 2021–2025","Per Capita GRDP at Current Market Prices by Regency/Municipality, in Bengkulu Province (thousand rupiahss), 2021–2025",7,7,db949f22c782
BENGKULU,,Provinsi/Province,,2021,,39.167,,"PDRB Per Kapita Atas Dasar Harga Berlaku di Provinsi Bengkulu Menurut Kabupaten/Kota (ribu rupiah), 2021–2025","Per Capita GRDP at Current Market Prices by Regency/Municipality, in Bengkulu Province (thousand rupiahss), 2021–2025",7,7,17921a3da2ad
LAMPUNG,01,Kab. Lampung Barat,,2021,,24.503,,"PDRB Per Kapita Atas Dasar Harga Berlaku di Provinsi Lampung Menurut Kabupaten/Kota (ribu rupiah), 2021–2025","Per Capita GRDP at Current Market Prices by Regency/Municipality, in Lampung Province (thousand rupiahss), 2021–2025",8,8,f50743f6cfe7
LAMPUNG,02,Kab. Tanggamus,,2021,,25.238,,"PDRB Per Kapita Atas Dasar Harga Berlaku di Provinsi Lampung Menurut Kabupaten/Kota (ribu rupiah), 2021–2025","Per Capita GRDP at Current Market Prices by Regency/Municipality, in Lampung Province (thousand rupiahss), 2021–2025",8,8,174a33f99b40
LAMPUNG,03,Kab. Lampung Selatan,,2021,,42.847,,"PDRB Per Kapita Atas Dasar Harga Berlaku di Provinsi Lampung Menurut Kabupaten/Kota (ribu rupiah), 2021–2025","Per Capita GRDP at Current Market Prices by Regency/Municipality, in Lampung Province (thousand rupiahss), 2021–2025",8,8,b742575c78e2
LAMPUNG,04,Kab. Lampung Timur,,2021,,39.143,,"PDRB Per Kapita Atas Dasar Harga Berlaku di Provinsi Lampung Menurut Kabupaten/Kota (ribu rupiah), 2021–2025","Per Capita GRDP at Current Market Prices by Regency/Municipality, in Lampung Province (thousand rupiahss), 2021–2025",8,8,a1380e731b9b
LAMPUNG,05,Kab. Lampung Tengah,,2021,,50.445,,"PDRB Per Kapita Atas Dasar Harga Berlaku di Provinsi Lampung Menurut Kabupaten/Kota (ribu rupiah), 2021–2025","Per Capita GRDP at Current Market Prices by Regency/Municipality, in Lampung Province (thousand rupiahss), 2021–2025",8,8,f04e6982aa2a
LAMPUNG,06,Kab. Lampung Utara,,2021,,38.888,,"PDRB Per Kapita Atas Dasar Harga Berlaku di Provinsi Lampung Menurut Kabupaten/Kota (ribu rupiah), 2021–2025","Per Capita GRDP at Current Market Prices by Regency/Municipality, in Lampung Province (thousand rupiahss), 2021–2025",8,8,d571ea822ef0
LAMPUNG,07,Kab. Way Kanan,,2021,,30.641,,"PDRB Per Kapita Atas Dasar Harga Berlaku di Provinsi Lampung Menurut Kabupaten/Kota (ribu rupiah), 2021–2025","Per Capita GRDP at Current Market Prices by Regency/Municipality, in Lampung Province (thousand rupiahss), 2021–2025",8,8,33716cf13c8c
LAMPUNG,08,Kab. Tulang Bawang,,2021,,55.623,,"PDRB Per Kapita Atas Dasar Harga Berlaku di Provinsi Lampung Menurut Kabupaten/Kota (ribu rupiah), 2021–2025","Per Capita GRDP at Current Market Prices by Regency/Municipality, in Lampung Province (thousand rupiahss), 2021–2025",8,8,12c9413dd66f
LAMPUNG,09,Kab. Pesawaran,,2021,,34.880,,"PDRB Per Kapita Atas Dasar Harga Berlaku di Provinsi Lampung Menurut Kabupaten/Kota (ribu rupiah), 2021–2025","Per Capita GRDP at Current Market Prices by Regency/Municipality, in Lampung Province (thousand rupiahss), 2021–2025",8,8,22ab892894f0
LAMPUNG,10,Kab. Pringsewu,,2021,,28.483,,"PDRB Per Kapita Atas Dasar Harga Berlaku di Provinsi Lampung Menurut Kabupaten/Kota (ribu rupiah), 2021–2025","Per Capita GRDP at Current Market Prices by Regency/Municipality, in Lampung Province (thousand rupiahss), 2021–2025",8,8,b4cb0332db06
LAMPUNG,11,Kab. Mesuji,,2021,,47.214,,"PDRB Per Kapita Atas Dasar Harga Berlaku di Provinsi Lampung Menurut Kabupaten/Kota (ribu rupiah), 2021–2025","Per Capita GRDP at Current Market Prices by Regency/Municipality, in Lampung Province (thousand rupiahss), 2021–2025",8,8,6628790d3215
LAMPUNG,12,Kab. Tulang Bawang Barat,,2021,,41.431,,"PDRB Per Kapita Atas Dasar Harga Berlaku di Provinsi Lampung Menurut Kabupaten/Kota (ribu rupiah), 2021–2025","Per Capita GRDP at Current Market Prices by Regency/Municipality, in Lampung Province (thousand rupiahss), 2021–2025",8,8,c00b65864ffe
LAMPUNG,13,Kab. Pesisir Barat,,2021,,29.718,,"PDRB Per Kapita Atas Dasar Harga Berlaku di Provinsi Lampung Menurut Kabupaten/Kota (ribu rupiah), 2021–2025","Per Capita GRDP at Current Market Prices by Regency/Municipality, in Lampung Province (thousand rupiahss), 2021–2025",8,8,42870333aa4f
LAMPUNG,71,Kota Bandar Lampung,,2021,,52.259,,"PDRB Per Kapita Atas Dasar Harga Berlaku di Provinsi Lampung Menurut Kabupaten/Kota (ribu rupiah), 2021–2025","Per Capita GRDP at Current Market Prices by Regency/Municipality, in Lampung Province (thousand rupiahss), 2021–2025",8,8,41e585e64323
LAMPUNG,72,Kota Metro,,2021,,38.593,,"PDRB Per Kapita Atas Dasar Harga Berlaku di Provinsi Lampung Menurut Kabupaten/Kota (ribu rupiah), 2021–2025","Per Capita GRDP at Current Market Prices by Regency/Municipality, in Lampung Province (thousand rupiahss), 2021–2025",8,8,c58aaed52b70
LAMPUNG,,Jml Kab./Kota Total of Reg./Mun.,,2021,,41.341,,"PDRB Per Kapita Atas Dasar Harga Berlaku di Provinsi Lampung Menurut Kabupaten/Kota (ribu rupiah), 2021–2025","Per Capita GRDP at Current Market Prices by Regency/Municipality, in Lampung Province (thousand rupiahss), 2021–2025",8,8,c0ae96e4627e
LAMPUNG,,Provinsi/Province,,2021,,40.807,,"PDRB Per Kapita Atas Dasar Harga Berlaku di Provinsi Lampung Menurut Kabupaten/Kota (ribu rupiah), 2021–2025","Per Capita GRDP at Current Market Prices by Regency/Municipality, in Lampung Province (thousand rupiahss), 2021–2025",8,8,7f6edbc448c3
KEPULAUAN BANGKA BELITUNG,01,Kab. Bangka,,2021,,49.064,,"PDRB Per Kapita Atas Dasar Harga Berlaku di Provinsi Kepulauan Bangka Belitung Menurut Kabupaten/Kota (ribu rupiah), 2021–2025","Per Capita GRDP at Current Market Prices by Regency/Municipality, in Kepulauan Bangka Belitung Province (thousand rupiahss), 2021–2025",9,9,321dcb67c29e
KEPULAUAN BANGKA BELITUNG,02,Kab. Belitung,,2021,,59.575,,"PDRB Per Kapita Atas Dasar Harga Berlaku di Provinsi Kepulauan Bangka Belitung Menurut Kabupaten/Kota (ribu rupiah), 2021–2025","Per Capita GRDP at Current Market Prices by Regency/Municipality, in Kepulauan Bangka Belitung Province (thousand rupiahss), 2021–2025",9,9,20417b8e477a
KEPULAUAN BANGKA BELITUNG,03,Kab. Bangka Barat,,2021,,74.600,,"PDRB Per Kapita Atas Dasar Harga Berlaku di Provinsi Kepulauan Bangka Belitung Menurut Kabupaten/Kota (ribu rupiah), 2021–2025","Per Capita GRDP at Current Market Prices by Regency/Municipality, in Kepulauan Bangka Belitung Province (thousand rupiahss), 2021–2025",9,9,07f8ac3d05f3
KEPULAUAN BANGKA BELITUNG,04,Kab. Bangka Tengah,,2021,,46.572,,"PDRB Per Kapita Atas Dasar Harga Berlaku di Provinsi Kepulauan Bangka Belitung Menurut Kabupaten/Kota (ribu rupiah), 2021–2025","Per Capita GRDP at Current Market Prices by Regency/Municipality, in Kepulauan Bangka Belitung Province (thousand rupiahss), 2021–2025",9,9,92a1ec1d8463
KEPULAUAN BANGKA BELITUNG,05,Kab. Bangka Selatan,,2021,,48.799,,"PDRB Per Kapita Atas Dasar Harga Berlaku di Provinsi Kepulauan Bangka Belitung Menurut Kabupaten/Kota (ribu rupiah), 2021–2025","Per Capita GRDP at Current Market Prices by Regency/Municipality, in Kepulauan Bangka Belitung Province (thousand rupiahss), 2021–2025",9,9,84e15e13f3d9
KEPULAUAN BANGKA BELITUNG,06,Kab. Belitung Timur,,2021,,69.334,,"PDRB Per Kapita Atas Dasar Harga Berlaku di Provinsi Kepulauan Bangka Belitung Menurut Kabupaten/Kota (ribu rupiah), 2021–2025","Per Capita GRDP at Current Market Prices by Regency/Municipality, in Kepulauan Bangka Belitung Province (thousand rupiahss), 2021–2025",9,9,90fddf2a3da8
KEPULAUAN BANGKA BELITUNG,71,Kota Pangkal Pinang,,2021,,69.596,,"PDRB Per Kapita Atas Dasar Harga Berlaku di Provinsi Kepulauan Bangka Belitung Menurut Kabupaten/Kota (ribu rupiah), 2021–2025","Per Capita GRDP at Current Market Prices by Regency/Municipality, in Kepulauan Bangka Belitung Province (thousand rupiahss), 2021–2025",9,9,3f20bfd79e3e
KEPULAUAN BANGKA BELITUNG,,Jml Kab./Kota Total of Reg./Mun.,,2021,,58.443,,"PDRB Per Kapita Atas Dasar Harga Berlaku di Provinsi Kepulauan Bangka Belitung Menurut Kabupaten/Kota (ribu rupiah), 2021–2025","Per Capita GRDP at Current Market Prices by Regency/Municipality, in Kepulauan Bangka Belitung Province (thousand rupiahss), 2021–2025",9,9,651460407054
KEPULAUAN BANGKA BELITUNG,,Provinsi/Province,,2021,,58.406,,"PDRB Per Kapita Atas Dasar Harga Berlaku di Provinsi Kepulauan Bangka Belitung Menurut Kabupaten/Kota (ribu rupiah), 2021–2025","Per Capita GRDP at Current Market Prices by Regency/Municipality, in Kepulauan Bangka Belitung Province (thousand rupiahss), 2021–2025",9,9,92d177b29123
KEPULAUAN RIAU,01,Kab. Karimun,,2021,,55.678,,"PDRB Per Kapita Atas Dasar Harga Berlaku di Provinsi Kepulauan Riau Menurut Kabupaten/Kota (ribu rupiah), 2021–2025","Per Capita GRDP at Current Market Prices by Regency/Municipality, in Kepulauan Riau Province (thousand rupiahss), 2021–2025",10,10,35ea4e4b3a78
KEPULAUAN RIAU,02,Kab. Bintan,,2021,,131.846,,"PDRB Per Kapita Atas Dasar Harga Berlaku di Provinsi Kepulauan Riau Menurut Kabupaten/Kota (ribu rupiah), 2021–2025","Per Capita GRDP at Current Market Prices by Regency/Municipality, in Kepulauan Riau Province (thousand rupiahss), 2021–2025",10,10,0c12a2b2ebf2
KEPULAUAN RIAU,03,Kab. Natuna,,2021,,253.651,,"PDRB Per Kapita Atas Dasar Harga Berlaku di Provinsi Kepulauan Riau Menurut Kabupaten/Kota (ribu rupiah), 2021–2025","Per Capita GRDP at Current Market Prices by Regency/Municipality, in Kepulauan Riau Province (thousand rupiahss), 2021–2025",10,10,391dac3f6319
KEPULAUAN RIAU,04,Kab. Lingga,,2021,,45.439,,"PDRB Per Kapita Atas Dasar Harga Berlaku di Provinsi Kepulauan Riau Menurut Kabupaten/Kota (ribu rupiah), 2021–2025","Per Capita GRDP at Current Market Prices by Regency/Municipality, in Kepulauan Riau Province (thousand rupiahss), 2021–2025",10,10,0f90efe99349
KEPULAUAN RIAU,05,Kab. Kep. Anambas,,2021,,349.503,,"PDRB Per Kapita Atas Dasar Harga Berlaku di Provinsi Kepulauan Riau Menurut Kabupaten/Kota (ribu rupiah), 2021–2025","Per Capita GRDP at Current Market Prices by Regency/Municipality, in Kepulauan Riau Province (thousand rupiahss), 2021–2025",10,10,588e19066bd3
KEPULAUAN RIAU,71,Kota Batam,,2021,,142.243,,"PDRB Per Kapita Atas Dasar Harga Berlaku di Provinsi Kepulauan Riau Menurut Kabupaten/Kota (ribu rupiah), 2021–2025","Per Capita GRDP at Current Market Prices by Regency/Municipality, in Kepulauan Riau Province (thousand rupiahss), 2021–2025",10,10,530db15f054f
KEPULAUAN RIAU,72,Kota Tanjung Pinang,,2021,,87.563,,"PDRB Per Kapita Atas Dasar Harga Berlaku di Provinsi Kepulauan Riau Menurut Kabupaten/Kota (ribu rupiah), 2021–2025","Per Capita GRDP at Current Market Prices by Regency/Municipality, in Kepulauan Riau Province (thousand rupiahss), 2021–2025",10,10,484bc92abf33
KEPULAUAN RIAU,,Jml Kab./Kota Total of Reg./Mun.,,2021,,129.412,,"PDRB Per Kapita Atas Dasar Harga Berlaku di Provinsi Kepulauan Riau Menurut Kabupaten/Kota (ribu rupiah), 2021–2025","Per Capita GRDP at Current Market Prices by Regency/Municipality, in Kepulauan Riau Province (thousand rupiahss), 2021–2025",10,10,ffcac5d7636e
KEPULAUAN RIAU,,Provinsi/Province,,2021,,131.884,,"PDRB Per Kapita Atas Dasar Harga Berlaku di Provinsi Kepulauan Riau Menurut Kabupaten/Kota (ribu rupiah), 2021–2025","Per Capita GRDP at Current Market Prices by Regency/Municipality, in Kepulauan Riau Province (thousand rupiahss), 2021–2025",10,10,d4590daed958
ACEH,01,Kab. Simeulue,,2022,,28.117,,"PDRB Per Kapita Atas Dasar Harga Berlaku di Provinsi Aceh Menurut Kabupaten/Kota (miliar rupiah), 2021–2025","Per Capita GRDP at Current Market Prices by Regency/Municipality, in Aceh Province (thousand rupiahss), 2021–2025",1,1,b499c4d7a525
ACEH,02,Kab. Aceh Singkil,,2022,,22.959,,"PDRB Per Kapita Atas Dasar Harga Berlaku di Provinsi Aceh Menurut Kabupaten/Kota (miliar rupiah), 2021–2025","Per Capita GRDP at Current Market Prices by Regency/Municipality, in Aceh Province (thousand rupiahss), 2021–2025",1,1,17674abc8bb3
ACEH,03,Kab. Aceh Selatan,,2022,,27.208,,"PDRB Per Kapita Atas Dasar Harga Berlaku di Provinsi Aceh Menurut Kabupaten/Kota (miliar rupiah), 2021–2025","Per Capita GRDP at Current Market Prices by Regency/Municipality, in Aceh Province (thousand rupiahss), 2021–2025",1,1,e02e46c25391
ACEH,04,Kab. Aceh Tenggara,,2022,,25.643,,"PDRB Per Kapita Atas Dasar Harga Berlaku di Provinsi Aceh Menurut Kabupaten/Kota (miliar rupiah), 2021–2025","Per Capita GRDP at Current Market Prices by Regency/Municipality, in Aceh Province (thousand rupiahss), 2021–2025",1,1,08987aa4d512
ACEH,05,Kab. Aceh Timur,,2022,,30.288,,"PDRB Per Kapita Atas Dasar Harga Berlaku di Provinsi Aceh Menurut Kabupaten/Kota (miliar rupiah), 2021–2025","Per Capita GRDP at Current Market Prices by Regency/Municipality, in Aceh Province (thousand rupiahss), 2021–2025",1,1,b3cf5ca670b8
ACEH,06,Kab. Aceh Tengah,,2022,,40.172,,"PDRB Per Kapita Atas Dasar Harga Berlaku di Provinsi Aceh Menurut Kabupaten/Kota (miliar rupiah), 2021–2025","Per Capita GRDP at Current Market Prices by Regency/Municipality, in Aceh Province (thousand rupiahss), 2021–2025",1,1,f25686b10bfb
ACEH,07,Kab. Aceh Barat,,2022,,62.823,,"PDRB Per Kapita Atas Dasar Harga Berlaku di Provinsi Aceh Menurut Kabupaten/Kota (miliar rupiah), 2021–2025","Per Capita GRDP at Current Market Prices by Regency/Municipality, in Aceh Province (thousand rupiahss), 2021–2025",1,1,9413c7cec3aa
ACEH,08,Kab. Aceh Besar,,2022,,37.120,,"PDRB Per Kapita Atas Dasar Harga Berlaku di Provinsi Aceh Menurut Kabupaten/Kota (miliar rupiah), 2021–2025","Per Capita GRDP at Current Market Prices by Regency/Municipality, in Aceh Province (thousand rupiahss), 2021–2025",1,1,91e36ff66d7e
ACEH,09,Kab. Pidie,,2022,,27.984,,"PDRB Per Kapita Atas Dasar Harga Berlaku di Provinsi Aceh Menurut Kabupaten/Kota (miliar rupiah), 2021–2025","Per Capita GRDP at Current Market Prices by Regency/Municipality, in Aceh Province (thousand rupiahss), 2021–2025",1,1,04c30cf0e1ef
ACEH,10,Kab. Bireun,,2022,,34.584,,"PDRB Per Kapita Atas Dasar Harga Berlaku di Provinsi Aceh Menurut Kabupaten/Kota (miliar rupiah), 2021–2025","Per Capita GRDP at Current Market Prices by Regency/Municipality, in Aceh Province (thousand rupiahss), 2021–2025",1,1,ff377f5320c2
ACEH,11,Kab. Aceh Utara,,2022,,45.612,,"PDRB Per Kapita Atas Dasar Harga Berlaku di Provinsi Aceh Menurut Kabupaten/Kota (miliar rupiah), 2021–2025","Per Capita GRDP at Current Market Prices by Regency/Municipality, in Aceh Province (thousand rupiahss), 2021–2025",1,1,4654d6b57b61
ACEH,12,Kab. Aceh Barat Daya,,2022,,29.376,,"PDRB Per Kapita Atas Dasar Harga Berlaku di Provinsi Aceh Menurut Kabupaten/Kota (miliar rupiah), 2021–2025","Per Capita GRDP at Current Market Prices by Regency/Municipality, in Aceh Province (thousand rupiahss), 2021–2025",1,1,42ae1a3dd6fd
ACEH,13,Kab. Gayo Lues,,2022,,29.878,,"PDRB Per Kapita Atas Dasar Harga Berlaku di Provinsi Aceh Menurut Kabupaten/Kota (miliar rupiah), 2021–2025","Per Capita GRDP at Current Market Prices by Regency/Municipality, in Aceh Province (thousand rupiahss), 2021–2025",1,1,2ea66ad9c955
ACEH,14,Kab. Aceh Tamiang,,2022,,34.622,,"PDRB Per Kapita Atas Dasar Harga Berlaku di Provinsi Aceh Menurut Kabupaten/Kota (miliar rupiah), 2021–2025","Per Capita GRDP at Current Market Prices by Regency/Municipality, in Aceh Province (thousand rupiahss), 2021–2025",1,1,b2012d447de8
ACEH,15,Kab. Nagan Raya,,2022,,61.797,,"PDRB Per Kapita Atas Dasar Harga Berlaku di Provinsi Aceh Menurut Kabupaten/Kota (miliar rupiah), 2021–2025","Per Capita GRDP at Current Market Prices by Regency/Municipality, in Aceh Province (thousand rupiahss), 2021–2025",1,1,70679b36d9bd
ACEH,16,Kab. Aceh Jaya,,2022,,32.497,,"PDRB Per Kapita Atas Dasar Harga Berlaku di Provinsi Aceh Menurut Kabupaten/Kota (miliar rupiah), 2021–2025","Per Capita GRDP at Current Market Prices by Regency/Municipality, in Aceh Province (thousand rupiahss), 2021–2025",1,1,07f6c31512e0
ACEH,17,Kab. Bener Meriah,,2022,,32.918,,"PDRB Per Kapita Atas Dasar Harga Berlaku di Provinsi Aceh Menurut Kabupaten/Kota (miliar rupiah), 2021–2025","Per Capita GRDP at Current Market Prices by Regency/Municipality, in Aceh Province (thousand rupiahss), 2021–2025",1,1,c63ad538d10d
ACEH,18,Kab. Pidie Jaya,,2022,,24.536,,"PDRB Per Kapita Atas Dasar Harga Berlaku di Provinsi Aceh Menurut Kabupaten/Kota (miliar rupiah), 2021–2025","Per Capita GRDP at Current Market Prices by Regency/Municipality, in Aceh Province (thousand rupiahss), 2021–2025",1,1,66b5fd26ef5a
ACEH,71,Kota Banda Aceh,,2022,,83.314,,"PDRB Per Kapita Atas Dasar Harga Berlaku di Provinsi Aceh Menurut Kabupaten/Kota (miliar rupiah), 2021–2025","Per Capita GRDP at Current Market Prices by Regency/Municipality, in Aceh Province (thousand rupiahss), 2021–2025",1,1,570e85de8a2b
ACEH,72,Kota Sabang,,2022,,38.846,,"PDRB Per Kapita Atas Dasar Harga Berlaku di Provinsi Aceh Menurut Kabupaten/Kota (miliar rupiah), 2021–2025","Per Capita GRDP at Current Market Prices by Regency/Municipality, in Aceh Province (thousand rupiahss), 2021–2025",1,1,ba6a47773e18
ACEH,73,Kota Langsa,,2022,,32.701,,"PDRB Per Kapita Atas Dasar Harga Berlaku di Provinsi Aceh Menurut Kabupaten/Kota (miliar rupiah), 2021–2025","Per Capita GRDP at Current Market Prices by Regency/Municipality, in Aceh Province (thousand rupiahss), 2021–2025",1,1,7c7210d0e2fc
ACEH,74,Kota Lhokseumawe,,2022,,52.908,,"PDRB Per Kapita Atas Dasar Harga Berlaku di Provinsi Aceh Menurut Kabupaten/Kota (miliar rupiah), 2021–2025","Per Capita GRDP at Current Market Prices by Regency/Municipality, in Aceh Province (thousand rupiahss), 2021–2025",1,1,08c40d8ff672
ACEH,75,Kota Subulussalam,,2022,,24.986,,"PDRB Per Kapita Atas Dasar Harga Berlaku di Provinsi Aceh Menurut Kabupaten/Kota (miliar rupiah), 2021–2025","Per Capita GRDP at Current Market Prices by Regency/Municipality, in Aceh Province (thousand rupiahss), 2021–2025",1,1,26842098e3d8
ACEH,,Jml Kab./Kota Total of Reg./Mun.,,2022,,38.374,,"PDRB Per Kapita Atas Dasar Harga Berlaku di Provinsi Aceh Menurut Kabupaten/Kota (miliar rupiah), 2021–2025","Per Capita GRDP at Current Market Prices by Regency/Municipality, in Aceh Province (thousand rupiahss), 2021–2025",1,1,250de9006624
ACEH,,Provinsi/Province,,2022,,38.767,,"PDRB Per Kapita Atas Dasar Harga Berlaku di Provinsi Aceh Menurut Kabupaten/Kota (miliar rupiah), 2021–2025","Per Capita GRDP at Current Market Prices by Regency/Municipality, in Aceh Province (thousand rupiahss), 2021–2025",1,1,c6dd32093542
SUMATERA UTARA,01,Kab. Nias,,2022,,29.921,,"PDRB Per Kapita Atas Dasar Harga Berlaku di Provinsi Sumatera Utara Menurut Kabupaten/Kota (ribu rupiah), 2021–2025","Per Capita GRDP at Current Market Prices by Regency/Municipality, in Sumatera Utara Province (thousand rupiahss), 2021–2025",2,2,c07ec4d321c7
SUMATERA UTARA,02,Kab. Mandailing Natal,,2022,,33.585,,"PDRB Per Kapita Atas Dasar Harga Berlaku di Provinsi Sumatera Utara Menurut Kabupaten/Kota (ribu rupiah), 2021–2025","Per Capita GRDP at Current Market Prices by Regency/Municipality, in Sumatera Utara Province (thousand rupiahss), 2021–2025",2,2,eb38f17292ee
SUMATERA UTARA,03,Kab. Tapanuli Selatan,,2022,,55.276,,"PDRB Per Kapita Atas Dasar Harga Berlaku di Provinsi Sumatera Utara Menurut Kabupaten/Kota (ribu rupiah), 2021–2025","Per Capita GRDP at Current Market Prices by Regency/Municipality, in Sumatera Utara Province (thousand rupiahss), 2021–2025",2,2,9d35d250d6a7
SUMATERA UTARA,04,Kab. Tapanuli Tengah,,2022,,30.712,,"PDRB Per Kapita Atas Dasar Harga Berlaku di Provinsi Sumatera Utara Menurut Kabupaten/Kota (ribu rupiah), 2021–2025","Per Capita GRDP at Current Market Prices by Regency/Municipality, in Sumatera Utara Province (thousand rupiahss), 2021–2025",2,2,1a4ffb53d95b
SUMATERA UTARA,05,Kab. Tapanuli Utara,,2022,,30.216,,"PDRB Per Kapita Atas Dasar Harga Berlaku di Provinsi Sumatera Utara Menurut Kabupaten/Kota (ribu rupiah), 2021–2025","Per Capita GRDP at Current Market Prices by Regency/Municipality, in Sumatera Utara Province (thousand rupiahss), 2021–2025",2,2,563b78742f65
SUMATERA UTARA,06,Kab. Toba Samosir,,2022,,42.396,,"PDRB Per Kapita Atas Dasar Harga Berlaku di Provinsi Sumatera Utara Menurut Kabupaten/Kota (ribu rupiah), 2021–2025","Per Capita GRDP at Current Market Prices by Regency/Municipality, in Sumatera Utara Province (thousand rupiahss), 2021–2025",2,2,73471f3a5e73
SUMATERA UTARA,07,Kab. Labuhan Batu,,2022,,82.480,,"PDRB Per Kapita Atas Dasar Harga Berlaku di Provinsi Sumatera Utara Menurut Kabupaten/Kota (ribu rupiah), 2021–2025","Per Capita GRDP at Current Market Prices by Regency/Municipality, in Sumatera Utara Province (thousand rupiahss), 2021–2025",2,2,4fefe04944b3
SUMATERA UTARA,08,Kab. Asahan,,2022,,58.872,,"PDRB Per Kapita Atas Dasar Harga Berlaku di Provinsi Sumatera Utara Menurut Kabupaten/Kota (ribu rupiah), 2021–2025","Per Capita GRDP at Current Market Prices by Regency/Municipality, in Sumatera Utara Province (thousand rupiahss), 2021–2025",2,2,258e140c51ad
SUMATERA UTARA,09,Kab. Simalungun,,2022,,46.370,,"PDRB Per Kapita Atas Dasar Harga Berlaku di Provinsi Sumatera Utara Menurut Kabupaten/Kota (ribu rupiah), 2021–2025","Per Capita GRDP at Current Market Prices by Regency/Municipality, in Sumatera Utara Province (thousand rupiahss), 2021–2025",2,2,f094a104bff3
SUMATERA UTARA,10,Kab. Dairi,,2022,,33.604,,"PDRB Per Kapita Atas Dasar Harga Berlaku di Provinsi Sumatera Utara Menurut Kabupaten/Kota (ribu rupiah), 2021–2025","Per Capita GRDP at Current Market Prices by Regency/Municipality, in Sumatera Utara Province (thousand rupiahss), 2021–2025",2,2,d3200cd9c2e5
SUMATERA UTARA,11,Kab. Karo,,2022,,57.762,,"PDRB Per Kapita Atas Dasar Harga Berlaku di Provinsi Sumatera Utara Menurut Kabupaten/Kota (ribu rupiah), 2021–2025","Per Capita GRDP at Current Market Prices by Regency/Municipality, in Sumatera Utara Province (thousand rupiahss), 2021–2025",2,2,6469475b4279
SUMATERA UTARA,12,Kab. Deli Serdang,,2022,,64.186,,"PDRB Per Kapita Atas Dasar Harga Berlaku di Provinsi Sumatera Utara Menurut Kabupaten/Kota (ribu rupiah), 2021–2025","Per Capita GRDP at Current Market Prices by Regency/Municipality, in Sumatera Utara Province (thousand rupiahss), 2021–2025",2,2,4f8beb8a997f
SUMATERA UTARA,13,Kab. Langkat,,2022,,48.775,,"PDRB Per Kapita Atas Dasar Harga Berlaku di Provinsi Sumatera Utara Menurut Kabupaten/Kota (ribu rupiah), 2021–2025","Per Capita GRDP at Current Market Prices by Regency/Municipality, in Sumatera Utara Province (thousand rupiahss), 2021–2025",2,2,adf4a8fc2374
SUMATERA UTARA,14,Kab. Nias Selatan,,2022,,21.373,,"PDRB Per Kapita Atas Dasar Harga Berlaku di Provinsi Sumatera Utara Menurut Kabupaten/Kota (ribu rupiah), 2021–2025","Per Capita GRDP at Current Market Prices by Regency/Municipality, in Sumatera Utara Province (thousand rupiahss), 2021–2025",2,2,5734189ab29d
SUMATERA UTARA,15,Kab. Humbang Hasundutan,,2022,,34.199,,"PDRB Per Kapita Atas Dasar Harga Berlaku di Provinsi Sumatera Utara Menurut Kabupaten/Kota (ribu rupiah), 2021–2025","Per Capita GRDP at Current Market Prices by Regency/Municipality, in Sumatera Utara Province (thousand rupiahss), 2021–2025",2,2,780a75babf12
SUMATERA UTARA,16,Kab. Pakpak Bharat,,2022,,25.755,,"PDRB Per Kapita Atas Dasar Harga Berlaku di Provinsi Sumatera Utara Menurut Kabupaten/Kota (ribu rupiah), 2021–2025","Per Capita GRDP at Current Market Prices by Regency/Municipality, in Sumatera Utara Province (thousand rupiahss), 2021–2025",2,2,8622d32403c0
SUMATERA UTARA,17,Kab. Samosir,,2022,,37.017,,"PDRB Per Kapita Atas Dasar Harga Berlaku di Provinsi Sumatera Utara Menurut Kabupaten/Kota (ribu rupiah), 2021–2025","Per Capita GRDP at Current Market Prices by Regency/Municipality, in Sumatera Utara Province (thousand rupiahss), 2021–2025",2,2,023cf570bda1
SUMATERA UTARA,18,Kab. Serdang Bedagai,,2022,,49.734,,"PDRB Per Kapita Atas Dasar Harga Berlaku di Provinsi Sumatera Utara Menurut Kabupaten/Kota (ribu rupiah), 2021–2025","Per Capita GRDP at Current Market Prices by Regency/Municipality, in Sumatera Utara Province (thousand rupiahss), 2021–2025",2,2,882116933f37
SUMATERA UTARA,19,Kab. Batu Bara,,2022,,96.493,,"PDRB Per Kapita Atas Dasar Harga Berlaku di Provinsi Sumatera Utara Menurut Kabupaten/Kota (ribu rupiah), 2021–2025","Per Capita GRDP at Current Market Prices by Regency/Municipality, in Sumatera Utara Province (thousand rupiahss), 2021–2025",2,2,f8c33523d7f7
SUMATERA UTARA,20,Kab. Padang Lawas Utara,,2022,,53.197,,"PDRB Per Kapita Atas Dasar Harga Berlaku di Provinsi Sumatera Utara Menurut Kabupaten/Kota (ribu rupiah), 2021–2025","Per Capita GRDP at Current Market Prices by Regency/Municipality, in Sumatera Utara Province (thousand rupiahss), 2021–2025",2,2,5077365c3052
SUMATERA UTARA,21,Kab. Padang Lawas,,2022,,53.939,,"PDRB Per Kapita Atas Dasar Harga Berlaku di Provinsi Sumatera Utara Menurut Kabupaten/Kota (ribu rupiah), 2021–2025","Per Capita GRDP at Current Market Prices by Regency/Municipality, in Sumatera Utara Province (thousand rupiahss), 2021–2025",2,2,718ebe1e8033
SUMATERA UTARA,22,Kab. Labuhan Batu Selatan,,2022,,105.126,,"PDRB Per Kapita Atas Dasar Harga Berlaku di Provinsi Sumatera Utara Menurut Kabupaten/Kota (ribu rupiah), 2021–2025","Per Capita GRDP at Current Market Prices by Regency/Municipality, in Sumatera Utara Province (thousand rupiahss), 2021–2025",2,2,4b2aaa197e06
SUMATERA UTARA,23,Kab. Labuhan Batu Utara,,2022,,76.695,,"PDRB Per Kapita Atas Dasar Harga Berlaku di Provinsi Sumatera Utara Menurut Kabupaten/Kota (ribu rupiah), 2021–2025","Per Capita GRDP at Current Market Prices by Regency/Municipality, in Sumatera Utara Province (thousand rupiahss), 2021–2025",2,2,e4490f017326
SUMATERA UTARA,24,Kab. Nias Utara,,2022,,27.270,,"PDRB Per Kapita Atas Dasar Harga Berlaku di Provinsi Sumatera Utara Menurut Kabupaten/Kota (ribu rupiah), 2021–2025","Per Capita GRDP at Current Market Prices by Regency/Municipality, in Sumatera Utara Province (thousand rupiahss), 2021–2025",2,2,d45b5f0d20c5
SUMATERA UTARA,25,Kab. Nias Barat,,2022,,23.264,,"PDRB Per Kapita Atas Dasar Harga Berlaku di Provinsi Sumatera Utara Menurut Kabupaten/Kota (ribu rupiah), 2021–2025","Per Capita GRDP at Current Market Prices by Regency/Municipality, in Sumatera Utara Province (thousand rupiahss), 2021–2025",2,2,5d8745f02b90
SUMATERA UTARA,71,Kota Sibolga,,2022,,69.828,,"PDRB Per Kapita Atas Dasar Harga Berlaku di Provinsi Sumatera Utara Menurut Kabupaten/Kota (ribu rupiah), 2021–2025","Per Capita GRDP at Current Market Prices by Regency/Municipality, in Sumatera Utara Province (thousand rupiahss), 2021–2025",2,2,8078f4fa000f
SUMATERA UTARA,72,Kota Tanjung Balai,,2022,,57.938,,"PDRB Per Kapita Atas Dasar Harga Berlaku di Provinsi Sumatera Utara Menurut Kabupaten/Kota (ribu rupiah), 2021–2025","Per Capita GRDP at Current Market Prices by Regency/Municipality, in Sumatera Utara Province (thousand rupiahss), 2021–2025",2,2,b8081f1a3741
SUMATERA UTARA,73,Kota Pematang Siantar,,2022,,55.796,,"PDRB Per Kapita Atas Dasar Harga Berlaku di Provinsi Sumatera Utara Menurut Kabupaten/Kota (ribu rupiah), 2021–2025","Per Capita GRDP at Current Market Prices by Regency/Municipality, in Sumatera Utara Province (thousand rupiahss), 2021–2025",2,2,854f90b804c7
SUMATERA UTARA,74,Kota Tebing Tinggi,,2022,,39.210,,"PDRB Per Kapita Atas Dasar Harga Berlaku di Provinsi Sumatera Utara Menurut Kabupaten/Kota (ribu rupiah), 2021–2025","Per Capita GRDP at Current Market Prices by Regency/Municipality, in Sumatera Utara Province (thousand rupiahss), 2021–2025",2,2,cc84d9bdfdca
SUMATERA UTARA,75,Kota Medan,,2022,,113.797,,"PDRB Per Kapita Atas Dasar Harga Berlaku di Provinsi Sumatera Utara Menurut Kabupaten/Kota (ribu rupiah), 2021–2025","Per Capita GRDP at Current Market Prices by Regency/Municipality, in Sumatera Utara Province (thousand rupiahss), 2021–2025",2,2,663d174910c0
SUMATERA UTARA,76,Kota Binjai,,2022,,44.499,,"PDRB Per Kapita Atas Dasar Harga Berlaku di Provinsi Sumatera Utara Menurut Kabupaten/Kota (ribu rupiah), 2021–2025","Per Capita GRDP at Current Market Prices by Regency/Municipality, in Sumatera Utara Province (thousand rupiahss), 2021–2025",2,2,27d84e2d86bb
SUMATERA UTARA,77,Kota Padang Sidempuan,,2022,,31.791,,"PDRB Per Kapita Atas Dasar Harga Berlaku di Provinsi Sumatera Utara Menurut Kabupaten/Kota (ribu rupiah), 2021–2025","Per Capita GRDP at Current Market Prices by Regency/Municipality, in Sumatera Utara Province (thousand rupiahss), 2021–2025",2,2,87bc5f99fb2c
SUMATERA UTARA,78,Kota Gunungsitoli,,2022,,46.106,,"PDRB Per Kapita Atas Dasar Harga Berlaku di Provinsi Sumatera Utara Menurut Kabupaten/Kota (ribu rupiah), 2021–2025","Per Capita GRDP at Current Market Prices by Regency/Municipality, in Sumatera Utara Province (thousand rupiahss), 2021–2025",2,2,45ce29ceaafd
SUMATERA UTARA,,Jml Kab./Kota Total of Reg./Mun.,,2022,,63.202,,"PDRB Per Kapita Atas Dasar Harga Berlaku di Provinsi Sumatera Utara Menurut Kabupaten/Kota (ribu rupiah), 2021–2025","Per Capita GRDP at Current Market Prices by Regency/Municipality, in Sumatera Utara Province (thousand rupiahss), 2021–2025",2,2,980c471d38d9
SUMATERA UTARA,,Provinsi/Province,,2022,,62.922,,"PDRB Per Kapita Atas Dasar Harga Berlaku di Provinsi Sumatera Utara Menurut Kabupaten/Kota (ribu rupiah), 2021–2025","Per Capita GRDP at Current Market Prices by Regency/Municipality, in Sumatera Utara Province (thousand rupiahss), 2021–2025",2,2,8443a698d219
SUMATERA BARAT,01,Kab. Kepulauan Mentawai,,2022,,60.449,,"PDRB Per Kapita Atas Dasar Harga Berlaku di Provinsi Sumatera Barat Menurut Kabupaten/Kota (ribu rupiah), 2021–2025","Per Capita GRDP at Current Market Prices by Regency/Municipality, in Sumatera Barat Province (thousand rupiahss), 2021–2025",3,3,18830d9630ba
SUMATERA BARAT,02,Kab. Pesisir Selatan,,2022,,32.077,,"PDRB Per Kapita Atas Dasar Harga Berlaku di Provinsi Sumatera Barat Menurut Kabupaten/Kota (ribu rupiah), 2021–2025","Per Capita GRDP at Current Market Prices by Regency/Municipality, in Sumatera Barat Province (thousand rupiahss), 2021–2025",3,3,0d85eaf545ff
SUMATERA BARAT,03,Kab. Solok,,2022,,39.424,,"PDRB Per Kapita Atas Dasar Harga Berlaku di Provinsi Sumatera Barat Menurut Kabupaten/Kota (ribu rupiah), 2021–2025","Per Capita GRDP at Current Market Prices by Regency/Municipality, in Sumatera Barat Province (thousand rupiahss), 2021–2025",3,3,53b752ea342f
SUMATERA BARAT,04,Kab. Sijunjung,,2022,,44.343,,"PDRB Per Kapita Atas Dasar Harga Berlaku di Provinsi Sumatera Barat Menurut Kabupaten/Kota (ribu rupiah), 2021–2025","Per Capita GRDP at Current Market Prices by Regency/Municipality, in Sumatera Barat Province (thousand rupiahss), 2021–2025",3,3,bf14aa2b14a7
SUMATERA BARAT,05,Kab. Tanah Datar,,2022,,39.722,,"PDRB Per Kapita Atas Dasar Harga Berlaku di Provinsi Sumatera Barat Menurut Kabupaten/Kota (ribu rupiah), 2021–2025","Per Capita GRDP at Current Market Prices by Regency/Municipality, in Sumatera Barat Province (thousand rupiahss), 2021–2025",3,3,997622ce53f0
SUMATERA BARAT,06,Kab. Padang Pariaman,,2022,,50.019,,"PDRB Per Kapita Atas Dasar Harga Berlaku di Provinsi Sumatera Barat Menurut Kabupaten/Kota (ribu rupiah), 2021–2025","Per Capita GRDP at Current Market Prices by Regency/Municipality, in Sumatera Barat Province (thousand rupiahss), 2021–2025",3,3,800a5d098e8e
SUMATERA BARAT,07,Kab. Agam,,2022,,43.937,,"PDRB Per Kapita Atas Dasar Harga Berlaku di Provinsi Sumatera Barat Menurut Kabupaten/Kota (ribu rupiah), 2021–2025","Per Capita GRDP at Current Market Prices by Regency/Municipality, in Sumatera Barat Province (thousand rupiahss), 2021–2025",3,3,f9ecc7038a0e
SUMATERA BARAT,08,Kab. Lima Puluh Kota,,2022,,45.693,,"PDRB Per Kapita Atas Dasar Harga Berlaku di Provinsi Sumatera Barat Menurut Kabupaten/Kota (ribu rupiah), 2021–2025","Per Capita GRDP at Current Market Prices by Regency/Municipality, in Sumatera Barat Province (thousand rupiahss), 2021–2025",3,3,cacf0b5074f0
SUMATERA BARAT,09,Kab. Pasaman,,2022,,33.702,,"PDRB Per Kapita Atas Dasar Harga Berlaku di Provinsi Sumatera Barat Menurut Kabupaten/Kota (ribu rupiah), 2021–2025","Per Capita GRDP at Current Market Prices by Regency/Municipality, in Sumatera Barat Province (thousand rupiahss), 2021–2025",3,3,d1a0c4060c2c
SUMATERA BARAT,10,Kab. Solok Selatan,,2022,,34.199,,"PDRB Per Kapita Atas Dasar Harga Berlaku di Provinsi Sumatera Barat Menurut Kabupaten/Kota (ribu rupiah), 2021–2025","Per Capita GRDP at Current Market Prices by Regency/Municipality, in Sumatera Barat Province (thousand rupiahss), 2021–2025",3,3,41e57f0ca42e
SUMATERA BARAT,11,Kab. Dharmasraya,,2022,,51.886,,"PDRB Per Kapita Atas Dasar Harga Berlaku di Provinsi Sumatera Barat Menurut Kabupaten/Kota (ribu rupiah), 2021–2025","Per Capita GRDP at Current Market Prices by Regency/Municipality, in Sumatera Barat Province (thousand rupiahss), 2021–2025",3,3,47e1f02e0ab5
SUMATERA BARAT,12,Kab. Pasaman Barat,,2022,,40.306,,"PDRB Per Kapita Atas Dasar Harga Berlaku di Provinsi Sumatera Barat Menurut Kabupaten/Kota (ribu rupiah), 2021–2025","Per Capita GRDP at Current Market Prices by Regency/Municipality, in Sumatera Barat Province (thousand rupiahss), 2021–2025",3,3,3807a9509ec6
SUMATERA BARAT,71,Kota Padang,,2022,,78.356,,"PDRB Per Kapita Atas Dasar Harga Berlaku di Provinsi Sumatera Barat Menurut Kabupaten/Kota (ribu rupiah), 2021–2025","Per Capita GRDP at Current Market Prices by Regency/Municipality, in Sumatera Barat Province (thousand rupiahss), 2021–2025",3,3,45453a381dcb
SUMATERA BARAT,72,Kota Solok,,2022,,62.882,,"PDRB Per Kapita Atas Dasar Harga Berlaku di Provinsi Sumatera Barat Menurut Kabupaten/Kota (ribu rupiah), 2021–2025","Per Capita GRDP at Current Market Prices by Regency/Municipality, in Sumatera Barat Province (thousand rupiahss), 2021–2025",3,3,71293a3a910a
SUMATERA BARAT,73,Kota Sawah Lunto,,2022,,65.737,,"PDRB Per Kapita Atas Dasar Harga Berlaku di Provinsi Sumatera Barat Menurut Kabupaten/Kota (ribu rupiah), 2021–2025","Per Capita GRDP at Current Market Prices by Regency/Municipality, in Sumatera Barat Province (thousand rupiahss), 2021–2025",3,3,f8e5ed122dac
SUMATERA BARAT,74,Kota Padang Panjang,,2022,,70.732,,"PDRB Per Kapita Atas Dasar Harga Berlaku di Provinsi Sumatera Barat Menurut Kabupaten/Kota (ribu rupiah), 2021–2025","Per Capita GRDP at Current Market Prices by Regency/Municipality, in Sumatera Barat Province (thousand rupiahss), 2021–2025",3,3,ba400fb63a5e
SUMATERA BARAT,75,Kota Bukittinggi,,2022,,82.854,,"PDRB Per Kapita Atas Dasar Harga Berlaku di Provinsi Sumatera Barat Menurut Kabupaten/Kota (ribu rupiah), 2021–2025","Per Capita GRDP at Current Market Prices by Regency/Municipality, in Sumatera Barat Province (thousand rupiahss), 2021–2025",3,3,bf8cb1a91605
SUMATERA BARAT,76,Kota Payakumbuh,,2022,,57.734,,"PDRB Per Kapita Atas Dasar Harga Berlaku di Provinsi Sumatera Barat Menurut Kabupaten/Kota (ribu rupiah), 2021–2025","Per Capita GRDP at Current Market Prices by Regency/Municipality, in Sumatera Barat Province (thousand rupiahss), 2021–2025",3,3,8d6c93cc9534
SUMATERA BARAT,77,Kota Pariaman,,2022,,61.228,,"PDRB Per Kapita Atas Dasar Harga Berlaku di Provinsi Sumatera Barat Menurut Kabupaten/Kota (ribu rupiah), 2021–2025","Per Capita GRDP at Current Market Prices by Regency/Municipality, in Sumatera Barat Province (thousand rupiahss), 2021–2025",3,3,35e61f01f29e
SUMATERA BARAT,,Jml Kab./Kota Total of Reg./Mun.,,2022,,50.213,,"PDRB Per Kapita Atas Dasar Harga Berlaku di Provinsi Sumatera Barat Menurut Kabupaten/Kota (ribu rupiah), 2021–2025","Per Capita GRDP at Current Market Prices by Regency/Municipality, in Sumatera Barat Province (thousand rupiahss), 2021–2025",3,3,845ef5c33262
SUMATERA BARAT,,Provinsi/Province,,2022,,50.264,,"PDRB Per Kapita Atas Dasar Harga Berlaku di Provinsi Sumatera Barat Menurut Kabupaten/Kota (ribu rupiah), 2021–2025","Per Capita GRDP at Current Market Prices by Regency/Municipality, in Sumatera Barat Province (thousand rupiahss), 2021–2025",3,3,cd84d5699532
RIAU,01,Kab. Kuantan Singingi,,2022,,131.364,,"PDRB Per Kapita Atas Dasar Harga Berlaku di Provinsi Riau Menurut Kabupaten/Kota (ribu rupiah), 2021–2025","Per Capita GRDP at Current Market Prices by Regency/Municipality, in Riau Province (thousand rupiahss), 2021–2025",4,4,0db58c9b0a5d
RIAU,02,Kab.indragiri Hulu,,2022,,118.837,,"PDRB Per Kapita Atas Dasar Harga Berlaku di Provinsi Riau Menurut Kabupaten/Kota (ribu rupiah), 2021–2025","Per Capita GRDP at Current Market Prices by Regency/Municipality, in Riau Province (thousand rupiahss), 2021–2025",4,4,5dae45c95ea6
RIAU,03,Kab.indragiri Hilir,,2022,,124.221,,"PDRB Per Kapita Atas Dasar Harga Berlaku di Provinsi Riau Menurut Kabupaten/Kota (ribu rupiah), 2021–2025","Per Capita GRDP at Current Market Prices by Regency/Municipality, in Riau Province (thousand rupiahss), 2021–2025",4,4,7309ad5f0730
RIAU,04,Kab. Pelalawan,,2022,,163.051,,"PDRB Per Kapita Atas Dasar Harga Berlaku di Provinsi Riau Menurut Kabupaten/Kota (ribu rupiah), 2021–2025","Per Capita GRDP at Current Market Prices by Regency/Municipality, in Riau Province (thousand rupiahss), 2021–2025",4,4,5b56a1e2a888
RIAU,05,Kab. Siak,,2022,,227.500,,"PDRB Per Kapita Atas Dasar Harga Berlaku di Provinsi Riau Menurut Kabupaten/Kota (ribu rupiah), 2021–2025","Per Capita GRDP at Current Market Prices by Regency/Municipality, in Riau Province (thousand rupiahss), 2021–2025",4,4,03849ded3d5d
RIAU,06,Kab. Kampar,,2022,,119.442,,"PDRB Per Kapita Atas Dasar Harga Berlaku di Provinsi Riau Menurut Kabupaten/Kota (ribu rupiah), 2021–2025","Per Capita GRDP at Current Market Prices by Regency/Municipality, in Riau Province (thousand rupiahss), 2021–2025",4,4,62ab8b45cea6
RIAU,07,Kab. Rokan Hulu,,2022,,85.142,,"PDRB Per Kapita Atas Dasar Harga Berlaku di Provinsi Riau Menurut Kabupaten/Kota (ribu rupiah), 2021–2025","Per Capita GRDP at Current Market Prices by Regency/Municipality, in Riau Province (thousand rupiahss), 2021–2025",4,4,e146452af868
RIAU,08,Kab. Bengkalis,,2022,,304.609,,"PDRB Per Kapita Atas Dasar Harga Berlaku di Provinsi Riau Menurut Kabupaten/Kota (ribu rupiah), 2021–2025","Per Capita GRDP at Current Market Prices by Regency/Municipality, in Riau Province (thousand rupiahss), 2021–2025",4,4,2cc07d953852
RIAU,09,Kab. Rokan Hilir,,2022,,146.801,,"PDRB Per Kapita Atas Dasar Harga Berlaku di Provinsi Riau Menurut Kabupaten/Kota (ribu rupiah), 2021–2025","Per Capita GRDP at Current Market Prices by Regency/Municipality, in Riau Province (thousand rupiahss), 2021–2025",4,4,87dd72668f91
RIAU,10,Kab. Kepulauan Meranti,,2022,,118.777,,"PDRB Per Kapita Atas Dasar Harga Berlaku di Provinsi Riau Menurut Kabupaten/Kota (ribu rupiah), 2021–2025","Per Capita GRDP at Current Market Prices by Regency/Municipality, in Riau Province (thousand rupiahss), 2021–2025",4,4,97450e84aa32
RIAU,71,Kota Pekan Baru,,2022,,143.746,,"PDRB Per Kapita Atas Dasar Harga Berlaku di Provinsi Riau Menurut Kabupaten/Kota (ribu rupiah), 2021–2025","Per Capita GRDP at Current Market Prices by Regency/Municipality, in Riau Province (thousand rupiahss), 2021–2025",4,4,6ae9ba7ff03a
RIAU,73,Kota Dumai,,2022,,138.762,,"PDRB Per Kapita Atas Dasar Harga Berlaku di Provinsi Riau Menurut Kabupaten/Kota (ribu rupiah), 2021–2025","Per Capita GRDP at Current Market Prices by Regency/Municipality, in Riau Province (thousand rupiahss), 2021–2025",4,4,b6003253f9d6
RIAU,,Jml Kab./Kota Total of Reg./Mun.,,2022,,151.631,,"PDRB Per Kapita Atas Dasar Harga Berlaku di Provinsi Riau Menurut Kabupaten/Kota (ribu rupiah), 2021–2025","Per Capita GRDP at Current Market Prices by Regency/Municipality, in Riau Province (thousand rupiahss), 2021–2025",4,4,f7290f7c1152
RIAU,,Provinsi/Province,,2022,,151.259,,"PDRB Per Kapita Atas Dasar Harga Berlaku di Provinsi Riau Menurut Kabupaten/Kota (ribu rupiah), 2021–2025","Per Capita GRDP at Current Market Prices by Regency/Municipality, in Riau Province (thousand rupiahss), 2021–2025",4,4,b60d1e4b7fc2
JAMBI,01,Kab. Kerinci,,2022,,48.234,,"PDRB Per Kapita Atas Dasar Harga Berlaku di Provinsi Jambi Menurut Kabupaten/Kota (ribu rupiah), 2021–2025","Per Capita GRDP at Current Market Prices by Regency/Municipality, in Jambi Province (thousand rupiahss), 2021–2025",5,5,3f7f2b0fcdfc
JAMBI,02,Kab. Merangin,,2022,,55.836,,"PDRB Per Kapita Atas Dasar Harga Berlaku di Provinsi Jambi Menurut Kabupaten/Kota (ribu rupiah), 2021–2025","Per Capita GRDP at Current Market Prices by Regency/Municipality, in Jambi Province (thousand rupiahss), 2021–2025",5,5,8d07c56b62bd
JAMBI,03,Kab. Sarolangun,,2022,,69.896,,"PDRB Per Kapita Atas Dasar Harga Berlaku di Provinsi Jambi Menurut Kabupaten/Kota (ribu rupiah), 2021–2025","Per Capita GRDP at Current Market Prices by Regency/Municipality, in Jambi Province (thousand rupiahss), 2021–2025",5,5,03291fb13ff0
JAMBI,04,Kab. Batanghari,,2022,,78.708,,"PDRB Per Kapita Atas Dasar Harga Berlaku di Provinsi Jambi Menurut Kabupaten/Kota (ribu rupiah), 2021–2025","Per Capita GRDP at Current Market Prices by Regency/Municipality, in Jambi Province (thousand rupiahss), 2021–2025",5,5,52af6a291b31
JAMBI,05,Kab. Muaro Jambi,,2022,,79.821,,"PDRB Per Kapita Atas Dasar Harga Berlaku di Provinsi Jambi Menurut Kabupaten/Kota (ribu rupiah), 2021–2025","Per Capita GRDP at Current Market Prices by Regency/Municipality, in Jambi Province (thousand rupiahss), 2021–2025",5,5,42aeb5a45ea0
JAMBI,06,Kab. Tanjung Jabung Timur,,2022,,109.239,,"PDRB Per Kapita Atas Dasar Harga Berlaku di Provinsi Jambi Menurut Kabupaten/Kota (ribu rupiah), 2021–2025","Per Capita GRDP at Current Market Prices by Regency/Municipality, in Jambi Province (thousand rupiahss), 2021–2025",5,5,291ce6e16b2c
JAMBI,07,Kab. Tanjung Jabung Barat,,2022,,153.699,,"PDRB Per Kapita Atas Dasar Harga Berlaku di Provinsi Jambi Menurut Kabupaten/Kota (ribu rupiah), 2021–2025","Per Capita GRDP at Current Market Prices by Regency/Municipality, in Jambi Province (thousand rupiahss), 2021–2025",5,5,7006abe1198d
JAMBI,08,Kab. Tebo,,2022,,56.907,,"PDRB Per Kapita Atas Dasar Harga Berlaku di Provinsi Jambi Menurut Kabupaten/Kota (ribu rupiah), 2021–2025","Per Capita GRDP at Current Market Prices by Regency/Municipality, in Jambi Province (thousand rupiahss), 2021–2025",5,5,d7d470f904ea
JAMBI,09,Kab. Bungo,,2022,,67.067,,"PDRB Per Kapita Atas Dasar Harga Berlaku di Provinsi Jambi Menurut Kabupaten/Kota (ribu rupiah), 2021–2025","Per Capita GRDP at Current Market Prices by Regency/Municipality, in Jambi Province (thousand rupiahss), 2021–2025",5,5,1ce26851345d
JAMBI,71,Kota Jambi,,2022,,58.339,,"PDRB Per Kapita Atas Dasar Harga Berlaku di Provinsi Jambi Menurut Kabupaten/Kota (ribu rupiah), 2021–2025","Per Capita GRDP at Current Market Prices by Regency/Municipality, in Jambi Province (thousand rupiahss), 2021–2025",5,5,ba3cbc4cf1df
JAMBI,72,Kota Sungai Penuh,,2022,,87.989,,"PDRB Per Kapita Atas Dasar Harga Berlaku di Provinsi Jambi Menurut Kabupaten/Kota (ribu rupiah), 2021–2025","Per Capita GRDP at Current Market Prices by Regency/Municipality, in Jambi Province (thousand rupiahss), 2021–2025",5,5,8cbf70ea7661
JAMBI,,Jml Kab./Kota Total of Reg./Mun.,,2022,,75.902,,"PDRB Per Kapita Atas Dasar Harga Berlaku di Provinsi Jambi Menurut Kabupaten/Kota (ribu rupiah), 2021–2025","Per Capita GRDP at Current Market Prices by Regency/Municipality, in Jambi Province (thousand rupiahss), 2021–2025",5,5,9239da9a5c6d
JAMBI,,Provinsi/Province,,2022,,76.224,,"PDRB Per Kapita Atas Dasar Harga Berlaku di Provinsi Jambi Menurut Kabupaten/Kota (ribu rupiah), 2021–2025","Per Capita GRDP at Current Market Prices by Regency/Municipality, in Jambi Province (thousand rupiahss), 2021–2025",5,5,72d34ea0b65e
SUMATERA SELATAN,01,Kab. Ogan Komering Ulu,,2022,,46.957,,"PDRB Per Kapita Atas Dasar Harga Berlaku di Provinsi Sumatera Selatan Menurut Kabupaten/Kota (ribu rupiah), 2021–2025","Per Capita GRDP at Current Market Prices by Regency/Municipality, in Sumatera Selatan Province (thousand rupiahss), 2021–2025",6,6,51708df48946
SUMATERA SELATAN,02,Kab. Ogan Komering Ilir,,2022,,50.036,,"PDRB Per Kapita Atas Dasar Harga Berlaku di Provinsi Sumatera Selatan Menurut Kabupaten/Kota (ribu rupiah), 2021–2025","Per Capita GRDP at Current Market Prices by Regency/Municipality, in Sumatera Selatan Province (thousand rupiahss), 2021–2025",6,6,24239e393a97
SUMATERA SELATAN,03,Kab. Muara Enim,,2022,,181.316,,"PDRB Per Kapita Atas Dasar Harga Berlaku di Provinsi Sumatera Selatan Menurut Kabupaten/Kota (ribu rupiah), 2021–2025","Per Capita GRDP at Current Market Prices by Regency/Municipality, in Sumatera Selatan Province (thousand rupiahss), 2021–2025",6,6,d246ef1c8c2c
SUMATERA SELATAN,04,Kab. Lahat,,2022,,63.324,,"PDRB Per Kapita Atas Dasar Harga Berlaku di Provinsi Sumatera Selatan Menurut Kabupaten/Kota (ribu rupiah), 2021–2025","Per Capita GRDP at Current Market Prices by Regency/Municipality, in Sumatera Selatan Province (thousand rupiahss), 2021–2025",6,6,1593f8a9f1cf
SUMATERA SELATAN,05,Kab. Musi Rawas,,2022,,55.375,,"PDRB Per Kapita Atas Dasar Harga Berlaku di Provinsi Sumatera Selatan Menurut Kabupaten/Kota (ribu rupiah), 2021–2025","Per Capita GRDP at Current Market Prices by Regency/Municipality, in Sumatera Selatan Province (thousand rupiahss), 2021–2025",6,6,0cb252ee317a
SUMATERA SELATAN,06,Kab. Musi Banyuasin,,2022,,129.486,,"PDRB Per Kapita Atas Dasar Harga Berlaku di Provinsi Sumatera Selatan Menurut Kabupaten/Kota (ribu rupiah), 2021–2025","Per Capita GRDP at Current Market Prices by Regency/Municipality, in Sumatera Selatan Province (thousand rupiahss), 2021–2025",6,6,c707d6e844ac
SUMATERA SELATAN,07,Kab. Banyuasin,,2022,,39.592,,"PDRB Per Kapita Atas Dasar Harga Berlaku di Provinsi Sumatera Selatan Menurut Kabupaten/Kota (ribu rupiah), 2021–2025","Per Capita GRDP at Current Market Prices by Regency/Municipality, in Sumatera Selatan Province (thousand rupiahss), 2021–2025",6,6,973f3dc2813e
SUMATERA SELATAN,08,Kab. Ogan Komering Ulu Selatan,,2022,,24.665,,"PDRB Per Kapita Atas Dasar Harga Berlaku di Provinsi Sumatera Selatan Menurut Kabupaten/Kota (ribu rupiah), 2021–2025","Per Capita GRDP at Current Market Prices by Regency/Municipality, in Sumatera Selatan Province (thousand rupiahss), 2021–2025",6,6,0cadb06d1b14
SUMATERA SELATAN,09,Kab. Ogan Komering Ulu Timur,,2022,,26.952,,"PDRB Per Kapita Atas Dasar Harga Berlaku di Provinsi Sumatera Selatan Menurut Kabupaten/Kota (ribu rupiah), 2021–2025","Per Capita GRDP at Current Market Prices by Regency/Municipality, in Sumatera Selatan Province (thousand rupiahss), 2021–2025",6,6,e0fe46250aa2
SUMATERA SELATAN,10,Kab. Ogan Ilir,,2022,,31.102,,"PDRB Per Kapita Atas Dasar Harga Berlaku di Provinsi Sumatera Selatan Menurut Kabupaten/Kota (ribu rupiah), 2021–2025","Per Capita GRDP at Current Market Prices by Regency/Municipality, in Sumatera Selatan Province (thousand rupiahss), 2021–2025",6,6,55edcee1a85e
SUMATERA SELATAN,11,Kab. Empat Lawang,,2022,,17.201,,"PDRB Per Kapita Atas Dasar Harga Berlaku di Provinsi Sumatera Selatan Menurut Kabupaten/Kota (ribu rupiah), 2021–2025","Per Capita GRDP at Current Market Prices by Regency/Municipality, in Sumatera Selatan Province (thousand rupiahss), 2021–2025",6,6,6a2c9f07dadd
SUMATERA SELATAN,12,Kab. Penukal Abab Lematang Ilir,,2022,,40.988,,"PDRB Per Kapita Atas Dasar Harga Berlaku di Provinsi Sumatera Selatan Menurut Kabupaten/Kota (ribu rupiah), 2021–2025","Per Capita GRDP at Current Market Prices by Regency/Municipality, in Sumatera Selatan Province (thousand rupiahss), 2021–2025",6,6,6f60354b4d2b
SUMATERA SELATAN,13,Kab. Musi Rawas Utara,,2022,,44.189,,"PDRB Per Kapita Atas Dasar Harga Berlaku di Provinsi Sumatera Selatan Menurut Kabupaten/Kota (ribu rupiah), 2021–2025","Per Capita GRDP at Current Market Prices by Regency/Municipality, in Sumatera Selatan Province (thousand rupiahss), 2021–2025",6,6,9e86f161232a
SUMATERA SELATAN,71,Kota Palembang,,2022,,105.750,,"PDRB Per Kapita Atas Dasar Harga Berlaku di Provinsi Sumatera Selatan Menurut Kabupaten/Kota (ribu rupiah), 2021–2025","Per Capita GRDP at Current Market Prices by Regency/Municipality, in Sumatera Selatan Province (thousand rupiahss), 2021–2025",6,6,061c92698cde
SUMATERA SELATAN,72,Kota Prabumulih,,2022,,46.471,,"PDRB Per Kapita Atas Dasar Harga Berlaku di Provinsi Sumatera Selatan Menurut Kabupaten/Kota (ribu rupiah), 2021–2025","Per Capita GRDP at Current Market Prices by Regency/Municipality, in Sumatera Selatan Province (thousand rupiahss), 2021–2025",6,6,f690dddb764b
SUMATERA SELATAN,73,Kota Pagar Alam,,2022,,22.236,,"PDRB Per Kapita Atas Dasar Harga Berlaku di Provinsi Sumatera Selatan Menurut Kabupaten/Kota (ribu rupiah), 2021–2025","Per Capita GRDP at Current Market Prices by Regency/Municipality, in Sumatera Selatan Province (thousand rupiahss), 2021–2025",6,6,06244a4121e2
SUMATERA SELATAN,74,Kota Lubuk Linggau,,2022,,32.052,,"PDRB Per Kapita Atas Dasar Harga Berlaku di Provinsi Sumatera Selatan Menurut Kabupaten/Kota (ribu rupiah), 2021–2025","Per Capita GRDP at Current Market Prices by Regency/Municipality, in Sumatera Selatan Province (thousand rupiahss), 2021–2025",6,6,e65c8bca8fa4
SUMATERA SELATAN,,Jml Kab./Kota Total of Reg./Mun.,,2022,,69.452,,"PDRB Per Kapita Atas Dasar Harga Berlaku di Provinsi Sumatera Selatan Menurut Kabupaten/Kota (ribu rupiah), 2021–2025","Per Capita GRDP at Current Market Prices by Regency/Municipality, in Sumatera Selatan Province (thousand rupiahss), 2021–2025",6,6,715ec63da208
SUMATERA SELATAN,,Provinsi/Province,,2022,,68.239,,"PDRB Per Kapita Atas Dasar Harga Berlaku di Provinsi Sumatera Selatan Menurut Kabupaten/Kota (ribu rupiah), 2021–2025","Per Capita GRDP at Current Market Prices by Regency/Municipality, in Sumatera Selatan Province (thousand rupiahss), 2021–2025",6,6,ed5d9b908a03
BENGKULU,01,Kab. Bengkulu Selatan,,2022,,39.582,,"PDRB Per Kapita Atas Dasar Harga Berlaku di Provinsi Bengkulu Menurut Kabupaten/Kota (ribu rupiah), 2021–2025","Per Capita GRDP at Current Market Prices by Regency/Municipality, in Bengkulu Province (thousand rupiahss), 2021–2025",7,7,5758d0d958e2
BENGKULU,02,Kab. Rejang Lebong,,2022,,38.910,,"PDRB Per Kapita Atas Dasar Harga Berlaku di Provinsi Bengkulu Menurut Kabupaten/Kota (ribu rupiah), 2021–2025","Per Capita GRDP at Current Market Prices by Regency/Municipality, in Bengkulu Province (thousand rupiahss), 2021–2025",7,7,0089184e4ad4
BENGKULU,03,Kab. Bengkulu Utara,,2022,,40.641,,"PDRB Per Kapita Atas Dasar Harga Berlaku di Provinsi Bengkulu Menurut Kabupaten/Kota (ribu rupiah), 2021–2025","Per Capita GRDP at Current Market Prices by Regency/Municipality, in Bengkulu Province (thousand rupiahss), 2021–2025",7,7,3b2ce759549f
BENGKULU,04,Kab. Kaur,,2022,,32.651,,"PDRB Per Kapita Atas Dasar Harga Berlaku di Provinsi Bengkulu Menurut Kabupaten/Kota (ribu rupiah), 2021–2025","Per Capita GRDP at Current Market Prices by Regency/Municipality, in Bengkulu Province (thousand rupiahss), 2021–2025",7,7,221a38cf62c8
BENGKULU,05,Kab. Seluma,,2022,,25.578,,"PDRB Per Kapita Atas Dasar Harga Berlaku di Provinsi Bengkulu Menurut Kabupaten/Kota (ribu rupiah), 2021–2025","Per Capita GRDP at Current Market Prices by Regency/Municipality, in Bengkulu Province (thousand rupiahss), 2021–2025",7,7,cc929c7e3214
BENGKULU,06,Kab. Mukomuko,,2022,,31.744,,"PDRB Per Kapita Atas Dasar Harga Berlaku di Provinsi Bengkulu Menurut Kabupaten/Kota (ribu rupiah), 2021–2025","Per Capita GRDP at Current Market Prices by Regency/Municipality, in Bengkulu Province (thousand rupiahss), 2021–2025",7,7,156c3fc39761
BENGKULU,07,Kab. Lebong,,2022,,35.710,,"PDRB Per Kapita Atas Dasar Harga Berlaku di Provinsi Bengkulu Menurut Kabupaten/Kota (ribu rupiah), 2021–2025","Per Capita GRDP at Current Market Prices by Regency/Municipality, in Bengkulu Province (thousand rupiahss), 2021–2025",7,7,b48884b23a6b
BENGKULU,08,Kab. Kepahiang,,2022,,33.750,,"PDRB Per Kapita Atas Dasar Harga Berlaku di Provinsi Bengkulu Menurut Kabupaten/Kota (ribu rupiah), 2021–2025","Per Capita GRDP at Current Market Prices by Regency/Municipality, in Bengkulu Province (thousand rupiahss), 2021–2025",7,7,79ca9a4eb6f4
BENGKULU,09,Kab. Bengkulu Tengah,,2022,,54.734,,"PDRB Per Kapita Atas Dasar Harga Berlaku di Provinsi Bengkulu Menurut Kabupaten/Kota (ribu rupiah), 2021–2025","Per Capita GRDP at Current Market Prices by Regency/Municipality, in Bengkulu Province (thousand rupiahss), 2021–2025",7,7,b13bbf051056
BENGKULU,71,Kota Bengkulu,,2022,,72.977,,"PDRB Per Kapita Atas Dasar Harga Berlaku di Provinsi Bengkulu Menurut Kabupaten/Kota (ribu rupiah), 2021–2025","Per Capita GRDP at Current Market Prices by Regency/Municipality, in Bengkulu Province (thousand rupiahss), 2021–2025",7,7,ddeb0c60c1e3
BENGKULU,,Jml Kab./Kota Total of Reg./Mun.,,2022,,43.503,,"PDRB Per Kapita Atas Dasar Harga Berlaku di Provinsi Bengkulu Menurut Kabupaten/Kota (ribu rupiah), 2021–2025","Per Capita GRDP at Current Market Prices by Regency/Municipality, in Bengkulu Province (thousand rupiahss), 2021–2025",7,7,fe712a057639
BENGKULU,,Provinsi/Province,,2022,,43.757,,"PDRB Per Kapita Atas Dasar Harga Berlaku di Provinsi Bengkulu Menurut Kabupaten/Kota (ribu rupiah), 2021–2025","Per Capita GRDP at Current Market Prices by Regency/Municipality, in Bengkulu Province (thousand rupiahss), 2021–2025",7,7,1aad4e17ada1
LAMPUNG,01,Kab. Lampung Barat,,2022,,26.802,,"PDRB Per Kapita Atas Dasar Harga Berlaku di Provinsi Lampung Menurut Kabupaten/Kota (ribu rupiah), 2021–2025","Per Capita GRDP at Current Market Prices by Regency/Municipality, in Lampung Province (thousand rupiahss), 2021–2025",8,8,a1071c19fee2
LAMPUNG,02,Kab. Tanggamus,,2022,,27.644,,"PDRB Per Kapita Atas Dasar Harga Berlaku di Provinsi Lampung Menurut Kabupaten/Kota (ribu rupiah), 2021–2025","Per Capita GRDP at Current Market Prices by Regency/Municipality, in Lampung Province (thousand rupiahss), 2021–2025",8,8,89a9cb3a5f3e
LAMPUNG,03,Kab. Lampung Selatan,,2022,,47.031,,"PDRB Per Kapita Atas Dasar Harga Berlaku di Provinsi Lampung Menurut Kabupaten/Kota (ribu rupiah), 2021–2025","Per Capita GRDP at Current Market Prices by Regency/Municipality, in Lampung Province (thousand rupiahss), 2021–2025",8,8,1a8933626624
LAMPUNG,04,Kab. Lampung Timur,,2022,,43.947,,"PDRB Per Kapita Atas Dasar Harga Berlaku di Provinsi Lampung Menurut Kabupaten/Kota (ribu rupiah), 2021–2025","Per Capita GRDP at Current Market Prices by Regency/Municipality, in Lampung Province (thousand rupiahss), 2021–2025",8,8,d97090a6e8e9
LAMPUNG,05,Kab. Lampung Tengah,,2022,,55.289,,"PDRB Per Kapita Atas Dasar Harga Berlaku di Provinsi Lampung Menurut Kabupaten/Kota (ribu rupiah), 2021–2025","Per Capita GRDP at Current Market Prices by Regency/Municipality, in Lampung Province (thousand rupiahss), 2021–2025",8,8,0d2acecfa03a
LAMPUNG,06,Kab. Lampung Utara,,2022,,41.758,,"PDRB Per Kapita Atas Dasar Harga Berlaku di Provinsi Lampung Menurut Kabupaten/Kota (ribu rupiah), 2021–2025","Per Capita GRDP at Current Market Prices by Regency/Municipality, in Lampung Province (thousand rupiahss), 2021–2025",8,8,942f1098cc21
LAMPUNG,07,Kab. Way Kanan,,2022,,33.481,,"PDRB Per Kapita Atas Dasar Harga Berlaku di Provinsi Lampung Menurut Kabupaten/Kota (ribu rupiah), 2021–2025","Per Capita GRDP at Current Market Prices by Regency/Municipality, in Lampung Province (thousand rupiahss), 2021–2025",8,8,6861a5b03f05
LAMPUNG,08,Kab. Tulang Bawang,,2022,,59.077,,"PDRB Per Kapita Atas Dasar Harga Berlaku di Provinsi Lampung Menurut Kabupaten/Kota (ribu rupiah), 2021–2025","Per Capita GRDP at Current Market Prices by Regency/Municipality, in Lampung Province (thousand rupiahss), 2021–2025",8,8,85b7f532a913
LAMPUNG,09,Kab. Pesawaran,,2022,,38.102,,"PDRB Per Kapita Atas Dasar Harga Berlaku di Provinsi Lampung Menurut Kabupaten/Kota (ribu rupiah), 2021–2025","Per Capita GRDP at Current Market Prices by Regency/Municipality, in Lampung Province (thousand rupiahss), 2021–2025",8,8,c8b4c537d3f1
LAMPUNG,10,Kab. Pringsewu,,2022,,30.984,,"PDRB Per Kapita Atas Dasar Harga Berlaku di Provinsi Lampung Menurut Kabupaten/Kota (ribu rupiah), 2021–2025","Per Capita GRDP at Current Market Prices by Regency/Municipality, in Lampung Province (thousand rupiahss), 2021–2025",8,8,7f39f757b679
LAMPUNG,11,Kab. Mesuji,,2022,,51.038,,"PDRB Per Kapita Atas Dasar Harga Berlaku di Provinsi Lampung Menurut Kabupaten/Kota (ribu rupiah), 2021–2025","Per Capita GRDP at Current Market Prices by Regency/Municipality, in Lampung Province (thousand rupiahss), 2021–2025",8,8,a870b812bc7e
LAMPUNG,12,Kab. Tulang Bawang Barat,,2022,,45.296,,"PDRB Per Kapita Atas Dasar Harga Berlaku di Provinsi Lampung Menurut Kabupaten/Kota (ribu rupiah), 2021–2025","Per Capita GRDP at Current Market Prices by Regency/Municipality, in Lampung Province (thousand rupiahss), 2021–2025",8,8,fb0fffebc45a
LAMPUNG,13,Kab. Pesisir Barat,,2022,,31.972,,"PDRB Per Kapita Atas Dasar Harga Berlaku di Provinsi Lampung Menurut Kabupaten/Kota (ribu rupiah), 2021–2025","Per Capita GRDP at Current Market Prices by Regency/Municipality, in Lampung Province (thousand rupiahss), 2021–2025",8,8,3dbef0d7810e
LAMPUNG,71,Kota Bandar Lampung,,2022,,57.258,,"PDRB Per Kapita Atas Dasar Harga Berlaku di Provinsi Lampung Menurut Kabupaten/Kota (ribu rupiah), 2021–2025","Per Capita GRDP at Current Market Prices by Regency/Municipality, in Lampung Province (thousand rupiahss), 2021–2025",8,8,5bbf6fdf80fb
LAMPUNG,72,Kota Metro,,2022,,42.001,,"PDRB Per Kapita Atas Dasar Harga Berlaku di Provinsi Lampung Menurut Kabupaten/Kota (ribu rupiah), 2021–2025","Per Capita GRDP at Current Market Prices by Regency/Municipality, in Lampung Province (thousand rupiahss), 2021–2025",8,8,e0a558f2d8f2
LAMPUNG,,Jml Kab./Kota Total of Reg./Mun.,,2022,,45.228,,"PDRB Per Kapita Atas Dasar Harga Berlaku di Provinsi Lampung Menurut Kabupaten/Kota (ribu rupiah), 2021–2025","Per Capita GRDP at Current Market Prices by Regency/Municipality, in Lampung Province (thousand rupiahss), 2021–2025",8,8,1c3613db3383
LAMPUNG,,Provinsi/Province,,2022,,44.982,,"PDRB Per Kapita Atas Dasar Harga Berlaku di Provinsi Lampung Menurut Kabupaten/Kota (ribu rupiah), 2021–2025","Per Capita GRDP at Current Market Prices by Regency/Municipality, in Lampung Province (thousand rupiahss), 2021–2025",8,8,230ddf0c81e6
KEPULAUAN BANGKA BELITUNG,01,Kab. Bangka,,2022,,53.801,,"PDRB Per Kapita Atas Dasar Harga Berlaku di Provinsi Kepulauan Bangka Belitung Menurut Kabupaten/Kota (ribu rupiah), 2021–2025","Per Capita GRDP at Current Market Prices by Regency/Municipality, in Kepulauan Bangka Belitung Province (thousand rupiahss), 2021–2025",9,9,9f1945de786d
KEPULAUAN BANGKA BELITUNG,02,Kab. Belitung,,2022,,65.879,,"PDRB Per Kapita Atas Dasar Harga Berlaku di Provinsi Kepulauan Bangka Belitung Menurut Kabupaten/Kota (ribu rupiah), 2021–2025","Per Capita GRDP at Current Market Prices by Regency/Municipality, in Kepulauan Bangka Belitung Province (thousand rupiahss), 2021–2025",9,9,2723662462e2
KEPULAUAN BANGKA BELITUNG,03,Kab. Bangka Barat,,2022,,79.856,,"PDRB Per Kapita Atas Dasar Harga Berlaku di Provinsi Kepulauan Bangka Belitung Menurut Kabupaten/Kota (ribu rupiah), 2021–2025","Per Capita GRDP at Current Market Prices by Regency/Municipality, in Kepulauan Bangka Belitung Province (thousand rupiahss), 2021–2025",9,9,503686a46f51
KEPULAUAN BANGKA BELITUNG,04,Kab. Bangka Tengah,,2022,,51.486,,"PDRB Per Kapita Atas Dasar Harga Berlaku di Provinsi Kepulauan Bangka Belitung Menurut Kabupaten/Kota (ribu rupiah), 2021–2025","Per Capita GRDP at Current Market Prices by Regency/Municipality, in Kepulauan Bangka Belitung Province (thousand rupiahss), 2021–2025",9,9,0b9e6bc823cc
KEPULAUAN BANGKA BELITUNG,05,Kab. Bangka Selatan,,2022,,52.638,,"PDRB Per Kapita Atas Dasar Harga Berlaku di Provinsi Kepulauan Bangka Belitung Menurut Kabupaten/Kota (ribu rupiah), 2021–2025","Per Capita GRDP at Current Market Prices by Regency/Municipality, in Kepulauan Bangka Belitung Province (thousand rupiahss), 2021–2025",9,9,cd7dc21f983c
KEPULAUAN BANGKA BELITUNG,06,Kab. Belitung Timur,,2022,,75.426,,"PDRB Per Kapita Atas Dasar Harga Berlaku di Provinsi Kepulauan Bangka Belitung Menurut Kabupaten/Kota (ribu rupiah), 2021–2025","Per Capita GRDP at Current Market Prices by Regency/Municipality, in Kepulauan Bangka Belitung Province (thousand rupiahss), 2021–2025",9,9,92abfe9e1268
KEPULAUAN BANGKA BELITUNG,71,Kota Pangkal Pinang,,2022,,77.075,,"PDRB Per Kapita Atas Dasar Harga Berlaku di Provinsi Kepulauan Bangka Belitung Menurut Kabupaten/Kota (ribu rupiah), 2021–2025","Per Capita GRDP at Current Market Prices by Regency/Municipality, in Kepulauan Bangka Belitung Province (thousand rupiahss), 2021–2025",9,9,1bcce0a4cb6e
KEPULAUAN BANGKA BELITUNG,,Jml Kab./Kota Total of Reg./Mun.,,2022,,63.881,,"PDRB Per Kapita Atas Dasar Harga Berlaku di Provinsi Kepulauan Bangka Belitung Menurut Kabupaten/Kota (ribu rupiah), 2021–2025","Per Capita GRDP at Current Market Prices by Regency/Municipality, in Kepulauan Bangka Belitung Province (thousand rupiahss), 2021–2025",9,9,f48b12b73bb2
KEPULAUAN BANGKA BELITUNG,,Provinsi/Province,,2022,,63.866,,"PDRB Per Kapita Atas Dasar Harga Berlaku di Provinsi Kepulauan Bangka Belitung Menurut Kabupaten/Kota (ribu rupiah), 2021–2025","Per Capita GRDP at Current Market Prices by Regency/Municipality, in Kepulauan Bangka Belitung Province (thousand rupiahss), 2021–2025",9,9,97cdbc23353d
KEPULAUAN RIAU,01,Kab. Karimun,,2022,,60.336,,"PDRB Per Kapita Atas Dasar Harga Berlaku di Provinsi Kepulauan Riau Menurut Kabupaten/Kota (ribu rupiah), 2021–2025","Per Capita GRDP at Current Market Prices by Regency/Municipality, in Kepulauan Riau Province (thousand rupiahss), 2021–2025",10,10,a48584083285
KEPULAUAN RIAU,02,Kab. Bintan,,2022,,149.877,,"PDRB Per Kapita Atas Dasar Harga Berlaku di Provinsi Kepulauan Riau Menurut Kabupaten/Kota (ribu rupiah), 2021–2025","Per Capita GRDP at Current Market Prices by Regency/Municipality, in Kepulauan Riau Province (thousand rupiahss), 2021–2025",10,10,1b05d77ae40f
KEPULAUAN RIAU,03,Kab. Natuna,,2022,,290.848,,"PDRB Per Kapita Atas Dasar Harga Berlaku di Provinsi Kepulauan Riau Menurut Kabupaten/Kota (ribu rupiah), 2021–2025","Per Capita GRDP at Current Market Prices by Regency/Municipality, in Kepulauan Riau Province (thousand rupiahss), 2021–2025",10,10,6da00716314f
KEPULAUAN RIAU,04,Kab. Lingga,,2022,,48.510,,"PDRB Per Kapita Atas Dasar Harga Berlaku di Provinsi Kepulauan Riau Menurut Kabupaten/Kota (ribu rupiah), 2021–2025","Per Capita GRDP at Current Market Prices by Regency/Municipality, in Kepulauan Riau Province (thousand rupiahss), 2021–2025",10,10,3491dcf47143
KEPULAUAN RIAU,05,Kab. Kep. Anambas,,2022,,410.971,,"PDRB Per Kapita Atas Dasar Harga Berlaku di Provinsi Kepulauan Riau Menurut Kabupaten/Kota (ribu rupiah), 2021–2025","Per Capita GRDP at Current Market Prices by Regency/Municipality, in Kepulauan Riau Province (thousand rupiahss), 2021–2025",10,10,5f7bcc0875d6
KEPULAUAN RIAU,71,Kota Batam,,2022,,157.633,,"PDRB Per Kapita Atas Dasar Harga Berlaku di Provinsi Kepulauan Riau Menurut Kabupaten/Kota (ribu rupiah), 2021–2025","Per Capita GRDP at Current Market Prices by Regency/Municipality, in Kepulauan Riau Province (thousand rupiahss), 2021–2025",10,10,4fa0ae7e4e52
KEPULAUAN RIAU,72,Kota Tanjung Pinang,,2022,,93.851,,"PDRB Per Kapita Atas Dasar Harga Berlaku di Provinsi Kepulauan Riau Menurut Kabupaten/Kota (ribu rupiah), 2021–2025","Per Capita GRDP at Current Market Prices by Regency/Municipality, in Kepulauan Riau Province (thousand rupiahss), 2021–2025",10,10,e8b13b0ea00d
KEPULAUAN RIAU,,Jml Kab./Kota Total of Reg./Mun.,,2022,,144.109,,"PDRB Per Kapita Atas Dasar Harga Berlaku di Provinsi Kepulauan Riau Menurut Kabupaten/Kota (ribu rupiah), 2021–2025","Per Capita GRDP at Current Market Prices by Regency/Municipality, in Kepulauan Riau Province (thousand rupiahss), 2021–2025",10,10,a3d94b3321a8
KEPULAUAN RIAU,,Provinsi/Province,,2022,,145.530,,"PDRB Per Kapita Atas Dasar Harga Berlaku di Provinsi Kepulauan Riau Menurut Kabupaten/Kota (ribu rupiah), 2021–2025","Per Capita GRDP at Current Market Prices by Regency/Municipality, in Kepulauan Riau Province (thousand rupiahss), 2021–2025",10,10,d2da1554925e
ACEH,01,Kab. Simeulue,,2023,,30.222,,"PDRB Per Kapita Atas Dasar Harga Berlaku di Provinsi Aceh Menurut Kabupaten/Kota (miliar rupiah), 2021–2025","Per Capita GRDP at Current Market Prices by Regency/Municipality, in Aceh Province (thousand rupiahss), 2021–2025",1,1,b82871bf3964
ACEH,02,Kab. Aceh Singkil,,2023,,24.030,,"PDRB Per Kapita Atas Dasar Harga Berlaku di Provinsi Aceh Menurut Kabupaten/Kota (miliar rupiah), 2021–2025","Per Capita GRDP at Current Market Prices by Regency/Municipality, in Aceh Province (thousand rupiahss), 2021–2025",1,1,0f0bf7e78cbc
ACEH,03,Kab. Aceh Selatan,,2023,,29.078,,"PDRB Per Kapita Atas Dasar Harga Berlaku di Provinsi Aceh Menurut Kabupaten/Kota (miliar rupiah), 2021–2025","Per Capita GRDP at Current Market Prices by Regency/Municipality, in Aceh Province (thousand rupiahss), 2021–2025",1,1,fe6802957bf3
ACEH,04,Kab. Aceh Tenggara,,2023,,27.104,,"PDRB Per Kapita Atas Dasar Harga Berlaku di Provinsi Aceh Menurut Kabupaten/Kota (miliar rupiah), 2021–2025","Per Capita GRDP at Current Market Prices by Regency/Municipality, in Aceh Province (thousand rupiahss), 2021–2025",1,1,66861a6f69f5
ACEH,05,Kab. Aceh Timur,,2023,,31.505,,"PDRB Per Kapita Atas Dasar Harga Berlaku di Provinsi Aceh Menurut Kabupaten/Kota (miliar rupiah), 2021–2025","Per Capita GRDP at Current Market Prices by Regency/Municipality, in Aceh Province (thousand rupiahss), 2021–2025",1,1,a2c0d5af182f
ACEH,06,Kab. Aceh Tengah,,2023,,43.973,,"PDRB Per Kapita Atas Dasar Harga Berlaku di Provinsi Aceh Menurut Kabupaten/Kota (miliar rupiah), 2021–2025","Per Capita GRDP at Current Market Prices by Regency/Municipality, in Aceh Province (thousand rupiahss), 2021–2025",1,1,1aa3009b318d
ACEH,07,Kab. Aceh Barat,,2023,,66.280,,"PDRB Per Kapita Atas Dasar Harga Berlaku di Provinsi Aceh Menurut Kabupaten/Kota (miliar rupiah), 2021–2025","Per Capita GRDP at Current Market Prices by Regency/Municipality, in Aceh Province (thousand rupiahss), 2021–2025",1,1,bc749216ac0e
ACEH,08,Kab. Aceh Besar,,2023,,40.410,,"PDRB Per Kapita Atas Dasar Harga Berlaku di Provinsi Aceh Menurut Kabupaten/Kota (miliar rupiah), 2021–2025","Per Capita GRDP at Current Market Prices by Regency/Municipality, in Aceh Province (thousand rupiahss), 2021–2025",1,1,641fd71f4f20
ACEH,09,Kab. Pidie,,2023,,30.105,,"PDRB Per Kapita Atas Dasar Harga Berlaku di Provinsi Aceh Menurut Kabupaten/Kota (miliar rupiah), 2021–2025","Per Capita GRDP at Current Market Prices by Regency/Municipality, in Aceh Province (thousand rupiahss), 2021–2025",1,1,113436ec20a3
ACEH,10,Kab. Bireun,,2023,,37.570,,"PDRB Per Kapita Atas Dasar Harga Berlaku di Provinsi Aceh Menurut Kabupaten/Kota (miliar rupiah), 2021–2025","Per Capita GRDP at Current Market Prices by Regency/Municipality, in Aceh Province (thousand rupiahss), 2021–2025",1,1,81265bca7d0d
ACEH,11,Kab. Aceh Utara,,2023,,45.411,,"PDRB Per Kapita Atas Dasar Harga Berlaku di Provinsi Aceh Menurut Kabupaten/Kota (miliar rupiah), 2021–2025","Per Capita GRDP at Current Market Prices by Regency/Municipality, in Aceh Province (thousand rupiahss), 2021–2025",1,1,15cff1d87ca7
ACEH,12,Kab. Aceh Barat Daya,,2023,,31.625,,"PDRB Per Kapita Atas Dasar Harga Berlaku di Provinsi Aceh Menurut Kabupaten/Kota (miliar rupiah), 2021–2025","Per Capita GRDP at Current Market Prices by Regency/Municipality, in Aceh Province (thousand rupiahss), 2021–2025",1,1,e12fadd11bfd
ACEH,13,Kab. Gayo Lues,,2023,,31.808,,"PDRB Per Kapita Atas Dasar Harga Berlaku di Provinsi Aceh Menurut Kabupaten/Kota (miliar rupiah), 2021–2025","Per Capita GRDP at Current Market Prices by Regency/Municipality, in Aceh Province (thousand rupiahss), 2021–2025",1,1,59b828369aa1
ACEH,14,Kab. Aceh Tamiang,,2023,,35.151,,"PDRB Per Kapita Atas Dasar Harga Berlaku di Provinsi Aceh Menurut Kabupaten/Kota (miliar rupiah), 2021–2025","Per Capita GRDP at Current Market Prices by Regency/Municipality, in Aceh Province (thousand rupiahss), 2021–2025",1,1,4aebb0332ab2
ACEH,15,Kab. Nagan Raya,,2023,,68.090,,"PDRB Per Kapita Atas Dasar Harga Berlaku di Provinsi Aceh Menurut Kabupaten/Kota (miliar rupiah), 2021–2025","Per Capita GRDP at Current Market Prices by Regency/Municipality, in Aceh Province (thousand rupiahss), 2021–2025",1,1,3b85905b2bfd
ACEH,16,Kab. Aceh Jaya,,2023,,34.554,,"PDRB Per Kapita Atas Dasar Harga Berlaku di Provinsi Aceh Menurut Kabupaten/Kota (miliar rupiah), 2021–2025","Per Capita GRDP at Current Market Prices by Regency/Municipality, in Aceh Province (thousand rupiahss), 2021–2025",1,1,5de97c5ec620
ACEH,17,Kab. Bener Meriah,,2023,,35.569,,"PDRB Per Kapita Atas Dasar Harga Berlaku di Provinsi Aceh Menurut Kabupaten/Kota (miliar rupiah), 2021–2025","Per Capita GRDP at Current Market Prices by Regency/Municipality, in Aceh Province (thousand rupiahss), 2021–2025",1,1,cfac4d473f08
ACEH,18,Kab. Pidie Jaya,,2023,,26.461,,"PDRB Per Kapita Atas Dasar Harga Berlaku di Provinsi Aceh Menurut Kabupaten/Kota (miliar rupiah), 2021–2025","Per Capita GRDP at Current Market Prices by Regency/Municipality, in Aceh Province (thousand rupiahss), 2021–2025",1,1,de18ab604e56
ACEH,71,Kota Banda Aceh,,2023,,90.749,,"PDRB Per Kapita Atas Dasar Harga Berlaku di Provinsi Aceh Menurut Kabupaten/Kota (miliar rupiah), 2021–2025","Per Capita GRDP at Current Market Prices by Regency/Municipality, in Aceh Province (thousand rupiahss), 2021–2025",1,1,e41b8fec48b9
ACEH,72,Kota Sabang,,2023,,40.732,,"PDRB Per Kapita Atas Dasar Harga Berlaku di Provinsi Aceh Menurut Kabupaten/Kota (miliar rupiah), 2021–2025","Per Capita GRDP at Current Market Prices by Regency/Municipality, in Aceh Province (thousand rupiahss), 2021–2025",1,1,bc5bb8784c3b
ACEH,73,Kota Langsa,,2023,,35.194,,"PDRB Per Kapita Atas Dasar Harga Berlaku di Provinsi Aceh Menurut Kabupaten/Kota (miliar rupiah), 2021–2025","Per Capita GRDP at Current Market Prices by Regency/Municipality, in Aceh Province (thousand rupiahss), 2021–2025",1,1,17f374914d95
ACEH,74,Kota Lhokseumawe,,2023,,56.597,,"PDRB Per Kapita Atas Dasar Harga Berlaku di Provinsi Aceh Menurut Kabupaten/Kota (miliar rupiah), 2021–2025","Per Capita GRDP at Current Market Prices by Regency/Municipality, in Aceh Province (thousand rupiahss), 2021–2025",1,1,d300c472a51d
ACEH,75,Kota Subulussalam,,2023,,26.428,,"PDRB Per Kapita Atas Dasar Harga Berlaku di Provinsi Aceh Menurut Kabupaten/Kota (miliar rupiah), 2021–2025","Per Capita GRDP at Current Market Prices by Regency/Municipality, in Aceh Province (thousand rupiahss), 2021–2025",1,1,d3d22f3928d9
ACEH,,Jml Kab./Kota Total of Reg./Mun.,,2023,,40.727,,"PDRB Per Kapita Atas Dasar Harga Berlaku di Provinsi Aceh Menurut Kabupaten/Kota (miliar rupiah), 2021–2025","Per Capita GRDP at Current Market Prices by Regency/Municipality, in Aceh Province (thousand rupiahss), 2021–2025",1,1,fadef93c812e
ACEH,,Provinsi/Province,,2023,,41.408,,"PDRB Per Kapita Atas Dasar Harga Berlaku di Provinsi Aceh Menurut Kabupaten/Kota (miliar rupiah), 2021–2025","Per Capita GRDP at Current Market Prices by Regency/Municipality, in Aceh Province (thousand rupiahss), 2021–2025",1,1,ed1e3ea40625
SUMATERA UTARA,01,Kab. Nias,,2023,,31.614,,"PDRB Per Kapita Atas Dasar Harga Berlaku di Provinsi Sumatera Utara Menurut Kabupaten/Kota (ribu rupiah), 2021–2025","Per Capita GRDP at Current Market Prices by Regency/Municipality, in Sumatera Utara Province (thousand rupiahss), 2021–2025",2,2,7726488b5e64
SUMATERA UTARA,02,Kab. Mandailing Natal,,2023,,36.868,,"PDRB Per Kapita Atas Dasar Harga Berlaku di Provinsi Sumatera Utara Menurut Kabupaten/Kota (ribu rupiah), 2021–2025","Per Capita GRDP at Current Market Prices by Regency/Municipality, in Sumatera Utara Province (thousand rupiahss), 2021–2025",2,2,173648997c75
SUMATERA UTARA,03,Kab. Tapanuli Selatan,,2023,,60.394,,"PDRB Per Kapita Atas Dasar Harga Berlaku di Provinsi Sumatera Utara Menurut Kabupaten/Kota (ribu rupiah), 2021–2025","Per Capita GRDP at Current Market Prices by Regency/Municipality, in Sumatera Utara Province (thousand rupiahss), 2021–2025",2,2,618082dc4201
SUMATERA UTARA,04,Kab. Tapanuli Tengah,,2023,,32.649,,"PDRB Per Kapita Atas Dasar Harga Berlaku di Provinsi Sumatera Utara Menurut Kabupaten/Kota (ribu rupiah), 2021–2025","Per Capita GRDP at Current Market Prices by Regency/Municipality, in Sumatera Utara Province (thousand rupiahss), 2021–2025",2,2,a0b530314edc
SUMATERA UTARA,05,Kab. Tapanuli Utara,,2023,,32.466,,"PDRB Per Kapita Atas Dasar Harga Berlaku di Provinsi Sumatera Utara Menurut Kabupaten/Kota (ribu rupiah), 2021–2025","Per Capita GRDP at Current Market Prices by Regency/Municipality, in Sumatera Utara Province (thousand rupiahss), 2021–2025",2,2,bf33fd6c8122
SUMATERA UTARA,06,Kab. Toba Samosir,,2023,,45.154,,"PDRB Per Kapita Atas Dasar Harga Berlaku di Provinsi Sumatera Utara Menurut Kabupaten/Kota (ribu rupiah), 2021–2025","Per Capita GRDP at Current Market Prices by Regency/Municipality, in Sumatera Utara Province (thousand rupiahss), 2021–2025",2,2,0b16c6fc9469
SUMATERA UTARA,07,Kab. Labuhan Batu,,2023,,89.062,,"PDRB Per Kapita Atas Dasar Harga Berlaku di Provinsi Sumatera Utara Menurut Kabupaten/Kota (ribu rupiah), 2021–2025","Per Capita GRDP at Current Market Prices by Regency/Municipality, in Sumatera Utara Province (thousand rupiahss), 2021–2025",2,2,a19c91fc0fed
SUMATERA UTARA,08,Kab. Asahan,,2023,,63.898,,"PDRB Per Kapita Atas Dasar Harga Berlaku di Provinsi Sumatera Utara Menurut Kabupaten/Kota (ribu rupiah), 2021–2025","Per Capita GRDP at Current Market Prices by Regency/Municipality, in Sumatera Utara Province (thousand rupiahss), 2021–2025",2,2,1c6e4369c757
SUMATERA UTARA,09,Kab. Simalungun,,2023,,50.428,,"PDRB Per Kapita Atas Dasar Harga Berlaku di Provinsi Sumatera Utara Menurut Kabupaten/Kota (ribu rupiah), 2021–2025","Per Capita GRDP at Current Market Prices by Regency/Municipality, in Sumatera Utara Province (thousand rupiahss), 2021–2025",2,2,229714cf8e1d
SUMATERA UTARA,10,Kab. Dairi,,2023,,35.878,,"PDRB Per Kapita Atas Dasar Harga Berlaku di Provinsi Sumatera Utara Menurut Kabupaten/Kota (ribu rupiah), 2021–2025","Per Capita GRDP at Current Market Prices by Regency/Municipality, in Sumatera Utara Province (thousand rupiahss), 2021–2025",2,2,07f1b5473675
SUMATERA UTARA,11,Kab. Karo,,2023,,62.759,,"PDRB Per Kapita Atas Dasar Harga Berlaku di Provinsi Sumatera Utara Menurut Kabupaten/Kota (ribu rupiah), 2021–2025","Per Capita GRDP at Current Market Prices by Regency/Municipality, in Sumatera Utara Province (thousand rupiahss), 2021–2025",2,2,3fd75280ebda
SUMATERA UTARA,12,Kab. Deli Serdang,,2023,,68.923,,"PDRB Per Kapita Atas Dasar Harga Berlaku di Provinsi Sumatera Utara Menurut Kabupaten/Kota (ribu rupiah), 2021–2025","Per Capita GRDP at Current Market Prices by Regency/Municipality, in Sumatera Utara Province (thousand rupiahss), 2021–2025",2,2,04fbb8b5dc2c
SUMATERA UTARA,13,Kab. Langkat,,2023,,52.677,,"PDRB Per Kapita Atas Dasar Harga Berlaku di Provinsi Sumatera Utara Menurut Kabupaten/Kota (ribu rupiah), 2021–2025","Per Capita GRDP at Current Market Prices by Regency/Municipality, in Sumatera Utara Province (thousand rupiahss), 2021–2025",2,2,8ca31f30c318
SUMATERA UTARA,14,Kab. Nias Selatan,,2023,,22.416,,"PDRB Per Kapita Atas Dasar Harga Berlaku di Provinsi Sumatera Utara Menurut Kabupaten/Kota (ribu rupiah), 2021–2025","Per Capita GRDP at Current Market Prices by Regency/Municipality, in Sumatera Utara Province (thousand rupiahss), 2021–2025",2,2,05f9b96c97a7
SUMATERA UTARA,15,Kab. Humbang Hasundutan,,2023,,37.396,,"PDRB Per Kapita Atas Dasar Harga Berlaku di Provinsi Sumatera Utara Menurut Kabupaten/Kota (ribu rupiah), 2021–2025","Per Capita GRDP at Current Market Prices by Regency/Municipality, in Sumatera Utara Province (thousand rupiahss), 2021–2025",2,2,e67f3d6bbe9a
SUMATERA UTARA,16,Kab. Pakpak Bharat,,2023,,28.271,,"PDRB Per Kapita Atas Dasar Harga Berlaku di Provinsi Sumatera Utara Menurut Kabupaten/Kota (ribu rupiah), 2021–2025","Per Capita GRDP at Current Market Prices by Regency/Municipality, in Sumatera Utara Province (thousand rupiahss), 2021–2025",2,2,b2d1d322371f
SUMATERA UTARA,17,Kab. Samosir,,2023,,40.017,,"PDRB Per Kapita Atas Dasar Harga Berlaku di Provinsi Sumatera Utara Menurut Kabupaten/Kota (ribu rupiah), 2021–2025","Per Capita GRDP at Current Market Prices by Regency/Municipality, in Sumatera Utara Province (thousand rupiahss), 2021–2025",2,2,11bca732b9e8
SUMATERA UTARA,18,Kab. Serdang Bedagai,,2023,,54.961,,"PDRB Per Kapita Atas Dasar Harga Berlaku di Provinsi Sumatera Utara Menurut Kabupaten/Kota (ribu rupiah), 2021–2025","Per Capita GRDP at Current Market Prices by Regency/Municipality, in Sumatera Utara Province (thousand rupiahss), 2021–2025",2,2,7f39f275adb8
SUMATERA UTARA,19,Kab. Batu Bara,,2023,,101.676,,"PDRB Per Kapita Atas Dasar Harga Berlaku di Provinsi Sumatera Utara Menurut Kabupaten/Kota (ribu rupiah), 2021–2025","Per Capita GRDP at Current Market Prices by Regency/Municipality, in Sumatera Utara Province (thousand rupiahss), 2021–2025",2,2,f245987650e8
SUMATERA UTARA,20,Kab. Padang Lawas Utara,,2023,,57.442,,"PDRB Per Kapita Atas Dasar Harga Berlaku di Provinsi Sumatera Utara Menurut Kabupaten/Kota (ribu rupiah), 2021–2025","Per Capita GRDP at Current Market Prices by Regency/Municipality, in Sumatera Utara Province (thousand rupiahss), 2021–2025",2,2,d5c8ab47925f
SUMATERA UTARA,21,Kab. Padang Lawas,,2023,,58.506,,"PDRB Per Kapita Atas Dasar Harga Berlaku di Provinsi Sumatera Utara Menurut Kabupaten/Kota (ribu rupiah), 2021–2025","Per Capita GRDP at Current Market Prices by Regency/Municipality, in Sumatera Utara Province (thousand rupiahss), 2021–2025",2,2,082313ff3faa
SUMATERA UTARA,22,Kab. Labuhan Batu Selatan,,2023,,113.617,,"PDRB Per Kapita Atas Dasar Harga Berlaku di Provinsi Sumatera Utara Menurut Kabupaten/Kota (ribu rupiah), 2021–2025","Per Capita GRDP at Current Market Prices by Regency/Municipality, in Sumatera Utara Province (thousand rupiahss), 2021–2025",2,2,e13d3dc5b931
SUMATERA UTARA,23,Kab. Labuhan Batu Utara,,2023,,82.792,,"PDRB Per Kapita Atas Dasar Harga Berlaku di Provinsi Sumatera Utara Menurut Kabupaten/Kota (ribu rupiah), 2021–2025","Per Capita GRDP at Current Market Prices by Regency/Municipality, in Sumatera Utara Province (thousand rupiahss), 2021–2025",2,2,1ddbfd1e611e
SUMATERA UTARA,24,Kab. Nias Utara,,2023,,28.728,,"PDRB Per Kapita Atas Dasar Harga Berlaku di Provinsi Sumatera Utara Menurut Kabupaten/Kota (ribu rupiah), 2021–2025","Per Capita GRDP at Current Market Prices by Regency/Municipality, in Sumatera Utara Province (thousand rupiahss), 2021–2025",2,2,ce841ac51d40
SUMATERA UTARA,25,Kab. Nias Barat,,2023,,24.509,,"PDRB Per Kapita Atas Dasar Harga Berlaku di Provinsi Sumatera Utara Menurut Kabupaten/Kota (ribu rupiah), 2021–2025","Per Capita GRDP at Current Market Prices by Regency/Municipality, in Sumatera Utara Province (thousand rupiahss), 2021–2025",2,2,c4784ce6afec
SUMATERA UTARA,71,Kota Sibolga,,2023,,74.736,,"PDRB Per Kapita Atas Dasar Harga Berlaku di Provinsi Sumatera Utara Menurut Kabupaten/Kota (ribu rupiah), 2021–2025","Per Capita GRDP at Current Market Prices by Regency/Municipality, in Sumatera Utara Province (thousand rupiahss), 2021–2025",2,2,144411cfd19e
SUMATERA UTARA,72,Kota Tanjung Balai,,2023,,61.197,,"PDRB Per Kapita Atas Dasar Harga Berlaku di Provinsi Sumatera Utara Menurut Kabupaten/Kota (ribu rupiah), 2021–2025","Per Capita GRDP at Current Market Prices by Regency/Municipality, in Sumatera Utara Province (thousand rupiahss), 2021–2025",2,2,bfffbbc71949
SUMATERA UTARA,73,Kota Pematang Siantar,,2023,,59.046,,"PDRB Per Kapita Atas Dasar Harga Berlaku di Provinsi Sumatera Utara Menurut Kabupaten/Kota (ribu rupiah), 2021–2025","Per Capita GRDP at Current Market Prices by Regency/Municipality, in Sumatera Utara Province (thousand rupiahss), 2021–2025",2,2,7c2a90d28ddc
SUMATERA UTARA,74,Kota Tebing Tinggi,,2023,,41.519,,"PDRB Per Kapita Atas Dasar Harga Berlaku di Provinsi Sumatera Utara Menurut Kabupaten/Kota (ribu rupiah), 2021–2025","Per Capita GRDP at Current Market Prices by Regency/Municipality, in Sumatera Utara Province (thousand rupiahss), 2021–2025",2,2,47abbaab23a2
SUMATERA UTARA,75,Kota Medan,,2023,,122.592,,"PDRB Per Kapita Atas Dasar Harga Berlaku di Provinsi Sumatera Utara Menurut Kabupaten/Kota (ribu rupiah), 2021–2025","Per Capita GRDP at Current Market Prices by Regency/Municipality, in Sumatera Utara Province (thousand rupiahss), 2021–2025",2,2,58e754657ec4
SUMATERA UTARA,76,Kota Binjai,,2023,,47.679,,"PDRB Per Kapita Atas Dasar Harga Berlaku di Provinsi Sumatera Utara Menurut Kabupaten/Kota (ribu rupiah), 2021–2025","Per Capita GRDP at Current Market Prices by Regency/Municipality, in Sumatera Utara Province (thousand rupiahss), 2021–2025",2,2,724cc5a39a0d
SUMATERA UTARA,77,Kota Padang Sidempuan,,2023,,33.566,,"PDRB Per Kapita Atas Dasar Harga Berlaku di Provinsi Sumatera Utara Menurut Kabupaten/Kota (ribu rupiah), 2021–2025","Per Capita GRDP at Current Market Prices by Regency/Municipality, in Sumatera Utara Province (thousand rupiahss), 2021–2025",2,2,b6ca17ad52f6
SUMATERA UTARA,78,Kota Gunungsitoli,,2023,,48.460,,"PDRB Per Kapita Atas Dasar Harga Berlaku di Provinsi Sumatera Utara Menurut Kabupaten/Kota (ribu rupiah), 2021–2025","Per Capita GRDP at Current Market Prices by Regency/Municipality, in Sumatera Utara Province (thousand rupiahss), 2021–2025",2,2,831a7945e642
SUMATERA UTARA,,Jml Kab./Kota Total of Reg./Mun.,,2023,,67.991,,"PDRB Per Kapita Atas Dasar Harga Berlaku di Provinsi Sumatera Utara Menurut Kabupaten/Kota (ribu rupiah), 2021–2025","Per Capita GRDP at Current Market Prices by Regency/Municipality, in Sumatera Utara Province (thousand rupiahss), 2021–2025",2,2,224e9661c777
SUMATERA UTARA,,Provinsi/Province,,2023,,68.306,,"PDRB Per Kapita Atas Dasar Harga Berlaku di Provinsi Sumatera Utara Menurut Kabupaten/Kota (ribu rupiah), 2021–2025","Per Capita GRDP at Current Market Prices by Regency/Municipality, in Sumatera Utara Province (thousand rupiahss), 2021–2025",2,2,2fa3a0d6d2dc
SUMATERA BARAT,01,Kab. Kepulauan Mentawai,,2023,,64.784,,"PDRB Per Kapita Atas Dasar Harga Berlaku di Provinsi Sumatera Barat Menurut Kabupaten/Kota (ribu rupiah), 2021–2025","Per Capita GRDP at Current Market Prices by Regency/Municipality, in Sumatera Barat Province (thousand rupiahss), 2021–2025",3,3,deb7031f036e
SUMATERA BARAT,02,Kab. Pesisir Selatan,,2023,,34.216,,"PDRB Per Kapita Atas Dasar Harga Berlaku di Provinsi Sumatera Barat Menurut Kabupaten/Kota (ribu rupiah), 2021–2025","Per Capita GRDP at Current Market Prices by Regency/Municipality, in Sumatera Barat Province (thousand rupiahss), 2021–2025",3,3,3e972d598965
SUMATERA BARAT,03,Kab. Solok,,2023,,42.584,,"PDRB Per Kapita Atas Dasar Harga Berlaku di Provinsi Sumatera Barat Menurut Kabupaten/Kota (ribu rupiah), 2021–2025","Per Capita GRDP at Current Market Prices by Regency/Municipality, in Sumatera Barat Province (thousand rupiahss), 2021–2025",3,3,98577905f80d
SUMATERA BARAT,04,Kab. Sijunjung,,2023,,48.172,,"PDRB Per Kapita Atas Dasar Harga Berlaku di Provinsi Sumatera Barat Menurut Kabupaten/Kota (ribu rupiah), 2021–2025","Per Capita GRDP at Current Market Prices by Regency/Municipality, in Sumatera Barat Province (thousand rupiahss), 2021–2025",3,3,a662768be58c
SUMATERA BARAT,05,Kab. Tanah Datar,,2023,,43.131,,"PDRB Per Kapita Atas Dasar Harga Berlaku di Provinsi Sumatera Barat Menurut Kabupaten/Kota (ribu rupiah), 2021–2025","Per Capita GRDP at Current Market Prices by Regency/Municipality, in Sumatera Barat Province (thousand rupiahss), 2021–2025",3,3,4c7a453e48ff
SUMATERA BARAT,06,Kab. Padang Pariaman,,2023,,55.715,,"PDRB Per Kapita Atas Dasar Harga Berlaku di Provinsi Sumatera Barat Menurut Kabupaten/Kota (ribu rupiah), 2021–2025","Per Capita GRDP at Current Market Prices by Regency/Municipality, in Sumatera Barat Province (thousand rupiahss), 2021–2025",3,3,4fba4d33a97c
SUMATERA BARAT,07,Kab. Agam,,2023,,47.495,,"PDRB Per Kapita Atas Dasar Harga Berlaku di Provinsi Sumatera Barat Menurut Kabupaten/Kota (ribu rupiah), 2021–2025","Per Capita GRDP at Current Market Prices by Regency/Municipality, in Sumatera Barat Province (thousand rupiahss), 2021–2025",3,3,bf3004a46f63
SUMATERA BARAT,08,Kab. Lima Puluh Kota,,2023,,49.456,,"PDRB Per Kapita Atas Dasar Harga Berlaku di Provinsi Sumatera Barat Menurut Kabupaten/Kota (ribu rupiah), 2021–2025","Per Capita GRDP at Current Market Prices by Regency/Municipality, in Sumatera Barat Province (thousand rupiahss), 2021–2025",3,3,d076980057cd
SUMATERA BARAT,09,Kab. Pasaman,,2023,,36.141,,"PDRB Per Kapita Atas Dasar Harga Berlaku di Provinsi Sumatera Barat Menurut Kabupaten/Kota (ribu rupiah), 2021–2025","Per Capita GRDP at Current Market Prices by Regency/Municipality, in Sumatera Barat Province (thousand rupiahss), 2021–2025",3,3,1e172d7bc426
SUMATERA BARAT,10,Kab. Solok Selatan,,2023,,36.917,,"PDRB Per Kapita Atas Dasar Harga Berlaku di Provinsi Sumatera Barat Menurut Kabupaten/Kota (ribu rupiah), 2021–2025","Per Capita GRDP at Current Market Prices by Regency/Municipality, in Sumatera Barat Province (thousand rupiahss), 2021–2025",3,3,086e632c36e1
SUMATERA BARAT,11,Kab. Dharmasraya,,2023,,55.653,,"PDRB Per Kapita Atas Dasar Harga Berlaku di Provinsi Sumatera Barat Menurut Kabupaten/Kota (ribu rupiah), 2021–2025","Per Capita GRDP at Current Market Prices by Regency/Municipality, in Sumatera Barat Province (thousand rupiahss), 2021–2025",3,3,9b423b8d6919
SUMATERA BARAT,12,Kab. Pasaman Barat,,2023,,43.338,,"PDRB Per Kapita Atas Dasar Harga Berlaku di Provinsi Sumatera Barat Menurut Kabupaten/Kota (ribu rupiah), 2021–2025","Per Capita GRDP at Current Market Prices by Regency/Municipality, in Sumatera Barat Province (thousand rupiahss), 2021–2025",3,3,3a4f316ff9c0
SUMATERA BARAT,71,Kota Padang,,2023,,84.376,,"PDRB Per Kapita Atas Dasar Harga Berlaku di Provinsi Sumatera Barat Menurut Kabupaten/Kota (ribu rupiah), 2021–2025","Per Capita GRDP at Current Market Prices by Regency/Municipality, in Sumatera Barat Province (thousand rupiahss), 2021–2025",3,3,ac8b20d55046
SUMATERA BARAT,72,Kota Solok,,2023,,67.819,,"PDRB Per Kapita Atas Dasar Harga Berlaku di Provinsi Sumatera Barat Menurut Kabupaten/Kota (ribu rupiah), 2021–2025","Per Capita GRDP at Current Market Prices by Regency/Municipality, in Sumatera Barat Province (thousand rupiahss), 2021–2025",3,3,8a89e7725982
SUMATERA BARAT,73,Kota Sawah Lunto,,2023,,71.834,,"PDRB Per Kapita Atas Dasar Harga Berlaku di Provinsi Sumatera Barat Menurut Kabupaten/Kota (ribu rupiah), 2021–2025","Per Capita GRDP at Current Market Prices by Regency/Municipality, in Sumatera Barat Province (thousand rupiahss), 2021–2025",3,3,7d5660a5d46e
SUMATERA BARAT,74,Kota Padang Panjang,,2023,,77.304,,"PDRB Per Kapita Atas Dasar Harga Berlaku di Provinsi Sumatera Barat Menurut Kabupaten/Kota (ribu rupiah), 2021–2025","Per Capita GRDP at Current Market Prices by Regency/Municipality, in Sumatera Barat Province (thousand rupiahss), 2021–2025",3,3,42c92b55be5a
SUMATERA BARAT,75,Kota Bukittinggi,,2023,,90.281,,"PDRB Per Kapita Atas Dasar Harga Berlaku di Provinsi Sumatera Barat Menurut Kabupaten/Kota (ribu rupiah), 2021–2025","Per Capita GRDP at Current Market Prices by Regency/Municipality, in Sumatera Barat Province (thousand rupiahss), 2021–2025",3,3,5e47648c5bf6
SUMATERA BARAT,76,Kota Payakumbuh,,2023,,61.663,,"PDRB Per Kapita Atas Dasar Harga Berlaku di Provinsi Sumatera Barat Menurut Kabupaten/Kota (ribu rupiah), 2021–2025","Per Capita GRDP at Current Market Prices by Regency/Municipality, in Sumatera Barat Province (thousand rupiahss), 2021–2025",3,3,0d8e3c53ad0a
SUMATERA BARAT,77,Kota Pariaman,,2023,,66.250,,"PDRB Per Kapita Atas Dasar Harga Berlaku di Provinsi Sumatera Barat Menurut Kabupaten/Kota (ribu rupiah), 2021–2025","Per Capita GRDP at Current Market Prices by Regency/Municipality, in Sumatera Barat Province (thousand rupiahss), 2021–2025",3,3,e40e55c8c8a9
SUMATERA BARAT,,Jml Kab./Kota Total of Reg./Mun.,,2023,,54.275,,"PDRB Per Kapita Atas Dasar Harga Berlaku di Provinsi Sumatera Barat Menurut Kabupaten/Kota (ribu rupiah), 2021–2025","Per Capita GRDP at Current Market Prices by Regency/Municipality, in Sumatera Barat Province (thousand rupiahss), 2021–2025",3,3,076b4832b6ec
SUMATERA BARAT,,Provinsi/Province,,2023,,54.334,,"PDRB Per Kapita Atas Dasar Harga Berlaku di Provinsi Sumatera Barat Menurut Kabupaten/Kota (ribu rupiah), 2021–2025","Per Capita GRDP at Current Market Prices by Regency/Municipality, in Sumatera Barat Province (thousand rupiahss), 2021–2025",3,3,e4021c233605
RIAU,01,Kab. Kuantan Singingi,,2023,,137.874,,"PDRB Per Kapita Atas Dasar Harga Berlaku di Provinsi Riau Menurut Kabupaten/Kota (ribu rupiah), 2021–2025","Per Capita GRDP at Current Market Prices by Regency/Municipality, in Riau Province (thousand rupiahss), 2021–2025",4,4,5215f3601b25
RIAU,02,Kab.indragiri Hulu,,2023,,122.197,,"PDRB Per Kapita Atas Dasar Harga Berlaku di Provinsi Riau Menurut Kabupaten/Kota (ribu rupiah), 2021–2025","Per Capita GRDP at Current Market Prices by Regency/Municipality, in Riau Province (thousand rupiahss), 2021–2025",4,4,7bead733f2fb
RIAU,03,Kab.indragiri Hilir,,2023,,129.260,,"PDRB Per Kapita Atas Dasar Harga Berlaku di Provinsi Riau Menurut Kabupaten/Kota (ribu rupiah), 2021–2025","Per Capita GRDP at Current Market Prices by Regency/Municipality, in Riau Province (thousand rupiahss), 2021–2025",4,4,0f7526207f93
RIAU,04,Kab. Pelalawan,,2023,,172.617,,"PDRB Per Kapita Atas Dasar Harga Berlaku di Provinsi Riau Menurut Kabupaten/Kota (ribu rupiah), 2021–2025","Per Capita GRDP at Current Market Prices by Regency/Municipality, in Riau Province (thousand rupiahss), 2021–2025",4,4,5a84ce4db942
RIAU,05,Kab. Siak,,2023,,230.416,,"PDRB Per Kapita Atas Dasar Harga Berlaku di Provinsi Riau Menurut Kabupaten/Kota (ribu rupiah), 2021–2025","Per Capita GRDP at Current Market Prices by Regency/Municipality, in Riau Province (thousand rupiahss), 2021–2025",4,4,6c346ad413c7
RIAU,06,Kab. Kampar,,2023,,121.395,,"PDRB Per Kapita Atas Dasar Harga Berlaku di Provinsi Riau Menurut Kabupaten/Kota (ribu rupiah), 2021–2025","Per Capita GRDP at Current Market Prices by Regency/Municipality, in Riau Province (thousand rupiahss), 2021–2025",4,4,e08ac774db8c
RIAU,07,Kab. Rokan Hulu,,2023,,89.129,,"PDRB Per Kapita Atas Dasar Harga Berlaku di Provinsi Riau Menurut Kabupaten/Kota (ribu rupiah), 2021–2025","Per Capita GRDP at Current Market Prices by Regency/Municipality, in Riau Province (thousand rupiahss), 2021–2025",4,4,6624c17f00f7
RIAU,08,Kab. Bengkalis,,2023,,288.308,,"PDRB Per Kapita Atas Dasar Harga Berlaku di Provinsi Riau Menurut Kabupaten/Kota (ribu rupiah), 2021–2025","Per Capita GRDP at Current Market Prices by Regency/Municipality, in Riau Province (thousand rupiahss), 2021–2025",4,4,9501b7539659
RIAU,09,Kab. Rokan Hilir,,2023,,144.751,,"PDRB Per Kapita Atas Dasar Harga Berlaku di Provinsi Riau Menurut Kabupaten/Kota (ribu rupiah), 2021–2025","Per Capita GRDP at Current Market Prices by Regency/Municipality, in Riau Province (thousand rupiahss), 2021–2025",4,4,5a0da8d9e42b
RIAU,10,Kab. Kepulauan Meranti,,2023,,120.914,,"PDRB Per Kapita Atas Dasar Harga Berlaku di Provinsi Riau Menurut Kabupaten/Kota (ribu rupiah), 2021–2025","Per Capita GRDP at Current Market Prices by Regency/Municipality, in Riau Province (thousand rupiahss), 2021–2025",4,4,0172e7c79347
RIAU,71,Kota Pekan Baru,,2023,,157.385,,"PDRB Per Kapita Atas Dasar Harga Berlaku di Provinsi Riau Menurut Kabupaten/Kota (ribu rupiah), 2021–2025","Per Capita GRDP at Current Market Prices by Regency/Municipality, in Riau Province (thousand rupiahss), 2021–2025",4,4,fe85d673b8c0
RIAU,73,Kota Dumai,,2023,,149.083,,"PDRB Per Kapita Atas Dasar Harga Berlaku di Provinsi Riau Menurut Kabupaten/Kota (ribu rupiah), 2021–2025","Per Capita GRDP at Current Market Prices by Regency/Municipality, in Riau Province (thousand rupiahss), 2021–2025",4,4,b8c1e4d680c4
RIAU,,Jml Kab./Kota Total of Reg./Mun.,,2023,,155.141,,"PDRB Per Kapita Atas Dasar Harga Berlaku di Provinsi Riau Menurut Kabupaten/Kota (ribu rupiah), 2021–2025","Per Capita GRDP at Current Market Prices by Regency/Municipality, in Riau Province (thousand rupiahss), 2021–2025",4,4,6ed652fef397
RIAU,,Provinsi/Province,,2023,,154.522,,"PDRB Per Kapita Atas Dasar Harga Berlaku di Provinsi Riau Menurut Kabupaten/Kota (ribu rupiah), 2021–2025","Per Capita GRDP at Current Market Prices by Regency/Municipality, in Riau Province (thousand rupiahss), 2021–2025",4,4,0dd008334f24
JAMBI,01,Kab. Kerinci,,2023,,52.556,,"PDRB Per Kapita Atas Dasar Harga Berlaku di Provinsi Jambi Menurut Kabupaten/Kota (ribu rupiah), 2021–2025","Per Capita GRDP at Current Market Prices by Regency/Municipality, in Jambi Province (thousand rupiahss), 2021–2025",5,5,b8410dc86bd4
JAMBI,02,Kab. Merangin,,2023,,61.164,,"PDRB Per Kapita Atas Dasar Harga Berlaku di Provinsi Jambi Menurut Kabupaten/Kota (ribu rupiah), 2021–2025","Per Capita GRDP at Current Market Prices by Regency/Municipality, in Jambi Province (thousand rupiahss), 2021–2025",5,5,27518e7d0010
JAMBI,03,Kab. Sarolangun,,2023,,71.440,,"PDRB Per Kapita Atas Dasar Harga Berlaku di Provinsi Jambi Menurut Kabupaten/Kota (ribu rupiah), 2021–2025","Per Capita GRDP at Current Market Prices by Regency/Municipality, in Jambi Province (thousand rupiahss), 2021–2025",5,5,fb809134ae60
JAMBI,04,Kab. Batanghari,,2023,,81.296,,"PDRB Per Kapita Atas Dasar Harga Berlaku di Provinsi Jambi Menurut Kabupaten/Kota (ribu rupiah), 2021–2025","Per Capita GRDP at Current Market Prices by Regency/Municipality, in Jambi Province (thousand rupiahss), 2021–2025",5,5,c27e38b9b2ad
JAMBI,05,Kab. Muaro Jambi,,2023,,85.682,,"PDRB Per Kapita Atas Dasar Harga Berlaku di Provinsi Jambi Menurut Kabupaten/Kota (ribu rupiah), 2021–2025","Per Capita GRDP at Current Market Prices by Regency/Municipality, in Jambi Province (thousand rupiahss), 2021–2025",5,5,0a6af16af04f
JAMBI,06,Kab. Tanjung Jabung Timur,,2023,,108.822,,"PDRB Per Kapita Atas Dasar Harga Berlaku di Provinsi Jambi Menurut Kabupaten/Kota (ribu rupiah), 2021–2025","Per Capita GRDP at Current Market Prices by Regency/Municipality, in Jambi Province (thousand rupiahss), 2021–2025",5,5,fa36a310a7ba
JAMBI,07,Kab. Tanjung Jabung Barat,,2023,,154.096,,"PDRB Per Kapita Atas Dasar Harga Berlaku di Provinsi Jambi Menurut Kabupaten/Kota (ribu rupiah), 2021–2025","Per Capita GRDP at Current Market Prices by Regency/Municipality, in Jambi Province (thousand rupiahss), 2021–2025",5,5,175354636e1e
JAMBI,08,Kab. Tebo,,2023,,59.843,,"PDRB Per Kapita Atas Dasar Harga Berlaku di Provinsi Jambi Menurut Kabupaten/Kota (ribu rupiah), 2021–2025","Per Capita GRDP at Current Market Prices by Regency/Municipality, in Jambi Province (thousand rupiahss), 2021–2025",5,5,68078f60d282
JAMBI,09,Kab. Bungo,,2023,,69.888,,"PDRB Per Kapita Atas Dasar Harga Berlaku di Provinsi Jambi Menurut Kabupaten/Kota (ribu rupiah), 2021–2025","Per Capita GRDP at Current Market Prices by Regency/Municipality, in Jambi Province (thousand rupiahss), 2021–2025",5,5,bbf1ebeca358
JAMBI,71,Kota Jambi,,2023,,64.639,,"PDRB Per Kapita Atas Dasar Harga Berlaku di Provinsi Jambi Menurut Kabupaten/Kota (ribu rupiah), 2021–2025","Per Capita GRDP at Current Market Prices by Regency/Municipality, in Jambi Province (thousand rupiahss), 2021–2025",5,5,07cdae897cae
JAMBI,72,Kota Sungai Penuh,,2023,,94.924,,"PDRB Per Kapita Atas Dasar Harga Berlaku di Provinsi Jambi Menurut Kabupaten/Kota (ribu rupiah), 2021–2025","Per Capita GRDP at Current Market Prices by Regency/Municipality, in Jambi Province (thousand rupiahss), 2021–2025",5,5,a196a9eeaaf8
JAMBI,,Jml Kab./Kota Total of Reg./Mun.,,2023,,79.602,,"PDRB Per Kapita Atas Dasar Harga Berlaku di Provinsi Jambi Menurut Kabupaten/Kota (ribu rupiah), 2021–2025","Per Capita GRDP at Current Market Prices by Regency/Municipality, in Jambi Province (thousand rupiahss), 2021–2025",5,5,af00312f305c
JAMBI,,Provinsi/Province,,2023,,79.873,,"PDRB Per Kapita Atas Dasar Harga Berlaku di Provinsi Jambi Menurut Kabupaten/Kota (ribu rupiah), 2021–2025","Per Capita GRDP at Current Market Prices by Regency/Municipality, in Jambi Province (thousand rupiahss), 2021–2025",5,5,c807cf85e764
SUMATERA SELATAN,01,Kab. Ogan Komering Ulu,,2023,,50.034,,"PDRB Per Kapita Atas Dasar Harga Berlaku di Provinsi Sumatera Selatan Menurut Kabupaten/Kota (ribu rupiah), 2021–2025","Per Capita GRDP at Current Market Prices by Regency/Municipality, in Sumatera Selatan Province (thousand rupiahss), 2021–2025",6,6,5982e7f792f8
SUMATERA SELATAN,02,Kab. Ogan Komering Ilir,,2023,,53.880,,"PDRB Per Kapita Atas Dasar Harga Berlaku di Provinsi Sumatera Selatan Menurut Kabupaten/Kota (ribu rupiah), 2021–2025","Per Capita GRDP at Current Market Prices by Regency/Municipality, in Sumatera Selatan Province (thousand rupiahss), 2021–2025",6,6,2b91c0af36e2
SUMATERA SELATAN,03,Kab. Muara Enim,,2023,,187.001,,"PDRB Per Kapita Atas Dasar Harga Berlaku di Provinsi Sumatera Selatan Menurut Kabupaten/Kota (ribu rupiah), 2021–2025","Per Capita GRDP at Current Market Prices by Regency/Municipality, in Sumatera Selatan Province (thousand rupiahss), 2021–2025",6,6,49aaf5fee986
SUMATERA SELATAN,04,Kab. Lahat,,2023,,65.825,,"PDRB Per Kapita Atas Dasar Harga Berlaku di Provinsi Sumatera Selatan Menurut Kabupaten/Kota (ribu rupiah), 2021–2025","Per Capita GRDP at Current Market Prices by Regency/Municipality, in Sumatera Selatan Province (thousand rupiahss), 2021–2025",6,6,b9aac89383e9
SUMATERA SELATAN,05,Kab. Musi Rawas,,2023,,57.706,,"PDRB Per Kapita Atas Dasar Harga Berlaku di Provinsi Sumatera Selatan Menurut Kabupaten/Kota (ribu rupiah), 2021–2025","Per Capita GRDP at Current Market Prices by Regency/Municipality, in Sumatera Selatan Province (thousand rupiahss), 2021–2025",6,6,52512b9bcef5
SUMATERA SELATAN,06,Kab. Musi Banyuasin,,2023,,132.950,,"PDRB Per Kapita Atas Dasar Harga Berlaku di Provinsi Sumatera Selatan Menurut Kabupaten/Kota (ribu rupiah), 2021–2025","Per Capita GRDP at Current Market Prices by Regency/Municipality, in Sumatera Selatan Province (thousand rupiahss), 2021–2025",6,6,2c82452b9d1e
SUMATERA SELATAN,07,Kab. Banyuasin,,2023,,43.052,,"PDRB Per Kapita Atas Dasar Harga Berlaku di Provinsi Sumatera Selatan Menurut Kabupaten/Kota (ribu rupiah), 2021–2025","Per Capita GRDP at Current Market Prices by Regency/Municipality, in Sumatera Selatan Province (thousand rupiahss), 2021–2025",6,6,6ee20e57d79d
SUMATERA SELATAN,08,Kab. Ogan Komering Ulu Selatan,,2023,,26.145,,"PDRB Per Kapita Atas Dasar Harga Berlaku di Provinsi Sumatera Selatan Menurut Kabupaten/Kota (ribu rupiah), 2021–2025","Per Capita GRDP at Current Market Prices by Regency/Municipality, in Sumatera Selatan Province (thousand rupiahss), 2021–2025",6,6,8d54c6a8f100
SUMATERA SELATAN,09,Kab. Ogan Komering Ulu Timur,,2023,,29.138,,"PDRB Per Kapita Atas Dasar Harga Berlaku di Provinsi Sumatera Selatan Menurut Kabupaten/Kota (ribu rupiah), 2021–2025","Per Capita GRDP at Current Market Prices by Regency/Municipality, in Sumatera Selatan Province (thousand rupiahss), 2021–2025",6,6,7a3b1f96543d
SUMATERA SELATAN,10,Kab. Ogan Ilir,,2023,,33.033,,"PDRB Per Kapita Atas Dasar Harga Berlaku di Provinsi Sumatera Selatan Menurut Kabupaten/Kota (ribu rupiah), 2021–2025","Per Capita GRDP at Current Market Prices by Regency/Municipality, in Sumatera Selatan Province (thousand rupiahss), 2021–2025",6,6,f7183da38765
SUMATERA SELATAN,11,Kab. Empat Lawang,,2023,,18.364,,"PDRB Per Kapita Atas Dasar Harga Berlaku di Provinsi Sumatera Selatan Menurut Kabupaten/Kota (ribu rupiah), 2021–2025","Per Capita GRDP at Current Market Prices by Regency/Municipality, in Sumatera Selatan Province (thousand rupiahss), 2021–2025",6,6,c2d7b4568667
SUMATERA SELATAN,12,Kab. Penukal Abab Lematang Ilir,,2023,,43.019,,"PDRB Per Kapita Atas Dasar Harga Berlaku di Provinsi Sumatera Selatan Menurut Kabupaten/Kota (ribu rupiah), 2021–2025","Per Capita GRDP at Current Market Prices by Regency/Municipality, in Sumatera Selatan Province (thousand rupiahss), 2021–2025",6,6,696b5512683e
SUMATERA SELATAN,13,Kab. Musi Rawas Utara,,2023,,46.270,,"PDRB Per Kapita Atas Dasar Harga Berlaku di Provinsi Sumatera Selatan Menurut Kabupaten/Kota (ribu rupiah), 2021–2025","Per Capita GRDP at Current Market Prices by Regency/Municipality, in Sumatera Selatan Province (thousand rupiahss), 2021–2025",6,6,3d3c6b109c34
SUMATERA SELATAN,71,Kota Palembang,,2023,,114.025,,"PDRB Per Kapita Atas Dasar Harga Berlaku di Provinsi Sumatera Selatan Menurut Kabupaten/Kota (ribu rupiah), 2021–2025","Per Capita GRDP at Current Market Prices by Regency/Municipality, in Sumatera Selatan Province (thousand rupiahss), 2021–2025",6,6,d3ae2a137168
SUMATERA SELATAN,72,Kota Prabumulih,,2023,,49.006,,"PDRB Per Kapita Atas Dasar Harga Berlaku di Provinsi Sumatera Selatan Menurut Kabupaten/Kota (ribu rupiah), 2021–2025","Per Capita GRDP at Current Market Prices by Regency/Municipality, in Sumatera Selatan Province (thousand rupiahss), 2021–2025",6,6,56db676c431e
SUMATERA SELATAN,73,Kota Pagar Alam,,2023,,23.612,,"PDRB Per Kapita Atas Dasar Harga Berlaku di Provinsi Sumatera Selatan Menurut Kabupaten/Kota (ribu rupiah), 2021–2025","Per Capita GRDP at Current Market Prices by Regency/Municipality, in Sumatera Selatan Province (thousand rupiahss), 2021–2025",6,6,a7cfdf18bdc3
SUMATERA SELATAN,74,Kota Lubuk Linggau,,2023,,33.887,,"PDRB Per Kapita Atas Dasar Harga Berlaku di Provinsi Sumatera Selatan Menurut Kabupaten/Kota (ribu rupiah), 2021–2025","Per Capita GRDP at Current Market Prices by Regency/Municipality, in Sumatera Selatan Province (thousand rupiahss), 2021–2025",6,6,5c86c867d7f5
SUMATERA SELATAN,,Jml Kab./Kota Total of Reg./Mun.,,2023,,73.376,,"PDRB Per Kapita Atas Dasar Harga Berlaku di Provinsi Sumatera Selatan Menurut Kabupaten/Kota (ribu rupiah), 2021–2025","Per Capita GRDP at Current Market Prices by Regency/Municipality, in Sumatera Selatan Province (thousand rupiahss), 2021–2025",6,6,bb786a069a0f
SUMATERA SELATAN,,Provinsi/Province,,2023,,71.958,,"PDRB Per Kapita Atas Dasar Harga Berlaku di Provinsi Sumatera Selatan Menurut Kabupaten/Kota (ribu rupiah), 2021–2025","Per Capita GRDP at Current Market Prices by Regency/Municipality, in Sumatera Selatan Province (thousand rupiahss), 2021–2025",6,6,2a3e3c8a323c
BENGKULU,01,Kab. Bengkulu Selatan,,2023,,41.998,,"PDRB Per Kapita Atas Dasar Harga Berlaku di Provinsi Bengkulu Menurut Kabupaten/Kota (ribu rupiah), 2021–2025","Per Capita GRDP at Current Market Prices by Regency/Municipality, in Bengkulu Province (thousand rupiahss), 2021–2025",7,7,42732877dfc7
BENGKULU,02,Kab. Rejang Lebong,,2023,,41.648,,"PDRB Per Kapita Atas Dasar Harga Berlaku di Provinsi Bengkulu Menurut Kabupaten/Kota (ribu rupiah), 2021–2025","Per Capita GRDP at Current Market Prices by Regency/Municipality, in Bengkulu Province (thousand rupiahss), 2021–2025",7,7,f58bd67c5668
BENGKULU,03,Kab. Bengkulu Utara,,2023,,40.731,,"PDRB Per Kapita Atas Dasar Harga Berlaku di Provinsi Bengkulu Menurut Kabupaten/Kota (ribu rupiah), 2021–2025","Per Capita GRDP at Current Market Prices by Regency/Municipality, in Bengkulu Province (thousand rupiahss), 2021–2025",7,7,8b95121b7cd4
BENGKULU,04,Kab. Kaur,,2023,,34.699,,"PDRB Per Kapita Atas Dasar Harga Berlaku di Provinsi Bengkulu Menurut Kabupaten/Kota (ribu rupiah), 2021–2025","Per Capita GRDP at Current Market Prices by Regency/Municipality, in Bengkulu Province (thousand rupiahss), 2021–2025",7,7,130c6bc80d36
BENGKULU,05,Kab. Seluma,,2023,,26.824,,"PDRB Per Kapita Atas Dasar Harga Berlaku di Provinsi Bengkulu Menurut Kabupaten/Kota (ribu rupiah), 2021–2025","Per Capita GRDP at Current Market Prices by Regency/Municipality, in Bengkulu Province (thousand rupiahss), 2021–2025",7,7,f6d0cedd5eef
BENGKULU,06,Kab. Mukomuko,,2023,,34.204,,"PDRB Per Kapita Atas Dasar Harga Berlaku di Provinsi Bengkulu Menurut Kabupaten/Kota (ribu rupiah), 2021–2025","Per Capita GRDP at Current Market Prices by Regency/Municipality, in Bengkulu Province (thousand rupiahss), 2021–2025",7,7,044f71502a4d
BENGKULU,07,Kab. Lebong,,2023,,37.691,,"PDRB Per Kapita Atas Dasar Harga Berlaku di Provinsi Bengkulu Menurut Kabupaten/Kota (ribu rupiah), 2021–2025","Per Capita GRDP at Current Market Prices by Regency/Municipality, in Bengkulu Province (thousand rupiahss), 2021–2025",7,7,b6e5107af124
BENGKULU,08,Kab. Kepahiang,,2023,,36.311,,"PDRB Per Kapita Atas Dasar Harga Berlaku di Provinsi Bengkulu Menurut Kabupaten/Kota (ribu rupiah), 2021–2025","Per Capita GRDP at Current Market Prices by Regency/Municipality, in Bengkulu Province (thousand rupiahss), 2021–2025",7,7,f3997e778563
BENGKULU,09,Kab. Bengkulu Tengah,,2023,,55.021,,"PDRB Per Kapita Atas Dasar Harga Berlaku di Provinsi Bengkulu Menurut Kabupaten/Kota (ribu rupiah), 2021–2025","Per Capita GRDP at Current Market Prices by Regency/Municipality, in Bengkulu Province (thousand rupiahss), 2021–2025",7,7,c0dd558abdfb
BENGKULU,71,Kota Bengkulu,,2023,,78.778,,"PDRB Per Kapita Atas Dasar Harga Berlaku di Provinsi Bengkulu Menurut Kabupaten/Kota (ribu rupiah), 2021–2025","Per Capita GRDP at Current Market Prices by Regency/Municipality, in Bengkulu Province (thousand rupiahss), 2021–2025",7,7,aef54ee4e257
BENGKULU,,Jml Kab./Kota Total of Reg./Mun.,,2023,,46.001,,"PDRB Per Kapita Atas Dasar Harga Berlaku di Provinsi Bengkulu Menurut Kabupaten/Kota (ribu rupiah), 2021–2025","Per Capita GRDP at Current Market Prices by Regency/Municipality, in Bengkulu Province (thousand rupiahss), 2021–2025",7,7,1e505d5476c7
BENGKULU,,Provinsi/Province,,2023,,46.301,,"PDRB Per Kapita Atas Dasar Harga Berlaku di Provinsi Bengkulu Menurut Kabupaten/Kota (ribu rupiah), 2021–2025","Per Capita GRDP at Current Market Prices by Regency/Municipality, in Bengkulu Province (thousand rupiahss), 2021–2025",7,7,26036833a358
LAMPUNG,01,Kab. Lampung Barat,,2023,,28.855,,"PDRB Per Kapita Atas Dasar Harga Berlaku di Provinsi Lampung Menurut Kabupaten/Kota (ribu rupiah), 2021–2025","Per Capita GRDP at Current Market Prices by Regency/Municipality, in Lampung Province (thousand rupiahss), 2021–2025",8,8,46ea6ba2ea40
LAMPUNG,02,Kab. Tanggamus,,2023,,29.595,,"PDRB Per Kapita Atas Dasar Harga Berlaku di Provinsi Lampung Menurut Kabupaten/Kota (ribu rupiah), 2021–2025","Per Capita GRDP at Current Market Prices by Regency/Municipality, in Lampung Province (thousand rupiahss), 2021–2025",8,8,62ae702cb2ec
LAMPUNG,03,Kab. Lampung Selatan,,2023,,50.674,,"PDRB Per Kapita Atas Dasar Harga Berlaku di Provinsi Lampung Menurut Kabupaten/Kota (ribu rupiah), 2021–2025","Per Capita GRDP at Current Market Prices by Regency/Municipality, in Lampung Province (thousand rupiahss), 2021–2025",8,8,ed5072e9f8a4
LAMPUNG,04,Kab. Lampung Timur,,2023,,46.273,,"PDRB Per Kapita Atas Dasar Harga Berlaku di Provinsi Lampung Menurut Kabupaten/Kota (ribu rupiah), 2021–2025","Per Capita GRDP at Current Market Prices by Regency/Municipality, in Lampung Province (thousand rupiahss), 2021–2025",8,8,7d91563567f4
LAMPUNG,05,Kab. Lampung Tengah,,2023,,59.708,,"PDRB Per Kapita Atas Dasar Harga Berlaku di Provinsi Lampung Menurut Kabupaten/Kota (ribu rupiah), 2021–2025","Per Capita GRDP at Current Market Prices by Regency/Municipality, in Lampung Province (thousand rupiahss), 2021–2025",8,8,c49af9606093
LAMPUNG,06,Kab. Lampung Utara,,2023,,44.752,,"PDRB Per Kapita Atas Dasar Harga Berlaku di Provinsi Lampung Menurut Kabupaten/Kota (ribu rupiah), 2021–2025","Per Capita GRDP at Current Market Prices by Regency/Municipality, in Lampung Province (thousand rupiahss), 2021–2025",8,8,ccc6b2cfe062
LAMPUNG,07,Kab. Way Kanan,,2023,,35.886,,"PDRB Per Kapita Atas Dasar Harga Berlaku di Provinsi Lampung Menurut Kabupaten/Kota (ribu rupiah), 2021–2025","Per Capita GRDP at Current Market Prices by Regency/Municipality, in Lampung Province (thousand rupiahss), 2021–2025",8,8,67cd42b7205f
LAMPUNG,08,Kab. Tulang Bawang,,2023,,63.390,,"PDRB Per Kapita Atas Dasar Harga Berlaku di Provinsi Lampung Menurut Kabupaten/Kota (ribu rupiah), 2021–2025","Per Capita GRDP at Current Market Prices by Regency/Municipality, in Lampung Province (thousand rupiahss), 2021–2025",8,8,e24dbf874758
LAMPUNG,09,Kab. Pesawaran,,2023,,40.904,,"PDRB Per Kapita Atas Dasar Harga Berlaku di Provinsi Lampung Menurut Kabupaten/Kota (ribu rupiah), 2021–2025","Per Capita GRDP at Current Market Prices by Regency/Municipality, in Lampung Province (thousand rupiahss), 2021–2025",8,8,0858e4101c06
LAMPUNG,10,Kab. Pringsewu,,2023,,33.389,,"PDRB Per Kapita Atas Dasar Harga Berlaku di Provinsi Lampung Menurut Kabupaten/Kota (ribu rupiah), 2021–2025","Per Capita GRDP at Current Market Prices by Regency/Municipality, in Lampung Province (thousand rupiahss), 2021–2025",8,8,8a119f1dbe16
LAMPUNG,11,Kab. Mesuji,,2023,,54.421,,"PDRB Per Kapita Atas Dasar Harga Berlaku di Provinsi Lampung Menurut Kabupaten/Kota (ribu rupiah), 2021–2025","Per Capita GRDP at Current Market Prices by Regency/Municipality, in Lampung Province (thousand rupiahss), 2021–2025",8,8,029929dea0fc
LAMPUNG,12,Kab. Tulang Bawang Barat,,2023,,48.702,,"PDRB Per Kapita Atas Dasar Harga Berlaku di Provinsi Lampung Menurut Kabupaten/Kota (ribu rupiah), 2021–2025","Per Capita GRDP at Current Market Prices by Regency/Municipality, in Lampung Province (thousand rupiahss), 2021–2025",8,8,d421e15ccaee
LAMPUNG,13,Kab. Pesisir Barat,,2023,,33.783,,"PDRB Per Kapita Atas Dasar Harga Berlaku di Provinsi Lampung Menurut Kabupaten/Kota (ribu rupiah), 2021–2025","Per Capita GRDP at Current Market Prices by Regency/Municipality, in Lampung Province (thousand rupiahss), 2021–2025",8,8,5005e4dba828
LAMPUNG,71,Kota Bandar Lampung,,2023,,61.970,,"PDRB Per Kapita Atas Dasar Harga Berlaku di Provinsi Lampung Menurut Kabupaten/Kota (ribu rupiah), 2021–2025","Per Capita GRDP at Current Market Prices by Regency/Municipality, in Lampung Province (thousand rupiahss), 2021–2025",8,8,706ddd7b1932
LAMPUNG,72,Kota Metro,,2023,,45.237,,"PDRB Per Kapita Atas Dasar Harga Berlaku di Provinsi Lampung Menurut Kabupaten/Kota (ribu rupiah), 2021–2025","Per Capita GRDP at Current Market Prices by Regency/Municipality, in Lampung Province (thousand rupiahss), 2021–2025",8,8,57b63e89a6b7
LAMPUNG,,Jml Kab./Kota Total of Reg./Mun.,,2023,,48.563,,"PDRB Per Kapita Atas Dasar Harga Berlaku di Provinsi Lampung Menurut Kabupaten/Kota (ribu rupiah), 2021–2025","Per Capita GRDP at Current Market Prices by Regency/Municipality, in Lampung Province (thousand rupiahss), 2021–2025",8,8,bcae539d01d4
LAMPUNG,,Provinsi/Province,,2023,,48.188,,"PDRB Per Kapita Atas Dasar Harga Berlaku di Provinsi Lampung Menurut Kabupaten/Kota (ribu rupiah), 2021–2025","Per Capita GRDP at Current Market Prices by Regency/Municipality, in Lampung Province (thousand rupiahss), 2021–2025",8,8,c1a94bef50af
KEPULAUAN BANGKA BELITUNG,01,Kab. Bangka,,2023,,57.065,,"PDRB Per Kapita Atas Dasar Harga Berlaku di Provinsi Kepulauan Bangka Belitung Menurut Kabupaten/Kota (ribu rupiah), 2021–2025","Per Capita GRDP at Current Market Prices by Regency/Municipality, in Kepulauan Bangka Belitung Province (thousand rupiahss), 2021–2025",9,9,448223ea9672
KEPULAUAN BANGKA BELITUNG,02,Kab. Belitung,,2023,,71.365,,"PDRB Per Kapita Atas Dasar Harga Berlaku di Provinsi Kepulauan Bangka Belitung Menurut Kabupaten/Kota (ribu rupiah), 2021–2025","Per Capita GRDP at Current Market Prices by Regency/Municipality, in Kepulauan Bangka Belitung Province (thousand rupiahss), 2021–2025",9,9,9de1aa6584f9
KEPULAUAN BANGKA BELITUNG,03,Kab. Bangka Barat,,2023,,83.190,,"PDRB Per Kapita Atas Dasar Harga Berlaku di Provinsi Kepulauan Bangka Belitung Menurut Kabupaten/Kota (ribu rupiah), 2021–2025","Per Capita GRDP at Current Market Prices by Regency/Municipality, in Kepulauan Bangka Belitung Province (thousand rupiahss), 2021–2025",9,9,a5ad506e9bec
KEPULAUAN BANGKA BELITUNG,04,Kab. Bangka Tengah,,2023,,54.978,,"PDRB Per Kapita Atas Dasar Harga Berlaku di Provinsi Kepulauan Bangka Belitung Menurut Kabupaten/Kota (ribu rupiah), 2021–2025","Per Capita GRDP at Current Market Prices by Regency/Municipality, in Kepulauan Bangka Belitung Province (thousand rupiahss), 2021–2025",9,9,4ee95e676012
KEPULAUAN BANGKA BELITUNG,05,Kab. Bangka Selatan,,2023,,55.005,,"PDRB Per Kapita Atas Dasar Harga Berlaku di Provinsi Kepulauan Bangka Belitung Menurut Kabupaten/Kota (ribu rupiah), 2021–2025","Per Capita GRDP at Current Market Prices by Regency/Municipality, in Kepulauan Bangka Belitung Province (thousand rupiahss), 2021–2025",9,9,c221941b132d
KEPULAUAN BANGKA BELITUNG,06,Kab. Belitung Timur,,2023,,80.364,,"PDRB Per Kapita Atas Dasar Harga Berlaku di Provinsi Kepulauan Bangka Belitung Menurut Kabupaten/Kota (ribu rupiah), 2021–2025","Per Capita GRDP at Current Market Prices by Regency/Municipality, in Kepulauan Bangka Belitung Province (thousand rupiahss), 2021–2025",9,9,57ca3e891779
KEPULAUAN BANGKA BELITUNG,71,Kota Pangkal Pinang,,2023,,82.866,,"PDRB Per Kapita Atas Dasar Harga Berlaku di Provinsi Kepulauan Bangka Belitung Menurut Kabupaten/Kota (ribu rupiah), 2021–2025","Per Capita GRDP at Current Market Prices by Regency/Municipality, in Kepulauan Bangka Belitung Province (thousand rupiahss), 2021–2025",9,9,81a0dc08af4d
KEPULAUAN BANGKA BELITUNG,,Jml Kab./Kota Total of Reg./Mun.,,2023,,67.869,,"PDRB Per Kapita Atas Dasar Harga Berlaku di Provinsi Kepulauan Bangka Belitung Menurut Kabupaten/Kota (ribu rupiah), 2021–2025","Per Capita GRDP at Current Market Prices by Regency/Municipality, in Kepulauan Bangka Belitung Province (thousand rupiahss), 2021–2025",9,9,71c89696b7bc
KEPULAUAN BANGKA BELITUNG,,Provinsi/Province,,2023,,67.813,,"PDRB Per Kapita Atas Dasar Harga Berlaku di Provinsi Kepulauan Bangka Belitung Menurut Kabupaten/Kota (ribu rupiah), 2021–2025","Per Capita GRDP at Current Market Prices by Regency/Municipality, in Kepulauan Bangka Belitung Province (thousand rupiahss), 2021–2025",9,9,cdc48cf00e0b
KEPULAUAN RIAU,01,Kab. Karimun,,2023,,65.299,,"PDRB Per Kapita Atas Dasar Harga Berlaku di Provinsi Kepulauan Riau Menurut Kabupaten/Kota (ribu rupiah), 2021–2025","Per Capita GRDP at Current Market Prices by Regency/Municipality, in Kepulauan Riau Province (thousand rupiahss), 2021–2025",10,10,7323225916b8
KEPULAUAN RIAU,02,Kab. Bintan,,2023,,165.561,,"PDRB Per Kapita Atas Dasar Harga Berlaku di Provinsi Kepulauan Riau Menurut Kabupaten/Kota (ribu rupiah), 2021–2025","Per Capita GRDP at Current Market Prices by Regency/Municipality, in Kepulauan Riau Province (thousand rupiahss), 2021–2025",10,10,813684f4b9cc
KEPULAUAN RIAU,03,Kab. Natuna,,2023,,278.008,,"PDRB Per Kapita Atas Dasar Harga Berlaku di Provinsi Kepulauan Riau Menurut Kabupaten/Kota (ribu rupiah), 2021–2025","Per Capita GRDP at Current Market Prices by Regency/Municipality, in Kepulauan Riau Province (thousand rupiahss), 2021–2025",10,10,3bbbc31d3c15
KEPULAUAN RIAU,04,Kab. Lingga,,2023,,51.964,,"PDRB Per Kapita Atas Dasar Harga Berlaku di Provinsi Kepulauan Riau Menurut Kabupaten/Kota (ribu rupiah), 2021–2025","Per Capita GRDP at Current Market Prices by Regency/Municipality, in Kepulauan Riau Province (thousand rupiahss), 2021–2025",10,10,258c7c84616c
KEPULAUAN RIAU,05,Kab. Kep. Anambas,,2023,,391.952,,"PDRB Per Kapita Atas Dasar Harga Berlaku di Provinsi Kepulauan Riau Menurut Kabupaten/Kota (ribu rupiah), 2021–2025","Per Capita GRDP at Current Market Prices by Regency/Municipality, in Kepulauan Riau Province (thousand rupiahss), 2021–2025",10,10,7a7f81679e4a
KEPULAUAN RIAU,71,Kota Batam,,2023,,171.968,,"PDRB Per Kapita Atas Dasar Harga Berlaku di Provinsi Kepulauan Riau Menurut Kabupaten/Kota (ribu rupiah), 2021–2025","Per Capita GRDP at Current Market Prices by Regency/Municipality, in Kepulauan Riau Province (thousand rupiahss), 2021–2025",10,10,4f50895ca6cf
KEPULAUAN RIAU,72,Kota Tanjung Pinang,,2023,,100.210,,"PDRB Per Kapita Atas Dasar Harga Berlaku di Provinsi Kepulauan Riau Menurut Kabupaten/Kota (ribu rupiah), 2021–2025","Per Capita GRDP at Current Market Prices by Regency/Municipality, in Kepulauan Riau Province (thousand rupiahss), 2021–2025",10,10,c4aad66b0d6b
KEPULAUAN RIAU,,Jml Kab./Kota Total of Reg./Mun.,,2023,,154.283,,"PDRB Per Kapita Atas Dasar Harga Berlaku di Provinsi Kepulauan Riau Menurut Kabupaten/Kota (ribu rupiah), 2021–2025","Per Capita GRDP at Current Market Prices by Regency/Municipality, in Kepulauan Riau Province (thousand rupiahss), 2021–2025",10,10,a50e389d2af7
KEPULAUAN RIAU,,Provinsi/Province,,2023,,154.065,,"PDRB Per Kapita Atas Dasar Harga Berlaku di Provinsi Kepulauan Riau Menurut Kabupaten/Kota (ribu rupiah), 2021–2025","Per Capita GRDP at Current Market Prices by Regency/Municipality, in Kepulauan Riau Province (thousand rupiahss), 2021–2025",10,10,874240deae90
ACEH,01,Kab. Simeulue,,2024,*,31.944,,"PDRB Per Kapita Atas Dasar Harga Berlaku di Provinsi Aceh Menurut Kabupaten/Kota (miliar rupiah), 2021–2025","Per Capita GRDP at Current Market Prices by Regency/Municipality, in Aceh Province (thousand rupiahss), 2021–2025",1,1,2d8ee6420f94
ACEH,02,Kab. Aceh Singkil,,2024,*,25.361,,"PDRB Per Kapita Atas Dasar Harga Berlaku di Provinsi Aceh Menurut Kabupaten/Kota (miliar rupiah), 2021–2025","Per Capita GRDP at Current Market Prices by Regency/Municipality, in Aceh Province (thousand rupiahss), 2021–2025",1,1,143888712a0d
ACEH,03,Kab. Aceh Selatan,,2024,*,30.853,,"PDRB Per Kapita Atas Dasar Harga Berlaku di Provinsi Aceh Menurut Kabupaten/Kota (miliar rupiah), 2021–2025","Per Capita GRDP at Current Market Prices by Regency/Municipality, in Aceh Province (thousand rupiahss), 2021–2025",1,1,8c6c3afa1524
ACEH,04,Kab. Aceh Tenggara,,2024,*,28.742,,"PDRB Per Kapita Atas Dasar Harga Berlaku di Provinsi Aceh Menurut Kabupaten/Kota (miliar rupiah), 2021–2025","Per Capita GRDP at Current Market Prices by Regency/Municipality, in Aceh Province (thousand rupiahss), 2021–2025",1,1,7b73df6a6a67
ACEH,05,Kab. Aceh Timur,,2024,*,33.666,,"PDRB Per Kapita Atas Dasar Harga Berlaku di Provinsi Aceh Menurut Kabupaten/Kota (miliar rupiah), 2021–2025","Per Capita GRDP at Current Market Prices by Regency/Municipality, in Aceh Province (thousand rupiahss), 2021–2025",1,1,ece7d425d57c
ACEH,06,Kab. Aceh Tengah,,2024,*,47.284,,"PDRB Per Kapita Atas Dasar Harga Berlaku di Provinsi Aceh Menurut Kabupaten/Kota (miliar rupiah), 2021–2025","Per Capita GRDP at Current Market Prices by Regency/Municipality, in Aceh Province (thousand rupiahss), 2021–2025",1,1,157692e85873
ACEH,07,Kab. Aceh Barat,,2024,*,67.938,,"PDRB Per Kapita Atas Dasar Harga Berlaku di Provinsi Aceh Menurut Kabupaten/Kota (miliar rupiah), 2021–2025","Per Capita GRDP at Current Market Prices by Regency/Municipality, in Aceh Province (thousand rupiahss), 2021–2025",1,1,52a967546371
ACEH,08,Kab. Aceh Besar,,2024,*,42.993,,"PDRB Per Kapita Atas Dasar Harga Berlaku di Provinsi Aceh Menurut Kabupaten/Kota (miliar rupiah), 2021–2025","Per Capita GRDP at Current Market Prices by Regency/Municipality, in Aceh Province (thousand rupiahss), 2021–2025",1,1,11f3c2116e47
ACEH,09,Kab. Pidie,,2024,*,32.150,,"PDRB Per Kapita Atas Dasar Harga Berlaku di Provinsi Aceh Menurut Kabupaten/Kota (miliar rupiah), 2021–2025","Per Capita GRDP at Current Market Prices by Regency/Municipality, in Aceh Province (thousand rupiahss), 2021–2025",1,1,7e8d74310f95
ACEH,10,Kab. Bireun,,2024,*,40.039,,"PDRB Per Kapita Atas Dasar Harga Berlaku di Provinsi Aceh Menurut Kabupaten/Kota (miliar rupiah), 2021–2025","Per Capita GRDP at Current Market Prices by Regency/Municipality, in Aceh Province (thousand rupiahss), 2021–2025",1,1,09e6f9ed3a3f
ACEH,11,Kab. Aceh Utara,,2024,*,47.628,,"PDRB Per Kapita Atas Dasar Harga Berlaku di Provinsi Aceh Menurut Kabupaten/Kota (miliar rupiah), 2021–2025","Per Capita GRDP at Current Market Prices by Regency/Municipality, in Aceh Province (thousand rupiahss), 2021–2025",1,1,3d05a39551a0
ACEH,12,Kab. Aceh Barat Daya,,2024,*,33.721,,"PDRB Per Kapita Atas Dasar Harga Berlaku di Provinsi Aceh Menurut Kabupaten/Kota (miliar rupiah), 2021–2025","Per Capita GRDP at Current Market Prices by Regency/Municipality, in Aceh Province (thousand rupiahss), 2021–2025",1,1,509becfe34fc
ACEH,13,Kab. Gayo Lues,,2024,*,33.552,,"PDRB Per Kapita Atas Dasar Harga Berlaku di Provinsi Aceh Menurut Kabupaten/Kota (miliar rupiah), 2021–2025","Per Capita GRDP at Current Market Prices by Regency/Municipality, in Aceh Province (thousand rupiahss), 2021–2025",1,1,b34fe6ed8e29
ACEH,14,Kab. Aceh Tamiang,,2024,*,37.412,,"PDRB Per Kapita Atas Dasar Harga Berlaku di Provinsi Aceh Menurut Kabupaten/Kota (miliar rupiah), 2021–2025","Per Capita GRDP at Current Market Prices by Regency/Municipality, in Aceh Province (thousand rupiahss), 2021–2025",1,1,9f8a7d4517cf
ACEH,15,Kab. Nagan Raya,,2024,*,70.463,,"PDRB Per Kapita Atas Dasar Harga Berlaku di Provinsi Aceh Menurut Kabupaten/Kota (miliar rupiah), 2021–2025","Per Capita GRDP at Current Market Prices by Regency/Municipality, in Aceh Province (thousand rupiahss), 2021–2025",1,1,5c3c3617231d
ACEH,16,Kab. Aceh Jaya,,2024,*,36.357,,"PDRB Per Kapita Atas Dasar Harga Berlaku di Provinsi Aceh Menurut Kabupaten/Kota (miliar rupiah), 2021–2025","Per Capita GRDP at Current Market Prices by Regency/Municipality, in Aceh Province (thousand rupiahss), 2021–2025",1,1,fffc95f1dbd8
ACEH,17,Kab. Bener Meriah,,2024,*,37.903,,"PDRB Per Kapita Atas Dasar Harga Berlaku di Provinsi Aceh Menurut Kabupaten/Kota (miliar rupiah), 2021–2025","Per Capita GRDP at Current Market Prices by Regency/Municipality, in Aceh Province (thousand rupiahss), 2021–2025",1,1,6df3e9f1505a
ACEH,18,Kab. Pidie Jaya,,2024,*,28.383,,"PDRB Per Kapita Atas Dasar Harga Berlaku di Provinsi Aceh Menurut Kabupaten/Kota (miliar rupiah), 2021–2025","Per Capita GRDP at Current Market Prices by Regency/Municipality, in Aceh Province (thousand rupiahss), 2021–2025",1,1,3dc3134a3337
ACEH,71,Kota Banda Aceh,,2024,*,98.201,,"PDRB Per Kapita Atas Dasar Harga Berlaku di Provinsi Aceh Menurut Kabupaten/Kota (miliar rupiah), 2021–2025","Per Capita GRDP at Current Market Prices by Regency/Municipality, in Aceh Province (thousand rupiahss), 2021–2025",1,1,4283f398fb12
ACEH,72,Kota Sabang,,2024,*,42.813,,"PDRB Per Kapita Atas Dasar Harga Berlaku di Provinsi Aceh Menurut Kabupaten/Kota (miliar rupiah), 2021–2025","Per Capita GRDP at Current Market Prices by Regency/Municipality, in Aceh Province (thousand rupiahss), 2021–2025",1,1,b15acbde3845
ACEH,73,Kota Langsa,,2024,*,37.006,,"PDRB Per Kapita Atas Dasar Harga Berlaku di Provinsi Aceh Menurut Kabupaten/Kota (miliar rupiah), 2021–2025","Per Capita GRDP at Current Market Prices by Regency/Municipality, in Aceh Province (thousand rupiahss), 2021–2025",1,1,13d4fe3909b1
ACEH,74,Kota Lhokseumawe,,2024,*,59.122,,"PDRB Per Kapita Atas Dasar Harga Berlaku di Provinsi Aceh Menurut Kabupaten/Kota (miliar rupiah), 2021–2025","Per Capita GRDP at Current Market Prices by Regency/Municipality, in Aceh Province (thousand rupiahss), 2021–2025",1,1,c3057cf83edc
ACEH,75,Kota Subulussalam,,2024,*,27.880,,"PDRB Per Kapita Atas Dasar Harga Berlaku di Provinsi Aceh Menurut Kabupaten/Kota (miliar rupiah), 2021–2025","Per Capita GRDP at Current Market Prices by Regency/Municipality, in Aceh Province (thousand rupiahss), 2021–2025",1,1,e6fc749f87c3
ACEH,,Jml Kab./Kota Total of Reg./Mun.,,2024,*,43.127,,"PDRB Per Kapita Atas Dasar Harga Berlaku di Provinsi Aceh Menurut Kabupaten/Kota (miliar rupiah), 2021–2025","Per Capita GRDP at Current Market Prices by Regency/Municipality, in Aceh Province (thousand rupiahss), 2021–2025",1,1,13b78b2f2f61
ACEH,,Provinsi/Province,,2024,*,43.782,,"PDRB Per Kapita Atas Dasar Harga Berlaku di Provinsi Aceh Menurut Kabupaten/Kota (miliar rupiah), 2021–2025","Per Capita GRDP at Current Market Prices by Regency/Municipality, in Aceh Province (thousand rupiahss), 2021–2025",1,1,da4053df27c0
SUMATERA UTARA,01,Kab. Nias,,2024,*,34.085,,"PDRB Per Kapita Atas Dasar Harga Berlaku di Provinsi Sumatera Utara Menurut Kabupaten/Kota (ribu rupiah), 2021–2025","Per Capita GRDP at Current Market Prices by Regency/Municipality, in Sumatera Utara Province (thousand rupiahss), 2021–2025",2,2,80c2b5a7288a
SUMATERA UTARA,02,Kab. Mandailing Natal,,2024,*,40.129,,"PDRB Per Kapita Atas Dasar Harga Berlaku di Provinsi Sumatera Utara Menurut Kabupaten/Kota (ribu rupiah), 2021–2025","Per Capita GRDP at Current Market Prices by Regency/Municipality, in Sumatera Utara Province (thousand rupiahss), 2021–2025",2,2,10561e0b113a
SUMATERA UTARA,03,Kab. Tapanuli Selatan,,2024,*,67.227,,"PDRB Per Kapita Atas Dasar Harga Berlaku di Provinsi Sumatera Utara Menurut Kabupaten/Kota (ribu rupiah), 2021–2025","Per Capita GRDP at Current Market Prices by Regency/Municipality, in Sumatera Utara Province (thousand rupiahss), 2021–2025",2,2,162eb57b88cb
SUMATERA UTARA,04,Kab. Tapanuli Tengah,,2024,*,34.619,,"PDRB Per Kapita Atas Dasar Harga Berlaku di Provinsi Sumatera Utara Menurut Kabupaten/Kota (ribu rupiah), 2021–2025","Per Capita GRDP at Current Market Prices by Regency/Municipality, in Sumatera Utara Province (thousand rupiahss), 2021–2025",2,2,ae7909359a9a
SUMATERA UTARA,05,Kab. Tapanuli Utara,,2024,*,34.494,,"PDRB Per Kapita Atas Dasar Harga Berlaku di Provinsi Sumatera Utara Menurut Kabupaten/Kota (ribu rupiah), 2021–2025","Per Capita GRDP at Current Market Prices by Regency/Municipality, in Sumatera Utara Province (thousand rupiahss), 2021–2025",2,2,4ba1eebedba5
SUMATERA UTARA,06,Kab. Toba Samosir,,2024,*,47.455,,"PDRB Per Kapita Atas Dasar Harga Berlaku di Provinsi Sumatera Utara Menurut Kabupaten/Kota (ribu rupiah), 2021–2025","Per Capita GRDP at Current Market Prices by Regency/Municipality, in Sumatera Utara Province (thousand rupiahss), 2021–2025",2,2,5fd90492aa5c
SUMATERA UTARA,07,Kab. Labuhan Batu,,2024,*,97.593,,"PDRB Per Kapita Atas Dasar Harga Berlaku di Provinsi Sumatera Utara Menurut Kabupaten/Kota (ribu rupiah), 2021–2025","Per Capita GRDP at Current Market Prices by Regency/Municipality, in Sumatera Utara Province (thousand rupiahss), 2021–2025",2,2,dead2ae4476f
SUMATERA UTARA,08,Kab. Asahan,,2024,*,70.611,,"PDRB Per Kapita Atas Dasar Harga Berlaku di Provinsi Sumatera Utara Menurut Kabupaten/Kota (ribu rupiah), 2021–2025","Per Capita GRDP at Current Market Prices by Regency/Municipality, in Sumatera Utara Province (thousand rupiahss), 2021–2025",2,2,adbf5ff81cdb
SUMATERA UTARA,09,Kab. Simalungun,,2024,*,56.003,,"PDRB Per Kapita Atas Dasar Harga Berlaku di Provinsi Sumatera Utara Menurut Kabupaten/Kota (ribu rupiah), 2021–2025","Per Capita GRDP at Current Market Prices by Regency/Municipality, in Sumatera Utara Province (thousand rupiahss), 2021–2025",2,2,8b2f8b1c1245
SUMATERA UTARA,10,Kab. Dairi,,2024,*,38.398,,"PDRB Per Kapita Atas Dasar Harga Berlaku di Provinsi Sumatera Utara Menurut Kabupaten/Kota (ribu rupiah), 2021–2025","Per Capita GRDP at Current Market Prices by Regency/Municipality, in Sumatera Utara Province (thousand rupiahss), 2021–2025",2,2,b4102a7da3ec
SUMATERA UTARA,11,Kab. Karo,,2024,*,67.690,,"PDRB Per Kapita Atas Dasar Harga Berlaku di Provinsi Sumatera Utara Menurut Kabupaten/Kota (ribu rupiah), 2021–2025","Per Capita GRDP at Current Market Prices by Regency/Municipality, in Sumatera Utara Province (thousand rupiahss), 2021–2025",2,2,7d2febd4b636
SUMATERA UTARA,12,Kab. Deli Serdang,,2024,*,73.934,,"PDRB Per Kapita Atas Dasar Harga Berlaku di Provinsi Sumatera Utara Menurut Kabupaten/Kota (ribu rupiah), 2021–2025","Per Capita GRDP at Current Market Prices by Regency/Municipality, in Sumatera Utara Province (thousand rupiahss), 2021–2025",2,2,7050f35cdc87
SUMATERA UTARA,13,Kab. Langkat,,2024,*,57.859,,"PDRB Per Kapita Atas Dasar Harga Berlaku di Provinsi Sumatera Utara Menurut Kabupaten/Kota (ribu rupiah), 2021–2025","Per Capita GRDP at Current Market Prices by Regency/Municipality, in Sumatera Utara Province (thousand rupiahss), 2021–2025",2,2,edb7b60e4ef9
SUMATERA UTARA,14,Kab. Nias Selatan,,2024,*,23.409,,"PDRB Per Kapita Atas Dasar Harga Berlaku di Provinsi Sumatera Utara Menurut Kabupaten/Kota (ribu rupiah), 2021–2025","Per Capita GRDP at Current Market Prices by Regency/Municipality, in Sumatera Utara Province (thousand rupiahss), 2021–2025",2,2,cd797658a47d
SUMATERA UTARA,15,Kab. Humbang Hasundutan,,2024,*,39.949,,"PDRB Per Kapita Atas Dasar Harga Berlaku di Provinsi Sumatera Utara Menurut Kabupaten/Kota (ribu rupiah), 2021–2025","Per Capita GRDP at Current Market Prices by Regency/Municipality, in Sumatera Utara Province (thousand rupiahss), 2021–2025",2,2,3b7667612580
SUMATERA UTARA,16,Kab. Pakpak Bharat,,2024,*,30.576,,"PDRB Per Kapita Atas Dasar Harga Berlaku di Provinsi Sumatera Utara Menurut Kabupaten/Kota (ribu rupiah), 2021–2025","Per Capita GRDP at Current Market Prices by Regency/Municipality, in Sumatera Utara Province (thousand rupiahss), 2021–2025",2,2,892dfca3d8fa
SUMATERA UTARA,17,Kab. Samosir,,2024,*,42.639,,"PDRB Per Kapita Atas Dasar Harga Berlaku di Provinsi Sumatera Utara Menurut Kabupaten/Kota (ribu rupiah), 2021–2025","Per Capita GRDP at Current Market Prices by Regency/Municipality, in Sumatera Utara Province (thousand rupiahss), 2021–2025",2,2,aece6622f982
SUMATERA UTARA,18,Kab. Serdang Bedagai,,2024,*,60.743,,"PDRB Per Kapita Atas Dasar Harga Berlaku di Provinsi Sumatera Utara Menurut Kabupaten/Kota (ribu rupiah), 2021–2025","Per Capita GRDP at Current Market Prices by Regency/Municipality, in Sumatera Utara Province (thousand rupiahss), 2021–2025",2,2,1eb160ff77ce
SUMATERA UTARA,19,Kab. Batu Bara,,2024,*,108.189,,"PDRB Per Kapita Atas Dasar Harga Berlaku di Provinsi Sumatera Utara Menurut Kabupaten/Kota (ribu rupiah), 2021–2025","Per Capita GRDP at Current Market Prices by Regency/Municipality, in Sumatera Utara Province (thousand rupiahss), 2021–2025",2,2,348ada817234
SUMATERA UTARA,20,Kab. Padang Lawas Utara,,2024,*,63.548,,"PDRB Per Kapita Atas Dasar Harga Berlaku di Provinsi Sumatera Utara Menurut Kabupaten/Kota (ribu rupiah), 2021–2025","Per Capita GRDP at Current Market Prices by Regency/Municipality, in Sumatera Utara Province (thousand rupiahss), 2021–2025",2,2,f742ad957007
SUMATERA UTARA,21,Kab. Padang Lawas,,2024,*,65.288,,"PDRB Per Kapita Atas Dasar Harga Berlaku di Provinsi Sumatera Utara Menurut Kabupaten/Kota (ribu rupiah), 2021–2025","Per Capita GRDP at Current Market Prices by Regency/Municipality, in Sumatera Utara Province (thousand rupiahss), 2021–2025",2,2,d73714d0254b
SUMATERA UTARA,22,Kab. Labuhan Batu Selatan,,2024,*,124.517,,"PDRB Per Kapita Atas Dasar Harga Berlaku di Provinsi Sumatera Utara Menurut Kabupaten/Kota (ribu rupiah), 2021–2025","Per Capita GRDP at Current Market Prices by Regency/Municipality, in Sumatera Utara Province (thousand rupiahss), 2021–2025",2,2,758996b877e9
SUMATERA UTARA,23,Kab. Labuhan Batu Utara,,2024,*,89.497,,"PDRB Per Kapita Atas Dasar Harga Berlaku di Provinsi Sumatera Utara Menurut Kabupaten/Kota (ribu rupiah), 2021–2025","Per Capita GRDP at Current Market Prices by Regency/Municipality, in Sumatera Utara Province (thousand rupiahss), 2021–2025",2,2,3eba6125fdcd
SUMATERA UTARA,24,Kab. Nias Utara,,2024,*,30.190,,"PDRB Per Kapita Atas Dasar Harga Berlaku di Provinsi Sumatera Utara Menurut Kabupaten/Kota (ribu rupiah), 2021–2025","Per Capita GRDP at Current Market Prices by Regency/Municipality, in Sumatera Utara Province (thousand rupiahss), 2021–2025",2,2,487825ab99c1
SUMATERA UTARA,25,Kab. Nias Barat,,2024,*,26.031,,"PDRB Per Kapita Atas Dasar Harga Berlaku di Provinsi Sumatera Utara Menurut Kabupaten/Kota (ribu rupiah), 2021–2025","Per Capita GRDP at Current Market Prices by Regency/Municipality, in Sumatera Utara Province (thousand rupiahss), 2021–2025",2,2,28ead15430d4
SUMATERA UTARA,71,Kota Sibolga,,2024,*,78.494,,"PDRB Per Kapita Atas Dasar Harga Berlaku di Provinsi Sumatera Utara Menurut Kabupaten/Kota (ribu rupiah), 2021–2025","Per Capita GRDP at Current Market Prices by Regency/Municipality, in Sumatera Utara Province (thousand rupiahss), 2021–2025",2,2,160fd3d08b7f
SUMATERA UTARA,72,Kota Tanjung Balai,,2024,*,65.758,,"PDRB Per Kapita Atas Dasar Harga Berlaku di Provinsi Sumatera Utara Menurut Kabupaten/Kota (ribu rupiah), 2021–2025","Per Capita GRDP at Current Market Prices by Regency/Municipality, in Sumatera Utara Province (thousand rupiahss), 2021–2025",2,2,3cdc258a6c71
SUMATERA UTARA,73,Kota Pematang Siantar,,2024,*,62.629,,"PDRB Per Kapita Atas Dasar Harga Berlaku di Provinsi Sumatera Utara Menurut Kabupaten/Kota (ribu rupiah), 2021–2025","Per Capita GRDP at Current Market Prices by Regency/Municipality, in Sumatera Utara Province (thousand rupiahss), 2021–2025",2,2,14d0dd5208b2
SUMATERA UTARA,74,Kota Tebing Tinggi,,2024,*,43.514,,"PDRB Per Kapita Atas Dasar Harga Berlaku di Provinsi Sumatera Utara Menurut Kabupaten/Kota (ribu rupiah), 2021–2025","Per Capita GRDP at Current Market Prices by Regency/Municipality, in Sumatera Utara Province (thousand rupiahss), 2021–2025",2,2,3ea49fe01847
SUMATERA UTARA,75,Kota Medan,,2024,*,132.571,,"PDRB Per Kapita Atas Dasar Harga Berlaku di Provinsi Sumatera Utara Menurut Kabupaten/Kota (ribu rupiah), 2021–2025","Per Capita GRDP at Current Market Prices by Regency/Municipality, in Sumatera Utara Province (thousand rupiahss), 2021–2025",2,2,4d5b2c865bff
SUMATERA UTARA,76,Kota Binjai,,2024,*,50.750,,"PDRB Per Kapita Atas Dasar Harga Berlaku di Provinsi Sumatera Utara Menurut Kabupaten/Kota (ribu rupiah), 2021–2025","Per Capita GRDP at Current Market Prices by Regency/Municipality, in Sumatera Utara Province (thousand rupiahss), 2021–2025",2,2,326eac17f473
SUMATERA UTARA,77,Kota Padang Sidempuan,,2024,*,35.727,,"PDRB Per Kapita Atas Dasar Harga Berlaku di Provinsi Sumatera Utara Menurut Kabupaten/Kota (ribu rupiah), 2021–2025","Per Capita GRDP at Current Market Prices by Regency/Municipality, in Sumatera Utara Province (thousand rupiahss), 2021–2025",2,2,8270e469d4e8
SUMATERA UTARA,78,Kota Gunungsitoli,,2024,*,50.415,,"PDRB Per Kapita Atas Dasar Harga Berlaku di Provinsi Sumatera Utara Menurut Kabupaten/Kota (ribu rupiah), 2021–2025","Per Capita GRDP at Current Market Prices by Regency/Municipality, in Sumatera Utara Province (thousand rupiahss), 2021–2025",2,2,d8c8d5c9a671
SUMATERA UTARA,,Jml Kab./Kota Total of Reg./Mun.,,2024,*,73.576,,"PDRB Per Kapita Atas Dasar Harga Berlaku di Provinsi Sumatera Utara Menurut Kabupaten/Kota (ribu rupiah), 2021–2025","Per Capita GRDP at Current Market Prices by Regency/Municipality, in Sumatera Utara Province (thousand rupiahss), 2021–2025",2,2,86893182eca3
SUMATERA UTARA,,Provinsi/Province,,2024,*,73.575,,"PDRB Per Kapita Atas Dasar Harga Berlaku di Provinsi Sumatera Utara Menurut Kabupaten/Kota (ribu rupiah), 2021–2025","Per Capita GRDP at Current Market Prices by Regency/Municipality, in Sumatera Utara Province (thousand rupiahss), 2021–2025",2,2,40dcb302cf96
SUMATERA BARAT,01,Kab. Kepulauan Mentawai,,2024,*,67.574,,"PDRB Per Kapita Atas Dasar Harga Berlaku di Provinsi Sumatera Barat Menurut Kabupaten/Kota (ribu rupiah), 2021–2025","Per Capita GRDP at Current Market Prices by Regency/Municipality, in Sumatera Barat Province (thousand rupiahss), 2021–2025",3,3,1d93f44b3eaf
SUMATERA BARAT,02,Kab. Pesisir Selatan,,2024,*,35.865,,"PDRB Per Kapita Atas Dasar Harga Berlaku di Provinsi Sumatera Barat Menurut Kabupaten/Kota (ribu rupiah), 2021–2025","Per Capita GRDP at Current Market Prices by Regency/Municipality, in Sumatera Barat Province (thousand rupiahss), 2021–2025",3,3,281694424d8c
SUMATERA BARAT,03,Kab. Solok,,2024,*,44.727,,"PDRB Per Kapita Atas Dasar Harga Berlaku di Provinsi Sumatera Barat Menurut Kabupaten/Kota (ribu rupiah), 2021–2025","Per Capita GRDP at Current Market Prices by Regency/Municipality, in Sumatera Barat Province (thousand rupiahss), 2021–2025",3,3,486bff1fb7f9
SUMATERA BARAT,04,Kab. Sijunjung,,2024,*,50.993,,"PDRB Per Kapita Atas Dasar Harga Berlaku di Provinsi Sumatera Barat Menurut Kabupaten/Kota (ribu rupiah), 2021–2025","Per Capita GRDP at Current Market Prices by Regency/Municipality, in Sumatera Barat Province (thousand rupiahss), 2021–2025",3,3,0cf9217d737f
SUMATERA BARAT,05,Kab. Tanah Datar,,2024,*,45.268,,"PDRB Per Kapita Atas Dasar Harga Berlaku di Provinsi Sumatera Barat Menurut Kabupaten/Kota (ribu rupiah), 2021–2025","Per Capita GRDP at Current Market Prices by Regency/Municipality, in Sumatera Barat Province (thousand rupiahss), 2021–2025",3,3,33c29034dc8d
SUMATERA BARAT,06,Kab. Padang Pariaman,,2024,*,58.687,,"PDRB Per Kapita Atas Dasar Harga Berlaku di Provinsi Sumatera Barat Menurut Kabupaten/Kota (ribu rupiah), 2021–2025","Per Capita GRDP at Current Market Prices by Regency/Municipality, in Sumatera Barat Province (thousand rupiahss), 2021–2025",3,3,59bbbfc324f4
SUMATERA BARAT,07,Kab. Agam,,2024,*,49.994,,"PDRB Per Kapita Atas Dasar Harga Berlaku di Provinsi Sumatera Barat Menurut Kabupaten/Kota (ribu rupiah), 2021–2025","Per Capita GRDP at Current Market Prices by Regency/Municipality, in Sumatera Barat Province (thousand rupiahss), 2021–2025",3,3,e23d0e0b210c
SUMATERA BARAT,08,Kab. Lima Puluh Kota,,2024,*,52.107,,"PDRB Per Kapita Atas Dasar Harga Berlaku di Provinsi Sumatera Barat Menurut Kabupaten/Kota (ribu rupiah), 2021–2025","Per Capita GRDP at Current Market Prices by Regency/Municipality, in Sumatera Barat Province (thousand rupiahss), 2021–2025",3,3,f6981156ac8f
SUMATERA BARAT,09,Kab. Pasaman,,2024,*,38.136,,"PDRB Per Kapita Atas Dasar Harga Berlaku di Provinsi Sumatera Barat Menurut Kabupaten/Kota (ribu rupiah), 2021–2025","Per Capita GRDP at Current Market Prices by Regency/Municipality, in Sumatera Barat Province (thousand rupiahss), 2021–2025",3,3,c2745318fd87
SUMATERA BARAT,10,Kab. Solok Selatan,,2024,*,39.130,,"PDRB Per Kapita Atas Dasar Harga Berlaku di Provinsi Sumatera Barat Menurut Kabupaten/Kota (ribu rupiah), 2021–2025","Per Capita GRDP at Current Market Prices by Regency/Municipality, in Sumatera Barat Province (thousand rupiahss), 2021–2025",3,3,2e8891f84dff
SUMATERA BARAT,11,Kab. Dharmasraya,,2024,*,58.908,,"PDRB Per Kapita Atas Dasar Harga Berlaku di Provinsi Sumatera Barat Menurut Kabupaten/Kota (ribu rupiah), 2021–2025","Per Capita GRDP at Current Market Prices by Regency/Municipality, in Sumatera Barat Province (thousand rupiahss), 2021–2025",3,3,abf2d7896d93
SUMATERA BARAT,12,Kab. Pasaman Barat,,2024,*,46.114,,"PDRB Per Kapita Atas Dasar Harga Berlaku di Provinsi Sumatera Barat Menurut Kabupaten/Kota (ribu rupiah), 2021–2025","Per Capita GRDP at Current Market Prices by Regency/Municipality, in Sumatera Barat Province (thousand rupiahss), 2021–2025",3,3,20a8cc4c5aab
SUMATERA BARAT,71,Kota Padang,,2024,*,88.030,,"PDRB Per Kapita Atas Dasar Harga Berlaku di Provinsi Sumatera Barat Menurut Kabupaten/Kota (ribu rupiah), 2021–2025","Per Capita GRDP at Current Market Prices by Regency/Municipality, in Sumatera Barat Province (thousand rupiahss), 2021–2025",3,3,8cddbbfe3531
SUMATERA BARAT,72,Kota Solok,,2024,*,70.365,,"PDRB Per Kapita Atas Dasar Harga Berlaku di Provinsi Sumatera Barat Menurut Kabupaten/Kota (ribu rupiah), 2021–2025","Per Capita GRDP at Current Market Prices by Regency/Municipality, in Sumatera Barat Province (thousand rupiahss), 2021–2025",3,3,606b5d67f5fd
SUMATERA BARAT,73,Kota Sawah Lunto,,2024,*,74.768,,"PDRB Per Kapita Atas Dasar Harga Berlaku di Provinsi Sumatera Barat Menurut Kabupaten/Kota (ribu rupiah), 2021–2025","Per Capita GRDP at Current Market Prices by Regency/Municipality, in Sumatera Barat Province (thousand rupiahss), 2021–2025",3,3,ef087fe993ac
SUMATERA BARAT,74,Kota Padang Panjang,,2024,*,81.129,,"PDRB Per Kapita Atas Dasar Harga Berlaku di Provinsi Sumatera Barat Menurut Kabupaten/Kota (ribu rupiah), 2021–2025","Per Capita GRDP at Current Market Prices by Regency/Municipality, in Sumatera Barat Province (thousand rupiahss), 2021–2025",3,3,dc9296c0ebb1
SUMATERA BARAT,75,Kota Bukittinggi,,2024,*,94.538,,"PDRB Per Kapita Atas Dasar Harga Berlaku di Provinsi Sumatera Barat Menurut Kabupaten/Kota (ribu rupiah), 2021–2025","Per Capita GRDP at Current Market Prices by Regency/Municipality, in Sumatera Barat Province (thousand rupiahss), 2021–2025",3,3,2d56e874d174
SUMATERA BARAT,76,Kota Payakumbuh,,2024,*,63.820,,"PDRB Per Kapita Atas Dasar Harga Berlaku di Provinsi Sumatera Barat Menurut Kabupaten/Kota (ribu rupiah), 2021–2025","Per Capita GRDP at Current Market Prices by Regency/Municipality, in Sumatera Barat Province (thousand rupiahss), 2021–2025",3,3,8abcfa20c6d8
SUMATERA BARAT,77,Kota Pariaman,,2024,*,69.308,,"PDRB Per Kapita Atas Dasar Harga Berlaku di Provinsi Sumatera Barat Menurut Kabupaten/Kota (ribu rupiah), 2021–2025","Per Capita GRDP at Current Market Prices by Regency/Municipality, in Sumatera Barat Province (thousand rupiahss), 2021–2025",3,3,7112a1cfc60c
SUMATERA BARAT,,Jml Kab./Kota Total of Reg./Mun.,,2024,*,56.962,,"PDRB Per Kapita Atas Dasar Harga Berlaku di Provinsi Sumatera Barat Menurut Kabupaten/Kota (ribu rupiah), 2021–2025","Per Capita GRDP at Current Market Prices by Regency/Municipality, in Sumatera Barat Province (thousand rupiahss), 2021–2025",3,3,2f854abbb4d8
SUMATERA BARAT,,Provinsi/Province,,2024,*,57.083,,"PDRB Per Kapita Atas Dasar Harga Berlaku di Provinsi Sumatera Barat Menurut Kabupaten/Kota (ribu rupiah), 2021–2025","Per Capita GRDP at Current Market Prices by Regency/Municipality, in Sumatera Barat Province (thousand rupiahss), 2021–2025",3,3,8bfdbd88b6d5
RIAU,01,Kab. Kuantan Singingi,,2024,*,148.878,,"PDRB Per Kapita Atas Dasar Harga Berlaku di Provinsi Riau Menurut Kabupaten/Kota (ribu rupiah), 2021–2025","Per Capita GRDP at Current Market Prices by Regency/Municipality, in Riau Province (thousand rupiahss), 2021–2025",4,4,26bc3e00f445
RIAU,02,Kab.indragiri Hulu,,2024,*,129.125,,"PDRB Per Kapita Atas Dasar Harga Berlaku di Provinsi Riau Menurut Kabupaten/Kota (ribu rupiah), 2021–2025","Per Capita GRDP at Current Market Prices by Regency/Municipality, in Riau Province (thousand rupiahss), 2021–2025",4,4,5f5aea990d35
RIAU,03,Kab.indragiri Hilir,,2024,*,138.693,,"PDRB Per Kapita Atas Dasar Harga Berlaku di Provinsi Riau Menurut Kabupaten/Kota (ribu rupiah), 2021–2025","Per Capita GRDP at Current Market Prices by Regency/Municipality, in Riau Province (thousand rupiahss), 2021–2025",4,4,01359adc6c0d
RIAU,04,Kab. Pelalawan,,2024,*,187.221,,"PDRB Per Kapita Atas Dasar Harga Berlaku di Provinsi Riau Menurut Kabupaten/Kota (ribu rupiah), 2021–2025","Per Capita GRDP at Current Market Prices by Regency/Municipality, in Riau Province (thousand rupiahss), 2021–2025",4,4,8dc9b7b6409e
RIAU,05,Kab. Siak,,2024,*,250.381,,"PDRB Per Kapita Atas Dasar Harga Berlaku di Provinsi Riau Menurut Kabupaten/Kota (ribu rupiah), 2021–2025","Per Capita GRDP at Current Market Prices by Regency/Municipality, in Riau Province (thousand rupiahss), 2021–2025",4,4,88964bc35588
RIAU,06,Kab. Kampar,,2024,*,130.105,,"PDRB Per Kapita Atas Dasar Harga Berlaku di Provinsi Riau Menurut Kabupaten/Kota (ribu rupiah), 2021–2025","Per Capita GRDP at Current Market Prices by Regency/Municipality, in Riau Province (thousand rupiahss), 2021–2025",4,4,dc6e7a51afd9
RIAU,07,Kab. Rokan Hulu,,2024,*,95.447,,"PDRB Per Kapita Atas Dasar Harga Berlaku di Provinsi Riau Menurut Kabupaten/Kota (ribu rupiah), 2021–2025","Per Capita GRDP at Current Market Prices by Regency/Municipality, in Riau Province (thousand rupiahss), 2021–2025",4,4,aede802c3ddb
RIAU,08,Kab. Bengkalis,,2024,*,296.914,,"PDRB Per Kapita Atas Dasar Harga Berlaku di Provinsi Riau Menurut Kabupaten/Kota (ribu rupiah), 2021–2025","Per Capita GRDP at Current Market Prices by Regency/Municipality, in Riau Province (thousand rupiahss), 2021–2025",4,4,407c89db44c5
RIAU,09,Kab. Rokan Hilir,,2024,*,152.221,,"PDRB Per Kapita Atas Dasar Harga Berlaku di Provinsi Riau Menurut Kabupaten/Kota (ribu rupiah), 2021–2025","Per Capita GRDP at Current Market Prices by Regency/Municipality, in Riau Province (thousand rupiahss), 2021–2025",4,4,599589cda1c4
RIAU,10,Kab. Kepulauan Meranti,,2024,*,128.527,,"PDRB Per Kapita Atas Dasar Harga Berlaku di Provinsi Riau Menurut Kabupaten/Kota (ribu rupiah), 2021–2025","Per Capita GRDP at Current Market Prices by Regency/Municipality, in Riau Province (thousand rupiahss), 2021–2025",4,4,7ba610d65f19
RIAU,71,Kota Pekan Baru,,2024,*,166.856,,"PDRB Per Kapita Atas Dasar Harga Berlaku di Provinsi Riau Menurut Kabupaten/Kota (ribu rupiah), 2021–2025","Per Capita GRDP at Current Market Prices by Regency/Municipality, in Riau Province (thousand rupiahss), 2021–2025",4,4,8760477cd54d
RIAU,73,Kota Dumai,,2024,*,158.148,,"PDRB Per Kapita Atas Dasar Harga Berlaku di Provinsi Riau Menurut Kabupaten/Kota (ribu rupiah), 2021–2025","Per Capita GRDP at Current Market Prices by Regency/Municipality, in Riau Province (thousand rupiahss), 2021–2025",4,4,e8b6094a776e
RIAU,,Jml Kab./Kota Total of Reg./Mun.,,2024,*,164.831,,"PDRB Per Kapita Atas Dasar Harga Berlaku di Provinsi Riau Menurut Kabupaten/Kota (ribu rupiah), 2021–2025","Per Capita GRDP at Current Market Prices by Regency/Municipality, in Riau Province (thousand rupiahss), 2021–2025",4,4,42ce371e4ae2
RIAU,,Provinsi/Province,,2024,*,165.350,,"PDRB Per Kapita Atas Dasar Harga Berlaku di Provinsi Riau Menurut Kabupaten/Kota (ribu rupiah), 2021–2025","Per Capita GRDP at Current Market Prices by Regency/Municipality, in Riau Province (thousand rupiahss), 2021–2025",4,4,bf819d35b5e1
JAMBI,01,Kab. Kerinci,,2024,*,57.303,,"PDRB Per Kapita Atas Dasar Harga Berlaku di Provinsi Jambi Menurut Kabupaten/Kota (ribu rupiah), 2021–2025","Per Capita GRDP at Current Market Prices by Regency/Municipality, in Jambi Province (thousand rupiahss), 2021–2025",5,5,d7baf9a42705
JAMBI,02,Kab. Merangin,,2024,*,68.413,,"PDRB Per Kapita Atas Dasar Harga Berlaku di Provinsi Jambi Menurut Kabupaten/Kota (ribu rupiah), 2021–2025","Per Capita GRDP at Current Market Prices by Regency/Municipality, in Jambi Province (thousand rupiahss), 2021–2025",5,5,b86f4e6a6d96
JAMBI,03,Kab. Sarolangun,,2024,*,74.686,,"PDRB Per Kapita Atas Dasar Harga Berlaku di Provinsi Jambi Menurut Kabupaten/Kota (ribu rupiah), 2021–2025","Per Capita GRDP at Current Market Prices by Regency/Municipality, in Jambi Province (thousand rupiahss), 2021–2025",5,5,574583cd54f5
JAMBI,04,Kab. Batanghari,,2024,*,83.038,,"PDRB Per Kapita Atas Dasar Harga Berlaku di Provinsi Jambi Menurut Kabupaten/Kota (ribu rupiah), 2021–2025","Per Capita GRDP at Current Market Prices by Regency/Municipality, in Jambi Province (thousand rupiahss), 2021–2025",5,5,f30fea3b9d83
JAMBI,05,Kab. Muaro Jambi,,2024,*,95.236,,"PDRB Per Kapita Atas Dasar Harga Berlaku di Provinsi Jambi Menurut Kabupaten/Kota (ribu rupiah), 2021–2025","Per Capita GRDP at Current Market Prices by Regency/Municipality, in Jambi Province (thousand rupiahss), 2021–2025",5,5,aee757cc7dd2
JAMBI,06,Kab. Tanjung Jabung Timur,,2024,*,117.591,,"PDRB Per Kapita Atas Dasar Harga Berlaku di Provinsi Jambi Menurut Kabupaten/Kota (ribu rupiah), 2021–2025","Per Capita GRDP at Current Market Prices by Regency/Municipality, in Jambi Province (thousand rupiahss), 2021–2025",5,5,b10d629fb676
JAMBI,07,Kab. Tanjung Jabung Barat,,2024,*,167.518,,"PDRB Per Kapita Atas Dasar Harga Berlaku di Provinsi Jambi Menurut Kabupaten/Kota (ribu rupiah), 2021–2025","Per Capita GRDP at Current Market Prices by Regency/Municipality, in Jambi Province (thousand rupiahss), 2021–2025",5,5,49c9f28892b1
JAMBI,08,Kab. Tebo,,2024,*,64.162,,"PDRB Per Kapita Atas Dasar Harga Berlaku di Provinsi Jambi Menurut Kabupaten/Kota (ribu rupiah), 2021–2025","Per Capita GRDP at Current Market Prices by Regency/Municipality, in Jambi Province (thousand rupiahss), 2021–2025",5,5,e87f9ade52b1
JAMBI,09,Kab. Bungo,,2024,*,71.624,,"PDRB Per Kapita Atas Dasar Harga Berlaku di Provinsi Jambi Menurut Kabupaten/Kota (ribu rupiah), 2021–2025","Per Capita GRDP at Current Market Prices by Regency/Municipality, in Jambi Province (thousand rupiahss), 2021–2025",5,5,b2fbc0b0a91b
JAMBI,71,Kota Jambi,,2024,*,69.033,,"PDRB Per Kapita Atas Dasar Harga Berlaku di Provinsi Jambi Menurut Kabupaten/Kota (ribu rupiah), 2021–2025","Per Capita GRDP at Current Market Prices by Regency/Municipality, in Jambi Province (thousand rupiahss), 2021–2025",5,5,1c42bbcdb38e
JAMBI,72,Kota Sungai Penuh,,2024,*,102.060,,"PDRB Per Kapita Atas Dasar Harga Berlaku di Provinsi Jambi Menurut Kabupaten/Kota (ribu rupiah), 2021–2025","Per Capita GRDP at Current Market Prices by Regency/Municipality, in Jambi Province (thousand rupiahss), 2021–2025",5,5,2b2f01962615
JAMBI,,Jml Kab./Kota Total of Reg./Mun.,,2024,*,85.476,,"PDRB Per Kapita Atas Dasar Harga Berlaku di Provinsi Jambi Menurut Kabupaten/Kota (ribu rupiah), 2021–2025","Per Capita GRDP at Current Market Prices by Regency/Municipality, in Jambi Province (thousand rupiahss), 2021–2025",5,5,e368f4bd1fa3
JAMBI,,Provinsi/Province,,2024,*,86.775,,"PDRB Per Kapita Atas Dasar Harga Berlaku di Provinsi Jambi Menurut Kabupaten/Kota (ribu rupiah), 2021–2025","Per Capita GRDP at Current Market Prices by Regency/Municipality, in Jambi Province (thousand rupiahss), 2021–2025",5,5,5d4724625ebb
SUMATERA SELATAN,01,Kab. Ogan Komering Ulu,,2024,*,53.428,,"PDRB Per Kapita Atas Dasar Harga Berlaku di Provinsi Sumatera Selatan Menurut Kabupaten/Kota (ribu rupiah), 2021–2025","Per Capita GRDP at Current Market Prices by Regency/Municipality, in Sumatera Selatan Province (thousand rupiahss), 2021–2025",6,6,075590a881b3
SUMATERA SELATAN,02,Kab. Ogan Komering Ilir,,2024,*,57.799,,"PDRB Per Kapita Atas Dasar Harga Berlaku di Provinsi Sumatera Selatan Menurut Kabupaten/Kota (ribu rupiah), 2021–2025","Per Capita GRDP at Current Market Prices by Regency/Municipality, in Sumatera Selatan Province (thousand rupiahss), 2021–2025",6,6,49589f3e7098
SUMATERA SELATAN,03,Kab. Muara Enim,,2024,*,182.108,,"PDRB Per Kapita Atas Dasar Harga Berlaku di Provinsi Sumatera Selatan Menurut Kabupaten/Kota (ribu rupiah), 2021–2025","Per Capita GRDP at Current Market Prices by Regency/Municipality, in Sumatera Selatan Province (thousand rupiahss), 2021–2025",6,6,8968d8584e7c
SUMATERA SELATAN,04,Kab. Lahat,,2024,*,66.582,,"PDRB Per Kapita Atas Dasar Harga Berlaku di Provinsi Sumatera Selatan Menurut Kabupaten/Kota (ribu rupiah), 2021–2025","Per Capita GRDP at Current Market Prices by Regency/Municipality, in Sumatera Selatan Province (thousand rupiahss), 2021–2025",6,6,a1cbeabbec8b
SUMATERA SELATAN,05,Kab. Musi Rawas,,2024,*,61.857,,"PDRB Per Kapita Atas Dasar Harga Berlaku di Provinsi Sumatera Selatan Menurut Kabupaten/Kota (ribu rupiah), 2021–2025","Per Capita GRDP at Current Market Prices by Regency/Municipality, in Sumatera Selatan Province (thousand rupiahss), 2021–2025",6,6,14cbe8cfb560
SUMATERA SELATAN,06,Kab. Musi Banyuasin,,2024,*,142.138,,"PDRB Per Kapita Atas Dasar Harga Berlaku di Provinsi Sumatera Selatan Menurut Kabupaten/Kota (ribu rupiah), 2021–2025","Per Capita GRDP at Current Market Prices by Regency/Municipality, in Sumatera Selatan Province (thousand rupiahss), 2021–2025",6,6,9b2e4b66a678
SUMATERA SELATAN,07,Kab. Banyuasin,,2024,*,44.734,,"PDRB Per Kapita Atas Dasar Harga Berlaku di Provinsi Sumatera Selatan Menurut Kabupaten/Kota (ribu rupiah), 2021–2025","Per Capita GRDP at Current Market Prices by Regency/Municipality, in Sumatera Selatan Province (thousand rupiahss), 2021–2025",6,6,a7e695b0ee91
SUMATERA SELATAN,08,Kab. Ogan Komering Ulu Selatan,,2024,*,27.724,,"PDRB Per Kapita Atas Dasar Harga Berlaku di Provinsi Sumatera Selatan Menurut Kabupaten/Kota (ribu rupiah), 2021–2025","Per Capita GRDP at Current Market Prices by Regency/Municipality, in Sumatera Selatan Province (thousand rupiahss), 2021–2025",6,6,58e8e6159cbb
SUMATERA SELATAN,09,Kab. Ogan Komering Ulu Timur,,2024,*,31.504,,"PDRB Per Kapita Atas Dasar Harga Berlaku di Provinsi Sumatera Selatan Menurut Kabupaten/Kota (ribu rupiah), 2021–2025","Per Capita GRDP at Current Market Prices by Regency/Municipality, in Sumatera Selatan Province (thousand rupiahss), 2021–2025",6,6,a58b42909752
SUMATERA SELATAN,10,Kab. Ogan Ilir,,2024,*,35.023,,"PDRB Per Kapita Atas Dasar Harga Berlaku di Provinsi Sumatera Selatan Menurut Kabupaten/Kota (ribu rupiah), 2021–2025","Per Capita GRDP at Current Market Prices by Regency/Municipality, in Sumatera Selatan Province (thousand rupiahss), 2021–2025",6,6,5553e3a9317d
SUMATERA SELATAN,11,Kab. Empat Lawang,,2024,*,19.448,,"PDRB Per Kapita Atas Dasar Harga Berlaku di Provinsi Sumatera Selatan Menurut Kabupaten/Kota (ribu rupiah), 2021–2025","Per Capita GRDP at Current Market Prices by Regency/Municipality, in Sumatera Selatan Province (thousand rupiahss), 2021–2025",6,6,b3d37c1bb997
SUMATERA SELATAN,12,Kab. Penukal Abab Lematang Ilir,,2024,*,45.701,,"PDRB Per Kapita Atas Dasar Harga Berlaku di Provinsi Sumatera Selatan Menurut Kabupaten/Kota (ribu rupiah), 2021–2025","Per Capita GRDP at Current Market Prices by Regency/Municipality, in Sumatera Selatan Province (thousand rupiahss), 2021–2025",6,6,2bc26099b1a9
SUMATERA SELATAN,13,Kab. Musi Rawas Utara,,2024,*,48.869,,"PDRB Per Kapita Atas Dasar Harga Berlaku di Provinsi Sumatera Selatan Menurut Kabupaten/Kota (ribu rupiah), 2021–2025","Per Capita GRDP at Current Market Prices by Regency/Municipality, in Sumatera Selatan Province (thousand rupiahss), 2021–2025",6,6,207f62216c0d
SUMATERA SELATAN,71,Kota Palembang,,2024,*,121.154,,"PDRB Per Kapita Atas Dasar Harga Berlaku di Provinsi Sumatera Selatan Menurut Kabupaten/Kota (ribu rupiah), 2021–2025","Per Capita GRDP at Current Market Prices by Regency/Municipality, in Sumatera Selatan Province (thousand rupiahss), 2021–2025",6,6,d6b0f694d941
SUMATERA SELATAN,72,Kota Prabumulih,,2024,*,51.808,,"PDRB Per Kapita Atas Dasar Harga Berlaku di Provinsi Sumatera Selatan Menurut Kabupaten/Kota (ribu rupiah), 2021–2025","Per Capita GRDP at Current Market Prices by Regency/Municipality, in Sumatera Selatan Province (thousand rupiahss), 2021–2025",6,6,fda5a339f77c
SUMATERA SELATAN,73,Kota Pagar Alam,,2024,*,25.543,,"PDRB Per Kapita Atas Dasar Harga Berlaku di Provinsi Sumatera Selatan Menurut Kabupaten/Kota (ribu rupiah), 2021–2025","Per Capita GRDP at Current Market Prices by Regency/Municipality, in Sumatera Selatan Province (thousand rupiahss), 2021–2025",6,6,de35f18b667c
SUMATERA SELATAN,74,Kota Lubuk Linggau,,2024,*,35.432,,"PDRB Per Kapita Atas Dasar Harga Berlaku di Provinsi Sumatera Selatan Menurut Kabupaten/Kota (ribu rupiah), 2021–2025","Per Capita GRDP at Current Market Prices by Regency/Municipality, in Sumatera Selatan Province (thousand rupiahss), 2021–2025",6,6,62b85e166049
SUMATERA SELATAN,,Jml Kab./Kota Total of Reg./Mun.,,2024,*,76.616,,"PDRB Per Kapita Atas Dasar Harga Berlaku di Provinsi Sumatera Selatan Menurut Kabupaten/Kota (ribu rupiah), 2021–2025","Per Capita GRDP at Current Market Prices by Regency/Municipality, in Sumatera Selatan Province (thousand rupiahss), 2021–2025",6,6,daa18498263d
SUMATERA SELATAN,,Provinsi/Province,,2024,*,75.132,,"PDRB Per Kapita Atas Dasar Harga Berlaku di Provinsi Sumatera Selatan Menurut Kabupaten/Kota (ribu rupiah), 2021–2025","Per Capita GRDP at Current Market Prices by Regency/Municipality, in Sumatera Selatan Province (thousand rupiahss), 2021–2025",6,6,435bd31e9b81
BENGKULU,01,Kab. Bengkulu Selatan,,2024,*,45.375,,"PDRB Per Kapita Atas Dasar Harga Berlaku di Provinsi Bengkulu Menurut Kabupaten/Kota (ribu rupiah), 2021–2025","Per Capita GRDP at Current Market Prices by Regency/Municipality, in Bengkulu Province (thousand rupiahss), 2021–2025",7,7,1c7421ee299a
BENGKULU,02,Kab. Rejang Lebong,,2024,*,45.238,,"PDRB Per Kapita Atas Dasar Harga Berlaku di Provinsi Bengkulu Menurut Kabupaten/Kota (ribu rupiah), 2021–2025","Per Capita GRDP at Current Market Prices by Regency/Municipality, in Bengkulu Province (thousand rupiahss), 2021–2025",7,7,a87e497f980b
BENGKULU,03,Kab. Bengkulu Utara,,2024,*,41.214,,"PDRB Per Kapita Atas Dasar Harga Berlaku di Provinsi Bengkulu Menurut Kabupaten/Kota (ribu rupiah), 2021–2025","Per Capita GRDP at Current Market Prices by Regency/Municipality, in Bengkulu Province (thousand rupiahss), 2021–2025",7,7,209f2cf525ae
BENGKULU,04,Kab. Kaur,,2024,*,37.416,,"PDRB Per Kapita Atas Dasar Harga Berlaku di Provinsi Bengkulu Menurut Kabupaten/Kota (ribu rupiah), 2021–2025","Per Capita GRDP at Current Market Prices by Regency/Municipality, in Bengkulu Province (thousand rupiahss), 2021–2025",7,7,c92077dcd69e
BENGKULU,05,Kab. Seluma,,2024,*,29.171,,"PDRB Per Kapita Atas Dasar Harga Berlaku di Provinsi Bengkulu Menurut Kabupaten/Kota (ribu rupiah), 2021–2025","Per Capita GRDP at Current Market Prices by Regency/Municipality, in Bengkulu Province (thousand rupiahss), 2021–2025",7,7,d1e9d691f0f6
BENGKULU,06,Kab. Mukomuko,,2024,*,37.513,,"PDRB Per Kapita Atas Dasar Harga Berlaku di Provinsi Bengkulu Menurut Kabupaten/Kota (ribu rupiah), 2021–2025","Per Capita GRDP at Current Market Prices by Regency/Municipality, in Bengkulu Province (thousand rupiahss), 2021–2025",7,7,fe17377d7167
BENGKULU,07,Kab. Lebong,,2024,*,40.991,,"PDRB Per Kapita Atas Dasar Harga Berlaku di Provinsi Bengkulu Menurut Kabupaten/Kota (ribu rupiah), 2021–2025","Per Capita GRDP at Current Market Prices by Regency/Municipality, in Bengkulu Province (thousand rupiahss), 2021–2025",7,7,4252bc1347ed
BENGKULU,08,Kab. Kepahiang,,2024,*,40.072,,"PDRB Per Kapita Atas Dasar Harga Berlaku di Provinsi Bengkulu Menurut Kabupaten/Kota (ribu rupiah), 2021–2025","Per Capita GRDP at Current Market Prices by Regency/Municipality, in Bengkulu Province (thousand rupiahss), 2021–2025",7,7,7679f4f7403f
BENGKULU,09,Kab. Bengkulu Tengah,,2024,*,55.284,,"PDRB Per Kapita Atas Dasar Harga Berlaku di Provinsi Bengkulu Menurut Kabupaten/Kota (ribu rupiah), 2021–2025","Per Capita GRDP at Current Market Prices by Regency/Municipality, in Bengkulu Province (thousand rupiahss), 2021–2025",7,7,2390f1c21287
BENGKULU,71,Kota Bengkulu,,2024,*,83.430,,"PDRB Per Kapita Atas Dasar Harga Berlaku di Provinsi Bengkulu Menurut Kabupaten/Kota (ribu rupiah), 2021–2025","Per Capita GRDP at Current Market Prices by Regency/Municipality, in Bengkulu Province (thousand rupiahss), 2021–2025",7,7,ce52c965bb98
BENGKULU,,Jml Kab./Kota Total of Reg./Mun.,,2024,*,48.935,,"PDRB Per Kapita Atas Dasar Harga Berlaku di Provinsi Bengkulu Menurut Kabupaten/Kota (ribu rupiah), 2021–2025","Per Capita GRDP at Current Market Prices by Regency/Municipality, in Bengkulu Province (thousand rupiahss), 2021–2025",7,7,4eec78233f16
BENGKULU,,Provinsi/Province,,2024,*,49.233,,"PDRB Per Kapita Atas Dasar Harga Berlaku di Provinsi Bengkulu Menurut Kabupaten/Kota (ribu rupiah), 2021–2025","Per Capita GRDP at Current Market Prices by Regency/Municipality, in Bengkulu Province (thousand rupiahss), 2021–2025",7,7,c77e55c2cfb0
LAMPUNG,01,Kab. Lampung Barat,,2024,*,31.347,,"PDRB Per Kapita Atas Dasar Harga Berlaku di Provinsi Lampung Menurut Kabupaten/Kota (ribu rupiah), 2021–2025","Per Capita GRDP at Current Market Prices by Regency/Municipality, in Lampung Province (thousand rupiahss), 2021–2025",8,8,300bb5c5496f
LAMPUNG,02,Kab. Tanggamus,,2024,*,31.621,,"PDRB Per Kapita Atas Dasar Harga Berlaku di Provinsi Lampung Menurut Kabupaten/Kota (ribu rupiah), 2021–2025","Per Capita GRDP at Current Market Prices by Regency/Municipality, in Lampung Province (thousand rupiahss), 2021–2025",8,8,ecd2b664d04d
LAMPUNG,03,Kab. Lampung Selatan,,2024,*,53.891,,"PDRB Per Kapita Atas Dasar Harga Berlaku di Provinsi Lampung Menurut Kabupaten/Kota (ribu rupiah), 2021–2025","Per Capita GRDP at Current Market Prices by Regency/Municipality, in Lampung Province (thousand rupiahss), 2021–2025",8,8,1110b7416739
LAMPUNG,04,Kab. Lampung Timur,,2024,*,49.275,,"PDRB Per Kapita Atas Dasar Harga Berlaku di Provinsi Lampung Menurut Kabupaten/Kota (ribu rupiah), 2021–2025","Per Capita GRDP at Current Market Prices by Regency/Municipality, in Lampung Province (thousand rupiahss), 2021–2025",8,8,58041f3d16e1
LAMPUNG,05,Kab. Lampung Tengah,,2024,*,63.663,,"PDRB Per Kapita Atas Dasar Harga Berlaku di Provinsi Lampung Menurut Kabupaten/Kota (ribu rupiah), 2021–2025","Per Capita GRDP at Current Market Prices by Regency/Municipality, in Lampung Province (thousand rupiahss), 2021–2025",8,8,fefbb0384cf3
LAMPUNG,06,Kab. Lampung Utara,,2024,*,48.212,,"PDRB Per Kapita Atas Dasar Harga Berlaku di Provinsi Lampung Menurut Kabupaten/Kota (ribu rupiah), 2021–2025","Per Capita GRDP at Current Market Prices by Regency/Municipality, in Lampung Province (thousand rupiahss), 2021–2025",8,8,1e59ad74ebe1
LAMPUNG,07,Kab. Way Kanan,,2024,*,38.655,,"PDRB Per Kapita Atas Dasar Harga Berlaku di Provinsi Lampung Menurut Kabupaten/Kota (ribu rupiah), 2021–2025","Per Capita GRDP at Current Market Prices by Regency/Municipality, in Lampung Province (thousand rupiahss), 2021–2025",8,8,c7af56f409da
LAMPUNG,08,Kab. Tulang Bawang,,2024,*,67.726,,"PDRB Per Kapita Atas Dasar Harga Berlaku di Provinsi Lampung Menurut Kabupaten/Kota (ribu rupiah), 2021–2025","Per Capita GRDP at Current Market Prices by Regency/Municipality, in Lampung Province (thousand rupiahss), 2021–2025",8,8,8d2fa9215389
LAMPUNG,09,Kab. Pesawaran,,2024,*,43.308,,"PDRB Per Kapita Atas Dasar Harga Berlaku di Provinsi Lampung Menurut Kabupaten/Kota (ribu rupiah), 2021–2025","Per Capita GRDP at Current Market Prices by Regency/Municipality, in Lampung Province (thousand rupiahss), 2021–2025",8,8,2ad185ef9a85
LAMPUNG,10,Kab. Pringsewu,,2024,*,35.552,,"PDRB Per Kapita Atas Dasar Harga Berlaku di Provinsi Lampung Menurut Kabupaten/Kota (ribu rupiah), 2021–2025","Per Capita GRDP at Current Market Prices by Regency/Municipality, in Lampung Province (thousand rupiahss), 2021–2025",8,8,62f439cf2f56
LAMPUNG,11,Kab. Mesuji,,2024,*,58.582,,"PDRB Per Kapita Atas Dasar Harga Berlaku di Provinsi Lampung Menurut Kabupaten/Kota (ribu rupiah), 2021–2025","Per Capita GRDP at Current Market Prices by Regency/Municipality, in Lampung Province (thousand rupiahss), 2021–2025",8,8,30c61897a93d
LAMPUNG,12,Kab. Tulang Bawang Barat,,2024,*,52.209,,"PDRB Per Kapita Atas Dasar Harga Berlaku di Provinsi Lampung Menurut Kabupaten/Kota (ribu rupiah), 2021–2025","Per Capita GRDP at Current Market Prices by Regency/Municipality, in Lampung Province (thousand rupiahss), 2021–2025",8,8,b09b54c8d2ca
LAMPUNG,13,Kab. Pesisir Barat,,2024,*,35.637,,"PDRB Per Kapita Atas Dasar Harga Berlaku di Provinsi Lampung Menurut Kabupaten/Kota (ribu rupiah), 2021–2025","Per Capita GRDP at Current Market Prices by Regency/Municipality, in Lampung Province (thousand rupiahss), 2021–2025",8,8,9f55a633aa20
LAMPUNG,71,Kota Bandar Lampung,,2024,*,65.744,,"PDRB Per Kapita Atas Dasar Harga Berlaku di Provinsi Lampung Menurut Kabupaten/Kota (ribu rupiah), 2021–2025","Per Capita GRDP at Current Market Prices by Regency/Municipality, in Lampung Province (thousand rupiahss), 2021–2025",8,8,ad8e5a66bad7
LAMPUNG,72,Kota Metro,,2024,*,48.264,,"PDRB Per Kapita Atas Dasar Harga Berlaku di Provinsi Lampung Menurut Kabupaten/Kota (ribu rupiah), 2021–2025","Per Capita GRDP at Current Market Prices by Regency/Municipality, in Lampung Province (thousand rupiahss), 2021–2025",8,8,8cf2652c60c8
LAMPUNG,,Jml Kab./Kota Total of Reg./Mun.,,2024,*,51.793,,"PDRB Per Kapita Atas Dasar Harga Berlaku di Provinsi Lampung Menurut Kabupaten/Kota (ribu rupiah), 2021–2025","Per Capita GRDP at Current Market Prices by Regency/Municipality, in Lampung Province (thousand rupiahss), 2021–2025",8,8,ba062aedf80c
LAMPUNG,,Provinsi/Province,,2024,*,51.387,,"PDRB Per Kapita Atas Dasar Harga Berlaku di Provinsi Lampung Menurut Kabupaten/Kota (ribu rupiah), 2021–2025","Per Capita GRDP at Current Market Prices by Regency/Municipality, in Lampung Province (thousand rupiahss), 2021–2025",8,8,dbb7af59a120
KEPULAUAN BANGKA BELITUNG,01,Kab. Bangka,,2024,*,58.572,,"PDRB Per Kapita Atas Dasar Harga Berlaku di Provinsi Kepulauan Bangka Belitung Menurut Kabupaten/Kota (ribu rupiah), 2021–2025","Per Capita GRDP at Current Market Prices by Regency/Municipality, in Kepulauan Bangka Belitung Province (thousand rupiahss), 2021–2025",9,9,61daf6fd5d75
KEPULAUAN BANGKA BELITUNG,02,Kab. Belitung,,2024,*,73.795,,"PDRB Per Kapita Atas Dasar Harga Berlaku di Provinsi Kepulauan Bangka Belitung Menurut Kabupaten/Kota (ribu rupiah), 2021–2025","Per Capita GRDP at Current Market Prices by Regency/Municipality, in Kepulauan Bangka Belitung Province (thousand rupiahss), 2021–2025",9,9,e0ee266887e0
KEPULAUAN BANGKA BELITUNG,03,Kab. Bangka Barat,,2024,*,91.214,,"PDRB Per Kapita Atas Dasar Harga Berlaku di Provinsi Kepulauan Bangka Belitung Menurut Kabupaten/Kota (ribu rupiah), 2021–2025","Per Capita GRDP at Current Market Prices by Regency/Municipality, in Kepulauan Bangka Belitung Province (thousand rupiahss), 2021–2025",9,9,53cc12a9792c
KEPULAUAN BANGKA BELITUNG,04,Kab. Bangka Tengah,,2024,*,56.083,,"PDRB Per Kapita Atas Dasar Harga Berlaku di Provinsi Kepulauan Bangka Belitung Menurut Kabupaten/Kota (ribu rupiah), 2021–2025","Per Capita GRDP at Current Market Prices by Regency/Municipality, in Kepulauan Bangka Belitung Province (thousand rupiahss), 2021–2025",9,9,001369cb4b45
KEPULAUAN BANGKA BELITUNG,05,Kab. Bangka Selatan,,2024,*,57.693,,"PDRB Per Kapita Atas Dasar Harga Berlaku di Provinsi Kepulauan Bangka Belitung Menurut Kabupaten/Kota (ribu rupiah), 2021–2025","Per Capita GRDP at Current Market Prices by Regency/Municipality, in Kepulauan Bangka Belitung Province (thousand rupiahss), 2021–2025",9,9,6e26d20c07bc
KEPULAUAN BANGKA BELITUNG,06,Kab. Belitung Timur,,2024,*,82.598,,"PDRB Per Kapita Atas Dasar Harga Berlaku di Provinsi Kepulauan Bangka Belitung Menurut Kabupaten/Kota (ribu rupiah), 2021–2025","Per Capita GRDP at Current Market Prices by Regency/Municipality, in Kepulauan Bangka Belitung Province (thousand rupiahss), 2021–2025",9,9,f6526b69353f
KEPULAUAN BANGKA BELITUNG,71,Kota Pangkal Pinang,,2024,*,82.198,,"PDRB Per Kapita Atas Dasar Harga Berlaku di Provinsi Kepulauan Bangka Belitung Menurut Kabupaten/Kota (ribu rupiah), 2021–2025","Per Capita GRDP at Current Market Prices by Regency/Municipality, in Kepulauan Bangka Belitung Province (thousand rupiahss), 2021–2025",9,9,bbd64567cacb
KEPULAUAN BANGKA BELITUNG,,Jml Kab./Kota Total of Reg./Mun.,,2024,*,70.251,,"PDRB Per Kapita Atas Dasar Harga Berlaku di Provinsi Kepulauan Bangka Belitung Menurut Kabupaten/Kota (ribu rupiah), 2021–2025","Per Capita GRDP at Current Market Prices by Regency/Municipality, in Kepulauan Bangka Belitung Province (thousand rupiahss), 2021–2025",9,9,d67cd5b17a3d
KEPULAUAN BANGKA BELITUNG,,Provinsi/Province,,2024,*,70.193,,"PDRB Per Kapita Atas Dasar Harga Berlaku di Provinsi Kepulauan Bangka Belitung Menurut Kabupaten/Kota (ribu rupiah), 2021–2025","Per Capita GRDP at Current Market Prices by Regency/Municipality, in Kepulauan Bangka Belitung Province (thousand rupiahss), 2021–2025",9,9,b9e868cdbcef
KEPULAUAN RIAU,01,Kab. Karimun,,2024,*,69.608,,"PDRB Per Kapita Atas Dasar Harga Berlaku di Provinsi Kepulauan Riau Menurut Kabupaten/Kota (ribu rupiah), 2021–2025","Per Capita GRDP at Current Market Prices by Regency/Municipality, in Kepulauan Riau Province (thousand rupiahss), 2021–2025",10,10,9385a1b02fd6
KEPULAUAN RIAU,02,Kab. Bintan,,2024,*,180.544,,"PDRB Per Kapita Atas Dasar Harga Berlaku di Provinsi Kepulauan Riau Menurut Kabupaten/Kota (ribu rupiah), 2021–2025","Per Capita GRDP at Current Market Prices by Regency/Municipality, in Kepulauan Riau Province (thousand rupiahss), 2021–2025",10,10,17b6072dea2f
KEPULAUAN RIAU,03,Kab. Natuna,,2024,*,264.903,,"PDRB Per Kapita Atas Dasar Harga Berlaku di Provinsi Kepulauan Riau Menurut Kabupaten/Kota (ribu rupiah), 2021–2025","Per Capita GRDP at Current Market Prices by Regency/Municipality, in Kepulauan Riau Province (thousand rupiahss), 2021–2025",10,10,7a0e61dc59b0
KEPULAUAN RIAU,04,Kab. Lingga,,2024,*,54.936,,"PDRB Per Kapita Atas Dasar Harga Berlaku di Provinsi Kepulauan Riau Menurut Kabupaten/Kota (ribu rupiah), 2021–2025","Per Capita GRDP at Current Market Prices by Regency/Municipality, in Kepulauan Riau Province (thousand rupiahss), 2021–2025",10,10,35cc45c2ada4
KEPULAUAN RIAU,05,Kab. Kep. Anambas,,2024,*,362.072,,"PDRB Per Kapita Atas Dasar Harga Berlaku di Provinsi Kepulauan Riau Menurut Kabupaten/Kota (ribu rupiah), 2021–2025","Per Capita GRDP at Current Market Prices by Regency/Municipality, in Kepulauan Riau Province (thousand rupiahss), 2021–2025",10,10,decf882294f4
KEPULAUAN RIAU,71,Kota Batam,,2024,*,182.507,,"PDRB Per Kapita Atas Dasar Harga Berlaku di Provinsi Kepulauan Riau Menurut Kabupaten/Kota (ribu rupiah), 2021–2025","Per Capita GRDP at Current Market Prices by Regency/Municipality, in Kepulauan Riau Province (thousand rupiahss), 2021–2025",10,10,b5ea3a97e267
KEPULAUAN RIAU,72,Kota Tanjung Pinang,,2024,*,105.384,,"PDRB Per Kapita Atas Dasar Harga Berlaku di Provinsi Kepulauan Riau Menurut Kabupaten/Kota (ribu rupiah), 2021–2025","Per Capita GRDP at Current Market Prices by Regency/Municipality, in Kepulauan Riau Province (thousand rupiahss), 2021–2025",10,10,fe7fff15e576
KEPULAUAN RIAU,,Jml Kab./Kota Total of Reg./Mun.,,2024,*,161.713,,"PDRB Per Kapita Atas Dasar Harga Berlaku di Provinsi Kepulauan Riau Menurut Kabupaten/Kota (ribu rupiah), 2021–2025","Per Capita GRDP at Current Market Prices by Regency/Municipality, in Kepulauan Riau Province (thousand rupiahss), 2021–2025",10,10,455d75d416c7
KEPULAUAN RIAU,,Provinsi/Province,,2024,*,161.424,,"PDRB Per Kapita Atas Dasar Harga Berlaku di Provinsi Kepulauan Riau Menurut Kabupaten/Kota (ribu rupiah), 2021–2025","Per Capita GRDP at Current Market Prices by Regency/Municipality, in Kepulauan Riau Province (thousand rupiahss), 2021–2025",10,10,9afb59e65047
ACEH,01,Kab. Simeulue,,2025,**,34.332,,"PDRB Per Kapita Atas Dasar Harga Berlaku di Provinsi Aceh Menurut Kabupaten/Kota (miliar rupiah), 2021–2025","Per Capita GRDP at Current Market Prices by Regency/Municipality, in Aceh Province (thousand rupiahss), 2021–2025",1,1,9aab9a38c11d
ACEH,02,Kab. Aceh Singkil,,2025,**,27.120,,"PDRB Per Kapita Atas Dasar Harga Berlaku di Provinsi Aceh Menurut Kabupaten/Kota (miliar rupiah), 2021–2025","Per Capita GRDP at Current Market Prices by Regency/Municipality, in Aceh Province (thousand rupiahss), 2021–2025",1,1,974b08642bee
ACEH,03,Kab. Aceh Selatan,,2025,**,32.867,,"PDRB Per Kapita Atas Dasar Harga Berlaku di Provinsi Aceh Menurut Kabupaten/Kota (miliar rupiah), 2021–2025","Per Capita GRDP at Current Market Prices by Regency/Municipality, in Aceh Province (thousand rupiahss), 2021–2025",1,1,2d470d5c1fe4
ACEH,04,Kab. Aceh Tenggara,,2025,**,30.391,,"PDRB Per Kapita Atas Dasar Harga Berlaku di Provinsi Aceh Menurut Kabupaten/Kota (miliar rupiah), 2021–2025","Per Capita GRDP at Current Market Prices by Regency/Municipality, in Aceh Province (thousand rupiahss), 2021–2025",1,1,b0a419e0c571
ACEH,05,Kab. Aceh Timur,,2025,**,35.007,,"PDRB Per Kapita Atas Dasar Harga Berlaku di Provinsi Aceh Menurut Kabupaten/Kota (miliar rupiah), 2021–2025","Per Capita GRDP at Current Market Prices by Regency/Municipality, in Aceh Province (thousand rupiahss), 2021–2025",1,1,b5478c8bbd05
ACEH,06,Kab. Aceh Tengah,,2025,**,50.101,,"PDRB Per Kapita Atas Dasar Harga Berlaku di Provinsi Aceh Menurut Kabupaten/Kota (miliar rupiah), 2021–2025","Per Capita GRDP at Current Market Prices by Regency/Municipality, in Aceh Province (thousand rupiahss), 2021–2025",1,1,80ec050dc8b0
ACEH,07,Kab. Aceh Barat,,2025,**,71.015,,"PDRB Per Kapita Atas Dasar Harga Berlaku di Provinsi Aceh Menurut Kabupaten/Kota (miliar rupiah), 2021–2025","Per Capita GRDP at Current Market Prices by Regency/Municipality, in Aceh Province (thousand rupiahss), 2021–2025",1,1,827d2ad0e101
ACEH,08,Kab. Aceh Besar,,2025,**,45.054,,"PDRB Per Kapita Atas Dasar Harga Berlaku di Provinsi Aceh Menurut Kabupaten/Kota (miliar rupiah), 2021–2025","Per Capita GRDP at Current Market Prices by Regency/Municipality, in Aceh Province (thousand rupiahss), 2021–2025",1,1,e0ca8d81d560
ACEH,09,Kab. Pidie,,2025,**,34.056,,"PDRB Per Kapita Atas Dasar Harga Berlaku di Provinsi Aceh Menurut Kabupaten/Kota (miliar rupiah), 2021–2025","Per Capita GRDP at Current Market Prices by Regency/Municipality, in Aceh Province (thousand rupiahss), 2021–2025",1,1,aacf8fa96328
ACEH,10,Kab. Bireun,,2025,**,42.652,,"PDRB Per Kapita Atas Dasar Harga Berlaku di Provinsi Aceh Menurut Kabupaten/Kota (miliar rupiah), 2021–2025","Per Capita GRDP at Current Market Prices by Regency/Municipality, in Aceh Province (thousand rupiahss), 2021–2025",1,1,dc317da40e7a
ACEH,11,Kab. Aceh Utara,,2025,**,48.218,,"PDRB Per Kapita Atas Dasar Harga Berlaku di Provinsi Aceh Menurut Kabupaten/Kota (miliar rupiah), 2021–2025","Per Capita GRDP at Current Market Prices by Regency/Municipality, in Aceh Province (thousand rupiahss), 2021–2025",1,1,d4cccf4af6e4
ACEH,12,Kab. Aceh Barat Daya,,2025,**,35.876,,"PDRB Per Kapita Atas Dasar Harga Berlaku di Provinsi Aceh Menurut Kabupaten/Kota (miliar rupiah), 2021–2025","Per Capita GRDP at Current Market Prices by Regency/Municipality, in Aceh Province (thousand rupiahss), 2021–2025",1,1,5a662977c787
ACEH,13,Kab. Gayo Lues,,2025,**,34.968,,"PDRB Per Kapita Atas Dasar Harga Berlaku di Provinsi Aceh Menurut Kabupaten/Kota (miliar rupiah), 2021–2025","Per Capita GRDP at Current Market Prices by Regency/Municipality, in Aceh Province (thousand rupiahss), 2021–2025",1,1,1affc76dbc74
ACEH,14,Kab. Aceh Tamiang,,2025,**,38.379,,"PDRB Per Kapita Atas Dasar Harga Berlaku di Provinsi Aceh Menurut Kabupaten/Kota (miliar rupiah), 2021–2025","Per Capita GRDP at Current Market Prices by Regency/Municipality, in Aceh Province (thousand rupiahss), 2021–2025",1,1,5c2fedc317a9
ACEH,15,Kab. Nagan Raya,,2025,**,74.571,,"PDRB Per Kapita Atas Dasar Harga Berlaku di Provinsi Aceh Menurut Kabupaten/Kota (miliar rupiah), 2021–2025","Per Capita GRDP at Current Market Prices by Regency/Municipality, in Aceh Province (thousand rupiahss), 2021–2025",1,1,ac61fafae09e
ACEH,16,Kab. Aceh Jaya,,2025,**,38.503,,"PDRB Per Kapita Atas Dasar Harga Berlaku di Provinsi Aceh Menurut Kabupaten/Kota (miliar rupiah), 2021–2025","Per Capita GRDP at Current Market Prices by Regency/Municipality, in Aceh Province (thousand rupiahss), 2021–2025",1,1,b319643a05ae
ACEH,17,Kab. Bener Meriah,,2025,**,40.348,,"PDRB Per Kapita Atas Dasar Harga Berlaku di Provinsi Aceh Menurut Kabupaten/Kota (miliar rupiah), 2021–2025","Per Capita GRDP at Current Market Prices by Regency/Municipality, in Aceh Province (thousand rupiahss), 2021–2025",1,1,8f0f011929b0
ACEH,18,Kab. Pidie Jaya,,2025,**,29.752,,"PDRB Per Kapita Atas Dasar Harga Berlaku di Provinsi Aceh Menurut Kabupaten/Kota (miliar rupiah), 2021–2025","Per Capita GRDP at Current Market Prices by Regency/Municipality, in Aceh Province (thousand rupiahss), 2021–2025",1,1,9de192c3bb73
ACEH,71,Kota Banda Aceh,,2025,**,104.356,,"PDRB Per Kapita Atas Dasar Harga Berlaku di Provinsi Aceh Menurut Kabupaten/Kota (miliar rupiah), 2021–2025","Per Capita GRDP at Current Market Prices by Regency/Municipality, in Aceh Province (thousand rupiahss), 2021–2025",1,1,44a337091e24
ACEH,72,Kota Sabang,,2025,**,44.820,,"PDRB Per Kapita Atas Dasar Harga Berlaku di Provinsi Aceh Menurut Kabupaten/Kota (miliar rupiah), 2021–2025","Per Capita GRDP at Current Market Prices by Regency/Municipality, in Aceh Province (thousand rupiahss), 2021–2025",1,1,2fdddf24beb8
ACEH,73,Kota Langsa,,2025,**,38.412,,"PDRB Per Kapita Atas Dasar Harga Berlaku di Provinsi Aceh Menurut Kabupaten/Kota (miliar rupiah), 2021–2025","Per Capita GRDP at Current Market Prices by Regency/Municipality, in Aceh Province (thousand rupiahss), 2021–2025",1,1,1c961a99b840
ACEH,74,Kota Lhokseumawe,,2025,**,62.538,,"PDRB Per Kapita Atas Dasar Harga Berlaku di Provinsi Aceh Menurut Kabupaten/Kota (miliar rupiah), 2021–2025","Per Capita GRDP at Current Market Prices by Regency/Municipality, in Aceh Province (thousand rupiahss), 2021–2025",1,1,453e71967ee5
ACEH,75,Kota Subulussalam,,2025,**,29.503,,"PDRB Per Kapita Atas Dasar Harga Berlaku di Provinsi Aceh Menurut Kabupaten/Kota (miliar rupiah), 2021–2025","Per Capita GRDP at Current Market Prices by Regency/Municipality, in Aceh Province (thousand rupiahss), 2021–2025",1,1,a650c0b5f5e5
ACEH,,Jml Kab./Kota Total of Reg./Mun.,,2025,**,45.231,,"PDRB Per Kapita Atas Dasar Harga Berlaku di Provinsi Aceh Menurut Kabupaten/Kota (miliar rupiah), 2021–2025","Per Capita GRDP at Current Market Prices by Regency/Municipality, in Aceh Province (thousand rupiahss), 2021–2025",1,1,2693308f8da1
ACEH,,Provinsi/Province,,2025,**,45.770,,"PDRB Per Kapita Atas Dasar Harga Berlaku di Provinsi Aceh Menurut Kabupaten/Kota (miliar rupiah), 2021–2025","Per Capita GRDP at Current Market Prices by Regency/Municipality, in Aceh Province (thousand rupiahss), 2021–2025",1,1,88cf752396e6
SUMATERA UTARA,01,Kab. Nias,,2025,**,35.990,,"PDRB Per Kapita Atas Dasar Harga Berlaku di Provinsi Sumatera Utara Menurut Kabupaten/Kota (ribu rupiah), 2021–2025","Per Capita GRDP at Current Market Prices by Regency/Municipality, in Sumatera Utara Province (thousand rupiahss), 2021–2025",2,2,d68f9341981d
SUMATERA UTARA,02,Kab. Mandailing Natal,,2025,**,42.926,,"PDRB Per Kapita Atas Dasar Harga Berlaku di Provinsi Sumatera Utara Menurut Kabupaten/Kota (ribu rupiah), 2021–2025","Per Capita GRDP at Current Market Prices by Regency/Municipality, in Sumatera Utara Province (thousand rupiahss), 2021–2025",2,2,fe91cc9cb4a3
SUMATERA UTARA,03,Kab. Tapanuli Selatan,,2025,**,73.793,,"PDRB Per Kapita Atas Dasar Harga Berlaku di Provinsi Sumatera Utara Menurut Kabupaten/Kota (ribu rupiah), 2021–2025","Per Capita GRDP at Current Market Prices by Regency/Municipality, in Sumatera Utara Province (thousand rupiahss), 2021–2025",2,2,12b53a4613dc
SUMATERA UTARA,04,Kab. Tapanuli Tengah,,2025,**,36.137,,"PDRB Per Kapita Atas Dasar Harga Berlaku di Provinsi Sumatera Utara Menurut Kabupaten/Kota (ribu rupiah), 2021–2025","Per Capita GRDP at Current Market Prices by Regency/Municipality, in Sumatera Utara Province (thousand rupiahss), 2021–2025",2,2,c70409d9cc82
SUMATERA UTARA,05,Kab. Tapanuli Utara,,2025,**,36.426,,"PDRB Per Kapita Atas Dasar Harga Berlaku di Provinsi Sumatera Utara Menurut Kabupaten/Kota (ribu rupiah), 2021–2025","Per Capita GRDP at Current Market Prices by Regency/Municipality, in Sumatera Utara Province (thousand rupiahss), 2021–2025",2,2,2bd07e644bd1
SUMATERA UTARA,06,Kab. Toba Samosir,,2025,**,49.330,,"PDRB Per Kapita Atas Dasar Harga Berlaku di Provinsi Sumatera Utara Menurut Kabupaten/Kota (ribu rupiah), 2021–2025","Per Capita GRDP at Current Market Prices by Regency/Municipality, in Sumatera Utara Province (thousand rupiahss), 2021–2025",2,2,c0147955bba7
SUMATERA UTARA,07,Kab. Labuhan Batu,,2025,**,104.032,,"PDRB Per Kapita Atas Dasar Harga Berlaku di Provinsi Sumatera Utara Menurut Kabupaten/Kota (ribu rupiah), 2021–2025","Per Capita GRDP at Current Market Prices by Regency/Municipality, in Sumatera Utara Province (thousand rupiahss), 2021–2025",2,2,d9f8d5d63395
SUMATERA UTARA,08,Kab. Asahan,,2025,**,76.576,,"PDRB Per Kapita Atas Dasar Harga Berlaku di Provinsi Sumatera Utara Menurut Kabupaten/Kota (ribu rupiah), 2021–2025","Per Capita GRDP at Current Market Prices by Regency/Municipality, in Sumatera Utara Province (thousand rupiahss), 2021–2025",2,2,5d8b80daf36d
SUMATERA UTARA,09,Kab. Simalungun,,2025,**,60.712,,"PDRB Per Kapita Atas Dasar Harga Berlaku di Provinsi Sumatera Utara Menurut Kabupaten/Kota (ribu rupiah), 2021–2025","Per Capita GRDP at Current Market Prices by Regency/Municipality, in Sumatera Utara Province (thousand rupiahss), 2021–2025",2,2,de1c4dbf1352
SUMATERA UTARA,10,Kab. Dairi,,2025,**,40.478,,"PDRB Per Kapita Atas Dasar Harga Berlaku di Provinsi Sumatera Utara Menurut Kabupaten/Kota (ribu rupiah), 2021–2025","Per Capita GRDP at Current Market Prices by Regency/Municipality, in Sumatera Utara Province (thousand rupiahss), 2021–2025",2,2,68cd0ae9bef9
SUMATERA UTARA,11,Kab. Karo,,2025,**,70.508,,"PDRB Per Kapita Atas Dasar Harga Berlaku di Provinsi Sumatera Utara Menurut Kabupaten/Kota (ribu rupiah), 2021–2025","Per Capita GRDP at Current Market Prices by Regency/Municipality, in Sumatera Utara Province (thousand rupiahss), 2021–2025",2,2,93f6f592720c
SUMATERA UTARA,12,Kab. Deli Serdang,,2025,**,78.077,,"PDRB Per Kapita Atas Dasar Harga Berlaku di Provinsi Sumatera Utara Menurut Kabupaten/Kota (ribu rupiah), 2021–2025","Per Capita GRDP at Current Market Prices by Regency/Municipality, in Sumatera Utara Province (thousand rupiahss), 2021–2025",2,2,03d51461ec01
SUMATERA UTARA,13,Kab. Langkat,,2025,**,62.527,,"PDRB Per Kapita Atas Dasar Harga Berlaku di Provinsi Sumatera Utara Menurut Kabupaten/Kota (ribu rupiah), 2021–2025","Per Capita GRDP at Current Market Prices by Regency/Municipality, in Sumatera Utara Province (thousand rupiahss), 2021–2025",2,2,2d0e84cc115a
SUMATERA UTARA,14,Kab. Nias Selatan,,2025,**,24.242,,"PDRB Per Kapita Atas Dasar Harga Berlaku di Provinsi Sumatera Utara Menurut Kabupaten/Kota (ribu rupiah), 2021–2025","Per Capita GRDP at Current Market Prices by Regency/Municipality, in Sumatera Utara Province (thousand rupiahss), 2021–2025",2,2,f3c104ea8eca
SUMATERA UTARA,15,Kab. Humbang Hasundutan,,2025,**,42.161,,"PDRB Per Kapita Atas Dasar Harga Berlaku di Provinsi Sumatera Utara Menurut Kabupaten/Kota (ribu rupiah), 2021–2025","Per Capita GRDP at Current Market Prices by Regency/Municipality, in Sumatera Utara Province (thousand rupiahss), 2021–2025",2,2,f4ec48430218
SUMATERA UTARA,16,Kab. Pakpak Bharat,,2025,**,32.695,,"PDRB Per Kapita Atas Dasar Harga Berlaku di Provinsi Sumatera Utara Menurut Kabupaten/Kota (ribu rupiah), 2021–2025","Per Capita GRDP at Current Market Prices by Regency/Municipality, in Sumatera Utara Province (thousand rupiahss), 2021–2025",2,2,79455b533e6d
SUMATERA UTARA,17,Kab. Samosir,,2025,**,44.948,,"PDRB Per Kapita Atas Dasar Harga Berlaku di Provinsi Sumatera Utara Menurut Kabupaten/Kota (ribu rupiah), 2021–2025","Per Capita GRDP at Current Market Prices by Regency/Municipality, in Sumatera Utara Province (thousand rupiahss), 2021–2025",2,2,a1386222b455
SUMATERA UTARA,18,Kab. Serdang Bedagai,,2025,**,66.022,,"PDRB Per Kapita Atas Dasar Harga Berlaku di Provinsi Sumatera Utara Menurut Kabupaten/Kota (ribu rupiah), 2021–2025","Per Capita GRDP at Current Market Prices by Regency/Municipality, in Sumatera Utara Province (thousand rupiahss), 2021–2025",2,2,bd78f66189dd
SUMATERA UTARA,19,Kab. Batu Bara,,2025,**,115.740,,"PDRB Per Kapita Atas Dasar Harga Berlaku di Provinsi Sumatera Utara Menurut Kabupaten/Kota (ribu rupiah), 2021–2025","Per Capita GRDP at Current Market Prices by Regency/Municipality, in Sumatera Utara Province (thousand rupiahss), 2021–2025",2,2,e49f8a86f16c
SUMATERA UTARA,20,Kab. Padang Lawas Utara,,2025,**,68.393,,"PDRB Per Kapita Atas Dasar Harga Berlaku di Provinsi Sumatera Utara Menurut Kabupaten/Kota (ribu rupiah), 2021–2025","Per Capita GRDP at Current Market Prices by Regency/Municipality, in Sumatera Utara Province (thousand rupiahss), 2021–2025",2,2,d2029a756d8e
SUMATERA UTARA,21,Kab. Padang Lawas,,2025,**,71.948,,"PDRB Per Kapita Atas Dasar Harga Berlaku di Provinsi Sumatera Utara Menurut Kabupaten/Kota (ribu rupiah), 2021–2025","Per Capita GRDP at Current Market Prices by Regency/Municipality, in Sumatera Utara Province (thousand rupiahss), 2021–2025",2,2,c7614b3376ee
SUMATERA UTARA,22,Kab. Labuhan Batu Selatan,,2025,**,134.913,,"PDRB Per Kapita Atas Dasar Harga Berlaku di Provinsi Sumatera Utara Menurut Kabupaten/Kota (ribu rupiah), 2021–2025","Per Capita GRDP at Current Market Prices by Regency/Municipality, in Sumatera Utara Province (thousand rupiahss), 2021–2025",2,2,2f0cb42945f6
SUMATERA UTARA,23,Kab. Labuhan Batu Utara,,2025,**,95.498,,"PDRB Per Kapita Atas Dasar Harga Berlaku di Provinsi Sumatera Utara Menurut Kabupaten/Kota (ribu rupiah), 2021–2025","Per Capita GRDP at Current Market Prices by Regency/Municipality, in Sumatera Utara Province (thousand rupiahss), 2021–2025",2,2,f5a477e7387c
SUMATERA UTARA,24,Kab. Nias Utara,,2025,**,31.766,,"PDRB Per Kapita Atas Dasar Harga Berlaku di Provinsi Sumatera Utara Menurut Kabupaten/Kota (ribu rupiah), 2021–2025","Per Capita GRDP at Current Market Prices by Regency/Municipality, in Sumatera Utara Province (thousand rupiahss), 2021–2025",2,2,fe3299dfe016
SUMATERA UTARA,25,Kab. Nias Barat,,2025,**,26.953,,"PDRB Per Kapita Atas Dasar Harga Berlaku di Provinsi Sumatera Utara Menurut Kabupaten/Kota (ribu rupiah), 2021–2025","Per Capita GRDP at Current Market Prices by Regency/Municipality, in Sumatera Utara Province (thousand rupiahss), 2021–2025",2,2,e1762542337e
SUMATERA UTARA,71,Kota Sibolga,,2025,**,82.119,,"PDRB Per Kapita Atas Dasar Harga Berlaku di Provinsi Sumatera Utara Menurut Kabupaten/Kota (ribu rupiah), 2021–2025","Per Capita GRDP at Current Market Prices by Regency/Municipality, in Sumatera Utara Province (thousand rupiahss), 2021–2025",2,2,0a8f6b9abe47
SUMATERA UTARA,72,Kota Tanjung Balai,,2025,**,69.877,,"PDRB Per Kapita Atas Dasar Harga Berlaku di Provinsi Sumatera Utara Menurut Kabupaten/Kota (ribu rupiah), 2021–2025","Per Capita GRDP at Current Market Prices by Regency/Municipality, in Sumatera Utara Province (thousand rupiahss), 2021–2025",2,2,f6743d0629a1
SUMATERA UTARA,73,Kota Pematang Siantar,,2025,**,66.086,,"PDRB Per Kapita Atas Dasar Harga Berlaku di Provinsi Sumatera Utara Menurut Kabupaten/Kota (ribu rupiah), 2021–2025","Per Capita GRDP at Current Market Prices by Regency/Municipality, in Sumatera Utara Province (thousand rupiahss), 2021–2025",2,2,4b5a64961061
SUMATERA UTARA,74,Kota Tebing Tinggi,,2025,**,45.172,,"PDRB Per Kapita Atas Dasar Harga Berlaku di Provinsi Sumatera Utara Menurut Kabupaten/Kota (ribu rupiah), 2021–2025","Per Capita GRDP at Current Market Prices by Regency/Municipality, in Sumatera Utara Province (thousand rupiahss), 2021–2025",2,2,6b1bf69426a4
SUMATERA UTARA,75,Kota Medan,,2025,**,141.412,,"PDRB Per Kapita Atas Dasar Harga Berlaku di Provinsi Sumatera Utara Menurut Kabupaten/Kota (ribu rupiah), 2021–2025","Per Capita GRDP at Current Market Prices by Regency/Municipality, in Sumatera Utara Province (thousand rupiahss), 2021–2025",2,2,1b4fa7bb0694
SUMATERA UTARA,76,Kota Binjai,,2025,**,53.531,,"PDRB Per Kapita Atas Dasar Harga Berlaku di Provinsi Sumatera Utara Menurut Kabupaten/Kota (ribu rupiah), 2021–2025","Per Capita GRDP at Current Market Prices by Regency/Municipality, in Sumatera Utara Province (thousand rupiahss), 2021–2025",2,2,7fb99e3a4928
SUMATERA UTARA,77,Kota Padang Sidempuan,,2025,**,37.452,,"PDRB Per Kapita Atas Dasar Harga Berlaku di Provinsi Sumatera Utara Menurut Kabupaten/Kota (ribu rupiah), 2021–2025","Per Capita GRDP at Current Market Prices by Regency/Municipality, in Sumatera Utara Province (thousand rupiahss), 2021–2025",2,2,58d6a742fe81
SUMATERA UTARA,78,Kota Gunungsitoli,,2025,**,51.839,,"PDRB Per Kapita Atas Dasar Harga Berlaku di Provinsi Sumatera Utara Menurut Kabupaten/Kota (ribu rupiah), 2021–2025","Per Capita GRDP at Current Market Prices by Regency/Municipality, in Sumatera Utara Province (thousand rupiahss), 2021–2025",2,2,bbc59ed5781a
SUMATERA UTARA,,Jml Kab./Kota Total of Reg./Mun.,,2025,**,78.450,,"PDRB Per Kapita Atas Dasar Harga Berlaku di Provinsi Sumatera Utara Menurut Kabupaten/Kota (ribu rupiah), 2021–2025","Per Capita GRDP at Current Market Prices by Regency/Municipality, in Sumatera Utara Province (thousand rupiahss), 2021–2025",2,2,96f229fa0713
SUMATERA UTARA,,Provinsi/Province,,2025,**,78.310,,"PDRB Per Kapita Atas Dasar Harga Berlaku di Provinsi Sumatera Utara Menurut Kabupaten/Kota (ribu rupiah), 2021–2025","Per Capita GRDP at Current Market Prices by Regency/Municipality, in Sumatera Utara Province (thousand rupiahss), 2021–2025",2,2,a02def924762
SUMATERA BARAT,01,Kab. Kepulauan Mentawai,,2025,**,70.078,,"PDRB Per Kapita Atas Dasar Harga Berlaku di Provinsi Sumatera Barat Menurut Kabupaten/Kota (ribu rupiah), 2021–2025","Per Capita GRDP at Current Market Prices by Regency/Municipality, in Sumatera Barat Province (thousand rupiahss), 2021–2025",3,3,373e3e328e80
SUMATERA BARAT,02,Kab. Pesisir Selatan,,2025,**,37.672,,"PDRB Per Kapita Atas Dasar Harga Berlaku di Provinsi Sumatera Barat Menurut Kabupaten/Kota (ribu rupiah), 2021–2025","Per Capita GRDP at Current Market Prices by Regency/Municipality, in Sumatera Barat Province (thousand rupiahss), 2021–2025",3,3,6c566f7dac6d
SUMATERA BARAT,03,Kab. Solok,,2025,**,46.728,,"PDRB Per Kapita Atas Dasar Harga Berlaku di Provinsi Sumatera Barat Menurut Kabupaten/Kota (ribu rupiah), 2021–2025","Per Capita GRDP at Current Market Prices by Regency/Municipality, in Sumatera Barat Province (thousand rupiahss), 2021–2025",3,3,19152ee1aea7
SUMATERA BARAT,04,Kab. Sijunjung,,2025,**,54.192,,"PDRB Per Kapita Atas Dasar Harga Berlaku di Provinsi Sumatera Barat Menurut Kabupaten/Kota (ribu rupiah), 2021–2025","Per Capita GRDP at Current Market Prices by Regency/Municipality, in Sumatera Barat Province (thousand rupiahss), 2021–2025",3,3,fdbce3a1e2fd
SUMATERA BARAT,05,Kab. Tanah Datar,,2025,**,47.033,,"PDRB Per Kapita Atas Dasar Harga Berlaku di Provinsi Sumatera Barat Menurut Kabupaten/Kota (ribu rupiah), 2021–2025","Per Capita GRDP at Current Market Prices by Regency/Municipality, in Sumatera Barat Province (thousand rupiahss), 2021–2025",3,3,8fec79108dff
SUMATERA BARAT,06,Kab. Padang Pariaman,,2025,**,59.510,,"PDRB Per Kapita Atas Dasar Harga Berlaku di Provinsi Sumatera Barat Menurut Kabupaten/Kota (ribu rupiah), 2021–2025","Per Capita GRDP at Current Market Prices by Regency/Municipality, in Sumatera Barat Province (thousand rupiahss), 2021–2025",3,3,df0df833c629
SUMATERA BARAT,07,Kab. Agam,,2025,**,52.226,,"PDRB Per Kapita Atas Dasar Harga Berlaku di Provinsi Sumatera Barat Menurut Kabupaten/Kota (ribu rupiah), 2021–2025","Per Capita GRDP at Current Market Prices by Regency/Municipality, in Sumatera Barat Province (thousand rupiahss), 2021–2025",3,3,66f033407fec
SUMATERA BARAT,08,Kab. Lima Puluh Kota,,2025,**,55.424,,"PDRB Per Kapita Atas Dasar Harga Berlaku di Provinsi Sumatera Barat Menurut Kabupaten/Kota (ribu rupiah), 2021–2025","Per Capita GRDP at Current Market Prices by Regency/Municipality, in Sumatera Barat Province (thousand rupiahss), 2021–2025",3,3,ddfcda26d990
SUMATERA BARAT,09,Kab. Pasaman,,2025,**,39.977,,"PDRB Per Kapita Atas Dasar Harga Berlaku di Provinsi Sumatera Barat Menurut Kabupaten/Kota (ribu rupiah), 2021–2025","Per Capita GRDP at Current Market Prices by Regency/Municipality, in Sumatera Barat Province (thousand rupiahss), 2021–2025",3,3,6edffffe1430
SUMATERA BARAT,10,Kab. Solok Selatan,,2025,**,41.091,,"PDRB Per Kapita Atas Dasar Harga Berlaku di Provinsi Sumatera Barat Menurut Kabupaten/Kota (ribu rupiah), 2021–2025","Per Capita GRDP at Current Market Prices by Regency/Municipality, in Sumatera Barat Province (thousand rupiahss), 2021–2025",3,3,8e1cb89be3bf
SUMATERA BARAT,11,Kab. Dharmasraya,,2025,**,62.070,,"PDRB Per Kapita Atas Dasar Harga Berlaku di Provinsi Sumatera Barat Menurut Kabupaten/Kota (ribu rupiah), 2021–2025","Per Capita GRDP at Current Market Prices by Regency/Municipality, in Sumatera Barat Province (thousand rupiahss), 2021–2025",3,3,af457db7fcdb
SUMATERA BARAT,12,Kab. Pasaman Barat,,2025,**,49.730,,"PDRB Per Kapita Atas Dasar Harga Berlaku di Provinsi Sumatera Barat Menurut Kabupaten/Kota (ribu rupiah), 2021–2025","Per Capita GRDP at Current Market Prices by Regency/Municipality, in Sumatera Barat Province (thousand rupiahss), 2021–2025",3,3,71014e6676b2
SUMATERA BARAT,71,Kota Padang,,2025,**,92.210,,"PDRB Per Kapita Atas Dasar Harga Berlaku di Provinsi Sumatera Barat Menurut Kabupaten/Kota (ribu rupiah), 2021–2025","Per Capita GRDP at Current Market Prices by Regency/Municipality, in Sumatera Barat Province (thousand rupiahss), 2021–2025",3,3,73fce3b0fc9c
SUMATERA BARAT,72,Kota Solok,,2025,**,72.531,,"PDRB Per Kapita Atas Dasar Harga Berlaku di Provinsi Sumatera Barat Menurut Kabupaten/Kota (ribu rupiah), 2021–2025","Per Capita GRDP at Current Market Prices by Regency/Municipality, in Sumatera Barat Province (thousand rupiahss), 2021–2025",3,3,632bafe85e6b
SUMATERA BARAT,73,Kota Sawah Lunto,,2025,**,78.072,,"PDRB Per Kapita Atas Dasar Harga Berlaku di Provinsi Sumatera Barat Menurut Kabupaten/Kota (ribu rupiah), 2021–2025","Per Capita GRDP at Current Market Prices by Regency/Municipality, in Sumatera Barat Province (thousand rupiahss), 2021–2025",3,3,835a5643005b
SUMATERA BARAT,74,Kota Padang Panjang,,2025,**,84.091,,"PDRB Per Kapita Atas Dasar Harga Berlaku di Provinsi Sumatera Barat Menurut Kabupaten/Kota (ribu rupiah), 2021–2025","Per Capita GRDP at Current Market Prices by Regency/Municipality, in Sumatera Barat Province (thousand rupiahss), 2021–2025",3,3,45963f3deb7e
SUMATERA BARAT,75,Kota Bukittinggi,,2025,**,98.634,,"PDRB Per Kapita Atas Dasar Harga Berlaku di Provinsi Sumatera Barat Menurut Kabupaten/Kota (ribu rupiah), 2021–2025","Per Capita GRDP at Current Market Prices by Regency/Municipality, in Sumatera Barat Province (thousand rupiahss), 2021–2025",3,3,61b114927854
SUMATERA BARAT,76,Kota Payakumbuh,,2025,**,66.037,,"PDRB Per Kapita Atas Dasar Harga Berlaku di Provinsi Sumatera Barat Menurut Kabupaten/Kota (ribu rupiah), 2021–2025","Per Capita GRDP at Current Market Prices by Regency/Municipality, in Sumatera Barat Province (thousand rupiahss), 2021–2025",3,3,3b5d7900e119
SUMATERA BARAT,77,Kota Pariaman,,2025,**,73.255,,"PDRB Per Kapita Atas Dasar Harga Berlaku di Provinsi Sumatera Barat Menurut Kabupaten/Kota (ribu rupiah), 2021–2025","Per Capita GRDP at Current Market Prices by Regency/Municipality, in Sumatera Barat Province (thousand rupiahss), 2021–2025",3,3,089f4ccc5c95
SUMATERA BARAT,,Jml Kab./Kota Total of Reg./Mun.,,2025,**,59.622,,"PDRB Per Kapita Atas Dasar Harga Berlaku di Provinsi Sumatera Barat Menurut Kabupaten/Kota (ribu rupiah), 2021–2025","Per Capita GRDP at Current Market Prices by Regency/Municipality, in Sumatera Barat Province (thousand rupiahss), 2021–2025",3,3,116fcdb3155b
SUMATERA BARAT,,Provinsi/Province,,2025,**,59.549,,"PDRB Per Kapita Atas Dasar Harga Berlaku di Provinsi Sumatera Barat Menurut Kabupaten/Kota (ribu rupiah), 2021–2025","Per Capita GRDP at Current Market Prices by Regency/Municipality, in Sumatera Barat Province (thousand rupiahss), 2021–2025",3,3,475851545ff5
RIAU,01,Kab. Kuantan Singingi,,2025,**,165.729,,"PDRB Per Kapita Atas Dasar Harga Berlaku di Provinsi Riau Menurut Kabupaten/Kota (ribu rupiah), 2021–2025","Per Capita GRDP at Current Market Prices by Regency/Municipality, in Riau Province (thousand rupiahss), 2021–2025",4,4,59e12ea8e50e
RIAU,02,Kab.indragiri Hulu,,2025,**,138.340,,"PDRB Per Kapita Atas Dasar Harga Berlaku di Provinsi Riau Menurut Kabupaten/Kota (ribu rupiah), 2021–2025","Per Capita GRDP at Current Market Prices by Regency/Municipality, in Riau Province (thousand rupiahss), 2021–2025",4,4,e02bd2f99cf0
RIAU,03,Kab.indragiri Hilir,,2025,**,151.246,,"PDRB Per Kapita Atas Dasar Harga Berlaku di Provinsi Riau Menurut Kabupaten/Kota (ribu rupiah), 2021–2025","Per Capita GRDP at Current Market Prices by Regency/Municipality, in Riau Province (thousand rupiahss), 2021–2025",4,4,ad21e71809da
RIAU,04,Kab. Pelalawan,,2025,**,201.842,,"PDRB Per Kapita Atas Dasar Harga Berlaku di Provinsi Riau Menurut Kabupaten/Kota (ribu rupiah), 2021–2025","Per Capita GRDP at Current Market Prices by Regency/Municipality, in Riau Province (thousand rupiahss), 2021–2025",4,4,66cc0e470d67
RIAU,05,Kab. Siak,,2025,**,268.741,,"PDRB Per Kapita Atas Dasar Harga Berlaku di Provinsi Riau Menurut Kabupaten/Kota (ribu rupiah), 2021–2025","Per Capita GRDP at Current Market Prices by Regency/Municipality, in Riau Province (thousand rupiahss), 2021–2025",4,4,c3d84397a8d2
RIAU,06,Kab. Kampar,,2025,**,139.238,,"PDRB Per Kapita Atas Dasar Harga Berlaku di Provinsi Riau Menurut Kabupaten/Kota (ribu rupiah), 2021–2025","Per Capita GRDP at Current Market Prices by Regency/Municipality, in Riau Province (thousand rupiahss), 2021–2025",4,4,9bd7d223610e
RIAU,07,Kab. Rokan Hulu,,2025,**,108.513,,"PDRB Per Kapita Atas Dasar Harga Berlaku di Provinsi Riau Menurut Kabupaten/Kota (ribu rupiah), 2021–2025","Per Capita GRDP at Current Market Prices by Regency/Municipality, in Riau Province (thousand rupiahss), 2021–2025",4,4,d85020061efd
RIAU,08,Kab. Bengkalis,,2025,**,292.063,,"PDRB Per Kapita Atas Dasar Harga Berlaku di Provinsi Riau Menurut Kabupaten/Kota (ribu rupiah), 2021–2025","Per Capita GRDP at Current Market Prices by Regency/Municipality, in Riau Province (thousand rupiahss), 2021–2025",4,4,87cdf6ab81a2
RIAU,09,Kab. Rokan Hilir,,2025,**,158.403,,"PDRB Per Kapita Atas Dasar Harga Berlaku di Provinsi Riau Menurut Kabupaten/Kota (ribu rupiah), 2021–2025","Per Capita GRDP at Current Market Prices by Regency/Municipality, in Riau Province (thousand rupiahss), 2021–2025",4,4,c963174a99c1
RIAU,10,Kab. Kepulauan Meranti,,2025,**,137.262,,"PDRB Per Kapita Atas Dasar Harga Berlaku di Provinsi Riau Menurut Kabupaten/Kota (ribu rupiah), 2021–2025","Per Capita GRDP at Current Market Prices by Regency/Municipality, in Riau Province (thousand rupiahss), 2021–2025",4,4,aeea904b543f
RIAU,71,Kota Pekan Baru,,2025,**,178.023,,"PDRB Per Kapita Atas Dasar Harga Berlaku di Provinsi Riau Menurut Kabupaten/Kota (ribu rupiah), 2021–2025","Per Capita GRDP at Current Market Prices by Regency/Municipality, in Riau Province (thousand rupiahss), 2021–2025",4,4,9938825b942f
RIAU,73,Kota Dumai,,2025,**,171.171,,"PDRB Per Kapita Atas Dasar Harga Berlaku di Provinsi Riau Menurut Kabupaten/Kota (ribu rupiah), 2021–2025","Per Capita GRDP at Current Market Prices by Regency/Municipality, in Riau Province (thousand rupiahss), 2021–2025",4,4,a01da028de7c
RIAU,,Jml Kab./Kota Total of Reg./Mun.,,2025,**,175.015,,"PDRB Per Kapita Atas Dasar Harga Berlaku di Provinsi Riau Menurut Kabupaten/Kota (ribu rupiah), 2021–2025","Per Capita GRDP at Current Market Prices by Regency/Municipality, in Riau Province (thousand rupiahss), 2021–2025",4,4,5949b1c6fe23
RIAU,,Provinsi/Province,,2025,**,176.385,,"PDRB Per Kapita Atas Dasar Harga Berlaku di Provinsi Riau Menurut Kabupaten/Kota (ribu rupiah), 2021–2025","Per Capita GRDP at Current Market Prices by Regency/Municipality, in Riau Province (thousand rupiahss), 2021–2025",4,4,6b058b35ced9
JAMBI,01,Kab. Kerinci,,2025,**,61.231,,"PDRB Per Kapita Atas Dasar Harga Berlaku di Provinsi Jambi Menurut Kabupaten/Kota (ribu rupiah), 2021–2025","Per Capita GRDP at Current Market Prices by Regency/Municipality, in Jambi Province (thousand rupiahss), 2021–2025",5,5,cf027b0d10cc
JAMBI,02,Kab. Merangin,,2025,**,73.667,,"PDRB Per Kapita Atas Dasar Harga Berlaku di Provinsi Jambi Menurut Kabupaten/Kota (ribu rupiah), 2021–2025","Per Capita GRDP at Current Market Prices by Regency/Municipality, in Jambi Province (thousand rupiahss), 2021–2025",5,5,5500c3d8386b
JAMBI,03,Kab. Sarolangun,,2025,**,79.338,,"PDRB Per Kapita Atas Dasar Harga Berlaku di Provinsi Jambi Menurut Kabupaten/Kota (ribu rupiah), 2021–2025","Per Capita GRDP at Current Market Prices by Regency/Municipality, in Jambi Province (thousand rupiahss), 2021–2025",5,5,fe9c70a755aa
JAMBI,04,Kab. Batanghari,,2025,**,89.310,,"PDRB Per Kapita Atas Dasar Harga Berlaku di Provinsi Jambi Menurut Kabupaten/Kota (ribu rupiah), 2021–2025","Per Capita GRDP at Current Market Prices by Regency/Municipality, in Jambi Province (thousand rupiahss), 2021–2025",5,5,08a63cb5dda9
JAMBI,05,Kab. Muaro Jambi,,2025,**,102.140,,"PDRB Per Kapita Atas Dasar Harga Berlaku di Provinsi Jambi Menurut Kabupaten/Kota (ribu rupiah), 2021–2025","Per Capita GRDP at Current Market Prices by Regency/Municipality, in Jambi Province (thousand rupiahss), 2021–2025",5,5,9652f3443634
JAMBI,06,Kab. Tanjung Jabung Timur,,2025,**,127.737,,"PDRB Per Kapita Atas Dasar Harga Berlaku di Provinsi Jambi Menurut Kabupaten/Kota (ribu rupiah), 2021–2025","Per Capita GRDP at Current Market Prices by Regency/Municipality, in Jambi Province (thousand rupiahss), 2021–2025",5,5,8f8d0fb11f57
JAMBI,07,Kab. Tanjung Jabung Barat,,2025,**,182.033,,"PDRB Per Kapita Atas Dasar Harga Berlaku di Provinsi Jambi Menurut Kabupaten/Kota (ribu rupiah), 2021–2025","Per Capita GRDP at Current Market Prices by Regency/Municipality, in Jambi Province (thousand rupiahss), 2021–2025",5,5,014c588f26fa
JAMBI,08,Kab. Tebo,,2025,**,69.024,,"PDRB Per Kapita Atas Dasar Harga Berlaku di Provinsi Jambi Menurut Kabupaten/Kota (ribu rupiah), 2021–2025","Per Capita GRDP at Current Market Prices by Regency/Municipality, in Jambi Province (thousand rupiahss), 2021–2025",5,5,eb7ef366fd6c
JAMBI,09,Kab. Bungo,,2025,**,75.853,,"PDRB Per Kapita Atas Dasar Harga Berlaku di Provinsi Jambi Menurut Kabupaten/Kota (ribu rupiah), 2021–2025","Per Capita GRDP at Current Market Prices by Regency/Municipality, in Jambi Province (thousand rupiahss), 2021–2025",5,5,c6dbc4265e72
JAMBI,71,Kota Jambi,,2025,**,73.339,,"PDRB Per Kapita Atas Dasar Harga Berlaku di Provinsi Jambi Menurut Kabupaten/Kota (ribu rupiah), 2021–2025","Per Capita GRDP at Current Market Prices by Regency/Municipality, in Jambi Province (thousand rupiahss), 2021–2025",5,5,034a03d5f00c
JAMBI,72,Kota Sungai Penuh,,2025,**,108.706,,"PDRB Per Kapita Atas Dasar Harga Berlaku di Provinsi Jambi Menurut Kabupaten/Kota (ribu rupiah), 2021–2025","Per Capita GRDP at Current Market Prices by Regency/Municipality, in Jambi Province (thousand rupiahss), 2021–2025",5,5,c34ba917d4ab
JAMBI,,Jml Kab./Kota Total of Reg./Mun.,,2025,**,91.762,,"PDRB Per Kapita Atas Dasar Harga Berlaku di Provinsi Jambi Menurut Kabupaten/Kota (ribu rupiah), 2021–2025","Per Capita GRDP at Current Market Prices by Regency/Municipality, in Jambi Province (thousand rupiahss), 2021–2025",5,5,77b6113beb7e
JAMBI,,Provinsi/Province,,2025,**,92.786,,"PDRB Per Kapita Atas Dasar Harga Berlaku di Provinsi Jambi Menurut Kabupaten/Kota (ribu rupiah), 2021–2025","Per Capita GRDP at Current Market Prices by Regency/Municipality, in Jambi Province (thousand rupiahss), 2021–2025",5,5,fe06f93b7204
SUMATERA SELATAN,01,Kab. Ogan Komering Ulu,,2025,**,57.539,,"PDRB Per Kapita Atas Dasar Harga Berlaku di Provinsi Sumatera Selatan Menurut Kabupaten/Kota (ribu rupiah), 2021–2025","Per Capita GRDP at Current Market Prices by Regency/Municipality, in Sumatera Selatan Province (thousand rupiahss), 2021–2025",6,6,243e04f3fa97
SUMATERA SELATAN,02,Kab. Ogan Komering Ilir,,2025,**,62.413,,"PDRB Per Kapita Atas Dasar Harga Berlaku di Provinsi Sumatera Selatan Menurut Kabupaten/Kota (ribu rupiah), 2021–2025","Per Capita GRDP at Current Market Prices by Regency/Municipality, in Sumatera Selatan Province (thousand rupiahss), 2021–2025",6,6,0be9237893e0
SUMATERA SELATAN,03,Kab. Muara Enim,,2025,**,197.853,,"PDRB Per Kapita Atas Dasar Harga Berlaku di Provinsi Sumatera Selatan Menurut Kabupaten/Kota (ribu rupiah), 2021–2025","Per Capita GRDP at Current Market Prices by Regency/Municipality, in Sumatera Selatan Province (thousand rupiahss), 2021–2025",6,6,4344389ab1ee
SUMATERA SELATAN,04,Kab. Lahat,,2025,**,71.122,,"PDRB Per Kapita Atas Dasar Harga Berlaku di Provinsi Sumatera Selatan Menurut Kabupaten/Kota (ribu rupiah), 2021–2025","Per Capita GRDP at Current Market Prices by Regency/Municipality, in Sumatera Selatan Province (thousand rupiahss), 2021–2025",6,6,c1592b45a889
SUMATERA SELATAN,05,Kab. Musi Rawas,,2025,**,65.504,,"PDRB Per Kapita Atas Dasar Harga Berlaku di Provinsi Sumatera Selatan Menurut Kabupaten/Kota (ribu rupiah), 2021–2025","Per Capita GRDP at Current Market Prices by Regency/Municipality, in Sumatera Selatan Province (thousand rupiahss), 2021–2025",6,6,7d36abd29942
SUMATERA SELATAN,06,Kab. Musi Banyuasin,,2025,**,150.064,,"PDRB Per Kapita Atas Dasar Harga Berlaku di Provinsi Sumatera Selatan Menurut Kabupaten/Kota (ribu rupiah), 2021–2025","Per Capita GRDP at Current Market Prices by Regency/Municipality, in Sumatera Selatan Province (thousand rupiahss), 2021–2025",6,6,4f46fc37476b
SUMATERA SELATAN,07,Kab. Banyuasin,,2025,**,48.766,,"PDRB Per Kapita Atas Dasar Harga Berlaku di Provinsi Sumatera Selatan Menurut Kabupaten/Kota (ribu rupiah), 2021–2025","Per Capita GRDP at Current Market Prices by Regency/Municipality, in Sumatera Selatan Province (thousand rupiahss), 2021–2025",6,6,9c116d14cc38
SUMATERA SELATAN,08,Kab. Ogan Komering Ulu Selatan,,2025,**,29.443,,"PDRB Per Kapita Atas Dasar Harga Berlaku di Provinsi Sumatera Selatan Menurut Kabupaten/Kota (ribu rupiah), 2021–2025","Per Capita GRDP at Current Market Prices by Regency/Municipality, in Sumatera Selatan Province (thousand rupiahss), 2021–2025",6,6,0c37a1ff5f8d
SUMATERA SELATAN,09,Kab. Ogan Komering Ulu Timur,,2025,**,33.145,,"PDRB Per Kapita Atas Dasar Harga Berlaku di Provinsi Sumatera Selatan Menurut Kabupaten/Kota (ribu rupiah), 2021–2025","Per Capita GRDP at Current Market Prices by Regency/Municipality, in Sumatera Selatan Province (thousand rupiahss), 2021–2025",6,6,f11652c53c8c
SUMATERA SELATAN,10,Kab. Ogan Ilir,,2025,**,37.001,,"PDRB Per Kapita Atas Dasar Harga Berlaku di Provinsi Sumatera Selatan Menurut Kabupaten/Kota (ribu rupiah), 2021–2025","Per Capita GRDP at Current Market Prices by Regency/Municipality, in Sumatera Selatan Province (thousand rupiahss), 2021–2025",6,6,59b982984f2c
SUMATERA SELATAN,11,Kab. Empat Lawang,,2025,**,21.151,,"PDRB Per Kapita Atas Dasar Harga Berlaku di Provinsi Sumatera Selatan Menurut Kabupaten/Kota (ribu rupiah), 2021–2025","Per Capita GRDP at Current Market Prices by Regency/Municipality, in Sumatera Selatan Province (thousand rupiahss), 2021–2025",6,6,643db9aabfad
SUMATERA SELATAN,12,Kab. Penukal Abab Lematang Ilir,,2025,**,49.703,,"PDRB Per Kapita Atas Dasar Harga Berlaku di Provinsi Sumatera Selatan Menurut Kabupaten/Kota (ribu rupiah), 2021–2025","Per Capita GRDP at Current Market Prices by Regency/Municipality, in Sumatera Selatan Province (thousand rupiahss), 2021–2025",6,6,51cb7927a2f7
SUMATERA SELATAN,13,Kab. Musi Rawas Utara,,2025,**,50.163,,"PDRB Per Kapita Atas Dasar Harga Berlaku di Provinsi Sumatera Selatan Menurut Kabupaten/Kota (ribu rupiah), 2021–2025","Per Capita GRDP at Current Market Prices by Regency/Municipality, in Sumatera Selatan Province (thousand rupiahss), 2021–2025",6,6,300f5b986c37
SUMATERA SELATAN,71,Kota Palembang,,2025,**,130.917,,"PDRB Per Kapita Atas Dasar Harga Berlaku di Provinsi Sumatera Selatan Menurut Kabupaten/Kota (ribu rupiah), 2021–2025","Per Capita GRDP at Current Market Prices by Regency/Municipality, in Sumatera Selatan Province (thousand rupiahss), 2021–2025",6,6,987f44e0d863
SUMATERA SELATAN,72,Kota Prabumulih,,2025,**,55.058,,"PDRB Per Kapita Atas Dasar Harga Berlaku di Provinsi Sumatera Selatan Menurut Kabupaten/Kota (ribu rupiah), 2021–2025","Per Capita GRDP at Current Market Prices by Regency/Municipality, in Sumatera Selatan Province (thousand rupiahss), 2021–2025",6,6,2bd7b8ac0f86
SUMATERA SELATAN,73,Kota Pagar Alam,,2025,**,27.708,,"PDRB Per Kapita Atas Dasar Harga Berlaku di Provinsi Sumatera Selatan Menurut Kabupaten/Kota (ribu rupiah), 2021–2025","Per Capita GRDP at Current Market Prices by Regency/Municipality, in Sumatera Selatan Province (thousand rupiahss), 2021–2025",6,6,c731a930b84e
SUMATERA SELATAN,74,Kota Lubuk Linggau,,2025,**,37.690,,"PDRB Per Kapita Atas Dasar Harga Berlaku di Provinsi Sumatera Selatan Menurut Kabupaten/Kota (ribu rupiah), 2021–2025","Per Capita GRDP at Current Market Prices by Regency/Municipality, in Sumatera Selatan Province (thousand rupiahss), 2021–2025",6,6,23bcf781105a
SUMATERA SELATAN,,Jml Kab./Kota Total of Reg./Mun.,,2025,**,82.272,,"PDRB Per Kapita Atas Dasar Harga Berlaku di Provinsi Sumatera Selatan Menurut Kabupaten/Kota (ribu rupiah), 2021–2025","Per Capita GRDP at Current Market Prices by Regency/Municipality, in Sumatera Selatan Province (thousand rupiahss), 2021–2025",6,6,cc1001fa6b1f
SUMATERA SELATAN,,Provinsi/Province,,2025,**,80.663,,"PDRB Per Kapita Atas Dasar Harga Berlaku di Provinsi Sumatera Selatan Menurut Kabupaten/Kota (ribu rupiah), 2021–2025","Per Capita GRDP at Current Market Prices by Regency/Municipality, in Sumatera Selatan Province (thousand rupiahss), 2021–2025",6,6,88ddfc2b34f8
BENGKULU,01,Kab. Bengkulu Selatan,,2025,**,48.580,,"PDRB Per Kapita Atas Dasar Harga Berlaku di Provinsi Bengkulu Menurut Kabupaten/Kota (ribu rupiah), 2021–2025","Per Capita GRDP at Current Market Prices by Regency/Municipality, in Bengkulu Province (thousand rupiahss), 2021–2025",7,7,d51ca2fb36e1
BENGKULU,02,Kab. Rejang Lebong,,2025,**,48.053,,"PDRB Per Kapita Atas Dasar Harga Berlaku di Provinsi Bengkulu Menurut Kabupaten/Kota (ribu rupiah), 2021–2025","Per Capita GRDP at Current Market Prices by Regency/Municipality, in Bengkulu Province (thousand rupiahss), 2021–2025",7,7,34b4e81b9d9b
BENGKULU,03,Kab. Bengkulu Utara,,2025,**,43.622,,"PDRB Per Kapita Atas Dasar Harga Berlaku di Provinsi Bengkulu Menurut Kabupaten/Kota (ribu rupiah), 2021–2025","Per Capita GRDP at Current Market Prices by Regency/Municipality, in Bengkulu Province (thousand rupiahss), 2021–2025",7,7,07df946cfaf1
BENGKULU,04,Kab. Kaur,,2025,**,40.155,,"PDRB Per Kapita Atas Dasar Harga Berlaku di Provinsi Bengkulu Menurut Kabupaten/Kota (ribu rupiah), 2021–2025","Per Capita GRDP at Current Market Prices by Regency/Municipality, in Bengkulu Province (thousand rupiahss), 2021–2025",7,7,2f18602c45f9
BENGKULU,05,Kab. Seluma,,2025,**,31.160,,"PDRB Per Kapita Atas Dasar Harga Berlaku di Provinsi Bengkulu Menurut Kabupaten/Kota (ribu rupiah), 2021–2025","Per Capita GRDP at Current Market Prices by Regency/Municipality, in Bengkulu Province (thousand rupiahss), 2021–2025",7,7,4b1ba1ab0ef1
BENGKULU,06,Kab. Mukomuko,,2025,**,40.606,,"PDRB Per Kapita Atas Dasar Harga Berlaku di Provinsi Bengkulu Menurut Kabupaten/Kota (ribu rupiah), 2021–2025","Per Capita GRDP at Current Market Prices by Regency/Municipality, in Bengkulu Province (thousand rupiahss), 2021–2025",7,7,22f41ab81577
BENGKULU,07,Kab. Lebong,,2025,**,43.585,,"PDRB Per Kapita Atas Dasar Harga Berlaku di Provinsi Bengkulu Menurut Kabupaten/Kota (ribu rupiah), 2021–2025","Per Capita GRDP at Current Market Prices by Regency/Municipality, in Bengkulu Province (thousand rupiahss), 2021–2025",7,7,d86d7357c639
BENGKULU,08,Kab. Kepahiang,,2025,**,43.404,,"PDRB Per Kapita Atas Dasar Harga Berlaku di Provinsi Bengkulu Menurut Kabupaten/Kota (ribu rupiah), 2021–2025","Per Capita GRDP at Current Market Prices by Regency/Municipality, in Bengkulu Province (thousand rupiahss), 2021–2025",7,7,3fb2664fe2ab
BENGKULU,09,Kab. Bengkulu Tengah,,2025,**,57.775,,"PDRB Per Kapita Atas Dasar Harga Berlaku di Provinsi Bengkulu Menurut Kabupaten/Kota (ribu rupiah), 2021–2025","Per Capita GRDP at Current Market Prices by Regency/Municipality, in Bengkulu Province (thousand rupiahss), 2021–2025",7,7,697e03b96cd1
BENGKULU,71,Kota Bengkulu,,2025,**,88.539,,"PDRB Per Kapita Atas Dasar Harga Berlaku di Provinsi Bengkulu Menurut Kabupaten/Kota (ribu rupiah), 2021–2025","Per Capita GRDP at Current Market Prices by Regency/Municipality, in Bengkulu Province (thousand rupiahss), 2021–2025",7,7,bf41f571bd22
BENGKULU,,Jml Kab./Kota Total of Reg./Mun.,,2025,**,52.126,,"PDRB Per Kapita Atas Dasar Harga Berlaku di Provinsi Bengkulu Menurut Kabupaten/Kota (ribu rupiah), 2021–2025","Per Capita GRDP at Current Market Prices by Regency/Municipality, in Bengkulu Province (thousand rupiahss), 2021–2025",7,7,f5530f56aebd
BENGKULU,,Provinsi/Province,,2025,**,52.305,,"PDRB Per Kapita Atas Dasar Harga Berlaku di Provinsi Bengkulu Menurut Kabupaten/Kota (ribu rupiah), 2021–2025","Per Capita GRDP at Current Market Prices by Regency/Municipality, in Bengkulu Province (thousand rupiahss), 2021–2025",7,7,1317f550e87d
LAMPUNG,01,Kab. Lampung Barat,,2025,**,33.739,,"PDRB Per Kapita Atas Dasar Harga Berlaku di Provinsi Lampung Menurut Kabupaten/Kota (ribu rupiah), 2021–2025","Per Capita GRDP at Current Market Prices by Regency/Municipality, in Lampung Province (thousand rupiahss), 2021–2025",8,8,afb8790692b1
LAMPUNG,02,Kab. Tanggamus,,2025,**,33.516,,"PDRB Per Kapita Atas Dasar Harga Berlaku di Provinsi Lampung Menurut Kabupaten/Kota (ribu rupiah), 2021–2025","Per Capita GRDP at Current Market Prices by Regency/Municipality, in Lampung Province (thousand rupiahss), 2021–2025",8,8,ccc23b1ec9d3
LAMPUNG,03,Kab. Lampung Selatan,,2025,**,57.931,,"PDRB Per Kapita Atas Dasar Harga Berlaku di Provinsi Lampung Menurut Kabupaten/Kota (ribu rupiah), 2021–2025","Per Capita GRDP at Current Market Prices by Regency/Municipality, in Lampung Province (thousand rupiahss), 2021–2025",8,8,a50f085d2ab2
LAMPUNG,04,Kab. Lampung Timur,,2025,**,52.319,,"PDRB Per Kapita Atas Dasar Harga Berlaku di Provinsi Lampung Menurut Kabupaten/Kota (ribu rupiah), 2021–2025","Per Capita GRDP at Current Market Prices by Regency/Municipality, in Lampung Province (thousand rupiahss), 2021–2025",8,8,5b743b21f8fa
LAMPUNG,05,Kab. Lampung Tengah,,2025,**,68.413,,"PDRB Per Kapita Atas Dasar Harga Berlaku di Provinsi Lampung Menurut Kabupaten/Kota (ribu rupiah), 2021–2025","Per Capita GRDP at Current Market Prices by Regency/Municipality, in Lampung Province (thousand rupiahss), 2021–2025",8,8,cbab47d6e48c
LAMPUNG,06,Kab. Lampung Utara,,2025,**,51.760,,"PDRB Per Kapita Atas Dasar Harga Berlaku di Provinsi Lampung Menurut Kabupaten/Kota (ribu rupiah), 2021–2025","Per Capita GRDP at Current Market Prices by Regency/Municipality, in Lampung Province (thousand rupiahss), 2021–2025",8,8,29d6e7e35337
LAMPUNG,07,Kab. Way Kanan,,2025,**,41.733,,"PDRB Per Kapita Atas Dasar Harga Berlaku di Provinsi Lampung Menurut Kabupaten/Kota (ribu rupiah), 2021–2025","Per Capita GRDP at Current Market Prices by Regency/Municipality, in Lampung Province (thousand rupiahss), 2021–2025",8,8,9043ced23dde
LAMPUNG,08,Kab. Tulang Bawang,,2025,**,72.989,,"PDRB Per Kapita Atas Dasar Harga Berlaku di Provinsi Lampung Menurut Kabupaten/Kota (ribu rupiah), 2021–2025","Per Capita GRDP at Current Market Prices by Regency/Municipality, in Lampung Province (thousand rupiahss), 2021–2025",8,8,db2f1e39a60b
LAMPUNG,09,Kab. Pesawaran,,2025,**,46.313,,"PDRB Per Kapita Atas Dasar Harga Berlaku di Provinsi Lampung Menurut Kabupaten/Kota (ribu rupiah), 2021–2025","Per Capita GRDP at Current Market Prices by Regency/Municipality, in Lampung Province (thousand rupiahss), 2021–2025",8,8,e482287a6ef4
LAMPUNG,10,Kab. Pringsewu,,2025,**,38.197,,"PDRB Per Kapita Atas Dasar Harga Berlaku di Provinsi Lampung Menurut Kabupaten/Kota (ribu rupiah), 2021–2025","Per Capita GRDP at Current Market Prices by Regency/Municipality, in Lampung Province (thousand rupiahss), 2021–2025",8,8,bb7682660d52
LAMPUNG,11,Kab. Mesuji,,2025,**,62.954,,"PDRB Per Kapita Atas Dasar Harga Berlaku di Provinsi Lampung Menurut Kabupaten/Kota (ribu rupiah), 2021–2025","Per Capita GRDP at Current Market Prices by Regency/Municipality, in Lampung Province (thousand rupiahss), 2021–2025",8,8,f449f3b26786
LAMPUNG,12,Kab. Tulang Bawang Barat,,2025,**,55.874,,"PDRB Per Kapita Atas Dasar Harga Berlaku di Provinsi Lampung Menurut Kabupaten/Kota (ribu rupiah), 2021–2025","Per Capita GRDP at Current Market Prices by Regency/Municipality, in Lampung Province (thousand rupiahss), 2021–2025",8,8,b0c3a823b851
LAMPUNG,13,Kab. Pesisir Barat,,2025,**,38.200,,"PDRB Per Kapita Atas Dasar Harga Berlaku di Provinsi Lampung Menurut Kabupaten/Kota (ribu rupiah), 2021–2025","Per Capita GRDP at Current Market Prices by Regency/Municipality, in Lampung Province (thousand rupiahss), 2021–2025",8,8,1afc5ccc69a8
LAMPUNG,71,Kota Bandar Lampung,,2025,**,70.118,,"PDRB Per Kapita Atas Dasar Harga Berlaku di Provinsi Lampung Menurut Kabupaten/Kota (ribu rupiah), 2021–2025","Per Capita GRDP at Current Market Prices by Regency/Municipality, in Lampung Province (thousand rupiahss), 2021–2025",8,8,dc6361057854
LAMPUNG,72,Kota Metro,,2025,**,51.741,,"PDRB Per Kapita Atas Dasar Harga Berlaku di Provinsi Lampung Menurut Kabupaten/Kota (ribu rupiah), 2021–2025","Per Capita GRDP at Current Market Prices by Regency/Municipality, in Lampung Province (thousand rupiahss), 2021–2025",8,8,2a560ef7d319
LAMPUNG,,Jml Kab./Kota Total of Reg./Mun.,,2025,**,55.472,,"PDRB Per Kapita Atas Dasar Harga Berlaku di Provinsi Lampung Menurut Kabupaten/Kota (ribu rupiah), 2021–2025","Per Capita GRDP at Current Market Prices by Regency/Municipality, in Lampung Province (thousand rupiahss), 2021–2025",8,8,41b8fbc23c8f
LAMPUNG,,Provinsi/Province,,2025,**,55.009,,"PDRB Per Kapita Atas Dasar Harga Berlaku di Provinsi Lampung Menurut Kabupaten/Kota (ribu rupiah), 2021–2025","Per Capita GRDP at Current Market Prices by Regency/Municipality, in Lampung Province (thousand rupiahss), 2021–2025",8,8,6c8f44812af8
KEPULAUAN BANGKA BELITUNG,01,Kab. Bangka,,2025,**,63.272,,"PDRB Per Kapita Atas Dasar Harga Berlaku di Provinsi Kepulauan Bangka Belitung Menurut Kabupaten/Kota (ribu rupiah), 2021–2025","Per Capita GRDP at Current Market Prices by Regency/Municipality, in Kepulauan Bangka Belitung Province (thousand rupiahss), 2021–2025",9,9,c8694bac032b
KEPULAUAN BANGKA BELITUNG,02,Kab. Belitung,,2025,**,78.751,,"PDRB Per Kapita Atas Dasar Harga Berlaku di Provinsi Kepulauan Bangka Belitung Menurut Kabupaten/Kota (ribu rupiah), 2021–2025","Per Capita GRDP at Current Market Prices by Regency/Municipality, in Kepulauan Bangka Belitung Province (thousand rupiahss), 2021–2025",9,9,48628c9243ff
KEPULAUAN BANGKA BELITUNG,03,Kab. Bangka Barat,,2025,**,97.858,,"PDRB Per Kapita Atas Dasar Harga Berlaku di Provinsi Kepulauan Bangka Belitung Menurut Kabupaten/Kota (ribu rupiah), 2021–2025","Per Capita GRDP at Current Market Prices by Regency/Municipality, in Kepulauan Bangka Belitung Province (thousand rupiahss), 2021–2025",9,9,baa9cac8717c
KEPULAUAN BANGKA BELITUNG,04,Kab. Bangka Tengah,,2025,**,60.591,,"PDRB Per Kapita Atas Dasar Harga Berlaku di Provinsi Kepulauan Bangka Belitung Menurut Kabupaten/Kota (ribu rupiah), 2021–2025","Per Capita GRDP at Current Market Prices by Regency/Municipality, in Kepulauan Bangka Belitung Province (thousand rupiahss), 2021–2025",9,9,7d48f85d3f22
KEPULAUAN BANGKA BELITUNG,05,Kab. Bangka Selatan,,2025,**,61.995,,"PDRB Per Kapita Atas Dasar Harga Berlaku di Provinsi Kepulauan Bangka Belitung Menurut Kabupaten/Kota (ribu rupiah), 2021–2025","Per Capita GRDP at Current Market Prices by Regency/Municipality, in Kepulauan Bangka Belitung Province (thousand rupiahss), 2021–2025",9,9,414ee27f391e
KEPULAUAN BANGKA BELITUNG,06,Kab. Belitung Timur,,2025,**,89.142,,"PDRB Per Kapita Atas Dasar Harga Berlaku di Provinsi Kepulauan Bangka Belitung Menurut Kabupaten/Kota (ribu rupiah), 2021–2025","Per Capita GRDP at Current Market Prices by Regency/Municipality, in Kepulauan Bangka Belitung Province (thousand rupiahss), 2021–2025",9,9,397ae6cd70db
KEPULAUAN BANGKA BELITUNG,71,Kota Pangkal Pinang,,2025,**,87.213,,"PDRB Per Kapita Atas Dasar Harga Berlaku di Provinsi Kepulauan Bangka Belitung Menurut Kabupaten/Kota (ribu rupiah), 2021–2025","Per Capita GRDP at Current Market Prices by Regency/Municipality, in Kepulauan Bangka Belitung Province (thousand rupiahss), 2021–2025",9,9,6fdf88e194ba
KEPULAUAN BANGKA BELITUNG,,Jml Kab./Kota Total of Reg./Mun.,,2025,**,75.385,,"PDRB Per Kapita Atas Dasar Harga Berlaku di Provinsi Kepulauan Bangka Belitung Menurut Kabupaten/Kota (ribu rupiah), 2021–2025","Per Capita GRDP at Current Market Prices by Regency/Municipality, in Kepulauan Bangka Belitung Province (thousand rupiahss), 2021–2025",9,9,b3e9b550a9eb
KEPULAUAN BANGKA BELITUNG,,Provinsi/Province,,2025,**,75.323,,"PDRB Per Kapita Atas Dasar Harga Berlaku di Provinsi Kepulauan Bangka Belitung Menurut Kabupaten/Kota (ribu rupiah), 2021–2025","Per Capita GRDP at Current Market Prices by Regency/Municipality, in Kepulauan Bangka Belitung Province (thousand rupiahss), 2021–2025",9,9,3b1316cdbb63
KEPULAUAN RIAU,01,Kab. Karimun,,2025,**,74.982,,"PDRB Per Kapita Atas Dasar Harga Berlaku di Provinsi Kepulauan Riau Menurut Kabupaten/Kota (ribu rupiah), 2021–2025","Per Capita GRDP at Current Market Prices by Regency/Municipality, in Kepulauan Riau Province (thousand rupiahss), 2021–2025",10,10,a1e585985695
KEPULAUAN RIAU,02,Kab. Bintan,,2025,**,193.677,,"PDRB Per Kapita Atas Dasar Harga Berlaku di Provinsi Kepulauan Riau Menurut Kabupaten/Kota (ribu rupiah), 2021–2025","Per Capita GRDP at Current Market Prices by Regency/Municipality, in Kepulauan Riau Province (thousand rupiahss), 2021–2025",10,10,d4e993e430a3
KEPULAUAN RIAU,03,Kab. Natuna,,2025,**,281.436,,"PDRB Per Kapita Atas Dasar Harga Berlaku di Provinsi Kepulauan Riau Menurut Kabupaten/Kota (ribu rupiah), 2021–2025","Per Capita GRDP at Current Market Prices by Regency/Municipality, in Kepulauan Riau Province (thousand rupiahss), 2021–2025",10,10,77c52b50c155
KEPULAUAN RIAU,04,Kab. Lingga,,2025,**,57.827,,"PDRB Per Kapita Atas Dasar Harga Berlaku di Provinsi Kepulauan Riau Menurut Kabupaten/Kota (ribu rupiah), 2021–2025","Per Capita GRDP at Current Market Prices by Regency/Municipality, in Kepulauan Riau Province (thousand rupiahss), 2021–2025",10,10,d9eb753347ec
KEPULAUAN RIAU,05,Kab. Kep. Anambas,,2025,**,399.577,,"PDRB Per Kapita Atas Dasar Harga Berlaku di Provinsi Kepulauan Riau Menurut Kabupaten/Kota (ribu rupiah), 2021–2025","Per Capita GRDP at Current Market Prices by Regency/Municipality, in Kepulauan Riau Province (thousand rupiahss), 2021–2025",10,10,34dc3c248482
KEPULAUAN RIAU,71,Kota Batam,,2025,**,195.565,,"PDRB Per Kapita Atas Dasar Harga Berlaku di Provinsi Kepulauan Riau Menurut Kabupaten/Kota (ribu rupiah), 2021–2025","Per Capita GRDP at Current Market Prices by Regency/Municipality, in Kepulauan Riau Province (thousand rupiahss), 2021–2025",10,10,e1462a925061
KEPULAUAN RIAU,72,Kota Tanjung Pinang,,2025,**,111.013,,"PDRB Per Kapita Atas Dasar Harga Berlaku di Provinsi Kepulauan Riau Menurut Kabupaten/Kota (ribu rupiah), 2021–2025","Per Capita GRDP at Current Market Prices by Regency/Municipality, in Kepulauan Riau Province (thousand rupiahss), 2021–2025",10,10,96e8193d8baa
KEPULAUAN RIAU,,Jml Kab./Kota Total of Reg./Mun.,,2025,**,173.363,,"PDRB Per Kapita Atas Dasar Harga Berlaku di Provinsi Kepulauan Riau Menurut Kabupaten/Kota (ribu rupiah), 2021–2025","Per Capita GRDP at Current Market Prices by Regency/Municipality, in Kepulauan Riau Province (thousand rupiahss), 2021–2025",10,10,058eede6b9f7
KEPULAUAN RIAU,,Provinsi/Province,,2025,**,172.459,,"PDRB Per Kapita Atas Dasar Harga Berlaku di Provinsi Kepulauan Riau Menurut Kabupaten/Kota (ribu rupiah), 2021–2025","Per Capita GRDP at Current Market Prices by Regency/Municipality, in Kepulauan Riau Province (thousand rupiahss), 2021–2025",10,10,f53fb732fa35
DKI JAKARTA,01,Kab. Kepulauan Seribu,,2021,,291.267,,"PDRB Per Kapita Atas Dasar Harga Berlaku di Provinsi DKI Jakarta Menurut Kabupaten/Kota (ribu rupiah), 2021–2025","Per Capita GRDP at Current Market Prices by Regency/Municipality, in DKI Jakarta Province (thousand rupiahss), 2021–2025",11,1,4a174619bf10
DKI JAKARTA,71,Kota Jakarta Selatan,,2021,,299.398,,"PDRB Per Kapita Atas Dasar Harga Berlaku di Provinsi DKI Jakarta Menurut Kabupaten/Kota (ribu rupiah), 2021–2025","Per Capita GRDP at Current Market Prices by Regency/Municipality, in DKI Jakarta Province (thousand rupiahss), 2021–2025",11,1,70e6e2b78138
DKI JAKARTA,72,Kota Jakarta Timur,,2021,,163.971,,"PDRB Per Kapita Atas Dasar Harga Berlaku di Provinsi DKI Jakarta Menurut Kabupaten/Kota (ribu rupiah), 2021–2025","Per Capita GRDP at Current Market Prices by Regency/Municipality, in DKI Jakarta Province (thousand rupiahss), 2021–2025",11,1,1450f5de2cc2
DKI JAKARTA,73,Kota Jakarta Pusat,,2021,,688.487,,"PDRB Per Kapita Atas Dasar Harga Berlaku di Provinsi DKI Jakarta Menurut Kabupaten/Kota (ribu rupiah), 2021–2025","Per Capita GRDP at Current Market Prices by Regency/Municipality, in DKI Jakarta Province (thousand rupiahss), 2021–2025",11,1,db4be6601270
DKI JAKARTA,74,Kota Jakarta Barat,,2021,,201.829,,"PDRB Per Kapita Atas Dasar Harga Berlaku di Provinsi DKI Jakarta Menurut Kabupaten/Kota (ribu rupiah), 2021–2025","Per Capita GRDP at Current Market Prices by Regency/Municipality, in DKI Jakarta Province (thousand rupiahss), 2021–2025",11,1,47c3b5004462
DKI JAKARTA,75,Kota Jakarta Utara,,2021,,299.603,,"PDRB Per Kapita Atas Dasar Harga Berlaku di Provinsi DKI Jakarta Menurut Kabupaten/Kota (ribu rupiah), 2021–2025","Per Capita GRDP at Current Market Prices by Regency/Municipality, in DKI Jakarta Province (thousand rupiahss), 2021–2025",11,1,aff3a30b6759
DKI JAKARTA,,Jml Kab./Kota Total of Reg./Mun.,,2021,,276.727,,"PDRB Per Kapita Atas Dasar Harga Berlaku di Provinsi DKI Jakarta Menurut Kabupaten/Kota (ribu rupiah), 2021–2025","Per Capita GRDP at Current Market Prices by Regency/Municipality, in DKI Jakarta Province (thousand rupiahss), 2021–2025",11,1,d7eb9060a718
DKI JAKARTA,,Provinsi/Province,,2021,,274.660,,"PDRB Per Kapita Atas Dasar Harga Berlaku di Provinsi DKI Jakarta Menurut Kabupaten/Kota (ribu rupiah), 2021–2025","Per Capita GRDP at Current Market Prices by Regency/Municipality, in DKI Jakarta Province (thousand rupiahss), 2021–2025",11,1,4a96e32ed4ba
JAWA BARAT,01,Kab. Bogor,,2021,,45.384,,"PDRB Per Kapita Atas Dasar Harga Berlaku di Provinsi Jawa Barat Menurut Kabupaten/Kota (ribu rupiah), 2021–2025","Per Capita GRDP at Current Market Prices by Regency/Municipality, in Jawa Barat Province (thousand rupiahss), 2021–2025",12,2,2baeec58478a
JAWA BARAT,02,Kab. Sukabumi,,2021,,25.747,,"PDRB Per Kapita Atas Dasar Harga Berlaku di Provinsi Jawa Barat Menurut Kabupaten/Kota (ribu rupiah), 2021–2025","Per Capita GRDP at Current Market Prices by Regency/Municipality, in Jawa Barat Province (thousand rupiahss), 2021–2025",12,2,64d9661014c6
JAWA BARAT,03,Kab. Cianjur,,2021,,20.050,,"PDRB Per Kapita Atas Dasar Harga Berlaku di Provinsi Jawa Barat Menurut Kabupaten/Kota (ribu rupiah), 2021–2025","Per Capita GRDP at Current Market Prices by Regency/Municipality, in Jawa Barat Province (thousand rupiahss), 2021–2025",12,2,0a324aee487e
JAWA BARAT,04,Kab. Bandung,,2021,,35.724,,"PDRB Per Kapita Atas Dasar Harga Berlaku di Provinsi Jawa Barat Menurut Kabupaten/Kota (ribu rupiah), 2021–2025","Per Capita GRDP at Current Market Prices by Regency/Municipality, in Jawa Barat Province (thousand rupiahss), 2021–2025",12,2,30390e4fa1eb
JAWA BARAT,05,Kab. Garut,,2021,,23.277,,"PDRB Per Kapita Atas Dasar Harga Berlaku di Provinsi Jawa Barat Menurut Kabupaten/Kota (ribu rupiah), 2021–2025","Per Capita GRDP at Current Market Prices by Regency/Municipality, in Jawa Barat Province (thousand rupiahss), 2021–2025",12,2,0ee4dd877f0c
JAWA BARAT,06,Kab. Tasikmalaya,,2021,,20.931,,"PDRB Per Kapita Atas Dasar Harga Berlaku di Provinsi Jawa Barat Menurut Kabupaten/Kota (ribu rupiah), 2021–2025","Per Capita GRDP at Current Market Prices by Regency/Municipality, in Jawa Barat Province (thousand rupiahss), 2021–2025",12,2,3e061452edee
JAWA BARAT,07,Kab. Ciamis,,2021,,27.282,,"PDRB Per Kapita Atas Dasar Harga Berlaku di Provinsi Jawa Barat Menurut Kabupaten/Kota (ribu rupiah), 2021–2025","Per Capita GRDP at Current Market Prices by Regency/Municipality, in Jawa Barat Province (thousand rupiahss), 2021–2025",12,2,4773a8139803
JAWA BARAT,08,Kab. Kuningan,,2021,,22.891,,"PDRB Per Kapita Atas Dasar Harga Berlaku di Provinsi Jawa Barat Menurut Kabupaten/Kota (ribu rupiah), 2021–2025","Per Capita GRDP at Current Market Prices by Regency/Municipality, in Jawa Barat Province (thousand rupiahss), 2021–2025",12,2,775975ecaff4
JAWA BARAT,09,Kab. Cirebon,,2021,,22.730,,"PDRB Per Kapita Atas Dasar Harga Berlaku di Provinsi Jawa Barat Menurut Kabupaten/Kota (ribu rupiah), 2021–2025","Per Capita GRDP at Current Market Prices by Regency/Municipality, in Jawa Barat Province (thousand rupiahss), 2021–2025",12,2,cdb98a14315d
JAWA BARAT,10,Kab. Majalengka,,2021,,25.975,,"PDRB Per Kapita Atas Dasar Harga Berlaku di Provinsi Jawa Barat Menurut Kabupaten/Kota (ribu rupiah), 2021–2025","Per Capita GRDP at Current Market Prices by Regency/Municipality, in Jawa Barat Province (thousand rupiahss), 2021–2025",12,2,39108e9e6b6e
JAWA BARAT,11,Kab. Sumedang,,2021,,31.970,,"PDRB Per Kapita Atas Dasar Harga Berlaku di Provinsi Jawa Barat Menurut Kabupaten/Kota (ribu rupiah), 2021–2025","Per Capita GRDP at Current Market Prices by Regency/Municipality, in Jawa Barat Province (thousand rupiahss), 2021–2025",12,2,1b6842aa1bb6
JAWA BARAT,12,Kab.indramayu,,2021,,44.064,,"PDRB Per Kapita Atas Dasar Harga Berlaku di Provinsi Jawa Barat Menurut Kabupaten/Kota (ribu rupiah), 2021–2025","Per Capita GRDP at Current Market Prices by Regency/Municipality, in Jawa Barat Province (thousand rupiahss), 2021–2025",12,2,37b050e81bfd
JAWA BARAT,13,Kab. Subang,,2021,,26.095,,"PDRB Per Kapita Atas Dasar Harga Berlaku di Provinsi Jawa Barat Menurut Kabupaten/Kota (ribu rupiah), 2021–2025","Per Capita GRDP at Current Market Prices by Regency/Municipality, in Jawa Barat Province (thousand rupiahss), 2021–2025",12,2,9dfab0005986
JAWA BARAT,14,Kab. Purwakarta,,2021,,70.152,,"PDRB Per Kapita Atas Dasar Harga Berlaku di Provinsi Jawa Barat Menurut Kabupaten/Kota (ribu rupiah), 2021–2025","Per Capita GRDP at Current Market Prices by Regency/Municipality, in Jawa Barat Province (thousand rupiahss), 2021–2025",12,2,b881246930e6
JAWA BARAT,15,Kab. Karawang,,2021,,98.846,,"PDRB Per Kapita Atas Dasar Harga Berlaku di Provinsi Jawa Barat Menurut Kabupaten/Kota (ribu rupiah), 2021–2025","Per Capita GRDP at Current Market Prices by Regency/Municipality, in Jawa Barat Province (thousand rupiahss), 2021–2025",12,2,192b76522b60
JAWA BARAT,16,Kab. Bekasi,,2021,,108.104,,"PDRB Per Kapita Atas Dasar Harga Berlaku di Provinsi Jawa Barat Menurut Kabupaten/Kota (ribu rupiah), 2021–2025","Per Capita GRDP at Current Market Prices by Regency/Municipality, in Jawa Barat Province (thousand rupiahss), 2021–2025",12,2,542a16237562
JAWA BARAT,17,Kab. Bandung Barat,,2021,,26.965,,"PDRB Per Kapita Atas Dasar Harga Berlaku di Provinsi Jawa Barat Menurut Kabupaten/Kota (ribu rupiah), 2021–2025","Per Capita GRDP at Current Market Prices by Regency/Municipality, in Jawa Barat Province (thousand rupiahss), 2021–2025",12,2,466d947b5f97
JAWA BARAT,18,Kab. Pangandaran,,2021,,28.501,,"PDRB Per Kapita Atas Dasar Harga Berlaku di Provinsi Jawa Barat Menurut Kabupaten/Kota (ribu rupiah), 2021–2025","Per Capita GRDP at Current Market Prices by Regency/Municipality, in Jawa Barat Province (thousand rupiahss), 2021–2025",12,2,9069f1e4126d
JAWA BARAT,71,Kota Bogor,,2021,,45.984,,"PDRB Per Kapita Atas Dasar Harga Berlaku di Provinsi Jawa Barat Menurut Kabupaten/Kota (ribu rupiah), 2021–2025","Per Capita GRDP at Current Market Prices by Regency/Municipality, in Jawa Barat Province (thousand rupiahss), 2021–2025",12,2,78d434452a45
JAWA BARAT,72,Kota Sukabumi,,2021,,37.278,,"PDRB Per Kapita Atas Dasar Harga Berlaku di Provinsi Jawa Barat Menurut Kabupaten/Kota (ribu rupiah), 2021–2025","Per Capita GRDP at Current Market Prices by Regency/Municipality, in Jawa Barat Province (thousand rupiahss), 2021–2025",12,2,14dc493703dc
JAWA BARAT,73,Kota Bandung,,2021,,120.710,,"PDRB Per Kapita Atas Dasar Harga Berlaku di Provinsi Jawa Barat Menurut Kabupaten/Kota (ribu rupiah), 2021–2025","Per Capita GRDP at Current Market Prices by Regency/Municipality, in Jawa Barat Province (thousand rupiahss), 2021–2025",12,2,4c7758e1229b
JAWA BARAT,74,Kota Cirebon,,2021,,72.978,,"PDRB Per Kapita Atas Dasar Harga Berlaku di Provinsi Jawa Barat Menurut Kabupaten/Kota (ribu rupiah), 2021–2025","Per Capita GRDP at Current Market Prices by Regency/Municipality, in Jawa Barat Province (thousand rupiahss), 2021–2025",12,2,03b66517e1dc
JAWA BARAT,75,Kota Bekasi,,2021,,39.479,,"PDRB Per Kapita Atas Dasar Harga Berlaku di Provinsi Jawa Barat Menurut Kabupaten/Kota (ribu rupiah), 2021–2025","Per Capita GRDP at Current Market Prices by Regency/Municipality, in Jawa Barat Province (thousand rupiahss), 2021–2025",12,2,87e6eaf9d73d
JAWA BARAT,76,Kota Depok,,2021,,35.741,,"PDRB Per Kapita Atas Dasar Harga Berlaku di Provinsi Jawa Barat Menurut Kabupaten/Kota (ribu rupiah), 2021–2025","Per Capita GRDP at Current Market Prices by Regency/Municipality, in Jawa Barat Province (thousand rupiahss), 2021–2025",12,2,f71864edce19
JAWA BARAT,77,Kota Cimahi,,2021,,59.612,,"PDRB Per Kapita Atas Dasar Harga Berlaku di Provinsi Jawa Barat Menurut Kabupaten/Kota (ribu rupiah), 2021–2025","Per Capita GRDP at Current Market Prices by Regency/Municipality, in Jawa Barat Province (thousand rupiahss), 2021–2025",12,2,7f8056de1f02
JAWA BARAT,78,Kota Tasikmalaya,,2021,,31.592,,"PDRB Per Kapita Atas Dasar Harga Berlaku di Provinsi Jawa Barat Menurut Kabupaten/Kota (ribu rupiah), 2021–2025","Per Capita GRDP at Current Market Prices by Regency/Municipality, in Jawa Barat Province (thousand rupiahss), 2021–2025",12,2,52117f92db5c
JAWA BARAT,79,Kota Banjar,,2021,,22.993,,"PDRB Per Kapita Atas Dasar Harga Berlaku di Provinsi Jawa Barat Menurut Kabupaten/Kota (ribu rupiah), 2021–2025","Per Capita GRDP at Current Market Prices by Regency/Municipality, in Jawa Barat Province (thousand rupiahss), 2021–2025",12,2,c1fe82953255
JAWA BARAT,,Jml Kab./Kota Total of Reg./Mun.,,2021,,46.055,,"PDRB Per Kapita Atas Dasar Harga Berlaku di Provinsi Jawa Barat Menurut Kabupaten/Kota (ribu rupiah), 2021–2025","Per Capita GRDP at Current Market Prices by Regency/Municipality, in Jawa Barat Province (thousand rupiahss), 2021–2025",12,2,45661b448114
JAWA BARAT,,Provinsi/Province,,2021,,45.234,,"PDRB Per Kapita Atas Dasar Harga Berlaku di Provinsi Jawa Barat Menurut Kabupaten/Kota (ribu rupiah), 2021–2025","Per Capita GRDP at Current Market Prices by Regency/Municipality, in Jawa Barat Province (thousand rupiahss), 2021–2025",12,2,0fabf7a54966
JAWA TENGAH,01,Kab. Cilacap,,2021,,55.740,,"PDRB Per Kapita Atas Dasar Harga Berlaku di Provinsi Jawa Tengah Menurut Kabupaten/Kota (ribu rupiah), 2021–2025","Per Capita GRDP at Current Market Prices by Regency/Municipality, in Jawa Tengah Province (thousand rupiahss), 2021–2025",13,3,efd487492e30
JAWA TENGAH,02,Kab. Banyumas,,2021,,31.789,,"PDRB Per Kapita Atas Dasar Harga Berlaku di Provinsi Jawa Tengah Menurut Kabupaten/Kota (ribu rupiah), 2021–2025","Per Capita GRDP at Current Market Prices by Regency/Municipality, in Jawa Tengah Province (thousand rupiahss), 2021–2025",13,3,8f241f6274ac
JAWA TENGAH,03,Kab. Purbalingga,,2021,,26.232,,"PDRB Per Kapita Atas Dasar Harga Berlaku di Provinsi Jawa Tengah Menurut Kabupaten/Kota (ribu rupiah), 2021–2025","Per Capita GRDP at Current Market Prices by Regency/Municipality, in Jawa Tengah Province (thousand rupiahss), 2021–2025",13,3,7efe066ed5cb
JAWA TENGAH,04,Kab. Banjarnegara,,2021,,22.256,,"PDRB Per Kapita Atas Dasar Harga Berlaku di Provinsi Jawa Tengah Menurut Kabupaten/Kota (ribu rupiah), 2021–2025","Per Capita GRDP at Current Market Prices by Regency/Municipality, in Jawa Tengah Province (thousand rupiahss), 2021–2025",13,3,727414b08201
JAWA TENGAH,05,Kab. Kebumen,,2021,,21.694,,"PDRB Per Kapita Atas Dasar Harga Berlaku di Provinsi Jawa Tengah Menurut Kabupaten/Kota (ribu rupiah), 2021–2025","Per Capita GRDP at Current Market Prices by Regency/Municipality, in Jawa Tengah Province (thousand rupiahss), 2021–2025",13,3,5024f0fd963b
JAWA TENGAH,06,Kab. Purworejo,,2021,,25.311,,"PDRB Per Kapita Atas Dasar Harga Berlaku di Provinsi Jawa Tengah Menurut Kabupaten/Kota (ribu rupiah), 2021–2025","Per Capita GRDP at Current Market Prices by Regency/Municipality, in Jawa Tengah Province (thousand rupiahss), 2021–2025",13,3,e3ce81d929d0
JAWA TENGAH,07,Kab. Wonosobo,,2021,,22.377,,"PDRB Per Kapita Atas Dasar Harga Berlaku di Provinsi Jawa Tengah Menurut Kabupaten/Kota (ribu rupiah), 2021–2025","Per Capita GRDP at Current Market Prices by Regency/Municipality, in Jawa Tengah Province (thousand rupiahss), 2021–2025",13,3,8933f7c80088
JAWA TENGAH,08,Kab. Magelang,,2021,,26.125,,"PDRB Per Kapita Atas Dasar Harga Berlaku di Provinsi Jawa Tengah Menurut Kabupaten/Kota (ribu rupiah), 2021–2025","Per Capita GRDP at Current Market Prices by Regency/Municipality, in Jawa Tengah Province (thousand rupiahss), 2021–2025",13,3,af9a4377a1a5
JAWA TENGAH,09,Kab. Boyolali,,2021,,32.614,,"PDRB Per Kapita Atas Dasar Harga Berlaku di Provinsi Jawa Tengah Menurut Kabupaten/Kota (ribu rupiah), 2021–2025","Per Capita GRDP at Current Market Prices by Regency/Municipality, in Jawa Tengah Province (thousand rupiahss), 2021–2025",13,3,5730793f6173
JAWA TENGAH,10,Kab. Klaten,,2021,,33.371,,"PDRB Per Kapita Atas Dasar Harga Berlaku di Provinsi Jawa Tengah Menurut Kabupaten/Kota (ribu rupiah), 2021–2025","Per Capita GRDP at Current Market Prices by Regency/Municipality, in Jawa Tengah Province (thousand rupiahss), 2021–2025",13,3,a8af63873e31
JAWA TENGAH,11,Kab. Sukoharjo,,2021,,42.649,,"PDRB Per Kapita Atas Dasar Harga Berlaku di Provinsi Jawa Tengah Menurut Kabupaten/Kota (ribu rupiah), 2021–2025","Per Capita GRDP at Current Market Prices by Regency/Municipality, in Jawa Tengah Province (thousand rupiahss), 2021–2025",13,3,1e3b3c18d828
JAWA TENGAH,12,Kab. Wonogiri,,2021,,29.276,,"PDRB Per Kapita Atas Dasar Harga Berlaku di Provinsi Jawa Tengah Menurut Kabupaten/Kota (ribu rupiah), 2021–2025","Per Capita GRDP at Current Market Prices by Regency/Municipality, in Jawa Tengah Province (thousand rupiahss), 2021–2025",13,3,d5b5b3b52ddc
JAWA TENGAH,13,Kab. Karanganyar,,2021,,41.617,,"PDRB Per Kapita Atas Dasar Harga Berlaku di Provinsi Jawa Tengah Menurut Kabupaten/Kota (ribu rupiah), 2021–2025","Per Capita GRDP at Current Market Prices by Regency/Municipality, in Jawa Tengah Province (thousand rupiahss), 2021–2025",13,3,e770e2605f98
JAWA TENGAH,14,Kab. Sragen,,2021,,40.809,,"PDRB Per Kapita Atas Dasar Harga Berlaku di Provinsi Jawa Tengah Menurut Kabupaten/Kota (ribu rupiah), 2021–2025","Per Capita GRDP at Current Market Prices by Regency/Municipality, in Jawa Tengah Province (thousand rupiahss), 2021–2025",13,3,319e182430a6
JAWA TENGAH,15,Kab. Grobogan,,2021,,19.674,,"PDRB Per Kapita Atas Dasar Harga Berlaku di Provinsi Jawa Tengah Menurut Kabupaten/Kota (ribu rupiah), 2021–2025","Per Capita GRDP at Current Market Prices by Regency/Municipality, in Jawa Tengah Province (thousand rupiahss), 2021–2025",13,3,7a5d5e58cc6c
JAWA TENGAH,16,Kab. Blora,,2021,,30.316,,"PDRB Per Kapita Atas Dasar Harga Berlaku di Provinsi Jawa Tengah Menurut Kabupaten/Kota (ribu rupiah), 2021–2025","Per Capita GRDP at Current Market Prices by Regency/Municipality, in Jawa Tengah Province (thousand rupiahss), 2021–2025",13,3,82b1905b726b
JAWA TENGAH,17,Kab. Rembang,,2021,,30.908,,"PDRB Per Kapita Atas Dasar Harga Berlaku di Provinsi Jawa Tengah Menurut Kabupaten/Kota (ribu rupiah), 2021–2025","Per Capita GRDP at Current Market Prices by Regency/Municipality, in Jawa Tengah Province (thousand rupiahss), 2021–2025",13,3,7f3f0c951bf7
JAWA TENGAH,18,Kab. Pati,,2021,,34.122,,"PDRB Per Kapita Atas Dasar Harga Berlaku di Provinsi Jawa Tengah Menurut Kabupaten/Kota (ribu rupiah), 2021–2025","Per Capita GRDP at Current Market Prices by Regency/Municipality, in Jawa Tengah Province (thousand rupiahss), 2021–2025",13,3,db40e60686e5
JAWA TENGAH,19,Kab. Kudus,,2021,,126.948,,"PDRB Per Kapita Atas Dasar Harga Berlaku di Provinsi Jawa Tengah Menurut Kabupaten/Kota (ribu rupiah), 2021–2025","Per Capita GRDP at Current Market Prices by Regency/Municipality, in Jawa Tengah Province (thousand rupiahss), 2021–2025",13,3,568bed2a2405
JAWA TENGAH,20,Kab. Jepara,,2021,,26.783,,"PDRB Per Kapita Atas Dasar Harga Berlaku di Provinsi Jawa Tengah Menurut Kabupaten/Kota (ribu rupiah), 2021–2025","Per Capita GRDP at Current Market Prices by Regency/Municipality, in Jawa Tengah Province (thousand rupiahss), 2021–2025",13,3,27ad37fb4766
JAWA TENGAH,21,Kab. Demak,,2021,,22.768,,"PDRB Per Kapita Atas Dasar Harga Berlaku di Provinsi Jawa Tengah Menurut Kabupaten/Kota (ribu rupiah), 2021–2025","Per Capita GRDP at Current Market Prices by Regency/Municipality, in Jawa Tengah Province (thousand rupiahss), 2021–2025",13,3,cf0e63fead0f
JAWA TENGAH,22,Kab. Semarang,,2021,,48.793,,"PDRB Per Kapita Atas Dasar Harga Berlaku di Provinsi Jawa Tengah Menurut Kabupaten/Kota (ribu rupiah), 2021–2025","Per Capita GRDP at Current Market Prices by Regency/Municipality, in Jawa Tengah Province (thousand rupiahss), 2021–2025",13,3,9550ce477ee9
JAWA TENGAH,23,Kab. Temanggung,,2021,,28.462,,"PDRB Per Kapita Atas Dasar Harga Berlaku di Provinsi Jawa Tengah Menurut Kabupaten/Kota (ribu rupiah), 2021–2025","Per Capita GRDP at Current Market Prices by Regency/Municipality, in Jawa Tengah Province (thousand rupiahss), 2021–2025",13,3,dba51297f175
JAWA TENGAH,24,Kab. Kendal,,2021,,43.937,,"PDRB Per Kapita Atas Dasar Harga Berlaku di Provinsi Jawa Tengah Menurut Kabupaten/Kota (ribu rupiah), 2021–2025","Per Capita GRDP at Current Market Prices by Regency/Municipality, in Jawa Tengah Province (thousand rupiahss), 2021–2025",13,3,2ffb231c7161
JAWA TENGAH,25,Kab. Batang,,2021,,28.571,,"PDRB Per Kapita Atas Dasar Harga Berlaku di Provinsi Jawa Tengah Menurut Kabupaten/Kota (ribu rupiah), 2021–2025","Per Capita GRDP at Current Market Prices by Regency/Municipality, in Jawa Tengah Province (thousand rupiahss), 2021–2025",13,3,ca0e3d47cbad
JAWA TENGAH,26,Kab. Pekalongan,,2021,,24.437,,"PDRB Per Kapita Atas Dasar Harga Berlaku di Provinsi Jawa Tengah Menurut Kabupaten/Kota (ribu rupiah), 2021–2025","Per Capita GRDP at Current Market Prices by Regency/Municipality, in Jawa Tengah Province (thousand rupiahss), 2021–2025",13,3,4db7bb928adc
JAWA TENGAH,27,Kab. Pemalang,,2021,,18.465,,"PDRB Per Kapita Atas Dasar Harga Berlaku di Provinsi Jawa Tengah Menurut Kabupaten/Kota (ribu rupiah), 2021–2025","Per Capita GRDP at Current Market Prices by Regency/Municipality, in Jawa Tengah Province (thousand rupiahss), 2021–2025",13,3,1d819cffb7fb
JAWA TENGAH,28,Kab. Tegal,,2021,,23.141,,"PDRB Per Kapita Atas Dasar Harga Berlaku di Provinsi Jawa Tengah Menurut Kabupaten/Kota (ribu rupiah), 2021–2025","Per Capita GRDP at Current Market Prices by Regency/Municipality, in Jawa Tengah Province (thousand rupiahss), 2021–2025",13,3,2e0bae3d4868
JAWA TENGAH,29,Kab. Brebes,,2021,,24.525,,"PDRB Per Kapita Atas Dasar Harga Berlaku di Provinsi Jawa Tengah Menurut Kabupaten/Kota (ribu rupiah), 2021–2025","Per Capita GRDP at Current Market Prices by Regency/Municipality, in Jawa Tengah Province (thousand rupiahss), 2021–2025",13,3,9a6acff640f9
JAWA TENGAH,71,Kota Magelang,,2021,,75.495,,"PDRB Per Kapita Atas Dasar Harga Berlaku di Provinsi Jawa Tengah Menurut Kabupaten/Kota (ribu rupiah), 2021–2025","Per Capita GRDP at Current Market Prices by Regency/Municipality, in Jawa Tengah Province (thousand rupiahss), 2021–2025",13,3,7f45663d5ae1
JAWA TENGAH,72,Kota Surakarta,,2021,,96.109,,"PDRB Per Kapita Atas Dasar Harga Berlaku di Provinsi Jawa Tengah Menurut Kabupaten/Kota (ribu rupiah), 2021–2025","Per Capita GRDP at Current Market Prices by Regency/Municipality, in Jawa Tengah Province (thousand rupiahss), 2021–2025",13,3,fc77a98f126d
JAWA TENGAH,73,Kota Salatiga,,2021,,72.166,,"PDRB Per Kapita Atas Dasar Harga Berlaku di Provinsi Jawa Tengah Menurut Kabupaten/Kota (ribu rupiah), 2021–2025","Per Capita GRDP at Current Market Prices by Regency/Municipality, in Jawa Tengah Province (thousand rupiahss), 2021–2025",13,3,d31013cd3cd6
JAWA TENGAH,74,Kota Semarang,,2021,,123.037,,"PDRB Per Kapita Atas Dasar Harga Berlaku di Provinsi Jawa Tengah Menurut Kabupaten/Kota (ribu rupiah), 2021–2025","Per Capita GRDP at Current Market Prices by Regency/Municipality, in Jawa Tengah Province (thousand rupiahss), 2021–2025",13,3,c0d85afb2293
JAWA TENGAH,75,Kota Pekalongan,,2021,,36.955,,"PDRB Per Kapita Atas Dasar Harga Berlaku di Provinsi Jawa Tengah Menurut Kabupaten/Kota (ribu rupiah), 2021–2025","Per Capita GRDP at Current Market Prices by Regency/Municipality, in Jawa Tengah Province (thousand rupiahss), 2021–2025",13,3,2968d1e63315
JAWA TENGAH,76,Kota Tegal,,2021,,57.949,,"PDRB Per Kapita Atas Dasar Harga Berlaku di Provinsi Jawa Tengah Menurut Kabupaten/Kota (ribu rupiah), 2021–2025","Per Capita GRDP at Current Market Prices by Regency/Municipality, in Jawa Tengah Province (thousand rupiahss), 2021–2025",13,3,e94aa3523817
JAWA TENGAH,,Jml Kab./Kota Total of Reg./Mun.,,2021,,38.607,,"PDRB Per Kapita Atas Dasar Harga Berlaku di Provinsi Jawa Tengah Menurut Kabupaten/Kota (ribu rupiah), 2021–2025","Per Capita GRDP at Current Market Prices by Regency/Municipality, in Jawa Tengah Province (thousand rupiahss), 2021–2025",13,3,f80ccc4bdac3
JAWA TENGAH,,Provinsi/Province,,2021,,38.568,,"PDRB Per Kapita Atas Dasar Harga Berlaku di Provinsi Jawa Tengah Menurut Kabupaten/Kota (ribu rupiah), 2021–2025","Per Capita GRDP at Current Market Prices by Regency/Municipality, in Jawa Tengah Province (thousand rupiahss), 2021–2025",13,3,5b488f8701d4
DI YOGYAKARTA,01,Kab. Kulon Progo,,2021,,28.851,,"PDRB Per Kapita Atas Dasar Harga Berlaku di Provinsi DI Yogyakarta Menurut Kabupaten/Kota (ribu rupiah), 2021–2025","Per Capita GRDP at Current Market Prices by Regency/Municipality, in DI Yogyakarta Province (thousand rupiahss), 2021–2025",14,4,796fee8df961
DI YOGYAKARTA,02,Kab. Bantul,,2021,,28.356,,"PDRB Per Kapita Atas Dasar Harga Berlaku di Provinsi DI Yogyakarta Menurut Kabupaten/Kota (ribu rupiah), 2021–2025","Per Capita GRDP at Current Market Prices by Regency/Municipality, in DI Yogyakarta Province (thousand rupiahss), 2021–2025",14,4,127c5685b0ca
DI YOGYAKARTA,03,Kab. Gunung Kidul,,2021,,27.304,,"PDRB Per Kapita Atas Dasar Harga Berlaku di Provinsi DI Yogyakarta Menurut Kabupaten/Kota (ribu rupiah), 2021–2025","Per Capita GRDP at Current Market Prices by Regency/Municipality, in DI Yogyakarta Province (thousand rupiahss), 2021–2025",14,4,e66c3c07434f
DI YOGYAKARTA,04,Kab. Sleman,,2021,,43.560,,"PDRB Per Kapita Atas Dasar Harga Berlaku di Provinsi DI Yogyakarta Menurut Kabupaten/Kota (ribu rupiah), 2021–2025","Per Capita GRDP at Current Market Prices by Regency/Municipality, in DI Yogyakarta Province (thousand rupiahss), 2021–2025",14,4,1433ef85effb
DI YOGYAKARTA,71,Kota Yogyakarta,,2021,,102.702,,"PDRB Per Kapita Atas Dasar Harga Berlaku di Provinsi DI Yogyakarta Menurut Kabupaten/Kota (ribu rupiah), 2021–2025","Per Capita GRDP at Current Market Prices by Regency/Municipality, in DI Yogyakarta Province (thousand rupiahss), 2021–2025",14,4,961516f7c40f
DI YOGYAKARTA,,Jml Kab./Kota Total of Reg./Mun.,,2021,,40.443,,"PDRB Per Kapita Atas Dasar Harga Berlaku di Provinsi DI Yogyakarta Menurut Kabupaten/Kota (ribu rupiah), 2021–2025","Per Capita GRDP at Current Market Prices by Regency/Municipality, in DI Yogyakarta Province (thousand rupiahss), 2021–2025",14,4,09f1238a7782
DI YOGYAKARTA,,Provinsi/Province,,2021,,40.516,,"PDRB Per Kapita Atas Dasar Harga Berlaku di Provinsi DI Yogyakarta Menurut Kabupaten/Kota (ribu rupiah), 2021–2025","Per Capita GRDP at Current Market Prices by Regency/Municipality, in DI Yogyakarta Province (thousand rupiahss), 2021–2025",14,4,5bdac388822c
JAWA TIMUR,01,Kab. Pacitan,,2021,,27.932,,"PDRB Per Kapita Atas Dasar Harga Berlaku di Provinsi Jawa Timur Menurut Kabupaten/Kota (ribu rupiah), 2021–2025","Per Capita GRDP at Current Market Prices by Regency/Municipality, in Jawa Timur Province (thousand rupiahss), 2021–2025",15,5,bf3d22c9596b
JAWA TIMUR,02,Kab. Ponorogo,,2021,,22.432,,"PDRB Per Kapita Atas Dasar Harga Berlaku di Provinsi Jawa Timur Menurut Kabupaten/Kota (ribu rupiah), 2021–2025","Per Capita GRDP at Current Market Prices by Regency/Municipality, in Jawa Timur Province (thousand rupiahss), 2021–2025",15,5,b7b1383ece8c
JAWA TIMUR,03,Kab. Trenggalek,,2021,,26.160,,"PDRB Per Kapita Atas Dasar Harga Berlaku di Provinsi Jawa Timur Menurut Kabupaten/Kota (ribu rupiah), 2021–2025","Per Capita GRDP at Current Market Prices by Regency/Municipality, in Jawa Timur Province (thousand rupiahss), 2021–2025",15,5,bb262f9837f9
JAWA TIMUR,04,Kab. Tulungagung,,2021,,36.688,,"PDRB Per Kapita Atas Dasar Harga Berlaku di Provinsi Jawa Timur Menurut Kabupaten/Kota (ribu rupiah), 2021–2025","Per Capita GRDP at Current Market Prices by Regency/Municipality, in Jawa Timur Province (thousand rupiahss), 2021–2025",15,5,86493a8421ff
JAWA TIMUR,05,Kab. Blitar,,2021,,30.683,,"PDRB Per Kapita Atas Dasar Harga Berlaku di Provinsi Jawa Timur Menurut Kabupaten/Kota (ribu rupiah), 2021–2025","Per Capita GRDP at Current Market Prices by Regency/Municipality, in Jawa Timur Province (thousand rupiahss), 2021–2025",15,5,f591e83a4322
JAWA TIMUR,06,Kab. Kediri,,2021,,25.867,,"PDRB Per Kapita Atas Dasar Harga Berlaku di Provinsi Jawa Timur Menurut Kabupaten/Kota (ribu rupiah), 2021–2025","Per Capita GRDP at Current Market Prices by Regency/Municipality, in Jawa Timur Province (thousand rupiahss), 2021–2025",15,5,833a329ddb46
JAWA TIMUR,07,Kab. Malang,,2021,,40.057,,"PDRB Per Kapita Atas Dasar Harga Berlaku di Provinsi Jawa Timur Menurut Kabupaten/Kota (ribu rupiah), 2021–2025","Per Capita GRDP at Current Market Prices by Regency/Municipality, in Jawa Timur Province (thousand rupiahss), 2021–2025",15,5,195415c2f290
JAWA TIMUR,08,Kab. Lumajang,,2021,,29.939,,"PDRB Per Kapita Atas Dasar Harga Berlaku di Provinsi Jawa Timur Menurut Kabupaten/Kota (ribu rupiah), 2021–2025","Per Capita GRDP at Current Market Prices by Regency/Municipality, in Jawa Timur Province (thousand rupiahss), 2021–2025",15,5,a1b4a2e47ab6
JAWA TIMUR,09,Kab. Jember,,2021,,31.781,,"PDRB Per Kapita Atas Dasar Harga Berlaku di Provinsi Jawa Timur Menurut Kabupaten/Kota (ribu rupiah), 2021–2025","Per Capita GRDP at Current Market Prices by Regency/Municipality, in Jawa Timur Province (thousand rupiahss), 2021–2025",15,5,3da0e0a3a2c7
JAWA TIMUR,10,Kab. Banyuwangi,,2021,,49.896,,"PDRB Per Kapita Atas Dasar Harga Berlaku di Provinsi Jawa Timur Menurut Kabupaten/Kota (ribu rupiah), 2021–2025","Per Capita GRDP at Current Market Prices by Regency/Municipality, in Jawa Timur Province (thousand rupiahss), 2021–2025",15,5,6d514a30e94d
JAWA TIMUR,11,Kab. Bondowoso,,2021,,27.009,,"PDRB Per Kapita Atas Dasar Harga Berlaku di Provinsi Jawa Timur Menurut Kabupaten/Kota (ribu rupiah), 2021–2025","Per Capita GRDP at Current Market Prices by Regency/Municipality, in Jawa Timur Province (thousand rupiahss), 2021–2025",15,5,76a22de48416
JAWA TIMUR,12,Kab. Situbondo,,2021,,30.765,,"PDRB Per Kapita Atas Dasar Harga Berlaku di Provinsi Jawa Timur Menurut Kabupaten/Kota (ribu rupiah), 2021–2025","Per Capita GRDP at Current Market Prices by Regency/Municipality, in Jawa Timur Province (thousand rupiahss), 2021–2025",15,5,800f295806d2
JAWA TIMUR,13,Kab. Probolinggo,,2021,,30.708,,"PDRB Per Kapita Atas Dasar Harga Berlaku di Provinsi Jawa Timur Menurut Kabupaten/Kota (ribu rupiah), 2021–2025","Per Capita GRDP at Current Market Prices by Regency/Municipality, in Jawa Timur Province (thousand rupiahss), 2021–2025",15,5,c8314f5a4e60
JAWA TIMUR,14,Kab. Pasuruan,,2021,,97.171,,"PDRB Per Kapita Atas Dasar Harga Berlaku di Provinsi Jawa Timur Menurut Kabupaten/Kota (ribu rupiah), 2021–2025","Per Capita GRDP at Current Market Prices by Regency/Municipality, in Jawa Timur Province (thousand rupiahss), 2021–2025",15,5,fb9f7590b59a
JAWA TIMUR,15,Kab. Sidoarjo,,2021,,100.252,,"PDRB Per Kapita Atas Dasar Harga Berlaku di Provinsi Jawa Timur Menurut Kabupaten/Kota (ribu rupiah), 2021–2025","Per Capita GRDP at Current Market Prices by Regency/Municipality, in Jawa Timur Province (thousand rupiahss), 2021–2025",15,5,b237eb425ac3
JAWA TIMUR,16,Kab. Mojokerto,,2021,,77.340,,"PDRB Per Kapita Atas Dasar Harga Berlaku di Provinsi Jawa Timur Menurut Kabupaten/Kota (ribu rupiah), 2021–2025","Per Capita GRDP at Current Market Prices by Regency/Municipality, in Jawa Timur Province (thousand rupiahss), 2021–2025",15,5,021134182229
JAWA TIMUR,17,Kab. Jombang,,2021,,31.449,,"PDRB Per Kapita Atas Dasar Harga Berlaku di Provinsi Jawa Timur Menurut Kabupaten/Kota (ribu rupiah), 2021–2025","Per Capita GRDP at Current Market Prices by Regency/Municipality, in Jawa Timur Province (thousand rupiahss), 2021–2025",15,5,cd1a67f0ced5
JAWA TIMUR,18,Kab. Nganjuk,,2021,,25.280,,"PDRB Per Kapita Atas Dasar Harga Berlaku di Provinsi Jawa Timur Menurut Kabupaten/Kota (ribu rupiah), 2021–2025","Per Capita GRDP at Current Market Prices by Regency/Municipality, in Jawa Timur Province (thousand rupiahss), 2021–2025",15,5,8f82e176a8e4
JAWA TIMUR,19,Kab. Madiun,,2021,,26.802,,"PDRB Per Kapita Atas Dasar Harga Berlaku di Provinsi Jawa Timur Menurut Kabupaten/Kota (ribu rupiah), 2021–2025","Per Capita GRDP at Current Market Prices by Regency/Municipality, in Jawa Timur Province (thousand rupiahss), 2021–2025",15,5,2e858098f7cc
JAWA TIMUR,20,Kab. Magetan,,2021,,29.081,,"PDRB Per Kapita Atas Dasar Harga Berlaku di Provinsi Jawa Timur Menurut Kabupaten/Kota (ribu rupiah), 2021–2025","Per Capita GRDP at Current Market Prices by Regency/Municipality, in Jawa Timur Province (thousand rupiahss), 2021–2025",15,5,24fdcd73b415
JAWA TIMUR,21,Kab. Ngawi,,2021,,23.838,,"PDRB Per Kapita Atas Dasar Harga Berlaku di Provinsi Jawa Timur Menurut Kabupaten/Kota (ribu rupiah), 2021–2025","Per Capita GRDP at Current Market Prices by Regency/Municipality, in Jawa Timur Province (thousand rupiahss), 2021–2025",15,5,30f727b2b38b
JAWA TIMUR,22,Kab. Bojonegoro,,2021,,64.424,,"PDRB Per Kapita Atas Dasar Harga Berlaku di Provinsi Jawa Timur Menurut Kabupaten/Kota (ribu rupiah), 2021–2025","Per Capita GRDP at Current Market Prices by Regency/Municipality, in Jawa Timur Province (thousand rupiahss), 2021–2025",15,5,27348b817bc2
JAWA TIMUR,23,Kab. Tuban,,2021,,54.739,,"PDRB Per Kapita Atas Dasar Harga Berlaku di Provinsi Jawa Timur Menurut Kabupaten/Kota (ribu rupiah), 2021–2025","Per Capita GRDP at Current Market Prices by Regency/Municipality, in Jawa Timur Province (thousand rupiahss), 2021–2025",15,5,4b87a90850ef
JAWA TIMUR,24,Kab. Lamongan,,2021,,30.373,,"PDRB Per Kapita Atas Dasar Harga Berlaku di Provinsi Jawa Timur Menurut Kabupaten/Kota (ribu rupiah), 2021–2025","Per Capita GRDP at Current Market Prices by Regency/Municipality, in Jawa Timur Province (thousand rupiahss), 2021–2025",15,5,01a49ff4fc7c
JAWA TIMUR,25,Kab. Gresik,,2021,,109.418,,"PDRB Per Kapita Atas Dasar Harga Berlaku di Provinsi Jawa Timur Menurut Kabupaten/Kota (ribu rupiah), 2021–2025","Per Capita GRDP at Current Market Prices by Regency/Municipality, in Jawa Timur Province (thousand rupiahss), 2021–2025",15,5,31ab8d0079a4
JAWA TIMUR,26,Kab. Bangkalan,,2021,,23.148,,"PDRB Per Kapita Atas Dasar Harga Berlaku di Provinsi Jawa Timur Menurut Kabupaten/Kota (ribu rupiah), 2021–2025","Per Capita GRDP at Current Market Prices by Regency/Municipality, in Jawa Timur Province (thousand rupiahss), 2021–2025",15,5,53016523690b
JAWA TIMUR,27,Kab. Sampang,,2021,,21.064,,"PDRB Per Kapita Atas Dasar Harga Berlaku di Provinsi Jawa Timur Menurut Kabupaten/Kota (ribu rupiah), 2021–2025","Per Capita GRDP at Current Market Prices by Regency/Municipality, in Jawa Timur Province (thousand rupiahss), 2021–2025",15,5,e27b0f52245b
JAWA TIMUR,28,Kab. Pamekasan,,2021,,20.596,,"PDRB Per Kapita Atas Dasar Harga Berlaku di Provinsi Jawa Timur Menurut Kabupaten/Kota (ribu rupiah), 2021–2025","Per Capita GRDP at Current Market Prices by Regency/Municipality, in Jawa Timur Province (thousand rupiahss), 2021–2025",15,5,8f09eb66e2b1
JAWA TIMUR,29,Kab. Sumenep,,2021,,31.177,,"PDRB Per Kapita Atas Dasar Harga Berlaku di Provinsi Jawa Timur Menurut Kabupaten/Kota (ribu rupiah), 2021–2025","Per Capita GRDP at Current Market Prices by Regency/Municipality, in Jawa Timur Province (thousand rupiahss), 2021–2025",15,5,26692d55c79d
JAWA TIMUR,71,Kota Kediri,,2021,,489.294,,"PDRB Per Kapita Atas Dasar Harga Berlaku di Provinsi Jawa Timur Menurut Kabupaten/Kota (ribu rupiah), 2021–2025","Per Capita GRDP at Current Market Prices by Regency/Municipality, in Jawa Timur Province (thousand rupiahss), 2021–2025",15,5,e78ae2861e5f
JAWA TIMUR,72,Kota Blitar,,2021,,47.329,,"PDRB Per Kapita Atas Dasar Harga Berlaku di Provinsi Jawa Timur Menurut Kabupaten/Kota (ribu rupiah), 2021–2025","Per Capita GRDP at Current Market Prices by Regency/Municipality, in Jawa Timur Province (thousand rupiahss), 2021–2025",15,5,633ef63c4ad8
JAWA TIMUR,73,Kota Malang,,2021,,90.160,,"PDRB Per Kapita Atas Dasar Harga Berlaku di Provinsi Jawa Timur Menurut Kabupaten/Kota (ribu rupiah), 2021–2025","Per Capita GRDP at Current Market Prices by Regency/Municipality, in Jawa Timur Province (thousand rupiahss), 2021–2025",15,5,c765abffb703
JAWA TIMUR,74,Kota Probolinggo,,2021,,48.406,,"PDRB Per Kapita Atas Dasar Harga Berlaku di Provinsi Jawa Timur Menurut Kabupaten/Kota (ribu rupiah), 2021–2025","Per Capita GRDP at Current Market Prices by Regency/Municipality, in Jawa Timur Province (thousand rupiahss), 2021–2025",15,5,ec49cbd7dbc2
JAWA TIMUR,75,Kota Pasuruan,,2021,,40.372,,"PDRB Per Kapita Atas Dasar Harga Berlaku di Provinsi Jawa Timur Menurut Kabupaten/Kota (ribu rupiah), 2021–2025","Per Capita GRDP at Current Market Prices by Regency/Municipality, in Jawa Timur Province (thousand rupiahss), 2021–2025",15,5,07c6f143da8b
JAWA TIMUR,76,Kota Mojokerto,,2021,,51.962,,"PDRB Per Kapita Atas Dasar Harga Berlaku di Provinsi Jawa Timur Menurut Kabupaten/Kota (ribu rupiah), 2021–2025","Per Capita GRDP at Current Market Prices by Regency/Municipality, in Jawa Timur Province (thousand rupiahss), 2021–2025",15,5,6e265347c434
JAWA TIMUR,77,Kota Madiun,,2021,,73.502,,"PDRB Per Kapita Atas Dasar Harga Berlaku di Provinsi Jawa Timur Menurut Kabupaten/Kota (ribu rupiah), 2021–2025","Per Capita GRDP at Current Market Prices by Regency/Municipality, in Jawa Timur Province (thousand rupiahss), 2021–2025",15,5,8b66ce0e3a48
JAWA TIMUR,78,Kota Surabaya,,2021,,204.411,,"PDRB Per Kapita Atas Dasar Harga Berlaku di Provinsi Jawa Timur Menurut Kabupaten/Kota (ribu rupiah), 2021–2025","Per Capita GRDP at Current Market Prices by Regency/Municipality, in Jawa Timur Province (thousand rupiahss), 2021–2025",15,5,e670fff11153
JAWA TIMUR,79,Kota Batu,,2021,,78.331,,"PDRB Per Kapita Atas Dasar Harga Berlaku di Provinsi Jawa Timur Menurut Kabupaten/Kota (ribu rupiah), 2021–2025","Per Capita GRDP at Current Market Prices by Regency/Municipality, in Jawa Timur Province (thousand rupiahss), 2021–2025",15,5,c14a1638178d
JAWA TIMUR,,Jml Kab./Kota Total of Reg./Mun.,,2021,,60.026,,"PDRB Per Kapita Atas Dasar Harga Berlaku di Provinsi Jawa Timur Menurut Kabupaten/Kota (ribu rupiah), 2021–2025","Per Capita GRDP at Current Market Prices by Regency/Municipality, in Jawa Timur Province (thousand rupiahss), 2021–2025",15,5,8003001f7e63
JAWA TIMUR,,Provinsi/Province,,2021,,59.988,,"PDRB Per Kapita Atas Dasar Harga Berlaku di Provinsi Jawa Timur Menurut Kabupaten/Kota (ribu rupiah), 2021–2025","Per Capita GRDP at Current Market Prices by Regency/Municipality, in Jawa Timur Province (thousand rupiahss), 2021–2025",15,5,1a62c052d610
BANTEN,01,Kab. Pandeglang,,2021,,23.252,,"PDRB Per Kapita Atas Dasar Harga Berlaku di Provinsi Banten Menurut Kabupaten/Kota (ribu rupiah), 2021–2025","Per Capita GRDP at Current Market Prices by Regency/Municipality, in Banten Province (thousand rupiahss), 2021–2025",16,6,9a2a2c6d62cc
BANTEN,02,Kab. Lebak,,2021,,22.012,,"PDRB Per Kapita Atas Dasar Harga Berlaku di Provinsi Banten Menurut Kabupaten/Kota (ribu rupiah), 2021–2025","Per Capita GRDP at Current Market Prices by Regency/Municipality, in Banten Province (thousand rupiahss), 2021–2025",16,6,8fbcb75123d7
BANTEN,03,Kab. Tangerang,,2021,,44.298,,"PDRB Per Kapita Atas Dasar Harga Berlaku di Provinsi Banten Menurut Kabupaten/Kota (ribu rupiah), 2021–2025","Per Capita GRDP at Current Market Prices by Regency/Municipality, in Banten Province (thousand rupiahss), 2021–2025",16,6,e7675ec157bf
BANTEN,04,Kab. Serang,,2021,,48.918,,"PDRB Per Kapita Atas Dasar Harga Berlaku di Provinsi Banten Menurut Kabupaten/Kota (ribu rupiah), 2021–2025","Per Capita GRDP at Current Market Prices by Regency/Municipality, in Banten Province (thousand rupiahss), 2021–2025",16,6,57b8a1ce6f8c
BANTEN,71,Kota Tangerang,,2021,,78.533,,"PDRB Per Kapita Atas Dasar Harga Berlaku di Provinsi Banten Menurut Kabupaten/Kota (ribu rupiah), 2021–2025","Per Capita GRDP at Current Market Prices by Regency/Municipality, in Banten Province (thousand rupiahss), 2021–2025",16,6,3f5a81be606f
BANTEN,72,Kota Cilegon,,2021,,251.422,,"PDRB Per Kapita Atas Dasar Harga Berlaku di Provinsi Banten Menurut Kabupaten/Kota (ribu rupiah), 2021–2025","Per Capita GRDP at Current Market Prices by Regency/Municipality, in Banten Province (thousand rupiahss), 2021–2025",16,6,ae70df9e8f4b
BANTEN,73,Kota Serang,,2021,,47.798,,"PDRB Per Kapita Atas Dasar Harga Berlaku di Provinsi Banten Menurut Kabupaten/Kota (ribu rupiah), 2021–2025","Per Capita GRDP at Current Market Prices by Regency/Municipality, in Banten Province (thousand rupiahss), 2021–2025",16,6,e759c9536f4c
BANTEN,74,Kota Tangerang Selatan,,2021,,64.499,,"PDRB Per Kapita Atas Dasar Harga Berlaku di Provinsi Banten Menurut Kabupaten/Kota (ribu rupiah), 2021–2025","Per Capita GRDP at Current Market Prices by Regency/Municipality, in Banten Province (thousand rupiahss), 2021–2025",16,6,bb28056e3fe9
BANTEN,,Jml Kab./Kota Total of Reg./Mun.,,2021,,55.597,,"PDRB Per Kapita Atas Dasar Harga Berlaku di Provinsi Banten Menurut Kabupaten/Kota (ribu rupiah), 2021–2025","Per Capita GRDP at Current Market Prices by Regency/Municipality, in Banten Province (thousand rupiahss), 2021–2025",16,6,8d5b8972b200
BANTEN,,Provinsi/Province,,2021,,55.383,,"PDRB Per Kapita Atas Dasar Harga Berlaku di Provinsi Banten Menurut Kabupaten/Kota (ribu rupiah), 2021–2025","Per Capita GRDP at Current Market Prices by Regency/Municipality, in Banten Province (thousand rupiahss), 2021–2025",16,6,25c50a3e81ec
BALI,01,Kab. Jembrana,,2021,,42.382,,"PDRB Per Kapita Atas Dasar Harga Berlaku di Provinsi Bali Menurut Kabupaten/Kota (ribu rupiah), 2021–2025","Per Capita GRDP at Current Market Prices by Regency/Municipality, in Bali Province (thousand rupiahss), 2021–2025",17,7,7aaadb95b6f3
BALI,02,Kab. Tabanan,,2021,,47.573,,"PDRB Per Kapita Atas Dasar Harga Berlaku di Provinsi Bali Menurut Kabupaten/Kota (ribu rupiah), 2021–2025","Per Capita GRDP at Current Market Prices by Regency/Municipality, in Bali Province (thousand rupiahss), 2021–2025",17,7,1e4a019bc63d
BALI,03,Kab. Badung,,2021,,81.198,,"PDRB Per Kapita Atas Dasar Harga Berlaku di Provinsi Bali Menurut Kabupaten/Kota (ribu rupiah), 2021–2025","Per Capita GRDP at Current Market Prices by Regency/Municipality, in Bali Province (thousand rupiahss), 2021–2025",17,7,22c664a708fe
BALI,04,Kab. Gianyar,,2021,,49.810,,"PDRB Per Kapita Atas Dasar Harga Berlaku di Provinsi Bali Menurut Kabupaten/Kota (ribu rupiah), 2021–2025","Per Capita GRDP at Current Market Prices by Regency/Municipality, in Bali Province (thousand rupiahss), 2021–2025",17,7,62b89daf0fec
BALI,05,Kab. Klungkung,,2021,,41.163,,"PDRB Per Kapita Atas Dasar Harga Berlaku di Provinsi Bali Menurut Kabupaten/Kota (ribu rupiah), 2021–2025","Per Capita GRDP at Current Market Prices by Regency/Municipality, in Bali Province (thousand rupiahss), 2021–2025",17,7,af6c759233e8
BALI,06,Kab. Bangli,,2021,,26.319,,"PDRB Per Kapita Atas Dasar Harga Berlaku di Provinsi Bali Menurut Kabupaten/Kota (ribu rupiah), 2021–2025","Per Capita GRDP at Current Market Prices by Regency/Municipality, in Bali Province (thousand rupiahss), 2021–2025",17,7,7504d4a4e27b
BALI,07,Kab. Karangasem,,2021,,33.353,,"PDRB Per Kapita Atas Dasar Harga Berlaku di Provinsi Bali Menurut Kabupaten/Kota (ribu rupiah), 2021–2025","Per Capita GRDP at Current Market Prices by Regency/Municipality, in Bali Province (thousand rupiahss), 2021–2025",17,7,5505a6898cb7
BALI,08,Kab. Buleleng,,2021,,41.893,,"PDRB Per Kapita Atas Dasar Harga Berlaku di Provinsi Bali Menurut Kabupaten/Kota (ribu rupiah), 2021–2025","Per Capita GRDP at Current Market Prices by Regency/Municipality, in Bali Province (thousand rupiahss), 2021–2025",17,7,7ea016c55963
BALI,71,Kota Denpasar,,2021,,67.754,,"PDRB Per Kapita Atas Dasar Harga Berlaku di Provinsi Bali Menurut Kabupaten/Kota (ribu rupiah), 2021–2025","Per Capita GRDP at Current Market Prices by Regency/Municipality, in Bali Province (thousand rupiahss), 2021–2025",17,7,a5688baafab3
BALI,,Jml Kab./Kota Total of Reg./Mun.,,2021,,50.908,,"PDRB Per Kapita Atas Dasar Harga Berlaku di Provinsi Bali Menurut Kabupaten/Kota (ribu rupiah), 2021–2025","Per Capita GRDP at Current Market Prices by Regency/Municipality, in Bali Province (thousand rupiahss), 2021–2025",17,7,106055b086b8
BALI,,Provinsi/Province,,2021,,50.758,,"PDRB Per Kapita Atas Dasar Harga Berlaku di Provinsi Bali Menurut Kabupaten/Kota (ribu rupiah), 2021–2025","Per Capita GRDP at Current Market Prices by Regency/Municipality, in Bali Province (thousand rupiahss), 2021–2025",17,7,7aacbfa7df24
NUSA TENGGARA BARAT,01,Kab. Lombok Barat,,2021,,21.095,,"PDRB Per Kapita Atas Dasar Harga Berlaku di Provinsi Nusa Tenggara Barat Menurut Kabupaten/Kota (ribu rupiah), 2021–2025","Per Capita GRDP at Current Market Prices by Regency/Municipality, in Nusa Tenggara Barat Province (thousand rupiahss), 2021–2025",18,8,a461a0135416
NUSA TENGGARA BARAT,02,Kab. Lombok Tengah,,2021,,16.855,,"PDRB Per Kapita Atas Dasar Harga Berlaku di Provinsi Nusa Tenggara Barat Menurut Kabupaten/Kota (ribu rupiah), 2021–2025","Per Capita GRDP at Current Market Prices by Regency/Municipality, in Nusa Tenggara Barat Province (thousand rupiahss), 2021–2025",18,8,5f4722b7576e
NUSA TENGGARA BARAT,03,Kab. Lombok Timur,,2021,,15.656,,"PDRB Per Kapita Atas Dasar Harga Berlaku di Provinsi Nusa Tenggara Barat Menurut Kabupaten/Kota (ribu rupiah), 2021–2025","Per Capita GRDP at Current Market Prices by Regency/Municipality, in Nusa Tenggara Barat Province (thousand rupiahss), 2021–2025",18,8,84d07feca141
NUSA TENGGARA BARAT,04,Kab. Sumbawa,,2021,,29.156,,"PDRB Per Kapita Atas Dasar Harga Berlaku di Provinsi Nusa Tenggara Barat Menurut Kabupaten/Kota (ribu rupiah), 2021–2025","Per Capita GRDP at Current Market Prices by Regency/Municipality, in Nusa Tenggara Barat Province (thousand rupiahss), 2021–2025",18,8,a667b5a1470a
NUSA TENGGARA BARAT,05,Kab. Dompu,,2021,,30.628,,"PDRB Per Kapita Atas Dasar Harga Berlaku di Provinsi Nusa Tenggara Barat Menurut Kabupaten/Kota (ribu rupiah), 2021–2025","Per Capita GRDP at Current Market Prices by Regency/Municipality, in Nusa Tenggara Barat Province (thousand rupiahss), 2021–2025",18,8,de8be9a2e644
NUSA TENGGARA BARAT,06,Kab. Bima,,2021,,22.808,,"PDRB Per Kapita Atas Dasar Harga Berlaku di Provinsi Nusa Tenggara Barat Menurut Kabupaten/Kota (ribu rupiah), 2021–2025","Per Capita GRDP at Current Market Prices by Regency/Municipality, in Nusa Tenggara Barat Province (thousand rupiahss), 2021–2025",18,8,2d70ebca16d9
NUSA TENGGARA BARAT,07,Kab. Sumbawa Barat,,2021,,160.814,,"PDRB Per Kapita Atas Dasar Harga Berlaku di Provinsi Nusa Tenggara Barat Menurut Kabupaten/Kota (ribu rupiah), 2021–2025","Per Capita GRDP at Current Market Prices by Regency/Municipality, in Nusa Tenggara Barat Province (thousand rupiahss), 2021–2025",18,8,7162f25edf7b
NUSA TENGGARA BARAT,08,Kab. Lombok Utara,,2021,,18.799,,"PDRB Per Kapita Atas Dasar Harga Berlaku di Provinsi Nusa Tenggara Barat Menurut Kabupaten/Kota (ribu rupiah), 2021–2025","Per Capita GRDP at Current Market Prices by Regency/Municipality, in Nusa Tenggara Barat Province (thousand rupiahss), 2021–2025",18,8,3e6965e27f69
NUSA TENGGARA BARAT,71,Kota Mataram,,2021,,45.469,,"PDRB Per Kapita Atas Dasar Harga Berlaku di Provinsi Nusa Tenggara Barat Menurut Kabupaten/Kota (ribu rupiah), 2021–2025","Per Capita GRDP at Current Market Prices by Regency/Municipality, in Nusa Tenggara Barat Province (thousand rupiahss), 2021–2025",18,8,5abb49d34d43
NUSA TENGGARA BARAT,72,Kota Bima,,2021,,27.421,,"PDRB Per Kapita Atas Dasar Harga Berlaku di Provinsi Nusa Tenggara Barat Menurut Kabupaten/Kota (ribu rupiah), 2021–2025","Per Capita GRDP at Current Market Prices by Regency/Municipality, in Nusa Tenggara Barat Province (thousand rupiahss), 2021–2025",18,8,3d65d9597b09
NUSA TENGGARA BARAT,,Jml Kab./Kota Total of Reg./Mun.,,2021,,26.140,,"PDRB Per Kapita Atas Dasar Harga Berlaku di Provinsi Nusa Tenggara Barat Menurut Kabupaten/Kota (ribu rupiah), 2021–2025","Per Capita GRDP at Current Market Prices by Regency/Municipality, in Nusa Tenggara Barat Province (thousand rupiahss), 2021–2025",18,8,fde80ce118b9
NUSA TENGGARA BARAT,,Provinsi/Province,,2021,,26.009,,"PDRB Per Kapita Atas Dasar Harga Berlaku di Provinsi Nusa Tenggara Barat Menurut Kabupaten/Kota (ribu rupiah), 2021–2025","Per Capita GRDP at Current Market Prices by Regency/Municipality, in Nusa Tenggara Barat Province (thousand rupiahss), 2021–2025",18,8,9e65b8a37d93
NUSA TENGGARA TIMUR,01,Kab. Sumba Barat,,2021,,16.418,,"PDRB Per Kapita Atas Dasar Harga Berlaku di Provinsi Nusa Tenggara Timur Menurut Kabupaten/Kota (ribu rupiah), 2021–2025","Per Capita GRDP at Current Market Prices by Regency/Municipality, in Nusa Tenggara Timur Province (thousand rupiahss), 2021–2025",19,9,db6a6a2794e4
NUSA TENGGARA TIMUR,02,Kab. Sumba Timur,,2021,,25.846,,"PDRB Per Kapita Atas Dasar Harga Berlaku di Provinsi Nusa Tenggara Timur Menurut Kabupaten/Kota (ribu rupiah), 2021–2025","Per Capita GRDP at Current Market Prices by Regency/Municipality, in Nusa Tenggara Timur Province (thousand rupiahss), 2021–2025",19,9,fc57ce7cc512
NUSA TENGGARA TIMUR,03,Kab. Kupang,,2021,,21.621,,"PDRB Per Kapita Atas Dasar Harga Berlaku di Provinsi Nusa Tenggara Timur Menurut Kabupaten/Kota (ribu rupiah), 2021–2025","Per Capita GRDP at Current Market Prices by Regency/Municipality, in Nusa Tenggara Timur Province (thousand rupiahss), 2021–2025",19,9,b4bee42ec5f6
NUSA TENGGARA TIMUR,04,Kab. Timor Tengah Selatan,,2021,,17.885,,"PDRB Per Kapita Atas Dasar Harga Berlaku di Provinsi Nusa Tenggara Timur Menurut Kabupaten/Kota (ribu rupiah), 2021–2025","Per Capita GRDP at Current Market Prices by Regency/Municipality, in Nusa Tenggara Timur Province (thousand rupiahss), 2021–2025",19,9,43604ba7ffb8
NUSA TENGGARA TIMUR,05,Kab. Timor Tengah Utara,,2021,,16.052,,"PDRB Per Kapita Atas Dasar Harga Berlaku di Provinsi Nusa Tenggara Timur Menurut Kabupaten/Kota (ribu rupiah), 2021–2025","Per Capita GRDP at Current Market Prices by Regency/Municipality, in Nusa Tenggara Timur Province (thousand rupiahss), 2021–2025",19,9,b38ceebba6bc
NUSA TENGGARA TIMUR,06,Kab. Belu,,2021,,21.204,,"PDRB Per Kapita Atas Dasar Harga Berlaku di Provinsi Nusa Tenggara Timur Menurut Kabupaten/Kota (ribu rupiah), 2021–2025","Per Capita GRDP at Current Market Prices by Regency/Municipality, in Nusa Tenggara Timur Province (thousand rupiahss), 2021–2025",19,9,fa55980f4039
NUSA TENGGARA TIMUR,07,Kab. Alor,,2021,,14.759,,"PDRB Per Kapita Atas Dasar Harga Berlaku di Provinsi Nusa Tenggara Timur Menurut Kabupaten/Kota (ribu rupiah), 2021–2025","Per Capita GRDP at Current Market Prices by Regency/Municipality, in Nusa Tenggara Timur Province (thousand rupiahss), 2021–2025",19,9,93705b3f9ee8
NUSA TENGGARA TIMUR,08,Kab. Lembata,,2021,,13.910,,"PDRB Per Kapita Atas Dasar Harga Berlaku di Provinsi Nusa Tenggara Timur Menurut Kabupaten/Kota (ribu rupiah), 2021–2025","Per Capita GRDP at Current Market Prices by Regency/Municipality, in Nusa Tenggara Timur Province (thousand rupiahss), 2021–2025",19,9,e28ec4d3c198
NUSA TENGGARA TIMUR,09,Kab. Flores Timur,,2021,,19.216,,"PDRB Per Kapita Atas Dasar Harga Berlaku di Provinsi Nusa Tenggara Timur Menurut Kabupaten/Kota (ribu rupiah), 2021–2025","Per Capita GRDP at Current Market Prices by Regency/Municipality, in Nusa Tenggara Timur Province (thousand rupiahss), 2021–2025",19,9,38e824e6094f
NUSA TENGGARA TIMUR,10,Kab. Sikka,,2021,,16.335,,"PDRB Per Kapita Atas Dasar Harga Berlaku di Provinsi Nusa Tenggara Timur Menurut Kabupaten/Kota (ribu rupiah), 2021–2025","Per Capita GRDP at Current Market Prices by Regency/Municipality, in Nusa Tenggara Timur Province (thousand rupiahss), 2021–2025",19,9,3a873f05b1a0
NUSA TENGGARA TIMUR,11,Kab. Ende,,2021,,23.133,,"PDRB Per Kapita Atas Dasar Harga Berlaku di Provinsi Nusa Tenggara Timur Menurut Kabupaten/Kota (ribu rupiah), 2021–2025","Per Capita GRDP at Current Market Prices by Regency/Municipality, in Nusa Tenggara Timur Province (thousand rupiahss), 2021–2025",19,9,1a49b912342e
NUSA TENGGARA TIMUR,12,Kab. Ngada,,2021,,21.418,,"PDRB Per Kapita Atas Dasar Harga Berlaku di Provinsi Nusa Tenggara Timur Menurut Kabupaten/Kota (ribu rupiah), 2021–2025","Per Capita GRDP at Current Market Prices by Regency/Municipality, in Nusa Tenggara Timur Province (thousand rupiahss), 2021–2025",19,9,ad979f374dfd
NUSA TENGGARA TIMUR,13,Kab. Manggarai,,2021,,15.157,,"PDRB Per Kapita Atas Dasar Harga Berlaku di Provinsi Nusa Tenggara Timur Menurut Kabupaten/Kota (ribu rupiah), 2021–2025","Per Capita GRDP at Current Market Prices by Regency/Municipality, in Nusa Tenggara Timur Province (thousand rupiahss), 2021–2025",19,9,e29f248900e2
NUSA TENGGARA TIMUR,14,Kab. Rote Ndao,,2021,,22.513,,"PDRB Per Kapita Atas Dasar Harga Berlaku di Provinsi Nusa Tenggara Timur Menurut Kabupaten/Kota (ribu rupiah), 2021–2025","Per Capita GRDP at Current Market Prices by Regency/Municipality, in Nusa Tenggara Timur Province (thousand rupiahss), 2021–2025",19,9,ffaa538a6261
NUSA TENGGARA TIMUR,15,Kab. Manggarai Barat,,2021,,13.871,,"PDRB Per Kapita Atas Dasar Harga Berlaku di Provinsi Nusa Tenggara Timur Menurut Kabupaten/Kota (ribu rupiah), 2021–2025","Per Capita GRDP at Current Market Prices by Regency/Municipality, in Nusa Tenggara Timur Province (thousand rupiahss), 2021–2025",19,9,8746c9618588
NUSA TENGGARA TIMUR,16,Kab. Sumba Tengah,,2021,,14.162,,"PDRB Per Kapita Atas Dasar Harga Berlaku di Provinsi Nusa Tenggara Timur Menurut Kabupaten/Kota (ribu rupiah), 2021–2025","Per Capita GRDP at Current Market Prices by Regency/Municipality, in Nusa Tenggara Timur Province (thousand rupiahss), 2021–2025",19,9,5994603026ea
NUSA TENGGARA TIMUR,17,Kab. Sumba Barat Daya,,2021,,12.591,,"PDRB Per Kapita Atas Dasar Harga Berlaku di Provinsi Nusa Tenggara Timur Menurut Kabupaten/Kota (ribu rupiah), 2021–2025","Per Capita GRDP at Current Market Prices by Regency/Municipality, in Nusa Tenggara Timur Province (thousand rupiahss), 2021–2025",19,9,b6cec3b453e4
NUSA TENGGARA TIMUR,18,Kab. Nagekeo,,2021,,14.536,,"PDRB Per Kapita Atas Dasar Harga Berlaku di Provinsi Nusa Tenggara Timur Menurut Kabupaten/Kota (ribu rupiah), 2021–2025","Per Capita GRDP at Current Market Prices by Regency/Municipality, in Nusa Tenggara Timur Province (thousand rupiahss), 2021–2025",19,9,7a911dc735b9
NUSA TENGGARA TIMUR,19,Kab. Manggarai Timur,,2021,,12.192,,"PDRB Per Kapita Atas Dasar Harga Berlaku di Provinsi Nusa Tenggara Timur Menurut Kabupaten/Kota (ribu rupiah), 2021–2025","Per Capita GRDP at Current Market Prices by Regency/Municipality, in Nusa Tenggara Timur Province (thousand rupiahss), 2021–2025",19,9,047e8b0b0320
NUSA TENGGARA TIMUR,20,Kab. Sabu Raijua,,2021,,16.041,,"PDRB Per Kapita Atas Dasar Harga Berlaku di Provinsi Nusa Tenggara Timur Menurut Kabupaten/Kota (ribu rupiah), 2021–2025","Per Capita GRDP at Current Market Prices by Regency/Municipality, in Nusa Tenggara Timur Province (thousand rupiahss), 2021–2025",19,9,fde5fa0cf5cc
NUSA TENGGARA TIMUR,21,Kab. Malaka,,2021,,15.752,,"PDRB Per Kapita Atas Dasar Harga Berlaku di Provinsi Nusa Tenggara Timur Menurut Kabupaten/Kota (ribu rupiah), 2021–2025","Per Capita GRDP at Current Market Prices by Regency/Municipality, in Nusa Tenggara Timur Province (thousand rupiahss), 2021–2025",19,9,de77cb05d273
NUSA TENGGARA TIMUR,71,Kota Kupang,,2021,,54.282,,"PDRB Per Kapita Atas Dasar Harga Berlaku di Provinsi Nusa Tenggara Timur Menurut Kabupaten/Kota (ribu rupiah), 2021–2025","Per Capita GRDP at Current Market Prices by Regency/Municipality, in Nusa Tenggara Timur Province (thousand rupiahss), 2021–2025",19,9,ad61d2e97b78
NUSA TENGGARA TIMUR,,Jml Kab./Kota Total of Reg./Mun.,,2021,,20.580,,"PDRB Per Kapita Atas Dasar Harga Berlaku di Provinsi Nusa Tenggara Timur Menurut Kabupaten/Kota (ribu rupiah), 2021–2025","Per Capita GRDP at Current Market Prices by Regency/Municipality, in Nusa Tenggara Timur Province (thousand rupiahss), 2021–2025",19,9,376c26d652af
NUSA TENGGARA TIMUR,,Provinsi/Province,,2021,,20.555,,"PDRB Per Kapita Atas Dasar Harga Berlaku di Provinsi Nusa Tenggara Timur Menurut Kabupaten/Kota (ribu rupiah), 2021–2025","Per Capita GRDP at Current Market Prices by Regency/Municipality, in Nusa Tenggara Timur Province (thousand rupiahss), 2021–2025",19,9,d46a12ad6fe1
KALIMANTAN BARAT,01,Kab. Sambas,,2021,,35.153,,"PDRB Per Kapita Atas Dasar Harga Berlaku di Provinsi Kalimantan Barat Menurut Kabupaten/Kota (ribu rupiah), 2021–2025","Per Capita GRDP at Current Market Prices by Regency/Municipality, in Kalimantan Barat Province (thousand rupiahss), 2021–2025",20,10,8c57745722b4
KALIMANTAN BARAT,02,Kab. Bengkayang,,2021,,32.137,,"PDRB Per Kapita Atas Dasar Harga Berlaku di Provinsi Kalimantan Barat Menurut Kabupaten/Kota (ribu rupiah), 2021–2025","Per Capita GRDP at Current Market Prices by Regency/Municipality, in Kalimantan Barat Province (thousand rupiahss), 2021–2025",20,10,87db2e3c933b
KALIMANTAN BARAT,03,Kab. Landak,,2021,,28.870,,"PDRB Per Kapita Atas Dasar Harga Berlaku di Provinsi Kalimantan Barat Menurut Kabupaten/Kota (ribu rupiah), 2021–2025","Per Capita GRDP at Current Market Prices by Regency/Municipality, in Kalimantan Barat Province (thousand rupiahss), 2021–2025",20,10,10f467fa9bbe
KALIMANTAN BARAT,04,Kab. Mempawah,,2021,,29.807,,"PDRB Per Kapita Atas Dasar Harga Berlaku di Provinsi Kalimantan Barat Menurut Kabupaten/Kota (ribu rupiah), 2021–2025","Per Capita GRDP at Current Market Prices by Regency/Municipality, in Kalimantan Barat Province (thousand rupiahss), 2021–2025",20,10,4a451496f536
KALIMANTAN BARAT,05,Kab. Sanggau,,2021,,44.200,,"PDRB Per Kapita Atas Dasar Harga Berlaku di Provinsi Kalimantan Barat Menurut Kabupaten/Kota (ribu rupiah), 2021–2025","Per Capita GRDP at Current Market Prices by Regency/Municipality, in Kalimantan Barat Province (thousand rupiahss), 2021–2025",20,10,114cc425802d
KALIMANTAN BARAT,06,Kab. Ketapang,,2021,,53.555,,"PDRB Per Kapita Atas Dasar Harga Berlaku di Provinsi Kalimantan Barat Menurut Kabupaten/Kota (ribu rupiah), 2021–2025","Per Capita GRDP at Current Market Prices by Regency/Municipality, in Kalimantan Barat Province (thousand rupiahss), 2021–2025",20,10,7e5713f3581a
KALIMANTAN BARAT,07,Kab. Sintang,,2021,,36.947,,"PDRB Per Kapita Atas Dasar Harga Berlaku di Provinsi Kalimantan Barat Menurut Kabupaten/Kota (ribu rupiah), 2021–2025","Per Capita GRDP at Current Market Prices by Regency/Municipality, in Kalimantan Barat Province (thousand rupiahss), 2021–2025",20,10,bb8e1ef63cb0
KALIMANTAN BARAT,08,Kab. Kapuas Hulu,,2021,,43.337,,"PDRB Per Kapita Atas Dasar Harga Berlaku di Provinsi Kalimantan Barat Menurut Kabupaten/Kota (ribu rupiah), 2021–2025","Per Capita GRDP at Current Market Prices by Regency/Municipality, in Kalimantan Barat Province (thousand rupiahss), 2021–2025",20,10,ef3a00eed63e
KALIMANTAN BARAT,09,Kab. Sekadau,,2021,,33.339,,"PDRB Per Kapita Atas Dasar Harga Berlaku di Provinsi Kalimantan Barat Menurut Kabupaten/Kota (ribu rupiah), 2021–2025","Per Capita GRDP at Current Market Prices by Regency/Municipality, in Kalimantan Barat Province (thousand rupiahss), 2021–2025",20,10,5fec910cebde
KALIMANTAN BARAT,10,Kab. Melawi,,2021,,24.277,,"PDRB Per Kapita Atas Dasar Harga Berlaku di Provinsi Kalimantan Barat Menurut Kabupaten/Kota (ribu rupiah), 2021–2025","Per Capita GRDP at Current Market Prices by Regency/Municipality, in Kalimantan Barat Province (thousand rupiahss), 2021–2025",20,10,47bc16e9e372
KALIMANTAN BARAT,11,Kab. Kayong Utara,,2021,,35.333,,"PDRB Per Kapita Atas Dasar Harga Berlaku di Provinsi Kalimantan Barat Menurut Kabupaten/Kota (ribu rupiah), 2021–2025","Per Capita GRDP at Current Market Prices by Regency/Municipality, in Kalimantan Barat Province (thousand rupiahss), 2021–2025",20,10,c5caa0b14824
KALIMANTAN BARAT,12,Kab. Kubu Raya,,2021,,50.546,,"PDRB Per Kapita Atas Dasar Harga Berlaku di Provinsi Kalimantan Barat Menurut Kabupaten/Kota (ribu rupiah), 2021–2025","Per Capita GRDP at Current Market Prices by Regency/Municipality, in Kalimantan Barat Province (thousand rupiahss), 2021–2025",20,10,03c55af1dc83
KALIMANTAN BARAT,71,Kota Pontianak,,2021,,60.540,,"PDRB Per Kapita Atas Dasar Harga Berlaku di Provinsi Kalimantan Barat Menurut Kabupaten/Kota (ribu rupiah), 2021–2025","Per Capita GRDP at Current Market Prices by Regency/Municipality, in Kalimantan Barat Province (thousand rupiahss), 2021–2025",20,10,b661fbe190a8
KALIMANTAN BARAT,72,Kota Singkawang,,2021,,45.668,,"PDRB Per Kapita Atas Dasar Harga Berlaku di Provinsi Kalimantan Barat Menurut Kabupaten/Kota (ribu rupiah), 2021–2025","Per Capita GRDP at Current Market Prices by Regency/Municipality, in Kalimantan Barat Province (thousand rupiahss), 2021–2025",20,10,dc3a6af708d5
KALIMANTAN BARAT,,Jml Kab./Kota Total of Reg./Mun.,,2021,,42.253,,"PDRB Per Kapita Atas Dasar Harga Berlaku di Provinsi Kalimantan Barat Menurut Kabupaten/Kota (ribu rupiah), 2021–2025","Per Capita GRDP at Current Market Prices by Regency/Municipality, in Kalimantan Barat Province (thousand rupiahss), 2021–2025",20,10,4b55fdbb0fd2
KALIMANTAN BARAT,,Provinsi/Province,,2021,,42.253,,"PDRB Per Kapita Atas Dasar Harga Berlaku di Provinsi Kalimantan Barat Menurut Kabupaten/Kota (ribu rupiah), 2021–2025","Per Capita GRDP at Current Market Prices by Regency/Municipality, in Kalimantan Barat Province (thousand rupiahss), 2021–2025",20,10,c3e593f4d482
DKI JAKARTA,01,Kab. Kepulauan Seribu,,2022,,358.302,,"PDRB Per Kapita Atas Dasar Harga Berlaku di Provinsi DKI Jakarta Menurut Kabupaten/Kota (ribu rupiah), 2021–2025","Per Capita GRDP at Current Market Prices by Regency/Municipality, in DKI Jakarta Province (thousand rupiahss), 2021–2025",11,1,ff517b8653f5
DKI JAKARTA,71,Kota Jakarta Selatan,,2022,,327.041,,"PDRB Per Kapita Atas Dasar Harga Berlaku di Provinsi DKI Jakarta Menurut Kabupaten/Kota (ribu rupiah), 2021–2025","Per Capita GRDP at Current Market Prices by Regency/Municipality, in DKI Jakarta Province (thousand rupiahss), 2021–2025",11,1,07949bb1a46c
DKI JAKARTA,72,Kota Jakarta Timur,,2022,,178.421,,"PDRB Per Kapita Atas Dasar Harga Berlaku di Provinsi DKI Jakarta Menurut Kabupaten/Kota (ribu rupiah), 2021–2025","Per Capita GRDP at Current Market Prices by Regency/Municipality, in DKI Jakarta Province (thousand rupiahss), 2021–2025",11,1,788b65c3f217
DKI JAKARTA,73,Kota Jakarta Pusat,,2022,,755.015,,"PDRB Per Kapita Atas Dasar Harga Berlaku di Provinsi DKI Jakarta Menurut Kabupaten/Kota (ribu rupiah), 2021–2025","Per Capita GRDP at Current Market Prices by Regency/Municipality, in DKI Jakarta Province (thousand rupiahss), 2021–2025",11,1,ec8fc51a37a0
DKI JAKARTA,74,Kota Jakarta Barat,,2022,,219.934,,"PDRB Per Kapita Atas Dasar Harga Berlaku di Provinsi DKI Jakarta Menurut Kabupaten/Kota (ribu rupiah), 2021–2025","Per Capita GRDP at Current Market Prices by Regency/Municipality, in DKI Jakarta Province (thousand rupiahss), 2021–2025",11,1,3c24ea5472c1
DKI JAKARTA,75,Kota Jakarta Utara,,2022,,326.693,,"PDRB Per Kapita Atas Dasar Harga Berlaku di Provinsi DKI Jakarta Menurut Kabupaten/Kota (ribu rupiah), 2021–2025","Per Capita GRDP at Current Market Prices by Regency/Municipality, in DKI Jakarta Province (thousand rupiahss), 2021–2025",11,1,f632a7504482
DKI JAKARTA,,Jml Kab./Kota Total of Reg./Mun.,,2022,,301.862,,"PDRB Per Kapita Atas Dasar Harga Berlaku di Provinsi DKI Jakarta Menurut Kabupaten/Kota (ribu rupiah), 2021–2025","Per Capita GRDP at Current Market Prices by Regency/Municipality, in DKI Jakarta Province (thousand rupiahss), 2021–2025",11,1,25a879f0039c
DKI JAKARTA,,Provinsi/Province,,2022,,299.675,,"PDRB Per Kapita Atas Dasar Harga Berlaku di Provinsi DKI Jakarta Menurut Kabupaten/Kota (ribu rupiah), 2021–2025","Per Capita GRDP at Current Market Prices by Regency/Municipality, in DKI Jakarta Province (thousand rupiahss), 2021–2025",11,1,6f7fd0204ae8
JAWA BARAT,01,Kab. Bogor,,2022,,48.187,,"PDRB Per Kapita Atas Dasar Harga Berlaku di Provinsi Jawa Barat Menurut Kabupaten/Kota (ribu rupiah), 2021–2025","Per Capita GRDP at Current Market Prices by Regency/Municipality, in Jawa Barat Province (thousand rupiahss), 2021–2025",12,2,05d4932b207f
JAWA BARAT,02,Kab. Sukabumi,,2022,,27.472,,"PDRB Per Kapita Atas Dasar Harga Berlaku di Provinsi Jawa Barat Menurut Kabupaten/Kota (ribu rupiah), 2021–2025","Per Capita GRDP at Current Market Prices by Regency/Municipality, in Jawa Barat Province (thousand rupiahss), 2021–2025",12,2,432208d97077
JAWA BARAT,03,Kab. Cianjur,,2022,,21.341,,"PDRB Per Kapita Atas Dasar Harga Berlaku di Provinsi Jawa Barat Menurut Kabupaten/Kota (ribu rupiah), 2021–2025","Per Capita GRDP at Current Market Prices by Regency/Municipality, in Jawa Barat Province (thousand rupiahss), 2021–2025",12,2,4a5b183bcb69
JAWA BARAT,04,Kab. Bandung,,2022,,38.783,,"PDRB Per Kapita Atas Dasar Harga Berlaku di Provinsi Jawa Barat Menurut Kabupaten/Kota (ribu rupiah), 2021–2025","Per Capita GRDP at Current Market Prices by Regency/Municipality, in Jawa Barat Province (thousand rupiahss), 2021–2025",12,2,9c34ec50688a
JAWA BARAT,05,Kab. Garut,,2022,,25.138,,"PDRB Per Kapita Atas Dasar Harga Berlaku di Provinsi Jawa Barat Menurut Kabupaten/Kota (ribu rupiah), 2021–2025","Per Capita GRDP at Current Market Prices by Regency/Municipality, in Jawa Barat Province (thousand rupiahss), 2021–2025",12,2,e489ecb4c634
JAWA BARAT,06,Kab. Tasikmalaya,,2022,,22.545,,"PDRB Per Kapita Atas Dasar Harga Berlaku di Provinsi Jawa Barat Menurut Kabupaten/Kota (ribu rupiah), 2021–2025","Per Capita GRDP at Current Market Prices by Regency/Municipality, in Jawa Barat Province (thousand rupiahss), 2021–2025",12,2,fbd8669c8e0c
JAWA BARAT,07,Kab. Ciamis,,2022,,29.577,,"PDRB Per Kapita Atas Dasar Harga Berlaku di Provinsi Jawa Barat Menurut Kabupaten/Kota (ribu rupiah), 2021–2025","Per Capita GRDP at Current Market Prices by Regency/Municipality, in Jawa Barat Province (thousand rupiahss), 2021–2025",12,2,a227fd3ded50
JAWA BARAT,08,Kab. Kuningan,,2022,,24.827,,"PDRB Per Kapita Atas Dasar Harga Berlaku di Provinsi Jawa Barat Menurut Kabupaten/Kota (ribu rupiah), 2021–2025","Per Capita GRDP at Current Market Prices by Regency/Municipality, in Jawa Barat Province (thousand rupiahss), 2021–2025",12,2,8e1ed7dea3b3
JAWA BARAT,09,Kab. Cirebon,,2022,,24.301,,"PDRB Per Kapita Atas Dasar Harga Berlaku di Provinsi Jawa Barat Menurut Kabupaten/Kota (ribu rupiah), 2021–2025","Per Capita GRDP at Current Market Prices by Regency/Municipality, in Jawa Barat Province (thousand rupiahss), 2021–2025",12,2,838eb277f55f
JAWA BARAT,10,Kab. Majalengka,,2022,,28.447,,"PDRB Per Kapita Atas Dasar Harga Berlaku di Provinsi Jawa Barat Menurut Kabupaten/Kota (ribu rupiah), 2021–2025","Per Capita GRDP at Current Market Prices by Regency/Municipality, in Jawa Barat Province (thousand rupiahss), 2021–2025",12,2,f28a3fc815ae
JAWA BARAT,11,Kab. Sumedang,,2022,,34.243,,"PDRB Per Kapita Atas Dasar Harga Berlaku di Provinsi Jawa Barat Menurut Kabupaten/Kota (ribu rupiah), 2021–2025","Per Capita GRDP at Current Market Prices by Regency/Municipality, in Jawa Barat Province (thousand rupiahss), 2021–2025",12,2,d3af278ee996
JAWA BARAT,12,Kab.indramayu,,2022,,48.454,,"PDRB Per Kapita Atas Dasar Harga Berlaku di Provinsi Jawa Barat Menurut Kabupaten/Kota (ribu rupiah), 2021–2025","Per Capita GRDP at Current Market Prices by Regency/Municipality, in Jawa Barat Province (thousand rupiahss), 2021–2025",12,2,9385759880e4
JAWA BARAT,13,Kab. Subang,,2022,,28.223,,"PDRB Per Kapita Atas Dasar Harga Berlaku di Provinsi Jawa Barat Menurut Kabupaten/Kota (ribu rupiah), 2021–2025","Per Capita GRDP at Current Market Prices by Regency/Municipality, in Jawa Barat Province (thousand rupiahss), 2021–2025",12,2,96e073a87c7c
JAWA BARAT,14,Kab. Purwakarta,,2022,,7.4.745,,"PDRB Per Kapita Atas Dasar Harga Berlaku di Provinsi Jawa Barat Menurut Kabupaten/Kota (ribu rupiah), 2021–2025","Per Capita GRDP at Current Market Prices by Regency/Municipality, in Jawa Barat Province (thousand rupiahss), 2021–2025",12,2,aa6553c6a14e
JAWA BARAT,15,Kab. Karawang,,2022,,107.455,,"PDRB Per Kapita Atas Dasar Harga Berlaku di Provinsi Jawa Barat Menurut Kabupaten/Kota (ribu rupiah), 2021–2025","Per Capita GRDP at Current Market Prices by Regency/Municipality, in Jawa Barat Province (thousand rupiahss), 2021–2025",12,2,5511783cc739
JAWA BARAT,16,Kab. Bekasi,,2022,,115.085,,"PDRB Per Kapita Atas Dasar Harga Berlaku di Provinsi Jawa Barat Menurut Kabupaten/Kota (ribu rupiah), 2021–2025","Per Capita GRDP at Current Market Prices by Regency/Municipality, in Jawa Barat Province (thousand rupiahss), 2021–2025",12,2,06aeb3cd8677
JAWA BARAT,17,Kab. Bandung Barat,,2022,,28.852,,"PDRB Per Kapita Atas Dasar Harga Berlaku di Provinsi Jawa Barat Menurut Kabupaten/Kota (ribu rupiah), 2021–2025","Per Capita GRDP at Current Market Prices by Regency/Municipality, in Jawa Barat Province (thousand rupiahss), 2021–2025",12,2,cc9b28d6e876
JAWA BARAT,18,Kab. Pangandaran,,2022,,30.714,,"PDRB Per Kapita Atas Dasar Harga Berlaku di Provinsi Jawa Barat Menurut Kabupaten/Kota (ribu rupiah), 2021–2025","Per Capita GRDP at Current Market Prices by Regency/Municipality, in Jawa Barat Province (thousand rupiahss), 2021–2025",12,2,fd2b982a0d0f
JAWA BARAT,71,Kota Bogor,,2022,,49.875,,"PDRB Per Kapita Atas Dasar Harga Berlaku di Provinsi Jawa Barat Menurut Kabupaten/Kota (ribu rupiah), 2021–2025","Per Capita GRDP at Current Market Prices by Regency/Municipality, in Jawa Barat Province (thousand rupiahss), 2021–2025",12,2,042ad3942fad
JAWA BARAT,72,Kota Sukabumi,,2022,,39.931,,"PDRB Per Kapita Atas Dasar Harga Berlaku di Provinsi Jawa Barat Menurut Kabupaten/Kota (ribu rupiah), 2021–2025","Per Capita GRDP at Current Market Prices by Regency/Municipality, in Jawa Barat Province (thousand rupiahss), 2021–2025",12,2,744e768821a8
JAWA BARAT,73,Kota Bandung,,2022,,132.098,,"PDRB Per Kapita Atas Dasar Harga Berlaku di Provinsi Jawa Barat Menurut Kabupaten/Kota (ribu rupiah), 2021–2025","Per Capita GRDP at Current Market Prices by Regency/Municipality, in Jawa Barat Province (thousand rupiahss), 2021–2025",12,2,5ae53aec19b0
JAWA BARAT,74,Kota Cirebon,,2022,,78.532,,"PDRB Per Kapita Atas Dasar Harga Berlaku di Provinsi Jawa Barat Menurut Kabupaten/Kota (ribu rupiah), 2021–2025","Per Capita GRDP at Current Market Prices by Regency/Municipality, in Jawa Barat Province (thousand rupiahss), 2021–2025",12,2,244cef6c7bc9
JAWA BARAT,75,Kota Bekasi,,2022,,42.293,,"PDRB Per Kapita Atas Dasar Harga Berlaku di Provinsi Jawa Barat Menurut Kabupaten/Kota (ribu rupiah), 2021–2025","Per Capita GRDP at Current Market Prices by Regency/Municipality, in Jawa Barat Province (thousand rupiahss), 2021–2025",12,2,635da371b425
JAWA BARAT,76,Kota Depok,,2022,,38.402,,"PDRB Per Kapita Atas Dasar Harga Berlaku di Provinsi Jawa Barat Menurut Kabupaten/Kota (ribu rupiah), 2021–2025","Per Capita GRDP at Current Market Prices by Regency/Municipality, in Jawa Barat Province (thousand rupiahss), 2021–2025",12,2,91e23e8807b5
JAWA BARAT,77,Kota Cimahi,,2022,,64.427,,"PDRB Per Kapita Atas Dasar Harga Berlaku di Provinsi Jawa Barat Menurut Kabupaten/Kota (ribu rupiah), 2021–2025","Per Capita GRDP at Current Market Prices by Regency/Municipality, in Jawa Barat Province (thousand rupiahss), 2021–2025",12,2,3fc292a3603b
JAWA BARAT,78,Kota Tasikmalaya,,2022,,34.096,,"PDRB Per Kapita Atas Dasar Harga Berlaku di Provinsi Jawa Barat Menurut Kabupaten/Kota (ribu rupiah), 2021–2025","Per Capita GRDP at Current Market Prices by Regency/Municipality, in Jawa Barat Province (thousand rupiahss), 2021–2025",12,2,ce26d7dd276f
JAWA BARAT,79,Kota Banjar,,2022,,24.023,,"PDRB Per Kapita Atas Dasar Harga Berlaku di Provinsi Jawa Barat Menurut Kabupaten/Kota (ribu rupiah), 2021–2025","Per Capita GRDP at Current Market Prices by Regency/Municipality, in Jawa Barat Province (thousand rupiahss), 2021–2025",12,2,3ae886381666
JAWA BARAT,,Jml Kab./Kota Total of Reg./Mun.,,2022,,49.621,,"PDRB Per Kapita Atas Dasar Harga Berlaku di Provinsi Jawa Barat Menurut Kabupaten/Kota (ribu rupiah), 2021–2025","Per Capita GRDP at Current Market Prices by Regency/Municipality, in Jawa Barat Province (thousand rupiahss), 2021–2025",12,2,3a7116041a3a
JAWA BARAT,,Provinsi/Province,,2022,,49.137,,"PDRB Per Kapita Atas Dasar Harga Berlaku di Provinsi Jawa Barat Menurut Kabupaten/Kota (ribu rupiah), 2021–2025","Per Capita GRDP at Current Market Prices by Regency/Municipality, in Jawa Barat Province (thousand rupiahss), 2021–2025",12,2,2a39321f6759
JAWA TENGAH,01,Kab. Cilacap,,2022,,60.883,,"PDRB Per Kapita Atas Dasar Harga Berlaku di Provinsi Jawa Tengah Menurut Kabupaten/Kota (ribu rupiah), 2021–2025","Per Capita GRDP at Current Market Prices by Regency/Municipality, in Jawa Tengah Province (thousand rupiahss), 2021–2025",13,3,f5f37c12d770
JAWA TENGAH,02,Kab. Banyumas,,2022,,34.711,,"PDRB Per Kapita Atas Dasar Harga Berlaku di Provinsi Jawa Tengah Menurut Kabupaten/Kota (ribu rupiah), 2021–2025","Per Capita GRDP at Current Market Prices by Regency/Municipality, in Jawa Tengah Province (thousand rupiahss), 2021–2025",13,3,f704a9b39906
JAWA TENGAH,03,Kab. Purbalingga,,2022,,28.347,,"PDRB Per Kapita Atas Dasar Harga Berlaku di Provinsi Jawa Tengah Menurut Kabupaten/Kota (ribu rupiah), 2021–2025","Per Capita GRDP at Current Market Prices by Regency/Municipality, in Jawa Tengah Province (thousand rupiahss), 2021–2025",13,3,994552295329
JAWA TENGAH,04,Kab. Banjarnegara,,2022,,24.114,,"PDRB Per Kapita Atas Dasar Harga Berlaku di Provinsi Jawa Tengah Menurut Kabupaten/Kota (ribu rupiah), 2021–2025","Per Capita GRDP at Current Market Prices by Regency/Municipality, in Jawa Tengah Province (thousand rupiahss), 2021–2025",13,3,4291d11c3656
JAWA TENGAH,05,Kab. Kebumen,,2022,,23.630,,"PDRB Per Kapita Atas Dasar Harga Berlaku di Provinsi Jawa Tengah Menurut Kabupaten/Kota (ribu rupiah), 2021–2025","Per Capita GRDP at Current Market Prices by Regency/Municipality, in Jawa Tengah Province (thousand rupiahss), 2021–2025",13,3,bc6ca8c9f8f4
JAWA TENGAH,06,Kab. Purworejo,,2022,,27.326,,"PDRB Per Kapita Atas Dasar Harga Berlaku di Provinsi Jawa Tengah Menurut Kabupaten/Kota (ribu rupiah), 2021–2025","Per Capita GRDP at Current Market Prices by Regency/Municipality, in Jawa Tengah Province (thousand rupiahss), 2021–2025",13,3,864de1a173d0
JAWA TENGAH,07,Kab. Wonosobo,,2022,,24.023,,"PDRB Per Kapita Atas Dasar Harga Berlaku di Provinsi Jawa Tengah Menurut Kabupaten/Kota (ribu rupiah), 2021–2025","Per Capita GRDP at Current Market Prices by Regency/Municipality, in Jawa Tengah Province (thousand rupiahss), 2021–2025",13,3,8d42ca1548ef
JAWA TENGAH,08,Kab. Magelang,,2022,,28.367,,"PDRB Per Kapita Atas Dasar Harga Berlaku di Provinsi Jawa Tengah Menurut Kabupaten/Kota (ribu rupiah), 2021–2025","Per Capita GRDP at Current Market Prices by Regency/Municipality, in Jawa Tengah Province (thousand rupiahss), 2021–2025",13,3,0f29f3bc4390
JAWA TENGAH,09,Kab. Boyolali,,2022,,35.909,,"PDRB Per Kapita Atas Dasar Harga Berlaku di Provinsi Jawa Tengah Menurut Kabupaten/Kota (ribu rupiah), 2021–2025","Per Capita GRDP at Current Market Prices by Regency/Municipality, in Jawa Tengah Province (thousand rupiahss), 2021–2025",13,3,586574a1b3a4
JAWA TENGAH,10,Kab. Klaten,,2022,,36.523,,"PDRB Per Kapita Atas Dasar Harga Berlaku di Provinsi Jawa Tengah Menurut Kabupaten/Kota (ribu rupiah), 2021–2025","Per Capita GRDP at Current Market Prices by Regency/Municipality, in Jawa Tengah Province (thousand rupiahss), 2021–2025",13,3,06c8258f9f92
JAWA TENGAH,11,Kab. Sukoharjo,,2022,,46.323,,"PDRB Per Kapita Atas Dasar Harga Berlaku di Provinsi Jawa Tengah Menurut Kabupaten/Kota (ribu rupiah), 2021–2025","Per Capita GRDP at Current Market Prices by Regency/Municipality, in Jawa Tengah Province (thousand rupiahss), 2021–2025",13,3,75ea3ef8e39e
JAWA TENGAH,12,Kab. Wonogiri,,2022,,32.152,,"PDRB Per Kapita Atas Dasar Harga Berlaku di Provinsi Jawa Tengah Menurut Kabupaten/Kota (ribu rupiah), 2021–2025","Per Capita GRDP at Current Market Prices by Regency/Municipality, in Jawa Tengah Province (thousand rupiahss), 2021–2025",13,3,10ef2efc712f
JAWA TENGAH,13,Kab. Karanganyar,,2022,,45.446,,"PDRB Per Kapita Atas Dasar Harga Berlaku di Provinsi Jawa Tengah Menurut Kabupaten/Kota (ribu rupiah), 2021–2025","Per Capita GRDP at Current Market Prices by Regency/Municipality, in Jawa Tengah Province (thousand rupiahss), 2021–2025",13,3,7bc98556f6a2
JAWA TENGAH,14,Kab. Sragen,,2022,,44.690,,"PDRB Per Kapita Atas Dasar Harga Berlaku di Provinsi Jawa Tengah Menurut Kabupaten/Kota (ribu rupiah), 2021–2025","Per Capita GRDP at Current Market Prices by Regency/Municipality, in Jawa Tengah Province (thousand rupiahss), 2021–2025",13,3,b7d7a5f5f2d8
JAWA TENGAH,15,Kab. Grobogan,,2022,,21.506,,"PDRB Per Kapita Atas Dasar Harga Berlaku di Provinsi Jawa Tengah Menurut Kabupaten/Kota (ribu rupiah), 2021–2025","Per Capita GRDP at Current Market Prices by Regency/Municipality, in Jawa Tengah Province (thousand rupiahss), 2021–2025",13,3,a020b397687f
JAWA TENGAH,16,Kab. Blora,,2022,,34.565,,"PDRB Per Kapita Atas Dasar Harga Berlaku di Provinsi Jawa Tengah Menurut Kabupaten/Kota (ribu rupiah), 2021–2025","Per Capita GRDP at Current Market Prices by Regency/Municipality, in Jawa Tengah Province (thousand rupiahss), 2021–2025",13,3,d7a4ec1a187d
JAWA TENGAH,17,Kab. Rembang,,2022,,33.758,,"PDRB Per Kapita Atas Dasar Harga Berlaku di Provinsi Jawa Tengah Menurut Kabupaten/Kota (ribu rupiah), 2021–2025","Per Capita GRDP at Current Market Prices by Regency/Municipality, in Jawa Tengah Province (thousand rupiahss), 2021–2025",13,3,dda124e4b7db
JAWA TENGAH,18,Kab. Pati,,2022,,37.245,,"PDRB Per Kapita Atas Dasar Harga Berlaku di Provinsi Jawa Tengah Menurut Kabupaten/Kota (ribu rupiah), 2021–2025","Per Capita GRDP at Current Market Prices by Regency/Municipality, in Jawa Tengah Province (thousand rupiahss), 2021–2025",13,3,21411d6e91d7
JAWA TENGAH,19,Kab. Kudus,,2022,,132.334,,"PDRB Per Kapita Atas Dasar Harga Berlaku di Provinsi Jawa Tengah Menurut Kabupaten/Kota (ribu rupiah), 2021–2025","Per Capita GRDP at Current Market Prices by Regency/Municipality, in Jawa Tengah Province (thousand rupiahss), 2021–2025",13,3,8abae28e68a2
JAWA TENGAH,20,Kab. Jepara,,2022,,28.981,,"PDRB Per Kapita Atas Dasar Harga Berlaku di Provinsi Jawa Tengah Menurut Kabupaten/Kota (ribu rupiah), 2021–2025","Per Capita GRDP at Current Market Prices by Regency/Municipality, in Jawa Tengah Province (thousand rupiahss), 2021–2025",13,3,c962c84e54a0
JAWA TENGAH,21,Kab. Demak,,2022,,24.643,,"PDRB Per Kapita Atas Dasar Harga Berlaku di Provinsi Jawa Tengah Menurut Kabupaten/Kota (ribu rupiah), 2021–2025","Per Capita GRDP at Current Market Prices by Regency/Municipality, in Jawa Tengah Province (thousand rupiahss), 2021–2025",13,3,965e2d10599a
JAWA TENGAH,22,Kab. Semarang,,2022,,52.845,,"PDRB Per Kapita Atas Dasar Harga Berlaku di Provinsi Jawa Tengah Menurut Kabupaten/Kota (ribu rupiah), 2021–2025","Per Capita GRDP at Current Market Prices by Regency/Municipality, in Jawa Tengah Province (thousand rupiahss), 2021–2025",13,3,d79709190882
JAWA TENGAH,23,Kab. Temanggung,,2022,,30.837,,"PDRB Per Kapita Atas Dasar Harga Berlaku di Provinsi Jawa Tengah Menurut Kabupaten/Kota (ribu rupiah), 2021–2025","Per Capita GRDP at Current Market Prices by Regency/Municipality, in Jawa Tengah Province (thousand rupiahss), 2021–2025",13,3,fc78ed68727e
JAWA TENGAH,24,Kab. Kendal,,2022,,47.728,,"PDRB Per Kapita Atas Dasar Harga Berlaku di Provinsi Jawa Tengah Menurut Kabupaten/Kota (ribu rupiah), 2021–2025","Per Capita GRDP at Current Market Prices by Regency/Municipality, in Jawa Tengah Province (thousand rupiahss), 2021–2025",13,3,c891b7f9e79c
JAWA TENGAH,25,Kab. Batang,,2022,,31.055,,"PDRB Per Kapita Atas Dasar Harga Berlaku di Provinsi Jawa Tengah Menurut Kabupaten/Kota (ribu rupiah), 2021–2025","Per Capita GRDP at Current Market Prices by Regency/Municipality, in Jawa Tengah Province (thousand rupiahss), 2021–2025",13,3,a9b27534614c
JAWA TENGAH,26,Kab. Pekalongan,,2022,,26.080,,"PDRB Per Kapita Atas Dasar Harga Berlaku di Provinsi Jawa Tengah Menurut Kabupaten/Kota (ribu rupiah), 2021–2025","Per Capita GRDP at Current Market Prices by Regency/Municipality, in Jawa Tengah Province (thousand rupiahss), 2021–2025",13,3,a862bf24e0ce
JAWA TENGAH,27,Kab. Pemalang,,2022,,19.876,,"PDRB Per Kapita Atas Dasar Harga Berlaku di Provinsi Jawa Tengah Menurut Kabupaten/Kota (ribu rupiah), 2021–2025","Per Capita GRDP at Current Market Prices by Regency/Municipality, in Jawa Tengah Province (thousand rupiahss), 2021–2025",13,3,4ae83295f8a5
JAWA TENGAH,28,Kab. Tegal,,2022,,24.946,,"PDRB Per Kapita Atas Dasar Harga Berlaku di Provinsi Jawa Tengah Menurut Kabupaten/Kota (ribu rupiah), 2021–2025","Per Capita GRDP at Current Market Prices by Regency/Municipality, in Jawa Tengah Province (thousand rupiahss), 2021–2025",13,3,fd2b3830bf10
JAWA TENGAH,29,Kab. Brebes,,2022,,26.557,,"PDRB Per Kapita Atas Dasar Harga Berlaku di Provinsi Jawa Tengah Menurut Kabupaten/Kota (ribu rupiah), 2021–2025","Per Capita GRDP at Current Market Prices by Regency/Municipality, in Jawa Tengah Province (thousand rupiahss), 2021–2025",13,3,bbb249d36fac
JAWA TENGAH,71,Kota Magelang,,2022,,82.660,,"PDRB Per Kapita Atas Dasar Harga Berlaku di Provinsi Jawa Tengah Menurut Kabupaten/Kota (ribu rupiah), 2021–2025","Per Capita GRDP at Current Market Prices by Regency/Municipality, in Jawa Tengah Province (thousand rupiahss), 2021–2025",13,3,c63161177958
JAWA TENGAH,72,Kota Surakarta,,2022,,106.264,,"PDRB Per Kapita Atas Dasar Harga Berlaku di Provinsi Jawa Tengah Menurut Kabupaten/Kota (ribu rupiah), 2021–2025","Per Capita GRDP at Current Market Prices by Regency/Municipality, in Jawa Tengah Province (thousand rupiahss), 2021–2025",13,3,ca0a18622708
JAWA TENGAH,73,Kota Salatiga,,2022,,78.261,,"PDRB Per Kapita Atas Dasar Harga Berlaku di Provinsi Jawa Tengah Menurut Kabupaten/Kota (ribu rupiah), 2021–2025","Per Capita GRDP at Current Market Prices by Regency/Municipality, in Jawa Tengah Province (thousand rupiahss), 2021–2025",13,3,d668fe9139c9
JAWA TENGAH,74,Kota Semarang,,2022,,135.328,,"PDRB Per Kapita Atas Dasar Harga Berlaku di Provinsi Jawa Tengah Menurut Kabupaten/Kota (ribu rupiah), 2021–2025","Per Capita GRDP at Current Market Prices by Regency/Municipality, in Jawa Tengah Province (thousand rupiahss), 2021–2025",13,3,e3d70ef0dd7f
JAWA TENGAH,75,Kota Pekalongan,,2022,,40.115,,"PDRB Per Kapita Atas Dasar Harga Berlaku di Provinsi Jawa Tengah Menurut Kabupaten/Kota (ribu rupiah), 2021–2025","Per Capita GRDP at Current Market Prices by Regency/Municipality, in Jawa Tengah Province (thousand rupiahss), 2021–2025",13,3,10ce1ecc07be
JAWA TENGAH,76,Kota Tegal,,2022,,63.224,,"PDRB Per Kapita Atas Dasar Harga Berlaku di Provinsi Jawa Tengah Menurut Kabupaten/Kota (ribu rupiah), 2021–2025","Per Capita GRDP at Current Market Prices by Regency/Municipality, in Jawa Tengah Province (thousand rupiahss), 2021–2025",13,3,a43bf7ad37f8
JAWA TENGAH,,Jml Kab./Kota Total of Reg./Mun.,,2022,,41.968,,"PDRB Per Kapita Atas Dasar Harga Berlaku di Provinsi Jawa Tengah Menurut Kabupaten/Kota (ribu rupiah), 2021–2025","Per Capita GRDP at Current Market Prices by Regency/Municipality, in Jawa Tengah Province (thousand rupiahss), 2021–2025",13,3,0a7ec84ed543
JAWA TENGAH,,Provinsi/Province,,2022,,41.934,,"PDRB Per Kapita Atas Dasar Harga Berlaku di Provinsi Jawa Tengah Menurut Kabupaten/Kota (ribu rupiah), 2021–2025","Per Capita GRDP at Current Market Prices by Regency/Municipality, in Jawa Tengah Province (thousand rupiahss), 2021–2025",13,3,6a1f08603da7
DI YOGYAKARTA,01,Kab. Kulon Progo,,2022,,32.508,,"PDRB Per Kapita Atas Dasar Harga Berlaku di Provinsi DI Yogyakarta Menurut Kabupaten/Kota (ribu rupiah), 2021–2025","Per Capita GRDP at Current Market Prices by Regency/Municipality, in DI Yogyakarta Province (thousand rupiahss), 2021–2025",14,4,bf46da06a48d
DI YOGYAKARTA,02,Kab. Bantul,,2022,,31.168,,"PDRB Per Kapita Atas Dasar Harga Berlaku di Provinsi DI Yogyakarta Menurut Kabupaten/Kota (ribu rupiah), 2021–2025","Per Capita GRDP at Current Market Prices by Regency/Municipality, in DI Yogyakarta Province (thousand rupiahss), 2021–2025",14,4,f57005fefadb
DI YOGYAKARTA,03,Kab. Gunung Kidul,,2022,,30.356,,"PDRB Per Kapita Atas Dasar Harga Berlaku di Provinsi DI Yogyakarta Menurut Kabupaten/Kota (ribu rupiah), 2021–2025","Per Capita GRDP at Current Market Prices by Regency/Municipality, in DI Yogyakarta Province (thousand rupiahss), 2021–2025",14,4,f8e0c0f11de7
DI YOGYAKARTA,04,Kab. Sleman,,2022,,47.754,,"PDRB Per Kapita Atas Dasar Harga Berlaku di Provinsi DI Yogyakarta Menurut Kabupaten/Kota (ribu rupiah), 2021–2025","Per Capita GRDP at Current Market Prices by Regency/Municipality, in DI Yogyakarta Province (thousand rupiahss), 2021–2025",14,4,ba509555aa41
DI YOGYAKARTA,71,Kota Yogyakarta,,2022,,113.499,,"PDRB Per Kapita Atas Dasar Harga Berlaku di Provinsi DI Yogyakarta Menurut Kabupaten/Kota (ribu rupiah), 2021–2025","Per Capita GRDP at Current Market Prices by Regency/Municipality, in DI Yogyakarta Province (thousand rupiahss), 2021–2025",14,4,edaa62f060d8
DI YOGYAKARTA,,Jml Kab./Kota Total of Reg./Mun.,,2022,,44.610,,"PDRB Per Kapita Atas Dasar Harga Berlaku di Provinsi DI Yogyakarta Menurut Kabupaten/Kota (ribu rupiah), 2021–2025","Per Capita GRDP at Current Market Prices by Regency/Municipality, in DI Yogyakarta Province (thousand rupiahss), 2021–2025",14,4,19b55875abe3
DI YOGYAKARTA,,Provinsi/Province,,2022,,44.639,,"PDRB Per Kapita Atas Dasar Harga Berlaku di Provinsi DI Yogyakarta Menurut Kabupaten/Kota (ribu rupiah), 2021–2025","Per Capita GRDP at Current Market Prices by Regency/Municipality, in DI Yogyakarta Province (thousand rupiahss), 2021–2025",14,4,ec3dde7af638
JAWA TIMUR,01,Kab. Pacitan,,2022,,30.627,,"PDRB Per Kapita Atas Dasar Harga Berlaku di Provinsi Jawa Timur Menurut Kabupaten/Kota (ribu rupiah), 2021–2025","Per Capita GRDP at Current Market Prices by Regency/Municipality, in Jawa Timur Province (thousand rupiahss), 2021–2025",15,5,a70ca0b4438a
JAWA TIMUR,02,Kab. Ponorogo,,2022,,24.094,,"PDRB Per Kapita Atas Dasar Harga Berlaku di Provinsi Jawa Timur Menurut Kabupaten/Kota (ribu rupiah), 2021–2025","Per Capita GRDP at Current Market Prices by Regency/Municipality, in Jawa Timur Province (thousand rupiahss), 2021–2025",15,5,2c1417970263
JAWA TIMUR,03,Kab. Trenggalek,,2022,,28.309,,"PDRB Per Kapita Atas Dasar Harga Berlaku di Provinsi Jawa Timur Menurut Kabupaten/Kota (ribu rupiah), 2021–2025","Per Capita GRDP at Current Market Prices by Regency/Municipality, in Jawa Timur Province (thousand rupiahss), 2021–2025",15,5,01ff55f5fe7b
JAWA TIMUR,04,Kab. Tulungagung,,2022,,40.069,,"PDRB Per Kapita Atas Dasar Harga Berlaku di Provinsi Jawa Timur Menurut Kabupaten/Kota (ribu rupiah), 2021–2025","Per Capita GRDP at Current Market Prices by Regency/Municipality, in Jawa Timur Province (thousand rupiahss), 2021–2025",15,5,a163b5ef3f99
JAWA TIMUR,05,Kab. Blitar,,2022,,33.285,,"PDRB Per Kapita Atas Dasar Harga Berlaku di Provinsi Jawa Timur Menurut Kabupaten/Kota (ribu rupiah), 2021–2025","Per Capita GRDP at Current Market Prices by Regency/Municipality, in Jawa Timur Province (thousand rupiahss), 2021–2025",15,5,c08180f10f36
JAWA TIMUR,06,Kab. Kediri,,2022,,28.035,,"PDRB Per Kapita Atas Dasar Harga Berlaku di Provinsi Jawa Timur Menurut Kabupaten/Kota (ribu rupiah), 2021–2025","Per Capita GRDP at Current Market Prices by Regency/Municipality, in Jawa Timur Province (thousand rupiahss), 2021–2025",15,5,1928ef20cf7e
JAWA TIMUR,07,Kab. Malang,,2022,,43.581,,"PDRB Per Kapita Atas Dasar Harga Berlaku di Provinsi Jawa Timur Menurut Kabupaten/Kota (ribu rupiah), 2021–2025","Per Capita GRDP at Current Market Prices by Regency/Municipality, in Jawa Timur Province (thousand rupiahss), 2021–2025",15,5,992819e7bfcc
JAWA TIMUR,08,Kab. Lumajang,,2022,,32.384,,"PDRB Per Kapita Atas Dasar Harga Berlaku di Provinsi Jawa Timur Menurut Kabupaten/Kota (ribu rupiah), 2021–2025","Per Capita GRDP at Current Market Prices by Regency/Municipality, in Jawa Timur Province (thousand rupiahss), 2021–2025",15,5,7ccfa1603344
JAWA TIMUR,09,Kab. Jember,,2022,,34.265,,"PDRB Per Kapita Atas Dasar Harga Berlaku di Provinsi Jawa Timur Menurut Kabupaten/Kota (ribu rupiah), 2021–2025","Per Capita GRDP at Current Market Prices by Regency/Municipality, in Jawa Timur Province (thousand rupiahss), 2021–2025",15,5,8e40ea489434
JAWA TIMUR,10,Kab. Banyuwangi,,2022,,53.822,,"PDRB Per Kapita Atas Dasar Harga Berlaku di Provinsi Jawa Timur Menurut Kabupaten/Kota (ribu rupiah), 2021–2025","Per Capita GRDP at Current Market Prices by Regency/Municipality, in Jawa Timur Province (thousand rupiahss), 2021–2025",15,5,5b12656bef21
JAWA TIMUR,11,Kab. Bondowoso,,2022,,29.217,,"PDRB Per Kapita Atas Dasar Harga Berlaku di Provinsi Jawa Timur Menurut Kabupaten/Kota (ribu rupiah), 2021–2025","Per Capita GRDP at Current Market Prices by Regency/Municipality, in Jawa Timur Province (thousand rupiahss), 2021–2025",15,5,717f5ba78e2e
JAWA TIMUR,12,Kab. Situbondo,,2022,,33.367,,"PDRB Per Kapita Atas Dasar Harga Berlaku di Provinsi Jawa Timur Menurut Kabupaten/Kota (ribu rupiah), 2021–2025","Per Capita GRDP at Current Market Prices by Regency/Municipality, in Jawa Timur Province (thousand rupiahss), 2021–2025",15,5,2961e70de8da
JAWA TIMUR,13,Kab. Probolinggo,,2022,,33.323,,"PDRB Per Kapita Atas Dasar Harga Berlaku di Provinsi Jawa Timur Menurut Kabupaten/Kota (ribu rupiah), 2021–2025","Per Capita GRDP at Current Market Prices by Regency/Municipality, in Jawa Timur Province (thousand rupiahss), 2021–2025",15,5,222b8594c639
JAWA TIMUR,14,Kab. Pasuruan,,2022,,105.850,,"PDRB Per Kapita Atas Dasar Harga Berlaku di Provinsi Jawa Timur Menurut Kabupaten/Kota (ribu rupiah), 2021–2025","Per Capita GRDP at Current Market Prices by Regency/Municipality, in Jawa Timur Province (thousand rupiahss), 2021–2025",15,5,66bb8e4f936c
JAWA TIMUR,15,Kab. Sidoarjo,,2022,,11.5.389,,"PDRB Per Kapita Atas Dasar Harga Berlaku di Provinsi Jawa Timur Menurut Kabupaten/Kota (ribu rupiah), 2021–2025","Per Capita GRDP at Current Market Prices by Regency/Municipality, in Jawa Timur Province (thousand rupiahss), 2021–2025",15,5,65b0c5645d9e
JAWA TIMUR,16,Kab. Mojokerto,,2022,,84.307,,"PDRB Per Kapita Atas Dasar Harga Berlaku di Provinsi Jawa Timur Menurut Kabupaten/Kota (ribu rupiah), 2021–2025","Per Capita GRDP at Current Market Prices by Regency/Municipality, in Jawa Timur Province (thousand rupiahss), 2021–2025",15,5,fd7802eb7c7a
JAWA TIMUR,17,Kab. Jombang,,2022,,34.292,,"PDRB Per Kapita Atas Dasar Harga Berlaku di Provinsi Jawa Timur Menurut Kabupaten/Kota (ribu rupiah), 2021–2025","Per Capita GRDP at Current Market Prices by Regency/Municipality, in Jawa Timur Province (thousand rupiahss), 2021–2025",15,5,e18efc4da806
JAWA TIMUR,18,Kab. Nganjuk,,2022,,27.583,,"PDRB Per Kapita Atas Dasar Harga Berlaku di Provinsi Jawa Timur Menurut Kabupaten/Kota (ribu rupiah), 2021–2025","Per Capita GRDP at Current Market Prices by Regency/Municipality, in Jawa Timur Province (thousand rupiahss), 2021–2025",15,5,d6b9119f1dcd
JAWA TIMUR,19,Kab. Madiun,,2022,,29.110,,"PDRB Per Kapita Atas Dasar Harga Berlaku di Provinsi Jawa Timur Menurut Kabupaten/Kota (ribu rupiah), 2021–2025","Per Capita GRDP at Current Market Prices by Regency/Municipality, in Jawa Timur Province (thousand rupiahss), 2021–2025",15,5,126f9dece5eb
JAWA TIMUR,20,Kab. Magetan,,2022,,31.275,,"PDRB Per Kapita Atas Dasar Harga Berlaku di Provinsi Jawa Timur Menurut Kabupaten/Kota (ribu rupiah), 2021–2025","Per Capita GRDP at Current Market Prices by Regency/Municipality, in Jawa Timur Province (thousand rupiahss), 2021–2025",15,5,ed34ecee45d1
JAWA TIMUR,21,Kab. Ngawi,,2022,,25.602,,"PDRB Per Kapita Atas Dasar Harga Berlaku di Provinsi Jawa Timur Menurut Kabupaten/Kota (ribu rupiah), 2021–2025","Per Capita GRDP at Current Market Prices by Regency/Municipality, in Jawa Timur Province (thousand rupiahss), 2021–2025",15,5,1dc64022f488
JAWA TIMUR,22,Kab. Bojonegoro,,2022,,76.507,,"PDRB Per Kapita Atas Dasar Harga Berlaku di Provinsi Jawa Timur Menurut Kabupaten/Kota (ribu rupiah), 2021–2025","Per Capita GRDP at Current Market Prices by Regency/Municipality, in Jawa Timur Province (thousand rupiahss), 2021–2025",15,5,b2f8c0a68ce9
JAWA TIMUR,23,Kab. Tuban,,2022,,62.059,,"PDRB Per Kapita Atas Dasar Harga Berlaku di Provinsi Jawa Timur Menurut Kabupaten/Kota (ribu rupiah), 2021–2025","Per Capita GRDP at Current Market Prices by Regency/Municipality, in Jawa Timur Province (thousand rupiahss), 2021–2025",15,5,1d87862bc403
JAWA TIMUR,24,Kab. Lamongan,,2022,,33.399,,"PDRB Per Kapita Atas Dasar Harga Berlaku di Provinsi Jawa Timur Menurut Kabupaten/Kota (ribu rupiah), 2021–2025","Per Capita GRDP at Current Market Prices by Regency/Municipality, in Jawa Timur Province (thousand rupiahss), 2021–2025",15,5,1958af66bd4d
JAWA TIMUR,25,Kab. Gresik,,2022,,122.650,,"PDRB Per Kapita Atas Dasar Harga Berlaku di Provinsi Jawa Timur Menurut Kabupaten/Kota (ribu rupiah), 2021–2025","Per Capita GRDP at Current Market Prices by Regency/Municipality, in Jawa Timur Province (thousand rupiahss), 2021–2025",15,5,9e8e0039db4a
JAWA TIMUR,26,Kab. Bangkalan,,2022,,25.134,,"PDRB Per Kapita Atas Dasar Harga Berlaku di Provinsi Jawa Timur Menurut Kabupaten/Kota (ribu rupiah), 2021–2025","Per Capita GRDP at Current Market Prices by Regency/Municipality, in Jawa Timur Province (thousand rupiahss), 2021–2025",15,5,39ee6ea94644
JAWA TIMUR,27,Kab. Sampang,,2022,,23.186,,"PDRB Per Kapita Atas Dasar Harga Berlaku di Provinsi Jawa Timur Menurut Kabupaten/Kota (ribu rupiah), 2021–2025","Per Capita GRDP at Current Market Prices by Regency/Municipality, in Jawa Timur Province (thousand rupiahss), 2021–2025",15,5,8e207a905257
JAWA TIMUR,28,Kab. Pamekasan,,2022,,22.226,,"PDRB Per Kapita Atas Dasar Harga Berlaku di Provinsi Jawa Timur Menurut Kabupaten/Kota (ribu rupiah), 2021–2025","Per Capita GRDP at Current Market Prices by Regency/Municipality, in Jawa Timur Province (thousand rupiahss), 2021–2025",15,5,3f70dacef7c1
JAWA TIMUR,29,Kab. Sumenep,,2022,,35.324,,"PDRB Per Kapita Atas Dasar Harga Berlaku di Provinsi Jawa Timur Menurut Kabupaten/Kota (ribu rupiah), 2021–2025","Per Capita GRDP at Current Market Prices by Regency/Municipality, in Jawa Timur Province (thousand rupiahss), 2021–2025",15,5,26547737ffb0
JAWA TIMUR,71,Kota Kediri,,2022,,522.857,,"PDRB Per Kapita Atas Dasar Harga Berlaku di Provinsi Jawa Timur Menurut Kabupaten/Kota (ribu rupiah), 2021–2025","Per Capita GRDP at Current Market Prices by Regency/Municipality, in Jawa Timur Province (thousand rupiahss), 2021–2025",15,5,981c38240a21
JAWA TIMUR,72,Kota Blitar,,2022,,51.593,,"PDRB Per Kapita Atas Dasar Harga Berlaku di Provinsi Jawa Timur Menurut Kabupaten/Kota (ribu rupiah), 2021–2025","Per Capita GRDP at Current Market Prices by Regency/Municipality, in Jawa Timur Province (thousand rupiahss), 2021–2025",15,5,5da3b90d02a6
JAWA TIMUR,73,Kota Malang,,2022,,98.885,,"PDRB Per Kapita Atas Dasar Harga Berlaku di Provinsi Jawa Timur Menurut Kabupaten/Kota (ribu rupiah), 2021–2025","Per Capita GRDP at Current Market Prices by Regency/Municipality, in Jawa Timur Province (thousand rupiahss), 2021–2025",15,5,2b92e81dcc8f
JAWA TIMUR,74,Kota Probolinggo,,2022,,52.921,,"PDRB Per Kapita Atas Dasar Harga Berlaku di Provinsi Jawa Timur Menurut Kabupaten/Kota (ribu rupiah), 2021–2025","Per Capita GRDP at Current Market Prices by Regency/Municipality, in Jawa Timur Province (thousand rupiahss), 2021–2025",15,5,e21de5c5ad0a
JAWA TIMUR,75,Kota Pasuruan,,2022,,44.303,,"PDRB Per Kapita Atas Dasar Harga Berlaku di Provinsi Jawa Timur Menurut Kabupaten/Kota (ribu rupiah), 2021–2025","Per Capita GRDP at Current Market Prices by Regency/Municipality, in Jawa Timur Province (thousand rupiahss), 2021–2025",15,5,96b6bc005469
JAWA TIMUR,76,Kota Mojokerto,,2022,,56.648,,"PDRB Per Kapita Atas Dasar Harga Berlaku di Provinsi Jawa Timur Menurut Kabupaten/Kota (ribu rupiah), 2021–2025","Per Capita GRDP at Current Market Prices by Regency/Municipality, in Jawa Timur Province (thousand rupiahss), 2021–2025",15,5,c7bae61860cd
JAWA TIMUR,77,Kota Madiun,,2022,,79.817,,"PDRB Per Kapita Atas Dasar Harga Berlaku di Provinsi Jawa Timur Menurut Kabupaten/Kota (ribu rupiah), 2021–2025","Per Capita GRDP at Current Market Prices by Regency/Municipality, in Jawa Timur Province (thousand rupiahss), 2021–2025",15,5,945bf7cfc3df
JAWA TIMUR,78,Kota Surabaya,,2022,,226.080,,"PDRB Per Kapita Atas Dasar Harga Berlaku di Provinsi Jawa Timur Menurut Kabupaten/Kota (ribu rupiah), 2021–2025","Per Capita GRDP at Current Market Prices by Regency/Municipality, in Jawa Timur Province (thousand rupiahss), 2021–2025",15,5,f388eb851ad9
JAWA TIMUR,79,Kota Batu,,2022,,85.414,,"PDRB Per Kapita Atas Dasar Harga Berlaku di Provinsi Jawa Timur Menurut Kabupaten/Kota (ribu rupiah), 2021–2025","Per Capita GRDP at Current Market Prices by Regency/Municipality, in Jawa Timur Province (thousand rupiahss), 2021–2025",15,5,037759114d74
JAWA TIMUR,,Jml Kab./Kota Total of Reg./Mun.,,2022,,66.227,,"PDRB Per Kapita Atas Dasar Harga Berlaku di Provinsi Jawa Timur Menurut Kabupaten/Kota (ribu rupiah), 2021–2025","Per Capita GRDP at Current Market Prices by Regency/Municipality, in Jawa Timur Province (thousand rupiahss), 2021–2025",15,5,c6f9dcde86b4
JAWA TIMUR,,Provinsi/Province,,2022,,66.248,,"PDRB Per Kapita Atas Dasar Harga Berlaku di Provinsi Jawa Timur Menurut Kabupaten/Kota (ribu rupiah), 2021–2025","Per Capita GRDP at Current Market Prices by Regency/Municipality, in Jawa Timur Province (thousand rupiahss), 2021–2025",15,5,a9299c6bc4b9
BANTEN,01,Kab. Pandeglang,,2022,,24.696,,"PDRB Per Kapita Atas Dasar Harga Berlaku di Provinsi Banten Menurut Kabupaten/Kota (ribu rupiah), 2021–2025","Per Capita GRDP at Current Market Prices by Regency/Municipality, in Banten Province (thousand rupiahss), 2021–2025",16,6,7a37bc5dab50
BANTEN,02,Kab. Lebak,,2022,,23.617,,"PDRB Per Kapita Atas Dasar Harga Berlaku di Provinsi Banten Menurut Kabupaten/Kota (ribu rupiah), 2021–2025","Per Capita GRDP at Current Market Prices by Regency/Municipality, in Banten Province (thousand rupiahss), 2021–2025",16,6,404b5bc9550a
BANTEN,03,Kab. Tangerang,,2022,,48.218,,"PDRB Per Kapita Atas Dasar Harga Berlaku di Provinsi Banten Menurut Kabupaten/Kota (ribu rupiah), 2021–2025","Per Capita GRDP at Current Market Prices by Regency/Municipality, in Banten Province (thousand rupiahss), 2021–2025",16,6,e94d16c60979
BANTEN,04,Kab. Serang,,2022,,52.957,,"PDRB Per Kapita Atas Dasar Harga Berlaku di Provinsi Banten Menurut Kabupaten/Kota (ribu rupiah), 2021–2025","Per Capita GRDP at Current Market Prices by Regency/Municipality, in Banten Province (thousand rupiahss), 2021–2025",16,6,3da352374f13
BANTEN,71,Kota Tangerang,,2022,,94.428,,"PDRB Per Kapita Atas Dasar Harga Berlaku di Provinsi Banten Menurut Kabupaten/Kota (ribu rupiah), 2021–2025","Per Capita GRDP at Current Market Prices by Regency/Municipality, in Banten Province (thousand rupiahss), 2021–2025",16,6,8d0215f75a0f
BANTEN,72,Kota Cilegon,,2022,,271.349,,"PDRB Per Kapita Atas Dasar Harga Berlaku di Provinsi Banten Menurut Kabupaten/Kota (ribu rupiah), 2021–2025","Per Capita GRDP at Current Market Prices by Regency/Municipality, in Banten Province (thousand rupiahss), 2021–2025",16,6,c3a208744ec5
BANTEN,73,Kota Serang,,2022,,51.548,,"PDRB Per Kapita Atas Dasar Harga Berlaku di Provinsi Banten Menurut Kabupaten/Kota (ribu rupiah), 2021–2025","Per Capita GRDP at Current Market Prices by Regency/Municipality, in Banten Province (thousand rupiahss), 2021–2025",16,6,cbb08e23b58d
BANTEN,74,Kota Tangerang Selatan,,2022,,69.729,,"PDRB Per Kapita Atas Dasar Harga Berlaku di Provinsi Banten Menurut Kabupaten/Kota (ribu rupiah), 2021–2025","Per Capita GRDP at Current Market Prices by Regency/Municipality, in Banten Province (thousand rupiahss), 2021–2025",16,6,f62676c8d8e1
BANTEN,,Jml Kab./Kota Total of Reg./Mun.,,2022,,61.619,,"PDRB Per Kapita Atas Dasar Harga Berlaku di Provinsi Banten Menurut Kabupaten/Kota (ribu rupiah), 2021–2025","Per Capita GRDP at Current Market Prices by Regency/Municipality, in Banten Province (thousand rupiahss), 2021–2025",16,6,74b54c303b16
BANTEN,,Provinsi/Province,,2022,,61.414,,"PDRB Per Kapita Atas Dasar Harga Berlaku di Provinsi Banten Menurut Kabupaten/Kota (ribu rupiah), 2021–2025","Per Capita GRDP at Current Market Prices by Regency/Municipality, in Banten Province (thousand rupiahss), 2021–2025",16,6,2351527f51f0
BALI,01,Kab. Jembrana,,2022,,45.249,,"PDRB Per Kapita Atas Dasar Harga Berlaku di Provinsi Bali Menurut Kabupaten/Kota (ribu rupiah), 2021–2025","Per Capita GRDP at Current Market Prices by Regency/Municipality, in Bali Province (thousand rupiahss), 2021–2025",17,7,2f8a99202d55
BALI,02,Kab. Tabanan,,2022,,50.978,,"PDRB Per Kapita Atas Dasar Harga Berlaku di Provinsi Bali Menurut Kabupaten/Kota (ribu rupiah), 2021–2025","Per Capita GRDP at Current Market Prices by Regency/Municipality, in Bali Province (thousand rupiahss), 2021–2025",17,7,336efca2cfd2
BALI,03,Kab. Badung,,2022,,99.076,,"PDRB Per Kapita Atas Dasar Harga Berlaku di Provinsi Bali Menurut Kabupaten/Kota (ribu rupiah), 2021–2025","Per Capita GRDP at Current Market Prices by Regency/Municipality, in Bali Province (thousand rupiahss), 2021–2025",17,7,baa5233e8de8
BALI,04,Kab. Gianyar,,2022,,53.645,,"PDRB Per Kapita Atas Dasar Harga Berlaku di Provinsi Bali Menurut Kabupaten/Kota (ribu rupiah), 2021–2025","Per Capita GRDP at Current Market Prices by Regency/Municipality, in Bali Province (thousand rupiahss), 2021–2025",17,7,467910babeb0
BALI,05,Kab. Klungkung,,2022,,44.269,,"PDRB Per Kapita Atas Dasar Harga Berlaku di Provinsi Bali Menurut Kabupaten/Kota (ribu rupiah), 2021–2025","Per Capita GRDP at Current Market Prices by Regency/Municipality, in Bali Province (thousand rupiahss), 2021–2025",17,7,137f978b20df
BALI,06,Kab. Bangli,,2022,,28.182,,"PDRB Per Kapita Atas Dasar Harga Berlaku di Provinsi Bali Menurut Kabupaten/Kota (ribu rupiah), 2021–2025","Per Capita GRDP at Current Market Prices by Regency/Municipality, in Bali Province (thousand rupiahss), 2021–2025",17,7,25671071a066
BALI,07,Kab. Karangasem,,2022,,35.519,,"PDRB Per Kapita Atas Dasar Harga Berlaku di Provinsi Bali Menurut Kabupaten/Kota (ribu rupiah), 2021–2025","Per Capita GRDP at Current Market Prices by Regency/Municipality, in Bali Province (thousand rupiahss), 2021–2025",17,7,b6f0814b1cac
BALI,08,Kab. Buleleng,,2022,,44.603,,"PDRB Per Kapita Atas Dasar Harga Berlaku di Provinsi Bali Menurut Kabupaten/Kota (ribu rupiah), 2021–2025","Per Capita GRDP at Current Market Prices by Regency/Municipality, in Bali Province (thousand rupiahss), 2021–2025",17,7,601db29302b3
BALI,71,Kota Denpasar,,2022,,73.732,,"PDRB Per Kapita Atas Dasar Harga Berlaku di Provinsi Bali Menurut Kabupaten/Kota (ribu rupiah), 2021–2025","Per Capita GRDP at Current Market Prices by Regency/Municipality, in Bali Province (thousand rupiahss), 2021–2025",17,7,6ce060280ed8
BALI,,Jml Kab./Kota Total of Reg./Mun.,,2022,,56.261,,"PDRB Per Kapita Atas Dasar Harga Berlaku di Provinsi Bali Menurut Kabupaten/Kota (ribu rupiah), 2021–2025","Per Capita GRDP at Current Market Prices by Regency/Municipality, in Bali Province (thousand rupiahss), 2021–2025",17,7,dea4a3e69651
BALI,,Provinsi/Province,,2022,,56.093,,"PDRB Per Kapita Atas Dasar Harga Berlaku di Provinsi Bali Menurut Kabupaten/Kota (ribu rupiah), 2021–2025","Per Capita GRDP at Current Market Prices by Regency/Municipality, in Bali Province (thousand rupiahss), 2021–2025",17,7,d289a947ca3b
NUSA TENGGARA BARAT,01,Kab. Lombok Barat,,2022,,22.318,,"PDRB Per Kapita Atas Dasar Harga Berlaku di Provinsi Nusa Tenggara Barat Menurut Kabupaten/Kota (ribu rupiah), 2021–2025","Per Capita GRDP at Current Market Prices by Regency/Municipality, in Nusa Tenggara Barat Province (thousand rupiahss), 2021–2025",18,8,e392cbc1df2c
NUSA TENGGARA BARAT,02,Kab. Lombok Tengah,,2022,,17.991,,"PDRB Per Kapita Atas Dasar Harga Berlaku di Provinsi Nusa Tenggara Barat Menurut Kabupaten/Kota (ribu rupiah), 2021–2025","Per Capita GRDP at Current Market Prices by Regency/Municipality, in Nusa Tenggara Barat Province (thousand rupiahss), 2021–2025",18,8,531e21bf2495
NUSA TENGGARA BARAT,03,Kab. Lombok Timur,,2022,,16.519,,"PDRB Per Kapita Atas Dasar Harga Berlaku di Provinsi Nusa Tenggara Barat Menurut Kabupaten/Kota (ribu rupiah), 2021–2025","Per Capita GRDP at Current Market Prices by Regency/Municipality, in Nusa Tenggara Barat Province (thousand rupiahss), 2021–2025",18,8,4ea433fab475
NUSA TENGGARA BARAT,04,Kab. Sumbawa,,2022,,30.837,,"PDRB Per Kapita Atas Dasar Harga Berlaku di Provinsi Nusa Tenggara Barat Menurut Kabupaten/Kota (ribu rupiah), 2021–2025","Per Capita GRDP at Current Market Prices by Regency/Municipality, in Nusa Tenggara Barat Province (thousand rupiahss), 2021–2025",18,8,b8fe40f43a7d
NUSA TENGGARA BARAT,05,Kab. Dompu,,2022,,32.152,,"PDRB Per Kapita Atas Dasar Harga Berlaku di Provinsi Nusa Tenggara Barat Menurut Kabupaten/Kota (ribu rupiah), 2021–2025","Per Capita GRDP at Current Market Prices by Regency/Municipality, in Nusa Tenggara Barat Province (thousand rupiahss), 2021–2025",18,8,4c82d707b497
NUSA TENGGARA BARAT,06,Kab. Bima,,2022,,24.133,,"PDRB Per Kapita Atas Dasar Harga Berlaku di Provinsi Nusa Tenggara Barat Menurut Kabupaten/Kota (ribu rupiah), 2021–2025","Per Capita GRDP at Current Market Prices by Regency/Municipality, in Nusa Tenggara Barat Province (thousand rupiahss), 2021–2025",18,8,0d1841e8905f
NUSA TENGGARA BARAT,07,Kab. Sumbawa Barat,,2022,,209.611,,"PDRB Per Kapita Atas Dasar Harga Berlaku di Provinsi Nusa Tenggara Barat Menurut Kabupaten/Kota (ribu rupiah), 2021–2025","Per Capita GRDP at Current Market Prices by Regency/Municipality, in Nusa Tenggara Barat Province (thousand rupiahss), 2021–2025",18,8,408c6caa6f01
NUSA TENGGARA BARAT,08,Kab. Lombok Utara,,2022,,19.874,,"PDRB Per Kapita Atas Dasar Harga Berlaku di Provinsi Nusa Tenggara Barat Menurut Kabupaten/Kota (ribu rupiah), 2021–2025","Per Capita GRDP at Current Market Prices by Regency/Municipality, in Nusa Tenggara Barat Province (thousand rupiahss), 2021–2025",18,8,4d32ddd8fae6
NUSA TENGGARA BARAT,71,Kota Mataram,,2022,,48.454,,"PDRB Per Kapita Atas Dasar Harga Berlaku di Provinsi Nusa Tenggara Barat Menurut Kabupaten/Kota (ribu rupiah), 2021–2025","Per Capita GRDP at Current Market Prices by Regency/Municipality, in Nusa Tenggara Barat Province (thousand rupiahss), 2021–2025",18,8,227b315431d1
NUSA TENGGARA BARAT,72,Kota Bima,,2022,,28.752,,"PDRB Per Kapita Atas Dasar Harga Berlaku di Provinsi Nusa Tenggara Barat Menurut Kabupaten/Kota (ribu rupiah), 2021–2025","Per Capita GRDP at Current Market Prices by Regency/Municipality, in Nusa Tenggara Barat Province (thousand rupiahss), 2021–2025",18,8,dc614187a7ca
NUSA TENGGARA BARAT,,Jml Kab./Kota Total of Reg./Mun.,,2022,,28.753,,"PDRB Per Kapita Atas Dasar Harga Berlaku di Provinsi Nusa Tenggara Barat Menurut Kabupaten/Kota (ribu rupiah), 2021–2025","Per Capita GRDP at Current Market Prices by Regency/Municipality, in Nusa Tenggara Barat Province (thousand rupiahss), 2021–2025",18,8,9f2fdbc09881
NUSA TENGGARA BARAT,,Provinsi/Province,,2022,,28.671,,"PDRB Per Kapita Atas Dasar Harga Berlaku di Provinsi Nusa Tenggara Barat Menurut Kabupaten/Kota (ribu rupiah), 2021–2025","Per Capita GRDP at Current Market Prices by Regency/Municipality, in Nusa Tenggara Barat Province (thousand rupiahss), 2021–2025",18,8,2b4d9b088af0
NUSA TENGGARA TIMUR,01,Kab. Sumba Barat,,2022,,17.245,,"PDRB Per Kapita Atas Dasar Harga Berlaku di Provinsi Nusa Tenggara Timur Menurut Kabupaten/Kota (ribu rupiah), 2021–2025","Per Capita GRDP at Current Market Prices by Regency/Municipality, in Nusa Tenggara Timur Province (thousand rupiahss), 2021–2025",19,9,2c71b302d977
NUSA TENGGARA TIMUR,02,Kab. Sumba Timur,,2022,,27.133,,"PDRB Per Kapita Atas Dasar Harga Berlaku di Provinsi Nusa Tenggara Timur Menurut Kabupaten/Kota (ribu rupiah), 2021–2025","Per Capita GRDP at Current Market Prices by Regency/Municipality, in Nusa Tenggara Timur Province (thousand rupiahss), 2021–2025",19,9,75673f770ddb
NUSA TENGGARA TIMUR,03,Kab. Kupang,,2022,,22.733,,"PDRB Per Kapita Atas Dasar Harga Berlaku di Provinsi Nusa Tenggara Timur Menurut Kabupaten/Kota (ribu rupiah), 2021–2025","Per Capita GRDP at Current Market Prices by Regency/Municipality, in Nusa Tenggara Timur Province (thousand rupiahss), 2021–2025",19,9,3a085ebc52ba
NUSA TENGGARA TIMUR,04,Kab. Timor Tengah Selatan,,2022,,18.836,,"PDRB Per Kapita Atas Dasar Harga Berlaku di Provinsi Nusa Tenggara Timur Menurut Kabupaten/Kota (ribu rupiah), 2021–2025","Per Capita GRDP at Current Market Prices by Regency/Municipality, in Nusa Tenggara Timur Province (thousand rupiahss), 2021–2025",19,9,9590a8eafa3e
NUSA TENGGARA TIMUR,05,Kab. Timor Tengah Utara,,2022,,16.822,,"PDRB Per Kapita Atas Dasar Harga Berlaku di Provinsi Nusa Tenggara Timur Menurut Kabupaten/Kota (ribu rupiah), 2021–2025","Per Capita GRDP at Current Market Prices by Regency/Municipality, in Nusa Tenggara Timur Province (thousand rupiahss), 2021–2025",19,9,dda05f7646a1
NUSA TENGGARA TIMUR,06,Kab. Belu,,2022,,22.251,,"PDRB Per Kapita Atas Dasar Harga Berlaku di Provinsi Nusa Tenggara Timur Menurut Kabupaten/Kota (ribu rupiah), 2021–2025","Per Capita GRDP at Current Market Prices by Regency/Municipality, in Nusa Tenggara Timur Province (thousand rupiahss), 2021–2025",19,9,8c6415da8508
NUSA TENGGARA TIMUR,07,Kab. Alor,,2022,,15.425,,"PDRB Per Kapita Atas Dasar Harga Berlaku di Provinsi Nusa Tenggara Timur Menurut Kabupaten/Kota (ribu rupiah), 2021–2025","Per Capita GRDP at Current Market Prices by Regency/Municipality, in Nusa Tenggara Timur Province (thousand rupiahss), 2021–2025",19,9,cce66bde6ab7
NUSA TENGGARA TIMUR,08,Kab. Lembata,,2022,,14.492,,"PDRB Per Kapita Atas Dasar Harga Berlaku di Provinsi Nusa Tenggara Timur Menurut Kabupaten/Kota (ribu rupiah), 2021–2025","Per Capita GRDP at Current Market Prices by Regency/Municipality, in Nusa Tenggara Timur Province (thousand rupiahss), 2021–2025",19,9,8dd0a9b42fbc
NUSA TENGGARA TIMUR,09,Kab. Flores Timur,,2022,,19.903,,"PDRB Per Kapita Atas Dasar Harga Berlaku di Provinsi Nusa Tenggara Timur Menurut Kabupaten/Kota (ribu rupiah), 2021–2025","Per Capita GRDP at Current Market Prices by Regency/Municipality, in Nusa Tenggara Timur Province (thousand rupiahss), 2021–2025",19,9,ec25fbf1dbef
NUSA TENGGARA TIMUR,10,Kab. Sikka,,2022,,17.259,,"PDRB Per Kapita Atas Dasar Harga Berlaku di Provinsi Nusa Tenggara Timur Menurut Kabupaten/Kota (ribu rupiah), 2021–2025","Per Capita GRDP at Current Market Prices by Regency/Municipality, in Nusa Tenggara Timur Province (thousand rupiahss), 2021–2025",19,9,14aea181a233
NUSA TENGGARA TIMUR,11,Kab. Ende,,2022,,24.630,,"PDRB Per Kapita Atas Dasar Harga Berlaku di Provinsi Nusa Tenggara Timur Menurut Kabupaten/Kota (ribu rupiah), 2021–2025","Per Capita GRDP at Current Market Prices by Regency/Municipality, in Nusa Tenggara Timur Province (thousand rupiahss), 2021–2025",19,9,7421e02255ea
NUSA TENGGARA TIMUR,12,Kab. Ngada,,2022,,22.549,,"PDRB Per Kapita Atas Dasar Harga Berlaku di Provinsi Nusa Tenggara Timur Menurut Kabupaten/Kota (ribu rupiah), 2021–2025","Per Capita GRDP at Current Market Prices by Regency/Municipality, in Nusa Tenggara Timur Province (thousand rupiahss), 2021–2025",19,9,3d54e544e237
NUSA TENGGARA TIMUR,13,Kab. Manggarai,,2022,,15.780,,"PDRB Per Kapita Atas Dasar Harga Berlaku di Provinsi Nusa Tenggara Timur Menurut Kabupaten/Kota (ribu rupiah), 2021–2025","Per Capita GRDP at Current Market Prices by Regency/Municipality, in Nusa Tenggara Timur Province (thousand rupiahss), 2021–2025",19,9,e86c99f6c17a
NUSA TENGGARA TIMUR,14,Kab. Rote Ndao,,2022,,23.654,,"PDRB Per Kapita Atas Dasar Harga Berlaku di Provinsi Nusa Tenggara Timur Menurut Kabupaten/Kota (ribu rupiah), 2021–2025","Per Capita GRDP at Current Market Prices by Regency/Municipality, in Nusa Tenggara Timur Province (thousand rupiahss), 2021–2025",19,9,5f473ebad474
NUSA TENGGARA TIMUR,15,Kab. Manggarai Barat,,2022,,14.621,,"PDRB Per Kapita Atas Dasar Harga Berlaku di Provinsi Nusa Tenggara Timur Menurut Kabupaten/Kota (ribu rupiah), 2021–2025","Per Capita GRDP at Current Market Prices by Regency/Municipality, in Nusa Tenggara Timur Province (thousand rupiahss), 2021–2025",19,9,7fe6a92469bb
NUSA TENGGARA TIMUR,16,Kab. Sumba Tengah,,2022,,14.698,,"PDRB Per Kapita Atas Dasar Harga Berlaku di Provinsi Nusa Tenggara Timur Menurut Kabupaten/Kota (ribu rupiah), 2021–2025","Per Capita GRDP at Current Market Prices by Regency/Municipality, in Nusa Tenggara Timur Province (thousand rupiahss), 2021–2025",19,9,c5e44600849e
NUSA TENGGARA TIMUR,17,Kab. Sumba Barat Daya,,2022,,13.242,,"PDRB Per Kapita Atas Dasar Harga Berlaku di Provinsi Nusa Tenggara Timur Menurut Kabupaten/Kota (ribu rupiah), 2021–2025","Per Capita GRDP at Current Market Prices by Regency/Municipality, in Nusa Tenggara Timur Province (thousand rupiahss), 2021–2025",19,9,fefe068bb7eb
NUSA TENGGARA TIMUR,18,Kab. Nagekeo,,2022,,15.189,,"PDRB Per Kapita Atas Dasar Harga Berlaku di Provinsi Nusa Tenggara Timur Menurut Kabupaten/Kota (ribu rupiah), 2021–2025","Per Capita GRDP at Current Market Prices by Regency/Municipality, in Nusa Tenggara Timur Province (thousand rupiahss), 2021–2025",19,9,b6adde564f7a
NUSA TENGGARA TIMUR,19,Kab. Manggarai Timur,,2022,,12.789,,"PDRB Per Kapita Atas Dasar Harga Berlaku di Provinsi Nusa Tenggara Timur Menurut Kabupaten/Kota (ribu rupiah), 2021–2025","Per Capita GRDP at Current Market Prices by Regency/Municipality, in Nusa Tenggara Timur Province (thousand rupiahss), 2021–2025",19,9,6163a631c834
NUSA TENGGARA TIMUR,20,Kab. Sabu Raijua,,2022,,16.824,,"PDRB Per Kapita Atas Dasar Harga Berlaku di Provinsi Nusa Tenggara Timur Menurut Kabupaten/Kota (ribu rupiah), 2021–2025","Per Capita GRDP at Current Market Prices by Regency/Municipality, in Nusa Tenggara Timur Province (thousand rupiahss), 2021–2025",19,9,7dd6eab20763
NUSA TENGGARA TIMUR,21,Kab. Malaka,,2022,,16.681,,"PDRB Per Kapita Atas Dasar Harga Berlaku di Provinsi Nusa Tenggara Timur Menurut Kabupaten/Kota (ribu rupiah), 2021–2025","Per Capita GRDP at Current Market Prices by Regency/Municipality, in Nusa Tenggara Timur Province (thousand rupiahss), 2021–2025",19,9,5d8278d6a14b
NUSA TENGGARA TIMUR,71,Kota Kupang,,2022,,57.199,,"PDRB Per Kapita Atas Dasar Harga Berlaku di Provinsi Nusa Tenggara Timur Menurut Kabupaten/Kota (ribu rupiah), 2021–2025","Per Capita GRDP at Current Market Prices by Regency/Municipality, in Nusa Tenggara Timur Province (thousand rupiahss), 2021–2025",19,9,7fe1861eaac7
NUSA TENGGARA TIMUR,,Jml Kab./Kota Total of Reg./Mun.,,2022,,21.634,,"PDRB Per Kapita Atas Dasar Harga Berlaku di Provinsi Nusa Tenggara Timur Menurut Kabupaten/Kota (ribu rupiah), 2021–2025","Per Capita GRDP at Current Market Prices by Regency/Municipality, in Nusa Tenggara Timur Province (thousand rupiahss), 2021–2025",19,9,82069599c61b
NUSA TENGGARA TIMUR,,Provinsi/Province,,2022,,21.658,,"PDRB Per Kapita Atas Dasar Harga Berlaku di Provinsi Nusa Tenggara Timur Menurut Kabupaten/Kota (ribu rupiah), 2021–2025","Per Capita GRDP at Current Market Prices by Regency/Municipality, in Nusa Tenggara Timur Province (thousand rupiahss), 2021–2025",19,9,0ee23c633bce
KALIMANTAN BARAT,01,Kab. Sambas,,2022,,38.028,,"PDRB Per Kapita Atas Dasar Harga Berlaku di Provinsi Kalimantan Barat Menurut Kabupaten/Kota (ribu rupiah), 2021–2025","Per Capita GRDP at Current Market Prices by Regency/Municipality, in Kalimantan Barat Province (thousand rupiahss), 2021–2025",20,10,df3e5fd6e641
KALIMANTAN BARAT,02,Kab. Bengkayang,,2022,,35.051,,"PDRB Per Kapita Atas Dasar Harga Berlaku di Provinsi Kalimantan Barat Menurut Kabupaten/Kota (ribu rupiah), 2021–2025","Per Capita GRDP at Current Market Prices by Regency/Municipality, in Kalimantan Barat Province (thousand rupiahss), 2021–2025",20,10,7b61cc0eee05
KALIMANTAN BARAT,03,Kab. Landak,,2022,,31.314,,"PDRB Per Kapita Atas Dasar Harga Berlaku di Provinsi Kalimantan Barat Menurut Kabupaten/Kota (ribu rupiah), 2021–2025","Per Capita GRDP at Current Market Prices by Regency/Municipality, in Kalimantan Barat Province (thousand rupiahss), 2021–2025",20,10,f6a95e186780
KALIMANTAN BARAT,04,Kab. Mempawah,,2022,,32.239,,"PDRB Per Kapita Atas Dasar Harga Berlaku di Provinsi Kalimantan Barat Menurut Kabupaten/Kota (ribu rupiah), 2021–2025","Per Capita GRDP at Current Market Prices by Regency/Municipality, in Kalimantan Barat Province (thousand rupiahss), 2021–2025",20,10,35183b3ec431
KALIMANTAN BARAT,05,Kab. Sanggau,,2022,,47.955,,"PDRB Per Kapita Atas Dasar Harga Berlaku di Provinsi Kalimantan Barat Menurut Kabupaten/Kota (ribu rupiah), 2021–2025","Per Capita GRDP at Current Market Prices by Regency/Municipality, in Kalimantan Barat Province (thousand rupiahss), 2021–2025",20,10,0aadbf3993e8
KALIMANTAN BARAT,06,Kab. Ketapang,,2022,,58.662,,"PDRB Per Kapita Atas Dasar Harga Berlaku di Provinsi Kalimantan Barat Menurut Kabupaten/Kota (ribu rupiah), 2021–2025","Per Capita GRDP at Current Market Prices by Regency/Municipality, in Kalimantan Barat Province (thousand rupiahss), 2021–2025",20,10,db804e4d84cc
KALIMANTAN BARAT,07,Kab. Sintang,,2022,,40.098,,"PDRB Per Kapita Atas Dasar Harga Berlaku di Provinsi Kalimantan Barat Menurut Kabupaten/Kota (ribu rupiah), 2021–2025","Per Capita GRDP at Current Market Prices by Regency/Municipality, in Kalimantan Barat Province (thousand rupiahss), 2021–2025",20,10,b16d70449e49
KALIMANTAN BARAT,08,Kab. Kapuas Hulu,,2022,,47.056,,"PDRB Per Kapita Atas Dasar Harga Berlaku di Provinsi Kalimantan Barat Menurut Kabupaten/Kota (ribu rupiah), 2021–2025","Per Capita GRDP at Current Market Prices by Regency/Municipality, in Kalimantan Barat Province (thousand rupiahss), 2021–2025",20,10,d887029f4366
KALIMANTAN BARAT,09,Kab. Sekadau,,2022,,36.355,,"PDRB Per Kapita Atas Dasar Harga Berlaku di Provinsi Kalimantan Barat Menurut Kabupaten/Kota (ribu rupiah), 2021–2025","Per Capita GRDP at Current Market Prices by Regency/Municipality, in Kalimantan Barat Province (thousand rupiahss), 2021–2025",20,10,6e49e6820836
KALIMANTAN BARAT,10,Kab. Melawi,,2022,,26.209,,"PDRB Per Kapita Atas Dasar Harga Berlaku di Provinsi Kalimantan Barat Menurut Kabupaten/Kota (ribu rupiah), 2021–2025","Per Capita GRDP at Current Market Prices by Regency/Municipality, in Kalimantan Barat Province (thousand rupiahss), 2021–2025",20,10,b3f769012169
KALIMANTAN BARAT,11,Kab. Kayong Utara,,2022,,38.140,,"PDRB Per Kapita Atas Dasar Harga Berlaku di Provinsi Kalimantan Barat Menurut Kabupaten/Kota (ribu rupiah), 2021–2025","Per Capita GRDP at Current Market Prices by Regency/Municipality, in Kalimantan Barat Province (thousand rupiahss), 2021–2025",20,10,6ee374409ff0
KALIMANTAN BARAT,12,Kab. Kubu Raya,,2022,,56.227,,"PDRB Per Kapita Atas Dasar Harga Berlaku di Provinsi Kalimantan Barat Menurut Kabupaten/Kota (ribu rupiah), 2021–2025","Per Capita GRDP at Current Market Prices by Regency/Municipality, in Kalimantan Barat Province (thousand rupiahss), 2021–2025",20,10,0e4e5f43e198
KALIMANTAN BARAT,71,Kota Pontianak,,2022,,66.164,,"PDRB Per Kapita Atas Dasar Harga Berlaku di Provinsi Kalimantan Barat Menurut Kabupaten/Kota (ribu rupiah), 2021–2025","Per Capita GRDP at Current Market Prices by Regency/Municipality, in Kalimantan Barat Province (thousand rupiahss), 2021–2025",20,10,a3e7e2b90ce8
KALIMANTAN BARAT,72,Kota Singkawang,,2022,,49.229,,"PDRB Per Kapita Atas Dasar Harga Berlaku di Provinsi Kalimantan Barat Menurut Kabupaten/Kota (ribu rupiah), 2021–2025","Per Capita GRDP at Current Market Prices by Regency/Municipality, in Kalimantan Barat Province (thousand rupiahss), 2021–2025",20,10,a4326ecee39a
KALIMANTAN BARAT,,Jml Kab./Kota Total of Reg./Mun.,,2022,,46.083,,"PDRB Per Kapita Atas Dasar Harga Berlaku di Provinsi Kalimantan Barat Menurut Kabupaten/Kota (ribu rupiah), 2021–2025","Per Capita GRDP at Current Market Prices by Regency/Municipality, in Kalimantan Barat Province (thousand rupiahss), 2021–2025",20,10,6ed48632323f
KALIMANTAN BARAT,,Provinsi/Province,,2022,,46.092,,"PDRB Per Kapita Atas Dasar Harga Berlaku di Provinsi Kalimantan Barat Menurut Kabupaten/Kota (ribu rupiah), 2021–2025","Per Capita GRDP at Current Market Prices by Regency/Municipality, in Kalimantan Barat Province (thousand rupiahss), 2021–2025",20,10,aceefe146f23
DKI JAKARTA,01,Kab. Kepulauan Seribu,,2023,,287.934,,"PDRB Per Kapita Atas Dasar Harga Berlaku di Provinsi DKI Jakarta Menurut Kabupaten/Kota (ribu rupiah), 2021–2025","Per Capita GRDP at Current Market Prices by Regency/Municipality, in DKI Jakarta Province (thousand rupiahss), 2021–2025",11,1,0e1671492b8a
DKI JAKARTA,71,Kota Jakarta Selatan,,2023,,354.295,,"PDRB Per Kapita Atas Dasar Harga Berlaku di Provinsi DKI Jakarta Menurut Kabupaten/Kota (ribu rupiah), 2021–2025","Per Capita GRDP at Current Market Prices by Regency/Municipality, in DKI Jakarta Province (thousand rupiahss), 2021–2025",11,1,2edf4ebc4fc6
DKI JAKARTA,72,Kota Jakarta Timur,,2023,,192.429,,"PDRB Per Kapita Atas Dasar Harga Berlaku di Provinsi DKI Jakarta Menurut Kabupaten/Kota (ribu rupiah), 2021–2025","Per Capita GRDP at Current Market Prices by Regency/Municipality, in DKI Jakarta Province (thousand rupiahss), 2021–2025",11,1,88ab4950f98e
DKI JAKARTA,73,Kota Jakarta Pusat,,2023,,818.954,,"PDRB Per Kapita Atas Dasar Harga Berlaku di Provinsi DKI Jakarta Menurut Kabupaten/Kota (ribu rupiah), 2021–2025","Per Capita GRDP at Current Market Prices by Regency/Municipality, in DKI Jakarta Province (thousand rupiahss), 2021–2025",11,1,42a51ed081c4
DKI JAKARTA,74,Kota Jakarta Barat,,2023,,236.959,,"PDRB Per Kapita Atas Dasar Harga Berlaku di Provinsi DKI Jakarta Menurut Kabupaten/Kota (ribu rupiah), 2021–2025","Per Capita GRDP at Current Market Prices by Regency/Municipality, in DKI Jakarta Province (thousand rupiahss), 2021–2025",11,1,4b8e4cc12513
DKI JAKARTA,75,Kota Jakarta Utara,,2023,,348.918,,"PDRB Per Kapita Atas Dasar Harga Berlaku di Provinsi DKI Jakarta Menurut Kabupaten/Kota (ribu rupiah), 2021–2025","Per Capita GRDP at Current Market Prices by Regency/Municipality, in DKI Jakarta Province (thousand rupiahss), 2021–2025",11,1,0a1fa3e3a8e2
DKI JAKARTA,,Jml Kab./Kota Total of Reg./Mun.,,2023,,325.026,,"PDRB Per Kapita Atas Dasar Harga Berlaku di Provinsi DKI Jakarta Menurut Kabupaten/Kota (ribu rupiah), 2021–2025","Per Capita GRDP at Current Market Prices by Regency/Municipality, in DKI Jakarta Province (thousand rupiahss), 2021–2025",11,1,331db9e38a32
DKI JAKARTA,,Provinsi/Province,,2023,,322.651,,"PDRB Per Kapita Atas Dasar Harga Berlaku di Provinsi DKI Jakarta Menurut Kabupaten/Kota (ribu rupiah), 2021–2025","Per Capita GRDP at Current Market Prices by Regency/Municipality, in DKI Jakarta Province (thousand rupiahss), 2021–2025",11,1,910f32caa472
JAWA BARAT,01,Kab. Bogor,,2023,,51.378,,"PDRB Per Kapita Atas Dasar Harga Berlaku di Provinsi Jawa Barat Menurut Kabupaten/Kota (ribu rupiah), 2021–2025","Per Capita GRDP at Current Market Prices by Regency/Municipality, in Jawa Barat Province (thousand rupiahss), 2021–2025",12,2,ae0cd0a47a39
JAWA BARAT,02,Kab. Sukabumi,,2023,,29.374,,"PDRB Per Kapita Atas Dasar Harga Berlaku di Provinsi Jawa Barat Menurut Kabupaten/Kota (ribu rupiah), 2021–2025","Per Capita GRDP at Current Market Prices by Regency/Municipality, in Jawa Barat Province (thousand rupiahss), 2021–2025",12,2,4f54133b2b33
JAWA BARAT,03,Kab. Cianjur,,2023,,22.826,,"PDRB Per Kapita Atas Dasar Harga Berlaku di Provinsi Jawa Barat Menurut Kabupaten/Kota (ribu rupiah), 2021–2025","Per Capita GRDP at Current Market Prices by Regency/Municipality, in Jawa Barat Province (thousand rupiahss), 2021–2025",12,2,3efb87bccdfd
JAWA BARAT,04,Kab. Bandung,,2023,,41.372,,"PDRB Per Kapita Atas Dasar Harga Berlaku di Provinsi Jawa Barat Menurut Kabupaten/Kota (ribu rupiah), 2021–2025","Per Capita GRDP at Current Market Prices by Regency/Municipality, in Jawa Barat Province (thousand rupiahss), 2021–2025",12,2,37586fb769ec
JAWA BARAT,05,Kab. Garut,,2023,,26.914,,"PDRB Per Kapita Atas Dasar Harga Berlaku di Provinsi Jawa Barat Menurut Kabupaten/Kota (ribu rupiah), 2021–2025","Per Capita GRDP at Current Market Prices by Regency/Municipality, in Jawa Barat Province (thousand rupiahss), 2021–2025",12,2,75ccf36b8a52
JAWA BARAT,06,Kab. Tasikmalaya,,2023,,24.172,,"PDRB Per Kapita Atas Dasar Harga Berlaku di Provinsi Jawa Barat Menurut Kabupaten/Kota (ribu rupiah), 2021–2025","Per Capita GRDP at Current Market Prices by Regency/Municipality, in Jawa Barat Province (thousand rupiahss), 2021–2025",12,2,ece27cd3f16b
JAWA BARAT,07,Kab. Ciamis,,2023,,31.834,,"PDRB Per Kapita Atas Dasar Harga Berlaku di Provinsi Jawa Barat Menurut Kabupaten/Kota (ribu rupiah), 2021–2025","Per Capita GRDP at Current Market Prices by Regency/Municipality, in Jawa Barat Province (thousand rupiahss), 2021–2025",12,2,289d14b2257f
JAWA BARAT,08,Kab. Kuningan,,2023,,27.081,,"PDRB Per Kapita Atas Dasar Harga Berlaku di Provinsi Jawa Barat Menurut Kabupaten/Kota (ribu rupiah), 2021–2025","Per Capita GRDP at Current Market Prices by Regency/Municipality, in Jawa Barat Province (thousand rupiahss), 2021–2025",12,2,edfe5dd68bc2
JAWA BARAT,09,Kab. Cirebon,,2023,,25.974,,"PDRB Per Kapita Atas Dasar Harga Berlaku di Provinsi Jawa Barat Menurut Kabupaten/Kota (ribu rupiah), 2021–2025","Per Capita GRDP at Current Market Prices by Regency/Municipality, in Jawa Barat Province (thousand rupiahss), 2021–2025",12,2,7fd70126acf5
JAWA BARAT,10,Kab. Majalengka,,2023,,31.138,,"PDRB Per Kapita Atas Dasar Harga Berlaku di Provinsi Jawa Barat Menurut Kabupaten/Kota (ribu rupiah), 2021–2025","Per Capita GRDP at Current Market Prices by Regency/Municipality, in Jawa Barat Province (thousand rupiahss), 2021–2025",12,2,04a4cfeec4a1
JAWA BARAT,11,Kab. Sumedang,,2023,,36.773,,"PDRB Per Kapita Atas Dasar Harga Berlaku di Provinsi Jawa Barat Menurut Kabupaten/Kota (ribu rupiah), 2021–2025","Per Capita GRDP at Current Market Prices by Regency/Municipality, in Jawa Barat Province (thousand rupiahss), 2021–2025",12,2,09a6a8477330
JAWA BARAT,12,Kab.indramayu,,2023,,54.669,,"PDRB Per Kapita Atas Dasar Harga Berlaku di Provinsi Jawa Barat Menurut Kabupaten/Kota (ribu rupiah), 2021–2025","Per Capita GRDP at Current Market Prices by Regency/Municipality, in Jawa Barat Province (thousand rupiahss), 2021–2025",12,2,9d7836c24ed0
JAWA BARAT,13,Kab. Subang,,2023,,30.120,,"PDRB Per Kapita Atas Dasar Harga Berlaku di Provinsi Jawa Barat Menurut Kabupaten/Kota (ribu rupiah), 2021–2025","Per Capita GRDP at Current Market Prices by Regency/Municipality, in Jawa Barat Province (thousand rupiahss), 2021–2025",12,2,f175a9dcf6ba
JAWA BARAT,14,Kab. Purwakarta,,2023,,79.194,,"PDRB Per Kapita Atas Dasar Harga Berlaku di Provinsi Jawa Barat Menurut Kabupaten/Kota (ribu rupiah), 2021–2025","Per Capita GRDP at Current Market Prices by Regency/Municipality, in Jawa Barat Province (thousand rupiahss), 2021–2025",12,2,ac0602fdb931
JAWA BARAT,15,Kab. Karawang,,2023,,115.169,,"PDRB Per Kapita Atas Dasar Harga Berlaku di Provinsi Jawa Barat Menurut Kabupaten/Kota (ribu rupiah), 2021–2025","Per Capita GRDP at Current Market Prices by Regency/Municipality, in Jawa Barat Province (thousand rupiahss), 2021–2025",12,2,b535200dcd44
JAWA BARAT,16,Kab. Bekasi,,2023,,121.647,,"PDRB Per Kapita Atas Dasar Harga Berlaku di Provinsi Jawa Barat Menurut Kabupaten/Kota (ribu rupiah), 2021–2025","Per Capita GRDP at Current Market Prices by Regency/Municipality, in Jawa Barat Province (thousand rupiahss), 2021–2025",12,2,591525f6343d
JAWA BARAT,17,Kab. Bandung Barat,,2023,,30.622,,"PDRB Per Kapita Atas Dasar Harga Berlaku di Provinsi Jawa Barat Menurut Kabupaten/Kota (ribu rupiah), 2021–2025","Per Capita GRDP at Current Market Prices by Regency/Municipality, in Jawa Barat Province (thousand rupiahss), 2021–2025",12,2,eba221e3cc16
JAWA BARAT,18,Kab. Pangandaran,,2023,,33.042,,"PDRB Per Kapita Atas Dasar Harga Berlaku di Provinsi Jawa Barat Menurut Kabupaten/Kota (ribu rupiah), 2021–2025","Per Capita GRDP at Current Market Prices by Regency/Municipality, in Jawa Barat Province (thousand rupiahss), 2021–2025",12,2,59e54bfd82f7
JAWA BARAT,71,Kota Bogor,,2023,,53.239,,"PDRB Per Kapita Atas Dasar Harga Berlaku di Provinsi Jawa Barat Menurut Kabupaten/Kota (ribu rupiah), 2021–2025","Per Capita GRDP at Current Market Prices by Regency/Municipality, in Jawa Barat Province (thousand rupiahss), 2021–2025",12,2,8a6a0fae6640
JAWA BARAT,72,Kota Sukabumi,,2023,,42.562,,"PDRB Per Kapita Atas Dasar Harga Berlaku di Provinsi Jawa Barat Menurut Kabupaten/Kota (ribu rupiah), 2021–2025","Per Capita GRDP at Current Market Prices by Regency/Municipality, in Jawa Barat Province (thousand rupiahss), 2021–2025",12,2,62c6bdc3a5ed
JAWA BARAT,73,Kota Bandung,,2023,,140.144,,"PDRB Per Kapita Atas Dasar Harga Berlaku di Provinsi Jawa Barat Menurut Kabupaten/Kota (ribu rupiah), 2021–2025","Per Capita GRDP at Current Market Prices by Regency/Municipality, in Jawa Barat Province (thousand rupiahss), 2021–2025",12,2,14df25af0a24
JAWA BARAT,74,Kota Cirebon,,2023,,84.135,,"PDRB Per Kapita Atas Dasar Harga Berlaku di Provinsi Jawa Barat Menurut Kabupaten/Kota (ribu rupiah), 2021–2025","Per Capita GRDP at Current Market Prices by Regency/Municipality, in Jawa Barat Province (thousand rupiahss), 2021–2025",12,2,6904d8bce676
JAWA BARAT,75,Kota Bekasi,,2023,,45.281,,"PDRB Per Kapita Atas Dasar Harga Berlaku di Provinsi Jawa Barat Menurut Kabupaten/Kota (ribu rupiah), 2021–2025","Per Capita GRDP at Current Market Prices by Regency/Municipality, in Jawa Barat Province (thousand rupiahss), 2021–2025",12,2,62132e6c693c
JAWA BARAT,76,Kota Depok,,2023,,40.817,,"PDRB Per Kapita Atas Dasar Harga Berlaku di Provinsi Jawa Barat Menurut Kabupaten/Kota (ribu rupiah), 2021–2025","Per Capita GRDP at Current Market Prices by Regency/Municipality, in Jawa Barat Province (thousand rupiahss), 2021–2025",12,2,10e3104dc43a
JAWA BARAT,77,Kota Cimahi,,2023,,68.552,,"PDRB Per Kapita Atas Dasar Harga Berlaku di Provinsi Jawa Barat Menurut Kabupaten/Kota (ribu rupiah), 2021–2025","Per Capita GRDP at Current Market Prices by Regency/Municipality, in Jawa Barat Province (thousand rupiahss), 2021–2025",12,2,4c4a2bcf436a
JAWA BARAT,78,Kota Tasikmalaya,,2023,,36.955,,"PDRB Per Kapita Atas Dasar Harga Berlaku di Provinsi Jawa Barat Menurut Kabupaten/Kota (ribu rupiah), 2021–2025","Per Capita GRDP at Current Market Prices by Regency/Municipality, in Jawa Barat Province (thousand rupiahss), 2021–2025",12,2,6b9db42a254d
JAWA BARAT,79,Kota Banjar,,2023,,25.278,,"PDRB Per Kapita Atas Dasar Harga Berlaku di Provinsi Jawa Barat Menurut Kabupaten/Kota (ribu rupiah), 2021–2025","Per Capita GRDP at Current Market Prices by Regency/Municipality, in Jawa Barat Province (thousand rupiahss), 2021–2025",12,2,243638955f9a
JAWA BARAT,,Jml Kab./Kota Total of Reg./Mun.,,2023,,53.034,,"PDRB Per Kapita Atas Dasar Harga Berlaku di Provinsi Jawa Barat Menurut Kabupaten/Kota (ribu rupiah), 2021–2025","Per Capita GRDP at Current Market Prices by Regency/Municipality, in Jawa Barat Province (thousand rupiahss), 2021–2025",12,2,838f2414714d
JAWA BARAT,,Provinsi/Province,,2023,,52.651,,"PDRB Per Kapita Atas Dasar Harga Berlaku di Provinsi Jawa Barat Menurut Kabupaten/Kota (ribu rupiah), 2021–2025","Per Capita GRDP at Current Market Prices by Regency/Municipality, in Jawa Barat Province (thousand rupiahss), 2021–2025",12,2,cf37c79e0915
JAWA TENGAH,01,Kab. Cilacap,,2023,,65.976,,"PDRB Per Kapita Atas Dasar Harga Berlaku di Provinsi Jawa Tengah Menurut Kabupaten/Kota (ribu rupiah), 2021–2025","Per Capita GRDP at Current Market Prices by Regency/Municipality, in Jawa Tengah Province (thousand rupiahss), 2021–2025",13,3,a35f0d8cb216
JAWA TENGAH,02,Kab. Banyumas,,2023,,37.609,,"PDRB Per Kapita Atas Dasar Harga Berlaku di Provinsi Jawa Tengah Menurut Kabupaten/Kota (ribu rupiah), 2021–2025","Per Capita GRDP at Current Market Prices by Regency/Municipality, in Jawa Tengah Province (thousand rupiahss), 2021–2025",13,3,a53215d7b364
JAWA TENGAH,03,Kab. Purbalingga,,2023,,30.380,,"PDRB Per Kapita Atas Dasar Harga Berlaku di Provinsi Jawa Tengah Menurut Kabupaten/Kota (ribu rupiah), 2021–2025","Per Capita GRDP at Current Market Prices by Regency/Municipality, in Jawa Tengah Province (thousand rupiahss), 2021–2025",13,3,d84eb73e32a6
JAWA TENGAH,04,Kab. Banjarnegara,,2023,,25.972,,"PDRB Per Kapita Atas Dasar Harga Berlaku di Provinsi Jawa Tengah Menurut Kabupaten/Kota (ribu rupiah), 2021–2025","Per Capita GRDP at Current Market Prices by Regency/Municipality, in Jawa Tengah Province (thousand rupiahss), 2021–2025",13,3,5271e43ded71
JAWA TENGAH,05,Kab. Kebumen,,2023,,25.602,,"PDRB Per Kapita Atas Dasar Harga Berlaku di Provinsi Jawa Tengah Menurut Kabupaten/Kota (ribu rupiah), 2021–2025","Per Capita GRDP at Current Market Prices by Regency/Municipality, in Jawa Tengah Province (thousand rupiahss), 2021–2025",13,3,81d2286140b0
JAWA TENGAH,06,Kab. Purworejo,,2023,,29.416,,"PDRB Per Kapita Atas Dasar Harga Berlaku di Provinsi Jawa Tengah Menurut Kabupaten/Kota (ribu rupiah), 2021–2025","Per Capita GRDP at Current Market Prices by Regency/Municipality, in Jawa Tengah Province (thousand rupiahss), 2021–2025",13,3,080e5a02678f
JAWA TENGAH,07,Kab. Wonosobo,,2023,,25.646,,"PDRB Per Kapita Atas Dasar Harga Berlaku di Provinsi Jawa Tengah Menurut Kabupaten/Kota (ribu rupiah), 2021–2025","Per Capita GRDP at Current Market Prices by Regency/Municipality, in Jawa Tengah Province (thousand rupiahss), 2021–2025",13,3,e127c9c290cf
JAWA TENGAH,08,Kab. Magelang,,2023,,30.551,,"PDRB Per Kapita Atas Dasar Harga Berlaku di Provinsi Jawa Tengah Menurut Kabupaten/Kota (ribu rupiah), 2021–2025","Per Capita GRDP at Current Market Prices by Regency/Municipality, in Jawa Tengah Province (thousand rupiahss), 2021–2025",13,3,f1c84dd794fc
JAWA TENGAH,09,Kab. Boyolali,,2023,,39.184,,"PDRB Per Kapita Atas Dasar Harga Berlaku di Provinsi Jawa Tengah Menurut Kabupaten/Kota (ribu rupiah), 2021–2025","Per Capita GRDP at Current Market Prices by Regency/Municipality, in Jawa Tengah Province (thousand rupiahss), 2021–2025",13,3,c224fc6df2a7
JAWA TENGAH,10,Kab. Klaten,,2023,,39.902,,"PDRB Per Kapita Atas Dasar Harga Berlaku di Provinsi Jawa Tengah Menurut Kabupaten/Kota (ribu rupiah), 2021–2025","Per Capita GRDP at Current Market Prices by Regency/Municipality, in Jawa Tengah Province (thousand rupiahss), 2021–2025",13,3,f8aa2e09d5ab
JAWA TENGAH,11,Kab. Sukoharjo,,2023,,49.834,,"PDRB Per Kapita Atas Dasar Harga Berlaku di Provinsi Jawa Tengah Menurut Kabupaten/Kota (ribu rupiah), 2021–2025","Per Capita GRDP at Current Market Prices by Regency/Municipality, in Jawa Tengah Province (thousand rupiahss), 2021–2025",13,3,b36e3fd5a50d
JAWA TENGAH,12,Kab. Wonogiri,,2023,,35.164,,"PDRB Per Kapita Atas Dasar Harga Berlaku di Provinsi Jawa Tengah Menurut Kabupaten/Kota (ribu rupiah), 2021–2025","Per Capita GRDP at Current Market Prices by Regency/Municipality, in Jawa Tengah Province (thousand rupiahss), 2021–2025",13,3,216ccbbd60c9
JAWA TENGAH,13,Kab. Karanganyar,,2023,,49.366,,"PDRB Per Kapita Atas Dasar Harga Berlaku di Provinsi Jawa Tengah Menurut Kabupaten/Kota (ribu rupiah), 2021–2025","Per Capita GRDP at Current Market Prices by Regency/Municipality, in Jawa Tengah Province (thousand rupiahss), 2021–2025",13,3,795196b53e84
JAWA TENGAH,14,Kab. Sragen,,2023,,48.677,,"PDRB Per Kapita Atas Dasar Harga Berlaku di Provinsi Jawa Tengah Menurut Kabupaten/Kota (ribu rupiah), 2021–2025","Per Capita GRDP at Current Market Prices by Regency/Municipality, in Jawa Tengah Province (thousand rupiahss), 2021–2025",13,3,c0a7faf8e11f
JAWA TENGAH,15,Kab. Grobogan,,2023,,23.284,,"PDRB Per Kapita Atas Dasar Harga Berlaku di Provinsi Jawa Tengah Menurut Kabupaten/Kota (ribu rupiah), 2021–2025","Per Capita GRDP at Current Market Prices by Regency/Municipality, in Jawa Tengah Province (thousand rupiahss), 2021–2025",13,3,af2447f6dbfc
JAWA TENGAH,16,Kab. Blora,,2023,,35.191,,"PDRB Per Kapita Atas Dasar Harga Berlaku di Provinsi Jawa Tengah Menurut Kabupaten/Kota (ribu rupiah), 2021–2025","Per Capita GRDP at Current Market Prices by Regency/Municipality, in Jawa Tengah Province (thousand rupiahss), 2021–2025",13,3,844082112e77
JAWA TENGAH,17,Kab. Rembang,,2023,,36.546,,"PDRB Per Kapita Atas Dasar Harga Berlaku di Provinsi Jawa Tengah Menurut Kabupaten/Kota (ribu rupiah), 2021–2025","Per Capita GRDP at Current Market Prices by Regency/Municipality, in Jawa Tengah Province (thousand rupiahss), 2021–2025",13,3,9f6628d1f5ed
JAWA TENGAH,18,Kab. Pati,,2023,,40.281,,"PDRB Per Kapita Atas Dasar Harga Berlaku di Provinsi Jawa Tengah Menurut Kabupaten/Kota (ribu rupiah), 2021–2025","Per Capita GRDP at Current Market Prices by Regency/Municipality, in Jawa Tengah Province (thousand rupiahss), 2021–2025",13,3,5b9c17ab56ae
JAWA TENGAH,19,Kab. Kudus,,2023,,138.746,,"PDRB Per Kapita Atas Dasar Harga Berlaku di Provinsi Jawa Tengah Menurut Kabupaten/Kota (ribu rupiah), 2021–2025","Per Capita GRDP at Current Market Prices by Regency/Municipality, in Jawa Tengah Province (thousand rupiahss), 2021–2025",13,3,fe40495f6222
JAWA TENGAH,20,Kab. Jepara,,2023,,31.152,,"PDRB Per Kapita Atas Dasar Harga Berlaku di Provinsi Jawa Tengah Menurut Kabupaten/Kota (ribu rupiah), 2021–2025","Per Capita GRDP at Current Market Prices by Regency/Municipality, in Jawa Tengah Province (thousand rupiahss), 2021–2025",13,3,8df169cbf458
JAWA TENGAH,21,Kab. Demak,,2023,,26.615,,"PDRB Per Kapita Atas Dasar Harga Berlaku di Provinsi Jawa Tengah Menurut Kabupaten/Kota (ribu rupiah), 2021–2025","Per Capita GRDP at Current Market Prices by Regency/Municipality, in Jawa Tengah Province (thousand rupiahss), 2021–2025",13,3,6804e0fe78ae
JAWA TENGAH,22,Kab. Semarang,,2023,,56.706,,"PDRB Per Kapita Atas Dasar Harga Berlaku di Provinsi Jawa Tengah Menurut Kabupaten/Kota (ribu rupiah), 2021–2025","Per Capita GRDP at Current Market Prices by Regency/Municipality, in Jawa Tengah Province (thousand rupiahss), 2021–2025",13,3,511347cd60f1
JAWA TENGAH,23,Kab. Temanggung,,2023,,33.267,,"PDRB Per Kapita Atas Dasar Harga Berlaku di Provinsi Jawa Tengah Menurut Kabupaten/Kota (ribu rupiah), 2021–2025","Per Capita GRDP at Current Market Prices by Regency/Municipality, in Jawa Tengah Province (thousand rupiahss), 2021–2025",13,3,df11091f4c4d
JAWA TENGAH,24,Kab. Kendal,,2023,,51.628,,"PDRB Per Kapita Atas Dasar Harga Berlaku di Provinsi Jawa Tengah Menurut Kabupaten/Kota (ribu rupiah), 2021–2025","Per Capita GRDP at Current Market Prices by Regency/Municipality, in Jawa Tengah Province (thousand rupiahss), 2021–2025",13,3,8415e0fb5921
JAWA TENGAH,25,Kab. Batang,,2023,,33.635,,"PDRB Per Kapita Atas Dasar Harga Berlaku di Provinsi Jawa Tengah Menurut Kabupaten/Kota (ribu rupiah), 2021–2025","Per Capita GRDP at Current Market Prices by Regency/Municipality, in Jawa Tengah Province (thousand rupiahss), 2021–2025",13,3,b0cfd88ae869
JAWA TENGAH,26,Kab. Pekalongan,,2023,,27.960,,"PDRB Per Kapita Atas Dasar Harga Berlaku di Provinsi Jawa Tengah Menurut Kabupaten/Kota (ribu rupiah), 2021–2025","Per Capita GRDP at Current Market Prices by Regency/Municipality, in Jawa Tengah Province (thousand rupiahss), 2021–2025",13,3,f24216011250
JAWA TENGAH,27,Kab. Pemalang,,2023,,21.228,,"PDRB Per Kapita Atas Dasar Harga Berlaku di Provinsi Jawa Tengah Menurut Kabupaten/Kota (ribu rupiah), 2021–2025","Per Capita GRDP at Current Market Prices by Regency/Municipality, in Jawa Tengah Province (thousand rupiahss), 2021–2025",13,3,c00e4eb84c29
JAWA TENGAH,28,Kab. Tegal,,2023,,26.852,,"PDRB Per Kapita Atas Dasar Harga Berlaku di Provinsi Jawa Tengah Menurut Kabupaten/Kota (ribu rupiah), 2021–2025","Per Capita GRDP at Current Market Prices by Regency/Municipality, in Jawa Tengah Province (thousand rupiahss), 2021–2025",13,3,467b81f0994f
JAWA TENGAH,29,Kab. Brebes,,2023,,28.147,,"PDRB Per Kapita Atas Dasar Harga Berlaku di Provinsi Jawa Tengah Menurut Kabupaten/Kota (ribu rupiah), 2021–2025","Per Capita GRDP at Current Market Prices by Regency/Municipality, in Jawa Tengah Province (thousand rupiahss), 2021–2025",13,3,ab86fcae3231
JAWA TENGAH,71,Kota Magelang,,2023,,89.955,,"PDRB Per Kapita Atas Dasar Harga Berlaku di Provinsi Jawa Tengah Menurut Kabupaten/Kota (ribu rupiah), 2021–2025","Per Capita GRDP at Current Market Prices by Regency/Municipality, in Jawa Tengah Province (thousand rupiahss), 2021–2025",13,3,2c751696833e
JAWA TENGAH,72,Kota Surakarta,,2023,,114.885,,"PDRB Per Kapita Atas Dasar Harga Berlaku di Provinsi Jawa Tengah Menurut Kabupaten/Kota (ribu rupiah), 2021–2025","Per Capita GRDP at Current Market Prices by Regency/Municipality, in Jawa Tengah Province (thousand rupiahss), 2021–2025",13,3,48cc86298ed1
JAWA TENGAH,73,Kota Salatiga,,2023,,84.307,,"PDRB Per Kapita Atas Dasar Harga Berlaku di Provinsi Jawa Tengah Menurut Kabupaten/Kota (ribu rupiah), 2021–2025","Per Capita GRDP at Current Market Prices by Regency/Municipality, in Jawa Tengah Province (thousand rupiahss), 2021–2025",13,3,29955436078c
JAWA TENGAH,74,Kota Semarang,,2023,,146.839,,"PDRB Per Kapita Atas Dasar Harga Berlaku di Provinsi Jawa Tengah Menurut Kabupaten/Kota (ribu rupiah), 2021–2025","Per Capita GRDP at Current Market Prices by Regency/Municipality, in Jawa Tengah Province (thousand rupiahss), 2021–2025",13,3,8f4cb6562264
JAWA TENGAH,75,Kota Pekalongan,,2023,,43.265,,"PDRB Per Kapita Atas Dasar Harga Berlaku di Provinsi Jawa Tengah Menurut Kabupaten/Kota (ribu rupiah), 2021–2025","Per Capita GRDP at Current Market Prices by Regency/Municipality, in Jawa Tengah Province (thousand rupiahss), 2021–2025",13,3,1dd7ce6da954
JAWA TENGAH,76,Kota Tegal,,2023,,67.764,,"PDRB Per Kapita Atas Dasar Harga Berlaku di Provinsi Jawa Tengah Menurut Kabupaten/Kota (ribu rupiah), 2021–2025","Per Capita GRDP at Current Market Prices by Regency/Municipality, in Jawa Tengah Province (thousand rupiahss), 2021–2025",13,3,58556dd8e7d2
JAWA TENGAH,,Jml Kab./Kota Total of Reg./Mun.,,2023,,45.188,,"PDRB Per Kapita Atas Dasar Harga Berlaku di Provinsi Jawa Tengah Menurut Kabupaten/Kota (ribu rupiah), 2021–2025","Per Capita GRDP at Current Market Prices by Regency/Municipality, in Jawa Tengah Province (thousand rupiahss), 2021–2025",13,3,50c5aedfb7bc
JAWA TENGAH,,Provinsi/Province,,2023,,45.162,,"PDRB Per Kapita Atas Dasar Harga Berlaku di Provinsi Jawa Tengah Menurut Kabupaten/Kota (ribu rupiah), 2021–2025","Per Capita GRDP at Current Market Prices by Regency/Municipality, in Jawa Tengah Province (thousand rupiahss), 2021–2025",13,3,c47fff52f041
DI YOGYAKARTA,01,Kab. Kulon Progo,,2023,,35.755,,"PDRB Per Kapita Atas Dasar Harga Berlaku di Provinsi DI Yogyakarta Menurut Kabupaten/Kota (ribu rupiah), 2021–2025","Per Capita GRDP at Current Market Prices by Regency/Municipality, in DI Yogyakarta Province (thousand rupiahss), 2021–2025",14,4,fc211639fcc5
DI YOGYAKARTA,02,Kab. Bantul,,2023,,33.694,,"PDRB Per Kapita Atas Dasar Harga Berlaku di Provinsi DI Yogyakarta Menurut Kabupaten/Kota (ribu rupiah), 2021–2025","Per Capita GRDP at Current Market Prices by Regency/Municipality, in DI Yogyakarta Province (thousand rupiahss), 2021–2025",14,4,0cf958d5c7c6
DI YOGYAKARTA,03,Kab. Gunung Kidul,,2023,,33.259,,"PDRB Per Kapita Atas Dasar Harga Berlaku di Provinsi DI Yogyakarta Menurut Kabupaten/Kota (ribu rupiah), 2021–2025","Per Capita GRDP at Current Market Prices by Regency/Municipality, in DI Yogyakarta Province (thousand rupiahss), 2021–2025",14,4,fd49283ad849
DI YOGYAKARTA,04,Kab. Sleman,,2023,,51.339,,"PDRB Per Kapita Atas Dasar Harga Berlaku di Provinsi DI Yogyakarta Menurut Kabupaten/Kota (ribu rupiah), 2021–2025","Per Capita GRDP at Current Market Prices by Regency/Municipality, in DI Yogyakarta Province (thousand rupiahss), 2021–2025",14,4,27634ceb6c61
DI YOGYAKARTA,71,Kota Yogyakarta,,2023,,122.954,,"PDRB Per Kapita Atas Dasar Harga Berlaku di Provinsi DI Yogyakarta Menurut Kabupaten/Kota (ribu rupiah), 2021–2025","Per Capita GRDP at Current Market Prices by Regency/Municipality, in DI Yogyakarta Province (thousand rupiahss), 2021–2025",14,4,67542a6ea474
DI YOGYAKARTA,,Jml Kab./Kota Total of Reg./Mun.,,2023,,48.291,,"PDRB Per Kapita Atas Dasar Harga Berlaku di Provinsi DI Yogyakarta Menurut Kabupaten/Kota (ribu rupiah), 2021–2025","Per Capita GRDP at Current Market Prices by Regency/Municipality, in DI Yogyakarta Province (thousand rupiahss), 2021–2025",14,4,afa914d9c04d
DI YOGYAKARTA,,Provinsi/Province,,2023,,48.373,,"PDRB Per Kapita Atas Dasar Harga Berlaku di Provinsi DI Yogyakarta Menurut Kabupaten/Kota (ribu rupiah), 2021–2025","Per Capita GRDP at Current Market Prices by Regency/Municipality, in DI Yogyakarta Province (thousand rupiahss), 2021–2025",14,4,ca39f8ef19d2
JAWA TIMUR,01,Kab. Pacitan,,2023,,33.149,,"PDRB Per Kapita Atas Dasar Harga Berlaku di Provinsi Jawa Timur Menurut Kabupaten/Kota (ribu rupiah), 2021–2025","Per Capita GRDP at Current Market Prices by Regency/Municipality, in Jawa Timur Province (thousand rupiahss), 2021–2025",15,5,376f6a380089
JAWA TIMUR,02,Kab. Ponorogo,,2023,,26.314,,"PDRB Per Kapita Atas Dasar Harga Berlaku di Provinsi Jawa Timur Menurut Kabupaten/Kota (ribu rupiah), 2021–2025","Per Capita GRDP at Current Market Prices by Regency/Municipality, in Jawa Timur Province (thousand rupiahss), 2021–2025",15,5,3d83e69f3df0
JAWA TIMUR,03,Kab. Trenggalek,,2023,,30.681,,"PDRB Per Kapita Atas Dasar Harga Berlaku di Provinsi Jawa Timur Menurut Kabupaten/Kota (ribu rupiah), 2021–2025","Per Capita GRDP at Current Market Prices by Regency/Municipality, in Jawa Timur Province (thousand rupiahss), 2021–2025",15,5,2878251b6e12
JAWA TIMUR,04,Kab. Tulungagung,,2023,,43.297,,"PDRB Per Kapita Atas Dasar Harga Berlaku di Provinsi Jawa Timur Menurut Kabupaten/Kota (ribu rupiah), 2021–2025","Per Capita GRDP at Current Market Prices by Regency/Municipality, in Jawa Timur Province (thousand rupiahss), 2021–2025",15,5,ca394000b3b1
JAWA TIMUR,05,Kab. Blitar,,2023,,35.812,,"PDRB Per Kapita Atas Dasar Harga Berlaku di Provinsi Jawa Timur Menurut Kabupaten/Kota (ribu rupiah), 2021–2025","Per Capita GRDP at Current Market Prices by Regency/Municipality, in Jawa Timur Province (thousand rupiahss), 2021–2025",15,5,d3222249a6c4
JAWA TIMUR,06,Kab. Kediri,,2023,,30.193,,"PDRB Per Kapita Atas Dasar Harga Berlaku di Provinsi Jawa Timur Menurut Kabupaten/Kota (ribu rupiah), 2021–2025","Per Capita GRDP at Current Market Prices by Regency/Municipality, in Jawa Timur Province (thousand rupiahss), 2021–2025",15,5,1258345306cf
JAWA TIMUR,07,Kab. Malang,,2023,,47.272,,"PDRB Per Kapita Atas Dasar Harga Berlaku di Provinsi Jawa Timur Menurut Kabupaten/Kota (ribu rupiah), 2021–2025","Per Capita GRDP at Current Market Prices by Regency/Municipality, in Jawa Timur Province (thousand rupiahss), 2021–2025",15,5,d5c831adb8ae
JAWA TIMUR,08,Kab. Lumajang,,2023,,35.178,,"PDRB Per Kapita Atas Dasar Harga Berlaku di Provinsi Jawa Timur Menurut Kabupaten/Kota (ribu rupiah), 2021–2025","Per Capita GRDP at Current Market Prices by Regency/Municipality, in Jawa Timur Province (thousand rupiahss), 2021–2025",15,5,15f2a345bd48
JAWA TIMUR,09,Kab. Jember,,2023,,36.837,,"PDRB Per Kapita Atas Dasar Harga Berlaku di Provinsi Jawa Timur Menurut Kabupaten/Kota (ribu rupiah), 2021–2025","Per Capita GRDP at Current Market Prices by Regency/Municipality, in Jawa Timur Province (thousand rupiahss), 2021–2025",15,5,051f30e63f43
JAWA TIMUR,10,Kab. Banyuwangi,,2023,,58.086,,"PDRB Per Kapita Atas Dasar Harga Berlaku di Provinsi Jawa Timur Menurut Kabupaten/Kota (ribu rupiah), 2021–2025","Per Capita GRDP at Current Market Prices by Regency/Municipality, in Jawa Timur Province (thousand rupiahss), 2021–2025",15,5,f7ef1dd37763
JAWA TIMUR,11,Kab. Bondowoso,,2023,,31.432,,"PDRB Per Kapita Atas Dasar Harga Berlaku di Provinsi Jawa Timur Menurut Kabupaten/Kota (ribu rupiah), 2021–2025","Per Capita GRDP at Current Market Prices by Regency/Municipality, in Jawa Timur Province (thousand rupiahss), 2021–2025",15,5,998ba08c3487
JAWA TIMUR,12,Kab. Situbondo,,2023,,36.190,,"PDRB Per Kapita Atas Dasar Harga Berlaku di Provinsi Jawa Timur Menurut Kabupaten/Kota (ribu rupiah), 2021–2025","Per Capita GRDP at Current Market Prices by Regency/Municipality, in Jawa Timur Province (thousand rupiahss), 2021–2025",15,5,d361c6c856c8
JAWA TIMUR,13,Kab. Probolinggo,,2023,,36.006,,"PDRB Per Kapita Atas Dasar Harga Berlaku di Provinsi Jawa Timur Menurut Kabupaten/Kota (ribu rupiah), 2021–2025","Per Capita GRDP at Current Market Prices by Regency/Municipality, in Jawa Timur Province (thousand rupiahss), 2021–2025",15,5,ccfbcd65ca19
JAWA TIMUR,14,Kab. Pasuruan,,2023,,113.683,,"PDRB Per Kapita Atas Dasar Harga Berlaku di Provinsi Jawa Timur Menurut Kabupaten/Kota (ribu rupiah), 2021–2025","Per Capita GRDP at Current Market Prices by Regency/Municipality, in Jawa Timur Province (thousand rupiahss), 2021–2025",15,5,c20e632ad292
JAWA TIMUR,15,Kab. Sidoarjo,,2023,,127.382,,"PDRB Per Kapita Atas Dasar Harga Berlaku di Provinsi Jawa Timur Menurut Kabupaten/Kota (ribu rupiah), 2021–2025","Per Capita GRDP at Current Market Prices by Regency/Municipality, in Jawa Timur Province (thousand rupiahss), 2021–2025",15,5,e9c120c26613
JAWA TIMUR,16,Kab. Mojokerto,,2023,,91.112,,"PDRB Per Kapita Atas Dasar Harga Berlaku di Provinsi Jawa Timur Menurut Kabupaten/Kota (ribu rupiah), 2021–2025","Per Capita GRDP at Current Market Prices by Regency/Municipality, in Jawa Timur Province (thousand rupiahss), 2021–2025",15,5,a259854cecb8
JAWA TIMUR,17,Kab. Jombang,,2023,,36.991,,"PDRB Per Kapita Atas Dasar Harga Berlaku di Provinsi Jawa Timur Menurut Kabupaten/Kota (ribu rupiah), 2021–2025","Per Capita GRDP at Current Market Prices by Regency/Municipality, in Jawa Timur Province (thousand rupiahss), 2021–2025",15,5,620f023ce0c6
JAWA TIMUR,18,Kab. Nganjuk,,2023,,29.917,,"PDRB Per Kapita Atas Dasar Harga Berlaku di Provinsi Jawa Timur Menurut Kabupaten/Kota (ribu rupiah), 2021–2025","Per Capita GRDP at Current Market Prices by Regency/Municipality, in Jawa Timur Province (thousand rupiahss), 2021–2025",15,5,5245ac17d515
JAWA TIMUR,19,Kab. Madiun,,2023,,31.588,,"PDRB Per Kapita Atas Dasar Harga Berlaku di Provinsi Jawa Timur Menurut Kabupaten/Kota (ribu rupiah), 2021–2025","Per Capita GRDP at Current Market Prices by Regency/Municipality, in Jawa Timur Province (thousand rupiahss), 2021–2025",15,5,6d2ae501d8ed
JAWA TIMUR,20,Kab. Magetan,,2023,,33.627,,"PDRB Per Kapita Atas Dasar Harga Berlaku di Provinsi Jawa Timur Menurut Kabupaten/Kota (ribu rupiah), 2021–2025","Per Capita GRDP at Current Market Prices by Regency/Municipality, in Jawa Timur Province (thousand rupiahss), 2021–2025",15,5,30d991874a56
JAWA TIMUR,21,Kab. Ngawi,,2023,,27.619,,"PDRB Per Kapita Atas Dasar Harga Berlaku di Provinsi Jawa Timur Menurut Kabupaten/Kota (ribu rupiah), 2021–2025","Per Capita GRDP at Current Market Prices by Regency/Municipality, in Jawa Timur Province (thousand rupiahss), 2021–2025",15,5,52c1cb26ccce
JAWA TIMUR,22,Kab. Bojonegoro,,2023,,74.242,,"PDRB Per Kapita Atas Dasar Harga Berlaku di Provinsi Jawa Timur Menurut Kabupaten/Kota (ribu rupiah), 2021–2025","Per Capita GRDP at Current Market Prices by Regency/Municipality, in Jawa Timur Province (thousand rupiahss), 2021–2025",15,5,d76e52b1f183
JAWA TIMUR,23,Kab. Tuban,,2023,,67.176,,"PDRB Per Kapita Atas Dasar Harga Berlaku di Provinsi Jawa Timur Menurut Kabupaten/Kota (ribu rupiah), 2021–2025","Per Capita GRDP at Current Market Prices by Regency/Municipality, in Jawa Timur Province (thousand rupiahss), 2021–2025",15,5,ac43b9604e69
JAWA TIMUR,24,Kab. Lamongan,,2023,,35.726,,"PDRB Per Kapita Atas Dasar Harga Berlaku di Provinsi Jawa Timur Menurut Kabupaten/Kota (ribu rupiah), 2021–2025","Per Capita GRDP at Current Market Prices by Regency/Municipality, in Jawa Timur Province (thousand rupiahss), 2021–2025",15,5,9ebf0ff633b7
JAWA TIMUR,25,Kab. Gresik,,2023,,130.527,,"PDRB Per Kapita Atas Dasar Harga Berlaku di Provinsi Jawa Timur Menurut Kabupaten/Kota (ribu rupiah), 2021–2025","Per Capita GRDP at Current Market Prices by Regency/Municipality, in Jawa Timur Province (thousand rupiahss), 2021–2025",15,5,847a041e0593
JAWA TIMUR,26,Kab. Bangkalan,,2023,,25.408,,"PDRB Per Kapita Atas Dasar Harga Berlaku di Provinsi Jawa Timur Menurut Kabupaten/Kota (ribu rupiah), 2021–2025","Per Capita GRDP at Current Market Prices by Regency/Municipality, in Jawa Timur Province (thousand rupiahss), 2021–2025",15,5,e88cb9e03b17
JAWA TIMUR,27,Kab. Sampang,,2023,,23.978,,"PDRB Per Kapita Atas Dasar Harga Berlaku di Provinsi Jawa Timur Menurut Kabupaten/Kota (ribu rupiah), 2021–2025","Per Capita GRDP at Current Market Prices by Regency/Municipality, in Jawa Timur Province (thousand rupiahss), 2021–2025",15,5,d89ae411aced
JAWA TIMUR,28,Kab. Pamekasan,,2023,,23.842,,"PDRB Per Kapita Atas Dasar Harga Berlaku di Provinsi Jawa Timur Menurut Kabupaten/Kota (ribu rupiah), 2021–2025","Per Capita GRDP at Current Market Prices by Regency/Municipality, in Jawa Timur Province (thousand rupiahss), 2021–2025",15,5,5e6557501492
JAWA TIMUR,29,Kab. Sumenep,,2023,,37.474,,"PDRB Per Kapita Atas Dasar Harga Berlaku di Provinsi Jawa Timur Menurut Kabupaten/Kota (ribu rupiah), 2021–2025","Per Capita GRDP at Current Market Prices by Regency/Municipality, in Jawa Timur Province (thousand rupiahss), 2021–2025",15,5,458789dcbded
JAWA TIMUR,71,Kota Kediri,,2023,,541.068,,"PDRB Per Kapita Atas Dasar Harga Berlaku di Provinsi Jawa Timur Menurut Kabupaten/Kota (ribu rupiah), 2021–2025","Per Capita GRDP at Current Market Prices by Regency/Municipality, in Jawa Timur Province (thousand rupiahss), 2021–2025",15,5,0542f9d3f598
JAWA TIMUR,72,Kota Blitar,,2023,,55.523,,"PDRB Per Kapita Atas Dasar Harga Berlaku di Provinsi Jawa Timur Menurut Kabupaten/Kota (ribu rupiah), 2021–2025","Per Capita GRDP at Current Market Prices by Regency/Municipality, in Jawa Timur Province (thousand rupiahss), 2021–2025",15,5,5eb0428ed01e
JAWA TIMUR,73,Kota Malang,,2023,,107.542,,"PDRB Per Kapita Atas Dasar Harga Berlaku di Provinsi Jawa Timur Menurut Kabupaten/Kota (ribu rupiah), 2021–2025","Per Capita GRDP at Current Market Prices by Regency/Municipality, in Jawa Timur Province (thousand rupiahss), 2021–2025",15,5,8d069f582988
JAWA TIMUR,74,Kota Probolinggo,,2023,,57.885,,"PDRB Per Kapita Atas Dasar Harga Berlaku di Provinsi Jawa Timur Menurut Kabupaten/Kota (ribu rupiah), 2021–2025","Per Capita GRDP at Current Market Prices by Regency/Municipality, in Jawa Timur Province (thousand rupiahss), 2021–2025",15,5,b279d01fa8dc
JAWA TIMUR,75,Kota Pasuruan,,2023,,48.058,,"PDRB Per Kapita Atas Dasar Harga Berlaku di Provinsi Jawa Timur Menurut Kabupaten/Kota (ribu rupiah), 2021–2025","Per Capita GRDP at Current Market Prices by Regency/Municipality, in Jawa Timur Province (thousand rupiahss), 2021–2025",15,5,bd4932861fbb
JAWA TIMUR,76,Kota Mojokerto,,2023,,59.061,,"PDRB Per Kapita Atas Dasar Harga Berlaku di Provinsi Jawa Timur Menurut Kabupaten/Kota (ribu rupiah), 2021–2025","Per Capita GRDP at Current Market Prices by Regency/Municipality, in Jawa Timur Province (thousand rupiahss), 2021–2025",15,5,5258220e2cb2
JAWA TIMUR,77,Kota Madiun,,2023,,86.285,,"PDRB Per Kapita Atas Dasar Harga Berlaku di Provinsi Jawa Timur Menurut Kabupaten/Kota (ribu rupiah), 2021–2025","Per Capita GRDP at Current Market Prices by Regency/Municipality, in Jawa Timur Province (thousand rupiahss), 2021–2025",15,5,f8c76c198d09
JAWA TIMUR,78,Kota Surabaya,,2023,,245.685,,"PDRB Per Kapita Atas Dasar Harga Berlaku di Provinsi Jawa Timur Menurut Kabupaten/Kota (ribu rupiah), 2021–2025","Per Capita GRDP at Current Market Prices by Regency/Municipality, in Jawa Timur Province (thousand rupiahss), 2021–2025",15,5,02430f4a6adb
JAWA TIMUR,79,Kota Batu,,2023,,93.214,,"PDRB Per Kapita Atas Dasar Harga Berlaku di Provinsi Jawa Timur Menurut Kabupaten/Kota (ribu rupiah), 2021–2025","Per Capita GRDP at Current Market Prices by Regency/Municipality, in Jawa Timur Province (thousand rupiahss), 2021–2025",15,5,50f383091857
JAWA TIMUR,,Jml Kab./Kota Total of Reg./Mun.,,2023,,71.179,,"PDRB Per Kapita Atas Dasar Harga Berlaku di Provinsi Jawa Timur Menurut Kabupaten/Kota (ribu rupiah), 2021–2025","Per Capita GRDP at Current Market Prices by Regency/Municipality, in Jawa Timur Province (thousand rupiahss), 2021–2025",15,5,a2a57f4f90ab
JAWA TIMUR,,Provinsi/Province,,2023,,71.122,,"PDRB Per Kapita Atas Dasar Harga Berlaku di Provinsi Jawa Timur Menurut Kabupaten/Kota (ribu rupiah), 2021–2025","Per Capita GRDP at Current Market Prices by Regency/Municipality, in Jawa Timur Province (thousand rupiahss), 2021–2025",15,5,de99306639c0
BANTEN,01,Kab. Pandeglang,,2023,,25.913,,"PDRB Per Kapita Atas Dasar Harga Berlaku di Provinsi Banten Menurut Kabupaten/Kota (ribu rupiah), 2021–2025","Per Capita GRDP at Current Market Prices by Regency/Municipality, in Banten Province (thousand rupiahss), 2021–2025",16,6,7cede9aeac38
BANTEN,02,Kab. Lebak,,2023,,24.810,,"PDRB Per Kapita Atas Dasar Harga Berlaku di Provinsi Banten Menurut Kabupaten/Kota (ribu rupiah), 2021–2025","Per Capita GRDP at Current Market Prices by Regency/Municipality, in Banten Province (thousand rupiahss), 2021–2025",16,6,7fa299218624
BANTEN,03,Kab. Tangerang,,2023,,51.538,,"PDRB Per Kapita Atas Dasar Harga Berlaku di Provinsi Banten Menurut Kabupaten/Kota (ribu rupiah), 2021–2025","Per Capita GRDP at Current Market Prices by Regency/Municipality, in Banten Province (thousand rupiahss), 2021–2025",16,6,d8841074be02
BANTEN,04,Kab. Serang,,2023,,56.523,,"PDRB Per Kapita Atas Dasar Harga Berlaku di Provinsi Banten Menurut Kabupaten/Kota (ribu rupiah), 2021–2025","Per Capita GRDP at Current Market Prices by Regency/Municipality, in Banten Province (thousand rupiahss), 2021–2025",16,6,ee815e1106f0
BANTEN,71,Kota Tangerang,,2023,,105.916,,"PDRB Per Kapita Atas Dasar Harga Berlaku di Provinsi Banten Menurut Kabupaten/Kota (ribu rupiah), 2021–2025","Per Capita GRDP at Current Market Prices by Regency/Municipality, in Banten Province (thousand rupiahss), 2021–2025",16,6,11403860c6ae
BANTEN,72,Kota Cilegon,,2023,,287.524,,"PDRB Per Kapita Atas Dasar Harga Berlaku di Provinsi Banten Menurut Kabupaten/Kota (ribu rupiah), 2021–2025","Per Capita GRDP at Current Market Prices by Regency/Municipality, in Banten Province (thousand rupiahss), 2021–2025",16,6,387967a1d71b
BANTEN,73,Kota Serang,,2023,,55.040,,"PDRB Per Kapita Atas Dasar Harga Berlaku di Provinsi Banten Menurut Kabupaten/Kota (ribu rupiah), 2021–2025","Per Capita GRDP at Current Market Prices by Regency/Municipality, in Banten Province (thousand rupiahss), 2021–2025",16,6,5621e2acdbef
BANTEN,74,Kota Tangerang Selatan,,2023,,75.010,,"PDRB Per Kapita Atas Dasar Harga Berlaku di Provinsi Banten Menurut Kabupaten/Kota (ribu rupiah), 2021–2025","Per Capita GRDP at Current Market Prices by Regency/Municipality, in Banten Province (thousand rupiahss), 2021–2025",16,6,0b39fa78125f
BANTEN,,Jml Kab./Kota Total of Reg./Mun.,,2023,,66.488,,"PDRB Per Kapita Atas Dasar Harga Berlaku di Provinsi Banten Menurut Kabupaten/Kota (ribu rupiah), 2021–2025","Per Capita GRDP at Current Market Prices by Regency/Municipality, in Banten Province (thousand rupiahss), 2021–2025",16,6,2a1450398e0c
BANTEN,,Provinsi/Province,,2023,,66.147,,"PDRB Per Kapita Atas Dasar Harga Berlaku di Provinsi Banten Menurut Kabupaten/Kota (ribu rupiah), 2021–2025","Per Capita GRDP at Current Market Prices by Regency/Municipality, in Banten Province (thousand rupiahss), 2021–2025",16,6,d8c228cbb13e
BALI,01,Kab. Jembrana,,2023,,48.270,,"PDRB Per Kapita Atas Dasar Harga Berlaku di Provinsi Bali Menurut Kabupaten/Kota (ribu rupiah), 2021–2025","Per Capita GRDP at Current Market Prices by Regency/Municipality, in Bali Province (thousand rupiahss), 2021–2025",17,7,c87143cf3a4f
BALI,02,Kab. Tabanan,,2023,,54.774,,"PDRB Per Kapita Atas Dasar Harga Berlaku di Provinsi Bali Menurut Kabupaten/Kota (ribu rupiah), 2021–2025","Per Capita GRDP at Current Market Prices by Regency/Municipality, in Bali Province (thousand rupiahss), 2021–2025",17,7,35cb4a4da0e2
BALI,03,Kab. Badung,,2023,,121.414,,"PDRB Per Kapita Atas Dasar Harga Berlaku di Provinsi Bali Menurut Kabupaten/Kota (ribu rupiah), 2021–2025","Per Capita GRDP at Current Market Prices by Regency/Municipality, in Bali Province (thousand rupiahss), 2021–2025",17,7,6baf3c72ee71
BALI,04,Kab. Gianyar,,2023,,58.259,,"PDRB Per Kapita Atas Dasar Harga Berlaku di Provinsi Bali Menurut Kabupaten/Kota (ribu rupiah), 2021–2025","Per Capita GRDP at Current Market Prices by Regency/Municipality, in Bali Province (thousand rupiahss), 2021–2025",17,7,cea4b1dee291
BALI,05,Kab. Klungkung,,2023,,48.260,,"PDRB Per Kapita Atas Dasar Harga Berlaku di Provinsi Bali Menurut Kabupaten/Kota (ribu rupiah), 2021–2025","Per Capita GRDP at Current Market Prices by Regency/Municipality, in Bali Province (thousand rupiahss), 2021–2025",17,7,3d2637bd4357
BALI,06,Kab. Bangli,,2023,,30.256,,"PDRB Per Kapita Atas Dasar Harga Berlaku di Provinsi Bali Menurut Kabupaten/Kota (ribu rupiah), 2021–2025","Per Capita GRDP at Current Market Prices by Regency/Municipality, in Bali Province (thousand rupiahss), 2021–2025",17,7,74c626dad391
BALI,07,Kab. Karangasem,,2023,,37.953,,"PDRB Per Kapita Atas Dasar Harga Berlaku di Provinsi Bali Menurut Kabupaten/Kota (ribu rupiah), 2021–2025","Per Capita GRDP at Current Market Prices by Regency/Municipality, in Bali Province (thousand rupiahss), 2021–2025",17,7,a9ae4ca4df7e
BALI,08,Kab. Buleleng,,2023,,47.413,,"PDRB Per Kapita Atas Dasar Harga Berlaku di Provinsi Bali Menurut Kabupaten/Kota (ribu rupiah), 2021–2025","Per Capita GRDP at Current Market Prices by Regency/Municipality, in Bali Province (thousand rupiahss), 2021–2025",17,7,8aac67b38cb1
BALI,71,Kota Denpasar,,2023,,80.305,,"PDRB Per Kapita Atas Dasar Harga Berlaku di Provinsi Bali Menurut Kabupaten/Kota (ribu rupiah), 2021–2025","Per Capita GRDP at Current Market Prices by Regency/Municipality, in Bali Province (thousand rupiahss), 2021–2025",17,7,659dc3ce19e6
BALI,,Jml Kab./Kota Total of Reg./Mun.,,2023,,62.548,,"PDRB Per Kapita Atas Dasar Harga Berlaku di Provinsi Bali Menurut Kabupaten/Kota (ribu rupiah), 2021–2025","Per Capita GRDP at Current Market Prices by Regency/Municipality, in Bali Province (thousand rupiahss), 2021–2025",17,7,8c7c06033d08
BALI,,Provinsi/Province,,2023,,62.299,,"PDRB Per Kapita Atas Dasar Harga Berlaku di Provinsi Bali Menurut Kabupaten/Kota (ribu rupiah), 2021–2025","Per Capita GRDP at Current Market Prices by Regency/Municipality, in Bali Province (thousand rupiahss), 2021–2025",17,7,45f262a79a42
NUSA TENGGARA BARAT,01,Kab. Lombok Barat,,2023,,24.045,,"PDRB Per Kapita Atas Dasar Harga Berlaku di Provinsi Nusa Tenggara Barat Menurut Kabupaten/Kota (ribu rupiah), 2021–2025","Per Capita GRDP at Current Market Prices by Regency/Municipality, in Nusa Tenggara Barat Province (thousand rupiahss), 2021–2025",18,8,94cc216ebabd
NUSA TENGGARA BARAT,02,Kab. Lombok Tengah,,2023,,19.501,,"PDRB Per Kapita Atas Dasar Harga Berlaku di Provinsi Nusa Tenggara Barat Menurut Kabupaten/Kota (ribu rupiah), 2021–2025","Per Capita GRDP at Current Market Prices by Regency/Municipality, in Nusa Tenggara Barat Province (thousand rupiahss), 2021–2025",18,8,d61995037fad
NUSA TENGGARA BARAT,03,Kab. Lombok Timur,,2023,,17.664,,"PDRB Per Kapita Atas Dasar Harga Berlaku di Provinsi Nusa Tenggara Barat Menurut Kabupaten/Kota (ribu rupiah), 2021–2025","Per Capita GRDP at Current Market Prices by Regency/Municipality, in Nusa Tenggara Barat Province (thousand rupiahss), 2021–2025",18,8,ee3767f445f7
NUSA TENGGARA BARAT,04,Kab. Sumbawa,,2023,,33.071,,"PDRB Per Kapita Atas Dasar Harga Berlaku di Provinsi Nusa Tenggara Barat Menurut Kabupaten/Kota (ribu rupiah), 2021–2025","Per Capita GRDP at Current Market Prices by Regency/Municipality, in Nusa Tenggara Barat Province (thousand rupiahss), 2021–2025",18,8,f2c2742c73b0
NUSA TENGGARA BARAT,05,Kab. Dompu,,2023,,34.430,,"PDRB Per Kapita Atas Dasar Harga Berlaku di Provinsi Nusa Tenggara Barat Menurut Kabupaten/Kota (ribu rupiah), 2021–2025","Per Capita GRDP at Current Market Prices by Regency/Municipality, in Nusa Tenggara Barat Province (thousand rupiahss), 2021–2025",18,8,b57d47453532
NUSA TENGGARA BARAT,06,Kab. Bima,,2023,,26.043,,"PDRB Per Kapita Atas Dasar Harga Berlaku di Provinsi Nusa Tenggara Barat Menurut Kabupaten/Kota (ribu rupiah), 2021–2025","Per Capita GRDP at Current Market Prices by Regency/Municipality, in Nusa Tenggara Barat Province (thousand rupiahss), 2021–2025",18,8,c32abfe247ce
NUSA TENGGARA BARAT,07,Kab. Sumbawa Barat,,2023,,193.802,,"PDRB Per Kapita Atas Dasar Harga Berlaku di Provinsi Nusa Tenggara Barat Menurut Kabupaten/Kota (ribu rupiah), 2021–2025","Per Capita GRDP at Current Market Prices by Regency/Municipality, in Nusa Tenggara Barat Province (thousand rupiahss), 2021–2025",18,8,1e9c0de0a4fd
NUSA TENGGARA BARAT,08,Kab. Lombok Utara,,2023,,21.557,,"PDRB Per Kapita Atas Dasar Harga Berlaku di Provinsi Nusa Tenggara Barat Menurut Kabupaten/Kota (ribu rupiah), 2021–2025","Per Capita GRDP at Current Market Prices by Regency/Municipality, in Nusa Tenggara Barat Province (thousand rupiahss), 2021–2025",18,8,bfc7714387c7
NUSA TENGGARA BARAT,71,Kota Mataram,,2023,,51.640,,"PDRB Per Kapita Atas Dasar Harga Berlaku di Provinsi Nusa Tenggara Barat Menurut Kabupaten/Kota (ribu rupiah), 2021–2025","Per Capita GRDP at Current Market Prices by Regency/Municipality, in Nusa Tenggara Barat Province (thousand rupiahss), 2021–2025",18,8,d7625459a4a8
NUSA TENGGARA BARAT,72,Kota Bima,,2023,,30.901,,"PDRB Per Kapita Atas Dasar Harga Berlaku di Provinsi Nusa Tenggara Barat Menurut Kabupaten/Kota (ribu rupiah), 2021–2025","Per Capita GRDP at Current Market Prices by Regency/Municipality, in Nusa Tenggara Barat Province (thousand rupiahss), 2021–2025",18,8,b565ceadb86a
NUSA TENGGARA BARAT,,Jml Kab./Kota Total of Reg./Mun.,,2023,,30.014,,"PDRB Per Kapita Atas Dasar Harga Berlaku di Provinsi Nusa Tenggara Barat Menurut Kabupaten/Kota (ribu rupiah), 2021–2025","Per Capita GRDP at Current Market Prices by Regency/Municipality, in Nusa Tenggara Barat Province (thousand rupiahss), 2021–2025",18,8,31ec770484e5
NUSA TENGGARA BARAT,,Provinsi/Province,,2023,,29.926,,"PDRB Per Kapita Atas Dasar Harga Berlaku di Provinsi Nusa Tenggara Barat Menurut Kabupaten/Kota (ribu rupiah), 2021–2025","Per Capita GRDP at Current Market Prices by Regency/Municipality, in Nusa Tenggara Barat Province (thousand rupiahss), 2021–2025",18,8,6f7973e4a0c8
NUSA TENGGARA TIMUR,01,Kab. Sumba Barat,,2023,,18.279,,"PDRB Per Kapita Atas Dasar Harga Berlaku di Provinsi Nusa Tenggara Timur Menurut Kabupaten/Kota (ribu rupiah), 2021–2025","Per Capita GRDP at Current Market Prices by Regency/Municipality, in Nusa Tenggara Timur Province (thousand rupiahss), 2021–2025",19,9,8e8940790639
NUSA TENGGARA TIMUR,02,Kab. Sumba Timur,,2023,,28.733,,"PDRB Per Kapita Atas Dasar Harga Berlaku di Provinsi Nusa Tenggara Timur Menurut Kabupaten/Kota (ribu rupiah), 2021–2025","Per Capita GRDP at Current Market Prices by Regency/Municipality, in Nusa Tenggara Timur Province (thousand rupiahss), 2021–2025",19,9,455a3e1d8e90
NUSA TENGGARA TIMUR,03,Kab. Kupang,,2023,,24.436,,"PDRB Per Kapita Atas Dasar Harga Berlaku di Provinsi Nusa Tenggara Timur Menurut Kabupaten/Kota (ribu rupiah), 2021–2025","Per Capita GRDP at Current Market Prices by Regency/Municipality, in Nusa Tenggara Timur Province (thousand rupiahss), 2021–2025",19,9,7e70916bcf58
NUSA TENGGARA TIMUR,04,Kab. Timor Tengah Selatan,,2023,,19.993,,"PDRB Per Kapita Atas Dasar Harga Berlaku di Provinsi Nusa Tenggara Timur Menurut Kabupaten/Kota (ribu rupiah), 2021–2025","Per Capita GRDP at Current Market Prices by Regency/Municipality, in Nusa Tenggara Timur Province (thousand rupiahss), 2021–2025",19,9,9a4a9aa1348a
NUSA TENGGARA TIMUR,05,Kab. Timor Tengah Utara,,2023,,17.778,,"PDRB Per Kapita Atas Dasar Harga Berlaku di Provinsi Nusa Tenggara Timur Menurut Kabupaten/Kota (ribu rupiah), 2021–2025","Per Capita GRDP at Current Market Prices by Regency/Municipality, in Nusa Tenggara Timur Province (thousand rupiahss), 2021–2025",19,9,9658a98e1e0c
NUSA TENGGARA TIMUR,06,Kab. Belu,,2023,,23.732,,"PDRB Per Kapita Atas Dasar Harga Berlaku di Provinsi Nusa Tenggara Timur Menurut Kabupaten/Kota (ribu rupiah), 2021–2025","Per Capita GRDP at Current Market Prices by Regency/Municipality, in Nusa Tenggara Timur Province (thousand rupiahss), 2021–2025",19,9,77ea7fcdea11
NUSA TENGGARA TIMUR,07,Kab. Alor,,2023,,16.416,,"PDRB Per Kapita Atas Dasar Harga Berlaku di Provinsi Nusa Tenggara Timur Menurut Kabupaten/Kota (ribu rupiah), 2021–2025","Per Capita GRDP at Current Market Prices by Regency/Municipality, in Nusa Tenggara Timur Province (thousand rupiahss), 2021–2025",19,9,0157994af37b
NUSA TENGGARA TIMUR,08,Kab. Lembata,,2023,,15.228,,"PDRB Per Kapita Atas Dasar Harga Berlaku di Provinsi Nusa Tenggara Timur Menurut Kabupaten/Kota (ribu rupiah), 2021–2025","Per Capita GRDP at Current Market Prices by Regency/Municipality, in Nusa Tenggara Timur Province (thousand rupiahss), 2021–2025",19,9,d42c2a2ade79
NUSA TENGGARA TIMUR,09,Kab. Flores Timur,,2023,,21.046,,"PDRB Per Kapita Atas Dasar Harga Berlaku di Provinsi Nusa Tenggara Timur Menurut Kabupaten/Kota (ribu rupiah), 2021–2025","Per Capita GRDP at Current Market Prices by Regency/Municipality, in Nusa Tenggara Timur Province (thousand rupiahss), 2021–2025",19,9,3d71c5e26980
NUSA TENGGARA TIMUR,10,Kab. Sikka,,2023,,18.474,,"PDRB Per Kapita Atas Dasar Harga Berlaku di Provinsi Nusa Tenggara Timur Menurut Kabupaten/Kota (ribu rupiah), 2021–2025","Per Capita GRDP at Current Market Prices by Regency/Municipality, in Nusa Tenggara Timur Province (thousand rupiahss), 2021–2025",19,9,098e97373659
NUSA TENGGARA TIMUR,11,Kab. Ende,,2023,,26.491,,"PDRB Per Kapita Atas Dasar Harga Berlaku di Provinsi Nusa Tenggara Timur Menurut Kabupaten/Kota (ribu rupiah), 2021–2025","Per Capita GRDP at Current Market Prices by Regency/Municipality, in Nusa Tenggara Timur Province (thousand rupiahss), 2021–2025",19,9,d7efb11dad87
NUSA TENGGARA TIMUR,12,Kab. Ngada,,2023,,23.957,,"PDRB Per Kapita Atas Dasar Harga Berlaku di Provinsi Nusa Tenggara Timur Menurut Kabupaten/Kota (ribu rupiah), 2021–2025","Per Capita GRDP at Current Market Prices by Regency/Municipality, in Nusa Tenggara Timur Province (thousand rupiahss), 2021–2025",19,9,cb71fee68293
NUSA TENGGARA TIMUR,13,Kab. Manggarai,,2023,,16.724,,"PDRB Per Kapita Atas Dasar Harga Berlaku di Provinsi Nusa Tenggara Timur Menurut Kabupaten/Kota (ribu rupiah), 2021–2025","Per Capita GRDP at Current Market Prices by Regency/Municipality, in Nusa Tenggara Timur Province (thousand rupiahss), 2021–2025",19,9,b0f980bb77b4
NUSA TENGGARA TIMUR,14,Kab. Rote Ndao,,2023,,24.793,,"PDRB Per Kapita Atas Dasar Harga Berlaku di Provinsi Nusa Tenggara Timur Menurut Kabupaten/Kota (ribu rupiah), 2021–2025","Per Capita GRDP at Current Market Prices by Regency/Municipality, in Nusa Tenggara Timur Province (thousand rupiahss), 2021–2025",19,9,70003d7ba387
NUSA TENGGARA TIMUR,15,Kab. Manggarai Barat,,2023,,15.712,,"PDRB Per Kapita Atas Dasar Harga Berlaku di Provinsi Nusa Tenggara Timur Menurut Kabupaten/Kota (ribu rupiah), 2021–2025","Per Capita GRDP at Current Market Prices by Regency/Municipality, in Nusa Tenggara Timur Province (thousand rupiahss), 2021–2025",19,9,e9a56f9adfbd
NUSA TENGGARA TIMUR,16,Kab. Sumba Tengah,,2023,,15.354,,"PDRB Per Kapita Atas Dasar Harga Berlaku di Provinsi Nusa Tenggara Timur Menurut Kabupaten/Kota (ribu rupiah), 2021–2025","Per Capita GRDP at Current Market Prices by Regency/Municipality, in Nusa Tenggara Timur Province (thousand rupiahss), 2021–2025",19,9,5584b97eb4c0
NUSA TENGGARA TIMUR,17,Kab. Sumba Barat Daya,,2023,,13.982,,"PDRB Per Kapita Atas Dasar Harga Berlaku di Provinsi Nusa Tenggara Timur Menurut Kabupaten/Kota (ribu rupiah), 2021–2025","Per Capita GRDP at Current Market Prices by Regency/Municipality, in Nusa Tenggara Timur Province (thousand rupiahss), 2021–2025",19,9,ac5ca9f65c7f
NUSA TENGGARA TIMUR,18,Kab. Nagekeo,,2023,,16.061,,"PDRB Per Kapita Atas Dasar Harga Berlaku di Provinsi Nusa Tenggara Timur Menurut Kabupaten/Kota (ribu rupiah), 2021–2025","Per Capita GRDP at Current Market Prices by Regency/Municipality, in Nusa Tenggara Timur Province (thousand rupiahss), 2021–2025",19,9,7cd9468e5e15
NUSA TENGGARA TIMUR,19,Kab. Manggarai Timur,,2023,,13.516,,"PDRB Per Kapita Atas Dasar Harga Berlaku di Provinsi Nusa Tenggara Timur Menurut Kabupaten/Kota (ribu rupiah), 2021–2025","Per Capita GRDP at Current Market Prices by Regency/Municipality, in Nusa Tenggara Timur Province (thousand rupiahss), 2021–2025",19,9,f1fd2088377e
NUSA TENGGARA TIMUR,20,Kab. Sabu Raijua,,2023,,17.445,,"PDRB Per Kapita Atas Dasar Harga Berlaku di Provinsi Nusa Tenggara Timur Menurut Kabupaten/Kota (ribu rupiah), 2021–2025","Per Capita GRDP at Current Market Prices by Regency/Municipality, in Nusa Tenggara Timur Province (thousand rupiahss), 2021–2025",19,9,c3bf0b6e3851
NUSA TENGGARA TIMUR,21,Kab. Malaka,,2023,,17.919,,"PDRB Per Kapita Atas Dasar Harga Berlaku di Provinsi Nusa Tenggara Timur Menurut Kabupaten/Kota (ribu rupiah), 2021–2025","Per Capita GRDP at Current Market Prices by Regency/Municipality, in Nusa Tenggara Timur Province (thousand rupiahss), 2021–2025",19,9,3e3efc821671
NUSA TENGGARA TIMUR,71,Kota Kupang,,2023,,61.257,,"PDRB Per Kapita Atas Dasar Harga Berlaku di Provinsi Nusa Tenggara Timur Menurut Kabupaten/Kota (ribu rupiah), 2021–2025","Per Capita GRDP at Current Market Prices by Regency/Municipality, in Nusa Tenggara Timur Province (thousand rupiahss), 2021–2025",19,9,ea4b189ec5d9
NUSA TENGGARA TIMUR,,Jml Kab./Kota Total of Reg./Mun.,,2023,,23.036,,"PDRB Per Kapita Atas Dasar Harga Berlaku di Provinsi Nusa Tenggara Timur Menurut Kabupaten/Kota (ribu rupiah), 2021–2025","Per Capita GRDP at Current Market Prices by Regency/Municipality, in Nusa Tenggara Timur Province (thousand rupiahss), 2021–2025",19,9,9e25201d2ea6
NUSA TENGGARA TIMUR,,Provinsi/Province,,2023,,23.079,,"PDRB Per Kapita Atas Dasar Harga Berlaku di Provinsi Nusa Tenggara Timur Menurut Kabupaten/Kota (ribu rupiah), 2021–2025","Per Capita GRDP at Current Market Prices by Regency/Municipality, in Nusa Tenggara Timur Province (thousand rupiahss), 2021–2025",19,9,7fd72a179e1e
KALIMANTAN BARAT,01,Kab. Sambas,,2023,,40.404,,"PDRB Per Kapita Atas Dasar Harga Berlaku di Provinsi Kalimantan Barat Menurut Kabupaten/Kota (ribu rupiah), 2021–2025","Per Capita GRDP at Current Market Prices by Regency/Municipality, in Kalimantan Barat Province (thousand rupiahss), 2021–2025",20,10,dfc62ef1aec8
KALIMANTAN BARAT,02,Kab. Bengkayang,,2023,,37.281,,"PDRB Per Kapita Atas Dasar Harga Berlaku di Provinsi Kalimantan Barat Menurut Kabupaten/Kota (ribu rupiah), 2021–2025","Per Capita GRDP at Current Market Prices by Regency/Municipality, in Kalimantan Barat Province (thousand rupiahss), 2021–2025",20,10,54250ee1e1bf
KALIMANTAN BARAT,03,Kab. Landak,,2023,,33.087,,"PDRB Per Kapita Atas Dasar Harga Berlaku di Provinsi Kalimantan Barat Menurut Kabupaten/Kota (ribu rupiah), 2021–2025","Per Capita GRDP at Current Market Prices by Regency/Municipality, in Kalimantan Barat Province (thousand rupiahss), 2021–2025",20,10,d355510e39bb
KALIMANTAN BARAT,04,Kab. Mempawah,,2023,,35.408,,"PDRB Per Kapita Atas Dasar Harga Berlaku di Provinsi Kalimantan Barat Menurut Kabupaten/Kota (ribu rupiah), 2021–2025","Per Capita GRDP at Current Market Prices by Regency/Municipality, in Kalimantan Barat Province (thousand rupiahss), 2021–2025",20,10,db8beadabaf5
KALIMANTAN BARAT,05,Kab. Sanggau,,2023,,48.675,,"PDRB Per Kapita Atas Dasar Harga Berlaku di Provinsi Kalimantan Barat Menurut Kabupaten/Kota (ribu rupiah), 2021–2025","Per Capita GRDP at Current Market Prices by Regency/Municipality, in Kalimantan Barat Province (thousand rupiahss), 2021–2025",20,10,0d8bb1431b12
KALIMANTAN BARAT,06,Kab. Ketapang,,2023,,59.490,,"PDRB Per Kapita Atas Dasar Harga Berlaku di Provinsi Kalimantan Barat Menurut Kabupaten/Kota (ribu rupiah), 2021–2025","Per Capita GRDP at Current Market Prices by Regency/Municipality, in Kalimantan Barat Province (thousand rupiahss), 2021–2025",20,10,7852c421104a
KALIMANTAN BARAT,07,Kab. Sintang,,2023,,42.434,,"PDRB Per Kapita Atas Dasar Harga Berlaku di Provinsi Kalimantan Barat Menurut Kabupaten/Kota (ribu rupiah), 2021–2025","Per Capita GRDP at Current Market Prices by Regency/Municipality, in Kalimantan Barat Province (thousand rupiahss), 2021–2025",20,10,a51f5fdd6c03
KALIMANTAN BARAT,08,Kab. Kapuas Hulu,,2023,,50.092,,"PDRB Per Kapita Atas Dasar Harga Berlaku di Provinsi Kalimantan Barat Menurut Kabupaten/Kota (ribu rupiah), 2021–2025","Per Capita GRDP at Current Market Prices by Regency/Municipality, in Kalimantan Barat Province (thousand rupiahss), 2021–2025",20,10,c14f381248a5
KALIMANTAN BARAT,09,Kab. Sekadau,,2023,,38.714,,"PDRB Per Kapita Atas Dasar Harga Berlaku di Provinsi Kalimantan Barat Menurut Kabupaten/Kota (ribu rupiah), 2021–2025","Per Capita GRDP at Current Market Prices by Regency/Municipality, in Kalimantan Barat Province (thousand rupiahss), 2021–2025",20,10,4dcde6e3cbd3
KALIMANTAN BARAT,10,Kab. Melawi,,2023,,27.743,,"PDRB Per Kapita Atas Dasar Harga Berlaku di Provinsi Kalimantan Barat Menurut Kabupaten/Kota (ribu rupiah), 2021–2025","Per Capita GRDP at Current Market Prices by Regency/Municipality, in Kalimantan Barat Province (thousand rupiahss), 2021–2025",20,10,eb9d07dea4aa
KALIMANTAN BARAT,11,Kab. Kayong Utara,,2023,,40.464,,"PDRB Per Kapita Atas Dasar Harga Berlaku di Provinsi Kalimantan Barat Menurut Kabupaten/Kota (ribu rupiah), 2021–2025","Per Capita GRDP at Current Market Prices by Regency/Municipality, in Kalimantan Barat Province (thousand rupiahss), 2021–2025",20,10,5f8256c70caa
KALIMANTAN BARAT,12,Kab. Kubu Raya,,2023,,59.892,,"PDRB Per Kapita Atas Dasar Harga Berlaku di Provinsi Kalimantan Barat Menurut Kabupaten/Kota (ribu rupiah), 2021–2025","Per Capita GRDP at Current Market Prices by Regency/Municipality, in Kalimantan Barat Province (thousand rupiahss), 2021–2025",20,10,28f911566d7d
KALIMANTAN BARAT,71,Kota Pontianak,,2023,,70.892,,"PDRB Per Kapita Atas Dasar Harga Berlaku di Provinsi Kalimantan Barat Menurut Kabupaten/Kota (ribu rupiah), 2021–2025","Per Capita GRDP at Current Market Prices by Regency/Municipality, in Kalimantan Barat Province (thousand rupiahss), 2021–2025",20,10,0a36a226714c
KALIMANTAN BARAT,72,Kota Singkawang,,2023,,52.412,,"PDRB Per Kapita Atas Dasar Harga Berlaku di Provinsi Kalimantan Barat Menurut Kabupaten/Kota (ribu rupiah), 2021–2025","Per Capita GRDP at Current Market Prices by Regency/Municipality, in Kalimantan Barat Province (thousand rupiahss), 2021–2025",20,10,d2c8bbdac65d
KALIMANTAN BARAT,,Jml Kab./Kota Total of Reg./Mun.,,2023,,48.584,,"PDRB Per Kapita Atas Dasar Harga Berlaku di Provinsi Kalimantan Barat Menurut Kabupaten/Kota (ribu rupiah), 2021–2025","Per Capita GRDP at Current Market Prices by Regency/Municipality, in Kalimantan Barat Province (thousand rupiahss), 2021–2025",20,10,ba80d7f5ead6
KALIMANTAN BARAT,,Provinsi/Province,,2023,,48.809,,"PDRB Per Kapita Atas Dasar Harga Berlaku di Provinsi Kalimantan Barat Menurut Kabupaten/Kota (ribu rupiah), 2021–2025","Per Capita GRDP at Current Market Prices by Regency/Municipality, in Kalimantan Barat Province (thousand rupiahss), 2021–2025",20,10,01871495f096
DKI JAKARTA,01,Kab. Kepulauan Seribu,,2024,*,281.243,,"PDRB Per Kapita Atas Dasar Harga Berlaku di Provinsi DKI Jakarta Menurut Kabupaten/Kota (ribu rupiah), 2021–2025","Per Capita GRDP at Current Market Prices by Regency/Municipality, in DKI Jakarta Province (thousand rupiahss), 2021–2025",11,1,55b4e572887a
DKI JAKARTA,71,Kota Jakarta Selatan,,2024,*,381.118,,"PDRB Per Kapita Atas Dasar Harga Berlaku di Provinsi DKI Jakarta Menurut Kabupaten/Kota (ribu rupiah), 2021–2025","Per Capita GRDP at Current Market Prices by Regency/Municipality, in DKI Jakarta Province (thousand rupiahss), 2021–2025",11,1,1fa727be1682
DKI JAKARTA,72,Kota Jakarta Timur,,2024,*,204.503,,"PDRB Per Kapita Atas Dasar Harga Berlaku di Provinsi DKI Jakarta Menurut Kabupaten/Kota (ribu rupiah), 2021–2025","Per Capita GRDP at Current Market Prices by Regency/Municipality, in DKI Jakarta Province (thousand rupiahss), 2021–2025",11,1,d297b776c958
DKI JAKARTA,73,Kota Jakarta Pusat,,2024,*,882.895,,"PDRB Per Kapita Atas Dasar Harga Berlaku di Provinsi DKI Jakarta Menurut Kabupaten/Kota (ribu rupiah), 2021–2025","Per Capita GRDP at Current Market Prices by Regency/Municipality, in DKI Jakarta Province (thousand rupiahss), 2021–2025",11,1,06e8f744d4d1
DKI JAKARTA,74,Kota Jakarta Barat,,2024,*,253.093,,"PDRB Per Kapita Atas Dasar Harga Berlaku di Provinsi DKI Jakarta Menurut Kabupaten/Kota (ribu rupiah), 2021–2025","Per Capita GRDP at Current Market Prices by Regency/Municipality, in DKI Jakarta Province (thousand rupiahss), 2021–2025",11,1,bb2c1edb1a9a
DKI JAKARTA,75,Kota Jakarta Utara,,2024,*,368.953,,"PDRB Per Kapita Atas Dasar Harga Berlaku di Provinsi DKI Jakarta Menurut Kabupaten/Kota (ribu rupiah), 2021–2025","Per Capita GRDP at Current Market Prices by Regency/Municipality, in DKI Jakarta Province (thousand rupiahss), 2021–2025",11,1,ffa39e5e4d42
DKI JAKARTA,,Jml Kab./Kota Total of Reg./Mun.,,2024,*,347.104,,"PDRB Per Kapita Atas Dasar Harga Berlaku di Provinsi DKI Jakarta Menurut Kabupaten/Kota (ribu rupiah), 2021–2025","Per Capita GRDP at Current Market Prices by Regency/Municipality, in DKI Jakarta Province (thousand rupiahss), 2021–2025",11,1,b242aa75d9e9
DKI JAKARTA,,Provinsi/Province,,2024,*,344.383,,"PDRB Per Kapita Atas Dasar Harga Berlaku di Provinsi DKI Jakarta Menurut Kabupaten/Kota (ribu rupiah), 2021–2025","Per Capita GRDP at Current Market Prices by Regency/Municipality, in DKI Jakarta Province (thousand rupiahss), 2021–2025",11,1,9f58061bec62
JAWA BARAT,01,Kab. Bogor,,2024,*,54.859,,"PDRB Per Kapita Atas Dasar Harga Berlaku di Provinsi Jawa Barat Menurut Kabupaten/Kota (ribu rupiah), 2021–2025","Per Capita GRDP at Current Market Prices by Regency/Municipality, in Jawa Barat Province (thousand rupiahss), 2021–2025",12,2,334ca54075fb
JAWA BARAT,02,Kab. Sukabumi,,2024,*,31.167,,"PDRB Per Kapita Atas Dasar Harga Berlaku di Provinsi Jawa Barat Menurut Kabupaten/Kota (ribu rupiah), 2021–2025","Per Capita GRDP at Current Market Prices by Regency/Municipality, in Jawa Barat Province (thousand rupiahss), 2021–2025",12,2,d779fcc3420d
JAWA BARAT,03,Kab. Cianjur,,2024,*,24.914,,"PDRB Per Kapita Atas Dasar Harga Berlaku di Provinsi Jawa Barat Menurut Kabupaten/Kota (ribu rupiah), 2021–2025","Per Capita GRDP at Current Market Prices by Regency/Municipality, in Jawa Barat Province (thousand rupiahss), 2021–2025",12,2,760028c4ae84
JAWA BARAT,04,Kab. Bandung,,2024,*,44.126,,"PDRB Per Kapita Atas Dasar Harga Berlaku di Provinsi Jawa Barat Menurut Kabupaten/Kota (ribu rupiah), 2021–2025","Per Capita GRDP at Current Market Prices by Regency/Municipality, in Jawa Barat Province (thousand rupiahss), 2021–2025",12,2,9edcd2b29b61
JAWA BARAT,05,Kab. Garut,,2024,*,29.012,,"PDRB Per Kapita Atas Dasar Harga Berlaku di Provinsi Jawa Barat Menurut Kabupaten/Kota (ribu rupiah), 2021–2025","Per Capita GRDP at Current Market Prices by Regency/Municipality, in Jawa Barat Province (thousand rupiahss), 2021–2025",12,2,dfe625004c6f
JAWA BARAT,06,Kab. Tasikmalaya,,2024,*,25.916,,"PDRB Per Kapita Atas Dasar Harga Berlaku di Provinsi Jawa Barat Menurut Kabupaten/Kota (ribu rupiah), 2021–2025","Per Capita GRDP at Current Market Prices by Regency/Municipality, in Jawa Barat Province (thousand rupiahss), 2021–2025",12,2,277f2694c444
JAWA BARAT,07,Kab. Ciamis,,2024,*,34.336,,"PDRB Per Kapita Atas Dasar Harga Berlaku di Provinsi Jawa Barat Menurut Kabupaten/Kota (ribu rupiah), 2021–2025","Per Capita GRDP at Current Market Prices by Regency/Municipality, in Jawa Barat Province (thousand rupiahss), 2021–2025",12,2,f99f48a4d25e
JAWA BARAT,08,Kab. Kuningan,,2024,*,29.273,,"PDRB Per Kapita Atas Dasar Harga Berlaku di Provinsi Jawa Barat Menurut Kabupaten/Kota (ribu rupiah), 2021–2025","Per Capita GRDP at Current Market Prices by Regency/Municipality, in Jawa Barat Province (thousand rupiahss), 2021–2025",12,2,f61d89aeaf95
JAWA BARAT,09,Kab. Cirebon,,2024,*,28.140,,"PDRB Per Kapita Atas Dasar Harga Berlaku di Provinsi Jawa Barat Menurut Kabupaten/Kota (ribu rupiah), 2021–2025","Per Capita GRDP at Current Market Prices by Regency/Municipality, in Jawa Barat Province (thousand rupiahss), 2021–2025",12,2,1347c5c44ea3
JAWA BARAT,10,Kab. Majalengka,,2024,*,34.234,,"PDRB Per Kapita Atas Dasar Harga Berlaku di Provinsi Jawa Barat Menurut Kabupaten/Kota (ribu rupiah), 2021–2025","Per Capita GRDP at Current Market Prices by Regency/Municipality, in Jawa Barat Province (thousand rupiahss), 2021–2025",12,2,c567d7281e73
JAWA BARAT,11,Kab. Sumedang,,2024,*,39.699,,"PDRB Per Kapita Atas Dasar Harga Berlaku di Provinsi Jawa Barat Menurut Kabupaten/Kota (ribu rupiah), 2021–2025","Per Capita GRDP at Current Market Prices by Regency/Municipality, in Jawa Barat Province (thousand rupiahss), 2021–2025",12,2,3449f8616262
JAWA BARAT,12,Kab.indramayu,,2024,*,55.166,,"PDRB Per Kapita Atas Dasar Harga Berlaku di Provinsi Jawa Barat Menurut Kabupaten/Kota (ribu rupiah), 2021–2025","Per Capita GRDP at Current Market Prices by Regency/Municipality, in Jawa Barat Province (thousand rupiahss), 2021–2025",12,2,3b29396a346e
JAWA BARAT,13,Kab. Subang,,2024,*,33.037,,"PDRB Per Kapita Atas Dasar Harga Berlaku di Provinsi Jawa Barat Menurut Kabupaten/Kota (ribu rupiah), 2021–2025","Per Capita GRDP at Current Market Prices by Regency/Municipality, in Jawa Barat Province (thousand rupiahss), 2021–2025",12,2,193190fd7439
JAWA BARAT,14,Kab. Purwakarta,,2024,*,84.024,,"PDRB Per Kapita Atas Dasar Harga Berlaku di Provinsi Jawa Barat Menurut Kabupaten/Kota (ribu rupiah), 2021–2025","Per Capita GRDP at Current Market Prices by Regency/Municipality, in Jawa Barat Province (thousand rupiahss), 2021–2025",12,2,31cf769fb3b2
JAWA BARAT,15,Kab. Karawang,,2024,*,121.298,,"PDRB Per Kapita Atas Dasar Harga Berlaku di Provinsi Jawa Barat Menurut Kabupaten/Kota (ribu rupiah), 2021–2025","Per Capita GRDP at Current Market Prices by Regency/Municipality, in Jawa Barat Province (thousand rupiahss), 2021–2025",12,2,22cfe26205cd
JAWA BARAT,16,Kab. Bekasi,,2024,*,128.693,,"PDRB Per Kapita Atas Dasar Harga Berlaku di Provinsi Jawa Barat Menurut Kabupaten/Kota (ribu rupiah), 2021–2025","Per Capita GRDP at Current Market Prices by Regency/Municipality, in Jawa Barat Province (thousand rupiahss), 2021–2025",12,2,d11511ac8abe
JAWA BARAT,17,Kab. Bandung Barat,,2024,*,32.500,,"PDRB Per Kapita Atas Dasar Harga Berlaku di Provinsi Jawa Barat Menurut Kabupaten/Kota (ribu rupiah), 2021–2025","Per Capita GRDP at Current Market Prices by Regency/Municipality, in Jawa Barat Province (thousand rupiahss), 2021–2025",12,2,2d09b44fac5e
JAWA BARAT,18,Kab. Pangandaran,,2024,*,35.647,,"PDRB Per Kapita Atas Dasar Harga Berlaku di Provinsi Jawa Barat Menurut Kabupaten/Kota (ribu rupiah), 2021–2025","Per Capita GRDP at Current Market Prices by Regency/Municipality, in Jawa Barat Province (thousand rupiahss), 2021–2025",12,2,109aa6123872
JAWA BARAT,71,Kota Bogor,,2024,*,56.616,,"PDRB Per Kapita Atas Dasar Harga Berlaku di Provinsi Jawa Barat Menurut Kabupaten/Kota (ribu rupiah), 2021–2025","Per Capita GRDP at Current Market Prices by Regency/Municipality, in Jawa Barat Province (thousand rupiahss), 2021–2025",12,2,74346cee33fe
JAWA BARAT,72,Kota Sukabumi,,2024,*,44.760,,"PDRB Per Kapita Atas Dasar Harga Berlaku di Provinsi Jawa Barat Menurut Kabupaten/Kota (ribu rupiah), 2021–2025","Per Capita GRDP at Current Market Prices by Regency/Municipality, in Jawa Barat Province (thousand rupiahss), 2021–2025",12,2,37b3c778bbc4
JAWA BARAT,73,Kota Bandung,,2024,*,147.081,,"PDRB Per Kapita Atas Dasar Harga Berlaku di Provinsi Jawa Barat Menurut Kabupaten/Kota (ribu rupiah), 2021–2025","Per Capita GRDP at Current Market Prices by Regency/Municipality, in Jawa Barat Province (thousand rupiahss), 2021–2025",12,2,5e9c8774b6ed
JAWA BARAT,74,Kota Cirebon,,2024,*,88.560,,"PDRB Per Kapita Atas Dasar Harga Berlaku di Provinsi Jawa Barat Menurut Kabupaten/Kota (ribu rupiah), 2021–2025","Per Capita GRDP at Current Market Prices by Regency/Municipality, in Jawa Barat Province (thousand rupiahss), 2021–2025",12,2,8d2df4a8aac1
JAWA BARAT,75,Kota Bekasi,,2024,*,48.922,,"PDRB Per Kapita Atas Dasar Harga Berlaku di Provinsi Jawa Barat Menurut Kabupaten/Kota (ribu rupiah), 2021–2025","Per Capita GRDP at Current Market Prices by Regency/Municipality, in Jawa Barat Province (thousand rupiahss), 2021–2025",12,2,2e2673dfcd43
JAWA BARAT,76,Kota Depok,,2024,*,43.515,,"PDRB Per Kapita Atas Dasar Harga Berlaku di Provinsi Jawa Barat Menurut Kabupaten/Kota (ribu rupiah), 2021–2025","Per Capita GRDP at Current Market Prices by Regency/Municipality, in Jawa Barat Province (thousand rupiahss), 2021–2025",12,2,6c4042212266
JAWA BARAT,77,Kota Cimahi,,2024,*,72.528,,"PDRB Per Kapita Atas Dasar Harga Berlaku di Provinsi Jawa Barat Menurut Kabupaten/Kota (ribu rupiah), 2021–2025","Per Capita GRDP at Current Market Prices by Regency/Municipality, in Jawa Barat Province (thousand rupiahss), 2021–2025",12,2,900b92efe26e
JAWA BARAT,78,Kota Tasikmalaya,,2024,*,39.445,,"PDRB Per Kapita Atas Dasar Harga Berlaku di Provinsi Jawa Barat Menurut Kabupaten/Kota (ribu rupiah), 2021–2025","Per Capita GRDP at Current Market Prices by Regency/Municipality, in Jawa Barat Province (thousand rupiahss), 2021–2025",12,2,fe2307ca4551
JAWA BARAT,79,Kota Banjar,,2024,*,26.451,,"PDRB Per Kapita Atas Dasar Harga Berlaku di Provinsi Jawa Barat Menurut Kabupaten/Kota (ribu rupiah), 2021–2025","Per Capita GRDP at Current Market Prices by Regency/Municipality, in Jawa Barat Province (thousand rupiahss), 2021–2025",12,2,6910cd9224c0
JAWA BARAT,,Jml Kab./Kota Total of Reg./Mun.,,2024,*,56.340,,"PDRB Per Kapita Atas Dasar Harga Berlaku di Provinsi Jawa Barat Menurut Kabupaten/Kota (ribu rupiah), 2021–2025","Per Capita GRDP at Current Market Prices by Regency/Municipality, in Jawa Barat Province (thousand rupiahss), 2021–2025",12,2,6e3c92023055
JAWA BARAT,,Provinsi/Province,,2024,*,56.082,,"PDRB Per Kapita Atas Dasar Harga Berlaku di Provinsi Jawa Barat Menurut Kabupaten/Kota (ribu rupiah), 2021–2025","Per Capita GRDP at Current Market Prices by Regency/Municipality, in Jawa Barat Province (thousand rupiahss), 2021–2025",12,2,70b26ef2c97c
JAWA TENGAH,01,Kab. Cilacap,,2024,*,67.203,,"PDRB Per Kapita Atas Dasar Harga Berlaku di Provinsi Jawa Tengah Menurut Kabupaten/Kota (ribu rupiah), 2021–2025","Per Capita GRDP at Current Market Prices by Regency/Municipality, in Jawa Tengah Province (thousand rupiahss), 2021–2025",13,3,d1eb3c38c97e
JAWA TENGAH,02,Kab. Banyumas,,2024,*,40.236,,"PDRB Per Kapita Atas Dasar Harga Berlaku di Provinsi Jawa Tengah Menurut Kabupaten/Kota (ribu rupiah), 2021–2025","Per Capita GRDP at Current Market Prices by Regency/Municipality, in Jawa Tengah Province (thousand rupiahss), 2021–2025",13,3,31c25b9eff82
JAWA TENGAH,03,Kab. Purbalingga,,2024,*,32.232,,"PDRB Per Kapita Atas Dasar Harga Berlaku di Provinsi Jawa Tengah Menurut Kabupaten/Kota (ribu rupiah), 2021–2025","Per Capita GRDP at Current Market Prices by Regency/Municipality, in Jawa Tengah Province (thousand rupiahss), 2021–2025",13,3,7a9326104d3c
JAWA TENGAH,04,Kab. Banjarnegara,,2024,*,27.685,,"PDRB Per Kapita Atas Dasar Harga Berlaku di Provinsi Jawa Tengah Menurut Kabupaten/Kota (ribu rupiah), 2021–2025","Per Capita GRDP at Current Market Prices by Regency/Municipality, in Jawa Tengah Province (thousand rupiahss), 2021–2025",13,3,55092a1bf91b
JAWA TENGAH,05,Kab. Kebumen,,2024,*,27.304,,"PDRB Per Kapita Atas Dasar Harga Berlaku di Provinsi Jawa Tengah Menurut Kabupaten/Kota (ribu rupiah), 2021–2025","Per Capita GRDP at Current Market Prices by Regency/Municipality, in Jawa Tengah Province (thousand rupiahss), 2021–2025",13,3,16442fc0aaea
JAWA TENGAH,06,Kab. Purworejo,,2024,*,31.224,,"PDRB Per Kapita Atas Dasar Harga Berlaku di Provinsi Jawa Tengah Menurut Kabupaten/Kota (ribu rupiah), 2021–2025","Per Capita GRDP at Current Market Prices by Regency/Municipality, in Jawa Tengah Province (thousand rupiahss), 2021–2025",13,3,c6ddc24d9023
JAWA TENGAH,07,Kab. Wonosobo,,2024,*,27.206,,"PDRB Per Kapita Atas Dasar Harga Berlaku di Provinsi Jawa Tengah Menurut Kabupaten/Kota (ribu rupiah), 2021–2025","Per Capita GRDP at Current Market Prices by Regency/Municipality, in Jawa Tengah Province (thousand rupiahss), 2021–2025",13,3,18251130587d
JAWA TENGAH,08,Kab. Magelang,,2024,*,32.600,,"PDRB Per Kapita Atas Dasar Harga Berlaku di Provinsi Jawa Tengah Menurut Kabupaten/Kota (ribu rupiah), 2021–2025","Per Capita GRDP at Current Market Prices by Regency/Municipality, in Jawa Tengah Province (thousand rupiahss), 2021–2025",13,3,5b4a86c5f2ca
JAWA TENGAH,09,Kab. Boyolali,,2024,*,41.699,,"PDRB Per Kapita Atas Dasar Harga Berlaku di Provinsi Jawa Tengah Menurut Kabupaten/Kota (ribu rupiah), 2021–2025","Per Capita GRDP at Current Market Prices by Regency/Municipality, in Jawa Tengah Province (thousand rupiahss), 2021–2025",13,3,f156c5fddb16
JAWA TENGAH,10,Kab. Klaten,,2024,*,42.732,,"PDRB Per Kapita Atas Dasar Harga Berlaku di Provinsi Jawa Tengah Menurut Kabupaten/Kota (ribu rupiah), 2021–2025","Per Capita GRDP at Current Market Prices by Regency/Municipality, in Jawa Tengah Province (thousand rupiahss), 2021–2025",13,3,ee0aac4fc9bf
JAWA TENGAH,11,Kab. Sukoharjo,,2024,*,53.022,,"PDRB Per Kapita Atas Dasar Harga Berlaku di Provinsi Jawa Tengah Menurut Kabupaten/Kota (ribu rupiah), 2021–2025","Per Capita GRDP at Current Market Prices by Regency/Municipality, in Jawa Tengah Province (thousand rupiahss), 2021–2025",13,3,6929623c295d
JAWA TENGAH,12,Kab. Wonogiri,,2024,*,37.816,,"PDRB Per Kapita Atas Dasar Harga Berlaku di Provinsi Jawa Tengah Menurut Kabupaten/Kota (ribu rupiah), 2021–2025","Per Capita GRDP at Current Market Prices by Regency/Municipality, in Jawa Tengah Province (thousand rupiahss), 2021–2025",13,3,dcff0fdcca40
JAWA TENGAH,13,Kab. Karanganyar,,2024,*,53.148,,"PDRB Per Kapita Atas Dasar Harga Berlaku di Provinsi Jawa Tengah Menurut Kabupaten/Kota (ribu rupiah), 2021–2025","Per Capita GRDP at Current Market Prices by Regency/Municipality, in Jawa Tengah Province (thousand rupiahss), 2021–2025",13,3,680ade08b9d2
JAWA TENGAH,14,Kab. Sragen,,2024,*,52.175,,"PDRB Per Kapita Atas Dasar Harga Berlaku di Provinsi Jawa Tengah Menurut Kabupaten/Kota (ribu rupiah), 2021–2025","Per Capita GRDP at Current Market Prices by Regency/Municipality, in Jawa Tengah Province (thousand rupiahss), 2021–2025",13,3,f8f0b92708bf
JAWA TENGAH,15,Kab. Grobogan,,2024,*,24.908,,"PDRB Per Kapita Atas Dasar Harga Berlaku di Provinsi Jawa Tengah Menurut Kabupaten/Kota (ribu rupiah), 2021–2025","Per Capita GRDP at Current Market Prices by Regency/Municipality, in Jawa Tengah Province (thousand rupiahss), 2021–2025",13,3,0d7541b6258a
JAWA TENGAH,16,Kab. Blora,,2024,*,36.598,,"PDRB Per Kapita Atas Dasar Harga Berlaku di Provinsi Jawa Tengah Menurut Kabupaten/Kota (ribu rupiah), 2021–2025","Per Capita GRDP at Current Market Prices by Regency/Municipality, in Jawa Tengah Province (thousand rupiahss), 2021–2025",13,3,d261fc37040d
JAWA TENGAH,17,Kab. Rembang,,2024,*,38.792,,"PDRB Per Kapita Atas Dasar Harga Berlaku di Provinsi Jawa Tengah Menurut Kabupaten/Kota (ribu rupiah), 2021–2025","Per Capita GRDP at Current Market Prices by Regency/Municipality, in Jawa Tengah Province (thousand rupiahss), 2021–2025",13,3,25616b73a094
JAWA TENGAH,18,Kab. Pati,,2024,*,43.092,,"PDRB Per Kapita Atas Dasar Harga Berlaku di Provinsi Jawa Tengah Menurut Kabupaten/Kota (ribu rupiah), 2021–2025","Per Capita GRDP at Current Market Prices by Regency/Municipality, in Jawa Tengah Province (thousand rupiahss), 2021–2025",13,3,e7a726e377e1
JAWA TENGAH,19,Kab. Kudus,,2024,*,145.620,,"PDRB Per Kapita Atas Dasar Harga Berlaku di Provinsi Jawa Tengah Menurut Kabupaten/Kota (ribu rupiah), 2021–2025","Per Capita GRDP at Current Market Prices by Regency/Municipality, in Jawa Tengah Province (thousand rupiahss), 2021–2025",13,3,01fb9372467a
JAWA TENGAH,20,Kab. Jepara,,2024,*,32.894,,"PDRB Per Kapita Atas Dasar Harga Berlaku di Provinsi Jawa Tengah Menurut Kabupaten/Kota (ribu rupiah), 2021–2025","Per Capita GRDP at Current Market Prices by Regency/Municipality, in Jawa Tengah Province (thousand rupiahss), 2021–2025",13,3,1cab58de9e7c
JAWA TENGAH,21,Kab. Demak,,2024,*,28.313,,"PDRB Per Kapita Atas Dasar Harga Berlaku di Provinsi Jawa Tengah Menurut Kabupaten/Kota (ribu rupiah), 2021–2025","Per Capita GRDP at Current Market Prices by Regency/Municipality, in Jawa Tengah Province (thousand rupiahss), 2021–2025",13,3,82e51248b7a1
JAWA TENGAH,22,Kab. Semarang,,2024,*,60.274,,"PDRB Per Kapita Atas Dasar Harga Berlaku di Provinsi Jawa Tengah Menurut Kabupaten/Kota (ribu rupiah), 2021–2025","Per Capita GRDP at Current Market Prices by Regency/Municipality, in Jawa Tengah Province (thousand rupiahss), 2021–2025",13,3,691039b75350
JAWA TENGAH,23,Kab. Temanggung,,2024,*,35.500,,"PDRB Per Kapita Atas Dasar Harga Berlaku di Provinsi Jawa Tengah Menurut Kabupaten/Kota (ribu rupiah), 2021–2025","Per Capita GRDP at Current Market Prices by Regency/Municipality, in Jawa Tengah Province (thousand rupiahss), 2021–2025",13,3,9b2a93970cf2
JAWA TENGAH,24,Kab. Kendal,,2024,*,55.273,,"PDRB Per Kapita Atas Dasar Harga Berlaku di Provinsi Jawa Tengah Menurut Kabupaten/Kota (ribu rupiah), 2021–2025","Per Capita GRDP at Current Market Prices by Regency/Municipality, in Jawa Tengah Province (thousand rupiahss), 2021–2025",13,3,890bed99ff91
JAWA TENGAH,25,Kab. Batang,,2024,*,36.295,,"PDRB Per Kapita Atas Dasar Harga Berlaku di Provinsi Jawa Tengah Menurut Kabupaten/Kota (ribu rupiah), 2021–2025","Per Capita GRDP at Current Market Prices by Regency/Municipality, in Jawa Tengah Province (thousand rupiahss), 2021–2025",13,3,89a28fc2173a
JAWA TENGAH,26,Kab. Pekalongan,,2024,*,29.786,,"PDRB Per Kapita Atas Dasar Harga Berlaku di Provinsi Jawa Tengah Menurut Kabupaten/Kota (ribu rupiah), 2021–2025","Per Capita GRDP at Current Market Prices by Regency/Municipality, in Jawa Tengah Province (thousand rupiahss), 2021–2025",13,3,b99689ebe8be
JAWA TENGAH,27,Kab. Pemalang,,2024,*,22.652,,"PDRB Per Kapita Atas Dasar Harga Berlaku di Provinsi Jawa Tengah Menurut Kabupaten/Kota (ribu rupiah), 2021–2025","Per Capita GRDP at Current Market Prices by Regency/Municipality, in Jawa Tengah Province (thousand rupiahss), 2021–2025",13,3,8a551b357775
JAWA TENGAH,28,Kab. Tegal,,2024,*,28.556,,"PDRB Per Kapita Atas Dasar Harga Berlaku di Provinsi Jawa Tengah Menurut Kabupaten/Kota (ribu rupiah), 2021–2025","Per Capita GRDP at Current Market Prices by Regency/Municipality, in Jawa Tengah Province (thousand rupiahss), 2021–2025",13,3,213a69b3ea3c
JAWA TENGAH,29,Kab. Brebes,,2024,*,30.040,,"PDRB Per Kapita Atas Dasar Harga Berlaku di Provinsi Jawa Tengah Menurut Kabupaten/Kota (ribu rupiah), 2021–2025","Per Capita GRDP at Current Market Prices by Regency/Municipality, in Jawa Tengah Province (thousand rupiahss), 2021–2025",13,3,4472f3ad82e0
JAWA TENGAH,71,Kota Magelang,,2024,*,96.594,,"PDRB Per Kapita Atas Dasar Harga Berlaku di Provinsi Jawa Tengah Menurut Kabupaten/Kota (ribu rupiah), 2021–2025","Per Capita GRDP at Current Market Prices by Regency/Municipality, in Jawa Tengah Province (thousand rupiahss), 2021–2025",13,3,e9a38a46b074
JAWA TENGAH,72,Kota Surakarta,,2024,*,122.512,,"PDRB Per Kapita Atas Dasar Harga Berlaku di Provinsi Jawa Tengah Menurut Kabupaten/Kota (ribu rupiah), 2021–2025","Per Capita GRDP at Current Market Prices by Regency/Municipality, in Jawa Tengah Province (thousand rupiahss), 2021–2025",13,3,46cc5ff3d0fe
JAWA TENGAH,73,Kota Salatiga,,2024,*,89.833,,"PDRB Per Kapita Atas Dasar Harga Berlaku di Provinsi Jawa Tengah Menurut Kabupaten/Kota (ribu rupiah), 2021–2025","Per Capita GRDP at Current Market Prices by Regency/Municipality, in Jawa Tengah Province (thousand rupiahss), 2021–2025",13,3,aa9aa0adbd8f
JAWA TENGAH,74,Kota Semarang,,2024,*,156.607,,"PDRB Per Kapita Atas Dasar Harga Berlaku di Provinsi Jawa Tengah Menurut Kabupaten/Kota (ribu rupiah), 2021–2025","Per Capita GRDP at Current Market Prices by Regency/Municipality, in Jawa Tengah Province (thousand rupiahss), 2021–2025",13,3,fb6039de12aa
JAWA TENGAH,75,Kota Pekalongan,,2024,*,45.988,,"PDRB Per Kapita Atas Dasar Harga Berlaku di Provinsi Jawa Tengah Menurut Kabupaten/Kota (ribu rupiah), 2021–2025","Per Capita GRDP at Current Market Prices by Regency/Municipality, in Jawa Tengah Province (thousand rupiahss), 2021–2025",13,3,852c5ff41bf1
JAWA TENGAH,76,Kota Tegal,,2024,*,72.289,,"PDRB Per Kapita Atas Dasar Harga Berlaku di Provinsi Jawa Tengah Menurut Kabupaten/Kota (ribu rupiah), 2021–2025","Per Capita GRDP at Current Market Prices by Regency/Municipality, in Jawa Tengah Province (thousand rupiahss), 2021–2025",13,3,accb2582c476
JAWA TENGAH,,Jml Kab./Kota Total of Reg./Mun.,,2024,*,47.950,,"PDRB Per Kapita Atas Dasar Harga Berlaku di Provinsi Jawa Tengah Menurut Kabupaten/Kota (ribu rupiah), 2021–2025","Per Capita GRDP at Current Market Prices by Regency/Municipality, in Jawa Tengah Province (thousand rupiahss), 2021–2025",13,3,d9c947d3b76a
JAWA TENGAH,,Provinsi/Province,,2024,*,47.970,,"PDRB Per Kapita Atas Dasar Harga Berlaku di Provinsi Jawa Tengah Menurut Kabupaten/Kota (ribu rupiah), 2021–2025","Per Capita GRDP at Current Market Prices by Regency/Municipality, in Jawa Tengah Province (thousand rupiahss), 2021–2025",13,3,18a768b617ab
DI YOGYAKARTA,01,Kab. Kulon Progo,,2024,*,37.987,,"PDRB Per Kapita Atas Dasar Harga Berlaku di Provinsi DI Yogyakarta Menurut Kabupaten/Kota (ribu rupiah), 2021–2025","Per Capita GRDP at Current Market Prices by Regency/Municipality, in DI Yogyakarta Province (thousand rupiahss), 2021–2025",14,4,16ced59eb805
DI YOGYAKARTA,02,Kab. Bantul,,2024,*,35.829,,"PDRB Per Kapita Atas Dasar Harga Berlaku di Provinsi DI Yogyakarta Menurut Kabupaten/Kota (ribu rupiah), 2021–2025","Per Capita GRDP at Current Market Prices by Regency/Municipality, in DI Yogyakarta Province (thousand rupiahss), 2021–2025",14,4,3a0ebdd83e18
DI YOGYAKARTA,03,Kab. Gunung Kidul,,2024,*,35.504,,"PDRB Per Kapita Atas Dasar Harga Berlaku di Provinsi DI Yogyakarta Menurut Kabupaten/Kota (ribu rupiah), 2021–2025","Per Capita GRDP at Current Market Prices by Regency/Municipality, in DI Yogyakarta Province (thousand rupiahss), 2021–2025",14,4,be3e235c90a4
DI YOGYAKARTA,04,Kab. Sleman,,2024,*,54.503,,"PDRB Per Kapita Atas Dasar Harga Berlaku di Provinsi DI Yogyakarta Menurut Kabupaten/Kota (ribu rupiah), 2021–2025","Per Capita GRDP at Current Market Prices by Regency/Municipality, in DI Yogyakarta Province (thousand rupiahss), 2021–2025",14,4,f5901a4442b7
DI YOGYAKARTA,71,Kota Yogyakarta,,2024,*,131.433,,"PDRB Per Kapita Atas Dasar Harga Berlaku di Provinsi DI Yogyakarta Menurut Kabupaten/Kota (ribu rupiah), 2021–2025","Per Capita GRDP at Current Market Prices by Regency/Municipality, in DI Yogyakarta Province (thousand rupiahss), 2021–2025",14,4,72eb4b02a0db
DI YOGYAKARTA,,Jml Kab./Kota Total of Reg./Mun.,,2024,*,51.379,,"PDRB Per Kapita Atas Dasar Harga Berlaku di Provinsi DI Yogyakarta Menurut Kabupaten/Kota (ribu rupiah), 2021–2025","Per Capita GRDP at Current Market Prices by Regency/Municipality, in DI Yogyakarta Province (thousand rupiahss), 2021–2025",14,4,d1dfdce1d183
DI YOGYAKARTA,,Provinsi/Province,,2024,*,51.486,,"PDRB Per Kapita Atas Dasar Harga Berlaku di Provinsi DI Yogyakarta Menurut Kabupaten/Kota (ribu rupiah), 2021–2025","Per Capita GRDP at Current Market Prices by Regency/Municipality, in DI Yogyakarta Province (thousand rupiahss), 2021–2025",14,4,b7d329ba003f
JAWA TIMUR,01,Kab. Pacitan,,2024,*,35.096,,"PDRB Per Kapita Atas Dasar Harga Berlaku di Provinsi Jawa Timur Menurut Kabupaten/Kota (ribu rupiah), 2021–2025","Per Capita GRDP at Current Market Prices by Regency/Municipality, in Jawa Timur Province (thousand rupiahss), 2021–2025",15,5,31c4fa311b7d
JAWA TIMUR,02,Kab. Ponorogo,,2024,*,28.088,,"PDRB Per Kapita Atas Dasar Harga Berlaku di Provinsi Jawa Timur Menurut Kabupaten/Kota (ribu rupiah), 2021–2025","Per Capita GRDP at Current Market Prices by Regency/Municipality, in Jawa Timur Province (thousand rupiahss), 2021–2025",15,5,bfbc349ba7d3
JAWA TIMUR,03,Kab. Trenggalek,,2024,*,32.726,,"PDRB Per Kapita Atas Dasar Harga Berlaku di Provinsi Jawa Timur Menurut Kabupaten/Kota (ribu rupiah), 2021–2025","Per Capita GRDP at Current Market Prices by Regency/Municipality, in Jawa Timur Province (thousand rupiahss), 2021–2025",15,5,db652695b246
JAWA TIMUR,04,Kab. Tulungagung,,2024,*,46.009,,"PDRB Per Kapita Atas Dasar Harga Berlaku di Provinsi Jawa Timur Menurut Kabupaten/Kota (ribu rupiah), 2021–2025","Per Capita GRDP at Current Market Prices by Regency/Municipality, in Jawa Timur Province (thousand rupiahss), 2021–2025",15,5,41042ebd59c6
JAWA TIMUR,05,Kab. Blitar,,2024,*,37.811,,"PDRB Per Kapita Atas Dasar Harga Berlaku di Provinsi Jawa Timur Menurut Kabupaten/Kota (ribu rupiah), 2021–2025","Per Capita GRDP at Current Market Prices by Regency/Municipality, in Jawa Timur Province (thousand rupiahss), 2021–2025",15,5,cd0f1aee662c
JAWA TIMUR,06,Kab. Kediri,,2024,*,32.339,,"PDRB Per Kapita Atas Dasar Harga Berlaku di Provinsi Jawa Timur Menurut Kabupaten/Kota (ribu rupiah), 2021–2025","Per Capita GRDP at Current Market Prices by Regency/Municipality, in Jawa Timur Province (thousand rupiahss), 2021–2025",15,5,c85fd4acd62b
JAWA TIMUR,07,Kab. Malang,,2024,*,50.593,,"PDRB Per Kapita Atas Dasar Harga Berlaku di Provinsi Jawa Timur Menurut Kabupaten/Kota (ribu rupiah), 2021–2025","Per Capita GRDP at Current Market Prices by Regency/Municipality, in Jawa Timur Province (thousand rupiahss), 2021–2025",15,5,381fbaba94ea
JAWA TIMUR,08,Kab. Lumajang,,2024,*,37.579,,"PDRB Per Kapita Atas Dasar Harga Berlaku di Provinsi Jawa Timur Menurut Kabupaten/Kota (ribu rupiah), 2021–2025","Per Capita GRDP at Current Market Prices by Regency/Municipality, in Jawa Timur Province (thousand rupiahss), 2021–2025",15,5,0f290da129b5
JAWA TIMUR,09,Kab. Jember,,2024,*,39.464,,"PDRB Per Kapita Atas Dasar Harga Berlaku di Provinsi Jawa Timur Menurut Kabupaten/Kota (ribu rupiah), 2021–2025","Per Capita GRDP at Current Market Prices by Regency/Municipality, in Jawa Timur Province (thousand rupiahss), 2021–2025",15,5,56244d78b34e
JAWA TIMUR,10,Kab. Banyuwangi,,2024,*,62.086,,"PDRB Per Kapita Atas Dasar Harga Berlaku di Provinsi Jawa Timur Menurut Kabupaten/Kota (ribu rupiah), 2021–2025","Per Capita GRDP at Current Market Prices by Regency/Municipality, in Jawa Timur Province (thousand rupiahss), 2021–2025",15,5,6daa8e4cdc4b
JAWA TIMUR,11,Kab. Bondowoso,,2024,*,33.501,,"PDRB Per Kapita Atas Dasar Harga Berlaku di Provinsi Jawa Timur Menurut Kabupaten/Kota (ribu rupiah), 2021–2025","Per Capita GRDP at Current Market Prices by Regency/Municipality, in Jawa Timur Province (thousand rupiahss), 2021–2025",15,5,2444245a2eaf
JAWA TIMUR,12,Kab. Situbondo,,2024,*,38.677,,"PDRB Per Kapita Atas Dasar Harga Berlaku di Provinsi Jawa Timur Menurut Kabupaten/Kota (ribu rupiah), 2021–2025","Per Capita GRDP at Current Market Prices by Regency/Municipality, in Jawa Timur Province (thousand rupiahss), 2021–2025",15,5,a74d525c586f
JAWA TIMUR,13,Kab. Probolinggo,,2024,*,38.537,,"PDRB Per Kapita Atas Dasar Harga Berlaku di Provinsi Jawa Timur Menurut Kabupaten/Kota (ribu rupiah), 2021–2025","Per Capita GRDP at Current Market Prices by Regency/Municipality, in Jawa Timur Province (thousand rupiahss), 2021–2025",15,5,f8949f8e1eec
JAWA TIMUR,14,Kab. Pasuruan,,2024,*,121.689,,"PDRB Per Kapita Atas Dasar Harga Berlaku di Provinsi Jawa Timur Menurut Kabupaten/Kota (ribu rupiah), 2021–2025","Per Capita GRDP at Current Market Prices by Regency/Municipality, in Jawa Timur Province (thousand rupiahss), 2021–2025",15,5,b94df609e806
JAWA TIMUR,15,Kab. Sidoarjo,,2024,*,136.721,,"PDRB Per Kapita Atas Dasar Harga Berlaku di Provinsi Jawa Timur Menurut Kabupaten/Kota (ribu rupiah), 2021–2025","Per Capita GRDP at Current Market Prices by Regency/Municipality, in Jawa Timur Province (thousand rupiahss), 2021–2025",15,5,98519860f7bf
JAWA TIMUR,16,Kab. Mojokerto,,2024,*,98.011,,"PDRB Per Kapita Atas Dasar Harga Berlaku di Provinsi Jawa Timur Menurut Kabupaten/Kota (ribu rupiah), 2021–2025","Per Capita GRDP at Current Market Prices by Regency/Municipality, in Jawa Timur Province (thousand rupiahss), 2021–2025",15,5,9253e613cbb1
JAWA TIMUR,17,Kab. Jombang,,2024,*,39.553,,"PDRB Per Kapita Atas Dasar Harga Berlaku di Provinsi Jawa Timur Menurut Kabupaten/Kota (ribu rupiah), 2021–2025","Per Capita GRDP at Current Market Prices by Regency/Municipality, in Jawa Timur Province (thousand rupiahss), 2021–2025",15,5,0c79c232de9a
JAWA TIMUR,18,Kab. Nganjuk,,2024,*,32.047,,"PDRB Per Kapita Atas Dasar Harga Berlaku di Provinsi Jawa Timur Menurut Kabupaten/Kota (ribu rupiah), 2021–2025","Per Capita GRDP at Current Market Prices by Regency/Municipality, in Jawa Timur Province (thousand rupiahss), 2021–2025",15,5,402c8658eeb2
JAWA TIMUR,19,Kab. Madiun,,2024,*,33.712,,"PDRB Per Kapita Atas Dasar Harga Berlaku di Provinsi Jawa Timur Menurut Kabupaten/Kota (ribu rupiah), 2021–2025","Per Capita GRDP at Current Market Prices by Regency/Municipality, in Jawa Timur Province (thousand rupiahss), 2021–2025",15,5,8ca8d54e31ca
JAWA TIMUR,20,Kab. Magetan,,2024,*,35.853,,"PDRB Per Kapita Atas Dasar Harga Berlaku di Provinsi Jawa Timur Menurut Kabupaten/Kota (ribu rupiah), 2021–2025","Per Capita GRDP at Current Market Prices by Regency/Municipality, in Jawa Timur Province (thousand rupiahss), 2021–2025",15,5,47a3b8813b56
JAWA TIMUR,21,Kab. Ngawi,,2024,*,29.347,,"PDRB Per Kapita Atas Dasar Harga Berlaku di Provinsi Jawa Timur Menurut Kabupaten/Kota (ribu rupiah), 2021–2025","Per Capita GRDP at Current Market Prices by Regency/Municipality, in Jawa Timur Province (thousand rupiahss), 2021–2025",15,5,4df645e18305
JAWA TIMUR,22,Kab. Bojonegoro,,2024,*,76.808,,"PDRB Per Kapita Atas Dasar Harga Berlaku di Provinsi Jawa Timur Menurut Kabupaten/Kota (ribu rupiah), 2021–2025","Per Capita GRDP at Current Market Prices by Regency/Municipality, in Jawa Timur Province (thousand rupiahss), 2021–2025",15,5,94689e43dadb
JAWA TIMUR,23,Kab. Tuban,,2024,*,71.099,,"PDRB Per Kapita Atas Dasar Harga Berlaku di Provinsi Jawa Timur Menurut Kabupaten/Kota (ribu rupiah), 2021–2025","Per Capita GRDP at Current Market Prices by Regency/Municipality, in Jawa Timur Province (thousand rupiahss), 2021–2025",15,5,678afa7c6305
JAWA TIMUR,24,Kab. Lamongan,,2024,*,37.788,,"PDRB Per Kapita Atas Dasar Harga Berlaku di Provinsi Jawa Timur Menurut Kabupaten/Kota (ribu rupiah), 2021–2025","Per Capita GRDP at Current Market Prices by Regency/Municipality, in Jawa Timur Province (thousand rupiahss), 2021–2025",15,5,8a32e9e31552
JAWA TIMUR,25,Kab. Gresik,,2024,*,138.271,,"PDRB Per Kapita Atas Dasar Harga Berlaku di Provinsi Jawa Timur Menurut Kabupaten/Kota (ribu rupiah), 2021–2025","Per Capita GRDP at Current Market Prices by Regency/Municipality, in Jawa Timur Province (thousand rupiahss), 2021–2025",15,5,50097c2fa2b8
JAWA TIMUR,26,Kab. Bangkalan,,2024,*,26.066,,"PDRB Per Kapita Atas Dasar Harga Berlaku di Provinsi Jawa Timur Menurut Kabupaten/Kota (ribu rupiah), 2021–2025","Per Capita GRDP at Current Market Prices by Regency/Municipality, in Jawa Timur Province (thousand rupiahss), 2021–2025",15,5,2097a90aa638
JAWA TIMUR,27,Kab. Sampang,,2024,*,24.484,,"PDRB Per Kapita Atas Dasar Harga Berlaku di Provinsi Jawa Timur Menurut Kabupaten/Kota (ribu rupiah), 2021–2025","Per Capita GRDP at Current Market Prices by Regency/Municipality, in Jawa Timur Province (thousand rupiahss), 2021–2025",15,5,d41b7de1c6a0
JAWA TIMUR,28,Kab. Pamekasan,,2024,*,25.424,,"PDRB Per Kapita Atas Dasar Harga Berlaku di Provinsi Jawa Timur Menurut Kabupaten/Kota (ribu rupiah), 2021–2025","Per Capita GRDP at Current Market Prices by Regency/Municipality, in Jawa Timur Province (thousand rupiahss), 2021–2025",15,5,8d270a1b93f1
JAWA TIMUR,29,Kab. Sumenep,,2024,*,39.215,,"PDRB Per Kapita Atas Dasar Harga Berlaku di Provinsi Jawa Timur Menurut Kabupaten/Kota (ribu rupiah), 2021–2025","Per Capita GRDP at Current Market Prices by Regency/Municipality, in Jawa Timur Province (thousand rupiahss), 2021–2025",15,5,a7e7ba85e811
JAWA TIMUR,71,Kota Kediri,,2024,*,565.841,,"PDRB Per Kapita Atas Dasar Harga Berlaku di Provinsi Jawa Timur Menurut Kabupaten/Kota (ribu rupiah), 2021–2025","Per Capita GRDP at Current Market Prices by Regency/Municipality, in Jawa Timur Province (thousand rupiahss), 2021–2025",15,5,5950d7588d68
JAWA TIMUR,72,Kota Blitar,,2024,*,59.326,,"PDRB Per Kapita Atas Dasar Harga Berlaku di Provinsi Jawa Timur Menurut Kabupaten/Kota (ribu rupiah), 2021–2025","Per Capita GRDP at Current Market Prices by Regency/Municipality, in Jawa Timur Province (thousand rupiahss), 2021–2025",15,5,0b7e23d7fb8f
JAWA TIMUR,73,Kota Malang,,2024,*,114.722,,"PDRB Per Kapita Atas Dasar Harga Berlaku di Provinsi Jawa Timur Menurut Kabupaten/Kota (ribu rupiah), 2021–2025","Per Capita GRDP at Current Market Prices by Regency/Municipality, in Jawa Timur Province (thousand rupiahss), 2021–2025",15,5,2979f97f77f0
JAWA TIMUR,74,Kota Probolinggo,,2024,*,61.614,,"PDRB Per Kapita Atas Dasar Harga Berlaku di Provinsi Jawa Timur Menurut Kabupaten/Kota (ribu rupiah), 2021–2025","Per Capita GRDP at Current Market Prices by Regency/Municipality, in Jawa Timur Province (thousand rupiahss), 2021–2025",15,5,070b63f4ff0a
JAWA TIMUR,75,Kota Pasuruan,,2024,*,51.087,,"PDRB Per Kapita Atas Dasar Harga Berlaku di Provinsi Jawa Timur Menurut Kabupaten/Kota (ribu rupiah), 2021–2025","Per Capita GRDP at Current Market Prices by Regency/Municipality, in Jawa Timur Province (thousand rupiahss), 2021–2025",15,5,b530fe88504c
JAWA TIMUR,76,Kota Mojokerto,,2024,*,62.684,,"PDRB Per Kapita Atas Dasar Harga Berlaku di Provinsi Jawa Timur Menurut Kabupaten/Kota (ribu rupiah), 2021–2025","Per Capita GRDP at Current Market Prices by Regency/Municipality, in Jawa Timur Province (thousand rupiahss), 2021–2025",15,5,45298abb7e20
JAWA TIMUR,77,Kota Madiun,,2024,*,92.449,,"PDRB Per Kapita Atas Dasar Harga Berlaku di Provinsi Jawa Timur Menurut Kabupaten/Kota (ribu rupiah), 2021–2025","Per Capita GRDP at Current Market Prices by Regency/Municipality, in Jawa Timur Province (thousand rupiahss), 2021–2025",15,5,daaeb39cbedb
JAWA TIMUR,78,Kota Surabaya,,2024,*,264.372,,"PDRB Per Kapita Atas Dasar Harga Berlaku di Provinsi Jawa Timur Menurut Kabupaten/Kota (ribu rupiah), 2021–2025","Per Capita GRDP at Current Market Prices by Regency/Municipality, in Jawa Timur Province (thousand rupiahss), 2021–2025",15,5,90076c61cec9
JAWA TIMUR,79,Kota Batu,,2024,*,99.487,,"PDRB Per Kapita Atas Dasar Harga Berlaku di Provinsi Jawa Timur Menurut Kabupaten/Kota (ribu rupiah), 2021–2025","Per Capita GRDP at Current Market Prices by Regency/Municipality, in Jawa Timur Province (thousand rupiahss), 2021–2025",15,5,8d5c2425ae01
JAWA TIMUR,,Jml Kab./Kota Total of Reg./Mun.,,2024,*,75.898,,"PDRB Per Kapita Atas Dasar Harga Berlaku di Provinsi Jawa Timur Menurut Kabupaten/Kota (ribu rupiah), 2021–2025","Per Capita GRDP at Current Market Prices by Regency/Municipality, in Jawa Timur Province (thousand rupiahss), 2021–2025",15,5,7d30fba66241
JAWA TIMUR,,Provinsi/Province,,2024,*,75.770,,"PDRB Per Kapita Atas Dasar Harga Berlaku di Provinsi Jawa Timur Menurut Kabupaten/Kota (ribu rupiah), 2021–2025","Per Capita GRDP at Current Market Prices by Regency/Municipality, in Jawa Timur Province (thousand rupiahss), 2021–2025",15,5,b42aedb79d33
BANTEN,01,Kab. Pandeglang,,2024,*,27.078,,"PDRB Per Kapita Atas Dasar Harga Berlaku di Provinsi Banten Menurut Kabupaten/Kota (ribu rupiah), 2021–2025","Per Capita GRDP at Current Market Prices by Regency/Municipality, in Banten Province (thousand rupiahss), 2021–2025",16,6,343a35a3686a
BANTEN,02,Kab. Lebak,,2024,*,25.967,,"PDRB Per Kapita Atas Dasar Harga Berlaku di Provinsi Banten Menurut Kabupaten/Kota (ribu rupiah), 2021–2025","Per Capita GRDP at Current Market Prices by Regency/Municipality, in Banten Province (thousand rupiahss), 2021–2025",16,6,fc3957791058
BANTEN,03,Kab. Tangerang,,2024,*,54.729,,"PDRB Per Kapita Atas Dasar Harga Berlaku di Provinsi Banten Menurut Kabupaten/Kota (ribu rupiah), 2021–2025","Per Capita GRDP at Current Market Prices by Regency/Municipality, in Banten Province (thousand rupiahss), 2021–2025",16,6,6f5230c74b1e
BANTEN,04,Kab. Serang,,2024,*,60.007,,"PDRB Per Kapita Atas Dasar Harga Berlaku di Provinsi Banten Menurut Kabupaten/Kota (ribu rupiah), 2021–2025","Per Capita GRDP at Current Market Prices by Regency/Municipality, in Banten Province (thousand rupiahss), 2021–2025",16,6,79bea2c1f3d5
BANTEN,71,Kota Tangerang,,2024,*,114.458,,"PDRB Per Kapita Atas Dasar Harga Berlaku di Provinsi Banten Menurut Kabupaten/Kota (ribu rupiah), 2021–2025","Per Capita GRDP at Current Market Prices by Regency/Municipality, in Banten Province (thousand rupiahss), 2021–2025",16,6,c03a55e8f312
BANTEN,72,Kota Cilegon,,2024,*,302.862,,"PDRB Per Kapita Atas Dasar Harga Berlaku di Provinsi Banten Menurut Kabupaten/Kota (ribu rupiah), 2021–2025","Per Capita GRDP at Current Market Prices by Regency/Municipality, in Banten Province (thousand rupiahss), 2021–2025",16,6,322a9abd29ed
BANTEN,73,Kota Serang,,2024,*,58.498,,"PDRB Per Kapita Atas Dasar Harga Berlaku di Provinsi Banten Menurut Kabupaten/Kota (ribu rupiah), 2021–2025","Per Capita GRDP at Current Market Prices by Regency/Municipality, in Banten Province (thousand rupiahss), 2021–2025",16,6,8b8ffc962b99
BANTEN,74,Kota Tangerang Selatan,,2024,*,80.182,,"PDRB Per Kapita Atas Dasar Harga Berlaku di Provinsi Banten Menurut Kabupaten/Kota (ribu rupiah), 2021–2025","Per Capita GRDP at Current Market Prices by Regency/Municipality, in Banten Province (thousand rupiahss), 2021–2025",16,6,03e438dd928b
BANTEN,,Jml Kab./Kota Total of Reg./Mun.,,2024,*,70.768,,"PDRB Per Kapita Atas Dasar Harga Berlaku di Provinsi Banten Menurut Kabupaten/Kota (ribu rupiah), 2021–2025","Per Capita GRDP at Current Market Prices by Regency/Municipality, in Banten Province (thousand rupiahss), 2021–2025",16,6,ff9294c906bc
BANTEN,,Provinsi/Province,,2024,*,70.276,,"PDRB Per Kapita Atas Dasar Harga Berlaku di Provinsi Banten Menurut Kabupaten/Kota (ribu rupiah), 2021–2025","Per Capita GRDP at Current Market Prices by Regency/Municipality, in Banten Province (thousand rupiahss), 2021–2025",16,6,a592939e5304
BALI,01,Kab. Jembrana,,2024,*,51.730,,"PDRB Per Kapita Atas Dasar Harga Berlaku di Provinsi Bali Menurut Kabupaten/Kota (ribu rupiah), 2021–2025","Per Capita GRDP at Current Market Prices by Regency/Municipality, in Bali Province (thousand rupiahss), 2021–2025",17,7,4e38f324b7d3
BALI,02,Kab. Tabanan,,2024,*,59.123,,"PDRB Per Kapita Atas Dasar Harga Berlaku di Provinsi Bali Menurut Kabupaten/Kota (ribu rupiah), 2021–2025","Per Capita GRDP at Current Market Prices by Regency/Municipality, in Bali Province (thousand rupiahss), 2021–2025",17,7,909c545ea706
BALI,03,Kab. Badung,,2024,*,132.027,,"PDRB Per Kapita Atas Dasar Harga Berlaku di Provinsi Bali Menurut Kabupaten/Kota (ribu rupiah), 2021–2025","Per Capita GRDP at Current Market Prices by Regency/Municipality, in Bali Province (thousand rupiahss), 2021–2025",17,7,107924f06290
BALI,04,Kab. Gianyar,,2024,*,62.693,,"PDRB Per Kapita Atas Dasar Harga Berlaku di Provinsi Bali Menurut Kabupaten/Kota (ribu rupiah), 2021–2025","Per Capita GRDP at Current Market Prices by Regency/Municipality, in Bali Province (thousand rupiahss), 2021–2025",17,7,98dabce84f8f
BALI,05,Kab. Klungkung,,2024,*,52.628,,"PDRB Per Kapita Atas Dasar Harga Berlaku di Provinsi Bali Menurut Kabupaten/Kota (ribu rupiah), 2021–2025","Per Capita GRDP at Current Market Prices by Regency/Municipality, in Bali Province (thousand rupiahss), 2021–2025",17,7,e74b1c365b6a
BALI,06,Kab. Bangli,,2024,*,32.275,,"PDRB Per Kapita Atas Dasar Harga Berlaku di Provinsi Bali Menurut Kabupaten/Kota (ribu rupiah), 2021–2025","Per Capita GRDP at Current Market Prices by Regency/Municipality, in Bali Province (thousand rupiahss), 2021–2025",17,7,eb2f7a553427
BALI,07,Kab. Karangasem,,2024,*,40.233,,"PDRB Per Kapita Atas Dasar Harga Berlaku di Provinsi Bali Menurut Kabupaten/Kota (ribu rupiah), 2021–2025","Per Capita GRDP at Current Market Prices by Regency/Municipality, in Bali Province (thousand rupiahss), 2021–2025",17,7,32e81f811aa3
BALI,08,Kab. Buleleng,,2024,*,50.796,,"PDRB Per Kapita Atas Dasar Harga Berlaku di Provinsi Bali Menurut Kabupaten/Kota (ribu rupiah), 2021–2025","Per Capita GRDP at Current Market Prices by Regency/Municipality, in Bali Province (thousand rupiahss), 2021–2025",17,7,652d28c118d8
BALI,71,Kota Denpasar,,2024,*,86.425,,"PDRB Per Kapita Atas Dasar Harga Berlaku di Provinsi Bali Menurut Kabupaten/Kota (ribu rupiah), 2021–2025","Per Capita GRDP at Current Market Prices by Regency/Municipality, in Bali Province (thousand rupiahss), 2021–2025",17,7,ee8b5a61e6d7
BALI,,Jml Kab./Kota Total of Reg./Mun.,,2024,*,67.441,,"PDRB Per Kapita Atas Dasar Harga Berlaku di Provinsi Bali Menurut Kabupaten/Kota (ribu rupiah), 2021–2025","Per Capita GRDP at Current Market Prices by Regency/Municipality, in Bali Province (thousand rupiahss), 2021–2025",17,7,972bde492664
BALI,,Provinsi/Province,,2024,*,67.318,,"PDRB Per Kapita Atas Dasar Harga Berlaku di Provinsi Bali Menurut Kabupaten/Kota (ribu rupiah), 2021–2025","Per Capita GRDP at Current Market Prices by Regency/Municipality, in Bali Province (thousand rupiahss), 2021–2025",17,7,d1c91c875032
NUSA TENGGARA BARAT,01,Kab. Lombok Barat,,2024,*,25.044,,"PDRB Per Kapita Atas Dasar Harga Berlaku di Provinsi Nusa Tenggara Barat Menurut Kabupaten/Kota (ribu rupiah), 2021–2025","Per Capita GRDP at Current Market Prices by Regency/Municipality, in Nusa Tenggara Barat Province (thousand rupiahss), 2021–2025",18,8,89c002d7eaba
NUSA TENGGARA BARAT,02,Kab. Lombok Tengah,,2024,*,20.368,,"PDRB Per Kapita Atas Dasar Harga Berlaku di Provinsi Nusa Tenggara Barat Menurut Kabupaten/Kota (ribu rupiah), 2021–2025","Per Capita GRDP at Current Market Prices by Regency/Municipality, in Nusa Tenggara Barat Province (thousand rupiahss), 2021–2025",18,8,e8e57f1e763c
NUSA TENGGARA BARAT,03,Kab. Lombok Timur,,2024,*,18.588,,"PDRB Per Kapita Atas Dasar Harga Berlaku di Provinsi Nusa Tenggara Barat Menurut Kabupaten/Kota (ribu rupiah), 2021–2025","Per Capita GRDP at Current Market Prices by Regency/Municipality, in Nusa Tenggara Barat Province (thousand rupiahss), 2021–2025",18,8,18d572212447
NUSA TENGGARA BARAT,04,Kab. Sumbawa,,2024,*,34.509,,"PDRB Per Kapita Atas Dasar Harga Berlaku di Provinsi Nusa Tenggara Barat Menurut Kabupaten/Kota (ribu rupiah), 2021–2025","Per Capita GRDP at Current Market Prices by Regency/Municipality, in Nusa Tenggara Barat Province (thousand rupiahss), 2021–2025",18,8,bb5fde4191c0
NUSA TENGGARA BARAT,05,Kab. Dompu,,2024,*,36.120,,"PDRB Per Kapita Atas Dasar Harga Berlaku di Provinsi Nusa Tenggara Barat Menurut Kabupaten/Kota (ribu rupiah), 2021–2025","Per Capita GRDP at Current Market Prices by Regency/Municipality, in Nusa Tenggara Barat Province (thousand rupiahss), 2021–2025",18,8,909049461f2f
NUSA TENGGARA BARAT,06,Kab. Bima,,2024,*,27.153,,"PDRB Per Kapita Atas Dasar Harga Berlaku di Provinsi Nusa Tenggara Barat Menurut Kabupaten/Kota (ribu rupiah), 2021–2025","Per Capita GRDP at Current Market Prices by Regency/Municipality, in Nusa Tenggara Barat Province (thousand rupiahss), 2021–2025",18,8,3df678aa1d75
NUSA TENGGARA BARAT,07,Kab. Sumbawa Barat,,2024,*,235.091,,"PDRB Per Kapita Atas Dasar Harga Berlaku di Provinsi Nusa Tenggara Barat Menurut Kabupaten/Kota (ribu rupiah), 2021–2025","Per Capita GRDP at Current Market Prices by Regency/Municipality, in Nusa Tenggara Barat Province (thousand rupiahss), 2021–2025",18,8,dfc6e5662808
NUSA TENGGARA BARAT,08,Kab. Lombok Utara,,2024,*,22.874,,"PDRB Per Kapita Atas Dasar Harga Berlaku di Provinsi Nusa Tenggara Barat Menurut Kabupaten/Kota (ribu rupiah), 2021–2025","Per Capita GRDP at Current Market Prices by Regency/Municipality, in Nusa Tenggara Barat Province (thousand rupiahss), 2021–2025",18,8,a4ee27493a20
NUSA TENGGARA BARAT,71,Kota Mataram,,2024,*,54.382,,"PDRB Per Kapita Atas Dasar Harga Berlaku di Provinsi Nusa Tenggara Barat Menurut Kabupaten/Kota (ribu rupiah), 2021–2025","Per Capita GRDP at Current Market Prices by Regency/Municipality, in Nusa Tenggara Barat Province (thousand rupiahss), 2021–2025",18,8,b3e8e1f2f350
NUSA TENGGARA BARAT,72,Kota Bima,,2024,*,32.479,,"PDRB Per Kapita Atas Dasar Harga Berlaku di Provinsi Nusa Tenggara Barat Menurut Kabupaten/Kota (ribu rupiah), 2021–2025","Per Capita GRDP at Current Market Prices by Regency/Municipality, in Nusa Tenggara Barat Province (thousand rupiahss), 2021–2025",18,8,e1deffffb2ae
NUSA TENGGARA BARAT,,Jml Kab./Kota Total of Reg./Mun.,,2024,*,32.316,,"PDRB Per Kapita Atas Dasar Harga Berlaku di Provinsi Nusa Tenggara Barat Menurut Kabupaten/Kota (ribu rupiah), 2021–2025","Per Capita GRDP at Current Market Prices by Regency/Municipality, in Nusa Tenggara Barat Province (thousand rupiahss), 2021–2025",18,8,b04813c83088
NUSA TENGGARA BARAT,,Provinsi/Province,,2024,*,32.282,,"PDRB Per Kapita Atas Dasar Harga Berlaku di Provinsi Nusa Tenggara Barat Menurut Kabupaten/Kota (ribu rupiah), 2021–2025","Per Capita GRDP at Current Market Prices by Regency/Municipality, in Nusa Tenggara Barat Province (thousand rupiahss), 2021–2025",18,8,646c83eb84b3
NUSA TENGGARA TIMUR,01,Kab. Sumba Barat,,2024,*,19.400,,"PDRB Per Kapita Atas Dasar Harga Berlaku di Provinsi Nusa Tenggara Timur Menurut Kabupaten/Kota (ribu rupiah), 2021–2025","Per Capita GRDP at Current Market Prices by Regency/Municipality, in Nusa Tenggara Timur Province (thousand rupiahss), 2021–2025",19,9,2aa2a17fcec1
NUSA TENGGARA TIMUR,02,Kab. Sumba Timur,,2024,*,30.114,,"PDRB Per Kapita Atas Dasar Harga Berlaku di Provinsi Nusa Tenggara Timur Menurut Kabupaten/Kota (ribu rupiah), 2021–2025","Per Capita GRDP at Current Market Prices by Regency/Municipality, in Nusa Tenggara Timur Province (thousand rupiahss), 2021–2025",19,9,08e7e23935e9
NUSA TENGGARA TIMUR,03,Kab. Kupang,,2024,*,26.499,,"PDRB Per Kapita Atas Dasar Harga Berlaku di Provinsi Nusa Tenggara Timur Menurut Kabupaten/Kota (ribu rupiah), 2021–2025","Per Capita GRDP at Current Market Prices by Regency/Municipality, in Nusa Tenggara Timur Province (thousand rupiahss), 2021–2025",19,9,6c01a63f195a
NUSA TENGGARA TIMUR,04,Kab. Timor Tengah Selatan,,2024,*,21.219,,"PDRB Per Kapita Atas Dasar Harga Berlaku di Provinsi Nusa Tenggara Timur Menurut Kabupaten/Kota (ribu rupiah), 2021–2025","Per Capita GRDP at Current Market Prices by Regency/Municipality, in Nusa Tenggara Timur Province (thousand rupiahss), 2021–2025",19,9,4494ada07184
NUSA TENGGARA TIMUR,05,Kab. Timor Tengah Utara,,2024,*,18.738,,"PDRB Per Kapita Atas Dasar Harga Berlaku di Provinsi Nusa Tenggara Timur Menurut Kabupaten/Kota (ribu rupiah), 2021–2025","Per Capita GRDP at Current Market Prices by Regency/Municipality, in Nusa Tenggara Timur Province (thousand rupiahss), 2021–2025",19,9,59ece84f989f
NUSA TENGGARA TIMUR,06,Kab. Belu,,2024,*,25.170,,"PDRB Per Kapita Atas Dasar Harga Berlaku di Provinsi Nusa Tenggara Timur Menurut Kabupaten/Kota (ribu rupiah), 2021–2025","Per Capita GRDP at Current Market Prices by Regency/Municipality, in Nusa Tenggara Timur Province (thousand rupiahss), 2021–2025",19,9,85cfe9c71d93
NUSA TENGGARA TIMUR,07,Kab. Alor,,2024,*,17.723,,"PDRB Per Kapita Atas Dasar Harga Berlaku di Provinsi Nusa Tenggara Timur Menurut Kabupaten/Kota (ribu rupiah), 2021–2025","Per Capita GRDP at Current Market Prices by Regency/Municipality, in Nusa Tenggara Timur Province (thousand rupiahss), 2021–2025",19,9,b300b8fce65f
NUSA TENGGARA TIMUR,08,Kab. Lembata,,2024,*,15.975,,"PDRB Per Kapita Atas Dasar Harga Berlaku di Provinsi Nusa Tenggara Timur Menurut Kabupaten/Kota (ribu rupiah), 2021–2025","Per Capita GRDP at Current Market Prices by Regency/Municipality, in Nusa Tenggara Timur Province (thousand rupiahss), 2021–2025",19,9,a2cb1344cbc9
NUSA TENGGARA TIMUR,09,Kab. Flores Timur,,2024,*,22.048,,"PDRB Per Kapita Atas Dasar Harga Berlaku di Provinsi Nusa Tenggara Timur Menurut Kabupaten/Kota (ribu rupiah), 2021–2025","Per Capita GRDP at Current Market Prices by Regency/Municipality, in Nusa Tenggara Timur Province (thousand rupiahss), 2021–2025",19,9,e319b6b95ee4
NUSA TENGGARA TIMUR,10,Kab. Sikka,,2024,*,19.873,,"PDRB Per Kapita Atas Dasar Harga Berlaku di Provinsi Nusa Tenggara Timur Menurut Kabupaten/Kota (ribu rupiah), 2021–2025","Per Capita GRDP at Current Market Prices by Regency/Municipality, in Nusa Tenggara Timur Province (thousand rupiahss), 2021–2025",19,9,24e271c420de
NUSA TENGGARA TIMUR,11,Kab. Ende,,2024,*,28.061,,"PDRB Per Kapita Atas Dasar Harga Berlaku di Provinsi Nusa Tenggara Timur Menurut Kabupaten/Kota (ribu rupiah), 2021–2025","Per Capita GRDP at Current Market Prices by Regency/Municipality, in Nusa Tenggara Timur Province (thousand rupiahss), 2021–2025",19,9,59d1dfc02043
NUSA TENGGARA TIMUR,12,Kab. Ngada,,2024,*,25.689,,"PDRB Per Kapita Atas Dasar Harga Berlaku di Provinsi Nusa Tenggara Timur Menurut Kabupaten/Kota (ribu rupiah), 2021–2025","Per Capita GRDP at Current Market Prices by Regency/Municipality, in Nusa Tenggara Timur Province (thousand rupiahss), 2021–2025",19,9,55efdf33f979
NUSA TENGGARA TIMUR,13,Kab. Manggarai,,2024,*,17.709,,"PDRB Per Kapita Atas Dasar Harga Berlaku di Provinsi Nusa Tenggara Timur Menurut Kabupaten/Kota (ribu rupiah), 2021–2025","Per Capita GRDP at Current Market Prices by Regency/Municipality, in Nusa Tenggara Timur Province (thousand rupiahss), 2021–2025",19,9,1aad5e7a991a
NUSA TENGGARA TIMUR,14,Kab. Rote Ndao,,2024,*,25.603,,"PDRB Per Kapita Atas Dasar Harga Berlaku di Provinsi Nusa Tenggara Timur Menurut Kabupaten/Kota (ribu rupiah), 2021–2025","Per Capita GRDP at Current Market Prices by Regency/Municipality, in Nusa Tenggara Timur Province (thousand rupiahss), 2021–2025",19,9,e591b0147555
NUSA TENGGARA TIMUR,15,Kab. Manggarai Barat,,2024,*,16.663,,"PDRB Per Kapita Atas Dasar Harga Berlaku di Provinsi Nusa Tenggara Timur Menurut Kabupaten/Kota (ribu rupiah), 2021–2025","Per Capita GRDP at Current Market Prices by Regency/Municipality, in Nusa Tenggara Timur Province (thousand rupiahss), 2021–2025",19,9,f31dcdef4245
NUSA TENGGARA TIMUR,16,Kab. Sumba Tengah,,2024,*,16.536,,"PDRB Per Kapita Atas Dasar Harga Berlaku di Provinsi Nusa Tenggara Timur Menurut Kabupaten/Kota (ribu rupiah), 2021–2025","Per Capita GRDP at Current Market Prices by Regency/Municipality, in Nusa Tenggara Timur Province (thousand rupiahss), 2021–2025",19,9,8e2e0a64921e
NUSA TENGGARA TIMUR,17,Kab. Sumba Barat Daya,,2024,*,14.890,,"PDRB Per Kapita Atas Dasar Harga Berlaku di Provinsi Nusa Tenggara Timur Menurut Kabupaten/Kota (ribu rupiah), 2021–2025","Per Capita GRDP at Current Market Prices by Regency/Municipality, in Nusa Tenggara Timur Province (thousand rupiahss), 2021–2025",19,9,cbe5ffa0430b
NUSA TENGGARA TIMUR,18,Kab. Nagekeo,,2024,*,17.038,,"PDRB Per Kapita Atas Dasar Harga Berlaku di Provinsi Nusa Tenggara Timur Menurut Kabupaten/Kota (ribu rupiah), 2021–2025","Per Capita GRDP at Current Market Prices by Regency/Municipality, in Nusa Tenggara Timur Province (thousand rupiahss), 2021–2025",19,9,d545caf56a36
NUSA TENGGARA TIMUR,19,Kab. Manggarai Timur,,2024,*,14.367,,"PDRB Per Kapita Atas Dasar Harga Berlaku di Provinsi Nusa Tenggara Timur Menurut Kabupaten/Kota (ribu rupiah), 2021–2025","Per Capita GRDP at Current Market Prices by Regency/Municipality, in Nusa Tenggara Timur Province (thousand rupiahss), 2021–2025",19,9,0c31469237f0
NUSA TENGGARA TIMUR,20,Kab. Sabu Raijua,,2024,*,18.699,,"PDRB Per Kapita Atas Dasar Harga Berlaku di Provinsi Nusa Tenggara Timur Menurut Kabupaten/Kota (ribu rupiah), 2021–2025","Per Capita GRDP at Current Market Prices by Regency/Municipality, in Nusa Tenggara Timur Province (thousand rupiahss), 2021–2025",19,9,bd4207c101cb
NUSA TENGGARA TIMUR,21,Kab. Malaka,,2024,*,19.482,,"PDRB Per Kapita Atas Dasar Harga Berlaku di Provinsi Nusa Tenggara Timur Menurut Kabupaten/Kota (ribu rupiah), 2021–2025","Per Capita GRDP at Current Market Prices by Regency/Municipality, in Nusa Tenggara Timur Province (thousand rupiahss), 2021–2025",19,9,5fb37491fea0
NUSA TENGGARA TIMUR,71,Kota Kupang,,2024,*,65.003,,"PDRB Per Kapita Atas Dasar Harga Berlaku di Provinsi Nusa Tenggara Timur Menurut Kabupaten/Kota (ribu rupiah), 2021–2025","Per Capita GRDP at Current Market Prices by Regency/Municipality, in Nusa Tenggara Timur Province (thousand rupiahss), 2021–2025",19,9,71c1b2bb3371
NUSA TENGGARA TIMUR,,Jml Kab./Kota Total of Reg./Mun.,,2024,*,24.478,,"PDRB Per Kapita Atas Dasar Harga Berlaku di Provinsi Nusa Tenggara Timur Menurut Kabupaten/Kota (ribu rupiah), 2021–2025","Per Capita GRDP at Current Market Prices by Regency/Municipality, in Nusa Tenggara Timur Province (thousand rupiahss), 2021–2025",19,9,9f9d40dbdb51
NUSA TENGGARA TIMUR,,Provinsi/Province,,2024,*,24.303,,"PDRB Per Kapita Atas Dasar Harga Berlaku di Provinsi Nusa Tenggara Timur Menurut Kabupaten/Kota (ribu rupiah), 2021–2025","Per Capita GRDP at Current Market Prices by Regency/Municipality, in Nusa Tenggara Timur Province (thousand rupiahss), 2021–2025",19,9,c00eb946dd57
KALIMANTAN BARAT,01,Kab. Sambas,,2024,*,43.614,,"PDRB Per Kapita Atas Dasar Harga Berlaku di Provinsi Kalimantan Barat Menurut Kabupaten/Kota (ribu rupiah), 2021–2025","Per Capita GRDP at Current Market Prices by Regency/Municipality, in Kalimantan Barat Province (thousand rupiahss), 2021–2025",20,10,c932b67b8b50
KALIMANTAN BARAT,02,Kab. Bengkayang,,2024,*,40.333,,"PDRB Per Kapita Atas Dasar Harga Berlaku di Provinsi Kalimantan Barat Menurut Kabupaten/Kota (ribu rupiah), 2021–2025","Per Capita GRDP at Current Market Prices by Regency/Municipality, in Kalimantan Barat Province (thousand rupiahss), 2021–2025",20,10,77b16685871e
KALIMANTAN BARAT,03,Kab. Landak,,2024,*,35.713,,"PDRB Per Kapita Atas Dasar Harga Berlaku di Provinsi Kalimantan Barat Menurut Kabupaten/Kota (ribu rupiah), 2021–2025","Per Capita GRDP at Current Market Prices by Regency/Municipality, in Kalimantan Barat Province (thousand rupiahss), 2021–2025",20,10,cd78eb204416
KALIMANTAN BARAT,04,Kab. Mempawah,,2024,*,39.506,,"PDRB Per Kapita Atas Dasar Harga Berlaku di Provinsi Kalimantan Barat Menurut Kabupaten/Kota (ribu rupiah), 2021–2025","Per Capita GRDP at Current Market Prices by Regency/Municipality, in Kalimantan Barat Province (thousand rupiahss), 2021–2025",20,10,0c85d1aa3487
KALIMANTAN BARAT,05,Kab. Sanggau,,2024,*,51.965,,"PDRB Per Kapita Atas Dasar Harga Berlaku di Provinsi Kalimantan Barat Menurut Kabupaten/Kota (ribu rupiah), 2021–2025","Per Capita GRDP at Current Market Prices by Regency/Municipality, in Kalimantan Barat Province (thousand rupiahss), 2021–2025",20,10,1b7227011889
KALIMANTAN BARAT,06,Kab. Ketapang,,2024,*,65.207,,"PDRB Per Kapita Atas Dasar Harga Berlaku di Provinsi Kalimantan Barat Menurut Kabupaten/Kota (ribu rupiah), 2021–2025","Per Capita GRDP at Current Market Prices by Regency/Municipality, in Kalimantan Barat Province (thousand rupiahss), 2021–2025",20,10,525a39b97dd1
KALIMANTAN BARAT,07,Kab. Sintang,,2024,*,46.169,,"PDRB Per Kapita Atas Dasar Harga Berlaku di Provinsi Kalimantan Barat Menurut Kabupaten/Kota (ribu rupiah), 2021–2025","Per Capita GRDP at Current Market Prices by Regency/Municipality, in Kalimantan Barat Province (thousand rupiahss), 2021–2025",20,10,5ea292fcf8bf
KALIMANTAN BARAT,08,Kab. Kapuas Hulu,,2024,*,53.963,,"PDRB Per Kapita Atas Dasar Harga Berlaku di Provinsi Kalimantan Barat Menurut Kabupaten/Kota (ribu rupiah), 2021–2025","Per Capita GRDP at Current Market Prices by Regency/Municipality, in Kalimantan Barat Province (thousand rupiahss), 2021–2025",20,10,3c9062597f21
KALIMANTAN BARAT,09,Kab. Sekadau,,2024,*,42.389,,"PDRB Per Kapita Atas Dasar Harga Berlaku di Provinsi Kalimantan Barat Menurut Kabupaten/Kota (ribu rupiah), 2021–2025","Per Capita GRDP at Current Market Prices by Regency/Municipality, in Kalimantan Barat Province (thousand rupiahss), 2021–2025",20,10,cb497d58dc96
KALIMANTAN BARAT,10,Kab. Melawi,,2024,*,29.739,,"PDRB Per Kapita Atas Dasar Harga Berlaku di Provinsi Kalimantan Barat Menurut Kabupaten/Kota (ribu rupiah), 2021–2025","Per Capita GRDP at Current Market Prices by Regency/Municipality, in Kalimantan Barat Province (thousand rupiahss), 2021–2025",20,10,84edc0708d6e
KALIMANTAN BARAT,11,Kab. Kayong Utara,,2024,*,43.166,,"PDRB Per Kapita Atas Dasar Harga Berlaku di Provinsi Kalimantan Barat Menurut Kabupaten/Kota (ribu rupiah), 2021–2025","Per Capita GRDP at Current Market Prices by Regency/Municipality, in Kalimantan Barat Province (thousand rupiahss), 2021–2025",20,10,2d9657fdc75c
KALIMANTAN BARAT,12,Kab. Kubu Raya,,2024,*,64.206,,"PDRB Per Kapita Atas Dasar Harga Berlaku di Provinsi Kalimantan Barat Menurut Kabupaten/Kota (ribu rupiah), 2021–2025","Per Capita GRDP at Current Market Prices by Regency/Municipality, in Kalimantan Barat Province (thousand rupiahss), 2021–2025",20,10,9e7adfe71365
KALIMANTAN BARAT,71,Kota Pontianak,,2024,*,75.420,,"PDRB Per Kapita Atas Dasar Harga Berlaku di Provinsi Kalimantan Barat Menurut Kabupaten/Kota (ribu rupiah), 2021–2025","Per Capita GRDP at Current Market Prices by Regency/Municipality, in Kalimantan Barat Province (thousand rupiahss), 2021–2025",20,10,841ceeb1c344
KALIMANTAN BARAT,72,Kota Singkawang,,2024,*,56.062,,"PDRB Per Kapita Atas Dasar Harga Berlaku di Provinsi Kalimantan Barat Menurut Kabupaten/Kota (ribu rupiah), 2021–2025","Per Capita GRDP at Current Market Prices by Regency/Municipality, in Kalimantan Barat Province (thousand rupiahss), 2021–2025",20,10,f089886e669c
KALIMANTAN BARAT,,Jml Kab./Kota Total of Reg./Mun.,,2024,*,52.381,,"PDRB Per Kapita Atas Dasar Harga Berlaku di Provinsi Kalimantan Barat Menurut Kabupaten/Kota (ribu rupiah), 2021–2025","Per Capita GRDP at Current Market Prices by Regency/Municipality, in Kalimantan Barat Province (thousand rupiahss), 2021–2025",20,10,86dc9db33d04
KALIMANTAN BARAT,,Provinsi/Province,,2024,*,52.703,,"PDRB Per Kapita Atas Dasar Harga Berlaku di Provinsi Kalimantan Barat Menurut Kabupaten/Kota (ribu rupiah), 2021–2025","Per Capita GRDP at Current Market Prices by Regency/Municipality, in Kalimantan Barat Province (thousand rupiahss), 2021–2025",20,10,63469b5d8620
DKI JAKARTA,01,Kab. Kepulauan Seribu,,2025,**,256.168,,"PDRB Per Kapita Atas Dasar Harga Berlaku di Provinsi DKI Jakarta Menurut Kabupaten/Kota (ribu rupiah), 2021–2025","Per Capita GRDP at Current Market Prices by Regency/Municipality, in DKI Jakarta Province (thousand rupiahss), 2021–2025",11,1,be8df6886b4a
DKI JAKARTA,71,Kota Jakarta Selatan,,2025,**,409.066,,"PDRB Per Kapita Atas Dasar Harga Berlaku di Provinsi DKI Jakarta Menurut Kabupaten/Kota (ribu rupiah), 2021–2025","Per Capita GRDP at Current Market Prices by Regency/Municipality, in DKI Jakarta Province (thousand rupiahss), 2021–2025",11,1,7109560d9258
DKI JAKARTA,72,Kota Jakarta Timur,,2025,**,218.523,,"PDRB Per Kapita Atas Dasar Harga Berlaku di Provinsi DKI Jakarta Menurut Kabupaten/Kota (ribu rupiah), 2021–2025","Per Capita GRDP at Current Market Prices by Regency/Municipality, in DKI Jakarta Province (thousand rupiahss), 2021–2025",11,1,b6adf1b7c013
DKI JAKARTA,73,Kota Jakarta Pusat,,2025,**,949.177,,"PDRB Per Kapita Atas Dasar Harga Berlaku di Provinsi DKI Jakarta Menurut Kabupaten/Kota (ribu rupiah), 2021–2025","Per Capita GRDP at Current Market Prices by Regency/Municipality, in DKI Jakarta Province (thousand rupiahss), 2021–2025",11,1,f32f7c16817d
DKI JAKARTA,74,Kota Jakarta Barat,,2025,**,269.434,,"PDRB Per Kapita Atas Dasar Harga Berlaku di Provinsi DKI Jakarta Menurut Kabupaten/Kota (ribu rupiah), 2021–2025","Per Capita GRDP at Current Market Prices by Regency/Municipality, in DKI Jakarta Province (thousand rupiahss), 2021–2025",11,1,d76f405fa202
DKI JAKARTA,75,Kota Jakarta Utara,,2025,**,392.506,,"PDRB Per Kapita Atas Dasar Harga Berlaku di Provinsi DKI Jakarta Menurut Kabupaten/Kota (ribu rupiah), 2021–2025","Per Capita GRDP at Current Market Prices by Regency/Municipality, in DKI Jakarta Province (thousand rupiahss), 2021–2025",11,1,8ba646fec38e
DKI JAKARTA,,Jml Kab./Kota Total of Reg./Mun.,,2025,**,370.777,,"PDRB Per Kapita Atas Dasar Harga Berlaku di Provinsi DKI Jakarta Menurut Kabupaten/Kota (ribu rupiah), 2021–2025","Per Capita GRDP at Current Market Prices by Regency/Municipality, in DKI Jakarta Province (thousand rupiahss), 2021–2025",11,1,71fa9cc71eaa
DKI JAKARTA,,Provinsi/Province,,2025,**,367.687,,"PDRB Per Kapita Atas Dasar Harga Berlaku di Provinsi DKI Jakarta Menurut Kabupaten/Kota (ribu rupiah), 2021–2025","Per Capita GRDP at Current Market Prices by Regency/Municipality, in DKI Jakarta Province (thousand rupiahss), 2021–2025",11,1,89f04e4ea34f
JAWA BARAT,01,Kab. Bogor,,2025,**,58.788,,"PDRB Per Kapita Atas Dasar Harga Berlaku di Provinsi Jawa Barat Menurut Kabupaten/Kota (ribu rupiah), 2021–2025","Per Capita GRDP at Current Market Prices by Regency/Municipality, in Jawa Barat Province (thousand rupiahss), 2021–2025",12,2,44ad69dc5ad9
JAWA BARAT,02,Kab. Sukabumi,,2025,**,33.442,,"PDRB Per Kapita Atas Dasar Harga Berlaku di Provinsi Jawa Barat Menurut Kabupaten/Kota (ribu rupiah), 2021–2025","Per Capita GRDP at Current Market Prices by Regency/Municipality, in Jawa Barat Province (thousand rupiahss), 2021–2025",12,2,c13999132aa4
JAWA BARAT,03,Kab. Cianjur,,2025,**,26.555,,"PDRB Per Kapita Atas Dasar Harga Berlaku di Provinsi Jawa Barat Menurut Kabupaten/Kota (ribu rupiah), 2021–2025","Per Capita GRDP at Current Market Prices by Regency/Municipality, in Jawa Barat Province (thousand rupiahss), 2021–2025",12,2,33ff73b941b9
JAWA BARAT,04,Kab. Bandung,,2025,**,47.558,,"PDRB Per Kapita Atas Dasar Harga Berlaku di Provinsi Jawa Barat Menurut Kabupaten/Kota (ribu rupiah), 2021–2025","Per Capita GRDP at Current Market Prices by Regency/Municipality, in Jawa Barat Province (thousand rupiahss), 2021–2025",12,2,6e486379a1f5
JAWA BARAT,05,Kab. Garut,,2025,**,31.287,,"PDRB Per Kapita Atas Dasar Harga Berlaku di Provinsi Jawa Barat Menurut Kabupaten/Kota (ribu rupiah), 2021–2025","Per Capita GRDP at Current Market Prices by Regency/Municipality, in Jawa Barat Province (thousand rupiahss), 2021–2025",12,2,8c656f5a0d81
JAWA BARAT,06,Kab. Tasikmalaya,,2025,**,28.081,,"PDRB Per Kapita Atas Dasar Harga Berlaku di Provinsi Jawa Barat Menurut Kabupaten/Kota (ribu rupiah), 2021–2025","Per Capita GRDP at Current Market Prices by Regency/Municipality, in Jawa Barat Province (thousand rupiahss), 2021–2025",12,2,b605ef2af688
JAWA BARAT,07,Kab. Ciamis,,2025,**,36.794,,"PDRB Per Kapita Atas Dasar Harga Berlaku di Provinsi Jawa Barat Menurut Kabupaten/Kota (ribu rupiah), 2021–2025","Per Capita GRDP at Current Market Prices by Regency/Municipality, in Jawa Barat Province (thousand rupiahss), 2021–2025",12,2,87372e0d7215
JAWA BARAT,08,Kab. Kuningan,,2025,**,34.235,,"PDRB Per Kapita Atas Dasar Harga Berlaku di Provinsi Jawa Barat Menurut Kabupaten/Kota (ribu rupiah), 2021–2025","Per Capita GRDP at Current Market Prices by Regency/Municipality, in Jawa Barat Province (thousand rupiahss), 2021–2025",12,2,be04f041e383
JAWA BARAT,09,Kab. Cirebon,,2025,**,30.639,,"PDRB Per Kapita Atas Dasar Harga Berlaku di Provinsi Jawa Barat Menurut Kabupaten/Kota (ribu rupiah), 2021–2025","Per Capita GRDP at Current Market Prices by Regency/Municipality, in Jawa Barat Province (thousand rupiahss), 2021–2025",12,2,17e39133fa61
JAWA BARAT,10,Kab. Majalengka,,2025,**,37.079,,"PDRB Per Kapita Atas Dasar Harga Berlaku di Provinsi Jawa Barat Menurut Kabupaten/Kota (ribu rupiah), 2021–2025","Per Capita GRDP at Current Market Prices by Regency/Municipality, in Jawa Barat Province (thousand rupiahss), 2021–2025",12,2,725cb522083e
JAWA BARAT,11,Kab. Sumedang,,2025,**,42.652,,"PDRB Per Kapita Atas Dasar Harga Berlaku di Provinsi Jawa Barat Menurut Kabupaten/Kota (ribu rupiah), 2021–2025","Per Capita GRDP at Current Market Prices by Regency/Municipality, in Jawa Barat Province (thousand rupiahss), 2021–2025",12,2,802395c85714
JAWA BARAT,12,Kab.indramayu,,2025,**,59.333,,"PDRB Per Kapita Atas Dasar Harga Berlaku di Provinsi Jawa Barat Menurut Kabupaten/Kota (ribu rupiah), 2021–2025","Per Capita GRDP at Current Market Prices by Regency/Municipality, in Jawa Barat Province (thousand rupiahss), 2021–2025",12,2,fff45f5dbcfa
JAWA BARAT,13,Kab. Subang,,2025,**,34.956,,"PDRB Per Kapita Atas Dasar Harga Berlaku di Provinsi Jawa Barat Menurut Kabupaten/Kota (ribu rupiah), 2021–2025","Per Capita GRDP at Current Market Prices by Regency/Municipality, in Jawa Barat Province (thousand rupiahss), 2021–2025",12,2,31553e8d28a3
JAWA BARAT,14,Kab. Purwakarta,,2025,**,89.218,,"PDRB Per Kapita Atas Dasar Harga Berlaku di Provinsi Jawa Barat Menurut Kabupaten/Kota (ribu rupiah), 2021–2025","Per Capita GRDP at Current Market Prices by Regency/Municipality, in Jawa Barat Province (thousand rupiahss), 2021–2025",12,2,305a87ffa8c2
JAWA BARAT,15,Kab. Karawang,,2025,**,130.653,,"PDRB Per Kapita Atas Dasar Harga Berlaku di Provinsi Jawa Barat Menurut Kabupaten/Kota (ribu rupiah), 2021–2025","Per Capita GRDP at Current Market Prices by Regency/Municipality, in Jawa Barat Province (thousand rupiahss), 2021–2025",12,2,780e45102251
JAWA BARAT,16,Kab. Bekasi,,2025,**,136.696,,"PDRB Per Kapita Atas Dasar Harga Berlaku di Provinsi Jawa Barat Menurut Kabupaten/Kota (ribu rupiah), 2021–2025","Per Capita GRDP at Current Market Prices by Regency/Municipality, in Jawa Barat Province (thousand rupiahss), 2021–2025",12,2,823a99be2d1e
JAWA BARAT,17,Kab. Bandung Barat,,2025,**,34.549,,"PDRB Per Kapita Atas Dasar Harga Berlaku di Provinsi Jawa Barat Menurut Kabupaten/Kota (ribu rupiah), 2021–2025","Per Capita GRDP at Current Market Prices by Regency/Municipality, in Jawa Barat Province (thousand rupiahss), 2021–2025",12,2,9bb925cb870b
JAWA BARAT,18,Kab. Pangandaran,,2025,**,38.393,,"PDRB Per Kapita Atas Dasar Harga Berlaku di Provinsi Jawa Barat Menurut Kabupaten/Kota (ribu rupiah), 2021–2025","Per Capita GRDP at Current Market Prices by Regency/Municipality, in Jawa Barat Province (thousand rupiahss), 2021–2025",12,2,2234884d6fa5
JAWA BARAT,71,Kota Bogor,,2025,**,60.701,,"PDRB Per Kapita Atas Dasar Harga Berlaku di Provinsi Jawa Barat Menurut Kabupaten/Kota (ribu rupiah), 2021–2025","Per Capita GRDP at Current Market Prices by Regency/Municipality, in Jawa Barat Province (thousand rupiahss), 2021–2025",12,2,4309b844d060
JAWA BARAT,72,Kota Sukabumi,,2025,**,47.649,,"PDRB Per Kapita Atas Dasar Harga Berlaku di Provinsi Jawa Barat Menurut Kabupaten/Kota (ribu rupiah), 2021–2025","Per Capita GRDP at Current Market Prices by Regency/Municipality, in Jawa Barat Province (thousand rupiahss), 2021–2025",12,2,a45d681c31d3
JAWA BARAT,73,Kota Bandung,,2025,**,158.495,,"PDRB Per Kapita Atas Dasar Harga Berlaku di Provinsi Jawa Barat Menurut Kabupaten/Kota (ribu rupiah), 2021–2025","Per Capita GRDP at Current Market Prices by Regency/Municipality, in Jawa Barat Province (thousand rupiahss), 2021–2025",12,2,8376fb8f06bb
JAWA BARAT,74,Kota Cirebon,,2025,**,95.182,,"PDRB Per Kapita Atas Dasar Harga Berlaku di Provinsi Jawa Barat Menurut Kabupaten/Kota (ribu rupiah), 2021–2025","Per Capita GRDP at Current Market Prices by Regency/Municipality, in Jawa Barat Province (thousand rupiahss), 2021–2025",12,2,e90b762d6e70
JAWA BARAT,75,Kota Bekasi,,2025,**,52.514,,"PDRB Per Kapita Atas Dasar Harga Berlaku di Provinsi Jawa Barat Menurut Kabupaten/Kota (ribu rupiah), 2021–2025","Per Capita GRDP at Current Market Prices by Regency/Municipality, in Jawa Barat Province (thousand rupiahss), 2021–2025",12,2,8646162554fd
JAWA BARAT,76,Kota Depok,,2025,**,46.686,,"PDRB Per Kapita Atas Dasar Harga Berlaku di Provinsi Jawa Barat Menurut Kabupaten/Kota (ribu rupiah), 2021–2025","Per Capita GRDP at Current Market Prices by Regency/Municipality, in Jawa Barat Province (thousand rupiahss), 2021–2025",12,2,28e6609f2fd7
JAWA BARAT,77,Kota Cimahi,,2025,**,76.989,,"PDRB Per Kapita Atas Dasar Harga Berlaku di Provinsi Jawa Barat Menurut Kabupaten/Kota (ribu rupiah), 2021–2025","Per Capita GRDP at Current Market Prices by Regency/Municipality, in Jawa Barat Province (thousand rupiahss), 2021–2025",12,2,ab91d0683eba
JAWA BARAT,78,Kota Tasikmalaya,,2025,**,42.129,,"PDRB Per Kapita Atas Dasar Harga Berlaku di Provinsi Jawa Barat Menurut Kabupaten/Kota (ribu rupiah), 2021–2025","Per Capita GRDP at Current Market Prices by Regency/Municipality, in Jawa Barat Province (thousand rupiahss), 2021–2025",12,2,3c3ad5e78332
JAWA BARAT,79,Kota Banjar,,2025,**,28.051,,"PDRB Per Kapita Atas Dasar Harga Berlaku di Provinsi Jawa Barat Menurut Kabupaten/Kota (ribu rupiah), 2021–2025","Per Capita GRDP at Current Market Prices by Regency/Municipality, in Jawa Barat Province (thousand rupiahss), 2021–2025",12,2,174895aae962
JAWA BARAT,,Jml Kab./Kota Total of Reg./Mun.,,2025,**,60.487,,"PDRB Per Kapita Atas Dasar Harga Berlaku di Provinsi Jawa Barat Menurut Kabupaten/Kota (ribu rupiah), 2021–2025","Per Capita GRDP at Current Market Prices by Regency/Municipality, in Jawa Barat Province (thousand rupiahss), 2021–2025",12,2,faf185afd013
JAWA BARAT,,Provinsi/Province,,2025,**,59.865,,"PDRB Per Kapita Atas Dasar Harga Berlaku di Provinsi Jawa Barat Menurut Kabupaten/Kota (ribu rupiah), 2021–2025","Per Capita GRDP at Current Market Prices by Regency/Municipality, in Jawa Barat Province (thousand rupiahss), 2021–2025",12,2,6983fc258f5d
JAWA TENGAH,01,Kab. Cilacap,,2025,**,69.736,,"PDRB Per Kapita Atas Dasar Harga Berlaku di Provinsi Jawa Tengah Menurut Kabupaten/Kota (ribu rupiah), 2021–2025","Per Capita GRDP at Current Market Prices by Regency/Municipality, in Jawa Tengah Province (thousand rupiahss), 2021–2025",13,3,44c9d04b48e2
JAWA TENGAH,02,Kab. Banyumas,,2025,**,42.784,,"PDRB Per Kapita Atas Dasar Harga Berlaku di Provinsi Jawa Tengah Menurut Kabupaten/Kota (ribu rupiah), 2021–2025","Per Capita GRDP at Current Market Prices by Regency/Municipality, in Jawa Tengah Province (thousand rupiahss), 2021–2025",13,3,e5b4ebe458f0
JAWA TENGAH,03,Kab. Purbalingga,,2025,**,34.427,,"PDRB Per Kapita Atas Dasar Harga Berlaku di Provinsi Jawa Tengah Menurut Kabupaten/Kota (ribu rupiah), 2021–2025","Per Capita GRDP at Current Market Prices by Regency/Municipality, in Jawa Tengah Province (thousand rupiahss), 2021–2025",13,3,9c5454b6c265
JAWA TENGAH,04,Kab. Banjarnegara,,2025,**,29.366,,"PDRB Per Kapita Atas Dasar Harga Berlaku di Provinsi Jawa Tengah Menurut Kabupaten/Kota (ribu rupiah), 2021–2025","Per Capita GRDP at Current Market Prices by Regency/Municipality, in Jawa Tengah Province (thousand rupiahss), 2021–2025",13,3,3c7ade8c0264
JAWA TENGAH,05,Kab. Kebumen,,2025,**,28.999,,"PDRB Per Kapita Atas Dasar Harga Berlaku di Provinsi Jawa Tengah Menurut Kabupaten/Kota (ribu rupiah), 2021–2025","Per Capita GRDP at Current Market Prices by Regency/Municipality, in Jawa Tengah Province (thousand rupiahss), 2021–2025",13,3,0d925d700584
JAWA TENGAH,06,Kab. Purworejo,,2025,**,33.035,,"PDRB Per Kapita Atas Dasar Harga Berlaku di Provinsi Jawa Tengah Menurut Kabupaten/Kota (ribu rupiah), 2021–2025","Per Capita GRDP at Current Market Prices by Regency/Municipality, in Jawa Tengah Province (thousand rupiahss), 2021–2025",13,3,ac07a6f0de25
JAWA TENGAH,07,Kab. Wonosobo,,2025,**,28.721,,"PDRB Per Kapita Atas Dasar Harga Berlaku di Provinsi Jawa Tengah Menurut Kabupaten/Kota (ribu rupiah), 2021–2025","Per Capita GRDP at Current Market Prices by Regency/Municipality, in Jawa Tengah Province (thousand rupiahss), 2021–2025",13,3,244ec05b7e35
JAWA TENGAH,08,Kab. Magelang,,2025,**,34.751,,"PDRB Per Kapita Atas Dasar Harga Berlaku di Provinsi Jawa Tengah Menurut Kabupaten/Kota (ribu rupiah), 2021–2025","Per Capita GRDP at Current Market Prices by Regency/Municipality, in Jawa Tengah Province (thousand rupiahss), 2021–2025",13,3,72b9f441a38a
JAWA TENGAH,09,Kab. Boyolali,,2025,**,44.028,,"PDRB Per Kapita Atas Dasar Harga Berlaku di Provinsi Jawa Tengah Menurut Kabupaten/Kota (ribu rupiah), 2021–2025","Per Capita GRDP at Current Market Prices by Regency/Municipality, in Jawa Tengah Province (thousand rupiahss), 2021–2025",13,3,417c6120d8f8
JAWA TENGAH,10,Kab. Klaten,,2025,**,44.917,,"PDRB Per Kapita Atas Dasar Harga Berlaku di Provinsi Jawa Tengah Menurut Kabupaten/Kota (ribu rupiah), 2021–2025","Per Capita GRDP at Current Market Prices by Regency/Municipality, in Jawa Tengah Province (thousand rupiahss), 2021–2025",13,3,db52d5cc5ef0
JAWA TENGAH,11,Kab. Sukoharjo,,2025,**,56.279,,"PDRB Per Kapita Atas Dasar Harga Berlaku di Provinsi Jawa Tengah Menurut Kabupaten/Kota (ribu rupiah), 2021–2025","Per Capita GRDP at Current Market Prices by Regency/Municipality, in Jawa Tengah Province (thousand rupiahss), 2021–2025",13,3,b3a3ad05b186
JAWA TENGAH,12,Kab. Wonogiri,,2025,**,40.506,,"PDRB Per Kapita Atas Dasar Harga Berlaku di Provinsi Jawa Tengah Menurut Kabupaten/Kota (ribu rupiah), 2021–2025","Per Capita GRDP at Current Market Prices by Regency/Municipality, in Jawa Tengah Province (thousand rupiahss), 2021–2025",13,3,16d595143a42
JAWA TENGAH,13,Kab. Karanganyar,,2025,**,56.882,,"PDRB Per Kapita Atas Dasar Harga Berlaku di Provinsi Jawa Tengah Menurut Kabupaten/Kota (ribu rupiah), 2021–2025","Per Capita GRDP at Current Market Prices by Regency/Municipality, in Jawa Tengah Province (thousand rupiahss), 2021–2025",13,3,1d5251f49b88
JAWA TENGAH,14,Kab. Sragen,,2025,**,55.523,,"PDRB Per Kapita Atas Dasar Harga Berlaku di Provinsi Jawa Tengah Menurut Kabupaten/Kota (ribu rupiah), 2021–2025","Per Capita GRDP at Current Market Prices by Regency/Municipality, in Jawa Tengah Province (thousand rupiahss), 2021–2025",13,3,64dcb049a0c1
JAWA TENGAH,15,Kab. Grobogan,,2025,**,26.421,,"PDRB Per Kapita Atas Dasar Harga Berlaku di Provinsi Jawa Tengah Menurut Kabupaten/Kota (ribu rupiah), 2021–2025","Per Capita GRDP at Current Market Prices by Regency/Municipality, in Jawa Tengah Province (thousand rupiahss), 2021–2025",13,3,9d8d949518dd
JAWA TENGAH,16,Kab. Blora,,2025,**,38.547,,"PDRB Per Kapita Atas Dasar Harga Berlaku di Provinsi Jawa Tengah Menurut Kabupaten/Kota (ribu rupiah), 2021–2025","Per Capita GRDP at Current Market Prices by Regency/Municipality, in Jawa Tengah Province (thousand rupiahss), 2021–2025",13,3,87e2dae41139
JAWA TENGAH,17,Kab. Rembang,,2025,**,41.352,,"PDRB Per Kapita Atas Dasar Harga Berlaku di Provinsi Jawa Tengah Menurut Kabupaten/Kota (ribu rupiah), 2021–2025","Per Capita GRDP at Current Market Prices by Regency/Municipality, in Jawa Tengah Province (thousand rupiahss), 2021–2025",13,3,a49bc1f78008
JAWA TENGAH,18,Kab. Pati,,2025,**,46.043,,"PDRB Per Kapita Atas Dasar Harga Berlaku di Provinsi Jawa Tengah Menurut Kabupaten/Kota (ribu rupiah), 2021–2025","Per Capita GRDP at Current Market Prices by Regency/Municipality, in Jawa Tengah Province (thousand rupiahss), 2021–2025",13,3,047c780df151
JAWA TENGAH,19,Kab. Kudus,,2025,**,148.384,,"PDRB Per Kapita Atas Dasar Harga Berlaku di Provinsi Jawa Tengah Menurut Kabupaten/Kota (ribu rupiah), 2021–2025","Per Capita GRDP at Current Market Prices by Regency/Municipality, in Jawa Tengah Province (thousand rupiahss), 2021–2025",13,3,e5d5dd1a60bf
JAWA TENGAH,20,Kab. Jepara,,2025,**,34.918,,"PDRB Per Kapita Atas Dasar Harga Berlaku di Provinsi Jawa Tengah Menurut Kabupaten/Kota (ribu rupiah), 2021–2025","Per Capita GRDP at Current Market Prices by Regency/Municipality, in Jawa Tengah Province (thousand rupiahss), 2021–2025",13,3,e10ad956a41e
JAWA TENGAH,21,Kab. Demak,,2025,**,30.654,,"PDRB Per Kapita Atas Dasar Harga Berlaku di Provinsi Jawa Tengah Menurut Kabupaten/Kota (ribu rupiah), 2021–2025","Per Capita GRDP at Current Market Prices by Regency/Municipality, in Jawa Tengah Province (thousand rupiahss), 2021–2025",13,3,4546425a924a
JAWA TENGAH,22,Kab. Semarang,,2025,**,64.076,,"PDRB Per Kapita Atas Dasar Harga Berlaku di Provinsi Jawa Tengah Menurut Kabupaten/Kota (ribu rupiah), 2021–2025","Per Capita GRDP at Current Market Prices by Regency/Municipality, in Jawa Tengah Province (thousand rupiahss), 2021–2025",13,3,93e66b5ce5df
JAWA TENGAH,23,Kab. Temanggung,,2025,**,38.002,,"PDRB Per Kapita Atas Dasar Harga Berlaku di Provinsi Jawa Tengah Menurut Kabupaten/Kota (ribu rupiah), 2021–2025","Per Capita GRDP at Current Market Prices by Regency/Municipality, in Jawa Tengah Province (thousand rupiahss), 2021–2025",13,3,c264883f350c
JAWA TENGAH,24,Kab. Kendal,,2025,**,60.002,,"PDRB Per Kapita Atas Dasar Harga Berlaku di Provinsi Jawa Tengah Menurut Kabupaten/Kota (ribu rupiah), 2021–2025","Per Capita GRDP at Current Market Prices by Regency/Municipality, in Jawa Tengah Province (thousand rupiahss), 2021–2025",13,3,9333140710f7
JAWA TENGAH,25,Kab. Batang,,2025,**,39.390,,"PDRB Per Kapita Atas Dasar Harga Berlaku di Provinsi Jawa Tengah Menurut Kabupaten/Kota (ribu rupiah), 2021–2025","Per Capita GRDP at Current Market Prices by Regency/Municipality, in Jawa Tengah Province (thousand rupiahss), 2021–2025",13,3,607cfacb9be7
JAWA TENGAH,26,Kab. Pekalongan,,2025,**,31.722,,"PDRB Per Kapita Atas Dasar Harga Berlaku di Provinsi Jawa Tengah Menurut Kabupaten/Kota (ribu rupiah), 2021–2025","Per Capita GRDP at Current Market Prices by Regency/Municipality, in Jawa Tengah Province (thousand rupiahss), 2021–2025",13,3,9c521e75970c
JAWA TENGAH,27,Kab. Pemalang,,2025,**,24.047,,"PDRB Per Kapita Atas Dasar Harga Berlaku di Provinsi Jawa Tengah Menurut Kabupaten/Kota (ribu rupiah), 2021–2025","Per Capita GRDP at Current Market Prices by Regency/Municipality, in Jawa Tengah Province (thousand rupiahss), 2021–2025",13,3,f1e0ebff8a13
JAWA TENGAH,28,Kab. Tegal,,2025,**,30.348,,"PDRB Per Kapita Atas Dasar Harga Berlaku di Provinsi Jawa Tengah Menurut Kabupaten/Kota (ribu rupiah), 2021–2025","Per Capita GRDP at Current Market Prices by Regency/Municipality, in Jawa Tengah Province (thousand rupiahss), 2021–2025",13,3,767628db9dfa
JAWA TENGAH,29,Kab. Brebes,,2025,**,31.768,,"PDRB Per Kapita Atas Dasar Harga Berlaku di Provinsi Jawa Tengah Menurut Kabupaten/Kota (ribu rupiah), 2021–2025","Per Capita GRDP at Current Market Prices by Regency/Municipality, in Jawa Tengah Province (thousand rupiahss), 2021–2025",13,3,a4dfa6ad1300
JAWA TENGAH,71,Kota Magelang,,2025,**,103.577,,"PDRB Per Kapita Atas Dasar Harga Berlaku di Provinsi Jawa Tengah Menurut Kabupaten/Kota (ribu rupiah), 2021–2025","Per Capita GRDP at Current Market Prices by Regency/Municipality, in Jawa Tengah Province (thousand rupiahss), 2021–2025",13,3,3423fad5dfeb
JAWA TENGAH,72,Kota Surakarta,,2025,**,130.017,,"PDRB Per Kapita Atas Dasar Harga Berlaku di Provinsi Jawa Tengah Menurut Kabupaten/Kota (ribu rupiah), 2021–2025","Per Capita GRDP at Current Market Prices by Regency/Municipality, in Jawa Tengah Province (thousand rupiahss), 2021–2025",13,3,b1ab938d8c66
JAWA TENGAH,73,Kota Salatiga,,2025,**,95.230,,"PDRB Per Kapita Atas Dasar Harga Berlaku di Provinsi Jawa Tengah Menurut Kabupaten/Kota (ribu rupiah), 2021–2025","Per Capita GRDP at Current Market Prices by Regency/Municipality, in Jawa Tengah Province (thousand rupiahss), 2021–2025",13,3,6ebf27633a11
JAWA TENGAH,74,Kota Semarang,,2025,**,167.236,,"PDRB Per Kapita Atas Dasar Harga Berlaku di Provinsi Jawa Tengah Menurut Kabupaten/Kota (ribu rupiah), 2021–2025","Per Capita GRDP at Current Market Prices by Regency/Municipality, in Jawa Tengah Province (thousand rupiahss), 2021–2025",13,3,236e47b6f09a
JAWA TENGAH,75,Kota Pekalongan,,2025,**,48.994,,"PDRB Per Kapita Atas Dasar Harga Berlaku di Provinsi Jawa Tengah Menurut Kabupaten/Kota (ribu rupiah), 2021–2025","Per Capita GRDP at Current Market Prices by Regency/Municipality, in Jawa Tengah Province (thousand rupiahss), 2021–2025",13,3,aa5b60ea0db0
JAWA TENGAH,76,Kota Tegal,,2025,**,77.030,,"PDRB Per Kapita Atas Dasar Harga Berlaku di Provinsi Jawa Tengah Menurut Kabupaten/Kota (ribu rupiah), 2021–2025","Per Capita GRDP at Current Market Prices by Regency/Municipality, in Jawa Tengah Province (thousand rupiahss), 2021–2025",13,3,3bac6593ec43
JAWA TENGAH,,Jml Kab./Kota Total of Reg./Mun.,,2025,**,50.801,,"PDRB Per Kapita Atas Dasar Harga Berlaku di Provinsi Jawa Tengah Menurut Kabupaten/Kota (ribu rupiah), 2021–2025","Per Capita GRDP at Current Market Prices by Regency/Municipality, in Jawa Tengah Province (thousand rupiahss), 2021–2025",13,3,7a655b27cce1
JAWA TENGAH,,Provinsi/Province,,2025,**,50.824,,"PDRB Per Kapita Atas Dasar Harga Berlaku di Provinsi Jawa Tengah Menurut Kabupaten/Kota (ribu rupiah), 2021–2025","Per Capita GRDP at Current Market Prices by Regency/Municipality, in Jawa Tengah Province (thousand rupiahss), 2021–2025",13,3,50d48db4d3c3
DI YOGYAKARTA,01,Kab. Kulon Progo,,2025,**,40.069,,"PDRB Per Kapita Atas Dasar Harga Berlaku di Provinsi DI Yogyakarta Menurut Kabupaten/Kota (ribu rupiah), 2021–2025","Per Capita GRDP at Current Market Prices by Regency/Municipality, in DI Yogyakarta Province (thousand rupiahss), 2021–2025",14,4,d8cc4b02d177
DI YOGYAKARTA,02,Kab. Bantul,,2025,**,38.187,,"PDRB Per Kapita Atas Dasar Harga Berlaku di Provinsi DI Yogyakarta Menurut Kabupaten/Kota (ribu rupiah), 2021–2025","Per Capita GRDP at Current Market Prices by Regency/Municipality, in DI Yogyakarta Province (thousand rupiahss), 2021–2025",14,4,79aa35178757
DI YOGYAKARTA,03,Kab. Gunung Kidul,,2025,**,38.330,,"PDRB Per Kapita Atas Dasar Harga Berlaku di Provinsi DI Yogyakarta Menurut Kabupaten/Kota (ribu rupiah), 2021–2025","Per Capita GRDP at Current Market Prices by Regency/Municipality, in DI Yogyakarta Province (thousand rupiahss), 2021–2025",14,4,8942ebf503f1
DI YOGYAKARTA,04,Kab. Sleman,,2025,**,58.602,,"PDRB Per Kapita Atas Dasar Harga Berlaku di Provinsi DI Yogyakarta Menurut Kabupaten/Kota (ribu rupiah), 2021–2025","Per Capita GRDP at Current Market Prices by Regency/Municipality, in DI Yogyakarta Province (thousand rupiahss), 2021–2025",14,4,d40d2cc9f1c4
DI YOGYAKARTA,71,Kota Yogyakarta,,2025,**,140.641,,"PDRB Per Kapita Atas Dasar Harga Berlaku di Provinsi DI Yogyakarta Menurut Kabupaten/Kota (ribu rupiah), 2021–2025","Per Capita GRDP at Current Market Prices by Regency/Municipality, in DI Yogyakarta Province (thousand rupiahss), 2021–2025",14,4,e5b48f043d0b
DI YOGYAKARTA,,Jml Kab./Kota Total of Reg./Mun.,,2025,**,54.986,,"PDRB Per Kapita Atas Dasar Harga Berlaku di Provinsi DI Yogyakarta Menurut Kabupaten/Kota (ribu rupiah), 2021–2025","Per Capita GRDP at Current Market Prices by Regency/Municipality, in DI Yogyakarta Province (thousand rupiahss), 2021–2025",14,4,48fdd8aa20ab
DI YOGYAKARTA,,Provinsi/Province,,2025,**,55.039,,"PDRB Per Kapita Atas Dasar Harga Berlaku di Provinsi DI Yogyakarta Menurut Kabupaten/Kota (ribu rupiah), 2021–2025","Per Capita GRDP at Current Market Prices by Regency/Municipality, in DI Yogyakarta Province (thousand rupiahss), 2021–2025",14,4,665c526dfa4b
JAWA TIMUR,01,Kab. Pacitan,,2025,**,38.215,,"PDRB Per Kapita Atas Dasar Harga Berlaku di Provinsi Jawa Timur Menurut Kabupaten/Kota (ribu rupiah), 2021–2025","Per Capita GRDP at Current Market Prices by Regency/Municipality, in Jawa Timur Province (thousand rupiahss), 2021–2025",15,5,697f1875c6dd
JAWA TIMUR,02,Kab. Ponorogo,,2025,**,30.007,,"PDRB Per Kapita Atas Dasar Harga Berlaku di Provinsi Jawa Timur Menurut Kabupaten/Kota (ribu rupiah), 2021–2025","Per Capita GRDP at Current Market Prices by Regency/Municipality, in Jawa Timur Province (thousand rupiahss), 2021–2025",15,5,7489b8e4c172
JAWA TIMUR,03,Kab. Trenggalek,,2025,**,35.110,,"PDRB Per Kapita Atas Dasar Harga Berlaku di Provinsi Jawa Timur Menurut Kabupaten/Kota (ribu rupiah), 2021–2025","Per Capita GRDP at Current Market Prices by Regency/Municipality, in Jawa Timur Province (thousand rupiahss), 2021–2025",15,5,698768de6052
JAWA TIMUR,04,Kab. Tulungagung,,2025,**,49.485,,"PDRB Per Kapita Atas Dasar Harga Berlaku di Provinsi Jawa Timur Menurut Kabupaten/Kota (ribu rupiah), 2021–2025","Per Capita GRDP at Current Market Prices by Regency/Municipality, in Jawa Timur Province (thousand rupiahss), 2021–2025",15,5,1321bbf2a2ec
JAWA TIMUR,05,Kab. Blitar,,2025,**,40.200,,"PDRB Per Kapita Atas Dasar Harga Berlaku di Provinsi Jawa Timur Menurut Kabupaten/Kota (ribu rupiah), 2021–2025","Per Capita GRDP at Current Market Prices by Regency/Municipality, in Jawa Timur Province (thousand rupiahss), 2021–2025",15,5,224bcd0ac0f8
JAWA TIMUR,06,Kab. Kediri,,2025,**,34.496,,"PDRB Per Kapita Atas Dasar Harga Berlaku di Provinsi Jawa Timur Menurut Kabupaten/Kota (ribu rupiah), 2021–2025","Per Capita GRDP at Current Market Prices by Regency/Municipality, in Jawa Timur Province (thousand rupiahss), 2021–2025",15,5,05ae19ba655f
JAWA TIMUR,07,Kab. Malang,,2025,**,54.521,,"PDRB Per Kapita Atas Dasar Harga Berlaku di Provinsi Jawa Timur Menurut Kabupaten/Kota (ribu rupiah), 2021–2025","Per Capita GRDP at Current Market Prices by Regency/Municipality, in Jawa Timur Province (thousand rupiahss), 2021–2025",15,5,873a1a9de6c3
JAWA TIMUR,08,Kab. Lumajang,,2025,**,40.349,,"PDRB Per Kapita Atas Dasar Harga Berlaku di Provinsi Jawa Timur Menurut Kabupaten/Kota (ribu rupiah), 2021–2025","Per Capita GRDP at Current Market Prices by Regency/Municipality, in Jawa Timur Province (thousand rupiahss), 2021–2025",15,5,2b9708743cfc
JAWA TIMUR,09,Kab. Jember,,2025,**,42.357,,"PDRB Per Kapita Atas Dasar Harga Berlaku di Provinsi Jawa Timur Menurut Kabupaten/Kota (ribu rupiah), 2021–2025","Per Capita GRDP at Current Market Prices by Regency/Municipality, in Jawa Timur Province (thousand rupiahss), 2021–2025",15,5,5cb6c2683206
JAWA TIMUR,10,Kab. Banyuwangi,,2025,**,67.081,,"PDRB Per Kapita Atas Dasar Harga Berlaku di Provinsi Jawa Timur Menurut Kabupaten/Kota (ribu rupiah), 2021–2025","Per Capita GRDP at Current Market Prices by Regency/Municipality, in Jawa Timur Province (thousand rupiahss), 2021–2025",15,5,03716d0646ff
JAWA TIMUR,11,Kab. Bondowoso,,2025,**,35.872,,"PDRB Per Kapita Atas Dasar Harga Berlaku di Provinsi Jawa Timur Menurut Kabupaten/Kota (ribu rupiah), 2021–2025","Per Capita GRDP at Current Market Prices by Regency/Municipality, in Jawa Timur Province (thousand rupiahss), 2021–2025",15,5,78c5ff0a8583
JAWA TIMUR,12,Kab. Situbondo,,2025,**,41.143,,"PDRB Per Kapita Atas Dasar Harga Berlaku di Provinsi Jawa Timur Menurut Kabupaten/Kota (ribu rupiah), 2021–2025","Per Capita GRDP at Current Market Prices by Regency/Municipality, in Jawa Timur Province (thousand rupiahss), 2021–2025",15,5,300e54a1473c
JAWA TIMUR,13,Kab. Probolinggo,,2025,**,41.409,,"PDRB Per Kapita Atas Dasar Harga Berlaku di Provinsi Jawa Timur Menurut Kabupaten/Kota (ribu rupiah), 2021–2025","Per Capita GRDP at Current Market Prices by Regency/Municipality, in Jawa Timur Province (thousand rupiahss), 2021–2025",15,5,db6ebf9b5db2
JAWA TIMUR,14,Kab. Pasuruan,,2025,**,131.055,,"PDRB Per Kapita Atas Dasar Harga Berlaku di Provinsi Jawa Timur Menurut Kabupaten/Kota (ribu rupiah), 2021–2025","Per Capita GRDP at Current Market Prices by Regency/Municipality, in Jawa Timur Province (thousand rupiahss), 2021–2025",15,5,10cd7c075f93
JAWA TIMUR,15,Kab. Sidoarjo,,2025,**,145.529,,"PDRB Per Kapita Atas Dasar Harga Berlaku di Provinsi Jawa Timur Menurut Kabupaten/Kota (ribu rupiah), 2021–2025","Per Capita GRDP at Current Market Prices by Regency/Municipality, in Jawa Timur Province (thousand rupiahss), 2021–2025",15,5,2b7b0d844bdf
JAWA TIMUR,16,Kab. Mojokerto,,2025,**,105.452,,"PDRB Per Kapita Atas Dasar Harga Berlaku di Provinsi Jawa Timur Menurut Kabupaten/Kota (ribu rupiah), 2021–2025","Per Capita GRDP at Current Market Prices by Regency/Municipality, in Jawa Timur Province (thousand rupiahss), 2021–2025",15,5,2604e19daf99
JAWA TIMUR,17,Kab. Jombang,,2025,**,42.359,,"PDRB Per Kapita Atas Dasar Harga Berlaku di Provinsi Jawa Timur Menurut Kabupaten/Kota (ribu rupiah), 2021–2025","Per Capita GRDP at Current Market Prices by Regency/Municipality, in Jawa Timur Province (thousand rupiahss), 2021–2025",15,5,7c7986a84493
JAWA TIMUR,18,Kab. Nganjuk,,2025,**,34.314,,"PDRB Per Kapita Atas Dasar Harga Berlaku di Provinsi Jawa Timur Menurut Kabupaten/Kota (ribu rupiah), 2021–2025","Per Capita GRDP at Current Market Prices by Regency/Municipality, in Jawa Timur Province (thousand rupiahss), 2021–2025",15,5,ae399f21917a
JAWA TIMUR,19,Kab. Madiun,,2025,**,36.116,,"PDRB Per Kapita Atas Dasar Harga Berlaku di Provinsi Jawa Timur Menurut Kabupaten/Kota (ribu rupiah), 2021–2025","Per Capita GRDP at Current Market Prices by Regency/Municipality, in Jawa Timur Province (thousand rupiahss), 2021–2025",15,5,18c9028b2c08
JAWA TIMUR,20,Kab. Magetan,,2025,**,38.264,,"PDRB Per Kapita Atas Dasar Harga Berlaku di Provinsi Jawa Timur Menurut Kabupaten/Kota (ribu rupiah), 2021–2025","Per Capita GRDP at Current Market Prices by Regency/Municipality, in Jawa Timur Province (thousand rupiahss), 2021–2025",15,5,1b6a7b19e69b
JAWA TIMUR,21,Kab. Ngawi,,2025,**,31.279,,"PDRB Per Kapita Atas Dasar Harga Berlaku di Provinsi Jawa Timur Menurut Kabupaten/Kota (ribu rupiah), 2021–2025","Per Capita GRDP at Current Market Prices by Regency/Municipality, in Jawa Timur Province (thousand rupiahss), 2021–2025",15,5,20d726cd729f
JAWA TIMUR,22,Kab. Bojonegoro,,2025,**,78.894,,"PDRB Per Kapita Atas Dasar Harga Berlaku di Provinsi Jawa Timur Menurut Kabupaten/Kota (ribu rupiah), 2021–2025","Per Capita GRDP at Current Market Prices by Regency/Municipality, in Jawa Timur Province (thousand rupiahss), 2021–2025",15,5,4c9e572d4da3
JAWA TIMUR,23,Kab. Tuban,,2025,**,75.150,,"PDRB Per Kapita Atas Dasar Harga Berlaku di Provinsi Jawa Timur Menurut Kabupaten/Kota (ribu rupiah), 2021–2025","Per Capita GRDP at Current Market Prices by Regency/Municipality, in Jawa Timur Province (thousand rupiahss), 2021–2025",15,5,59b859c4d252
JAWA TIMUR,24,Kab. Lamongan,,2025,**,40.469,,"PDRB Per Kapita Atas Dasar Harga Berlaku di Provinsi Jawa Timur Menurut Kabupaten/Kota (ribu rupiah), 2021–2025","Per Capita GRDP at Current Market Prices by Regency/Municipality, in Jawa Timur Province (thousand rupiahss), 2021–2025",15,5,745159a1d0db
JAWA TIMUR,25,Kab. Gresik,,2025,**,146.668,,"PDRB Per Kapita Atas Dasar Harga Berlaku di Provinsi Jawa Timur Menurut Kabupaten/Kota (ribu rupiah), 2021–2025","Per Capita GRDP at Current Market Prices by Regency/Municipality, in Jawa Timur Province (thousand rupiahss), 2021–2025",15,5,3efbe0243ea2
JAWA TIMUR,26,Kab. Bangkalan,,2025,**,27.588,,"PDRB Per Kapita Atas Dasar Harga Berlaku di Provinsi Jawa Timur Menurut Kabupaten/Kota (ribu rupiah), 2021–2025","Per Capita GRDP at Current Market Prices by Regency/Municipality, in Jawa Timur Province (thousand rupiahss), 2021–2025",15,5,811e88266a06
JAWA TIMUR,27,Kab. Sampang,,2025,**,25.531,,"PDRB Per Kapita Atas Dasar Harga Berlaku di Provinsi Jawa Timur Menurut Kabupaten/Kota (ribu rupiah), 2021–2025","Per Capita GRDP at Current Market Prices by Regency/Municipality, in Jawa Timur Province (thousand rupiahss), 2021–2025",15,5,0f5d12db6a8f
JAWA TIMUR,28,Kab. Pamekasan,,2025,**,27.206,,"PDRB Per Kapita Atas Dasar Harga Berlaku di Provinsi Jawa Timur Menurut Kabupaten/Kota (ribu rupiah), 2021–2025","Per Capita GRDP at Current Market Prices by Regency/Municipality, in Jawa Timur Province (thousand rupiahss), 2021–2025",15,5,e0900fa5f4c2
JAWA TIMUR,29,Kab. Sumenep,,2025,**,42.090,,"PDRB Per Kapita Atas Dasar Harga Berlaku di Provinsi Jawa Timur Menurut Kabupaten/Kota (ribu rupiah), 2021–2025","Per Capita GRDP at Current Market Prices by Regency/Municipality, in Jawa Timur Province (thousand rupiahss), 2021–2025",15,5,480e18f04eaf
JAWA TIMUR,71,Kota Kediri,,2025,**,581.558,,"PDRB Per Kapita Atas Dasar Harga Berlaku di Provinsi Jawa Timur Menurut Kabupaten/Kota (ribu rupiah), 2021–2025","Per Capita GRDP at Current Market Prices by Regency/Municipality, in Jawa Timur Province (thousand rupiahss), 2021–2025",15,5,c2e79fb94b81
JAWA TIMUR,72,Kota Blitar,,2025,**,63.146,,"PDRB Per Kapita Atas Dasar Harga Berlaku di Provinsi Jawa Timur Menurut Kabupaten/Kota (ribu rupiah), 2021–2025","Per Capita GRDP at Current Market Prices by Regency/Municipality, in Jawa Timur Province (thousand rupiahss), 2021–2025",15,5,ff46ce20b672
JAWA TIMUR,73,Kota Malang,,2025,**,122.919,,"PDRB Per Kapita Atas Dasar Harga Berlaku di Provinsi Jawa Timur Menurut Kabupaten/Kota (ribu rupiah), 2021–2025","Per Capita GRDP at Current Market Prices by Regency/Municipality, in Jawa Timur Province (thousand rupiahss), 2021–2025",15,5,6ff283c21bee
JAWA TIMUR,74,Kota Probolinggo,,2025,**,65.483,,"PDRB Per Kapita Atas Dasar Harga Berlaku di Provinsi Jawa Timur Menurut Kabupaten/Kota (ribu rupiah), 2021–2025","Per Capita GRDP at Current Market Prices by Regency/Municipality, in Jawa Timur Province (thousand rupiahss), 2021–2025",15,5,df1a217fb35c
JAWA TIMUR,75,Kota Pasuruan,,2025,**,54.006,,"PDRB Per Kapita Atas Dasar Harga Berlaku di Provinsi Jawa Timur Menurut Kabupaten/Kota (ribu rupiah), 2021–2025","Per Capita GRDP at Current Market Prices by Regency/Municipality, in Jawa Timur Province (thousand rupiahss), 2021–2025",15,5,de3f3d36eaa7
JAWA TIMUR,76,Kota Mojokerto,,2025,**,66.235,,"PDRB Per Kapita Atas Dasar Harga Berlaku di Provinsi Jawa Timur Menurut Kabupaten/Kota (ribu rupiah), 2021–2025","Per Capita GRDP at Current Market Prices by Regency/Municipality, in Jawa Timur Province (thousand rupiahss), 2021–2025",15,5,ebf9a2b9b8ca
JAWA TIMUR,77,Kota Madiun,,2025,**,98.078,,"PDRB Per Kapita Atas Dasar Harga Berlaku di Provinsi Jawa Timur Menurut Kabupaten/Kota (ribu rupiah), 2021–2025","Per Capita GRDP at Current Market Prices by Regency/Municipality, in Jawa Timur Province (thousand rupiahss), 2021–2025",15,5,3787ce83fd15
JAWA TIMUR,78,Kota Surabaya,,2025,**,283.306,,"PDRB Per Kapita Atas Dasar Harga Berlaku di Provinsi Jawa Timur Menurut Kabupaten/Kota (ribu rupiah), 2021–2025","Per Capita GRDP at Current Market Prices by Regency/Municipality, in Jawa Timur Province (thousand rupiahss), 2021–2025",15,5,35cb956c76ff
JAWA TIMUR,79,Kota Batu,,2025,**,105.197,,"PDRB Per Kapita Atas Dasar Harga Berlaku di Provinsi Jawa Timur Menurut Kabupaten/Kota (ribu rupiah), 2021–2025","Per Capita GRDP at Current Market Prices by Regency/Municipality, in Jawa Timur Province (thousand rupiahss), 2021–2025",15,5,2f1d177efeb5
JAWA TIMUR,,Jml Kab./Kota Total of Reg./Mun.,,2025,**,80.931,,"PDRB Per Kapita Atas Dasar Harga Berlaku di Provinsi Jawa Timur Menurut Kabupaten/Kota (ribu rupiah), 2021–2025","Per Capita GRDP at Current Market Prices by Regency/Municipality, in Jawa Timur Province (thousand rupiahss), 2021–2025",15,5,19ba330da3cb
JAWA TIMUR,,Provinsi/Province,,2025,**,80.856,,"PDRB Per Kapita Atas Dasar Harga Berlaku di Provinsi Jawa Timur Menurut Kabupaten/Kota (ribu rupiah), 2021–2025","Per Capita GRDP at Current Market Prices by Regency/Municipality, in Jawa Timur Province (thousand rupiahss), 2021–2025",15,5,a264632e28a5
BANTEN,01,Kab. Pandeglang,,2025,**,28.956,,"PDRB Per Kapita Atas Dasar Harga Berlaku di Provinsi Banten Menurut Kabupaten/Kota (ribu rupiah), 2021–2025","Per Capita GRDP at Current Market Prices by Regency/Municipality, in Banten Province (thousand rupiahss), 2021–2025",16,6,f92da3e8fba0
BANTEN,02,Kab. Lebak,,2025,**,27.720,,"PDRB Per Kapita Atas Dasar Harga Berlaku di Provinsi Banten Menurut Kabupaten/Kota (ribu rupiah), 2021–2025","Per Capita GRDP at Current Market Prices by Regency/Municipality, in Banten Province (thousand rupiahss), 2021–2025",16,6,8638ffe7a949
BANTEN,03,Kab. Tangerang,,2025,**,58.175,,"PDRB Per Kapita Atas Dasar Harga Berlaku di Provinsi Banten Menurut Kabupaten/Kota (ribu rupiah), 2021–2025","Per Capita GRDP at Current Market Prices by Regency/Municipality, in Banten Province (thousand rupiahss), 2021–2025",16,6,f72a9d3ff4ff
BANTEN,04,Kab. Serang,,2025,**,63.282,,"PDRB Per Kapita Atas Dasar Harga Berlaku di Provinsi Banten Menurut Kabupaten/Kota (ribu rupiah), 2021–2025","Per Capita GRDP at Current Market Prices by Regency/Municipality, in Banten Province (thousand rupiahss), 2021–2025",16,6,5324e9e1265f
BANTEN,71,Kota Tangerang,,2025,**,122.822,,"PDRB Per Kapita Atas Dasar Harga Berlaku di Provinsi Banten Menurut Kabupaten/Kota (ribu rupiah), 2021–2025","Per Capita GRDP at Current Market Prices by Regency/Municipality, in Banten Province (thousand rupiahss), 2021–2025",16,6,ed73967bd23d
BANTEN,72,Kota Cilegon,,2025,**,322.680,,"PDRB Per Kapita Atas Dasar Harga Berlaku di Provinsi Banten Menurut Kabupaten/Kota (ribu rupiah), 2021–2025","Per Capita GRDP at Current Market Prices by Regency/Municipality, in Banten Province (thousand rupiahss), 2021–2025",16,6,4e92c279d3c0
BANTEN,73,Kota Serang,,2025,**,61.646,,"PDRB Per Kapita Atas Dasar Harga Berlaku di Provinsi Banten Menurut Kabupaten/Kota (ribu rupiah), 2021–2025","Per Capita GRDP at Current Market Prices by Regency/Municipality, in Banten Province (thousand rupiahss), 2021–2025",16,6,f67d88a27c39
BANTEN,74,Kota Tangerang Selatan,,2025,**,85.481,,"PDRB Per Kapita Atas Dasar Harga Berlaku di Provinsi Banten Menurut Kabupaten/Kota (ribu rupiah), 2021–2025","Per Capita GRDP at Current Market Prices by Regency/Municipality, in Banten Province (thousand rupiahss), 2021–2025",16,6,074f6783fd4d
BANTEN,,Jml Kab./Kota Total of Reg./Mun.,,2025,**,75.341,,"PDRB Per Kapita Atas Dasar Harga Berlaku di Provinsi Banten Menurut Kabupaten/Kota (ribu rupiah), 2021–2025","Per Capita GRDP at Current Market Prices by Regency/Municipality, in Banten Province (thousand rupiahss), 2021–2025",16,6,86b2dca997a3
BANTEN,,Provinsi/Province,,2025,**,74.673,,"PDRB Per Kapita Atas Dasar Harga Berlaku di Provinsi Banten Menurut Kabupaten/Kota (ribu rupiah), 2021–2025","Per Capita GRDP at Current Market Prices by Regency/Municipality, in Banten Province (thousand rupiahss), 2021–2025",16,6,7660ee39b935
BALI,01,Kab. Jembrana,,2025,**,55.648,,"PDRB Per Kapita Atas Dasar Harga Berlaku di Provinsi Bali Menurut Kabupaten/Kota (ribu rupiah), 2021–2025","Per Capita GRDP at Current Market Prices by Regency/Municipality, in Bali Province (thousand rupiahss), 2021–2025",17,7,5f26f62bc6c6
BALI,02,Kab. Tabanan,,2025,**,63.914,,"PDRB Per Kapita Atas Dasar Harga Berlaku di Provinsi Bali Menurut Kabupaten/Kota (ribu rupiah), 2021–2025","Per Capita GRDP at Current Market Prices by Regency/Municipality, in Bali Province (thousand rupiahss), 2021–2025",17,7,c129de62864f
BALI,03,Kab. Badung,,2025,**,142.344,,"PDRB Per Kapita Atas Dasar Harga Berlaku di Provinsi Bali Menurut Kabupaten/Kota (ribu rupiah), 2021–2025","Per Capita GRDP at Current Market Prices by Regency/Municipality, in Bali Province (thousand rupiahss), 2021–2025",17,7,479d221076d2
BALI,04,Kab. Gianyar,,2025,**,68.130,,"PDRB Per Kapita Atas Dasar Harga Berlaku di Provinsi Bali Menurut Kabupaten/Kota (ribu rupiah), 2021–2025","Per Capita GRDP at Current Market Prices by Regency/Municipality, in Bali Province (thousand rupiahss), 2021–2025",17,7,931b9ce1e8b2
BALI,05,Kab. Klungkung,,2025,**,57.196,,"PDRB Per Kapita Atas Dasar Harga Berlaku di Provinsi Bali Menurut Kabupaten/Kota (ribu rupiah), 2021–2025","Per Capita GRDP at Current Market Prices by Regency/Municipality, in Bali Province (thousand rupiahss), 2021–2025",17,7,d59e8e39aebe
BALI,06,Kab. Bangli,,2025,**,34.787,,"PDRB Per Kapita Atas Dasar Harga Berlaku di Provinsi Bali Menurut Kabupaten/Kota (ribu rupiah), 2021–2025","Per Capita GRDP at Current Market Prices by Regency/Municipality, in Bali Province (thousand rupiahss), 2021–2025",17,7,ea737bf25001
BALI,07,Kab. Karangasem,,2025,**,43.211,,"PDRB Per Kapita Atas Dasar Harga Berlaku di Provinsi Bali Menurut Kabupaten/Kota (ribu rupiah), 2021–2025","Per Capita GRDP at Current Market Prices by Regency/Municipality, in Bali Province (thousand rupiahss), 2021–2025",17,7,5070b0209e18
BALI,08,Kab. Buleleng,,2025,**,54.993,,"PDRB Per Kapita Atas Dasar Harga Berlaku di Provinsi Bali Menurut Kabupaten/Kota (ribu rupiah), 2021–2025","Per Capita GRDP at Current Market Prices by Regency/Municipality, in Bali Province (thousand rupiahss), 2021–2025",17,7,6e7ddb6916cf
BALI,71,Kota Denpasar,,2025,**,93.247,,"PDRB Per Kapita Atas Dasar Harga Berlaku di Provinsi Bali Menurut Kabupaten/Kota (ribu rupiah), 2021–2025","Per Capita GRDP at Current Market Prices by Regency/Municipality, in Bali Province (thousand rupiahss), 2021–2025",17,7,75d1e6ed4961
BALI,,Jml Kab./Kota Total of Reg./Mun.,,2025,**,72.890,,"PDRB Per Kapita Atas Dasar Harga Berlaku di Provinsi Bali Menurut Kabupaten/Kota (ribu rupiah), 2021–2025","Per Capita GRDP at Current Market Prices by Regency/Municipality, in Bali Province (thousand rupiahss), 2021–2025",17,7,9efd8925756a
BALI,,Provinsi/Province,,2025,**,72.658,,"PDRB Per Kapita Atas Dasar Harga Berlaku di Provinsi Bali Menurut Kabupaten/Kota (ribu rupiah), 2021–2025","Per Capita GRDP at Current Market Prices by Regency/Municipality, in Bali Province (thousand rupiahss), 2021–2025",17,7,c6e7fa304f6f
NUSA TENGGARA BARAT,01,Kab. Lombok Barat,,2025,**,26.514,,"PDRB Per Kapita Atas Dasar Harga Berlaku di Provinsi Nusa Tenggara Barat Menurut Kabupaten/Kota (ribu rupiah), 2021–2025","Per Capita GRDP at Current Market Prices by Regency/Municipality, in Nusa Tenggara Barat Province (thousand rupiahss), 2021–2025",18,8,c507a7ce5661
NUSA TENGGARA BARAT,02,Kab. Lombok Tengah,,2025,**,21.389,,"PDRB Per Kapita Atas Dasar Harga Berlaku di Provinsi Nusa Tenggara Barat Menurut Kabupaten/Kota (ribu rupiah), 2021–2025","Per Capita GRDP at Current Market Prices by Regency/Municipality, in Nusa Tenggara Barat Province (thousand rupiahss), 2021–2025",18,8,7f2ba4efc491
NUSA TENGGARA BARAT,03,Kab. Lombok Timur,,2025,**,19.643,,"PDRB Per Kapita Atas Dasar Harga Berlaku di Provinsi Nusa Tenggara Barat Menurut Kabupaten/Kota (ribu rupiah), 2021–2025","Per Capita GRDP at Current Market Prices by Regency/Municipality, in Nusa Tenggara Barat Province (thousand rupiahss), 2021–2025",18,8,2a740970ea34
NUSA TENGGARA BARAT,04,Kab. Sumbawa,,2025,**,36.333,,"PDRB Per Kapita Atas Dasar Harga Berlaku di Provinsi Nusa Tenggara Barat Menurut Kabupaten/Kota (ribu rupiah), 2021–2025","Per Capita GRDP at Current Market Prices by Regency/Municipality, in Nusa Tenggara Barat Province (thousand rupiahss), 2021–2025",18,8,4e4063541051
NUSA TENGGARA BARAT,05,Kab. Dompu,,2025,**,38.110,,"PDRB Per Kapita Atas Dasar Harga Berlaku di Provinsi Nusa Tenggara Barat Menurut Kabupaten/Kota (ribu rupiah), 2021–2025","Per Capita GRDP at Current Market Prices by Regency/Municipality, in Nusa Tenggara Barat Province (thousand rupiahss), 2021–2025",18,8,272310686f7c
NUSA TENGGARA BARAT,06,Kab. Bima,,2025,**,28.315,,"PDRB Per Kapita Atas Dasar Harga Berlaku di Provinsi Nusa Tenggara Barat Menurut Kabupaten/Kota (ribu rupiah), 2021–2025","Per Capita GRDP at Current Market Prices by Regency/Municipality, in Nusa Tenggara Barat Province (thousand rupiahss), 2021–2025",18,8,8dd4d06a3db4
NUSA TENGGARA BARAT,07,Kab. Sumbawa Barat,,2025,**,236.192,,"PDRB Per Kapita Atas Dasar Harga Berlaku di Provinsi Nusa Tenggara Barat Menurut Kabupaten/Kota (ribu rupiah), 2021–2025","Per Capita GRDP at Current Market Prices by Regency/Municipality, in Nusa Tenggara Barat Province (thousand rupiahss), 2021–2025",18,8,330293771033
NUSA TENGGARA BARAT,08,Kab. Lombok Utara,,2025,**,24.028,,"PDRB Per Kapita Atas Dasar Harga Berlaku di Provinsi Nusa Tenggara Barat Menurut Kabupaten/Kota (ribu rupiah), 2021–2025","Per Capita GRDP at Current Market Prices by Regency/Municipality, in Nusa Tenggara Barat Province (thousand rupiahss), 2021–2025",18,8,a011df89a0dd
NUSA TENGGARA BARAT,71,Kota Mataram,,2025,**,58.091,,"PDRB Per Kapita Atas Dasar Harga Berlaku di Provinsi Nusa Tenggara Barat Menurut Kabupaten/Kota (ribu rupiah), 2021–2025","Per Capita GRDP at Current Market Prices by Regency/Municipality, in Nusa Tenggara Barat Province (thousand rupiahss), 2021–2025",18,8,37582d301a35
NUSA TENGGARA BARAT,72,Kota Bima,,2025,**,34.015,,"PDRB Per Kapita Atas Dasar Harga Berlaku di Provinsi Nusa Tenggara Barat Menurut Kabupaten/Kota (ribu rupiah), 2021–2025","Per Capita GRDP at Current Market Prices by Regency/Municipality, in Nusa Tenggara Barat Province (thousand rupiahss), 2021–2025",18,8,b5c8aae7b501
NUSA TENGGARA BARAT,,Jml Kab./Kota Total of Reg./Mun.,,2025,**,33.761,,"PDRB Per Kapita Atas Dasar Harga Berlaku di Provinsi Nusa Tenggara Barat Menurut Kabupaten/Kota (ribu rupiah), 2021–2025","Per Capita GRDP at Current Market Prices by Regency/Municipality, in Nusa Tenggara Barat Province (thousand rupiahss), 2021–2025",18,8,bf0a9967821d
NUSA TENGGARA BARAT,,Provinsi/Province,,2025,**,33.667,,"PDRB Per Kapita Atas Dasar Harga Berlaku di Provinsi Nusa Tenggara Barat Menurut Kabupaten/Kota (ribu rupiah), 2021–2025","Per Capita GRDP at Current Market Prices by Regency/Municipality, in Nusa Tenggara Barat Province (thousand rupiahss), 2021–2025",18,8,a7a129998a2e
NUSA TENGGARA TIMUR,01,Kab. Sumba Barat,,2025,**,20.625,,"PDRB Per Kapita Atas Dasar Harga Berlaku di Provinsi Nusa Tenggara Timur Menurut Kabupaten/Kota (ribu rupiah), 2021–2025","Per Capita GRDP at Current Market Prices by Regency/Municipality, in Nusa Tenggara Timur Province (thousand rupiahss), 2021–2025",19,9,2730944b420d
NUSA TENGGARA TIMUR,02,Kab. Sumba Timur,,2025,**,32.391,,"PDRB Per Kapita Atas Dasar Harga Berlaku di Provinsi Nusa Tenggara Timur Menurut Kabupaten/Kota (ribu rupiah), 2021–2025","Per Capita GRDP at Current Market Prices by Regency/Municipality, in Nusa Tenggara Timur Province (thousand rupiahss), 2021–2025",19,9,0c963d447634
NUSA TENGGARA TIMUR,03,Kab. Kupang,,2025,**,28.501,,"PDRB Per Kapita Atas Dasar Harga Berlaku di Provinsi Nusa Tenggara Timur Menurut Kabupaten/Kota (ribu rupiah), 2021–2025","Per Capita GRDP at Current Market Prices by Regency/Municipality, in Nusa Tenggara Timur Province (thousand rupiahss), 2021–2025",19,9,b7d2822d7a16
NUSA TENGGARA TIMUR,04,Kab. Timor Tengah Selatan,,2025,**,22.462,,"PDRB Per Kapita Atas Dasar Harga Berlaku di Provinsi Nusa Tenggara Timur Menurut Kabupaten/Kota (ribu rupiah), 2021–2025","Per Capita GRDP at Current Market Prices by Regency/Municipality, in Nusa Tenggara Timur Province (thousand rupiahss), 2021–2025",19,9,15fef98994c5
NUSA TENGGARA TIMUR,05,Kab. Timor Tengah Utara,,2025,**,19.768,,"PDRB Per Kapita Atas Dasar Harga Berlaku di Provinsi Nusa Tenggara Timur Menurut Kabupaten/Kota (ribu rupiah), 2021–2025","Per Capita GRDP at Current Market Prices by Regency/Municipality, in Nusa Tenggara Timur Province (thousand rupiahss), 2021–2025",19,9,40eb805bb4ec
NUSA TENGGARA TIMUR,06,Kab. Belu,,2025,**,26.765,,"PDRB Per Kapita Atas Dasar Harga Berlaku di Provinsi Nusa Tenggara Timur Menurut Kabupaten/Kota (ribu rupiah), 2021–2025","Per Capita GRDP at Current Market Prices by Regency/Municipality, in Nusa Tenggara Timur Province (thousand rupiahss), 2021–2025",19,9,d5aafdf8fc8b
NUSA TENGGARA TIMUR,07,Kab. Alor,,2025,**,18.775,,"PDRB Per Kapita Atas Dasar Harga Berlaku di Provinsi Nusa Tenggara Timur Menurut Kabupaten/Kota (ribu rupiah), 2021–2025","Per Capita GRDP at Current Market Prices by Regency/Municipality, in Nusa Tenggara Timur Province (thousand rupiahss), 2021–2025",19,9,0f118bc40060
NUSA TENGGARA TIMUR,08,Kab. Lembata,,2025,**,16.953,,"PDRB Per Kapita Atas Dasar Harga Berlaku di Provinsi Nusa Tenggara Timur Menurut Kabupaten/Kota (ribu rupiah), 2021–2025","Per Capita GRDP at Current Market Prices by Regency/Municipality, in Nusa Tenggara Timur Province (thousand rupiahss), 2021–2025",19,9,7fa53336d574
NUSA TENGGARA TIMUR,09,Kab. Flores Timur,,2025,**,23.514,,"PDRB Per Kapita Atas Dasar Harga Berlaku di Provinsi Nusa Tenggara Timur Menurut Kabupaten/Kota (ribu rupiah), 2021–2025","Per Capita GRDP at Current Market Prices by Regency/Municipality, in Nusa Tenggara Timur Province (thousand rupiahss), 2021–2025",19,9,efe98863f25d
NUSA TENGGARA TIMUR,10,Kab. Sikka,,2025,**,21.138,,"PDRB Per Kapita Atas Dasar Harga Berlaku di Provinsi Nusa Tenggara Timur Menurut Kabupaten/Kota (ribu rupiah), 2021–2025","Per Capita GRDP at Current Market Prices by Regency/Municipality, in Nusa Tenggara Timur Province (thousand rupiahss), 2021–2025",19,9,3bc5b4e2d58d
NUSA TENGGARA TIMUR,11,Kab. Ende,,2025,**,30.220,,"PDRB Per Kapita Atas Dasar Harga Berlaku di Provinsi Nusa Tenggara Timur Menurut Kabupaten/Kota (ribu rupiah), 2021–2025","Per Capita GRDP at Current Market Prices by Regency/Municipality, in Nusa Tenggara Timur Province (thousand rupiahss), 2021–2025",19,9,3ff4c3e03388
NUSA TENGGARA TIMUR,12,Kab. Ngada,,2025,**,27.065,,"PDRB Per Kapita Atas Dasar Harga Berlaku di Provinsi Nusa Tenggara Timur Menurut Kabupaten/Kota (ribu rupiah), 2021–2025","Per Capita GRDP at Current Market Prices by Regency/Municipality, in Nusa Tenggara Timur Province (thousand rupiahss), 2021–2025",19,9,42ece8b871f5
NUSA TENGGARA TIMUR,13,Kab. Manggarai,,2025,**,18.756,,"PDRB Per Kapita Atas Dasar Harga Berlaku di Provinsi Nusa Tenggara Timur Menurut Kabupaten/Kota (ribu rupiah), 2021–2025","Per Capita GRDP at Current Market Prices by Regency/Municipality, in Nusa Tenggara Timur Province (thousand rupiahss), 2021–2025",19,9,9f8e8e7ec2b0
NUSA TENGGARA TIMUR,14,Kab. Rote Ndao,,2025,**,27.904,,"PDRB Per Kapita Atas Dasar Harga Berlaku di Provinsi Nusa Tenggara Timur Menurut Kabupaten/Kota (ribu rupiah), 2021–2025","Per Capita GRDP at Current Market Prices by Regency/Municipality, in Nusa Tenggara Timur Province (thousand rupiahss), 2021–2025",19,9,3f1f07c35d4e
NUSA TENGGARA TIMUR,15,Kab. Manggarai Barat,,2025,**,17.758,,"PDRB Per Kapita Atas Dasar Harga Berlaku di Provinsi Nusa Tenggara Timur Menurut Kabupaten/Kota (ribu rupiah), 2021–2025","Per Capita GRDP at Current Market Prices by Regency/Municipality, in Nusa Tenggara Timur Province (thousand rupiahss), 2021–2025",19,9,ee759e235623
NUSA TENGGARA TIMUR,16,Kab. Sumba Tengah,,2025,**,17.674,,"PDRB Per Kapita Atas Dasar Harga Berlaku di Provinsi Nusa Tenggara Timur Menurut Kabupaten/Kota (ribu rupiah), 2021–2025","Per Capita GRDP at Current Market Prices by Regency/Municipality, in Nusa Tenggara Timur Province (thousand rupiahss), 2021–2025",19,9,f31630fc5eeb
NUSA TENGGARA TIMUR,17,Kab. Sumba Barat Daya,,2025,**,15.759,,"PDRB Per Kapita Atas Dasar Harga Berlaku di Provinsi Nusa Tenggara Timur Menurut Kabupaten/Kota (ribu rupiah), 2021–2025","Per Capita GRDP at Current Market Prices by Regency/Municipality, in Nusa Tenggara Timur Province (thousand rupiahss), 2021–2025",19,9,2178aae520c1
NUSA TENGGARA TIMUR,18,Kab. Nagekeo,,2025,**,17.884,,"PDRB Per Kapita Atas Dasar Harga Berlaku di Provinsi Nusa Tenggara Timur Menurut Kabupaten/Kota (ribu rupiah), 2021–2025","Per Capita GRDP at Current Market Prices by Regency/Municipality, in Nusa Tenggara Timur Province (thousand rupiahss), 2021–2025",19,9,d9901fd2456a
NUSA TENGGARA TIMUR,19,Kab. Manggarai Timur,,2025,**,15.228,,"PDRB Per Kapita Atas Dasar Harga Berlaku di Provinsi Nusa Tenggara Timur Menurut Kabupaten/Kota (ribu rupiah), 2021–2025","Per Capita GRDP at Current Market Prices by Regency/Municipality, in Nusa Tenggara Timur Province (thousand rupiahss), 2021–2025",19,9,84472ef7df4c
NUSA TENGGARA TIMUR,20,Kab. Sabu Raijua,,2025,**,19.967,,"PDRB Per Kapita Atas Dasar Harga Berlaku di Provinsi Nusa Tenggara Timur Menurut Kabupaten/Kota (ribu rupiah), 2021–2025","Per Capita GRDP at Current Market Prices by Regency/Municipality, in Nusa Tenggara Timur Province (thousand rupiahss), 2021–2025",19,9,58ef70e74cca
NUSA TENGGARA TIMUR,21,Kab. Malaka,,2025,**,20.661,,"PDRB Per Kapita Atas Dasar Harga Berlaku di Provinsi Nusa Tenggara Timur Menurut Kabupaten/Kota (ribu rupiah), 2021–2025","Per Capita GRDP at Current Market Prices by Regency/Municipality, in Nusa Tenggara Timur Province (thousand rupiahss), 2021–2025",19,9,3de10cd5da0f
NUSA TENGGARA TIMUR,71,Kota Kupang,,2025,**,69.462,,"PDRB Per Kapita Atas Dasar Harga Berlaku di Provinsi Nusa Tenggara Timur Menurut Kabupaten/Kota (ribu rupiah), 2021–2025","Per Capita GRDP at Current Market Prices by Regency/Municipality, in Nusa Tenggara Timur Province (thousand rupiahss), 2021–2025",19,9,29a41b34cfa3
NUSA TENGGARA TIMUR,,Jml Kab./Kota Total of Reg./Mun.,,2025,**,26.091,,"PDRB Per Kapita Atas Dasar Harga Berlaku di Provinsi Nusa Tenggara Timur Menurut Kabupaten/Kota (ribu rupiah), 2021–2025","Per Capita GRDP at Current Market Prices by Regency/Municipality, in Nusa Tenggara Timur Province (thousand rupiahss), 2021–2025",19,9,500324222775
NUSA TENGGARA TIMUR,,Provinsi/Province,,2025,**,25.837,,"PDRB Per Kapita Atas Dasar Harga Berlaku di Provinsi Nusa Tenggara Timur Menurut Kabupaten/Kota (ribu rupiah), 2021–2025","Per Capita GRDP at Current Market Prices by Regency/Municipality, in Nusa Tenggara Timur Province (thousand rupiahss), 2021–2025",19,9,c8d424ed183c
KALIMANTAN BARAT,01,Kab. Sambas,,2025,**,46.816,,"PDRB Per Kapita Atas Dasar Harga Berlaku di Provinsi Kalimantan Barat Menurut Kabupaten/Kota (ribu rupiah), 2021–2025","Per Capita GRDP at Current Market Prices by Regency/Municipality, in Kalimantan Barat Province (thousand rupiahss), 2021–2025",20,10,1a4bf65c745e
KALIMANTAN BARAT,02,Kab. Bengkayang,,2025,**,43.286,,"PDRB Per Kapita Atas Dasar Harga Berlaku di Provinsi Kalimantan Barat Menurut Kabupaten/Kota (ribu rupiah), 2021–2025","Per Capita GRDP at Current Market Prices by Regency/Municipality, in Kalimantan Barat Province (thousand rupiahss), 2021–2025",20,10,08f9f9758112
KALIMANTAN BARAT,03,Kab. Landak,,2025,**,38.350,,"PDRB Per Kapita Atas Dasar Harga Berlaku di Provinsi Kalimantan Barat Menurut Kabupaten/Kota (ribu rupiah), 2021–2025","Per Capita GRDP at Current Market Prices by Regency/Municipality, in Kalimantan Barat Province (thousand rupiahss), 2021–2025",20,10,43d50f1734d1
KALIMANTAN BARAT,04,Kab. Mempawah,,2025,**,43.156,,"PDRB Per Kapita Atas Dasar Harga Berlaku di Provinsi Kalimantan Barat Menurut Kabupaten/Kota (ribu rupiah), 2021–2025","Per Capita GRDP at Current Market Prices by Regency/Municipality, in Kalimantan Barat Province (thousand rupiahss), 2021–2025",20,10,ae48fb777ff8
KALIMANTAN BARAT,05,Kab. Sanggau,,2025,**,56.955,,"PDRB Per Kapita Atas Dasar Harga Berlaku di Provinsi Kalimantan Barat Menurut Kabupaten/Kota (ribu rupiah), 2021–2025","Per Capita GRDP at Current Market Prices by Regency/Municipality, in Kalimantan Barat Province (thousand rupiahss), 2021–2025",20,10,4a286c4db1e6
KALIMANTAN BARAT,06,Kab. Ketapang,,2025,**,73.599,,"PDRB Per Kapita Atas Dasar Harga Berlaku di Provinsi Kalimantan Barat Menurut Kabupaten/Kota (ribu rupiah), 2021–2025","Per Capita GRDP at Current Market Prices by Regency/Municipality, in Kalimantan Barat Province (thousand rupiahss), 2021–2025",20,10,502840512915
KALIMANTAN BARAT,07,Kab. Sintang,,2025,**,50.214,,"PDRB Per Kapita Atas Dasar Harga Berlaku di Provinsi Kalimantan Barat Menurut Kabupaten/Kota (ribu rupiah), 2021–2025","Per Capita GRDP at Current Market Prices by Regency/Municipality, in Kalimantan Barat Province (thousand rupiahss), 2021–2025",20,10,ac5126f7a23e
KALIMANTAN BARAT,08,Kab. Kapuas Hulu,,2025,**,57.839,,"PDRB Per Kapita Atas Dasar Harga Berlaku di Provinsi Kalimantan Barat Menurut Kabupaten/Kota (ribu rupiah), 2021–2025","Per Capita GRDP at Current Market Prices by Regency/Municipality, in Kalimantan Barat Province (thousand rupiahss), 2021–2025",20,10,87242c2307cb
KALIMANTAN BARAT,09,Kab. Sekadau,,2025,**,45.650,,"PDRB Per Kapita Atas Dasar Harga Berlaku di Provinsi Kalimantan Barat Menurut Kabupaten/Kota (ribu rupiah), 2021–2025","Per Capita GRDP at Current Market Prices by Regency/Municipality, in Kalimantan Barat Province (thousand rupiahss), 2021–2025",20,10,d20a9248b44f
KALIMANTAN BARAT,10,Kab. Melawi,,2025,**,31.658,,"PDRB Per Kapita Atas Dasar Harga Berlaku di Provinsi Kalimantan Barat Menurut Kabupaten/Kota (ribu rupiah), 2021–2025","Per Capita GRDP at Current Market Prices by Regency/Municipality, in Kalimantan Barat Province (thousand rupiahss), 2021–2025",20,10,49943140344b
KALIMANTAN BARAT,11,Kab. Kayong Utara,,2025,**,46.487,,"PDRB Per Kapita Atas Dasar Harga Berlaku di Provinsi Kalimantan Barat Menurut Kabupaten/Kota (ribu rupiah), 2021–2025","Per Capita GRDP at Current Market Prices by Regency/Municipality, in Kalimantan Barat Province (thousand rupiahss), 2021–2025",20,10,c707fbc90299
KALIMANTAN BARAT,12,Kab. Kubu Raya,,2025,**,67.996,,"PDRB Per Kapita Atas Dasar Harga Berlaku di Provinsi Kalimantan Barat Menurut Kabupaten/Kota (ribu rupiah), 2021–2025","Per Capita GRDP at Current Market Prices by Regency/Municipality, in Kalimantan Barat Province (thousand rupiahss), 2021–2025",20,10,6468295915ed
KALIMANTAN BARAT,71,Kota Pontianak,,2025,**,80.795,,"PDRB Per Kapita Atas Dasar Harga Berlaku di Provinsi Kalimantan Barat Menurut Kabupaten/Kota (ribu rupiah), 2021–2025","Per Capita GRDP at Current Market Prices by Regency/Municipality, in Kalimantan Barat Province (thousand rupiahss), 2021–2025",20,10,4ef768ae61be
KALIMANTAN BARAT,72,Kota Singkawang,,2025,**,59.799,,"PDRB Per Kapita Atas Dasar Harga Berlaku di Provinsi Kalimantan Barat Menurut Kabupaten/Kota (ribu rupiah), 2021–2025","Per Capita GRDP at Current Market Prices by Regency/Municipality, in Kalimantan Barat Province (thousand rupiahss), 2021–2025",20,10,d765ad3ec967
KALIMANTAN BARAT,,Jml Kab./Kota Total of Reg./Mun.,,2025,**,56.646,,"PDRB Per Kapita Atas Dasar Harga Berlaku di Provinsi Kalimantan Barat Menurut Kabupaten/Kota (ribu rupiah), 2021–2025","Per Capita GRDP at Current Market Prices by Regency/Municipality, in Kalimantan Barat Province (thousand rupiahss), 2021–2025",20,10,68d06bb47864
KALIMANTAN BARAT,,Provinsi/Province,,2025,**,56.984,,"PDRB Per Kapita Atas Dasar Harga Berlaku di Provinsi Kalimantan Barat Menurut Kabupaten/Kota (ribu rupiah), 2021–2025","Per Capita GRDP at Current Market Prices by Regency/Municipality, in Kalimantan Barat Province (thousand rupiahss), 2021–2025",20,10,18f4a19e6afb
KALIMANTAN TENGAH,01,Kab. Kotawaringin Barat,,2021,,86.751,,"PDRB Per Kapita Atas Dasar Harga Berlaku di Provinsi Kalimantan Tengah Menurut Kabupaten/Kota (ribu rupiah), 2021–2025","Per Capita GRDP at Current Market Prices by Regency/Municipality, in Kalimantan Tengah Province (thousand rupiahss), 2021–2025",21,1,9f2f685ac21f
KALIMANTAN TENGAH,02,Kab. Kotawaringin Timur,,2021,,68.493,,"PDRB Per Kapita Atas Dasar Harga Berlaku di Provinsi Kalimantan Tengah Menurut Kabupaten/Kota (ribu rupiah), 2021–2025","Per Capita GRDP at Current Market Prices by Regency/Municipality, in Kalimantan Tengah Province (thousand rupiahss), 2021–2025",21,1,2ab70e5f79ca
KALIMANTAN TENGAH,03,Kab. Kapuas,,2021,,45.070,,"PDRB Per Kapita Atas Dasar Harga Berlaku di Provinsi Kalimantan Tengah Menurut Kabupaten/Kota (ribu rupiah), 2021–2025","Per Capita GRDP at Current Market Prices by Regency/Municipality, in Kalimantan Tengah Province (thousand rupiahss), 2021–2025",21,1,111518da20a2
KALIMANTAN TENGAH,04,Kab. Barito Selatan,,2021,,50.535,,"PDRB Per Kapita Atas Dasar Harga Berlaku di Provinsi Kalimantan Tengah Menurut Kabupaten/Kota (ribu rupiah), 2021–2025","Per Capita GRDP at Current Market Prices by Regency/Municipality, in Kalimantan Tengah Province (thousand rupiahss), 2021–2025",21,1,33c84d0e484c
KALIMANTAN TENGAH,05,Kab. Barito Utara,,2021,,67.518,,"PDRB Per Kapita Atas Dasar Harga Berlaku di Provinsi Kalimantan Tengah Menurut Kabupaten/Kota (ribu rupiah), 2021–2025","Per Capita GRDP at Current Market Prices by Regency/Municipality, in Kalimantan Tengah Province (thousand rupiahss), 2021–2025",21,1,3f6c794cde05
KALIMANTAN TENGAH,06,Kab. Sukamara,,2021,,76.914,,"PDRB Per Kapita Atas Dasar Harga Berlaku di Provinsi Kalimantan Tengah Menurut Kabupaten/Kota (ribu rupiah), 2021–2025","Per Capita GRDP at Current Market Prices by Regency/Municipality, in Kalimantan Tengah Province (thousand rupiahss), 2021–2025",21,1,59f63c306b59
KALIMANTAN TENGAH,07,Kab. Lamandau,,2021,,66.406,,"PDRB Per Kapita Atas Dasar Harga Berlaku di Provinsi Kalimantan Tengah Menurut Kabupaten/Kota (ribu rupiah), 2021–2025","Per Capita GRDP at Current Market Prices by Regency/Municipality, in Kalimantan Tengah Province (thousand rupiahss), 2021–2025",21,1,9ec56124fbf6
KALIMANTAN TENGAH,08,Kab. Seruyan,,2021,,59.863,,"PDRB Per Kapita Atas Dasar Harga Berlaku di Provinsi Kalimantan Tengah Menurut Kabupaten/Kota (ribu rupiah), 2021–2025","Per Capita GRDP at Current Market Prices by Regency/Municipality, in Kalimantan Tengah Province (thousand rupiahss), 2021–2025",21,1,141785886d19
KALIMANTAN TENGAH,09,Kab. Katingan,,2021,,55.038,,"PDRB Per Kapita Atas Dasar Harga Berlaku di Provinsi Kalimantan Tengah Menurut Kabupaten/Kota (ribu rupiah), 2021–2025","Per Capita GRDP at Current Market Prices by Regency/Municipality, in Kalimantan Tengah Province (thousand rupiahss), 2021–2025",21,1,1cbbf4d56252
KALIMANTAN TENGAH,10,Kab. Pulang Pisau,,2021,,44.054,,"PDRB Per Kapita Atas Dasar Harga Berlaku di Provinsi Kalimantan Tengah Menurut Kabupaten/Kota (ribu rupiah), 2021–2025","Per Capita GRDP at Current Market Prices by Regency/Municipality, in Kalimantan Tengah Province (thousand rupiahss), 2021–2025",21,1,c8653285ddb9
KALIMANTAN TENGAH,11,Kab. Gunung Mas,,2021,,52.196,,"PDRB Per Kapita Atas Dasar Harga Berlaku di Provinsi Kalimantan Tengah Menurut Kabupaten/Kota (ribu rupiah), 2021–2025","Per Capita GRDP at Current Market Prices by Regency/Municipality, in Kalimantan Tengah Province (thousand rupiahss), 2021–2025",21,1,91a1021de764
KALIMANTAN TENGAH,12,Kab. Barito Timur,,2021,,69.511,,"PDRB Per Kapita Atas Dasar Harga Berlaku di Provinsi Kalimantan Tengah Menurut Kabupaten/Kota (ribu rupiah), 2021–2025","Per Capita GRDP at Current Market Prices by Regency/Municipality, in Kalimantan Tengah Province (thousand rupiahss), 2021–2025",21,1,bbc9c232770f
KALIMANTAN TENGAH,13,Kab. Murung Raya,,2021,,78.903,,"PDRB Per Kapita Atas Dasar Harga Berlaku di Provinsi Kalimantan Tengah Menurut Kabupaten/Kota (ribu rupiah), 2021–2025","Per Capita GRDP at Current Market Prices by Regency/Municipality, in Kalimantan Tengah Province (thousand rupiahss), 2021–2025",21,1,e443ae9d9cf0
KALIMANTAN TENGAH,71,Kota Palangka Raya,,2021,,66.158,,"PDRB Per Kapita Atas Dasar Harga Berlaku di Provinsi Kalimantan Tengah Menurut Kabupaten/Kota (ribu rupiah), 2021–2025","Per Capita GRDP at Current Market Prices by Regency/Municipality, in Kalimantan Tengah Province (thousand rupiahss), 2021–2025",21,1,e55d3f9ddd4a
KALIMANTAN TENGAH,,Jml Kab./Kota Total of Reg./Mun.,,2021,,62.750,,"PDRB Per Kapita Atas Dasar Harga Berlaku di Provinsi Kalimantan Tengah Menurut Kabupaten/Kota (ribu rupiah), 2021–2025","Per Capita GRDP at Current Market Prices by Regency/Municipality, in Kalimantan Tengah Province (thousand rupiahss), 2021–2025",21,1,02b7fcd1575f
KALIMANTAN TENGAH,,Provinsi/Province,,2021,,62.834,,"PDRB Per Kapita Atas Dasar Harga Berlaku di Provinsi Kalimantan Tengah Menurut Kabupaten/Kota (ribu rupiah), 2021–2025","Per Capita GRDP at Current Market Prices by Regency/Municipality, in Kalimantan Tengah Province (thousand rupiahss), 2021–2025",21,1,b56697acebbb
KALIMANTAN SELATAN,01,Kab. Tanah Laut,,2021,,43.502,,"PDRB Per Kapita Atas Dasar Harga Berlaku di Provinsi Kalimantan Selatan Menurut Kabupaten/Kota (ribu rupiah), 2021–2025","Per Capita GRDP at Current Market Prices by Regency/Municipality, in Kalimantan Selatan Province (thousand rupiahss), 2021–2025",22,2,0fdc7fd31800
KALIMANTAN SELATAN,02,Kab. Kota Baru,,2021,,80.388,,"PDRB Per Kapita Atas Dasar Harga Berlaku di Provinsi Kalimantan Selatan Menurut Kabupaten/Kota (ribu rupiah), 2021–2025","Per Capita GRDP at Current Market Prices by Regency/Municipality, in Kalimantan Selatan Province (thousand rupiahss), 2021–2025",22,2,c2d987a9751b
KALIMANTAN SELATAN,03,Kab. Banjar,,2021,,31.308,,"PDRB Per Kapita Atas Dasar Harga Berlaku di Provinsi Kalimantan Selatan Menurut Kabupaten/Kota (ribu rupiah), 2021–2025","Per Capita GRDP at Current Market Prices by Regency/Municipality, in Kalimantan Selatan Province (thousand rupiahss), 2021–2025",22,2,4aef6c941306
KALIMANTAN SELATAN,04,Kab. Barito Kuala,,2021,,28.971,,"PDRB Per Kapita Atas Dasar Harga Berlaku di Provinsi Kalimantan Selatan Menurut Kabupaten/Kota (ribu rupiah), 2021–2025","Per Capita GRDP at Current Market Prices by Regency/Municipality, in Kalimantan Selatan Province (thousand rupiahss), 2021–2025",22,2,af5b91c779a3
KALIMANTAN SELATAN,05,Kab. Tapin,,2021,,49.019,,"PDRB Per Kapita Atas Dasar Harga Berlaku di Provinsi Kalimantan Selatan Menurut Kabupaten/Kota (ribu rupiah), 2021–2025","Per Capita GRDP at Current Market Prices by Regency/Municipality, in Kalimantan Selatan Province (thousand rupiahss), 2021–2025",22,2,c57d82511468
KALIMANTAN SELATAN,06,Kab. Hulu Sungai Selatan,,2021,,30.944,,"PDRB Per Kapita Atas Dasar Harga Berlaku di Provinsi Kalimantan Selatan Menurut Kabupaten/Kota (ribu rupiah), 2021–2025","Per Capita GRDP at Current Market Prices by Regency/Municipality, in Kalimantan Selatan Province (thousand rupiahss), 2021–2025",22,2,3d9c6961ef3c
KALIMANTAN SELATAN,07,Kab. Hulu Sungai Tengah,,2021,,28.339,,"PDRB Per Kapita Atas Dasar Harga Berlaku di Provinsi Kalimantan Selatan Menurut Kabupaten/Kota (ribu rupiah), 2021–2025","Per Capita GRDP at Current Market Prices by Regency/Municipality, in Kalimantan Selatan Province (thousand rupiahss), 2021–2025",22,2,2d92318f94c5
KALIMANTAN SELATAN,08,Kab. Hulu Sungai Utara,,2021,,22.931,,"PDRB Per Kapita Atas Dasar Harga Berlaku di Provinsi Kalimantan Selatan Menurut Kabupaten/Kota (ribu rupiah), 2021–2025","Per Capita GRDP at Current Market Prices by Regency/Municipality, in Kalimantan Selatan Province (thousand rupiahss), 2021–2025",22,2,72d69fe2d66c
KALIMANTAN SELATAN,09,Kab. Tabalong,,2021,,77.830,,"PDRB Per Kapita Atas Dasar Harga Berlaku di Provinsi Kalimantan Selatan Menurut Kabupaten/Kota (ribu rupiah), 2021–2025","Per Capita GRDP at Current Market Prices by Regency/Municipality, in Kalimantan Selatan Province (thousand rupiahss), 2021–2025",22,2,76521f17255e
KALIMANTAN SELATAN,10,Kab. Tanah Bumbu,,2021,,69.333,,"PDRB Per Kapita Atas Dasar Harga Berlaku di Provinsi Kalimantan Selatan Menurut Kabupaten/Kota (ribu rupiah), 2021–2025","Per Capita GRDP at Current Market Prices by Regency/Municipality, in Kalimantan Selatan Province (thousand rupiahss), 2021–2025",22,2,8a4b8c737310
KALIMANTAN SELATAN,11,Kab. Balangan,,2021,,93.645,,"PDRB Per Kapita Atas Dasar Harga Berlaku di Provinsi Kalimantan Selatan Menurut Kabupaten/Kota (ribu rupiah), 2021–2025","Per Capita GRDP at Current Market Prices by Regency/Municipality, in Kalimantan Selatan Province (thousand rupiahss), 2021–2025",22,2,747aaf747ec4
KALIMANTAN SELATAN,71,Kota Banjarmasin,,2021,,52.333,,"PDRB Per Kapita Atas Dasar Harga Berlaku di Provinsi Kalimantan Selatan Menurut Kabupaten/Kota (ribu rupiah), 2021–2025","Per Capita GRDP at Current Market Prices by Regency/Municipality, in Kalimantan Selatan Province (thousand rupiahss), 2021–2025",22,2,62a6d574253e
KALIMANTAN SELATAN,72,Kota Banjar Baru,,2021,,38.867,,"PDRB Per Kapita Atas Dasar Harga Berlaku di Provinsi Kalimantan Selatan Menurut Kabupaten/Kota (ribu rupiah), 2021–2025","Per Capita GRDP at Current Market Prices by Regency/Municipality, in Kalimantan Selatan Province (thousand rupiahss), 2021–2025",22,2,cb40afb8fdee
KALIMANTAN SELATAN,,Jml Kab./Kota Total of Reg./Mun.,,2021,,48.012,,"PDRB Per Kapita Atas Dasar Harga Berlaku di Provinsi Kalimantan Selatan Menurut Kabupaten/Kota (ribu rupiah), 2021–2025","Per Capita GRDP at Current Market Prices by Regency/Municipality, in Kalimantan Selatan Province (thousand rupiahss), 2021–2025",22,2,20afa677d45d
KALIMANTAN SELATAN,,Provinsi/Province,,2021,,48.066,,"PDRB Per Kapita Atas Dasar Harga Berlaku di Provinsi Kalimantan Selatan Menurut Kabupaten/Kota (ribu rupiah), 2021–2025","Per Capita GRDP at Current Market Prices by Regency/Municipality, in Kalimantan Selatan Province (thousand rupiahss), 2021–2025",22,2,016c539fc92e
KALIMANTAN TIMUR,01,Kab. Paser,,2021,,193.818,,"PDRB Per Kapita Atas Dasar Harga Berlaku di Provinsi Kalimantan Timur Menurut Kabupaten/Kota (ribu rupiah), 2021–2025","Per Capita GRDP at Current Market Prices by Regency/Municipality, in Kalimantan Timur Province (thousand rupiahss), 2021–2025",23,3,f6922c60c3fb
KALIMANTAN TIMUR,02,Kab. Kutai Barat,,2021,,184.710,,"PDRB Per Kapita Atas Dasar Harga Berlaku di Provinsi Kalimantan Timur Menurut Kabupaten/Kota (ribu rupiah), 2021–2025","Per Capita GRDP at Current Market Prices by Regency/Municipality, in Kalimantan Timur Province (thousand rupiahss), 2021–2025",23,3,988a212f20a2
KALIMANTAN TIMUR,03,Kab. Kutai Kartanegara,,2021,,241.067,,"PDRB Per Kapita Atas Dasar Harga Berlaku di Provinsi Kalimantan Timur Menurut Kabupaten/Kota (ribu rupiah), 2021–2025","Per Capita GRDP at Current Market Prices by Regency/Municipality, in Kalimantan Timur Province (thousand rupiahss), 2021–2025",23,3,bf938022ef6e
KALIMANTAN TIMUR,04,Kab. Kutai Timur,,2021,,310.292,,"PDRB Per Kapita Atas Dasar Harga Berlaku di Provinsi Kalimantan Timur Menurut Kabupaten/Kota (ribu rupiah), 2021–2025","Per Capita GRDP at Current Market Prices by Regency/Municipality, in Kalimantan Timur Province (thousand rupiahss), 2021–2025",23,3,97b13b1ac7ad
KALIMANTAN TIMUR,05,Kab. Berau,,2021,,171.494,,"PDRB Per Kapita Atas Dasar Harga Berlaku di Provinsi Kalimantan Timur Menurut Kabupaten/Kota (ribu rupiah), 2021–2025","Per Capita GRDP at Current Market Prices by Regency/Municipality, in Kalimantan Timur Province (thousand rupiahss), 2021–2025",23,3,e467923bcd18
KALIMANTAN TIMUR,09,Kab. Penajam Paser Utara,,2021,,55.871,,"PDRB Per Kapita Atas Dasar Harga Berlaku di Provinsi Kalimantan Timur Menurut Kabupaten/Kota (ribu rupiah), 2021–2025","Per Capita GRDP at Current Market Prices by Regency/Municipality, in Kalimantan Timur Province (thousand rupiahss), 2021–2025",23,3,bf249b6c143f
KALIMANTAN TIMUR,11,Kab. Mahakam Ulu,,2021,,90.432,,"PDRB Per Kapita Atas Dasar Harga Berlaku di Provinsi Kalimantan Timur Menurut Kabupaten/Kota (ribu rupiah), 2021–2025","Per Capita GRDP at Current Market Prices by Regency/Municipality, in Kalimantan Timur Province (thousand rupiahss), 2021–2025",23,3,5c64e1e8ec69
KALIMANTAN TIMUR,71,Kota Balikpapan,,2021,,160.304,,"PDRB Per Kapita Atas Dasar Harga Berlaku di Provinsi Kalimantan Timur Menurut Kabupaten/Kota (ribu rupiah), 2021–2025","Per Capita GRDP at Current Market Prices by Regency/Municipality, in Kalimantan Timur Province (thousand rupiahss), 2021–2025",23,3,eedafee6d6c2
KALIMANTAN TIMUR,72,Kota Samarinda,,2021,,85.219,,"PDRB Per Kapita Atas Dasar Harga Berlaku di Provinsi Kalimantan Timur Menurut Kabupaten/Kota (ribu rupiah), 2021–2025","Per Capita GRDP at Current Market Prices by Regency/Municipality, in Kalimantan Timur Province (thousand rupiahss), 2021–2025",23,3,c686d8885f22
KALIMANTAN TIMUR,74,Kota Bontang,,2021,,320.304,,"PDRB Per Kapita Atas Dasar Harga Berlaku di Provinsi Kalimantan Timur Menurut Kabupaten/Kota (ribu rupiah), 2021–2025","Per Capita GRDP at Current Market Prices by Regency/Municipality, in Kalimantan Timur Province (thousand rupiahss), 2021–2025",23,3,1f5b2562d22c
KALIMANTAN TIMUR,,Jml Kab./Kota Total of Reg./Mun.,,2021,,183.158,,"PDRB Per Kapita Atas Dasar Harga Berlaku di Provinsi Kalimantan Timur Menurut Kabupaten/Kota (ribu rupiah), 2021–2025","Per Capita GRDP at Current Market Prices by Regency/Municipality, in Kalimantan Timur Province (thousand rupiahss), 2021–2025",23,3,2d14487ee6d1
KALIMANTAN TIMUR,,Provinsi/Province,,2021,,183.158,,"PDRB Per Kapita Atas Dasar Harga Berlaku di Provinsi Kalimantan Timur Menurut Kabupaten/Kota (ribu rupiah), 2021–2025","Per Capita GRDP at Current Market Prices by Regency/Municipality, in Kalimantan Timur Province (thousand rupiahss), 2021–2025",23,3,ddba42839b63
KALIMANTAN UTARA,01,Kab. Malinau,,2021,,154.010,,"PDRB Per Kapita Atas Dasar Harga Berlaku di Provinsi Kalimantan Utara Menurut Kabupaten/Kota (ribu rupiah), 2021–2025","Per Capita GRDP at Current Market Prices by Regency/Municipality, in Kalimantan Utara Province (thousand rupiahss), 2021–2025",24,4,c10dea576247
KALIMANTAN UTARA,02,Kab. Bulungan,,2021,,131.808,,"PDRB Per Kapita Atas Dasar Harga Berlaku di Provinsi Kalimantan Utara Menurut Kabupaten/Kota (ribu rupiah), 2021–2025","Per Capita GRDP at Current Market Prices by Regency/Municipality, in Kalimantan Utara Province (thousand rupiahss), 2021–2025",24,4,20d775e4e71b
KALIMANTAN UTARA,03,Kab. Tana Tidung,,2021,,258.113,,"PDRB Per Kapita Atas Dasar Harga Berlaku di Provinsi Kalimantan Utara Menurut Kabupaten/Kota (ribu rupiah), 2021–2025","Per Capita GRDP at Current Market Prices by Regency/Municipality, in Kalimantan Utara Province (thousand rupiahss), 2021–2025",24,4,7c85c91b4092
KALIMANTAN UTARA,04,Kab. Nunukan,,2021,,147.671,,"PDRB Per Kapita Atas Dasar Harga Berlaku di Provinsi Kalimantan Utara Menurut Kabupaten/Kota (ribu rupiah), 2021–2025","Per Capita GRDP at Current Market Prices by Regency/Municipality, in Kalimantan Utara Province (thousand rupiahss), 2021–2025",24,4,10d56c85ca3f
KALIMANTAN UTARA,71,Kota Tarakan,,2021,,170.703,,"PDRB Per Kapita Atas Dasar Harga Berlaku di Provinsi Kalimantan Utara Menurut Kabupaten/Kota (ribu rupiah), 2021–2025","Per Capita GRDP at Current Market Prices by Regency/Municipality, in Kalimantan Utara Province (thousand rupiahss), 2021–2025",24,4,cefca640761b
KALIMANTAN UTARA,,Jml Kab./Kota Total of Reg./Mun.,,2021,,156.999,,"PDRB Per Kapita Atas Dasar Harga Berlaku di Provinsi Kalimantan Utara Menurut Kabupaten/Kota (ribu rupiah), 2021–2025","Per Capita GRDP at Current Market Prices by Regency/Municipality, in Kalimantan Utara Province (thousand rupiahss), 2021–2025",24,4,c2bab89cac49
KALIMANTAN UTARA,,Provinsi/Province,,2021,,157.092,,"PDRB Per Kapita Atas Dasar Harga Berlaku di Provinsi Kalimantan Utara Menurut Kabupaten/Kota (ribu rupiah), 2021–2025","Per Capita GRDP at Current Market Prices by Regency/Municipality, in Kalimantan Utara Province (thousand rupiahss), 2021–2025",24,4,8463191d3434
SULAWESI UTARA,01,Kab. Bolaang Mongondow,,2021,,35.782,,"PDRB Per Kapita Atas Dasar Harga Berlaku di Provinsi Sulawesi Utara Menurut Kabupaten/Kota (ribu rupiah), 2021–2025","Per Capita GRDP at Current Market Prices by Regency/Municipality, in Sulawesi Utara Province (thousand rupiahss), 2021–2025",25,5,69dafcc22bd7
SULAWESI UTARA,02,Kab. Minahasa,,2021,,53.486,,"PDRB Per Kapita Atas Dasar Harga Berlaku di Provinsi Sulawesi Utara Menurut Kabupaten/Kota (ribu rupiah), 2021–2025","Per Capita GRDP at Current Market Prices by Regency/Municipality, in Sulawesi Utara Province (thousand rupiahss), 2021–2025",25,5,65e04ba068e7
SULAWESI UTARA,03,Kab. Kepulauan Sangihe,,2021,,34.209,,"PDRB Per Kapita Atas Dasar Harga Berlaku di Provinsi Sulawesi Utara Menurut Kabupaten/Kota (ribu rupiah), 2021–2025","Per Capita GRDP at Current Market Prices by Regency/Municipality, in Sulawesi Utara Province (thousand rupiahss), 2021–2025",25,5,976df21267b0
SULAWESI UTARA,04,Kab. Kepulauan Talaud,,2021,,25.416,,"PDRB Per Kapita Atas Dasar Harga Berlaku di Provinsi Sulawesi Utara Menurut Kabupaten/Kota (ribu rupiah), 2021–2025","Per Capita GRDP at Current Market Prices by Regency/Municipality, in Sulawesi Utara Province (thousand rupiahss), 2021–2025",25,5,d99a0137ff16
SULAWESI UTARA,05,Kab. Minahasa Selatan,,2021,,40.353,,"PDRB Per Kapita Atas Dasar Harga Berlaku di Provinsi Sulawesi Utara Menurut Kabupaten/Kota (ribu rupiah), 2021–2025","Per Capita GRDP at Current Market Prices by Regency/Municipality, in Sulawesi Utara Province (thousand rupiahss), 2021–2025",25,5,a3252853ee57
SULAWESI UTARA,06,Kab. Minahasa Utara,,2021,,69.241,,"PDRB Per Kapita Atas Dasar Harga Berlaku di Provinsi Sulawesi Utara Menurut Kabupaten/Kota (ribu rupiah), 2021–2025","Per Capita GRDP at Current Market Prices by Regency/Municipality, in Sulawesi Utara Province (thousand rupiahss), 2021–2025",25,5,e8044899a216
SULAWESI UTARA,07,Kab. Bolaang Mongondow Utara,,2021,,32.496,,"PDRB Per Kapita Atas Dasar Harga Berlaku di Provinsi Sulawesi Utara Menurut Kabupaten/Kota (ribu rupiah), 2021–2025","Per Capita GRDP at Current Market Prices by Regency/Municipality, in Sulawesi Utara Province (thousand rupiahss), 2021–2025",25,5,e0bb8540c45a
SULAWESI UTARA,08,Kab. Siau Tagulandang Biaro,,2021,,36.341,,"PDRB Per Kapita Atas Dasar Harga Berlaku di Provinsi Sulawesi Utara Menurut Kabupaten/Kota (ribu rupiah), 2021–2025","Per Capita GRDP at Current Market Prices by Regency/Municipality, in Sulawesi Utara Province (thousand rupiahss), 2021–2025",25,5,89200195b688
SULAWESI UTARA,09,Kab. Minahasa Tenggara,,2021,,48.005,,"PDRB Per Kapita Atas Dasar Harga Berlaku di Provinsi Sulawesi Utara Menurut Kabupaten/Kota (ribu rupiah), 2021–2025","Per Capita GRDP at Current Market Prices by Regency/Municipality, in Sulawesi Utara Province (thousand rupiahss), 2021–2025",25,5,a3d12069d1ee
SULAWESI UTARA,10,Kab. Bolaang Mongondow Selatan,,2021,,32.590,,"PDRB Per Kapita Atas Dasar Harga Berlaku di Provinsi Sulawesi Utara Menurut Kabupaten/Kota (ribu rupiah), 2021–2025","Per Capita GRDP at Current Market Prices by Regency/Municipality, in Sulawesi Utara Province (thousand rupiahss), 2021–2025",25,5,d0e3ad34a1d1
SULAWESI UTARA,11,Kab. Bolaang Mongondow Timur,,2021,,36.448,,"PDRB Per Kapita Atas Dasar Harga Berlaku di Provinsi Sulawesi Utara Menurut Kabupaten/Kota (ribu rupiah), 2021–2025","Per Capita GRDP at Current Market Prices by Regency/Municipality, in Sulawesi Utara Province (thousand rupiahss), 2021–2025",25,5,46c2dc4d2ce6
SULAWESI UTARA,71,Kota Manado,,2021,,86.999,,"PDRB Per Kapita Atas Dasar Harga Berlaku di Provinsi Sulawesi Utara Menurut Kabupaten/Kota (ribu rupiah), 2021–2025","Per Capita GRDP at Current Market Prices by Regency/Municipality, in Sulawesi Utara Province (thousand rupiahss), 2021–2025",25,5,7022ee283351
SULAWESI UTARA,72,Kota Bitung,,2021,,82.191,,"PDRB Per Kapita Atas Dasar Harga Berlaku di Provinsi Sulawesi Utara Menurut Kabupaten/Kota (ribu rupiah), 2021–2025","Per Capita GRDP at Current Market Prices by Regency/Municipality, in Sulawesi Utara Province (thousand rupiahss), 2021–2025",25,5,6ed486a9c9a6
SULAWESI UTARA,73,Kota Tomohon,,2021,,45.295,,"PDRB Per Kapita Atas Dasar Harga Berlaku di Provinsi Sulawesi Utara Menurut Kabupaten/Kota (ribu rupiah), 2021–2025","Per Capita GRDP at Current Market Prices by Regency/Municipality, in Sulawesi Utara Province (thousand rupiahss), 2021–2025",25,5,abbbfb38e795
SULAWESI UTARA,74,Kota Kotamobagu,,2021,,32.295,,"PDRB Per Kapita Atas Dasar Harga Berlaku di Provinsi Sulawesi Utara Menurut Kabupaten/Kota (ribu rupiah), 2021–2025","Per Capita GRDP at Current Market Prices by Regency/Municipality, in Sulawesi Utara Province (thousand rupiahss), 2021–2025",25,5,64c3d883a5cd
SULAWESI UTARA,,Jml Kab./Kota Total of Reg./Mun.,,2021,,54.351,,"PDRB Per Kapita Atas Dasar Harga Berlaku di Provinsi Sulawesi Utara Menurut Kabupaten/Kota (ribu rupiah), 2021–2025","Per Capita GRDP at Current Market Prices by Regency/Municipality, in Sulawesi Utara Province (thousand rupiahss), 2021–2025",25,5,b90167c75041
SULAWESI UTARA,,Provinsi/Province,,2021,,54.034,,"PDRB Per Kapita Atas Dasar Harga Berlaku di Provinsi Sulawesi Utara Menurut Kabupaten/Kota (ribu rupiah), 2021–2025","Per Capita GRDP at Current Market Prices by Regency/Municipality, in Sulawesi Utara Province (thousand rupiahss), 2021–2025",25,5,6edf0d165d46
SULAWESI TENGAH,01,Kab. Banggai Kepulauan,,2021,,34.117,,"PDRB Per Kapita Atas Dasar Harga Berlaku di Provinsi Sulawesi Tengah Menurut Kabupaten/Kota (ribu rupiah), 2021–2025","Per Capita GRDP at Current Market Prices by Regency/Municipality, in Sulawesi Tengah Province (thousand rupiahss), 2021–2025",26,6,c69e7cca6e7d
SULAWESI TENGAH,02,Kab. Banggai,,2021,,84.300,,"PDRB Per Kapita Atas Dasar Harga Berlaku di Provinsi Sulawesi Tengah Menurut Kabupaten/Kota (ribu rupiah), 2021–2025","Per Capita GRDP at Current Market Prices by Regency/Municipality, in Sulawesi Tengah Province (thousand rupiahss), 2021–2025",26,6,c87770a4e56f
SULAWESI TENGAH,03,Kab. Morowali,,2021,,601.783,,"PDRB Per Kapita Atas Dasar Harga Berlaku di Provinsi Sulawesi Tengah Menurut Kabupaten/Kota (ribu rupiah), 2021–2025","Per Capita GRDP at Current Market Prices by Regency/Municipality, in Sulawesi Tengah Province (thousand rupiahss), 2021–2025",26,6,1f1ca3d5c781
SULAWESI TENGAH,04,Kab. Poso,,2021,,40.246,,"PDRB Per Kapita Atas Dasar Harga Berlaku di Provinsi Sulawesi Tengah Menurut Kabupaten/Kota (ribu rupiah), 2021–2025","Per Capita GRDP at Current Market Prices by Regency/Municipality, in Sulawesi Tengah Province (thousand rupiahss), 2021–2025",26,6,152bc5b49703
SULAWESI TENGAH,05,Kab. Donggala,,2021,,41.481,,"PDRB Per Kapita Atas Dasar Harga Berlaku di Provinsi Sulawesi Tengah Menurut Kabupaten/Kota (ribu rupiah), 2021–2025","Per Capita GRDP at Current Market Prices by Regency/Municipality, in Sulawesi Tengah Province (thousand rupiahss), 2021–2025",26,6,f9d6e3268a1c
SULAWESI TENGAH,06,Kab. Toli-Toli,,2021,,39.195,,"PDRB Per Kapita Atas Dasar Harga Berlaku di Provinsi Sulawesi Tengah Menurut Kabupaten/Kota (ribu rupiah), 2021–2025","Per Capita GRDP at Current Market Prices by Regency/Municipality, in Sulawesi Tengah Province (thousand rupiahss), 2021–2025",26,6,11a82a04f531
SULAWESI TENGAH,07,Kab. Buol,,2021,,41.783,,"PDRB Per Kapita Atas Dasar Harga Berlaku di Provinsi Sulawesi Tengah Menurut Kabupaten/Kota (ribu rupiah), 2021–2025","Per Capita GRDP at Current Market Prices by Regency/Municipality, in Sulawesi Tengah Province (thousand rupiahss), 2021–2025",26,6,a4a38e5839f3
SULAWESI TENGAH,08,Kab. Parigi Moutong,,2021,,41.504,,"PDRB Per Kapita Atas Dasar Harga Berlaku di Provinsi Sulawesi Tengah Menurut Kabupaten/Kota (ribu rupiah), 2021–2025","Per Capita GRDP at Current Market Prices by Regency/Municipality, in Sulawesi Tengah Province (thousand rupiahss), 2021–2025",26,6,5b8040401261
SULAWESI TENGAH,09,Kab. Tojo Una-Una,,2021,,35.928,,"PDRB Per Kapita Atas Dasar Harga Berlaku di Provinsi Sulawesi Tengah Menurut Kabupaten/Kota (ribu rupiah), 2021–2025","Per Capita GRDP at Current Market Prices by Regency/Municipality, in Sulawesi Tengah Province (thousand rupiahss), 2021–2025",26,6,fbd45a562778
SULAWESI TENGAH,10,Kab. Sigi,,2021,,37.417,,"PDRB Per Kapita Atas Dasar Harga Berlaku di Provinsi Sulawesi Tengah Menurut Kabupaten/Kota (ribu rupiah), 2021–2025","Per Capita GRDP at Current Market Prices by Regency/Municipality, in Sulawesi Tengah Province (thousand rupiahss), 2021–2025",26,6,096b3cb425d2
SULAWESI TENGAH,11,Kab. Banggai Laut,,2021,,35.470,,"PDRB Per Kapita Atas Dasar Harga Berlaku di Provinsi Sulawesi Tengah Menurut Kabupaten/Kota (ribu rupiah), 2021–2025","Per Capita GRDP at Current Market Prices by Regency/Municipality, in Sulawesi Tengah Province (thousand rupiahss), 2021–2025",26,6,80c3f34f15b4
SULAWESI TENGAH,12,Kab. Morowali Utara,,2021,,107.122,,"PDRB Per Kapita Atas Dasar Harga Berlaku di Provinsi Sulawesi Tengah Menurut Kabupaten/Kota (ribu rupiah), 2021–2025","Per Capita GRDP at Current Market Prices by Regency/Municipality, in Sulawesi Tengah Province (thousand rupiahss), 2021–2025",26,6,4875c829d3d2
SULAWESI TENGAH,71,Kota Palu,,2021,,69.334,,"PDRB Per Kapita Atas Dasar Harga Berlaku di Provinsi Sulawesi Tengah Menurut Kabupaten/Kota (ribu rupiah), 2021–2025","Per Capita GRDP at Current Market Prices by Regency/Municipality, in Sulawesi Tengah Province (thousand rupiahss), 2021–2025",26,6,1371e13a1e16
SULAWESI TENGAH,,Jml Kab./Kota Total of Reg./Mun.,,2021,,82.022,,"PDRB Per Kapita Atas Dasar Harga Berlaku di Provinsi Sulawesi Tengah Menurut Kabupaten/Kota (ribu rupiah), 2021–2025","Per Capita GRDP at Current Market Prices by Regency/Municipality, in Sulawesi Tengah Province (thousand rupiahss), 2021–2025",26,6,3bd9d5481406
SULAWESI TENGAH,,Provinsi/Province,,2021,,82.017,,"PDRB Per Kapita Atas Dasar Harga Berlaku di Provinsi Sulawesi Tengah Menurut Kabupaten/Kota (ribu rupiah), 2021–2025","Per Capita GRDP at Current Market Prices by Regency/Municipality, in Sulawesi Tengah Province (thousand rupiahss), 2021–2025",26,6,1ea29357906c
SULAWESI SELATAN,01,Kab. Kepulauan Selayar,,2021,,49.475,,"PDRB Per Kapita Atas Dasar Harga Berlaku di Provinsi Sulawesi Selatan Menurut Kabupaten/Kota (ribu rupiah), 2021–2025","Per Capita GRDP at Current Market Prices by Regency/Municipality, in Sulawesi Selatan Province (thousand rupiahss), 2021–2025",27,7,5b1fe0889377
SULAWESI SELATAN,02,Kab. Bulukumba,,2021,,35.968,,"PDRB Per Kapita Atas Dasar Harga Berlaku di Provinsi Sulawesi Selatan Menurut Kabupaten/Kota (ribu rupiah), 2021–2025","Per Capita GRDP at Current Market Prices by Regency/Municipality, in Sulawesi Selatan Province (thousand rupiahss), 2021–2025",27,7,f558d0c24461
SULAWESI SELATAN,03,Kab. Bantaeng,,2021,,50.787,,"PDRB Per Kapita Atas Dasar Harga Berlaku di Provinsi Sulawesi Selatan Menurut Kabupaten/Kota (ribu rupiah), 2021–2025","Per Capita GRDP at Current Market Prices by Regency/Municipality, in Sulawesi Selatan Province (thousand rupiahss), 2021–2025",27,7,de1ec78fea05
SULAWESI SELATAN,04,Kab. Jeneponto,,2021,,27.276,,"PDRB Per Kapita Atas Dasar Harga Berlaku di Provinsi Sulawesi Selatan Menurut Kabupaten/Kota (ribu rupiah), 2021–2025","Per Capita GRDP at Current Market Prices by Regency/Municipality, in Sulawesi Selatan Province (thousand rupiahss), 2021–2025",27,7,36e34809db22
SULAWESI SELATAN,05,Kab. Takalar,,2021,,36.578,,"PDRB Per Kapita Atas Dasar Harga Berlaku di Provinsi Sulawesi Selatan Menurut Kabupaten/Kota (ribu rupiah), 2021–2025","Per Capita GRDP at Current Market Prices by Regency/Municipality, in Sulawesi Selatan Province (thousand rupiahss), 2021–2025",27,7,c1b0e0b5da0b
SULAWESI SELATAN,06,Kab. Gowa,,2021,,30.361,,"PDRB Per Kapita Atas Dasar Harga Berlaku di Provinsi Sulawesi Selatan Menurut Kabupaten/Kota (ribu rupiah), 2021–2025","Per Capita GRDP at Current Market Prices by Regency/Municipality, in Sulawesi Selatan Province (thousand rupiahss), 2021–2025",27,7,99a4c13cdb3f
SULAWESI SELATAN,07,Kab. Sinjai,,2021,,46.991,,"PDRB Per Kapita Atas Dasar Harga Berlaku di Provinsi Sulawesi Selatan Menurut Kabupaten/Kota (ribu rupiah), 2021–2025","Per Capita GRDP at Current Market Prices by Regency/Municipality, in Sulawesi Selatan Province (thousand rupiahss), 2021–2025",27,7,0b5d0b2f5a13
SULAWESI SELATAN,08,Kab. Maros,,2021,,47.959,,"PDRB Per Kapita Atas Dasar Harga Berlaku di Provinsi Sulawesi Selatan Menurut Kabupaten/Kota (ribu rupiah), 2021–2025","Per Capita GRDP at Current Market Prices by Regency/Municipality, in Sulawesi Selatan Province (thousand rupiahss), 2021–2025",27,7,0bdd82a7894d
SULAWESI SELATAN,09,Kab. Pangkajene dan Kepulauan,,2021,,79.123,,"PDRB Per Kapita Atas Dasar Harga Berlaku di Provinsi Sulawesi Selatan Menurut Kabupaten/Kota (ribu rupiah), 2021–2025","Per Capita GRDP at Current Market Prices by Regency/Municipality, in Sulawesi Selatan Province (thousand rupiahss), 2021–2025",27,7,a01fe9a6447b
SULAWESI SELATAN,10,Kab. Barru,,2021,,43.465,,"PDRB Per Kapita Atas Dasar Harga Berlaku di Provinsi Sulawesi Selatan Menurut Kabupaten/Kota (ribu rupiah), 2021–2025","Per Capita GRDP at Current Market Prices by Regency/Municipality, in Sulawesi Selatan Province (thousand rupiahss), 2021–2025",27,7,57231116deca
SULAWESI SELATAN,11,Kab. Bone,,2021,,48.668,,"PDRB Per Kapita Atas Dasar Harga Berlaku di Provinsi Sulawesi Selatan Menurut Kabupaten/Kota (ribu rupiah), 2021–2025","Per Capita GRDP at Current Market Prices by Regency/Municipality, in Sulawesi Selatan Province (thousand rupiahss), 2021–2025",27,7,a1c910d71c95
SULAWESI SELATAN,12,Kab. Soppeng,,2021,,52.666,,"PDRB Per Kapita Atas Dasar Harga Berlaku di Provinsi Sulawesi Selatan Menurut Kabupaten/Kota (ribu rupiah), 2021–2025","Per Capita GRDP at Current Market Prices by Regency/Municipality, in Sulawesi Selatan Province (thousand rupiahss), 2021–2025",27,7,89ee30f048b9
SULAWESI SELATAN,13,Kab. Wajo,,2021,,58.551,,"PDRB Per Kapita Atas Dasar Harga Berlaku di Provinsi Sulawesi Selatan Menurut Kabupaten/Kota (ribu rupiah), 2021–2025","Per Capita GRDP at Current Market Prices by Regency/Municipality, in Sulawesi Selatan Province (thousand rupiahss), 2021–2025",27,7,f6512fd5c4fd
SULAWESI SELATAN,14,Kab. Sidenreng Rappang,,2021,,47.337,,"PDRB Per Kapita Atas Dasar Harga Berlaku di Provinsi Sulawesi Selatan Menurut Kabupaten/Kota (ribu rupiah), 2021–2025","Per Capita GRDP at Current Market Prices by Regency/Municipality, in Sulawesi Selatan Province (thousand rupiahss), 2021–2025",27,7,514d89876bf4
SULAWESI SELATAN,15,Kab. Pinrang,,2021,,53.258,,"PDRB Per Kapita Atas Dasar Harga Berlaku di Provinsi Sulawesi Selatan Menurut Kabupaten/Kota (ribu rupiah), 2021–2025","Per Capita GRDP at Current Market Prices by Regency/Municipality, in Sulawesi Selatan Province (thousand rupiahss), 2021–2025",27,7,daf19c28c619
SULAWESI SELATAN,16,Kab. Enrekang,,2021,,36.031,,"PDRB Per Kapita Atas Dasar Harga Berlaku di Provinsi Sulawesi Selatan Menurut Kabupaten/Kota (ribu rupiah), 2021–2025","Per Capita GRDP at Current Market Prices by Regency/Municipality, in Sulawesi Selatan Province (thousand rupiahss), 2021–2025",27,7,d729a270b96c
SULAWESI SELATAN,17,Kab. Luwu,,2021,,48.299,,"PDRB Per Kapita Atas Dasar Harga Berlaku di Provinsi Sulawesi Selatan Menurut Kabupaten/Kota (ribu rupiah), 2021–2025","Per Capita GRDP at Current Market Prices by Regency/Municipality, in Sulawesi Selatan Province (thousand rupiahss), 2021–2025",27,7,47d872d47762
SULAWESI SELATAN,18,Kab. Tana Toraja,,2021,,28.532,,"PDRB Per Kapita Atas Dasar Harga Berlaku di Provinsi Sulawesi Selatan Menurut Kabupaten/Kota (ribu rupiah), 2021–2025","Per Capita GRDP at Current Market Prices by Regency/Municipality, in Sulawesi Selatan Province (thousand rupiahss), 2021–2025",27,7,6cc354cb303e
SULAWESI SELATAN,22,Kab. Luwu Utara,,2021,,44.198,,"PDRB Per Kapita Atas Dasar Harga Berlaku di Provinsi Sulawesi Selatan Menurut Kabupaten/Kota (ribu rupiah), 2021–2025","Per Capita GRDP at Current Market Prices by Regency/Municipality, in Sulawesi Selatan Province (thousand rupiahss), 2021–2025",27,7,659d4be59e78
SULAWESI SELATAN,25,Kab. Luwu Timur,,2021,,78.707,,"PDRB Per Kapita Atas Dasar Harga Berlaku di Provinsi Sulawesi Selatan Menurut Kabupaten/Kota (ribu rupiah), 2021–2025","Per Capita GRDP at Current Market Prices by Regency/Municipality, in Sulawesi Selatan Province (thousand rupiahss), 2021–2025",27,7,09b22b495348
SULAWESI SELATAN,26,Kab. Toraja Utara,,2021,,39.118,,"PDRB Per Kapita Atas Dasar Harga Berlaku di Provinsi Sulawesi Selatan Menurut Kabupaten/Kota (ribu rupiah), 2021–2025","Per Capita GRDP at Current Market Prices by Regency/Municipality, in Sulawesi Selatan Province (thousand rupiahss), 2021–2025",27,7,d63d99ebeab7
SULAWESI SELATAN,71,Kota Makassar,,2021,,132.678,,"PDRB Per Kapita Atas Dasar Harga Berlaku di Provinsi Sulawesi Selatan Menurut Kabupaten/Kota (ribu rupiah), 2021–2025","Per Capita GRDP at Current Market Prices by Regency/Municipality, in Sulawesi Selatan Province (thousand rupiahss), 2021–2025",27,7,dfc5b233b4bf
SULAWESI SELATAN,72,Kota Parepare,,2021,,51.026,,"PDRB Per Kapita Atas Dasar Harga Berlaku di Provinsi Sulawesi Selatan Menurut Kabupaten/Kota (ribu rupiah), 2021–2025","Per Capita GRDP at Current Market Prices by Regency/Municipality, in Sulawesi Selatan Province (thousand rupiahss), 2021–2025",27,7,3002e6379b90
SULAWESI SELATAN,73,Kota Palopo,,2021,,46.627,,"PDRB Per Kapita Atas Dasar Harga Berlaku di Provinsi Sulawesi Selatan Menurut Kabupaten/Kota (ribu rupiah), 2021–2025","Per Capita GRDP at Current Market Prices by Regency/Municipality, in Sulawesi Selatan Province (thousand rupiahss), 2021–2025",27,7,f0f14182ef1b
SULAWESI SELATAN,,Jml Kab./Kota Total of Reg./Mun.,,2021,,59.619,,"PDRB Per Kapita Atas Dasar Harga Berlaku di Provinsi Sulawesi Selatan Menurut Kabupaten/Kota (ribu rupiah), 2021–2025","Per Capita GRDP at Current Market Prices by Regency/Municipality, in Sulawesi Selatan Province (thousand rupiahss), 2021–2025",27,7,f60d304f0eec
SULAWESI SELATAN,,Provinsi/Province,,2021,,59.503,,"PDRB Per Kapita Atas Dasar Harga Berlaku di Provinsi Sulawesi Selatan Menurut Kabupaten/Kota (ribu rupiah), 2021–2025","Per Capita GRDP at Current Market Prices by Regency/Municipality, in Sulawesi Selatan Province (thousand rupiahss), 2021–2025",27,7,89472d98d093
SULAWESI TENGGARA,01,Kab. Buton,,2021,,34.615,,"PDRB Per Kapita Atas Dasar Harga Berlaku di Provinsi Sulawesi Tenggara Menurut Kabupaten/Kota (ribu rupiah), 2021–2025","Per Capita GRDP at Current Market Prices by Regency/Municipality, in Sulawesi Tenggara Province (thousand rupiahss), 2021–2025",28,8,055c40139499
SULAWESI TENGGARA,02,Kab. Muna,,2021,,33.777,,"PDRB Per Kapita Atas Dasar Harga Berlaku di Provinsi Sulawesi Tenggara Menurut Kabupaten/Kota (ribu rupiah), 2021–2025","Per Capita GRDP at Current Market Prices by Regency/Municipality, in Sulawesi Tenggara Province (thousand rupiahss), 2021–2025",28,8,cac65a561aac
SULAWESI TENGGARA,03,Kab. Konawe,,2021,,44.344,,"PDRB Per Kapita Atas Dasar Harga Berlaku di Provinsi Sulawesi Tenggara Menurut Kabupaten/Kota (ribu rupiah), 2021–2025","Per Capita GRDP at Current Market Prices by Regency/Municipality, in Sulawesi Tenggara Province (thousand rupiahss), 2021–2025",28,8,470e60de4acc
SULAWESI TENGGARA,04,Kab. Kolaka,,2021,,114.671,,"PDRB Per Kapita Atas Dasar Harga Berlaku di Provinsi Sulawesi Tenggara Menurut Kabupaten/Kota (ribu rupiah), 2021–2025","Per Capita GRDP at Current Market Prices by Regency/Municipality, in Sulawesi Tenggara Province (thousand rupiahss), 2021–2025",28,8,4a1f45a3aafb
SULAWESI TENGGARA,05,Kab. Konawe Selatan,,2021,,40.441,,"PDRB Per Kapita Atas Dasar Harga Berlaku di Provinsi Sulawesi Tenggara Menurut Kabupaten/Kota (ribu rupiah), 2021–2025","Per Capita GRDP at Current Market Prices by Regency/Municipality, in Sulawesi Tenggara Province (thousand rupiahss), 2021–2025",28,8,505cf156539b
SULAWESI TENGGARA,06,Kab. Bombana,,2021,,45.227,,"PDRB Per Kapita Atas Dasar Harga Berlaku di Provinsi Sulawesi Tenggara Menurut Kabupaten/Kota (ribu rupiah), 2021–2025","Per Capita GRDP at Current Market Prices by Regency/Municipality, in Sulawesi Tenggara Province (thousand rupiahss), 2021–2025",28,8,b84f87c6c81e
SULAWESI TENGGARA,07,Kab. Wakatobi,,2021,,41.758,,"PDRB Per Kapita Atas Dasar Harga Berlaku di Provinsi Sulawesi Tenggara Menurut Kabupaten/Kota (ribu rupiah), 2021–2025","Per Capita GRDP at Current Market Prices by Regency/Municipality, in Sulawesi Tenggara Province (thousand rupiahss), 2021–2025",28,8,aa684a7d6f78
SULAWESI TENGGARA,08,Kab. Kolaka Utara,,2021,,65.670,,"PDRB Per Kapita Atas Dasar Harga Berlaku di Provinsi Sulawesi Tenggara Menurut Kabupaten/Kota (ribu rupiah), 2021–2025","Per Capita GRDP at Current Market Prices by Regency/Municipality, in Sulawesi Tenggara Province (thousand rupiahss), 2021–2025",28,8,7e29da249ff7
SULAWESI TENGGARA,09,Kab. Buton Utara,,2021,,50.900,,"PDRB Per Kapita Atas Dasar Harga Berlaku di Provinsi Sulawesi Tenggara Menurut Kabupaten/Kota (ribu rupiah), 2021–2025","Per Capita GRDP at Current Market Prices by Regency/Municipality, in Sulawesi Tenggara Province (thousand rupiahss), 2021–2025",28,8,78424d1c88ff
SULAWESI TENGGARA,10,Kab. Konawe Utara,,2021,,61.689,,"PDRB Per Kapita Atas Dasar Harga Berlaku di Provinsi Sulawesi Tenggara Menurut Kabupaten/Kota (ribu rupiah), 2021–2025","Per Capita GRDP at Current Market Prices by Regency/Municipality, in Sulawesi Tenggara Province (thousand rupiahss), 2021–2025",28,8,216cd593d99c
SULAWESI TENGGARA,11,Kab. Kolaka Timur,,2021,,39.570,,"PDRB Per Kapita Atas Dasar Harga Berlaku di Provinsi Sulawesi Tenggara Menurut Kabupaten/Kota (ribu rupiah), 2021–2025","Per Capita GRDP at Current Market Prices by Regency/Municipality, in Sulawesi Tenggara Province (thousand rupiahss), 2021–2025",28,8,19d2efdce391
SULAWESI TENGGARA,12,Kab. Konawe Kepulauan,,2021,,39.027,,"PDRB Per Kapita Atas Dasar Harga Berlaku di Provinsi Sulawesi Tenggara Menurut Kabupaten/Kota (ribu rupiah), 2021–2025","Per Capita GRDP at Current Market Prices by Regency/Municipality, in Sulawesi Tenggara Province (thousand rupiahss), 2021–2025",28,8,434aba0ab88d
SULAWESI TENGGARA,13,Kab. Muna Barat,,2021,,32.472,,"PDRB Per Kapita Atas Dasar Harga Berlaku di Provinsi Sulawesi Tenggara Menurut Kabupaten/Kota (ribu rupiah), 2021–2025","Per Capita GRDP at Current Market Prices by Regency/Municipality, in Sulawesi Tenggara Province (thousand rupiahss), 2021–2025",28,8,03507ac7ef54
SULAWESI TENGGARA,14,Kab. Buton Tengah,,2021,,21.900,,"PDRB Per Kapita Atas Dasar Harga Berlaku di Provinsi Sulawesi Tenggara Menurut Kabupaten/Kota (ribu rupiah), 2021–2025","Per Capita GRDP at Current Market Prices by Regency/Municipality, in Sulawesi Tenggara Province (thousand rupiahss), 2021–2025",28,8,898ae5a09d01
SULAWESI TENGGARA,15,Kab. Buton Selatan,,2021,,31.084,,"PDRB Per Kapita Atas Dasar Harga Berlaku di Provinsi Sulawesi Tenggara Menurut Kabupaten/Kota (ribu rupiah), 2021–2025","Per Capita GRDP at Current Market Prices by Regency/Municipality, in Sulawesi Tenggara Province (thousand rupiahss), 2021–2025",28,8,ce70cb85d3d8
SULAWESI TENGGARA,71,Kota Kendari,,2021,,67.484,,"PDRB Per Kapita Atas Dasar Harga Berlaku di Provinsi Sulawesi Tenggara Menurut Kabupaten/Kota (ribu rupiah), 2021–2025","Per Capita GRDP at Current Market Prices by Regency/Municipality, in Sulawesi Tenggara Province (thousand rupiahss), 2021–2025",28,8,9260715c2830
SULAWESI TENGGARA,72,Kota Baubau,,2021,,59.694,,"PDRB Per Kapita Atas Dasar Harga Berlaku di Provinsi Sulawesi Tenggara Menurut Kabupaten/Kota (ribu rupiah), 2021–2025","Per Capita GRDP at Current Market Prices by Regency/Municipality, in Sulawesi Tenggara Province (thousand rupiahss), 2021–2025",28,8,2492b32f134b
SULAWESI TENGGARA,,Jml Kab./Kota Total of Reg./Mun.,,2021,,52.469,,"PDRB Per Kapita Atas Dasar Harga Berlaku di Provinsi Sulawesi Tenggara Menurut Kabupaten/Kota (ribu rupiah), 2021–2025","Per Capita GRDP at Current Market Prices by Regency/Municipality, in Sulawesi Tenggara Province (thousand rupiahss), 2021–2025",28,8,7399678a91aa
SULAWESI TENGGARA,,Provinsi/Province,,2021,,52.436,,"PDRB Per Kapita Atas Dasar Harga Berlaku di Provinsi Sulawesi Tenggara Menurut Kabupaten/Kota (ribu rupiah), 2021–2025","Per Capita GRDP at Current Market Prices by Regency/Municipality, in Sulawesi Tenggara Province (thousand rupiahss), 2021–2025",28,8,ae5c6048154b
GORONTALO,01,Kab. Boalemo,,2021,,38.886,,"PDRB Per Kapita Atas Dasar Harga Berlaku di Provinsi Gorontalo Menurut Kabupaten/Kota (ribu rupiah), 2021–2025","Per Capita GRDP at Current Market Prices by Regency/Municipality, in Gorontalo Province (thousand rupiahss), 2021–2025",29,9,b79fba7d7bdf
GORONTALO,02,Kab. Gorontalo,,2021,,34.566,,"PDRB Per Kapita Atas Dasar Harga Berlaku di Provinsi Gorontalo Menurut Kabupaten/Kota (ribu rupiah), 2021–2025","Per Capita GRDP at Current Market Prices by Regency/Municipality, in Gorontalo Province (thousand rupiahss), 2021–2025",29,9,13414da99372
GORONTALO,03,Kab. Pohuwato,,2021,,47.678,,"PDRB Per Kapita Atas Dasar Harga Berlaku di Provinsi Gorontalo Menurut Kabupaten/Kota (ribu rupiah), 2021–2025","Per Capita GRDP at Current Market Prices by Regency/Municipality, in Gorontalo Province (thousand rupiahss), 2021–2025",29,9,484be615d97b
GORONTALO,04,Kab. Bone Bolango,,2021,,29.667,,"PDRB Per Kapita Atas Dasar Harga Berlaku di Provinsi Gorontalo Menurut Kabupaten/Kota (ribu rupiah), 2021–2025","Per Capita GRDP at Current Market Prices by Regency/Municipality, in Gorontalo Province (thousand rupiahss), 2021–2025",29,9,d8f3f27a4969
GORONTALO,05,Kab. Gorontalo Utara,,2021,,28.382,,"PDRB Per Kapita Atas Dasar Harga Berlaku di Provinsi Gorontalo Menurut Kabupaten/Kota (ribu rupiah), 2021–2025","Per Capita GRDP at Current Market Prices by Regency/Municipality, in Gorontalo Province (thousand rupiahss), 2021–2025",29,9,a434e4636393
GORONTALO,71,Kota Gorontalo,,2021,,44.838,,"PDRB Per Kapita Atas Dasar Harga Berlaku di Provinsi Gorontalo Menurut Kabupaten/Kota (ribu rupiah), 2021–2025","Per Capita GRDP at Current Market Prices by Regency/Municipality, in Gorontalo Province (thousand rupiahss), 2021–2025",29,9,88af78cb4fbf
GORONTALO,,Jml Kab./Kota Total of Reg./Mun.,,2021,,37.142,,"PDRB Per Kapita Atas Dasar Harga Berlaku di Provinsi Gorontalo Menurut Kabupaten/Kota (ribu rupiah), 2021–2025","Per Capita GRDP at Current Market Prices by Regency/Municipality, in Gorontalo Province (thousand rupiahss), 2021–2025",29,9,e65a5ea4083d
GORONTALO,,Provinsi/Province,,2021,,37.087,,"PDRB Per Kapita Atas Dasar Harga Berlaku di Provinsi Gorontalo Menurut Kabupaten/Kota (ribu rupiah), 2021–2025","Per Capita GRDP at Current Market Prices by Regency/Municipality, in Gorontalo Province (thousand rupiahss), 2021–2025",29,9,86b0ab40fb16
SULAWESI BARAT,01,Kab. Majene,,2021,,29.513,,"PDRB Per Kapita Atas Dasar Harga Berlaku di Provinsi Sulawesi Barat Menurut Kabupaten/Kota (ribu rupiah), 2021–2025","Per Capita GRDP at Current Market Prices by Regency/Municipality, in Sulawesi Barat Province (thousand rupiahss), 2021–2025",30,10,4b21c81d9d25
SULAWESI BARAT,02,Kab. Polewali Mandar,,2021,,28.575,,"PDRB Per Kapita Atas Dasar Harga Berlaku di Provinsi Sulawesi Barat Menurut Kabupaten/Kota (ribu rupiah), 2021–2025","Per Capita GRDP at Current Market Prices by Regency/Municipality, in Sulawesi Barat Province (thousand rupiahss), 2021–2025",30,10,e61ea3d24685
SULAWESI BARAT,03,Kab. Mamasa,,2021,,18.918,,"PDRB Per Kapita Atas Dasar Harga Berlaku di Provinsi Sulawesi Barat Menurut Kabupaten/Kota (ribu rupiah), 2021–2025","Per Capita GRDP at Current Market Prices by Regency/Municipality, in Sulawesi Barat Province (thousand rupiahss), 2021–2025",30,10,27bfac42337d
SULAWESI BARAT,04,Kab. Mamuju,,2021,,43.916,,"PDRB Per Kapita Atas Dasar Harga Berlaku di Provinsi Sulawesi Barat Menurut Kabupaten/Kota (ribu rupiah), 2021–2025","Per Capita GRDP at Current Market Prices by Regency/Municipality, in Sulawesi Barat Province (thousand rupiahss), 2021–2025",30,10,b11091a036bb
SULAWESI BARAT,05,Kab. Pasang Kayu,,2021,,64.619,,"PDRB Per Kapita Atas Dasar Harga Berlaku di Provinsi Sulawesi Barat Menurut Kabupaten/Kota (ribu rupiah), 2021–2025","Per Capita GRDP at Current Market Prices by Regency/Municipality, in Sulawesi Barat Province (thousand rupiahss), 2021–2025",30,10,d4df31d851ab
SULAWESI BARAT,06,Kab. Mamuju Tengah,,2021,,25.934,,"PDRB Per Kapita Atas Dasar Harga Berlaku di Provinsi Sulawesi Barat Menurut Kabupaten/Kota (ribu rupiah), 2021–2025","Per Capita GRDP at Current Market Prices by Regency/Municipality, in Sulawesi Barat Province (thousand rupiahss), 2021–2025",30,10,cf075ab1830d
SULAWESI BARAT,,Jml Kab./Kota Total of Reg./Mun.,,2021,,38.867,,"PDRB Per Kapita Atas Dasar Harga Berlaku di Provinsi Sulawesi Barat Menurut Kabupaten/Kota (ribu rupiah), 2021–2025","Per Capita GRDP at Current Market Prices by Regency/Municipality, in Sulawesi Barat Province (thousand rupiahss), 2021–2025",30,10,a75edf0b121d
SULAWESI BARAT,,Provinsi/Province,,2021,,35.195,,"PDRB Per Kapita Atas Dasar Harga Berlaku di Provinsi Sulawesi Barat Menurut Kabupaten/Kota (ribu rupiah), 2021–2025","Per Capita GRDP at Current Market Prices by Regency/Municipality, in Sulawesi Barat Province (thousand rupiahss), 2021–2025",30,10,f46adbfecc30
KALIMANTAN TENGAH,01,Kab. Kotawaringin Barat,,2022,,94.967,,"PDRB Per Kapita Atas Dasar Harga Berlaku di Provinsi Kalimantan Tengah Menurut Kabupaten/Kota (ribu rupiah), 2021–2025","Per Capita GRDP at Current Market Prices by Regency/Municipality, in Kalimantan Tengah Province (thousand rupiahss), 2021–2025",21,1,397279d2b88c
KALIMANTAN TENGAH,02,Kab. Kotawaringin Timur,,2022,,76.092,,"PDRB Per Kapita Atas Dasar Harga Berlaku di Provinsi Kalimantan Tengah Menurut Kabupaten/Kota (ribu rupiah), 2021–2025","Per Capita GRDP at Current Market Prices by Regency/Municipality, in Kalimantan Tengah Province (thousand rupiahss), 2021–2025",21,1,28d72135c34e
KALIMANTAN TENGAH,03,Kab. Kapuas,,2022,,54.742,,"PDRB Per Kapita Atas Dasar Harga Berlaku di Provinsi Kalimantan Tengah Menurut Kabupaten/Kota (ribu rupiah), 2021–2025","Per Capita GRDP at Current Market Prices by Regency/Municipality, in Kalimantan Tengah Province (thousand rupiahss), 2021–2025",21,1,d039568dde1c
KALIMANTAN TENGAH,04,Kab. Barito Selatan,,2022,,60.921,,"PDRB Per Kapita Atas Dasar Harga Berlaku di Provinsi Kalimantan Tengah Menurut Kabupaten/Kota (ribu rupiah), 2021–2025","Per Capita GRDP at Current Market Prices by Regency/Municipality, in Kalimantan Tengah Province (thousand rupiahss), 2021–2025",21,1,f8159b1eab98
KALIMANTAN TENGAH,05,Kab. Barito Utara,,2022,,90.184,,"PDRB Per Kapita Atas Dasar Harga Berlaku di Provinsi Kalimantan Tengah Menurut Kabupaten/Kota (ribu rupiah), 2021–2025","Per Capita GRDP at Current Market Prices by Regency/Municipality, in Kalimantan Tengah Province (thousand rupiahss), 2021–2025",21,1,117731b01f28
KALIMANTAN TENGAH,06,Kab. Sukamara,,2022,,83.413,,"PDRB Per Kapita Atas Dasar Harga Berlaku di Provinsi Kalimantan Tengah Menurut Kabupaten/Kota (ribu rupiah), 2021–2025","Per Capita GRDP at Current Market Prices by Regency/Municipality, in Kalimantan Tengah Province (thousand rupiahss), 2021–2025",21,1,7943dc0abe7b
KALIMANTAN TENGAH,07,Kab. Lamandau,,2022,,72.789,,"PDRB Per Kapita Atas Dasar Harga Berlaku di Provinsi Kalimantan Tengah Menurut Kabupaten/Kota (ribu rupiah), 2021–2025","Per Capita GRDP at Current Market Prices by Regency/Municipality, in Kalimantan Tengah Province (thousand rupiahss), 2021–2025",21,1,7c7c23c1b792
KALIMANTAN TENGAH,08,Kab. Seruyan,,2022,,64.237,,"PDRB Per Kapita Atas Dasar Harga Berlaku di Provinsi Kalimantan Tengah Menurut Kabupaten/Kota (ribu rupiah), 2021–2025","Per Capita GRDP at Current Market Prices by Regency/Municipality, in Kalimantan Tengah Province (thousand rupiahss), 2021–2025",21,1,688819d4deb8
KALIMANTAN TENGAH,09,Kab. Katingan,,2022,,59.739,,"PDRB Per Kapita Atas Dasar Harga Berlaku di Provinsi Kalimantan Tengah Menurut Kabupaten/Kota (ribu rupiah), 2021–2025","Per Capita GRDP at Current Market Prices by Regency/Municipality, in Kalimantan Tengah Province (thousand rupiahss), 2021–2025",21,1,f803113cb843
KALIMANTAN TENGAH,10,Kab. Pulang Pisau,,2022,,47.232,,"PDRB Per Kapita Atas Dasar Harga Berlaku di Provinsi Kalimantan Tengah Menurut Kabupaten/Kota (ribu rupiah), 2021–2025","Per Capita GRDP at Current Market Prices by Regency/Municipality, in Kalimantan Tengah Province (thousand rupiahss), 2021–2025",21,1,e7fb55f378d4
KALIMANTAN TENGAH,11,Kab. Gunung Mas,,2022,,58.057,,"PDRB Per Kapita Atas Dasar Harga Berlaku di Provinsi Kalimantan Tengah Menurut Kabupaten/Kota (ribu rupiah), 2021–2025","Per Capita GRDP at Current Market Prices by Regency/Municipality, in Kalimantan Tengah Province (thousand rupiahss), 2021–2025",21,1,0a1eb1e843bf
KALIMANTAN TENGAH,12,Kab. Barito Timur,,2022,,94.494,,"PDRB Per Kapita Atas Dasar Harga Berlaku di Provinsi Kalimantan Tengah Menurut Kabupaten/Kota (ribu rupiah), 2021–2025","Per Capita GRDP at Current Market Prices by Regency/Municipality, in Kalimantan Tengah Province (thousand rupiahss), 2021–2025",21,1,fdb4367d7faa
KALIMANTAN TENGAH,13,Kab. Murung Raya,,2022,,113.198,,"PDRB Per Kapita Atas Dasar Harga Berlaku di Provinsi Kalimantan Tengah Menurut Kabupaten/Kota (ribu rupiah), 2021–2025","Per Capita GRDP at Current Market Prices by Regency/Municipality, in Kalimantan Tengah Province (thousand rupiahss), 2021–2025",21,1,28298387cc95
KALIMANTAN TENGAH,71,Kota Palangka Raya,,2022,,72.839,,"PDRB Per Kapita Atas Dasar Harga Berlaku di Provinsi Kalimantan Tengah Menurut Kabupaten/Kota (ribu rupiah), 2021–2025","Per Capita GRDP at Current Market Prices by Regency/Municipality, in Kalimantan Tengah Province (thousand rupiahss), 2021–2025",21,1,b9d745dde66b
KALIMANTAN TENGAH,,Jml Kab./Kota Total of Reg./Mun.,,2022,,72.738,,"PDRB Per Kapita Atas Dasar Harga Berlaku di Provinsi Kalimantan Tengah Menurut Kabupaten/Kota (ribu rupiah), 2021–2025","Per Capita GRDP at Current Market Prices by Regency/Municipality, in Kalimantan Tengah Province (thousand rupiahss), 2021–2025",21,1,38f47076797b
KALIMANTAN TENGAH,,Provinsi/Province,,2022,,72.973,,"PDRB Per Kapita Atas Dasar Harga Berlaku di Provinsi Kalimantan Tengah Menurut Kabupaten/Kota (ribu rupiah), 2021–2025","Per Capita GRDP at Current Market Prices by Regency/Municipality, in Kalimantan Tengah Province (thousand rupiahss), 2021–2025",21,1,fdd0f7b793e8
KALIMANTAN SELATAN,01,Kab. Tanah Laut,,2022,,53.319,,"PDRB Per Kapita Atas Dasar Harga Berlaku di Provinsi Kalimantan Selatan Menurut Kabupaten/Kota (ribu rupiah), 2021–2025","Per Capita GRDP at Current Market Prices by Regency/Municipality, in Kalimantan Selatan Province (thousand rupiahss), 2021–2025",22,2,a467d80cc001
KALIMANTAN SELATAN,02,Kab. Kota Baru,,2022,,99.498,,"PDRB Per Kapita Atas Dasar Harga Berlaku di Provinsi Kalimantan Selatan Menurut Kabupaten/Kota (ribu rupiah), 2021–2025","Per Capita GRDP at Current Market Prices by Regency/Municipality, in Kalimantan Selatan Province (thousand rupiahss), 2021–2025",22,2,e3d265ed8fc8
KALIMANTAN SELATAN,03,Kab. Banjar,,2022,,36.189,,"PDRB Per Kapita Atas Dasar Harga Berlaku di Provinsi Kalimantan Selatan Menurut Kabupaten/Kota (ribu rupiah), 2021–2025","Per Capita GRDP at Current Market Prices by Regency/Municipality, in Kalimantan Selatan Province (thousand rupiahss), 2021–2025",22,2,b5d629ba7185
KALIMANTAN SELATAN,04,Kab. Barito Kuala,,2022,,30.692,,"PDRB Per Kapita Atas Dasar Harga Berlaku di Provinsi Kalimantan Selatan Menurut Kabupaten/Kota (ribu rupiah), 2021–2025","Per Capita GRDP at Current Market Prices by Regency/Municipality, in Kalimantan Selatan Province (thousand rupiahss), 2021–2025",22,2,ae7634d61412
KALIMANTAN SELATAN,05,Kab. Tapin,,2022,,65.826,,"PDRB Per Kapita Atas Dasar Harga Berlaku di Provinsi Kalimantan Selatan Menurut Kabupaten/Kota (ribu rupiah), 2021–2025","Per Capita GRDP at Current Market Prices by Regency/Municipality, in Kalimantan Selatan Province (thousand rupiahss), 2021–2025",22,2,01994bcedffe
KALIMANTAN SELATAN,06,Kab. Hulu Sungai Selatan,,2022,,36.208,,"PDRB Per Kapita Atas Dasar Harga Berlaku di Provinsi Kalimantan Selatan Menurut Kabupaten/Kota (ribu rupiah), 2021–2025","Per Capita GRDP at Current Market Prices by Regency/Municipality, in Kalimantan Selatan Province (thousand rupiahss), 2021–2025",22,2,d14c2d6802b6
KALIMANTAN SELATAN,07,Kab. Hulu Sungai Tengah,,2022,,30.152,,"PDRB Per Kapita Atas Dasar Harga Berlaku di Provinsi Kalimantan Selatan Menurut Kabupaten/Kota (ribu rupiah), 2021–2025","Per Capita GRDP at Current Market Prices by Regency/Municipality, in Kalimantan Selatan Province (thousand rupiahss), 2021–2025",22,2,3d3e090133a5
KALIMANTAN SELATAN,08,Kab. Hulu Sungai Utara,,2022,,24.459,,"PDRB Per Kapita Atas Dasar Harga Berlaku di Provinsi Kalimantan Selatan Menurut Kabupaten/Kota (ribu rupiah), 2021–2025","Per Capita GRDP at Current Market Prices by Regency/Municipality, in Kalimantan Selatan Province (thousand rupiahss), 2021–2025",22,2,a0fb7740c936
KALIMANTAN SELATAN,09,Kab. Tabalong,,2022,,112.270,,"PDRB Per Kapita Atas Dasar Harga Berlaku di Provinsi Kalimantan Selatan Menurut Kabupaten/Kota (ribu rupiah), 2021–2025","Per Capita GRDP at Current Market Prices by Regency/Municipality, in Kalimantan Selatan Province (thousand rupiahss), 2021–2025",22,2,4f741b25765b
KALIMANTAN SELATAN,10,Kab. Tanah Bumbu,,2022,,95.160,,"PDRB Per Kapita Atas Dasar Harga Berlaku di Provinsi Kalimantan Selatan Menurut Kabupaten/Kota (ribu rupiah), 2021–2025","Per Capita GRDP at Current Market Prices by Regency/Municipality, in Kalimantan Selatan Province (thousand rupiahss), 2021–2025",22,2,daaf9f0eb96c
KALIMANTAN SELATAN,11,Kab. Balangan,,2022,,148.029,,"PDRB Per Kapita Atas Dasar Harga Berlaku di Provinsi Kalimantan Selatan Menurut Kabupaten/Kota (ribu rupiah), 2021–2025","Per Capita GRDP at Current Market Prices by Regency/Municipality, in Kalimantan Selatan Province (thousand rupiahss), 2021–2025",22,2,80f3265f68da
KALIMANTAN SELATAN,71,Kota Banjarmasin,,2022,,57.991,,"PDRB Per Kapita Atas Dasar Harga Berlaku di Provinsi Kalimantan Selatan Menurut Kabupaten/Kota (ribu rupiah), 2021–2025","Per Capita GRDP at Current Market Prices by Regency/Municipality, in Kalimantan Selatan Province (thousand rupiahss), 2021–2025",22,2,aef8ad365bd1
KALIMANTAN SELATAN,72,Kota Banjar Baru,,2022,,44.860,,"PDRB Per Kapita Atas Dasar Harga Berlaku di Provinsi Kalimantan Selatan Menurut Kabupaten/Kota (ribu rupiah), 2021–2025","Per Capita GRDP at Current Market Prices by Regency/Municipality, in Kalimantan Selatan Province (thousand rupiahss), 2021–2025",22,2,b0181de75247
KALIMANTAN SELATAN,,Jml Kab./Kota Total of Reg./Mun.,,2022,,59.704,,"PDRB Per Kapita Atas Dasar Harga Berlaku di Provinsi Kalimantan Selatan Menurut Kabupaten/Kota (ribu rupiah), 2021–2025","Per Capita GRDP at Current Market Prices by Regency/Municipality, in Kalimantan Selatan Province (thousand rupiahss), 2021–2025",22,2,373696523f25
KALIMANTAN SELATAN,,Provinsi/Province,,2022,,60.213,,"PDRB Per Kapita Atas Dasar Harga Berlaku di Provinsi Kalimantan Selatan Menurut Kabupaten/Kota (ribu rupiah), 2021–2025","Per Capita GRDP at Current Market Prices by Regency/Municipality, in Kalimantan Selatan Province (thousand rupiahss), 2021–2025",22,2,6b6245ccbf3e
KALIMANTAN TIMUR,01,Kab. Paser,,2022,,271.259,,"PDRB Per Kapita Atas Dasar Harga Berlaku di Provinsi Kalimantan Timur Menurut Kabupaten/Kota (ribu rupiah), 2021–2025","Per Capita GRDP at Current Market Prices by Regency/Municipality, in Kalimantan Timur Province (thousand rupiahss), 2021–2025",23,3,270cb45cc86f
KALIMANTAN TIMUR,02,Kab. Kutai Barat,,2022,,247.400,,"PDRB Per Kapita Atas Dasar Harga Berlaku di Provinsi Kalimantan Timur Menurut Kabupaten/Kota (ribu rupiah), 2021–2025","Per Capita GRDP at Current Market Prices by Regency/Municipality, in Kalimantan Timur Province (thousand rupiahss), 2021–2025",23,3,0c04817b081b
KALIMANTAN TIMUR,03,Kab. Kutai Kartanegara,,2022,,322.082,,"PDRB Per Kapita Atas Dasar Harga Berlaku di Provinsi Kalimantan Timur Menurut Kabupaten/Kota (ribu rupiah), 2021–2025","Per Capita GRDP at Current Market Prices by Regency/Municipality, in Kalimantan Timur Province (thousand rupiahss), 2021–2025",23,3,c99e8a8051db
KALIMANTAN TIMUR,04,Kab. Kutai Timur,,2022,,471.269,,"PDRB Per Kapita Atas Dasar Harga Berlaku di Provinsi Kalimantan Timur Menurut Kabupaten/Kota (ribu rupiah), 2021–2025","Per Capita GRDP at Current Market Prices by Regency/Municipality, in Kalimantan Timur Province (thousand rupiahss), 2021–2025",23,3,67f555c1b40b
KALIMANTAN TIMUR,05,Kab. Berau,,2022,,236.227,,"PDRB Per Kapita Atas Dasar Harga Berlaku di Provinsi Kalimantan Timur Menurut Kabupaten/Kota (ribu rupiah), 2021–2025","Per Capita GRDP at Current Market Prices by Regency/Municipality, in Kalimantan Timur Province (thousand rupiahss), 2021–2025",23,3,d043e4a9a67c
KALIMANTAN TIMUR,09,Kab. Penajam Paser Utara,,2022,,69.503,,"PDRB Per Kapita Atas Dasar Harga Berlaku di Provinsi Kalimantan Timur Menurut Kabupaten/Kota (ribu rupiah), 2021–2025","Per Capita GRDP at Current Market Prices by Regency/Municipality, in Kalimantan Timur Province (thousand rupiahss), 2021–2025",23,3,03699dbb1b54
KALIMANTAN TIMUR,11,Kab. Mahakam Ulu,,2022,,95.117,,"PDRB Per Kapita Atas Dasar Harga Berlaku di Provinsi Kalimantan Timur Menurut Kabupaten/Kota (ribu rupiah), 2021–2025","Per Capita GRDP at Current Market Prices by Regency/Municipality, in Kalimantan Timur Province (thousand rupiahss), 2021–2025",23,3,0f476df27b48
KALIMANTAN TIMUR,71,Kota Balikpapan,,2022,,181.286,,"PDRB Per Kapita Atas Dasar Harga Berlaku di Provinsi Kalimantan Timur Menurut Kabupaten/Kota (ribu rupiah), 2021–2025","Per Capita GRDP at Current Market Prices by Regency/Municipality, in Kalimantan Timur Province (thousand rupiahss), 2021–2025",23,3,a004361bfaa0
KALIMANTAN TIMUR,72,Kota Samarinda,,2022,,98.877,,"PDRB Per Kapita Atas Dasar Harga Berlaku di Provinsi Kalimantan Timur Menurut Kabupaten/Kota (ribu rupiah), 2021–2025","Per Capita GRDP at Current Market Prices by Regency/Municipality, in Kalimantan Timur Province (thousand rupiahss), 2021–2025",23,3,a116566ec094
KALIMANTAN TIMUR,74,Kota Bontang,,2022,,344.148,,"PDRB Per Kapita Atas Dasar Harga Berlaku di Provinsi Kalimantan Timur Menurut Kabupaten/Kota (ribu rupiah), 2021–2025","Per Capita GRDP at Current Market Prices by Regency/Municipality, in Kalimantan Timur Province (thousand rupiahss), 2021–2025",23,3,39a9e608ddbf
KALIMANTAN TIMUR,,Jml Kab./Kota Total of Reg./Mun.,,2022,,238.918,,"PDRB Per Kapita Atas Dasar Harga Berlaku di Provinsi Kalimantan Timur Menurut Kabupaten/Kota (ribu rupiah), 2021–2025","Per Capita GRDP at Current Market Prices by Regency/Municipality, in Kalimantan Timur Province (thousand rupiahss), 2021–2025",23,3,0c84645d4a3a
KALIMANTAN TIMUR,,Provinsi/Province,,2022,,238.917,,"PDRB Per Kapita Atas Dasar Harga Berlaku di Provinsi Kalimantan Timur Menurut Kabupaten/Kota (ribu rupiah), 2021–2025","Per Capita GRDP at Current Market Prices by Regency/Municipality, in Kalimantan Timur Province (thousand rupiahss), 2021–2025",23,3,959ec32ab997
KALIMANTAN UTARA,01,Kab. Malinau,,2022,,211.913,,"PDRB Per Kapita Atas Dasar Harga Berlaku di Provinsi Kalimantan Utara Menurut Kabupaten/Kota (ribu rupiah), 2021–2025","Per Capita GRDP at Current Market Prices by Regency/Municipality, in Kalimantan Utara Province (thousand rupiahss), 2021–2025",24,4,eef6e5cb1537
KALIMANTAN UTARA,02,Kab. Bulungan,,2022,,156.183,,"PDRB Per Kapita Atas Dasar Harga Berlaku di Provinsi Kalimantan Utara Menurut Kabupaten/Kota (ribu rupiah), 2021–2025","Per Capita GRDP at Current Market Prices by Regency/Municipality, in Kalimantan Utara Province (thousand rupiahss), 2021–2025",24,4,ad01218dc3ea
KALIMANTAN UTARA,03,Kab. Tana Tidung,,2022,,330.501,,"PDRB Per Kapita Atas Dasar Harga Berlaku di Provinsi Kalimantan Utara Menurut Kabupaten/Kota (ribu rupiah), 2021–2025","Per Capita GRDP at Current Market Prices by Regency/Municipality, in Kalimantan Utara Province (thousand rupiahss), 2021–2025",24,4,10348bbe0b7c
KALIMANTAN UTARA,04,Kab. Nunukan,,2022,,195.654,,"PDRB Per Kapita Atas Dasar Harga Berlaku di Provinsi Kalimantan Utara Menurut Kabupaten/Kota (ribu rupiah), 2021–2025","Per Capita GRDP at Current Market Prices by Regency/Municipality, in Kalimantan Utara Province (thousand rupiahss), 2021–2025",24,4,732d62b9a952
KALIMANTAN UTARA,71,Kota Tarakan,,2022,,190.207,,"PDRB Per Kapita Atas Dasar Harga Berlaku di Provinsi Kalimantan Utara Menurut Kabupaten/Kota (ribu rupiah), 2021–2025","Per Capita GRDP at Current Market Prices by Regency/Municipality, in Kalimantan Utara Province (thousand rupiahss), 2021–2025",24,4,74cc084e8a7e
KALIMANTAN UTARA,,Jml Kab./Kota Total of Reg./Mun.,,2022,,192.159,,"PDRB Per Kapita Atas Dasar Harga Berlaku di Provinsi Kalimantan Utara Menurut Kabupaten/Kota (ribu rupiah), 2021–2025","Per Capita GRDP at Current Market Prices by Regency/Municipality, in Kalimantan Utara Province (thousand rupiahss), 2021–2025",24,4,f1fc971320a5
KALIMANTAN UTARA,,Provinsi/Province,,2022,,192.588,,"PDRB Per Kapita Atas Dasar Harga Berlaku di Provinsi Kalimantan Utara Menurut Kabupaten/Kota (ribu rupiah), 2021–2025","Per Capita GRDP at Current Market Prices by Regency/Municipality, in Kalimantan Utara Province (thousand rupiahss), 2021–2025",24,4,037d8c0155b6
SULAWESI UTARA,01,Kab. Bolaang Mongondow,,2022,,38.652,,"PDRB Per Kapita Atas Dasar Harga Berlaku di Provinsi Sulawesi Utara Menurut Kabupaten/Kota (ribu rupiah), 2021–2025","Per Capita GRDP at Current Market Prices by Regency/Municipality, in Sulawesi Utara Province (thousand rupiahss), 2021–2025",25,5,90fe1c66135e
SULAWESI UTARA,02,Kab. Minahasa,,2022,,58.154,,"PDRB Per Kapita Atas Dasar Harga Berlaku di Provinsi Sulawesi Utara Menurut Kabupaten/Kota (ribu rupiah), 2021–2025","Per Capita GRDP at Current Market Prices by Regency/Municipality, in Sulawesi Utara Province (thousand rupiahss), 2021–2025",25,5,fb5576e9fbff
SULAWESI UTARA,03,Kab. Kepulauan Sangihe,,2022,,37.031,,"PDRB Per Kapita Atas Dasar Harga Berlaku di Provinsi Sulawesi Utara Menurut Kabupaten/Kota (ribu rupiah), 2021–2025","Per Capita GRDP at Current Market Prices by Regency/Municipality, in Sulawesi Utara Province (thousand rupiahss), 2021–2025",25,5,54dd0bcdc566
SULAWESI UTARA,04,Kab. Kepulauan Talaud,,2022,,27.324,,"PDRB Per Kapita Atas Dasar Harga Berlaku di Provinsi Sulawesi Utara Menurut Kabupaten/Kota (ribu rupiah), 2021–2025","Per Capita GRDP at Current Market Prices by Regency/Municipality, in Sulawesi Utara Province (thousand rupiahss), 2021–2025",25,5,393b1c647d01
SULAWESI UTARA,05,Kab. Minahasa Selatan,,2022,,44.092,,"PDRB Per Kapita Atas Dasar Harga Berlaku di Provinsi Sulawesi Utara Menurut Kabupaten/Kota (ribu rupiah), 2021–2025","Per Capita GRDP at Current Market Prices by Regency/Municipality, in Sulawesi Utara Province (thousand rupiahss), 2021–2025",25,5,922dbbdd38fa
SULAWESI UTARA,06,Kab. Minahasa Utara,,2022,,75.210,,"PDRB Per Kapita Atas Dasar Harga Berlaku di Provinsi Sulawesi Utara Menurut Kabupaten/Kota (ribu rupiah), 2021–2025","Per Capita GRDP at Current Market Prices by Regency/Municipality, in Sulawesi Utara Province (thousand rupiahss), 2021–2025",25,5,557738cfe92e
SULAWESI UTARA,07,Kab. Bolaang Mongondow Utara,,2022,,35.076,,"PDRB Per Kapita Atas Dasar Harga Berlaku di Provinsi Sulawesi Utara Menurut Kabupaten/Kota (ribu rupiah), 2021–2025","Per Capita GRDP at Current Market Prices by Regency/Municipality, in Sulawesi Utara Province (thousand rupiahss), 2021–2025",25,5,70458d7d999e
SULAWESI UTARA,08,Kab. Siau Tagulandang Biaro,,2022,,39.214,,"PDRB Per Kapita Atas Dasar Harga Berlaku di Provinsi Sulawesi Utara Menurut Kabupaten/Kota (ribu rupiah), 2021–2025","Per Capita GRDP at Current Market Prices by Regency/Municipality, in Sulawesi Utara Province (thousand rupiahss), 2021–2025",25,5,f1511fa7d995
SULAWESI UTARA,09,Kab. Minahasa Tenggara,,2022,,51.984,,"PDRB Per Kapita Atas Dasar Harga Berlaku di Provinsi Sulawesi Utara Menurut Kabupaten/Kota (ribu rupiah), 2021–2025","Per Capita GRDP at Current Market Prices by Regency/Municipality, in Sulawesi Utara Province (thousand rupiahss), 2021–2025",25,5,6383b4d79c1f
SULAWESI UTARA,10,Kab. Bolaang Mongondow Selatan,,2022,,35.122,,"PDRB Per Kapita Atas Dasar Harga Berlaku di Provinsi Sulawesi Utara Menurut Kabupaten/Kota (ribu rupiah), 2021–2025","Per Capita GRDP at Current Market Prices by Regency/Municipality, in Sulawesi Utara Province (thousand rupiahss), 2021–2025",25,5,9b4f6b94e996
SULAWESI UTARA,11,Kab. Bolaang Mongondow Timur,,2022,,39.207,,"PDRB Per Kapita Atas Dasar Harga Berlaku di Provinsi Sulawesi Utara Menurut Kabupaten/Kota (ribu rupiah), 2021–2025","Per Capita GRDP at Current Market Prices by Regency/Municipality, in Sulawesi Utara Province (thousand rupiahss), 2021–2025",25,5,8b446d2a44b0
SULAWESI UTARA,71,Kota Manado,,2022,,96.194,,"PDRB Per Kapita Atas Dasar Harga Berlaku di Provinsi Sulawesi Utara Menurut Kabupaten/Kota (ribu rupiah), 2021–2025","Per Capita GRDP at Current Market Prices by Regency/Municipality, in Sulawesi Utara Province (thousand rupiahss), 2021–2025",25,5,ab6ef473ec4d
SULAWESI UTARA,72,Kota Bitung,,2022,,89.704,,"PDRB Per Kapita Atas Dasar Harga Berlaku di Provinsi Sulawesi Utara Menurut Kabupaten/Kota (ribu rupiah), 2021–2025","Per Capita GRDP at Current Market Prices by Regency/Municipality, in Sulawesi Utara Province (thousand rupiahss), 2021–2025",25,5,6e5d309707da
SULAWESI UTARA,73,Kota Tomohon,,2022,,49.266,,"PDRB Per Kapita Atas Dasar Harga Berlaku di Provinsi Sulawesi Utara Menurut Kabupaten/Kota (ribu rupiah), 2021–2025","Per Capita GRDP at Current Market Prices by Regency/Municipality, in Sulawesi Utara Province (thousand rupiahss), 2021–2025",25,5,bc815bc5df9b
SULAWESI UTARA,74,Kota Kotamobagu,,2022,,34.939,,"PDRB Per Kapita Atas Dasar Harga Berlaku di Provinsi Sulawesi Utara Menurut Kabupaten/Kota (ribu rupiah), 2021–2025","Per Capita GRDP at Current Market Prices by Regency/Municipality, in Sulawesi Utara Province (thousand rupiahss), 2021–2025",25,5,5288b1044ad7
SULAWESI UTARA,,Jml Kab./Kota Total of Reg./Mun.,,2022,,59.292,,"PDRB Per Kapita Atas Dasar Harga Berlaku di Provinsi Sulawesi Utara Menurut Kabupaten/Kota (ribu rupiah), 2021–2025","Per Capita GRDP at Current Market Prices by Regency/Municipality, in Sulawesi Utara Province (thousand rupiahss), 2021–2025",25,5,d91a0da6acae
SULAWESI UTARA,,Provinsi/Province,,2022,,59.021,,"PDRB Per Kapita Atas Dasar Harga Berlaku di Provinsi Sulawesi Utara Menurut Kabupaten/Kota (ribu rupiah), 2021–2025","Per Capita GRDP at Current Market Prices by Regency/Municipality, in Sulawesi Utara Province (thousand rupiahss), 2021–2025",25,5,e7600d5b69f4
SULAWESI TENGAH,01,Kab. Banggai Kepulauan,,2022,,37.376,,"PDRB Per Kapita Atas Dasar Harga Berlaku di Provinsi Sulawesi Tengah Menurut Kabupaten/Kota (ribu rupiah), 2021–2025","Per Capita GRDP at Current Market Prices by Regency/Municipality, in Sulawesi Tengah Province (thousand rupiahss), 2021–2025",26,6,d46e012fbaee
SULAWESI TENGAH,02,Kab. Banggai,,2022,,110.263,,"PDRB Per Kapita Atas Dasar Harga Berlaku di Provinsi Sulawesi Tengah Menurut Kabupaten/Kota (ribu rupiah), 2021–2025","Per Capita GRDP at Current Market Prices by Regency/Municipality, in Sulawesi Tengah Province (thousand rupiahss), 2021–2025",26,6,4e2891bac336
SULAWESI TENGAH,03,Kab. Morowali,,2022,,876.421,,"PDRB Per Kapita Atas Dasar Harga Berlaku di Provinsi Sulawesi Tengah Menurut Kabupaten/Kota (ribu rupiah), 2021–2025","Per Capita GRDP at Current Market Prices by Regency/Municipality, in Sulawesi Tengah Province (thousand rupiahss), 2021–2025",26,6,ef8e53d69219
SULAWESI TENGAH,04,Kab. Poso,,2022,,43.700,,"PDRB Per Kapita Atas Dasar Harga Berlaku di Provinsi Sulawesi Tengah Menurut Kabupaten/Kota (ribu rupiah), 2021–2025","Per Capita GRDP at Current Market Prices by Regency/Municipality, in Sulawesi Tengah Province (thousand rupiahss), 2021–2025",26,6,3d0b814c9e07
SULAWESI TENGAH,05,Kab. Donggala,,2022,,45.101,,"PDRB Per Kapita Atas Dasar Harga Berlaku di Provinsi Sulawesi Tengah Menurut Kabupaten/Kota (ribu rupiah), 2021–2025","Per Capita GRDP at Current Market Prices by Regency/Municipality, in Sulawesi Tengah Province (thousand rupiahss), 2021–2025",26,6,49493b9abd9d
SULAWESI TENGAH,06,Kab. Toli-Toli,,2022,,42.263,,"PDRB Per Kapita Atas Dasar Harga Berlaku di Provinsi Sulawesi Tengah Menurut Kabupaten/Kota (ribu rupiah), 2021–2025","Per Capita GRDP at Current Market Prices by Regency/Municipality, in Sulawesi Tengah Province (thousand rupiahss), 2021–2025",26,6,98f31e2968aa
SULAWESI TENGAH,07,Kab. Buol,,2022,,45.153,,"PDRB Per Kapita Atas Dasar Harga Berlaku di Provinsi Sulawesi Tengah Menurut Kabupaten/Kota (ribu rupiah), 2021–2025","Per Capita GRDP at Current Market Prices by Regency/Municipality, in Sulawesi Tengah Province (thousand rupiahss), 2021–2025",26,6,d7ae3e1442d4
SULAWESI TENGAH,08,Kab. Parigi Moutong,,2022,,44.628,,"PDRB Per Kapita Atas Dasar Harga Berlaku di Provinsi Sulawesi Tengah Menurut Kabupaten/Kota (ribu rupiah), 2021–2025","Per Capita GRDP at Current Market Prices by Regency/Municipality, in Sulawesi Tengah Province (thousand rupiahss), 2021–2025",26,6,ca3f45e3965a
SULAWESI TENGAH,09,Kab. Tojo Una-Una,,2022,,38.143,,"PDRB Per Kapita Atas Dasar Harga Berlaku di Provinsi Sulawesi Tengah Menurut Kabupaten/Kota (ribu rupiah), 2021–2025","Per Capita GRDP at Current Market Prices by Regency/Municipality, in Sulawesi Tengah Province (thousand rupiahss), 2021–2025",26,6,f189eed8be5b
SULAWESI TENGAH,10,Kab. Sigi,,2022,,40.254,,"PDRB Per Kapita Atas Dasar Harga Berlaku di Provinsi Sulawesi Tengah Menurut Kabupaten/Kota (ribu rupiah), 2021–2025","Per Capita GRDP at Current Market Prices by Regency/Municipality, in Sulawesi Tengah Province (thousand rupiahss), 2021–2025",26,6,773d7a36ad04
SULAWESI TENGAH,11,Kab. Banggai Laut,,2022,,38.854,,"PDRB Per Kapita Atas Dasar Harga Berlaku di Provinsi Sulawesi Tengah Menurut Kabupaten/Kota (ribu rupiah), 2021–2025","Per Capita GRDP at Current Market Prices by Regency/Municipality, in Sulawesi Tengah Province (thousand rupiahss), 2021–2025",26,6,ac2a0abcd12c
SULAWESI TENGAH,12,Kab. Morowali Utara,,2022,,169.774,,"PDRB Per Kapita Atas Dasar Harga Berlaku di Provinsi Sulawesi Tengah Menurut Kabupaten/Kota (ribu rupiah), 2021–2025","Per Capita GRDP at Current Market Prices by Regency/Municipality, in Sulawesi Tengah Province (thousand rupiahss), 2021–2025",26,6,8ba47677e228
SULAWESI TENGAH,71,Kota Palu,,2022,,74.372,,"PDRB Per Kapita Atas Dasar Harga Berlaku di Provinsi Sulawesi Tengah Menurut Kabupaten/Kota (ribu rupiah), 2021–2025","Per Capita GRDP at Current Market Prices by Regency/Municipality, in Sulawesi Tengah Province (thousand rupiahss), 2021–2025",26,6,8378788c544e
SULAWESI TENGAH,,Jml Kab./Kota Total of Reg./Mun.,,2022,,105.717,,"PDRB Per Kapita Atas Dasar Harga Berlaku di Provinsi Sulawesi Tengah Menurut Kabupaten/Kota (ribu rupiah), 2021–2025","Per Capita GRDP at Current Market Prices by Regency/Municipality, in Sulawesi Tengah Province (thousand rupiahss), 2021–2025",26,6,c2faa85eb713
SULAWESI TENGAH,,Provinsi/Province,,2022,,106.068,,"PDRB Per Kapita Atas Dasar Harga Berlaku di Provinsi Sulawesi Tengah Menurut Kabupaten/Kota (ribu rupiah), 2021–2025","Per Capita GRDP at Current Market Prices by Regency/Municipality, in Sulawesi Tengah Province (thousand rupiahss), 2021–2025",26,6,df2e528c2e92
SULAWESI SELATAN,01,Kab. Kepulauan Selayar,,2022,,53.563,,"PDRB Per Kapita Atas Dasar Harga Berlaku di Provinsi Sulawesi Selatan Menurut Kabupaten/Kota (ribu rupiah), 2021–2025","Per Capita GRDP at Current Market Prices by Regency/Municipality, in Sulawesi Selatan Province (thousand rupiahss), 2021–2025",27,7,6ecbf7dece3a
SULAWESI SELATAN,02,Kab. Bulukumba,,2022,,38.656,,"PDRB Per Kapita Atas Dasar Harga Berlaku di Provinsi Sulawesi Selatan Menurut Kabupaten/Kota (ribu rupiah), 2021–2025","Per Capita GRDP at Current Market Prices by Regency/Municipality, in Sulawesi Selatan Province (thousand rupiahss), 2021–2025",27,7,b65593be347b
SULAWESI SELATAN,03,Kab. Bantaeng,,2022,,60.565,,"PDRB Per Kapita Atas Dasar Harga Berlaku di Provinsi Sulawesi Selatan Menurut Kabupaten/Kota (ribu rupiah), 2021–2025","Per Capita GRDP at Current Market Prices by Regency/Municipality, in Sulawesi Selatan Province (thousand rupiahss), 2021–2025",27,7,26e60ad825f8
SULAWESI SELATAN,04,Kab. Jeneponto,,2022,,28.739,,"PDRB Per Kapita Atas Dasar Harga Berlaku di Provinsi Sulawesi Selatan Menurut Kabupaten/Kota (ribu rupiah), 2021–2025","Per Capita GRDP at Current Market Prices by Regency/Municipality, in Sulawesi Selatan Province (thousand rupiahss), 2021–2025",27,7,83db03ef35b9
SULAWESI SELATAN,05,Kab. Takalar,,2022,,39.728,,"PDRB Per Kapita Atas Dasar Harga Berlaku di Provinsi Sulawesi Selatan Menurut Kabupaten/Kota (ribu rupiah), 2021–2025","Per Capita GRDP at Current Market Prices by Regency/Municipality, in Sulawesi Selatan Province (thousand rupiahss), 2021–2025",27,7,225565274bb8
SULAWESI SELATAN,06,Kab. Gowa,,2022,,32.496,,"PDRB Per Kapita Atas Dasar Harga Berlaku di Provinsi Sulawesi Selatan Menurut Kabupaten/Kota (ribu rupiah), 2021–2025","Per Capita GRDP at Current Market Prices by Regency/Municipality, in Sulawesi Selatan Province (thousand rupiahss), 2021–2025",27,7,7df1a8de0612
SULAWESI SELATAN,07,Kab. Sinjai,,2022,,51.131,,"PDRB Per Kapita Atas Dasar Harga Berlaku di Provinsi Sulawesi Selatan Menurut Kabupaten/Kota (ribu rupiah), 2021–2025","Per Capita GRDP at Current Market Prices by Regency/Municipality, in Sulawesi Selatan Province (thousand rupiahss), 2021–2025",27,7,ad07d0ad036e
SULAWESI SELATAN,08,Kab. Maros,,2022,,58.546,,"PDRB Per Kapita Atas Dasar Harga Berlaku di Provinsi Sulawesi Selatan Menurut Kabupaten/Kota (ribu rupiah), 2021–2025","Per Capita GRDP at Current Market Prices by Regency/Municipality, in Sulawesi Selatan Province (thousand rupiahss), 2021–2025",27,7,3f0e8b332d2d
SULAWESI SELATAN,09,Kab. Pangkajene dan Kepulauan,,2022,,86.582,,"PDRB Per Kapita Atas Dasar Harga Berlaku di Provinsi Sulawesi Selatan Menurut Kabupaten/Kota (ribu rupiah), 2021–2025","Per Capita GRDP at Current Market Prices by Regency/Municipality, in Sulawesi Selatan Province (thousand rupiahss), 2021–2025",27,7,8d51e2665e5c
SULAWESI SELATAN,10,Kab. Barru,,2022,,47.560,,"PDRB Per Kapita Atas Dasar Harga Berlaku di Provinsi Sulawesi Selatan Menurut Kabupaten/Kota (ribu rupiah), 2021–2025","Per Capita GRDP at Current Market Prices by Regency/Municipality, in Sulawesi Selatan Province (thousand rupiahss), 2021–2025",27,7,57bb01b55b38
SULAWESI SELATAN,11,Kab. Bone,,2022,,53.481,,"PDRB Per Kapita Atas Dasar Harga Berlaku di Provinsi Sulawesi Selatan Menurut Kabupaten/Kota (ribu rupiah), 2021–2025","Per Capita GRDP at Current Market Prices by Regency/Municipality, in Sulawesi Selatan Province (thousand rupiahss), 2021–2025",27,7,6d858d4d050c
SULAWESI SELATAN,12,Kab. Soppeng,,2022,,57.953,,"PDRB Per Kapita Atas Dasar Harga Berlaku di Provinsi Sulawesi Selatan Menurut Kabupaten/Kota (ribu rupiah), 2021–2025","Per Capita GRDP at Current Market Prices by Regency/Municipality, in Sulawesi Selatan Province (thousand rupiahss), 2021–2025",27,7,1b8d4fefbf1b
SULAWESI SELATAN,13,Kab. Wajo,,2022,,63.431,,"PDRB Per Kapita Atas Dasar Harga Berlaku di Provinsi Sulawesi Selatan Menurut Kabupaten/Kota (ribu rupiah), 2021–2025","Per Capita GRDP at Current Market Prices by Regency/Municipality, in Sulawesi Selatan Province (thousand rupiahss), 2021–2025",27,7,bc9efb1ac572
SULAWESI SELATAN,14,Kab. Sidenreng Rappang,,2022,,51.372,,"PDRB Per Kapita Atas Dasar Harga Berlaku di Provinsi Sulawesi Selatan Menurut Kabupaten/Kota (ribu rupiah), 2021–2025","Per Capita GRDP at Current Market Prices by Regency/Municipality, in Sulawesi Selatan Province (thousand rupiahss), 2021–2025",27,7,cc2a886532f6
SULAWESI SELATAN,15,Kab. Pinrang,,2022,,57.408,,"PDRB Per Kapita Atas Dasar Harga Berlaku di Provinsi Sulawesi Selatan Menurut Kabupaten/Kota (ribu rupiah), 2021–2025","Per Capita GRDP at Current Market Prices by Regency/Municipality, in Sulawesi Selatan Province (thousand rupiahss), 2021–2025",27,7,0bd347f09200
SULAWESI SELATAN,16,Kab. Enrekang,,2022,,39.050,,"PDRB Per Kapita Atas Dasar Harga Berlaku di Provinsi Sulawesi Selatan Menurut Kabupaten/Kota (ribu rupiah), 2021–2025","Per Capita GRDP at Current Market Prices by Regency/Municipality, in Sulawesi Selatan Province (thousand rupiahss), 2021–2025",27,7,9abae3fd8144
SULAWESI SELATAN,17,Kab. Luwu,,2022,,53.380,,"PDRB Per Kapita Atas Dasar Harga Berlaku di Provinsi Sulawesi Selatan Menurut Kabupaten/Kota (ribu rupiah), 2021–2025","Per Capita GRDP at Current Market Prices by Regency/Municipality, in Sulawesi Selatan Province (thousand rupiahss), 2021–2025",27,7,a9dc2af3be95
SULAWESI SELATAN,18,Kab. Tana Toraja,,2022,,30.572,,"PDRB Per Kapita Atas Dasar Harga Berlaku di Provinsi Sulawesi Selatan Menurut Kabupaten/Kota (ribu rupiah), 2021–2025","Per Capita GRDP at Current Market Prices by Regency/Municipality, in Sulawesi Selatan Province (thousand rupiahss), 2021–2025",27,7,60fcb68d6b3a
SULAWESI SELATAN,22,Kab. Luwu Utara,,2022,,48.655,,"PDRB Per Kapita Atas Dasar Harga Berlaku di Provinsi Sulawesi Selatan Menurut Kabupaten/Kota (ribu rupiah), 2021–2025","Per Capita GRDP at Current Market Prices by Regency/Municipality, in Sulawesi Selatan Province (thousand rupiahss), 2021–2025",27,7,002b2a88dd53
SULAWESI SELATAN,25,Kab. Luwu Timur,,2022,,93.364,,"PDRB Per Kapita Atas Dasar Harga Berlaku di Provinsi Sulawesi Selatan Menurut Kabupaten/Kota (ribu rupiah), 2021–2025","Per Capita GRDP at Current Market Prices by Regency/Municipality, in Sulawesi Selatan Province (thousand rupiahss), 2021–2025",27,7,584991c17fbe
SULAWESI SELATAN,26,Kab. Toraja Utara,,2022,,42.069,,"PDRB Per Kapita Atas Dasar Harga Berlaku di Provinsi Sulawesi Selatan Menurut Kabupaten/Kota (ribu rupiah), 2021–2025","Per Capita GRDP at Current Market Prices by Regency/Municipality, in Sulawesi Selatan Province (thousand rupiahss), 2021–2025",27,7,7c4637fe4906
SULAWESI SELATAN,71,Kota Makassar,,2022,,144.604,,"PDRB Per Kapita Atas Dasar Harga Berlaku di Provinsi Sulawesi Selatan Menurut Kabupaten/Kota (ribu rupiah), 2021–2025","Per Capita GRDP at Current Market Prices by Regency/Municipality, in Sulawesi Selatan Province (thousand rupiahss), 2021–2025",27,7,25e288bddaec
SULAWESI SELATAN,72,Kota Parepare,,2022,,55.783,,"PDRB Per Kapita Atas Dasar Harga Berlaku di Provinsi Sulawesi Selatan Menurut Kabupaten/Kota (ribu rupiah), 2021–2025","Per Capita GRDP at Current Market Prices by Regency/Municipality, in Sulawesi Selatan Province (thousand rupiahss), 2021–2025",27,7,66c4a024a80e
SULAWESI SELATAN,73,Kota Palopo,,2022,,51.453,,"PDRB Per Kapita Atas Dasar Harga Berlaku di Provinsi Sulawesi Selatan Menurut Kabupaten/Kota (ribu rupiah), 2021–2025","Per Capita GRDP at Current Market Prices by Regency/Municipality, in Sulawesi Selatan Province (thousand rupiahss), 2021–2025",27,7,922b2939cb31
SULAWESI SELATAN,,Jml Kab./Kota Total of Reg./Mun.,,2022,,65.453,,"PDRB Per Kapita Atas Dasar Harga Berlaku di Provinsi Sulawesi Selatan Menurut Kabupaten/Kota (ribu rupiah), 2021–2025","Per Capita GRDP at Current Market Prices by Regency/Municipality, in Sulawesi Selatan Province (thousand rupiahss), 2021–2025",27,7,b5e1166e96ef
SULAWESI SELATAN,,Provinsi/Province,,2022,,65.353,,"PDRB Per Kapita Atas Dasar Harga Berlaku di Provinsi Sulawesi Selatan Menurut Kabupaten/Kota (ribu rupiah), 2021–2025","Per Capita GRDP at Current Market Prices by Regency/Municipality, in Sulawesi Selatan Province (thousand rupiahss), 2021–2025",27,7,9bb78fed7e28
SULAWESI TENGGARA,01,Kab. Buton,,2022,,38.779,,"PDRB Per Kapita Atas Dasar Harga Berlaku di Provinsi Sulawesi Tenggara Menurut Kabupaten/Kota (ribu rupiah), 2021–2025","Per Capita GRDP at Current Market Prices by Regency/Municipality, in Sulawesi Tenggara Province (thousand rupiahss), 2021–2025",28,8,20721461a548
SULAWESI TENGGARA,02,Kab. Muna,,2022,,37.319,,"PDRB Per Kapita Atas Dasar Harga Berlaku di Provinsi Sulawesi Tenggara Menurut Kabupaten/Kota (ribu rupiah), 2021–2025","Per Capita GRDP at Current Market Prices by Regency/Municipality, in Sulawesi Tenggara Province (thousand rupiahss), 2021–2025",28,8,1fb1e5e896a2
SULAWESI TENGGARA,03,Kab. Konawe,,2022,,53.862,,"PDRB Per Kapita Atas Dasar Harga Berlaku di Provinsi Sulawesi Tenggara Menurut Kabupaten/Kota (ribu rupiah), 2021–2025","Per Capita GRDP at Current Market Prices by Regency/Municipality, in Sulawesi Tenggara Province (thousand rupiahss), 2021–2025",28,8,fb620057c1f5
SULAWESI TENGGARA,04,Kab. Kolaka,,2022,,129.185,,"PDRB Per Kapita Atas Dasar Harga Berlaku di Provinsi Sulawesi Tenggara Menurut Kabupaten/Kota (ribu rupiah), 2021–2025","Per Capita GRDP at Current Market Prices by Regency/Municipality, in Sulawesi Tenggara Province (thousand rupiahss), 2021–2025",28,8,7274163408b4
SULAWESI TENGGARA,05,Kab. Konawe Selatan,,2022,,45.662,,"PDRB Per Kapita Atas Dasar Harga Berlaku di Provinsi Sulawesi Tenggara Menurut Kabupaten/Kota (ribu rupiah), 2021–2025","Per Capita GRDP at Current Market Prices by Regency/Municipality, in Sulawesi Tenggara Province (thousand rupiahss), 2021–2025",28,8,73f59f23b668
SULAWESI TENGGARA,06,Kab. Bombana,,2022,,50.030,,"PDRB Per Kapita Atas Dasar Harga Berlaku di Provinsi Sulawesi Tenggara Menurut Kabupaten/Kota (ribu rupiah), 2021–2025","Per Capita GRDP at Current Market Prices by Regency/Municipality, in Sulawesi Tenggara Province (thousand rupiahss), 2021–2025",28,8,97ba8a8eb7a0
SULAWESI TENGGARA,07,Kab. Wakatobi,,2022,,45.725,,"PDRB Per Kapita Atas Dasar Harga Berlaku di Provinsi Sulawesi Tenggara Menurut Kabupaten/Kota (ribu rupiah), 2021–2025","Per Capita GRDP at Current Market Prices by Regency/Municipality, in Sulawesi Tenggara Province (thousand rupiahss), 2021–2025",28,8,af5c76b1fc67
SULAWESI TENGGARA,08,Kab. Kolaka Utara,,2022,,70.717,,"PDRB Per Kapita Atas Dasar Harga Berlaku di Provinsi Sulawesi Tenggara Menurut Kabupaten/Kota (ribu rupiah), 2021–2025","Per Capita GRDP at Current Market Prices by Regency/Municipality, in Sulawesi Tenggara Province (thousand rupiahss), 2021–2025",28,8,a70dcaac19aa
SULAWESI TENGGARA,09,Kab. Buton Utara,,2022,,55.830,,"PDRB Per Kapita Atas Dasar Harga Berlaku di Provinsi Sulawesi Tenggara Menurut Kabupaten/Kota (ribu rupiah), 2021–2025","Per Capita GRDP at Current Market Prices by Regency/Municipality, in Sulawesi Tenggara Province (thousand rupiahss), 2021–2025",28,8,32e0cf1184c9
SULAWESI TENGGARA,10,Kab. Konawe Utara,,2022,,67.898,,"PDRB Per Kapita Atas Dasar Harga Berlaku di Provinsi Sulawesi Tenggara Menurut Kabupaten/Kota (ribu rupiah), 2021–2025","Per Capita GRDP at Current Market Prices by Regency/Municipality, in Sulawesi Tenggara Province (thousand rupiahss), 2021–2025",28,8,915aab58d8ce
SULAWESI TENGGARA,11,Kab. Kolaka Timur,,2022,,42.536,,"PDRB Per Kapita Atas Dasar Harga Berlaku di Provinsi Sulawesi Tenggara Menurut Kabupaten/Kota (ribu rupiah), 2021–2025","Per Capita GRDP at Current Market Prices by Regency/Municipality, in Sulawesi Tenggara Province (thousand rupiahss), 2021–2025",28,8,a01b3a5bb22c
SULAWESI TENGGARA,12,Kab. Konawe Kepulauan,,2022,,41.227,,"PDRB Per Kapita Atas Dasar Harga Berlaku di Provinsi Sulawesi Tenggara Menurut Kabupaten/Kota (ribu rupiah), 2021–2025","Per Capita GRDP at Current Market Prices by Regency/Municipality, in Sulawesi Tenggara Province (thousand rupiahss), 2021–2025",28,8,39ac3381bea9
SULAWESI TENGGARA,13,Kab. Muna Barat,,2022,,35.048,,"PDRB Per Kapita Atas Dasar Harga Berlaku di Provinsi Sulawesi Tenggara Menurut Kabupaten/Kota (ribu rupiah), 2021–2025","Per Capita GRDP at Current Market Prices by Regency/Municipality, in Sulawesi Tenggara Province (thousand rupiahss), 2021–2025",28,8,0c41ca789cfa
SULAWESI TENGGARA,14,Kab. Buton Tengah,,2022,,23.754,,"PDRB Per Kapita Atas Dasar Harga Berlaku di Provinsi Sulawesi Tenggara Menurut Kabupaten/Kota (ribu rupiah), 2021–2025","Per Capita GRDP at Current Market Prices by Regency/Municipality, in Sulawesi Tenggara Province (thousand rupiahss), 2021–2025",28,8,23b050a420dd
SULAWESI TENGGARA,15,Kab. Buton Selatan,,2022,,33.836,,"PDRB Per Kapita Atas Dasar Harga Berlaku di Provinsi Sulawesi Tenggara Menurut Kabupaten/Kota (ribu rupiah), 2021–2025","Per Capita GRDP at Current Market Prices by Regency/Municipality, in Sulawesi Tenggara Province (thousand rupiahss), 2021–2025",28,8,68cbff95e8cd
SULAWESI TENGGARA,71,Kota Kendari,,2022,,73.972,,"PDRB Per Kapita Atas Dasar Harga Berlaku di Provinsi Sulawesi Tenggara Menurut Kabupaten/Kota (ribu rupiah), 2021–2025","Per Capita GRDP at Current Market Prices by Regency/Municipality, in Sulawesi Tenggara Province (thousand rupiahss), 2021–2025",28,8,254e98c46782
SULAWESI TENGGARA,72,Kota Baubau,,2022,,65.425,,"PDRB Per Kapita Atas Dasar Harga Berlaku di Provinsi Sulawesi Tenggara Menurut Kabupaten/Kota (ribu rupiah), 2021–2025","Per Capita GRDP at Current Market Prices by Regency/Municipality, in Sulawesi Tenggara Province (thousand rupiahss), 2021–2025",28,8,a6b15c5918ff
SULAWESI TENGGARA,,Jml Kab./Kota Total of Reg./Mun.,,2022,,58.409,,"PDRB Per Kapita Atas Dasar Harga Berlaku di Provinsi Sulawesi Tenggara Menurut Kabupaten/Kota (ribu rupiah), 2021–2025","Per Capita GRDP at Current Market Prices by Regency/Municipality, in Sulawesi Tenggara Province (thousand rupiahss), 2021–2025",28,8,7a550f128d4e
SULAWESI TENGGARA,,Provinsi/Province,,2022,,58.715,,"PDRB Per Kapita Atas Dasar Harga Berlaku di Provinsi Sulawesi Tenggara Menurut Kabupaten/Kota (ribu rupiah), 2021–2025","Per Capita GRDP at Current Market Prices by Regency/Municipality, in Sulawesi Tenggara Province (thousand rupiahss), 2021–2025",28,8,37c5a8ac0d77
GORONTALO,01,Kab. Boalemo,,2022,,40.940,,"PDRB Per Kapita Atas Dasar Harga Berlaku di Provinsi Gorontalo Menurut Kabupaten/Kota (ribu rupiah), 2021–2025","Per Capita GRDP at Current Market Prices by Regency/Municipality, in Gorontalo Province (thousand rupiahss), 2021–2025",29,9,82bb80d13fc3
GORONTALO,02,Kab. Gorontalo,,2022,,37.136,,"PDRB Per Kapita Atas Dasar Harga Berlaku di Provinsi Gorontalo Menurut Kabupaten/Kota (ribu rupiah), 2021–2025","Per Capita GRDP at Current Market Prices by Regency/Municipality, in Gorontalo Province (thousand rupiahss), 2021–2025",29,9,3344fc907cf1
GORONTALO,03,Kab. Pohuwato,,2022,,50.291,,"PDRB Per Kapita Atas Dasar Harga Berlaku di Provinsi Gorontalo Menurut Kabupaten/Kota (ribu rupiah), 2021–2025","Per Capita GRDP at Current Market Prices by Regency/Municipality, in Gorontalo Province (thousand rupiahss), 2021–2025",29,9,5d4b1aeb4164
GORONTALO,04,Kab. Bone Bolango,,2022,,31.720,,"PDRB Per Kapita Atas Dasar Harga Berlaku di Provinsi Gorontalo Menurut Kabupaten/Kota (ribu rupiah), 2021–2025","Per Capita GRDP at Current Market Prices by Regency/Municipality, in Gorontalo Province (thousand rupiahss), 2021–2025",29,9,7e2e4454a7a4
GORONTALO,05,Kab. Gorontalo Utara,,2022,,29.976,,"PDRB Per Kapita Atas Dasar Harga Berlaku di Provinsi Gorontalo Menurut Kabupaten/Kota (ribu rupiah), 2021–2025","Per Capita GRDP at Current Market Prices by Regency/Municipality, in Gorontalo Province (thousand rupiahss), 2021–2025",29,9,5c5c31a8ad9d
GORONTALO,71,Kota Gorontalo,,2022,,48.089,,"PDRB Per Kapita Atas Dasar Harga Berlaku di Provinsi Gorontalo Menurut Kabupaten/Kota (ribu rupiah), 2021–2025","Per Capita GRDP at Current Market Prices by Regency/Municipality, in Gorontalo Province (thousand rupiahss), 2021–2025",29,9,4039ed41625a
GORONTALO,,Jml Kab./Kota Total of Reg./Mun.,,2022,,39.590,,"PDRB Per Kapita Atas Dasar Harga Berlaku di Provinsi Gorontalo Menurut Kabupaten/Kota (ribu rupiah), 2021–2025","Per Capita GRDP at Current Market Prices by Regency/Municipality, in Gorontalo Province (thousand rupiahss), 2021–2025",29,9,1dae6bfa2428
GORONTALO,,Provinsi/Province,,2022,,39.691,,"PDRB Per Kapita Atas Dasar Harga Berlaku di Provinsi Gorontalo Menurut Kabupaten/Kota (ribu rupiah), 2021–2025","Per Capita GRDP at Current Market Prices by Regency/Municipality, in Gorontalo Province (thousand rupiahss), 2021–2025",29,9,4711b5efd5e5
SULAWESI BARAT,01,Kab. Majene,,2022,,30.974,,"PDRB Per Kapita Atas Dasar Harga Berlaku di Provinsi Sulawesi Barat Menurut Kabupaten/Kota (ribu rupiah), 2021–2025","Per Capita GRDP at Current Market Prices by Regency/Municipality, in Sulawesi Barat Province (thousand rupiahss), 2021–2025",30,10,77cea5b60a1c
SULAWESI BARAT,02,Kab. Polewali Mandar,,2022,,30.332,,"PDRB Per Kapita Atas Dasar Harga Berlaku di Provinsi Sulawesi Barat Menurut Kabupaten/Kota (ribu rupiah), 2021–2025","Per Capita GRDP at Current Market Prices by Regency/Municipality, in Sulawesi Barat Province (thousand rupiahss), 2021–2025",30,10,d44fa4fe881a
SULAWESI BARAT,03,Kab. Mamasa,,2022,,19.606,,"PDRB Per Kapita Atas Dasar Harga Berlaku di Provinsi Sulawesi Barat Menurut Kabupaten/Kota (ribu rupiah), 2021–2025","Per Capita GRDP at Current Market Prices by Regency/Municipality, in Sulawesi Barat Province (thousand rupiahss), 2021–2025",30,10,a75f2b28a40f
SULAWESI BARAT,04,Kab. Mamuju,,2022,,46.537,,"PDRB Per Kapita Atas Dasar Harga Berlaku di Provinsi Sulawesi Barat Menurut Kabupaten/Kota (ribu rupiah), 2021–2025","Per Capita GRDP at Current Market Prices by Regency/Municipality, in Sulawesi Barat Province (thousand rupiahss), 2021–2025",30,10,5e75bcbf80f2
SULAWESI BARAT,05,Kab. Pasang Kayu,,2022,,67.488,,"PDRB Per Kapita Atas Dasar Harga Berlaku di Provinsi Sulawesi Barat Menurut Kabupaten/Kota (ribu rupiah), 2021–2025","Per Capita GRDP at Current Market Prices by Regency/Municipality, in Sulawesi Barat Province (thousand rupiahss), 2021–2025",30,10,41a4a98b4dd2
SULAWESI BARAT,06,Kab. Mamuju Tengah,,2022,,27.266,,"PDRB Per Kapita Atas Dasar Harga Berlaku di Provinsi Sulawesi Barat Menurut Kabupaten/Kota (ribu rupiah), 2021–2025","Per Capita GRDP at Current Market Prices by Regency/Municipality, in Sulawesi Barat Province (thousand rupiahss), 2021–2025",30,10,fb8744010a42
SULAWESI BARAT,,Jml Kab./Kota Total of Reg./Mun.,,2022,,40.983,,"PDRB Per Kapita Atas Dasar Harga Berlaku di Provinsi Sulawesi Barat Menurut Kabupaten/Kota (ribu rupiah), 2021–2025","Per Capita GRDP at Current Market Prices by Regency/Municipality, in Sulawesi Barat Province (thousand rupiahss), 2021–2025",30,10,54d6d058b74d
SULAWESI BARAT,,Provinsi/Province,,2022,,37.034,,"PDRB Per Kapita Atas Dasar Harga Berlaku di Provinsi Sulawesi Barat Menurut Kabupaten/Kota (ribu rupiah), 2021–2025","Per Capita GRDP at Current Market Prices by Regency/Municipality, in Sulawesi Barat Province (thousand rupiahss), 2021–2025",30,10,bae43d215d82
KALIMANTAN TENGAH,01,Kab. Kotawaringin Barat,,2023,,102.068,,"PDRB Per Kapita Atas Dasar Harga Berlaku di Provinsi Kalimantan Tengah Menurut Kabupaten/Kota (ribu rupiah), 2021–2025","Per Capita GRDP at Current Market Prices by Regency/Municipality, in Kalimantan Tengah Province (thousand rupiahss), 2021–2025",21,1,24f382161f04
KALIMANTAN TENGAH,02,Kab. Kotawaringin Timur,,2023,,78.842,,"PDRB Per Kapita Atas Dasar Harga Berlaku di Provinsi Kalimantan Tengah Menurut Kabupaten/Kota (ribu rupiah), 2021–2025","Per Capita GRDP at Current Market Prices by Regency/Municipality, in Kalimantan Tengah Province (thousand rupiahss), 2021–2025",21,1,d71a8125c1d1
KALIMANTAN TENGAH,03,Kab. Kapuas,,2023,,56.351,,"PDRB Per Kapita Atas Dasar Harga Berlaku di Provinsi Kalimantan Tengah Menurut Kabupaten/Kota (ribu rupiah), 2021–2025","Per Capita GRDP at Current Market Prices by Regency/Municipality, in Kalimantan Tengah Province (thousand rupiahss), 2021–2025",21,1,c4f3ff2b80de
KALIMANTAN TENGAH,04,Kab. Barito Selatan,,2023,,62.765,,"PDRB Per Kapita Atas Dasar Harga Berlaku di Provinsi Kalimantan Tengah Menurut Kabupaten/Kota (ribu rupiah), 2021–2025","Per Capita GRDP at Current Market Prices by Regency/Municipality, in Kalimantan Tengah Province (thousand rupiahss), 2021–2025",21,1,098fb53ed3f8
KALIMANTAN TENGAH,05,Kab. Barito Utara,,2023,,88.282,,"PDRB Per Kapita Atas Dasar Harga Berlaku di Provinsi Kalimantan Tengah Menurut Kabupaten/Kota (ribu rupiah), 2021–2025","Per Capita GRDP at Current Market Prices by Regency/Municipality, in Kalimantan Tengah Province (thousand rupiahss), 2021–2025",21,1,45ffe4474b8d
KALIMANTAN TENGAH,06,Kab. Sukamara,,2023,,88.878,,"PDRB Per Kapita Atas Dasar Harga Berlaku di Provinsi Kalimantan Tengah Menurut Kabupaten/Kota (ribu rupiah), 2021–2025","Per Capita GRDP at Current Market Prices by Regency/Municipality, in Kalimantan Tengah Province (thousand rupiahss), 2021–2025",21,1,4b35c4f11b2c
KALIMANTAN TENGAH,07,Kab. Lamandau,,2023,,73.637,,"PDRB Per Kapita Atas Dasar Harga Berlaku di Provinsi Kalimantan Tengah Menurut Kabupaten/Kota (ribu rupiah), 2021–2025","Per Capita GRDP at Current Market Prices by Regency/Municipality, in Kalimantan Tengah Province (thousand rupiahss), 2021–2025",21,1,713278f192d3
KALIMANTAN TENGAH,08,Kab. Seruyan,,2023,,66.898,,"PDRB Per Kapita Atas Dasar Harga Berlaku di Provinsi Kalimantan Tengah Menurut Kabupaten/Kota (ribu rupiah), 2021–2025","Per Capita GRDP at Current Market Prices by Regency/Municipality, in Kalimantan Tengah Province (thousand rupiahss), 2021–2025",21,1,c11040743817
KALIMANTAN TENGAH,09,Kab. Katingan,,2023,,63.496,,"PDRB Per Kapita Atas Dasar Harga Berlaku di Provinsi Kalimantan Tengah Menurut Kabupaten/Kota (ribu rupiah), 2021–2025","Per Capita GRDP at Current Market Prices by Regency/Municipality, in Kalimantan Tengah Province (thousand rupiahss), 2021–2025",21,1,36257198ced0
KALIMANTAN TENGAH,10,Kab. Pulang Pisau,,2023,,50.626,,"PDRB Per Kapita Atas Dasar Harga Berlaku di Provinsi Kalimantan Tengah Menurut Kabupaten/Kota (ribu rupiah), 2021–2025","Per Capita GRDP at Current Market Prices by Regency/Municipality, in Kalimantan Tengah Province (thousand rupiahss), 2021–2025",21,1,5181e6e29c53
KALIMANTAN TENGAH,11,Kab. Gunung Mas,,2023,,60.349,,"PDRB Per Kapita Atas Dasar Harga Berlaku di Provinsi Kalimantan Tengah Menurut Kabupaten/Kota (ribu rupiah), 2021–2025","Per Capita GRDP at Current Market Prices by Regency/Municipality, in Kalimantan Tengah Province (thousand rupiahss), 2021–2025",21,1,56b20ce2e2e2
KALIMANTAN TENGAH,12,Kab. Barito Timur,,2023,,92.864,,"PDRB Per Kapita Atas Dasar Harga Berlaku di Provinsi Kalimantan Tengah Menurut Kabupaten/Kota (ribu rupiah), 2021–2025","Per Capita GRDP at Current Market Prices by Regency/Municipality, in Kalimantan Tengah Province (thousand rupiahss), 2021–2025",21,1,dbcda5859629
KALIMANTAN TENGAH,13,Kab. Murung Raya,,2023,,106.748,,"PDRB Per Kapita Atas Dasar Harga Berlaku di Provinsi Kalimantan Tengah Menurut Kabupaten/Kota (ribu rupiah), 2021–2025","Per Capita GRDP at Current Market Prices by Regency/Municipality, in Kalimantan Tengah Province (thousand rupiahss), 2021–2025",21,1,73808deea7ad
KALIMANTAN TENGAH,71,Kota Palangka Raya,,2023,,79.038,,"PDRB Per Kapita Atas Dasar Harga Berlaku di Provinsi Kalimantan Tengah Menurut Kabupaten/Kota (ribu rupiah), 2021–2025","Per Capita GRDP at Current Market Prices by Regency/Municipality, in Kalimantan Tengah Province (thousand rupiahss), 2021–2025",21,1,4c5be734d9ea
KALIMANTAN TENGAH,,Jml Kab./Kota Total of Reg./Mun.,,2023,,75.307,,"PDRB Per Kapita Atas Dasar Harga Berlaku di Provinsi Kalimantan Tengah Menurut Kabupaten/Kota (ribu rupiah), 2021–2025","Per Capita GRDP at Current Market Prices by Regency/Municipality, in Kalimantan Tengah Province (thousand rupiahss), 2021–2025",21,1,2e7072c3840d
KALIMANTAN TENGAH,,Provinsi/Province,,2023,,75.271,,"PDRB Per Kapita Atas Dasar Harga Berlaku di Provinsi Kalimantan Tengah Menurut Kabupaten/Kota (ribu rupiah), 2021–2025","Per Capita GRDP at Current Market Prices by Regency/Municipality, in Kalimantan Tengah Province (thousand rupiahss), 2021–2025",21,1,367a88bf87da
KALIMANTAN SELATAN,01,Kab. Tanah Laut,,2023,,55.872,,"PDRB Per Kapita Atas Dasar Harga Berlaku di Provinsi Kalimantan Selatan Menurut Kabupaten/Kota (ribu rupiah), 2021–2025","Per Capita GRDP at Current Market Prices by Regency/Municipality, in Kalimantan Selatan Province (thousand rupiahss), 2021–2025",22,2,61a70d71494f
KALIMANTAN SELATAN,02,Kab. Kota Baru,,2023,,103.069,,"PDRB Per Kapita Atas Dasar Harga Berlaku di Provinsi Kalimantan Selatan Menurut Kabupaten/Kota (ribu rupiah), 2021–2025","Per Capita GRDP at Current Market Prices by Regency/Municipality, in Kalimantan Selatan Province (thousand rupiahss), 2021–2025",22,2,d7e1fa79b298
KALIMANTAN SELATAN,03,Kab. Banjar,,2023,,38.265,,"PDRB Per Kapita Atas Dasar Harga Berlaku di Provinsi Kalimantan Selatan Menurut Kabupaten/Kota (ribu rupiah), 2021–2025","Per Capita GRDP at Current Market Prices by Regency/Municipality, in Kalimantan Selatan Province (thousand rupiahss), 2021–2025",22,2,5bf939bcb8e6
KALIMANTAN SELATAN,04,Kab. Barito Kuala,,2023,,32.389,,"PDRB Per Kapita Atas Dasar Harga Berlaku di Provinsi Kalimantan Selatan Menurut Kabupaten/Kota (ribu rupiah), 2021–2025","Per Capita GRDP at Current Market Prices by Regency/Municipality, in Kalimantan Selatan Province (thousand rupiahss), 2021–2025",22,2,e41ed8dad3c1
KALIMANTAN SELATAN,05,Kab. Tapin,,2023,,69.702,,"PDRB Per Kapita Atas Dasar Harga Berlaku di Provinsi Kalimantan Selatan Menurut Kabupaten/Kota (ribu rupiah), 2021–2025","Per Capita GRDP at Current Market Prices by Regency/Municipality, in Kalimantan Selatan Province (thousand rupiahss), 2021–2025",22,2,4664ea9a7e83
KALIMANTAN SELATAN,06,Kab. Hulu Sungai Selatan,,2023,,38.839,,"PDRB Per Kapita Atas Dasar Harga Berlaku di Provinsi Kalimantan Selatan Menurut Kabupaten/Kota (ribu rupiah), 2021–2025","Per Capita GRDP at Current Market Prices by Regency/Municipality, in Kalimantan Selatan Province (thousand rupiahss), 2021–2025",22,2,45930cf1c72b
KALIMANTAN SELATAN,07,Kab. Hulu Sungai Tengah,,2023,,32.285,,"PDRB Per Kapita Atas Dasar Harga Berlaku di Provinsi Kalimantan Selatan Menurut Kabupaten/Kota (ribu rupiah), 2021–2025","Per Capita GRDP at Current Market Prices by Regency/Municipality, in Kalimantan Selatan Province (thousand rupiahss), 2021–2025",22,2,19fa52b1d10e
KALIMANTAN SELATAN,08,Kab. Hulu Sungai Utara,,2023,,26.132,,"PDRB Per Kapita Atas Dasar Harga Berlaku di Provinsi Kalimantan Selatan Menurut Kabupaten/Kota (ribu rupiah), 2021–2025","Per Capita GRDP at Current Market Prices by Regency/Municipality, in Kalimantan Selatan Province (thousand rupiahss), 2021–2025",22,2,99d5520a91f9
KALIMANTAN SELATAN,09,Kab. Tabalong,,2023,,117.748,,"PDRB Per Kapita Atas Dasar Harga Berlaku di Provinsi Kalimantan Selatan Menurut Kabupaten/Kota (ribu rupiah), 2021–2025","Per Capita GRDP at Current Market Prices by Regency/Municipality, in Kalimantan Selatan Province (thousand rupiahss), 2021–2025",22,2,55c468aea55d
KALIMANTAN SELATAN,10,Kab. Tanah Bumbu,,2023,,99.813,,"PDRB Per Kapita Atas Dasar Harga Berlaku di Provinsi Kalimantan Selatan Menurut Kabupaten/Kota (ribu rupiah), 2021–2025","Per Capita GRDP at Current Market Prices by Regency/Municipality, in Kalimantan Selatan Province (thousand rupiahss), 2021–2025",22,2,b3ecb3b3297b
KALIMANTAN SELATAN,11,Kab. Balangan,,2023,,153.372,,"PDRB Per Kapita Atas Dasar Harga Berlaku di Provinsi Kalimantan Selatan Menurut Kabupaten/Kota (ribu rupiah), 2021–2025","Per Capita GRDP at Current Market Prices by Regency/Municipality, in Kalimantan Selatan Province (thousand rupiahss), 2021–2025",22,2,66edb28d2f9a
KALIMANTAN SELATAN,71,Kota Banjarmasin,,2023,,63.095,,"PDRB Per Kapita Atas Dasar Harga Berlaku di Provinsi Kalimantan Selatan Menurut Kabupaten/Kota (ribu rupiah), 2021–2025","Per Capita GRDP at Current Market Prices by Regency/Municipality, in Kalimantan Selatan Province (thousand rupiahss), 2021–2025",22,2,2d1a4bc48038
KALIMANTAN SELATAN,72,Kota Banjar Baru,,2023,,49.712,,"PDRB Per Kapita Atas Dasar Harga Berlaku di Provinsi Kalimantan Selatan Menurut Kabupaten/Kota (ribu rupiah), 2021–2025","Per Capita GRDP at Current Market Prices by Regency/Municipality, in Kalimantan Selatan Province (thousand rupiahss), 2021–2025",22,2,836d7d1d17a6
KALIMANTAN SELATAN,,Jml Kab./Kota Total of Reg./Mun.,,2023,,63.196,,"PDRB Per Kapita Atas Dasar Harga Berlaku di Provinsi Kalimantan Selatan Menurut Kabupaten/Kota (ribu rupiah), 2021–2025","Per Capita GRDP at Current Market Prices by Regency/Municipality, in Kalimantan Selatan Province (thousand rupiahss), 2021–2025",22,2,85977febcca6
KALIMANTAN SELATAN,,Provinsi/Province,,2023,,63.754,,"PDRB Per Kapita Atas Dasar Harga Berlaku di Provinsi Kalimantan Selatan Menurut Kabupaten/Kota (ribu rupiah), 2021–2025","Per Capita GRDP at Current Market Prices by Regency/Municipality, in Kalimantan Selatan Province (thousand rupiahss), 2021–2025",22,2,84706322851b
KALIMANTAN TIMUR,01,Kab. Paser,,2023,,208.429,,"PDRB Per Kapita Atas Dasar Harga Berlaku di Provinsi Kalimantan Timur Menurut Kabupaten/Kota (ribu rupiah), 2021–2025","Per Capita GRDP at Current Market Prices by Regency/Municipality, in Kalimantan Timur Province (thousand rupiahss), 2021–2025",23,3,b5d2b912d8bf
KALIMANTAN TIMUR,02,Kab. Kutai Barat,,2023,,222.078,,"PDRB Per Kapita Atas Dasar Harga Berlaku di Provinsi Kalimantan Timur Menurut Kabupaten/Kota (ribu rupiah), 2021–2025","Per Capita GRDP at Current Market Prices by Regency/Municipality, in Kalimantan Timur Province (thousand rupiahss), 2021–2025",23,3,6eff5dc6f8db
KALIMANTAN TIMUR,03,Kab. Kutai Kartanegara,,2023,,270.713,,"PDRB Per Kapita Atas Dasar Harga Berlaku di Provinsi Kalimantan Timur Menurut Kabupaten/Kota (ribu rupiah), 2021–2025","Per Capita GRDP at Current Market Prices by Regency/Municipality, in Kalimantan Timur Province (thousand rupiahss), 2021–2025",23,3,06fd04d6c6ad
KALIMANTAN TIMUR,04,Kab. Kutai Timur,,2023,,369.418,,"PDRB Per Kapita Atas Dasar Harga Berlaku di Provinsi Kalimantan Timur Menurut Kabupaten/Kota (ribu rupiah), 2021–2025","Per Capita GRDP at Current Market Prices by Regency/Municipality, in Kalimantan Timur Province (thousand rupiahss), 2021–2025",23,3,d4715b82e074
KALIMANTAN TIMUR,05,Kab. Berau,,2023,,198.534,,"PDRB Per Kapita Atas Dasar Harga Berlaku di Provinsi Kalimantan Timur Menurut Kabupaten/Kota (ribu rupiah), 2021–2025","Per Capita GRDP at Current Market Prices by Regency/Municipality, in Kalimantan Timur Province (thousand rupiahss), 2021–2025",23,3,46f2834dfd59
KALIMANTAN TIMUR,09,Kab. Penajam Paser Utara,,2023,,87.062,,"PDRB Per Kapita Atas Dasar Harga Berlaku di Provinsi Kalimantan Timur Menurut Kabupaten/Kota (ribu rupiah), 2021–2025","Per Capita GRDP at Current Market Prices by Regency/Municipality, in Kalimantan Timur Province (thousand rupiahss), 2021–2025",23,3,3380af153e88
KALIMANTAN TIMUR,11,Kab. Mahakam Ulu,,2023,,100.944,,"PDRB Per Kapita Atas Dasar Harga Berlaku di Provinsi Kalimantan Timur Menurut Kabupaten/Kota (ribu rupiah), 2021–2025","Per Capita GRDP at Current Market Prices by Regency/Municipality, in Kalimantan Timur Province (thousand rupiahss), 2021–2025",23,3,477eb0ffe96b
KALIMANTAN TIMUR,71,Kota Balikpapan,,2023,,201.637,,"PDRB Per Kapita Atas Dasar Harga Berlaku di Provinsi Kalimantan Timur Menurut Kabupaten/Kota (ribu rupiah), 2021–2025","Per Capita GRDP at Current Market Prices by Regency/Municipality, in Kalimantan Timur Province (thousand rupiahss), 2021–2025",23,3,3ce19f116931
KALIMANTAN TIMUR,72,Kota Samarinda,,2023,,104.969,,"PDRB Per Kapita Atas Dasar Harga Berlaku di Provinsi Kalimantan Timur Menurut Kabupaten/Kota (ribu rupiah), 2021–2025","Per Capita GRDP at Current Market Prices by Regency/Municipality, in Kalimantan Timur Province (thousand rupiahss), 2021–2025",23,3,bf203d249534
KALIMANTAN TIMUR,74,Kota Bontang,,2023,,366.463,,"PDRB Per Kapita Atas Dasar Harga Berlaku di Provinsi Kalimantan Timur Menurut Kabupaten/Kota (ribu rupiah), 2021–2025","Per Capita GRDP at Current Market Prices by Regency/Municipality, in Kalimantan Timur Province (thousand rupiahss), 2021–2025",23,3,e982260f48a4
KALIMANTAN TIMUR,,Jml Kab./Kota Total of Reg./Mun.,,2023,,215.911,,"PDRB Per Kapita Atas Dasar Harga Berlaku di Provinsi Kalimantan Timur Menurut Kabupaten/Kota (ribu rupiah), 2021–2025","Per Capita GRDP at Current Market Prices by Regency/Municipality, in Kalimantan Timur Province (thousand rupiahss), 2021–2025",23,3,3d8a84512cd5
KALIMANTAN TIMUR,,Provinsi/Province,,2023,,215.804,,"PDRB Per Kapita Atas Dasar Harga Berlaku di Provinsi Kalimantan Timur Menurut Kabupaten/Kota (ribu rupiah), 2021–2025","Per Capita GRDP at Current Market Prices by Regency/Municipality, in Kalimantan Timur Province (thousand rupiahss), 2021–2025",23,3,564c01faf9e7
KALIMANTAN UTARA,01,Kab. Malinau,,2023,,218.442,,"PDRB Per Kapita Atas Dasar Harga Berlaku di Provinsi Kalimantan Utara Menurut Kabupaten/Kota (ribu rupiah), 2021–2025","Per Capita GRDP at Current Market Prices by Regency/Municipality, in Kalimantan Utara Province (thousand rupiahss), 2021–2025",24,4,63858c21f9c6
KALIMANTAN UTARA,02,Kab. Bulungan,,2023,,162.192,,"PDRB Per Kapita Atas Dasar Harga Berlaku di Provinsi Kalimantan Utara Menurut Kabupaten/Kota (ribu rupiah), 2021–2025","Per Capita GRDP at Current Market Prices by Regency/Municipality, in Kalimantan Utara Province (thousand rupiahss), 2021–2025",24,4,74b165fb3283
KALIMANTAN UTARA,03,Kab. Tana Tidung,,2023,,337.976,,"PDRB Per Kapita Atas Dasar Harga Berlaku di Provinsi Kalimantan Utara Menurut Kabupaten/Kota (ribu rupiah), 2021–2025","Per Capita GRDP at Current Market Prices by Regency/Municipality, in Kalimantan Utara Province (thousand rupiahss), 2021–2025",24,4,5383f7df6ef7
KALIMANTAN UTARA,04,Kab. Nunukan,,2023,,204.595,,"PDRB Per Kapita Atas Dasar Harga Berlaku di Provinsi Kalimantan Utara Menurut Kabupaten/Kota (ribu rupiah), 2021–2025","Per Capita GRDP at Current Market Prices by Regency/Municipality, in Kalimantan Utara Province (thousand rupiahss), 2021–2025",24,4,5b22502f3e18
KALIMANTAN UTARA,71,Kota Tarakan,,2023,,208.143,,"PDRB Per Kapita Atas Dasar Harga Berlaku di Provinsi Kalimantan Utara Menurut Kabupaten/Kota (ribu rupiah), 2021–2025","Per Capita GRDP at Current Market Prices by Regency/Municipality, in Kalimantan Utara Province (thousand rupiahss), 2021–2025",24,4,abe1f8e46364
KALIMANTAN UTARA,,Jml Kab./Kota Total of Reg./Mun.,,2023,,203.276,,"PDRB Per Kapita Atas Dasar Harga Berlaku di Provinsi Kalimantan Utara Menurut Kabupaten/Kota (ribu rupiah), 2021–2025","Per Capita GRDP at Current Market Prices by Regency/Municipality, in Kalimantan Utara Province (thousand rupiahss), 2021–2025",24,4,34da1f167ebf
KALIMANTAN UTARA,,Provinsi/Province,,2023,,201.789,,"PDRB Per Kapita Atas Dasar Harga Berlaku di Provinsi Kalimantan Utara Menurut Kabupaten/Kota (ribu rupiah), 2021–2025","Per Capita GRDP at Current Market Prices by Regency/Municipality, in Kalimantan Utara Province (thousand rupiahss), 2021–2025",24,4,0798659cc2fe
SULAWESI UTARA,01,Kab. Bolaang Mongondow,,2023,,41.312,,"PDRB Per Kapita Atas Dasar Harga Berlaku di Provinsi Sulawesi Utara Menurut Kabupaten/Kota (ribu rupiah), 2021–2025","Per Capita GRDP at Current Market Prices by Regency/Municipality, in Sulawesi Utara Province (thousand rupiahss), 2021–2025",25,5,70aa59771d1d
SULAWESI UTARA,02,Kab. Minahasa,,2023,,62.878,,"PDRB Per Kapita Atas Dasar Harga Berlaku di Provinsi Sulawesi Utara Menurut Kabupaten/Kota (ribu rupiah), 2021–2025","Per Capita GRDP at Current Market Prices by Regency/Municipality, in Sulawesi Utara Province (thousand rupiahss), 2021–2025",25,5,53d0da06b177
SULAWESI UTARA,03,Kab. Kepulauan Sangihe,,2023,,39.831,,"PDRB Per Kapita Atas Dasar Harga Berlaku di Provinsi Sulawesi Utara Menurut Kabupaten/Kota (ribu rupiah), 2021–2025","Per Capita GRDP at Current Market Prices by Regency/Municipality, in Sulawesi Utara Province (thousand rupiahss), 2021–2025",25,5,b165531af621
SULAWESI UTARA,04,Kab. Kepulauan Talaud,,2023,,29.213,,"PDRB Per Kapita Atas Dasar Harga Berlaku di Provinsi Sulawesi Utara Menurut Kabupaten/Kota (ribu rupiah), 2021–2025","Per Capita GRDP at Current Market Prices by Regency/Municipality, in Sulawesi Utara Province (thousand rupiahss), 2021–2025",25,5,f62333dc9a30
SULAWESI UTARA,05,Kab. Minahasa Selatan,,2023,,48.049,,"PDRB Per Kapita Atas Dasar Harga Berlaku di Provinsi Sulawesi Utara Menurut Kabupaten/Kota (ribu rupiah), 2021–2025","Per Capita GRDP at Current Market Prices by Regency/Municipality, in Sulawesi Utara Province (thousand rupiahss), 2021–2025",25,5,977da0978138
SULAWESI UTARA,06,Kab. Minahasa Utara,,2023,,80.975,,"PDRB Per Kapita Atas Dasar Harga Berlaku di Provinsi Sulawesi Utara Menurut Kabupaten/Kota (ribu rupiah), 2021–2025","Per Capita GRDP at Current Market Prices by Regency/Municipality, in Sulawesi Utara Province (thousand rupiahss), 2021–2025",25,5,6041a3d029d0
SULAWESI UTARA,07,Kab. Bolaang Mongondow Utara,,2023,,37.891,,"PDRB Per Kapita Atas Dasar Harga Berlaku di Provinsi Sulawesi Utara Menurut Kabupaten/Kota (ribu rupiah), 2021–2025","Per Capita GRDP at Current Market Prices by Regency/Municipality, in Sulawesi Utara Province (thousand rupiahss), 2021–2025",25,5,d156cc6a6e29
SULAWESI UTARA,08,Kab. Siau Tagulandang Biaro,,2023,,42.430,,"PDRB Per Kapita Atas Dasar Harga Berlaku di Provinsi Sulawesi Utara Menurut Kabupaten/Kota (ribu rupiah), 2021–2025","Per Capita GRDP at Current Market Prices by Regency/Municipality, in Sulawesi Utara Province (thousand rupiahss), 2021–2025",25,5,7b673cee4543
SULAWESI UTARA,09,Kab. Minahasa Tenggara,,2023,,56.305,,"PDRB Per Kapita Atas Dasar Harga Berlaku di Provinsi Sulawesi Utara Menurut Kabupaten/Kota (ribu rupiah), 2021–2025","Per Capita GRDP at Current Market Prices by Regency/Municipality, in Sulawesi Utara Province (thousand rupiahss), 2021–2025",25,5,9c42d4fb3c18
SULAWESI UTARA,10,Kab. Bolaang Mongondow Selatan,,2023,,37.825,,"PDRB Per Kapita Atas Dasar Harga Berlaku di Provinsi Sulawesi Utara Menurut Kabupaten/Kota (ribu rupiah), 2021–2025","Per Capita GRDP at Current Market Prices by Regency/Municipality, in Sulawesi Utara Province (thousand rupiahss), 2021–2025",25,5,f62be829d846
SULAWESI UTARA,11,Kab. Bolaang Mongondow Timur,,2023,,41.772,,"PDRB Per Kapita Atas Dasar Harga Berlaku di Provinsi Sulawesi Utara Menurut Kabupaten/Kota (ribu rupiah), 2021–2025","Per Capita GRDP at Current Market Prices by Regency/Municipality, in Sulawesi Utara Province (thousand rupiahss), 2021–2025",25,5,e05eb490a969
SULAWESI UTARA,71,Kota Manado,,2023,,105.882,,"PDRB Per Kapita Atas Dasar Harga Berlaku di Provinsi Sulawesi Utara Menurut Kabupaten/Kota (ribu rupiah), 2021–2025","Per Capita GRDP at Current Market Prices by Regency/Municipality, in Sulawesi Utara Province (thousand rupiahss), 2021–2025",25,5,44e18dc5fb69
SULAWESI UTARA,72,Kota Bitung,,2023,,97.545,,"PDRB Per Kapita Atas Dasar Harga Berlaku di Provinsi Sulawesi Utara Menurut Kabupaten/Kota (ribu rupiah), 2021–2025","Per Capita GRDP at Current Market Prices by Regency/Municipality, in Sulawesi Utara Province (thousand rupiahss), 2021–2025",25,5,a0c37d27a64f
SULAWESI UTARA,73,Kota Tomohon,,2023,,52.853,,"PDRB Per Kapita Atas Dasar Harga Berlaku di Provinsi Sulawesi Utara Menurut Kabupaten/Kota (ribu rupiah), 2021–2025","Per Capita GRDP at Current Market Prices by Regency/Municipality, in Sulawesi Utara Province (thousand rupiahss), 2021–2025",25,5,ddb3df705d73
SULAWESI UTARA,74,Kota Kotamobagu,,2023,,37.576,,"PDRB Per Kapita Atas Dasar Harga Berlaku di Provinsi Sulawesi Utara Menurut Kabupaten/Kota (ribu rupiah), 2021–2025","Per Capita GRDP at Current Market Prices by Regency/Municipality, in Sulawesi Utara Province (thousand rupiahss), 2021–2025",25,5,9684f9ad0267
SULAWESI UTARA,,Jml Kab./Kota Total of Reg./Mun.,,2023,,64.341,,"PDRB Per Kapita Atas Dasar Harga Berlaku di Provinsi Sulawesi Utara Menurut Kabupaten/Kota (ribu rupiah), 2021–2025","Per Capita GRDP at Current Market Prices by Regency/Municipality, in Sulawesi Utara Province (thousand rupiahss), 2021–2025",25,5,9993646f5125
SULAWESI UTARA,,Provinsi/Province,,2023,,64.131,,"PDRB Per Kapita Atas Dasar Harga Berlaku di Provinsi Sulawesi Utara Menurut Kabupaten/Kota (ribu rupiah), 2021–2025","Per Capita GRDP at Current Market Prices by Regency/Municipality, in Sulawesi Utara Province (thousand rupiahss), 2021–2025",25,5,bfdf20be5081
SULAWESI TENGAH,01,Kab. Banggai Kepulauan,,2023,,39.937,,"PDRB Per Kapita Atas Dasar Harga Berlaku di Provinsi Sulawesi Tengah Menurut Kabupaten/Kota (ribu rupiah), 2021–2025","Per Capita GRDP at Current Market Prices by Regency/Municipality, in Sulawesi Tengah Province (thousand rupiahss), 2021–2025",26,6,ded0b29f3bd2
SULAWESI TENGAH,02,Kab. Banggai,,2023,,101.843,,"PDRB Per Kapita Atas Dasar Harga Berlaku di Provinsi Sulawesi Tengah Menurut Kabupaten/Kota (ribu rupiah), 2021–2025","Per Capita GRDP at Current Market Prices by Regency/Municipality, in Sulawesi Tengah Province (thousand rupiahss), 2021–2025",26,6,75a0426f23b3
SULAWESI TENGAH,03,Kab. Morowali,,2023,,927.244,,"PDRB Per Kapita Atas Dasar Harga Berlaku di Provinsi Sulawesi Tengah Menurut Kabupaten/Kota (ribu rupiah), 2021–2025","Per Capita GRDP at Current Market Prices by Regency/Municipality, in Sulawesi Tengah Province (thousand rupiahss), 2021–2025",26,6,b9e2899c831c
SULAWESI TENGAH,04,Kab. Poso,,2023,,46.538,,"PDRB Per Kapita Atas Dasar Harga Berlaku di Provinsi Sulawesi Tengah Menurut Kabupaten/Kota (ribu rupiah), 2021–2025","Per Capita GRDP at Current Market Prices by Regency/Municipality, in Sulawesi Tengah Province (thousand rupiahss), 2021–2025",26,6,e66190a2036a
SULAWESI TENGAH,05,Kab. Donggala,,2023,,48.834,,"PDRB Per Kapita Atas Dasar Harga Berlaku di Provinsi Sulawesi Tengah Menurut Kabupaten/Kota (ribu rupiah), 2021–2025","Per Capita GRDP at Current Market Prices by Regency/Municipality, in Sulawesi Tengah Province (thousand rupiahss), 2021–2025",26,6,3d029ecffa5f
SULAWESI TENGAH,06,Kab. Toli-Toli,,2023,,44.749,,"PDRB Per Kapita Atas Dasar Harga Berlaku di Provinsi Sulawesi Tengah Menurut Kabupaten/Kota (ribu rupiah), 2021–2025","Per Capita GRDP at Current Market Prices by Regency/Municipality, in Sulawesi Tengah Province (thousand rupiahss), 2021–2025",26,6,e3e8c0e22e62
SULAWESI TENGAH,07,Kab. Buol,,2023,,47.736,,"PDRB Per Kapita Atas Dasar Harga Berlaku di Provinsi Sulawesi Tengah Menurut Kabupaten/Kota (ribu rupiah), 2021–2025","Per Capita GRDP at Current Market Prices by Regency/Municipality, in Sulawesi Tengah Province (thousand rupiahss), 2021–2025",26,6,3b63dd961622
SULAWESI TENGAH,08,Kab. Parigi Moutong,,2023,,47.645,,"PDRB Per Kapita Atas Dasar Harga Berlaku di Provinsi Sulawesi Tengah Menurut Kabupaten/Kota (ribu rupiah), 2021–2025","Per Capita GRDP at Current Market Prices by Regency/Municipality, in Sulawesi Tengah Province (thousand rupiahss), 2021–2025",26,6,7f77320a0f5c
SULAWESI TENGAH,09,Kab. Tojo Una-Una,,2023,,40.319,,"PDRB Per Kapita Atas Dasar Harga Berlaku di Provinsi Sulawesi Tengah Menurut Kabupaten/Kota (ribu rupiah), 2021–2025","Per Capita GRDP at Current Market Prices by Regency/Municipality, in Sulawesi Tengah Province (thousand rupiahss), 2021–2025",26,6,c26991d7e7a9
SULAWESI TENGAH,10,Kab. Sigi,,2023,,42.649,,"PDRB Per Kapita Atas Dasar Harga Berlaku di Provinsi Sulawesi Tengah Menurut Kabupaten/Kota (ribu rupiah), 2021–2025","Per Capita GRDP at Current Market Prices by Regency/Municipality, in Sulawesi Tengah Province (thousand rupiahss), 2021–2025",26,6,404b1deb8373
SULAWESI TENGAH,11,Kab. Banggai Laut,,2023,,41.303,,"PDRB Per Kapita Atas Dasar Harga Berlaku di Provinsi Sulawesi Tengah Menurut Kabupaten/Kota (ribu rupiah), 2021–2025","Per Capita GRDP at Current Market Prices by Regency/Municipality, in Sulawesi Tengah Province (thousand rupiahss), 2021–2025",26,6,3e704689470c
SULAWESI TENGAH,12,Kab. Morowali Utara,,2023,,209.710,,"PDRB Per Kapita Atas Dasar Harga Berlaku di Provinsi Sulawesi Tengah Menurut Kabupaten/Kota (ribu rupiah), 2021–2025","Per Capita GRDP at Current Market Prices by Regency/Municipality, in Sulawesi Tengah Province (thousand rupiahss), 2021–2025",26,6,2477b7eb570d
SULAWESI TENGAH,71,Kota Palu,,2023,,79.452,,"PDRB Per Kapita Atas Dasar Harga Berlaku di Provinsi Sulawesi Tengah Menurut Kabupaten/Kota (ribu rupiah), 2021–2025","Per Capita GRDP at Current Market Prices by Regency/Municipality, in Sulawesi Tengah Province (thousand rupiahss), 2021–2025",26,6,0a508890c997
SULAWESI TENGAH,,Jml Kab./Kota Total of Reg./Mun.,,2023,,111.913,,"PDRB Per Kapita Atas Dasar Harga Berlaku di Provinsi Sulawesi Tengah Menurut Kabupaten/Kota (ribu rupiah), 2021–2025","Per Capita GRDP at Current Market Prices by Regency/Municipality, in Sulawesi Tengah Province (thousand rupiahss), 2021–2025",26,6,09589333b8b8
SULAWESI TENGAH,,Provinsi/Province,,2023,,112.461,,"PDRB Per Kapita Atas Dasar Harga Berlaku di Provinsi Sulawesi Tengah Menurut Kabupaten/Kota (ribu rupiah), 2021–2025","Per Capita GRDP at Current Market Prices by Regency/Municipality, in Sulawesi Tengah Province (thousand rupiahss), 2021–2025",26,6,a78735d7e797
SULAWESI SELATAN,01,Kab. Kepulauan Selayar,,2023,,56.569,,"PDRB Per Kapita Atas Dasar Harga Berlaku di Provinsi Sulawesi Selatan Menurut Kabupaten/Kota (ribu rupiah), 2021–2025","Per Capita GRDP at Current Market Prices by Regency/Municipality, in Sulawesi Selatan Province (thousand rupiahss), 2021–2025",27,7,09b139e97222
SULAWESI SELATAN,02,Kab. Bulukumba,,2023,,41.904,,"PDRB Per Kapita Atas Dasar Harga Berlaku di Provinsi Sulawesi Selatan Menurut Kabupaten/Kota (ribu rupiah), 2021–2025","Per Capita GRDP at Current Market Prices by Regency/Municipality, in Sulawesi Selatan Province (thousand rupiahss), 2021–2025",27,7,2908ece98fff
SULAWESI SELATAN,03,Kab. Bantaeng,,2023,,62.783,,"PDRB Per Kapita Atas Dasar Harga Berlaku di Provinsi Sulawesi Selatan Menurut Kabupaten/Kota (ribu rupiah), 2021–2025","Per Capita GRDP at Current Market Prices by Regency/Municipality, in Sulawesi Selatan Province (thousand rupiahss), 2021–2025",27,7,3abce3d73b65
SULAWESI SELATAN,04,Kab. Jeneponto,,2023,,29.318,,"PDRB Per Kapita Atas Dasar Harga Berlaku di Provinsi Sulawesi Selatan Menurut Kabupaten/Kota (ribu rupiah), 2021–2025","Per Capita GRDP at Current Market Prices by Regency/Municipality, in Sulawesi Selatan Province (thousand rupiahss), 2021–2025",27,7,cecc0be8b2ff
SULAWESI SELATAN,05,Kab. Takalar,,2023,,41.138,,"PDRB Per Kapita Atas Dasar Harga Berlaku di Provinsi Sulawesi Selatan Menurut Kabupaten/Kota (ribu rupiah), 2021–2025","Per Capita GRDP at Current Market Prices by Regency/Municipality, in Sulawesi Selatan Province (thousand rupiahss), 2021–2025",27,7,7a5f710674da
SULAWESI SELATAN,06,Kab. Gowa,,2023,,35.517,,"PDRB Per Kapita Atas Dasar Harga Berlaku di Provinsi Sulawesi Selatan Menurut Kabupaten/Kota (ribu rupiah), 2021–2025","Per Capita GRDP at Current Market Prices by Regency/Municipality, in Sulawesi Selatan Province (thousand rupiahss), 2021–2025",27,7,62d83c8425f7
SULAWESI SELATAN,07,Kab. Sinjai,,2023,,55.286,,"PDRB Per Kapita Atas Dasar Harga Berlaku di Provinsi Sulawesi Selatan Menurut Kabupaten/Kota (ribu rupiah), 2021–2025","Per Capita GRDP at Current Market Prices by Regency/Municipality, in Sulawesi Selatan Province (thousand rupiahss), 2021–2025",27,7,db1bda879ccd
SULAWESI SELATAN,08,Kab. Maros,,2023,,64.691,,"PDRB Per Kapita Atas Dasar Harga Berlaku di Provinsi Sulawesi Selatan Menurut Kabupaten/Kota (ribu rupiah), 2021–2025","Per Capita GRDP at Current Market Prices by Regency/Municipality, in Sulawesi Selatan Province (thousand rupiahss), 2021–2025",27,7,5815ea1635b5
SULAWESI SELATAN,09,Kab. Pangkajene dan Kepulauan,,2023,,91.862,,"PDRB Per Kapita Atas Dasar Harga Berlaku di Provinsi Sulawesi Selatan Menurut Kabupaten/Kota (ribu rupiah), 2021–2025","Per Capita GRDP at Current Market Prices by Regency/Municipality, in Sulawesi Selatan Province (thousand rupiahss), 2021–2025",27,7,b8d379a8b218
SULAWESI SELATAN,10,Kab. Barru,,2023,,49.966,,"PDRB Per Kapita Atas Dasar Harga Berlaku di Provinsi Sulawesi Selatan Menurut Kabupaten/Kota (ribu rupiah), 2021–2025","Per Capita GRDP at Current Market Prices by Regency/Municipality, in Sulawesi Selatan Province (thousand rupiahss), 2021–2025",27,7,c171881307da
SULAWESI SELATAN,11,Kab. Bone,,2023,,57.024,,"PDRB Per Kapita Atas Dasar Harga Berlaku di Provinsi Sulawesi Selatan Menurut Kabupaten/Kota (ribu rupiah), 2021–2025","Per Capita GRDP at Current Market Prices by Regency/Municipality, in Sulawesi Selatan Province (thousand rupiahss), 2021–2025",27,7,6c96347bb078
SULAWESI SELATAN,12,Kab. Soppeng,,2023,,62.581,,"PDRB Per Kapita Atas Dasar Harga Berlaku di Provinsi Sulawesi Selatan Menurut Kabupaten/Kota (ribu rupiah), 2021–2025","Per Capita GRDP at Current Market Prices by Regency/Municipality, in Sulawesi Selatan Province (thousand rupiahss), 2021–2025",27,7,83c9f5ca419d
SULAWESI SELATAN,13,Kab. Wajo,,2023,,63.612,,"PDRB Per Kapita Atas Dasar Harga Berlaku di Provinsi Sulawesi Selatan Menurut Kabupaten/Kota (ribu rupiah), 2021–2025","Per Capita GRDP at Current Market Prices by Regency/Municipality, in Sulawesi Selatan Province (thousand rupiahss), 2021–2025",27,7,d832444772f6
SULAWESI SELATAN,14,Kab. Sidenreng Rappang,,2023,,55.514,,"PDRB Per Kapita Atas Dasar Harga Berlaku di Provinsi Sulawesi Selatan Menurut Kabupaten/Kota (ribu rupiah), 2021–2025","Per Capita GRDP at Current Market Prices by Regency/Municipality, in Sulawesi Selatan Province (thousand rupiahss), 2021–2025",27,7,7eeef2392f33
SULAWESI SELATAN,15,Kab. Pinrang,,2023,,59.967,,"PDRB Per Kapita Atas Dasar Harga Berlaku di Provinsi Sulawesi Selatan Menurut Kabupaten/Kota (ribu rupiah), 2021–2025","Per Capita GRDP at Current Market Prices by Regency/Municipality, in Sulawesi Selatan Province (thousand rupiahss), 2021–2025",27,7,4c29ce4da314
SULAWESI SELATAN,16,Kab. Enrekang,,2023,,41.149,,"PDRB Per Kapita Atas Dasar Harga Berlaku di Provinsi Sulawesi Selatan Menurut Kabupaten/Kota (ribu rupiah), 2021–2025","Per Capita GRDP at Current Market Prices by Regency/Municipality, in Sulawesi Selatan Province (thousand rupiahss), 2021–2025",27,7,e0ea707e0c4b
SULAWESI SELATAN,17,Kab. Luwu,,2023,,57.358,,"PDRB Per Kapita Atas Dasar Harga Berlaku di Provinsi Sulawesi Selatan Menurut Kabupaten/Kota (ribu rupiah), 2021–2025","Per Capita GRDP at Current Market Prices by Regency/Municipality, in Sulawesi Selatan Province (thousand rupiahss), 2021–2025",27,7,5c4452684139
SULAWESI SELATAN,18,Kab. Tana Toraja,,2023,,32.382,,"PDRB Per Kapita Atas Dasar Harga Berlaku di Provinsi Sulawesi Selatan Menurut Kabupaten/Kota (ribu rupiah), 2021–2025","Per Capita GRDP at Current Market Prices by Regency/Municipality, in Sulawesi Selatan Province (thousand rupiahss), 2021–2025",27,7,b71e24b0d2d1
SULAWESI SELATAN,22,Kab. Luwu Utara,,2023,,53.450,,"PDRB Per Kapita Atas Dasar Harga Berlaku di Provinsi Sulawesi Selatan Menurut Kabupaten/Kota (ribu rupiah), 2021–2025","Per Capita GRDP at Current Market Prices by Regency/Municipality, in Sulawesi Selatan Province (thousand rupiahss), 2021–2025",27,7,5362fa3e32fe
SULAWESI SELATAN,25,Kab. Luwu Timur,,2023,,99.490,,"PDRB Per Kapita Atas Dasar Harga Berlaku di Provinsi Sulawesi Selatan Menurut Kabupaten/Kota (ribu rupiah), 2021–2025","Per Capita GRDP at Current Market Prices by Regency/Municipality, in Sulawesi Selatan Province (thousand rupiahss), 2021–2025",27,7,1b9405475cb6
SULAWESI SELATAN,26,Kab. Toraja Utara,,2023,,45.028,,"PDRB Per Kapita Atas Dasar Harga Berlaku di Provinsi Sulawesi Selatan Menurut Kabupaten/Kota (ribu rupiah), 2021–2025","Per Capita GRDP at Current Market Prices by Regency/Municipality, in Sulawesi Selatan Province (thousand rupiahss), 2021–2025",27,7,67ce77060a97
SULAWESI SELATAN,71,Kota Makassar,,2023,,155.952,,"PDRB Per Kapita Atas Dasar Harga Berlaku di Provinsi Sulawesi Selatan Menurut Kabupaten/Kota (ribu rupiah), 2021–2025","Per Capita GRDP at Current Market Prices by Regency/Municipality, in Sulawesi Selatan Province (thousand rupiahss), 2021–2025",27,7,918954c57a22
SULAWESI SELATAN,72,Kota Parepare,,2023,,58.776,,"PDRB Per Kapita Atas Dasar Harga Berlaku di Provinsi Sulawesi Selatan Menurut Kabupaten/Kota (ribu rupiah), 2021–2025","Per Capita GRDP at Current Market Prices by Regency/Municipality, in Sulawesi Selatan Province (thousand rupiahss), 2021–2025",27,7,050a8e9ca599
SULAWESI SELATAN,73,Kota Palopo,,2023,,54.470,,"PDRB Per Kapita Atas Dasar Harga Berlaku di Provinsi Sulawesi Selatan Menurut Kabupaten/Kota (ribu rupiah), 2021–2025","Per Capita GRDP at Current Market Prices by Regency/Municipality, in Sulawesi Selatan Province (thousand rupiahss), 2021–2025",27,7,6b11c892f178
SULAWESI SELATAN,,Jml Kab./Kota Total of Reg./Mun.,,2023,,69.902,,"PDRB Per Kapita Atas Dasar Harga Berlaku di Provinsi Sulawesi Selatan Menurut Kabupaten/Kota (ribu rupiah), 2021–2025","Per Capita GRDP at Current Market Prices by Regency/Municipality, in Sulawesi Selatan Province (thousand rupiahss), 2021–2025",27,7,8c8e5e97affd
SULAWESI SELATAN,,Provinsi/Province,,2023,,69.710,,"PDRB Per Kapita Atas Dasar Harga Berlaku di Provinsi Sulawesi Selatan Menurut Kabupaten/Kota (ribu rupiah), 2021–2025","Per Capita GRDP at Current Market Prices by Regency/Municipality, in Sulawesi Selatan Province (thousand rupiahss), 2021–2025",27,7,3ca04d2ad1df
SULAWESI TENGGARA,01,Kab. Buton,,2023,,42.115,,"PDRB Per Kapita Atas Dasar Harga Berlaku di Provinsi Sulawesi Tenggara Menurut Kabupaten/Kota (ribu rupiah), 2021–2025","Per Capita GRDP at Current Market Prices by Regency/Municipality, in Sulawesi Tenggara Province (thousand rupiahss), 2021–2025",28,8,95048511a9e7
SULAWESI TENGGARA,02,Kab. Muna,,2023,,39.227,,"PDRB Per Kapita Atas Dasar Harga Berlaku di Provinsi Sulawesi Tenggara Menurut Kabupaten/Kota (ribu rupiah), 2021–2025","Per Capita GRDP at Current Market Prices by Regency/Municipality, in Sulawesi Tenggara Province (thousand rupiahss), 2021–2025",28,8,9c37637c6f6a
SULAWESI TENGGARA,03,Kab. Konawe,,2023,,67.881,,"PDRB Per Kapita Atas Dasar Harga Berlaku di Provinsi Sulawesi Tenggara Menurut Kabupaten/Kota (ribu rupiah), 2021–2025","Per Capita GRDP at Current Market Prices by Regency/Municipality, in Sulawesi Tenggara Province (thousand rupiahss), 2021–2025",28,8,3f56280eaeb7
SULAWESI TENGGARA,04,Kab. Kolaka,,2023,,145.097,,"PDRB Per Kapita Atas Dasar Harga Berlaku di Provinsi Sulawesi Tenggara Menurut Kabupaten/Kota (ribu rupiah), 2021–2025","Per Capita GRDP at Current Market Prices by Regency/Municipality, in Sulawesi Tenggara Province (thousand rupiahss), 2021–2025",28,8,4dd3d4dbfaf3
SULAWESI TENGGARA,05,Kab. Konawe Selatan,,2023,,50.812,,"PDRB Per Kapita Atas Dasar Harga Berlaku di Provinsi Sulawesi Tenggara Menurut Kabupaten/Kota (ribu rupiah), 2021–2025","Per Capita GRDP at Current Market Prices by Regency/Municipality, in Sulawesi Tenggara Province (thousand rupiahss), 2021–2025",28,8,f78198918a19
SULAWESI TENGGARA,06,Kab. Bombana,,2023,,54.123,,"PDRB Per Kapita Atas Dasar Harga Berlaku di Provinsi Sulawesi Tenggara Menurut Kabupaten/Kota (ribu rupiah), 2021–2025","Per Capita GRDP at Current Market Prices by Regency/Municipality, in Sulawesi Tenggara Province (thousand rupiahss), 2021–2025",28,8,e1e893121a12
SULAWESI TENGGARA,07,Kab. Wakatobi,,2023,,49.534,,"PDRB Per Kapita Atas Dasar Harga Berlaku di Provinsi Sulawesi Tenggara Menurut Kabupaten/Kota (ribu rupiah), 2021–2025","Per Capita GRDP at Current Market Prices by Regency/Municipality, in Sulawesi Tenggara Province (thousand rupiahss), 2021–2025",28,8,74203ab8aff9
SULAWESI TENGGARA,08,Kab. Kolaka Utara,,2023,,77.085,,"PDRB Per Kapita Atas Dasar Harga Berlaku di Provinsi Sulawesi Tenggara Menurut Kabupaten/Kota (ribu rupiah), 2021–2025","Per Capita GRDP at Current Market Prices by Regency/Municipality, in Sulawesi Tenggara Province (thousand rupiahss), 2021–2025",28,8,1e72a5cec934
SULAWESI TENGGARA,09,Kab. Buton Utara,,2023,,58.724,,"PDRB Per Kapita Atas Dasar Harga Berlaku di Provinsi Sulawesi Tenggara Menurut Kabupaten/Kota (ribu rupiah), 2021–2025","Per Capita GRDP at Current Market Prices by Regency/Municipality, in Sulawesi Tenggara Province (thousand rupiahss), 2021–2025",28,8,7f4950ef7f39
SULAWESI TENGGARA,10,Kab. Konawe Utara,,2023,,72.796,,"PDRB Per Kapita Atas Dasar Harga Berlaku di Provinsi Sulawesi Tenggara Menurut Kabupaten/Kota (ribu rupiah), 2021–2025","Per Capita GRDP at Current Market Prices by Regency/Municipality, in Sulawesi Tenggara Province (thousand rupiahss), 2021–2025",28,8,9f699cdf936e
SULAWESI TENGGARA,11,Kab. Kolaka Timur,,2023,,44.726,,"PDRB Per Kapita Atas Dasar Harga Berlaku di Provinsi Sulawesi Tenggara Menurut Kabupaten/Kota (ribu rupiah), 2021–2025","Per Capita GRDP at Current Market Prices by Regency/Municipality, in Sulawesi Tenggara Province (thousand rupiahss), 2021–2025",28,8,969c7f0f4cc1
SULAWESI TENGGARA,12,Kab. Konawe Kepulauan,,2023,,44.040,,"PDRB Per Kapita Atas Dasar Harga Berlaku di Provinsi Sulawesi Tenggara Menurut Kabupaten/Kota (ribu rupiah), 2021–2025","Per Capita GRDP at Current Market Prices by Regency/Municipality, in Sulawesi Tenggara Province (thousand rupiahss), 2021–2025",28,8,891eb85d5a04
SULAWESI TENGGARA,13,Kab. Muna Barat,,2023,,37.935,,"PDRB Per Kapita Atas Dasar Harga Berlaku di Provinsi Sulawesi Tenggara Menurut Kabupaten/Kota (ribu rupiah), 2021–2025","Per Capita GRDP at Current Market Prices by Regency/Municipality, in Sulawesi Tenggara Province (thousand rupiahss), 2021–2025",28,8,e592b65eb670
SULAWESI TENGGARA,14,Kab. Buton Tengah,,2023,,25.330,,"PDRB Per Kapita Atas Dasar Harga Berlaku di Provinsi Sulawesi Tenggara Menurut Kabupaten/Kota (ribu rupiah), 2021–2025","Per Capita GRDP at Current Market Prices by Regency/Municipality, in Sulawesi Tenggara Province (thousand rupiahss), 2021–2025",28,8,6838393b310e
SULAWESI TENGGARA,15,Kab. Buton Selatan,,2023,,36.084,,"PDRB Per Kapita Atas Dasar Harga Berlaku di Provinsi Sulawesi Tenggara Menurut Kabupaten/Kota (ribu rupiah), 2021–2025","Per Capita GRDP at Current Market Prices by Regency/Municipality, in Sulawesi Tenggara Province (thousand rupiahss), 2021–2025",28,8,772e8cd809bd
SULAWESI TENGGARA,71,Kota Kendari,,2023,,77.591,,"PDRB Per Kapita Atas Dasar Harga Berlaku di Provinsi Sulawesi Tenggara Menurut Kabupaten/Kota (ribu rupiah), 2021–2025","Per Capita GRDP at Current Market Prices by Regency/Municipality, in Sulawesi Tenggara Province (thousand rupiahss), 2021–2025",28,8,d94795f8291a
SULAWESI TENGGARA,72,Kota Baubau,,2023,,69.346,,"PDRB Per Kapita Atas Dasar Harga Berlaku di Provinsi Sulawesi Tenggara Menurut Kabupaten/Kota (ribu rupiah), 2021–2025","Per Capita GRDP at Current Market Prices by Regency/Municipality, in Sulawesi Tenggara Province (thousand rupiahss), 2021–2025",28,8,4f8e2c7a412f
SULAWESI TENGGARA,,Jml Kab./Kota Total of Reg./Mun.,,2023,,64.132,,"PDRB Per Kapita Atas Dasar Harga Berlaku di Provinsi Sulawesi Tenggara Menurut Kabupaten/Kota (ribu rupiah), 2021–2025","Per Capita GRDP at Current Market Prices by Regency/Municipality, in Sulawesi Tenggara Province (thousand rupiahss), 2021–2025",28,8,29ddd672cf29
SULAWESI TENGGARA,,Provinsi/Province,,2023,,64.088,,"PDRB Per Kapita Atas Dasar Harga Berlaku di Provinsi Sulawesi Tenggara Menurut Kabupaten/Kota (ribu rupiah), 2021–2025","Per Capita GRDP at Current Market Prices by Regency/Municipality, in Sulawesi Tenggara Province (thousand rupiahss), 2021–2025",28,8,8796068c75d3
GORONTALO,01,Kab. Boalemo,,2023,,43.517,,"PDRB Per Kapita Atas Dasar Harga Berlaku di Provinsi Gorontalo Menurut Kabupaten/Kota (ribu rupiah), 2021–2025","Per Capita GRDP at Current Market Prices by Regency/Municipality, in Gorontalo Province (thousand rupiahss), 2021–2025",29,9,04871c1b90b6
GORONTALO,02,Kab. Gorontalo,,2023,,39.696,,"PDRB Per Kapita Atas Dasar Harga Berlaku di Provinsi Gorontalo Menurut Kabupaten/Kota (ribu rupiah), 2021–2025","Per Capita GRDP at Current Market Prices by Regency/Municipality, in Gorontalo Province (thousand rupiahss), 2021–2025",29,9,64f91dcd21f3
GORONTALO,03,Kab. Pohuwato,,2023,,53.444,,"PDRB Per Kapita Atas Dasar Harga Berlaku di Provinsi Gorontalo Menurut Kabupaten/Kota (ribu rupiah), 2021–2025","Per Capita GRDP at Current Market Prices by Regency/Municipality, in Gorontalo Province (thousand rupiahss), 2021–2025",29,9,f8d3f3d76cfe
GORONTALO,04,Kab. Bone Bolango,,2023,,33.809,,"PDRB Per Kapita Atas Dasar Harga Berlaku di Provinsi Gorontalo Menurut Kabupaten/Kota (ribu rupiah), 2021–2025","Per Capita GRDP at Current Market Prices by Regency/Municipality, in Gorontalo Province (thousand rupiahss), 2021–2025",29,9,db8ef3275c9f
GORONTALO,05,Kab. Gorontalo Utara,,2023,,31.723,,"PDRB Per Kapita Atas Dasar Harga Berlaku di Provinsi Gorontalo Menurut Kabupaten/Kota (ribu rupiah), 2021–2025","Per Capita GRDP at Current Market Prices by Regency/Municipality, in Gorontalo Province (thousand rupiahss), 2021–2025",29,9,b795868e45e4
GORONTALO,71,Kota Gorontalo,,2023,,51.309,,"PDRB Per Kapita Atas Dasar Harga Berlaku di Provinsi Gorontalo Menurut Kabupaten/Kota (ribu rupiah), 2021–2025","Per Capita GRDP at Current Market Prices by Regency/Municipality, in Gorontalo Province (thousand rupiahss), 2021–2025",29,9,684a6c2067f0
GORONTALO,,Jml Kab./Kota Total of Reg./Mun.,,2023,,42.183,,"PDRB Per Kapita Atas Dasar Harga Berlaku di Provinsi Gorontalo Menurut Kabupaten/Kota (ribu rupiah), 2021–2025","Per Capita GRDP at Current Market Prices by Regency/Municipality, in Gorontalo Province (thousand rupiahss), 2021–2025",29,9,5dab97e550b6
GORONTALO,,Provinsi/Province,,2023,,42.341,,"PDRB Per Kapita Atas Dasar Harga Berlaku di Provinsi Gorontalo Menurut Kabupaten/Kota (ribu rupiah), 2021–2025","Per Capita GRDP at Current Market Prices by Regency/Municipality, in Gorontalo Province (thousand rupiahss), 2021–2025",29,9,31c30d3b6f92
SULAWESI BARAT,01,Kab. Majene,,2023,,32.909,,"PDRB Per Kapita Atas Dasar Harga Berlaku di Provinsi Sulawesi Barat Menurut Kabupaten/Kota (ribu rupiah), 2021–2025","Per Capita GRDP at Current Market Prices by Regency/Municipality, in Sulawesi Barat Province (thousand rupiahss), 2021–2025",30,10,e0807d576904
SULAWESI BARAT,02,Kab. Polewali Mandar,,2023,,32.298,,"PDRB Per Kapita Atas Dasar Harga Berlaku di Provinsi Sulawesi Barat Menurut Kabupaten/Kota (ribu rupiah), 2021–2025","Per Capita GRDP at Current Market Prices by Regency/Municipality, in Sulawesi Barat Province (thousand rupiahss), 2021–2025",30,10,f5713a8be261
SULAWESI BARAT,03,Kab. Mamasa,,2023,,20.490,,"PDRB Per Kapita Atas Dasar Harga Berlaku di Provinsi Sulawesi Barat Menurut Kabupaten/Kota (ribu rupiah), 2021–2025","Per Capita GRDP at Current Market Prices by Regency/Municipality, in Sulawesi Barat Province (thousand rupiahss), 2021–2025",30,10,e7bf23d39e7b
SULAWESI BARAT,04,Kab. Mamuju,,2023,,49.258,,"PDRB Per Kapita Atas Dasar Harga Berlaku di Provinsi Sulawesi Barat Menurut Kabupaten/Kota (ribu rupiah), 2021–2025","Per Capita GRDP at Current Market Prices by Regency/Municipality, in Sulawesi Barat Province (thousand rupiahss), 2021–2025",30,10,ea2283310c81
SULAWESI BARAT,05,Kab. Pasang Kayu,,2023,,72.242,,"PDRB Per Kapita Atas Dasar Harga Berlaku di Provinsi Sulawesi Barat Menurut Kabupaten/Kota (ribu rupiah), 2021–2025","Per Capita GRDP at Current Market Prices by Regency/Municipality, in Sulawesi Barat Province (thousand rupiahss), 2021–2025",30,10,7ccc2c56c766
SULAWESI BARAT,06,Kab. Mamuju Tengah,,2023,,28.531,,"PDRB Per Kapita Atas Dasar Harga Berlaku di Provinsi Sulawesi Barat Menurut Kabupaten/Kota (ribu rupiah), 2021–2025","Per Capita GRDP at Current Market Prices by Regency/Municipality, in Sulawesi Barat Province (thousand rupiahss), 2021–2025",30,10,fff336ab89be
SULAWESI BARAT,,Jml Kab./Kota Total of Reg./Mun.,,2023,,43.561,,"PDRB Per Kapita Atas Dasar Harga Berlaku di Provinsi Sulawesi Barat Menurut Kabupaten/Kota (ribu rupiah), 2021–2025","Per Capita GRDP at Current Market Prices by Regency/Municipality, in Sulawesi Barat Province (thousand rupiahss), 2021–2025",30,10,8ad718067df5
SULAWESI BARAT,,Provinsi/Province,,2023,,39.547,,"PDRB Per Kapita Atas Dasar Harga Berlaku di Provinsi Sulawesi Barat Menurut Kabupaten/Kota (ribu rupiah), 2021–2025","Per Capita GRDP at Current Market Prices by Regency/Municipality, in Sulawesi Barat Province (thousand rupiahss), 2021–2025",30,10,759cbc539831
KALIMANTAN TENGAH,01,Kab. Kotawaringin Barat,,2024,*,110.324,,"PDRB Per Kapita Atas Dasar Harga Berlaku di Provinsi Kalimantan Tengah Menurut Kabupaten/Kota (ribu rupiah), 2021–2025","Per Capita GRDP at Current Market Prices by Regency/Municipality, in Kalimantan Tengah Province (thousand rupiahss), 2021–2025",21,1,4ffc461cb508
KALIMANTAN TENGAH,02,Kab. Kotawaringin Timur,,2024,*,84.747,,"PDRB Per Kapita Atas Dasar Harga Berlaku di Provinsi Kalimantan Tengah Menurut Kabupaten/Kota (ribu rupiah), 2021–2025","Per Capita GRDP at Current Market Prices by Regency/Municipality, in Kalimantan Tengah Province (thousand rupiahss), 2021–2025",21,1,d9a803b38eef
KALIMANTAN TENGAH,03,Kab. Kapuas,,2024,*,58.512,,"PDRB Per Kapita Atas Dasar Harga Berlaku di Provinsi Kalimantan Tengah Menurut Kabupaten/Kota (ribu rupiah), 2021–2025","Per Capita GRDP at Current Market Prices by Regency/Municipality, in Kalimantan Tengah Province (thousand rupiahss), 2021–2025",21,1,ee762f9def36
KALIMANTAN TENGAH,04,Kab. Barito Selatan,,2024,*,65.217,,"PDRB Per Kapita Atas Dasar Harga Berlaku di Provinsi Kalimantan Tengah Menurut Kabupaten/Kota (ribu rupiah), 2021–2025","Per Capita GRDP at Current Market Prices by Regency/Municipality, in Kalimantan Tengah Province (thousand rupiahss), 2021–2025",21,1,32ec33120723
KALIMANTAN TENGAH,05,Kab. Barito Utara,,2024,*,86.347,,"PDRB Per Kapita Atas Dasar Harga Berlaku di Provinsi Kalimantan Tengah Menurut Kabupaten/Kota (ribu rupiah), 2021–2025","Per Capita GRDP at Current Market Prices by Regency/Municipality, in Kalimantan Tengah Province (thousand rupiahss), 2021–2025",21,1,fa33b42c4b82
KALIMANTAN TENGAH,06,Kab. Sukamara,,2024,*,95.798,,"PDRB Per Kapita Atas Dasar Harga Berlaku di Provinsi Kalimantan Tengah Menurut Kabupaten/Kota (ribu rupiah), 2021–2025","Per Capita GRDP at Current Market Prices by Regency/Municipality, in Kalimantan Tengah Province (thousand rupiahss), 2021–2025",21,1,9fe6b3d53e68
KALIMANTAN TENGAH,07,Kab. Lamandau,,2024,*,79.697,,"PDRB Per Kapita Atas Dasar Harga Berlaku di Provinsi Kalimantan Tengah Menurut Kabupaten/Kota (ribu rupiah), 2021–2025","Per Capita GRDP at Current Market Prices by Regency/Municipality, in Kalimantan Tengah Province (thousand rupiahss), 2021–2025",21,1,ab6603d9866f
KALIMANTAN TENGAH,08,Kab. Seruyan,,2024,*,72.204,,"PDRB Per Kapita Atas Dasar Harga Berlaku di Provinsi Kalimantan Tengah Menurut Kabupaten/Kota (ribu rupiah), 2021–2025","Per Capita GRDP at Current Market Prices by Regency/Municipality, in Kalimantan Tengah Province (thousand rupiahss), 2021–2025",21,1,cce1d429e770
KALIMANTAN TENGAH,09,Kab. Katingan,,2024,*,67.913,,"PDRB Per Kapita Atas Dasar Harga Berlaku di Provinsi Kalimantan Tengah Menurut Kabupaten/Kota (ribu rupiah), 2021–2025","Per Capita GRDP at Current Market Prices by Regency/Municipality, in Kalimantan Tengah Province (thousand rupiahss), 2021–2025",21,1,a808b17d6b9d
KALIMANTAN TENGAH,10,Kab. Pulang Pisau,,2024,*,54.850,,"PDRB Per Kapita Atas Dasar Harga Berlaku di Provinsi Kalimantan Tengah Menurut Kabupaten/Kota (ribu rupiah), 2021–2025","Per Capita GRDP at Current Market Prices by Regency/Municipality, in Kalimantan Tengah Province (thousand rupiahss), 2021–2025",21,1,c771934d36a3
KALIMANTAN TENGAH,11,Kab. Gunung Mas,,2024,*,67.075,,"PDRB Per Kapita Atas Dasar Harga Berlaku di Provinsi Kalimantan Tengah Menurut Kabupaten/Kota (ribu rupiah), 2021–2025","Per Capita GRDP at Current Market Prices by Regency/Municipality, in Kalimantan Tengah Province (thousand rupiahss), 2021–2025",21,1,08fb4463d956
KALIMANTAN TENGAH,12,Kab. Barito Timur,,2024,*,91.576,,"PDRB Per Kapita Atas Dasar Harga Berlaku di Provinsi Kalimantan Tengah Menurut Kabupaten/Kota (ribu rupiah), 2021–2025","Per Capita GRDP at Current Market Prices by Regency/Municipality, in Kalimantan Tengah Province (thousand rupiahss), 2021–2025",21,1,cfd78aada3b9
KALIMANTAN TENGAH,13,Kab. Murung Raya,,2024,*,99.914,,"PDRB Per Kapita Atas Dasar Harga Berlaku di Provinsi Kalimantan Tengah Menurut Kabupaten/Kota (ribu rupiah), 2021–2025","Per Capita GRDP at Current Market Prices by Regency/Municipality, in Kalimantan Tengah Province (thousand rupiahss), 2021–2025",21,1,8ae87fbcf3d4
KALIMANTAN TENGAH,71,Kota Palangka Raya,,2024,*,84.614,,"PDRB Per Kapita Atas Dasar Harga Berlaku di Provinsi Kalimantan Tengah Menurut Kabupaten/Kota (ribu rupiah), 2021–2025","Per Capita GRDP at Current Market Prices by Regency/Municipality, in Kalimantan Tengah Province (thousand rupiahss), 2021–2025",21,1,ccf27f64e5b3
KALIMANTAN TENGAH,,Jml Kab./Kota Total of Reg./Mun.,,2024,*,79.238,,"PDRB Per Kapita Atas Dasar Harga Berlaku di Provinsi Kalimantan Tengah Menurut Kabupaten/Kota (ribu rupiah), 2021–2025","Per Capita GRDP at Current Market Prices by Regency/Municipality, in Kalimantan Tengah Province (thousand rupiahss), 2021–2025",21,1,48efe24814a1
KALIMANTAN TENGAH,,Provinsi/Province,,2024,*,79.320,,"PDRB Per Kapita Atas Dasar Harga Berlaku di Provinsi Kalimantan Tengah Menurut Kabupaten/Kota (ribu rupiah), 2021–2025","Per Capita GRDP at Current Market Prices by Regency/Municipality, in Kalimantan Tengah Province (thousand rupiahss), 2021–2025",21,1,c20431e6b93e
KALIMANTAN SELATAN,01,Kab. Tanah Laut,,2024,*,58.233,,"PDRB Per Kapita Atas Dasar Harga Berlaku di Provinsi Kalimantan Selatan Menurut Kabupaten/Kota (ribu rupiah), 2021–2025","Per Capita GRDP at Current Market Prices by Regency/Municipality, in Kalimantan Selatan Province (thousand rupiahss), 2021–2025",22,2,5739c2a4d78c
KALIMANTAN SELATAN,02,Kab. Kota Baru,,2024,*,108.005,,"PDRB Per Kapita Atas Dasar Harga Berlaku di Provinsi Kalimantan Selatan Menurut Kabupaten/Kota (ribu rupiah), 2021–2025","Per Capita GRDP at Current Market Prices by Regency/Municipality, in Kalimantan Selatan Province (thousand rupiahss), 2021–2025",22,2,322e56839990
KALIMANTAN SELATAN,03,Kab. Banjar,,2024,*,40.027,,"PDRB Per Kapita Atas Dasar Harga Berlaku di Provinsi Kalimantan Selatan Menurut Kabupaten/Kota (ribu rupiah), 2021–2025","Per Capita GRDP at Current Market Prices by Regency/Municipality, in Kalimantan Selatan Province (thousand rupiahss), 2021–2025",22,2,4b0e84379f78
KALIMANTAN SELATAN,04,Kab. Barito Kuala,,2024,*,34.290,,"PDRB Per Kapita Atas Dasar Harga Berlaku di Provinsi Kalimantan Selatan Menurut Kabupaten/Kota (ribu rupiah), 2021–2025","Per Capita GRDP at Current Market Prices by Regency/Municipality, in Kalimantan Selatan Province (thousand rupiahss), 2021–2025",22,2,53a282492509
KALIMANTAN SELATAN,05,Kab. Tapin,,2024,*,72.420,,"PDRB Per Kapita Atas Dasar Harga Berlaku di Provinsi Kalimantan Selatan Menurut Kabupaten/Kota (ribu rupiah), 2021–2025","Per Capita GRDP at Current Market Prices by Regency/Municipality, in Kalimantan Selatan Province (thousand rupiahss), 2021–2025",22,2,41ca32d60b92
KALIMANTAN SELATAN,06,Kab. Hulu Sungai Selatan,,2024,*,41.450,,"PDRB Per Kapita Atas Dasar Harga Berlaku di Provinsi Kalimantan Selatan Menurut Kabupaten/Kota (ribu rupiah), 2021–2025","Per Capita GRDP at Current Market Prices by Regency/Municipality, in Kalimantan Selatan Province (thousand rupiahss), 2021–2025",22,2,cdaff0ab1d4a
KALIMANTAN SELATAN,07,Kab. Hulu Sungai Tengah,,2024,*,34.849,,"PDRB Per Kapita Atas Dasar Harga Berlaku di Provinsi Kalimantan Selatan Menurut Kabupaten/Kota (ribu rupiah), 2021–2025","Per Capita GRDP at Current Market Prices by Regency/Municipality, in Kalimantan Selatan Province (thousand rupiahss), 2021–2025",22,2,1a4dd5c76318
KALIMANTAN SELATAN,08,Kab. Hulu Sungai Utara,,2024,*,27.910,,"PDRB Per Kapita Atas Dasar Harga Berlaku di Provinsi Kalimantan Selatan Menurut Kabupaten/Kota (ribu rupiah), 2021–2025","Per Capita GRDP at Current Market Prices by Regency/Municipality, in Kalimantan Selatan Province (thousand rupiahss), 2021–2025",22,2,68bc085a58fe
KALIMANTAN SELATAN,09,Kab. Tabalong,,2024,*,122.313,,"PDRB Per Kapita Atas Dasar Harga Berlaku di Provinsi Kalimantan Selatan Menurut Kabupaten/Kota (ribu rupiah), 2021–2025","Per Capita GRDP at Current Market Prices by Regency/Municipality, in Kalimantan Selatan Province (thousand rupiahss), 2021–2025",22,2,944cba6ee371
KALIMANTAN SELATAN,10,Kab. Tanah Bumbu,,2024,*,104.302,,"PDRB Per Kapita Atas Dasar Harga Berlaku di Provinsi Kalimantan Selatan Menurut Kabupaten/Kota (ribu rupiah), 2021–2025","Per Capita GRDP at Current Market Prices by Regency/Municipality, in Kalimantan Selatan Province (thousand rupiahss), 2021–2025",22,2,7a0ef2a56304
KALIMANTAN SELATAN,11,Kab. Balangan,,2024,*,157.579,,"PDRB Per Kapita Atas Dasar Harga Berlaku di Provinsi Kalimantan Selatan Menurut Kabupaten/Kota (ribu rupiah), 2021–2025","Per Capita GRDP at Current Market Prices by Regency/Municipality, in Kalimantan Selatan Province (thousand rupiahss), 2021–2025",22,2,6365c578f113
KALIMANTAN SELATAN,71,Kota Banjarmasin,,2024,*,68.285,,"PDRB Per Kapita Atas Dasar Harga Berlaku di Provinsi Kalimantan Selatan Menurut Kabupaten/Kota (ribu rupiah), 2021–2025","Per Capita GRDP at Current Market Prices by Regency/Municipality, in Kalimantan Selatan Province (thousand rupiahss), 2021–2025",22,2,091c8722b3b9
KALIMANTAN SELATAN,72,Kota Banjar Baru,,2024,*,53.088,,"PDRB Per Kapita Atas Dasar Harga Berlaku di Provinsi Kalimantan Selatan Menurut Kabupaten/Kota (ribu rupiah), 2021–2025","Per Capita GRDP at Current Market Prices by Regency/Municipality, in Kalimantan Selatan Province (thousand rupiahss), 2021–2025",22,2,9e34d3428ead
KALIMANTAN SELATAN,,Jml Kab./Kota Total of Reg./Mun.,,2024,*,66.539,,"PDRB Per Kapita Atas Dasar Harga Berlaku di Provinsi Kalimantan Selatan Menurut Kabupaten/Kota (ribu rupiah), 2021–2025","Per Capita GRDP at Current Market Prices by Regency/Municipality, in Kalimantan Selatan Province (thousand rupiahss), 2021–2025",22,2,b5d693fcf349
KALIMANTAN SELATAN,,Provinsi/Province,,2024,*,67.122,,"PDRB Per Kapita Atas Dasar Harga Berlaku di Provinsi Kalimantan Selatan Menurut Kabupaten/Kota (ribu rupiah), 2021–2025","Per Capita GRDP at Current Market Prices by Regency/Municipality, in Kalimantan Selatan Province (thousand rupiahss), 2021–2025",22,2,e3b9dd857253
KALIMANTAN TIMUR,01,Kab. Paser,,2024,*,193.171,,"PDRB Per Kapita Atas Dasar Harga Berlaku di Provinsi Kalimantan Timur Menurut Kabupaten/Kota (ribu rupiah), 2021–2025","Per Capita GRDP at Current Market Prices by Regency/Municipality, in Kalimantan Timur Province (thousand rupiahss), 2021–2025",23,3,6638fad5e31c
KALIMANTAN TIMUR,02,Kab. Kutai Barat,,2024,*,222.048,,"PDRB Per Kapita Atas Dasar Harga Berlaku di Provinsi Kalimantan Timur Menurut Kabupaten/Kota (ribu rupiah), 2021–2025","Per Capita GRDP at Current Market Prices by Regency/Municipality, in Kalimantan Timur Province (thousand rupiahss), 2021–2025",23,3,8c0a5067d04b
KALIMANTAN TIMUR,03,Kab. Kutai Kartanegara,,2024,*,259.188,,"PDRB Per Kapita Atas Dasar Harga Berlaku di Provinsi Kalimantan Timur Menurut Kabupaten/Kota (ribu rupiah), 2021–2025","Per Capita GRDP at Current Market Prices by Regency/Municipality, in Kalimantan Timur Province (thousand rupiahss), 2021–2025",23,3,34ea588c61d3
KALIMANTAN TIMUR,04,Kab. Kutai Timur,,2024,*,344.492,,"PDRB Per Kapita Atas Dasar Harga Berlaku di Provinsi Kalimantan Timur Menurut Kabupaten/Kota (ribu rupiah), 2021–2025","Per Capita GRDP at Current Market Prices by Regency/Municipality, in Kalimantan Timur Province (thousand rupiahss), 2021–2025",23,3,5cd8dc44d19d
KALIMANTAN TIMUR,05,Kab. Berau,,2024,*,194.080,,"PDRB Per Kapita Atas Dasar Harga Berlaku di Provinsi Kalimantan Timur Menurut Kabupaten/Kota (ribu rupiah), 2021–2025","Per Capita GRDP at Current Market Prices by Regency/Municipality, in Kalimantan Timur Province (thousand rupiahss), 2021–2025",23,3,729897b88eb8
KALIMANTAN TIMUR,09,Kab. Penajam Paser Utara,,2024,*,87.148,,"PDRB Per Kapita Atas Dasar Harga Berlaku di Provinsi Kalimantan Timur Menurut Kabupaten/Kota (ribu rupiah), 2021–2025","Per Capita GRDP at Current Market Prices by Regency/Municipality, in Kalimantan Timur Province (thousand rupiahss), 2021–2025",23,3,50831b353854
KALIMANTAN TIMUR,11,Kab. Mahakam Ulu,,2024,*,110.202,,"PDRB Per Kapita Atas Dasar Harga Berlaku di Provinsi Kalimantan Timur Menurut Kabupaten/Kota (ribu rupiah), 2021–2025","Per Capita GRDP at Current Market Prices by Regency/Municipality, in Kalimantan Timur Province (thousand rupiahss), 2021–2025",23,3,165200b55f0c
KALIMANTAN TIMUR,71,Kota Balikpapan,,2024,*,214.111,,"PDRB Per Kapita Atas Dasar Harga Berlaku di Provinsi Kalimantan Timur Menurut Kabupaten/Kota (ribu rupiah), 2021–2025","Per Capita GRDP at Current Market Prices by Regency/Municipality, in Kalimantan Timur Province (thousand rupiahss), 2021–2025",23,3,74ed83ef0cba
KALIMANTAN TIMUR,72,Kota Samarinda,,2024,*,114.693,,"PDRB Per Kapita Atas Dasar Harga Berlaku di Provinsi Kalimantan Timur Menurut Kabupaten/Kota (ribu rupiah), 2021–2025","Per Capita GRDP at Current Market Prices by Regency/Municipality, in Kalimantan Timur Province (thousand rupiahss), 2021–2025",23,3,91f2c2e5824c
KALIMANTAN TIMUR,74,Kota Bontang,,2024,*,363.369,,"PDRB Per Kapita Atas Dasar Harga Berlaku di Provinsi Kalimantan Timur Menurut Kabupaten/Kota (ribu rupiah), 2021–2025","Per Capita GRDP at Current Market Prices by Regency/Municipality, in Kalimantan Timur Province (thousand rupiahss), 2021–2025",23,3,bff4619d69b1
KALIMANTAN TIMUR,,Jml Kab./Kota Total of Reg./Mun.,,2024,*,211.981,,"PDRB Per Kapita Atas Dasar Harga Berlaku di Provinsi Kalimantan Timur Menurut Kabupaten/Kota (ribu rupiah), 2021–2025","Per Capita GRDP at Current Market Prices by Regency/Municipality, in Kalimantan Timur Province (thousand rupiahss), 2021–2025",23,3,43dcec17be59
KALIMANTAN TIMUR,,Provinsi/Province,,2024,*,212.117,,"PDRB Per Kapita Atas Dasar Harga Berlaku di Provinsi Kalimantan Timur Menurut Kabupaten/Kota (ribu rupiah), 2021–2025","Per Capita GRDP at Current Market Prices by Regency/Municipality, in Kalimantan Timur Province (thousand rupiahss), 2021–2025",23,3,6bce3a2cf553
KALIMANTAN UTARA,01,Kab. Malinau,,2024,*,209.057,,"PDRB Per Kapita Atas Dasar Harga Berlaku di Provinsi Kalimantan Utara Menurut Kabupaten/Kota (ribu rupiah), 2021–2025","Per Capita GRDP at Current Market Prices by Regency/Municipality, in Kalimantan Utara Province (thousand rupiahss), 2021–2025",24,4,b3fa0ebd6326
KALIMANTAN UTARA,02,Kab. Bulungan,,2024,*,160.813,,"PDRB Per Kapita Atas Dasar Harga Berlaku di Provinsi Kalimantan Utara Menurut Kabupaten/Kota (ribu rupiah), 2021–2025","Per Capita GRDP at Current Market Prices by Regency/Municipality, in Kalimantan Utara Province (thousand rupiahss), 2021–2025",24,4,0edc35a2142a
KALIMANTAN UTARA,03,Kab. Tana Tidung,,2024,*,335.175,,"PDRB Per Kapita Atas Dasar Harga Berlaku di Provinsi Kalimantan Utara Menurut Kabupaten/Kota (ribu rupiah), 2021–2025","Per Capita GRDP at Current Market Prices by Regency/Municipality, in Kalimantan Utara Province (thousand rupiahss), 2021–2025",24,4,5fd34284bdef
KALIMANTAN UTARA,04,Kab. Nunukan,,2024,*,192.001,,"PDRB Per Kapita Atas Dasar Harga Berlaku di Provinsi Kalimantan Utara Menurut Kabupaten/Kota (ribu rupiah), 2021–2025","Per Capita GRDP at Current Market Prices by Regency/Municipality, in Kalimantan Utara Province (thousand rupiahss), 2021–2025",24,4,19ef757bb405
KALIMANTAN UTARA,71,Kota Tarakan,,2024,*,221.044,,"PDRB Per Kapita Atas Dasar Harga Berlaku di Provinsi Kalimantan Utara Menurut Kabupaten/Kota (ribu rupiah), 2021–2025","Per Capita GRDP at Current Market Prices by Regency/Municipality, in Kalimantan Utara Province (thousand rupiahss), 2021–2025",24,4,4eef7ea2dfad
KALIMANTAN UTARA,,Jml Kab./Kota Total of Reg./Mun.,,2024,*,202.659,,"PDRB Per Kapita Atas Dasar Harga Berlaku di Provinsi Kalimantan Utara Menurut Kabupaten/Kota (ribu rupiah), 2021–2025","Per Capita GRDP at Current Market Prices by Regency/Municipality, in Kalimantan Utara Province (thousand rupiahss), 2021–2025",24,4,c5222334e2c9
KALIMANTAN UTARA,,Provinsi/Province,,2024,*,198.677,,"PDRB Per Kapita Atas Dasar Harga Berlaku di Provinsi Kalimantan Utara Menurut Kabupaten/Kota (ribu rupiah), 2021–2025","Per Capita GRDP at Current Market Prices by Regency/Municipality, in Kalimantan Utara Province (thousand rupiahss), 2021–2025",24,4,d2e2a203fdf9
SULAWESI UTARA,01,Kab. Bolaang Mongondow,,2024,*,44.737,,"PDRB Per Kapita Atas Dasar Harga Berlaku di Provinsi Sulawesi Utara Menurut Kabupaten/Kota (ribu rupiah), 2021–2025","Per Capita GRDP at Current Market Prices by Regency/Municipality, in Sulawesi Utara Province (thousand rupiahss), 2021–2025",25,5,9f0b904aeaad
SULAWESI UTARA,02,Kab. Minahasa,,2024,*,68.017,,"PDRB Per Kapita Atas Dasar Harga Berlaku di Provinsi Sulawesi Utara Menurut Kabupaten/Kota (ribu rupiah), 2021–2025","Per Capita GRDP at Current Market Prices by Regency/Municipality, in Sulawesi Utara Province (thousand rupiahss), 2021–2025",25,5,ca05bbfcec36
SULAWESI UTARA,03,Kab. Kepulauan Sangihe,,2024,*,43.187,,"PDRB Per Kapita Atas Dasar Harga Berlaku di Provinsi Sulawesi Utara Menurut Kabupaten/Kota (ribu rupiah), 2021–2025","Per Capita GRDP at Current Market Prices by Regency/Municipality, in Sulawesi Utara Province (thousand rupiahss), 2021–2025",25,5,34a16e9ae467
SULAWESI UTARA,04,Kab. Kepulauan Talaud,,2024,*,31.516,,"PDRB Per Kapita Atas Dasar Harga Berlaku di Provinsi Sulawesi Utara Menurut Kabupaten/Kota (ribu rupiah), 2021–2025","Per Capita GRDP at Current Market Prices by Regency/Municipality, in Sulawesi Utara Province (thousand rupiahss), 2021–2025",25,5,b774ecda978e
SULAWESI UTARA,05,Kab. Minahasa Selatan,,2024,*,52.242,,"PDRB Per Kapita Atas Dasar Harga Berlaku di Provinsi Sulawesi Utara Menurut Kabupaten/Kota (ribu rupiah), 2021–2025","Per Capita GRDP at Current Market Prices by Regency/Municipality, in Sulawesi Utara Province (thousand rupiahss), 2021–2025",25,5,f1e8f7d70868
SULAWESI UTARA,06,Kab. Minahasa Utara,,2024,*,87.299,,"PDRB Per Kapita Atas Dasar Harga Berlaku di Provinsi Sulawesi Utara Menurut Kabupaten/Kota (ribu rupiah), 2021–2025","Per Capita GRDP at Current Market Prices by Regency/Municipality, in Sulawesi Utara Province (thousand rupiahss), 2021–2025",25,5,bc375d28eb0c
SULAWESI UTARA,07,Kab. Bolaang Mongondow Utara,,2024,*,40.645,,"PDRB Per Kapita Atas Dasar Harga Berlaku di Provinsi Sulawesi Utara Menurut Kabupaten/Kota (ribu rupiah), 2021–2025","Per Capita GRDP at Current Market Prices by Regency/Municipality, in Sulawesi Utara Province (thousand rupiahss), 2021–2025",25,5,222df3e16d4c
SULAWESI UTARA,08,Kab. Siau Tagulandang Biaro,,2024,*,45.866,,"PDRB Per Kapita Atas Dasar Harga Berlaku di Provinsi Sulawesi Utara Menurut Kabupaten/Kota (ribu rupiah), 2021–2025","Per Capita GRDP at Current Market Prices by Regency/Municipality, in Sulawesi Utara Province (thousand rupiahss), 2021–2025",25,5,bab46c4e5fbb
SULAWESI UTARA,09,Kab. Minahasa Tenggara,,2024,*,61.067,,"PDRB Per Kapita Atas Dasar Harga Berlaku di Provinsi Sulawesi Utara Menurut Kabupaten/Kota (ribu rupiah), 2021–2025","Per Capita GRDP at Current Market Prices by Regency/Municipality, in Sulawesi Utara Province (thousand rupiahss), 2021–2025",25,5,b69def2aaa52
SULAWESI UTARA,10,Kab. Bolaang Mongondow Selatan,,2024,*,40.801,,"PDRB Per Kapita Atas Dasar Harga Berlaku di Provinsi Sulawesi Utara Menurut Kabupaten/Kota (ribu rupiah), 2021–2025","Per Capita GRDP at Current Market Prices by Regency/Municipality, in Sulawesi Utara Province (thousand rupiahss), 2021–2025",25,5,9e80e0146fdd
SULAWESI UTARA,11,Kab. Bolaang Mongondow Timur,,2024,*,45.221,,"PDRB Per Kapita Atas Dasar Harga Berlaku di Provinsi Sulawesi Utara Menurut Kabupaten/Kota (ribu rupiah), 2021–2025","Per Capita GRDP at Current Market Prices by Regency/Municipality, in Sulawesi Utara Province (thousand rupiahss), 2021–2025",25,5,327cc3d0c100
SULAWESI UTARA,71,Kota Manado,,2024,*,115.143,,"PDRB Per Kapita Atas Dasar Harga Berlaku di Provinsi Sulawesi Utara Menurut Kabupaten/Kota (ribu rupiah), 2021–2025","Per Capita GRDP at Current Market Prices by Regency/Municipality, in Sulawesi Utara Province (thousand rupiahss), 2021–2025",25,5,7ad742723ebb
SULAWESI UTARA,72,Kota Bitung,,2024,*,105.343,,"PDRB Per Kapita Atas Dasar Harga Berlaku di Provinsi Sulawesi Utara Menurut Kabupaten/Kota (ribu rupiah), 2021–2025","Per Capita GRDP at Current Market Prices by Regency/Municipality, in Sulawesi Utara Province (thousand rupiahss), 2021–2025",25,5,7c00b7a90d4f
SULAWESI UTARA,73,Kota Tomohon,,2024,*,56.563,,"PDRB Per Kapita Atas Dasar Harga Berlaku di Provinsi Sulawesi Utara Menurut Kabupaten/Kota (ribu rupiah), 2021–2025","Per Capita GRDP at Current Market Prices by Regency/Municipality, in Sulawesi Utara Province (thousand rupiahss), 2021–2025",25,5,1c278bdad137
SULAWESI UTARA,74,Kota Kotamobagu,,2024,*,40.400,,"PDRB Per Kapita Atas Dasar Harga Berlaku di Provinsi Sulawesi Utara Menurut Kabupaten/Kota (ribu rupiah), 2021–2025","Per Capita GRDP at Current Market Prices by Regency/Municipality, in Sulawesi Utara Province (thousand rupiahss), 2021–2025",25,5,43f97b67a9b5
SULAWESI UTARA,,Jml Kab./Kota Total of Reg./Mun.,,2024,*,69.622,,"PDRB Per Kapita Atas Dasar Harga Berlaku di Provinsi Sulawesi Utara Menurut Kabupaten/Kota (ribu rupiah), 2021–2025","Per Capita GRDP at Current Market Prices by Regency/Municipality, in Sulawesi Utara Province (thousand rupiahss), 2021–2025",25,5,1f7386907adb
SULAWESI UTARA,,Provinsi/Province,,2024,*,69.352,,"PDRB Per Kapita Atas Dasar Harga Berlaku di Provinsi Sulawesi Utara Menurut Kabupaten/Kota (ribu rupiah), 2021–2025","Per Capita GRDP at Current Market Prices by Regency/Municipality, in Sulawesi Utara Province (thousand rupiahss), 2021–2025",25,5,607fe2946f20
SULAWESI TENGAH,01,Kab. Banggai Kepulauan,,2024,*,43.165,,"PDRB Per Kapita Atas Dasar Harga Berlaku di Provinsi Sulawesi Tengah Menurut Kabupaten/Kota (ribu rupiah), 2021–2025","Per Capita GRDP at Current Market Prices by Regency/Municipality, in Sulawesi Tengah Province (thousand rupiahss), 2021–2025",26,6,7f374c1d639d
SULAWESI TENGAH,02,Kab. Banggai,,2024,*,107.883,,"PDRB Per Kapita Atas Dasar Harga Berlaku di Provinsi Sulawesi Tengah Menurut Kabupaten/Kota (ribu rupiah), 2021–2025","Per Capita GRDP at Current Market Prices by Regency/Municipality, in Sulawesi Tengah Province (thousand rupiahss), 2021–2025",26,6,ec241a679d8b
SULAWESI TENGAH,03,Kab. Morowali,,2024,*,1.003.150,,"PDRB Per Kapita Atas Dasar Harga Berlaku di Provinsi Sulawesi Tengah Menurut Kabupaten/Kota (ribu rupiah), 2021–2025","Per Capita GRDP at Current Market Prices by Regency/Municipality, in Sulawesi Tengah Province (thousand rupiahss), 2021–2025",26,6,97b8266c46fe
SULAWESI TENGAH,04,Kab. Poso,,2024,*,50.139,,"PDRB Per Kapita Atas Dasar Harga Berlaku di Provinsi Sulawesi Tengah Menurut Kabupaten/Kota (ribu rupiah), 2021–2025","Per Capita GRDP at Current Market Prices by Regency/Municipality, in Sulawesi Tengah Province (thousand rupiahss), 2021–2025",26,6,87823df8eda5
SULAWESI TENGAH,05,Kab. Donggala,,2024,*,53.143,,"PDRB Per Kapita Atas Dasar Harga Berlaku di Provinsi Sulawesi Tengah Menurut Kabupaten/Kota (ribu rupiah), 2021–2025","Per Capita GRDP at Current Market Prices by Regency/Municipality, in Sulawesi Tengah Province (thousand rupiahss), 2021–2025",26,6,409dbb5dc8c0
SULAWESI TENGAH,06,Kab. Toli-Toli,,2024,*,47.349,,"PDRB Per Kapita Atas Dasar Harga Berlaku di Provinsi Sulawesi Tengah Menurut Kabupaten/Kota (ribu rupiah), 2021–2025","Per Capita GRDP at Current Market Prices by Regency/Municipality, in Sulawesi Tengah Province (thousand rupiahss), 2021–2025",26,6,ee67d8d6064c
SULAWESI TENGAH,07,Kab. Buol,,2024,*,51.137,,"PDRB Per Kapita Atas Dasar Harga Berlaku di Provinsi Sulawesi Tengah Menurut Kabupaten/Kota (ribu rupiah), 2021–2025","Per Capita GRDP at Current Market Prices by Regency/Municipality, in Sulawesi Tengah Province (thousand rupiahss), 2021–2025",26,6,e8e5b4511714
SULAWESI TENGAH,08,Kab. Parigi Moutong,,2024,*,51.059,,"PDRB Per Kapita Atas Dasar Harga Berlaku di Provinsi Sulawesi Tengah Menurut Kabupaten/Kota (ribu rupiah), 2021–2025","Per Capita GRDP at Current Market Prices by Regency/Municipality, in Sulawesi Tengah Province (thousand rupiahss), 2021–2025",26,6,e2cead1e456f
SULAWESI TENGAH,09,Kab. Tojo Una-Una,,2024,*,43.054,,"PDRB Per Kapita Atas Dasar Harga Berlaku di Provinsi Sulawesi Tengah Menurut Kabupaten/Kota (ribu rupiah), 2021–2025","Per Capita GRDP at Current Market Prices by Regency/Municipality, in Sulawesi Tengah Province (thousand rupiahss), 2021–2025",26,6,0cfe61179773
SULAWESI TENGAH,10,Kab. Sigi,,2024,*,46.534,,"PDRB Per Kapita Atas Dasar Harga Berlaku di Provinsi Sulawesi Tengah Menurut Kabupaten/Kota (ribu rupiah), 2021–2025","Per Capita GRDP at Current Market Prices by Regency/Municipality, in Sulawesi Tengah Province (thousand rupiahss), 2021–2025",26,6,20b44e331bc7
SULAWESI TENGAH,11,Kab. Banggai Laut,,2024,*,43.549,,"PDRB Per Kapita Atas Dasar Harga Berlaku di Provinsi Sulawesi Tengah Menurut Kabupaten/Kota (ribu rupiah), 2021–2025","Per Capita GRDP at Current Market Prices by Regency/Municipality, in Sulawesi Tengah Province (thousand rupiahss), 2021–2025",26,6,0aed2c78fe9c
SULAWESI TENGAH,12,Kab. Morowali Utara,,2024,*,236.449,,"PDRB Per Kapita Atas Dasar Harga Berlaku di Provinsi Sulawesi Tengah Menurut Kabupaten/Kota (ribu rupiah), 2021–2025","Per Capita GRDP at Current Market Prices by Regency/Municipality, in Sulawesi Tengah Province (thousand rupiahss), 2021–2025",26,6,ffaa65e745e4
SULAWESI TENGAH,71,Kota Palu,,2024,*,83.868,,"PDRB Per Kapita Atas Dasar Harga Berlaku di Provinsi Sulawesi Tengah Menurut Kabupaten/Kota (ribu rupiah), 2021–2025","Per Capita GRDP at Current Market Prices by Regency/Municipality, in Sulawesi Tengah Province (thousand rupiahss), 2021–2025",26,6,73d7b8d87ac2
SULAWESI TENGAH,,Jml Kab./Kota Total of Reg./Mun.,,2024,*,121.045,,"PDRB Per Kapita Atas Dasar Harga Berlaku di Provinsi Sulawesi Tengah Menurut Kabupaten/Kota (ribu rupiah), 2021–2025","Per Capita GRDP at Current Market Prices by Regency/Municipality, in Sulawesi Tengah Province (thousand rupiahss), 2021–2025",26,6,59e605ac6200
SULAWESI TENGAH,,Provinsi/Province,,2024,*,120.750,,"PDRB Per Kapita Atas Dasar Harga Berlaku di Provinsi Sulawesi Tengah Menurut Kabupaten/Kota (ribu rupiah), 2021–2025","Per Capita GRDP at Current Market Prices by Regency/Municipality, in Sulawesi Tengah Province (thousand rupiahss), 2021–2025",26,6,2c2f941a2a05
SULAWESI SELATAN,01,Kab. Kepulauan Selayar,,2024,*,58.447,,"PDRB Per Kapita Atas Dasar Harga Berlaku di Provinsi Sulawesi Selatan Menurut Kabupaten/Kota (ribu rupiah), 2021–2025","Per Capita GRDP at Current Market Prices by Regency/Municipality, in Sulawesi Selatan Province (thousand rupiahss), 2021–2025",27,7,fe02431b9fb3
SULAWESI SELATAN,02,Kab. Bulukumba,,2024,*,44.477,,"PDRB Per Kapita Atas Dasar Harga Berlaku di Provinsi Sulawesi Selatan Menurut Kabupaten/Kota (ribu rupiah), 2021–2025","Per Capita GRDP at Current Market Prices by Regency/Municipality, in Sulawesi Selatan Province (thousand rupiahss), 2021–2025",27,7,602a65e4614e
SULAWESI SELATAN,03,Kab. Bantaeng,,2024,*,65.483,,"PDRB Per Kapita Atas Dasar Harga Berlaku di Provinsi Sulawesi Selatan Menurut Kabupaten/Kota (ribu rupiah), 2021–2025","Per Capita GRDP at Current Market Prices by Regency/Municipality, in Sulawesi Selatan Province (thousand rupiahss), 2021–2025",27,7,393d730e3472
SULAWESI SELATAN,04,Kab. Jeneponto,,2024,*,31.168,,"PDRB Per Kapita Atas Dasar Harga Berlaku di Provinsi Sulawesi Selatan Menurut Kabupaten/Kota (ribu rupiah), 2021–2025","Per Capita GRDP at Current Market Prices by Regency/Municipality, in Sulawesi Selatan Province (thousand rupiahss), 2021–2025",27,7,557c0788b2b7
SULAWESI SELATAN,05,Kab. Takalar,,2024,*,42.358,,"PDRB Per Kapita Atas Dasar Harga Berlaku di Provinsi Sulawesi Selatan Menurut Kabupaten/Kota (ribu rupiah), 2021–2025","Per Capita GRDP at Current Market Prices by Regency/Municipality, in Sulawesi Selatan Province (thousand rupiahss), 2021–2025",27,7,264107580be0
SULAWESI SELATAN,06,Kab. Gowa,,2024,*,37.773,,"PDRB Per Kapita Atas Dasar Harga Berlaku di Provinsi Sulawesi Selatan Menurut Kabupaten/Kota (ribu rupiah), 2021–2025","Per Capita GRDP at Current Market Prices by Regency/Municipality, in Sulawesi Selatan Province (thousand rupiahss), 2021–2025",27,7,06e9cea04fe9
SULAWESI SELATAN,07,Kab. Sinjai,,2024,*,59.071,,"PDRB Per Kapita Atas Dasar Harga Berlaku di Provinsi Sulawesi Selatan Menurut Kabupaten/Kota (ribu rupiah), 2021–2025","Per Capita GRDP at Current Market Prices by Regency/Municipality, in Sulawesi Selatan Province (thousand rupiahss), 2021–2025",27,7,df6e27d5c2db
SULAWESI SELATAN,08,Kab. Maros,,2024,*,69.210,,"PDRB Per Kapita Atas Dasar Harga Berlaku di Provinsi Sulawesi Selatan Menurut Kabupaten/Kota (ribu rupiah), 2021–2025","Per Capita GRDP at Current Market Prices by Regency/Municipality, in Sulawesi Selatan Province (thousand rupiahss), 2021–2025",27,7,f5aa575de4c7
SULAWESI SELATAN,09,Kab. Pangkajene dan Kepulauan,,2024,*,96.355,,"PDRB Per Kapita Atas Dasar Harga Berlaku di Provinsi Sulawesi Selatan Menurut Kabupaten/Kota (ribu rupiah), 2021–2025","Per Capita GRDP at Current Market Prices by Regency/Municipality, in Sulawesi Selatan Province (thousand rupiahss), 2021–2025",27,7,4727b91bde7c
SULAWESI SELATAN,10,Kab. Barru,,2024,*,52.275,,"PDRB Per Kapita Atas Dasar Harga Berlaku di Provinsi Sulawesi Selatan Menurut Kabupaten/Kota (ribu rupiah), 2021–2025","Per Capita GRDP at Current Market Prices by Regency/Municipality, in Sulawesi Selatan Province (thousand rupiahss), 2021–2025",27,7,58d8c2d39d25
SULAWESI SELATAN,11,Kab. Bone,,2024,*,60.261,,"PDRB Per Kapita Atas Dasar Harga Berlaku di Provinsi Sulawesi Selatan Menurut Kabupaten/Kota (ribu rupiah), 2021–2025","Per Capita GRDP at Current Market Prices by Regency/Municipality, in Sulawesi Selatan Province (thousand rupiahss), 2021–2025",27,7,67394c6ea10a
SULAWESI SELATAN,12,Kab. Soppeng,,2024,*,67.261,,"PDRB Per Kapita Atas Dasar Harga Berlaku di Provinsi Sulawesi Selatan Menurut Kabupaten/Kota (ribu rupiah), 2021–2025","Per Capita GRDP at Current Market Prices by Regency/Municipality, in Sulawesi Selatan Province (thousand rupiahss), 2021–2025",27,7,e513ed226770
SULAWESI SELATAN,13,Kab. Wajo,,2024,*,66.711,,"PDRB Per Kapita Atas Dasar Harga Berlaku di Provinsi Sulawesi Selatan Menurut Kabupaten/Kota (ribu rupiah), 2021–2025","Per Capita GRDP at Current Market Prices by Regency/Municipality, in Sulawesi Selatan Province (thousand rupiahss), 2021–2025",27,7,07fd33f0d1f0
SULAWESI SELATAN,14,Kab. Sidenreng Rappang,,2024,*,59.305,,"PDRB Per Kapita Atas Dasar Harga Berlaku di Provinsi Sulawesi Selatan Menurut Kabupaten/Kota (ribu rupiah), 2021–2025","Per Capita GRDP at Current Market Prices by Regency/Municipality, in Sulawesi Selatan Province (thousand rupiahss), 2021–2025",27,7,5bc7ee08bed6
SULAWESI SELATAN,15,Kab. Pinrang,,2024,*,62.766,,"PDRB Per Kapita Atas Dasar Harga Berlaku di Provinsi Sulawesi Selatan Menurut Kabupaten/Kota (ribu rupiah), 2021–2025","Per Capita GRDP at Current Market Prices by Regency/Municipality, in Sulawesi Selatan Province (thousand rupiahss), 2021–2025",27,7,43ee693e7f47
SULAWESI SELATAN,16,Kab. Enrekang,,2024,*,44.006,,"PDRB Per Kapita Atas Dasar Harga Berlaku di Provinsi Sulawesi Selatan Menurut Kabupaten/Kota (ribu rupiah), 2021–2025","Per Capita GRDP at Current Market Prices by Regency/Municipality, in Sulawesi Selatan Province (thousand rupiahss), 2021–2025",27,7,dcdeaa7ef537
SULAWESI SELATAN,17,Kab. Luwu,,2024,*,59.728,,"PDRB Per Kapita Atas Dasar Harga Berlaku di Provinsi Sulawesi Selatan Menurut Kabupaten/Kota (ribu rupiah), 2021–2025","Per Capita GRDP at Current Market Prices by Regency/Municipality, in Sulawesi Selatan Province (thousand rupiahss), 2021–2025",27,7,8f42062cb20c
SULAWESI SELATAN,18,Kab. Tana Toraja,,2024,*,34.739,,"PDRB Per Kapita Atas Dasar Harga Berlaku di Provinsi Sulawesi Selatan Menurut Kabupaten/Kota (ribu rupiah), 2021–2025","Per Capita GRDP at Current Market Prices by Regency/Municipality, in Sulawesi Selatan Province (thousand rupiahss), 2021–2025",27,7,e3043c20f46f
SULAWESI SELATAN,22,Kab. Luwu Utara,,2024,*,58.310,,"PDRB Per Kapita Atas Dasar Harga Berlaku di Provinsi Sulawesi Selatan Menurut Kabupaten/Kota (ribu rupiah), 2021–2025","Per Capita GRDP at Current Market Prices by Regency/Municipality, in Sulawesi Selatan Province (thousand rupiahss), 2021–2025",27,7,5df3f0b724b7
SULAWESI SELATAN,25,Kab. Luwu Timur,,2024,*,97.202,,"PDRB Per Kapita Atas Dasar Harga Berlaku di Provinsi Sulawesi Selatan Menurut Kabupaten/Kota (ribu rupiah), 2021–2025","Per Capita GRDP at Current Market Prices by Regency/Municipality, in Sulawesi Selatan Province (thousand rupiahss), 2021–2025",27,7,faee6e23e945
SULAWESI SELATAN,26,Kab. Toraja Utara,,2024,*,47.726,,"PDRB Per Kapita Atas Dasar Harga Berlaku di Provinsi Sulawesi Selatan Menurut Kabupaten/Kota (ribu rupiah), 2021–2025","Per Capita GRDP at Current Market Prices by Regency/Municipality, in Sulawesi Selatan Province (thousand rupiahss), 2021–2025",27,7,16fd46e0ef77
SULAWESI SELATAN,71,Kota Makassar,,2024,*,165.959,,"PDRB Per Kapita Atas Dasar Harga Berlaku di Provinsi Sulawesi Selatan Menurut Kabupaten/Kota (ribu rupiah), 2021–2025","Per Capita GRDP at Current Market Prices by Regency/Municipality, in Sulawesi Selatan Province (thousand rupiahss), 2021–2025",27,7,1a75792ab241
SULAWESI SELATAN,72,Kota Parepare,,2024,*,61.969,,"PDRB Per Kapita Atas Dasar Harga Berlaku di Provinsi Sulawesi Selatan Menurut Kabupaten/Kota (ribu rupiah), 2021–2025","Per Capita GRDP at Current Market Prices by Regency/Municipality, in Sulawesi Selatan Province (thousand rupiahss), 2021–2025",27,7,7269efaf407e
SULAWESI SELATAN,73,Kota Palopo,,2024,*,56.647,,"PDRB Per Kapita Atas Dasar Harga Berlaku di Provinsi Sulawesi Selatan Menurut Kabupaten/Kota (ribu rupiah), 2021–2025","Per Capita GRDP at Current Market Prices by Regency/Municipality, in Sulawesi Selatan Province (thousand rupiahss), 2021–2025",27,7,a5bf0583a4d7
SULAWESI SELATAN,,Jml Kab./Kota Total of Reg./Mun.,,2024,*,73.732,,"PDRB Per Kapita Atas Dasar Harga Berlaku di Provinsi Sulawesi Selatan Menurut Kabupaten/Kota (ribu rupiah), 2021–2025","Per Capita GRDP at Current Market Prices by Regency/Municipality, in Sulawesi Selatan Province (thousand rupiahss), 2021–2025",27,7,9a6f98968cca
SULAWESI SELATAN,,Provinsi/Province,,2024,*,73.573,,"PDRB Per Kapita Atas Dasar Harga Berlaku di Provinsi Sulawesi Selatan Menurut Kabupaten/Kota (ribu rupiah), 2021–2025","Per Capita GRDP at Current Market Prices by Regency/Municipality, in Sulawesi Selatan Province (thousand rupiahss), 2021–2025",27,7,0dcc676f387f
SULAWESI TENGGARA,01,Kab. Buton,,2024,*,43.410,,"PDRB Per Kapita Atas Dasar Harga Berlaku di Provinsi Sulawesi Tenggara Menurut Kabupaten/Kota (ribu rupiah), 2021–2025","Per Capita GRDP at Current Market Prices by Regency/Municipality, in Sulawesi Tenggara Province (thousand rupiahss), 2021–2025",28,8,8c43e2417ff5
SULAWESI TENGGARA,02,Kab. Muna,,2024,*,41.623,,"PDRB Per Kapita Atas Dasar Harga Berlaku di Provinsi Sulawesi Tenggara Menurut Kabupaten/Kota (ribu rupiah), 2021–2025","Per Capita GRDP at Current Market Prices by Regency/Municipality, in Sulawesi Tenggara Province (thousand rupiahss), 2021–2025",28,8,52cfcc3eb77a
SULAWESI TENGGARA,03,Kab. Konawe,,2024,*,75.702,,"PDRB Per Kapita Atas Dasar Harga Berlaku di Provinsi Sulawesi Tenggara Menurut Kabupaten/Kota (ribu rupiah), 2021–2025","Per Capita GRDP at Current Market Prices by Regency/Municipality, in Sulawesi Tenggara Province (thousand rupiahss), 2021–2025",28,8,98e05f756f50
SULAWESI TENGGARA,04,Kab. Kolaka,,2024,*,153.413,,"PDRB Per Kapita Atas Dasar Harga Berlaku di Provinsi Sulawesi Tenggara Menurut Kabupaten/Kota (ribu rupiah), 2021–2025","Per Capita GRDP at Current Market Prices by Regency/Municipality, in Sulawesi Tenggara Province (thousand rupiahss), 2021–2025",28,8,6d4144c1251f
SULAWESI TENGGARA,05,Kab. Konawe Selatan,,2024,*,53.949,,"PDRB Per Kapita Atas Dasar Harga Berlaku di Provinsi Sulawesi Tenggara Menurut Kabupaten/Kota (ribu rupiah), 2021–2025","Per Capita GRDP at Current Market Prices by Regency/Municipality, in Sulawesi Tenggara Province (thousand rupiahss), 2021–2025",28,8,35a60a2baa51
SULAWESI TENGGARA,06,Kab. Bombana,,2024,*,56.988,,"PDRB Per Kapita Atas Dasar Harga Berlaku di Provinsi Sulawesi Tenggara Menurut Kabupaten/Kota (ribu rupiah), 2021–2025","Per Capita GRDP at Current Market Prices by Regency/Municipality, in Sulawesi Tenggara Province (thousand rupiahss), 2021–2025",28,8,f0984366b029
SULAWESI TENGGARA,07,Kab. Wakatobi,,2024,*,51.916,,"PDRB Per Kapita Atas Dasar Harga Berlaku di Provinsi Sulawesi Tenggara Menurut Kabupaten/Kota (ribu rupiah), 2021–2025","Per Capita GRDP at Current Market Prices by Regency/Municipality, in Sulawesi Tenggara Province (thousand rupiahss), 2021–2025",28,8,2a82b4c32edf
SULAWESI TENGGARA,08,Kab. Kolaka Utara,,2024,*,82.701,,"PDRB Per Kapita Atas Dasar Harga Berlaku di Provinsi Sulawesi Tenggara Menurut Kabupaten/Kota (ribu rupiah), 2021–2025","Per Capita GRDP at Current Market Prices by Regency/Municipality, in Sulawesi Tenggara Province (thousand rupiahss), 2021–2025",28,8,dbebeb872de2
SULAWESI TENGGARA,09,Kab. Buton Utara,,2024,*,61.238,,"PDRB Per Kapita Atas Dasar Harga Berlaku di Provinsi Sulawesi Tenggara Menurut Kabupaten/Kota (ribu rupiah), 2021–2025","Per Capita GRDP at Current Market Prices by Regency/Municipality, in Sulawesi Tenggara Province (thousand rupiahss), 2021–2025",28,8,1e4c65797c80
SULAWESI TENGGARA,10,Kab. Konawe Utara,,2024,*,77.302,,"PDRB Per Kapita Atas Dasar Harga Berlaku di Provinsi Sulawesi Tenggara Menurut Kabupaten/Kota (ribu rupiah), 2021–2025","Per Capita GRDP at Current Market Prices by Regency/Municipality, in Sulawesi Tenggara Province (thousand rupiahss), 2021–2025",28,8,8be82facb562
SULAWESI TENGGARA,11,Kab. Kolaka Timur,,2024,*,48.117,,"PDRB Per Kapita Atas Dasar Harga Berlaku di Provinsi Sulawesi Tenggara Menurut Kabupaten/Kota (ribu rupiah), 2021–2025","Per Capita GRDP at Current Market Prices by Regency/Municipality, in Sulawesi Tenggara Province (thousand rupiahss), 2021–2025",28,8,cb56fe124353
SULAWESI TENGGARA,12,Kab. Konawe Kepulauan,,2024,*,49.696,,"PDRB Per Kapita Atas Dasar Harga Berlaku di Provinsi Sulawesi Tenggara Menurut Kabupaten/Kota (ribu rupiah), 2021–2025","Per Capita GRDP at Current Market Prices by Regency/Municipality, in Sulawesi Tenggara Province (thousand rupiahss), 2021–2025",28,8,069c95e81340
SULAWESI TENGGARA,13,Kab. Muna Barat,,2024,*,38.933,,"PDRB Per Kapita Atas Dasar Harga Berlaku di Provinsi Sulawesi Tenggara Menurut Kabupaten/Kota (ribu rupiah), 2021–2025","Per Capita GRDP at Current Market Prices by Regency/Municipality, in Sulawesi Tenggara Province (thousand rupiahss), 2021–2025",28,8,44d8d7980826
SULAWESI TENGGARA,14,Kab. Buton Tengah,,2024,*,26.136,,"PDRB Per Kapita Atas Dasar Harga Berlaku di Provinsi Sulawesi Tenggara Menurut Kabupaten/Kota (ribu rupiah), 2021–2025","Per Capita GRDP at Current Market Prices by Regency/Municipality, in Sulawesi Tenggara Province (thousand rupiahss), 2021–2025",28,8,2a8d1d04be30
SULAWESI TENGGARA,15,Kab. Buton Selatan,,2024,*,37.815,,"PDRB Per Kapita Atas Dasar Harga Berlaku di Provinsi Sulawesi Tenggara Menurut Kabupaten/Kota (ribu rupiah), 2021–2025","Per Capita GRDP at Current Market Prices by Regency/Municipality, in Sulawesi Tenggara Province (thousand rupiahss), 2021–2025",28,8,9e8d70c44806
SULAWESI TENGGARA,71,Kota Kendari,,2024,*,80.970,,"PDRB Per Kapita Atas Dasar Harga Berlaku di Provinsi Sulawesi Tenggara Menurut Kabupaten/Kota (ribu rupiah), 2021–2025","Per Capita GRDP at Current Market Prices by Regency/Municipality, in Sulawesi Tenggara Province (thousand rupiahss), 2021–2025",28,8,bb6651fef388
SULAWESI TENGGARA,72,Kota Baubau,,2024,*,72.416,,"PDRB Per Kapita Atas Dasar Harga Berlaku di Provinsi Sulawesi Tenggara Menurut Kabupaten/Kota (ribu rupiah), 2021–2025","Per Capita GRDP at Current Market Prices by Regency/Municipality, in Sulawesi Tenggara Province (thousand rupiahss), 2021–2025",28,8,7159bd0a4c82
SULAWESI TENGGARA,,Jml Kab./Kota Total of Reg./Mun.,,2024,*,67.985,,"PDRB Per Kapita Atas Dasar Harga Berlaku di Provinsi Sulawesi Tenggara Menurut Kabupaten/Kota (ribu rupiah), 2021–2025","Per Capita GRDP at Current Market Prices by Regency/Municipality, in Sulawesi Tenggara Province (thousand rupiahss), 2021–2025",28,8,03ee35f1295c
SULAWESI TENGGARA,,Provinsi/Province,,2024,*,67.840,,"PDRB Per Kapita Atas Dasar Harga Berlaku di Provinsi Sulawesi Tenggara Menurut Kabupaten/Kota (ribu rupiah), 2021–2025","Per Capita GRDP at Current Market Prices by Regency/Municipality, in Sulawesi Tenggara Province (thousand rupiahss), 2021–2025",28,8,8d9ecddc09ae
GORONTALO,01,Kab. Boalemo,,2024,*,45.564,,"PDRB Per Kapita Atas Dasar Harga Berlaku di Provinsi Gorontalo Menurut Kabupaten/Kota (ribu rupiah), 2021–2025","Per Capita GRDP at Current Market Prices by Regency/Municipality, in Gorontalo Province (thousand rupiahss), 2021–2025",29,9,7402bfd06d88
GORONTALO,02,Kab. Gorontalo,,2024,*,41.742,,"PDRB Per Kapita Atas Dasar Harga Berlaku di Provinsi Gorontalo Menurut Kabupaten/Kota (ribu rupiah), 2021–2025","Per Capita GRDP at Current Market Prices by Regency/Municipality, in Gorontalo Province (thousand rupiahss), 2021–2025",29,9,8e407b42c2fe
GORONTALO,03,Kab. Pohuwato,,2024,*,55.804,,"PDRB Per Kapita Atas Dasar Harga Berlaku di Provinsi Gorontalo Menurut Kabupaten/Kota (ribu rupiah), 2021–2025","Per Capita GRDP at Current Market Prices by Regency/Municipality, in Gorontalo Province (thousand rupiahss), 2021–2025",29,9,4b231d5cb830
GORONTALO,04,Kab. Bone Bolango,,2024,*,35.453,,"PDRB Per Kapita Atas Dasar Harga Berlaku di Provinsi Gorontalo Menurut Kabupaten/Kota (ribu rupiah), 2021–2025","Per Capita GRDP at Current Market Prices by Regency/Municipality, in Gorontalo Province (thousand rupiahss), 2021–2025",29,9,18dcd79f16b1
GORONTALO,05,Kab. Gorontalo Utara,,2024,*,33.248,,"PDRB Per Kapita Atas Dasar Harga Berlaku di Provinsi Gorontalo Menurut Kabupaten/Kota (ribu rupiah), 2021–2025","Per Capita GRDP at Current Market Prices by Regency/Municipality, in Gorontalo Province (thousand rupiahss), 2021–2025",29,9,dfa1201b5e38
GORONTALO,71,Kota Gorontalo,,2024,*,54.117,,"PDRB Per Kapita Atas Dasar Harga Berlaku di Provinsi Gorontalo Menurut Kabupaten/Kota (ribu rupiah), 2021–2025","Per Capita GRDP at Current Market Prices by Regency/Municipality, in Gorontalo Province (thousand rupiahss), 2021–2025",29,9,d6e61ed9adec
GORONTALO,,Jml Kab./Kota Total of Reg./Mun.,,2024,*,44.282,,"PDRB Per Kapita Atas Dasar Harga Berlaku di Provinsi Gorontalo Menurut Kabupaten/Kota (ribu rupiah), 2021–2025","Per Capita GRDP at Current Market Prices by Regency/Municipality, in Gorontalo Province (thousand rupiahss), 2021–2025",29,9,34247c75bd67
GORONTALO,,Provinsi/Province,,2024,*,44.437,,"PDRB Per Kapita Atas Dasar Harga Berlaku di Provinsi Gorontalo Menurut Kabupaten/Kota (ribu rupiah), 2021–2025","Per Capita GRDP at Current Market Prices by Regency/Municipality, in Gorontalo Province (thousand rupiahss), 2021–2025",29,9,fc41baa062c7
SULAWESI BARAT,01,Kab. Majene,,2024,*,35.320,,"PDRB Per Kapita Atas Dasar Harga Berlaku di Provinsi Sulawesi Barat Menurut Kabupaten/Kota (ribu rupiah), 2021–2025","Per Capita GRDP at Current Market Prices by Regency/Municipality, in Sulawesi Barat Province (thousand rupiahss), 2021–2025",30,10,5a6d8171b06f
SULAWESI BARAT,02,Kab. Polewali Mandar,,2024,*,35.453,,"PDRB Per Kapita Atas Dasar Harga Berlaku di Provinsi Sulawesi Barat Menurut Kabupaten/Kota (ribu rupiah), 2021–2025","Per Capita GRDP at Current Market Prices by Regency/Municipality, in Sulawesi Barat Province (thousand rupiahss), 2021–2025",30,10,a1e1766f1cec
SULAWESI BARAT,03,Kab. Mamasa,,2024,*,21.884,,"PDRB Per Kapita Atas Dasar Harga Berlaku di Provinsi Sulawesi Barat Menurut Kabupaten/Kota (ribu rupiah), 2021–2025","Per Capita GRDP at Current Market Prices by Regency/Municipality, in Sulawesi Barat Province (thousand rupiahss), 2021–2025",30,10,917609f5c218
SULAWESI BARAT,04,Kab. Mamuju,,2024,*,53.961,,"PDRB Per Kapita Atas Dasar Harga Berlaku di Provinsi Sulawesi Barat Menurut Kabupaten/Kota (ribu rupiah), 2021–2025","Per Capita GRDP at Current Market Prices by Regency/Municipality, in Sulawesi Barat Province (thousand rupiahss), 2021–2025",30,10,8a606d54a5c0
SULAWESI BARAT,05,Kab. Pasang Kayu,,2024,*,76.843,,"PDRB Per Kapita Atas Dasar Harga Berlaku di Provinsi Sulawesi Barat Menurut Kabupaten/Kota (ribu rupiah), 2021–2025","Per Capita GRDP at Current Market Prices by Regency/Municipality, in Sulawesi Barat Province (thousand rupiahss), 2021–2025",30,10,1e3fdc6bf8f3
SULAWESI BARAT,06,Kab. Mamuju Tengah,,2024,*,31.422,,"PDRB Per Kapita Atas Dasar Harga Berlaku di Provinsi Sulawesi Barat Menurut Kabupaten/Kota (ribu rupiah), 2021–2025","Per Capita GRDP at Current Market Prices by Regency/Municipality, in Sulawesi Barat Province (thousand rupiahss), 2021–2025",30,10,53ea9e6ca27b
SULAWESI BARAT,,Jml Kab./Kota Total of Reg./Mun.,,2024,*,47.296,,"PDRB Per Kapita Atas Dasar Harga Berlaku di Provinsi Sulawesi Barat Menurut Kabupaten/Kota (ribu rupiah), 2021–2025","Per Capita GRDP at Current Market Prices by Regency/Municipality, in Sulawesi Barat Province (thousand rupiahss), 2021–2025",30,10,6fc7fb8b8a70
SULAWESI BARAT,,Provinsi/Province,,2024,*,42.718,,"PDRB Per Kapita Atas Dasar Harga Berlaku di Provinsi Sulawesi Barat Menurut Kabupaten/Kota (ribu rupiah), 2021–2025","Per Capita GRDP at Current Market Prices by Regency/Municipality, in Sulawesi Barat Province (thousand rupiahss), 2021–2025",30,10,b3947af3290e
KALIMANTAN TENGAH,01,Kab. Kotawaringin Barat,,2025,**,121.218,,"PDRB Per Kapita Atas Dasar Harga Berlaku di Provinsi Kalimantan Tengah Menurut Kabupaten/Kota (ribu rupiah), 2021–2025","Per Capita GRDP at Current Market Prices by Regency/Municipality, in Kalimantan Tengah Province (thousand rupiahss), 2021–2025",21,1,39f75ee0dc1a
KALIMANTAN TENGAH,02,Kab. Kotawaringin Timur,,2025,**,92.974,,"PDRB Per Kapita Atas Dasar Harga Berlaku di Provinsi Kalimantan Tengah Menurut Kabupaten/Kota (ribu rupiah), 2021–2025","Per Capita GRDP at Current Market Prices by Regency/Municipality, in Kalimantan Tengah Province (thousand rupiahss), 2021–2025",21,1,319043298020
KALIMANTAN TENGAH,03,Kab. Kapuas,,2025,**,62.149,,"PDRB Per Kapita Atas Dasar Harga Berlaku di Provinsi Kalimantan Tengah Menurut Kabupaten/Kota (ribu rupiah), 2021–2025","Per Capita GRDP at Current Market Prices by Regency/Municipality, in Kalimantan Tengah Province (thousand rupiahss), 2021–2025",21,1,2090c29da864
KALIMANTAN TENGAH,04,Kab. Barito Selatan,,2025,**,68.431,,"PDRB Per Kapita Atas Dasar Harga Berlaku di Provinsi Kalimantan Tengah Menurut Kabupaten/Kota (ribu rupiah), 2021–2025","Per Capita GRDP at Current Market Prices by Regency/Municipality, in Kalimantan Tengah Province (thousand rupiahss), 2021–2025",21,1,55571317a319
KALIMANTAN TENGAH,05,Kab. Barito Utara,,2025,**,88.608,,"PDRB Per Kapita Atas Dasar Harga Berlaku di Provinsi Kalimantan Tengah Menurut Kabupaten/Kota (ribu rupiah), 2021–2025","Per Capita GRDP at Current Market Prices by Regency/Municipality, in Kalimantan Tengah Province (thousand rupiahss), 2021–2025",21,1,a269d448cf51
KALIMANTAN TENGAH,06,Kab. Sukamara,,2025,**,102.440,,"PDRB Per Kapita Atas Dasar Harga Berlaku di Provinsi Kalimantan Tengah Menurut Kabupaten/Kota (ribu rupiah), 2021–2025","Per Capita GRDP at Current Market Prices by Regency/Municipality, in Kalimantan Tengah Province (thousand rupiahss), 2021–2025",21,1,c51bdb167c19
KALIMANTAN TENGAH,07,Kab. Lamandau,,2025,**,84.143,,"PDRB Per Kapita Atas Dasar Harga Berlaku di Provinsi Kalimantan Tengah Menurut Kabupaten/Kota (ribu rupiah), 2021–2025","Per Capita GRDP at Current Market Prices by Regency/Municipality, in Kalimantan Tengah Province (thousand rupiahss), 2021–2025",21,1,201b4f6d4fd7
KALIMANTAN TENGAH,08,Kab. Seruyan,,2025,**,77.173,,"PDRB Per Kapita Atas Dasar Harga Berlaku di Provinsi Kalimantan Tengah Menurut Kabupaten/Kota (ribu rupiah), 2021–2025","Per Capita GRDP at Current Market Prices by Regency/Municipality, in Kalimantan Tengah Province (thousand rupiahss), 2021–2025",21,1,2cdec2a65957
KALIMANTAN TENGAH,09,Kab. Katingan,,2025,**,73.108,,"PDRB Per Kapita Atas Dasar Harga Berlaku di Provinsi Kalimantan Tengah Menurut Kabupaten/Kota (ribu rupiah), 2021–2025","Per Capita GRDP at Current Market Prices by Regency/Municipality, in Kalimantan Tengah Province (thousand rupiahss), 2021–2025",21,1,c02d188acbc9
KALIMANTAN TENGAH,10,Kab. Pulang Pisau,,2025,**,58.660,,"PDRB Per Kapita Atas Dasar Harga Berlaku di Provinsi Kalimantan Tengah Menurut Kabupaten/Kota (ribu rupiah), 2021–2025","Per Capita GRDP at Current Market Prices by Regency/Municipality, in Kalimantan Tengah Province (thousand rupiahss), 2021–2025",21,1,d81581dd586a
KALIMANTAN TENGAH,11,Kab. Gunung Mas,,2025,**,72.365,,"PDRB Per Kapita Atas Dasar Harga Berlaku di Provinsi Kalimantan Tengah Menurut Kabupaten/Kota (ribu rupiah), 2021–2025","Per Capita GRDP at Current Market Prices by Regency/Municipality, in Kalimantan Tengah Province (thousand rupiahss), 2021–2025",21,1,d692bdb6fd04
KALIMANTAN TENGAH,12,Kab. Barito Timur,,2025,**,94.050,,"PDRB Per Kapita Atas Dasar Harga Berlaku di Provinsi Kalimantan Tengah Menurut Kabupaten/Kota (ribu rupiah), 2021–2025","Per Capita GRDP at Current Market Prices by Regency/Municipality, in Kalimantan Tengah Province (thousand rupiahss), 2021–2025",21,1,404fa48fea76
KALIMANTAN TENGAH,13,Kab. Murung Raya,,2025,**,102.963,,"PDRB Per Kapita Atas Dasar Harga Berlaku di Provinsi Kalimantan Tengah Menurut Kabupaten/Kota (ribu rupiah), 2021–2025","Per Capita GRDP at Current Market Prices by Regency/Municipality, in Kalimantan Tengah Province (thousand rupiahss), 2021–2025",21,1,4f235be804db
KALIMANTAN TENGAH,71,Kota Palangka Raya,,2025,**,89.938,,"PDRB Per Kapita Atas Dasar Harga Berlaku di Provinsi Kalimantan Tengah Menurut Kabupaten/Kota (ribu rupiah), 2021–2025","Per Capita GRDP at Current Market Prices by Regency/Municipality, in Kalimantan Tengah Province (thousand rupiahss), 2021–2025",21,1,c3185bbb2fc7
KALIMANTAN TENGAH,,Jml Kab./Kota Total of Reg./Mun.,,2025,**,84.723,,"PDRB Per Kapita Atas Dasar Harga Berlaku di Provinsi Kalimantan Tengah Menurut Kabupaten/Kota (ribu rupiah), 2021–2025","Per Capita GRDP at Current Market Prices by Regency/Municipality, in Kalimantan Tengah Province (thousand rupiahss), 2021–2025",21,1,e558596830a3
KALIMANTAN TENGAH,,Provinsi/Province,,2025,**,84.730,,"PDRB Per Kapita Atas Dasar Harga Berlaku di Provinsi Kalimantan Tengah Menurut Kabupaten/Kota (ribu rupiah), 2021–2025","Per Capita GRDP at Current Market Prices by Regency/Municipality, in Kalimantan Tengah Province (thousand rupiahss), 2021–2025",21,1,485efb25cb16
KALIMANTAN SELATAN,01,Kab. Tanah Laut,,2025,**,61.730,,"PDRB Per Kapita Atas Dasar Harga Berlaku di Provinsi Kalimantan Selatan Menurut Kabupaten/Kota (ribu rupiah), 2021–2025","Per Capita GRDP at Current Market Prices by Regency/Municipality, in Kalimantan Selatan Province (thousand rupiahss), 2021–2025",22,2,25b556e18c01
KALIMANTAN SELATAN,02,Kab. Kota Baru,,2025,**,115.045,,"PDRB Per Kapita Atas Dasar Harga Berlaku di Provinsi Kalimantan Selatan Menurut Kabupaten/Kota (ribu rupiah), 2021–2025","Per Capita GRDP at Current Market Prices by Regency/Municipality, in Kalimantan Selatan Province (thousand rupiahss), 2021–2025",22,2,dcd9c8107762
KALIMANTAN SELATAN,03,Kab. Banjar,,2025,**,41.993,,"PDRB Per Kapita Atas Dasar Harga Berlaku di Provinsi Kalimantan Selatan Menurut Kabupaten/Kota (ribu rupiah), 2021–2025","Per Capita GRDP at Current Market Prices by Regency/Municipality, in Kalimantan Selatan Province (thousand rupiahss), 2021–2025",22,2,6e7b521249c5
KALIMANTAN SELATAN,04,Kab. Barito Kuala,,2025,**,36.345,,"PDRB Per Kapita Atas Dasar Harga Berlaku di Provinsi Kalimantan Selatan Menurut Kabupaten/Kota (ribu rupiah), 2021–2025","Per Capita GRDP at Current Market Prices by Regency/Municipality, in Kalimantan Selatan Province (thousand rupiahss), 2021–2025",22,2,3c06fc3eb653
KALIMANTAN SELATAN,05,Kab. Tapin,,2025,**,76.197,,"PDRB Per Kapita Atas Dasar Harga Berlaku di Provinsi Kalimantan Selatan Menurut Kabupaten/Kota (ribu rupiah), 2021–2025","Per Capita GRDP at Current Market Prices by Regency/Municipality, in Kalimantan Selatan Province (thousand rupiahss), 2021–2025",22,2,02d4ba35a49f
KALIMANTAN SELATAN,06,Kab. Hulu Sungai Selatan,,2025,**,43.972,,"PDRB Per Kapita Atas Dasar Harga Berlaku di Provinsi Kalimantan Selatan Menurut Kabupaten/Kota (ribu rupiah), 2021–2025","Per Capita GRDP at Current Market Prices by Regency/Municipality, in Kalimantan Selatan Province (thousand rupiahss), 2021–2025",22,2,a9d1bcb040c5
KALIMANTAN SELATAN,07,Kab. Hulu Sungai Tengah,,2025,**,37.586,,"PDRB Per Kapita Atas Dasar Harga Berlaku di Provinsi Kalimantan Selatan Menurut Kabupaten/Kota (ribu rupiah), 2021–2025","Per Capita GRDP at Current Market Prices by Regency/Municipality, in Kalimantan Selatan Province (thousand rupiahss), 2021–2025",22,2,88944cf09beb
KALIMANTAN SELATAN,08,Kab. Hulu Sungai Utara,,2025,**,29.879,,"PDRB Per Kapita Atas Dasar Harga Berlaku di Provinsi Kalimantan Selatan Menurut Kabupaten/Kota (ribu rupiah), 2021–2025","Per Capita GRDP at Current Market Prices by Regency/Municipality, in Kalimantan Selatan Province (thousand rupiahss), 2021–2025",22,2,3a6b2b230435
KALIMANTAN SELATAN,09,Kab. Tabalong,,2025,**,126.520,,"PDRB Per Kapita Atas Dasar Harga Berlaku di Provinsi Kalimantan Selatan Menurut Kabupaten/Kota (ribu rupiah), 2021–2025","Per Capita GRDP at Current Market Prices by Regency/Municipality, in Kalimantan Selatan Province (thousand rupiahss), 2021–2025",22,2,3296b472a5c9
KALIMANTAN SELATAN,10,Kab. Tanah Bumbu,,2025,**,110.383,,"PDRB Per Kapita Atas Dasar Harga Berlaku di Provinsi Kalimantan Selatan Menurut Kabupaten/Kota (ribu rupiah), 2021–2025","Per Capita GRDP at Current Market Prices by Regency/Municipality, in Kalimantan Selatan Province (thousand rupiahss), 2021–2025",22,2,31481a7eadf3
KALIMANTAN SELATAN,11,Kab. Balangan,,2025,**,163.763,,"PDRB Per Kapita Atas Dasar Harga Berlaku di Provinsi Kalimantan Selatan Menurut Kabupaten/Kota (ribu rupiah), 2021–2025","Per Capita GRDP at Current Market Prices by Regency/Municipality, in Kalimantan Selatan Province (thousand rupiahss), 2021–2025",22,2,2934e1c25add
KALIMANTAN SELATAN,71,Kota Banjarmasin,,2025,**,73.747,,"PDRB Per Kapita Atas Dasar Harga Berlaku di Provinsi Kalimantan Selatan Menurut Kabupaten/Kota (ribu rupiah), 2021–2025","Per Capita GRDP at Current Market Prices by Regency/Municipality, in Kalimantan Selatan Province (thousand rupiahss), 2021–2025",22,2,09618b899f71
KALIMANTAN SELATAN,72,Kota Banjar Baru,,2025,**,55.615,,"PDRB Per Kapita Atas Dasar Harga Berlaku di Provinsi Kalimantan Selatan Menurut Kabupaten/Kota (ribu rupiah), 2021–2025","Per Capita GRDP at Current Market Prices by Regency/Municipality, in Kalimantan Selatan Province (thousand rupiahss), 2021–2025",22,2,578b30cc1180
KALIMANTAN SELATAN,,Jml Kab./Kota Total of Reg./Mun.,,2025,**,70.407,,"PDRB Per Kapita Atas Dasar Harga Berlaku di Provinsi Kalimantan Selatan Menurut Kabupaten/Kota (ribu rupiah), 2021–2025","Per Capita GRDP at Current Market Prices by Regency/Municipality, in Kalimantan Selatan Province (thousand rupiahss), 2021–2025",22,2,518797b63dda
KALIMANTAN SELATAN,,Provinsi/Province,,2025,**,70.577,,"PDRB Per Kapita Atas Dasar Harga Berlaku di Provinsi Kalimantan Selatan Menurut Kabupaten/Kota (ribu rupiah), 2021–2025","Per Capita GRDP at Current Market Prices by Regency/Municipality, in Kalimantan Selatan Province (thousand rupiahss), 2021–2025",22,2,882de9c751d6
KALIMANTAN TIMUR,01,Kab. Paser,,2025,**,196.723,,"PDRB Per Kapita Atas Dasar Harga Berlaku di Provinsi Kalimantan Timur Menurut Kabupaten/Kota (ribu rupiah), 2021–2025","Per Capita GRDP at Current Market Prices by Regency/Municipality, in Kalimantan Timur Province (thousand rupiahss), 2021–2025",23,3,f49f3ca37d6d
KALIMANTAN TIMUR,02,Kab. Kutai Barat,,2025,**,229.647,,"PDRB Per Kapita Atas Dasar Harga Berlaku di Provinsi Kalimantan Timur Menurut Kabupaten/Kota (ribu rupiah), 2021–2025","Per Capita GRDP at Current Market Prices by Regency/Municipality, in Kalimantan Timur Province (thousand rupiahss), 2021–2025",23,3,0a4531b3fe28
KALIMANTAN TIMUR,03,Kab. Kutai Kartanegara,,2025,**,249.111,,"PDRB Per Kapita Atas Dasar Harga Berlaku di Provinsi Kalimantan Timur Menurut Kabupaten/Kota (ribu rupiah), 2021–2025","Per Capita GRDP at Current Market Prices by Regency/Municipality, in Kalimantan Timur Province (thousand rupiahss), 2021–2025",23,3,ce1ddd8c4d89
KALIMANTAN TIMUR,04,Kab. Kutai Timur,,2025,**,325.075,,"PDRB Per Kapita Atas Dasar Harga Berlaku di Provinsi Kalimantan Timur Menurut Kabupaten/Kota (ribu rupiah), 2021–2025","Per Capita GRDP at Current Market Prices by Regency/Municipality, in Kalimantan Timur Province (thousand rupiahss), 2021–2025",23,3,d5ece08272da
KALIMANTAN TIMUR,05,Kab. Berau,,2025,**,193.391,,"PDRB Per Kapita Atas Dasar Harga Berlaku di Provinsi Kalimantan Timur Menurut Kabupaten/Kota (ribu rupiah), 2021–2025","Per Capita GRDP at Current Market Prices by Regency/Municipality, in Kalimantan Timur Province (thousand rupiahss), 2021–2025",23,3,d8b5679c34ca
KALIMANTAN TIMUR,09,Kab. Penajam Paser Utara,,2025,**,63.809,,"PDRB Per Kapita Atas Dasar Harga Berlaku di Provinsi Kalimantan Timur Menurut Kabupaten/Kota (ribu rupiah), 2021–2025","Per Capita GRDP at Current Market Prices by Regency/Municipality, in Kalimantan Timur Province (thousand rupiahss), 2021–2025",23,3,3c3fed9b224d
KALIMANTAN TIMUR,11,Kab. Mahakam Ulu,,2025,**,118.650,,"PDRB Per Kapita Atas Dasar Harga Berlaku di Provinsi Kalimantan Timur Menurut Kabupaten/Kota (ribu rupiah), 2021–2025","Per Capita GRDP at Current Market Prices by Regency/Municipality, in Kalimantan Timur Province (thousand rupiahss), 2021–2025",23,3,84167889f82f
KALIMANTAN TIMUR,71,Kota Balikpapan,,2025,**,233.398,,"PDRB Per Kapita Atas Dasar Harga Berlaku di Provinsi Kalimantan Timur Menurut Kabupaten/Kota (ribu rupiah), 2021–2025","Per Capita GRDP at Current Market Prices by Regency/Municipality, in Kalimantan Timur Province (thousand rupiahss), 2021–2025",23,3,da5069295571
KALIMANTAN TIMUR,72,Kota Samarinda,,2025,**,123.222,,"PDRB Per Kapita Atas Dasar Harga Berlaku di Provinsi Kalimantan Timur Menurut Kabupaten/Kota (ribu rupiah), 2021–2025","Per Capita GRDP at Current Market Prices by Regency/Municipality, in Kalimantan Timur Province (thousand rupiahss), 2021–2025",23,3,38c1c7ce308c
KALIMANTAN TIMUR,74,Kota Bontang,,2025,**,371.195,,"PDRB Per Kapita Atas Dasar Harga Berlaku di Provinsi Kalimantan Timur Menurut Kabupaten/Kota (ribu rupiah), 2021–2025","Per Capita GRDP at Current Market Prices by Regency/Municipality, in Kalimantan Timur Province (thousand rupiahss), 2021–2025",23,3,09c4aaaca52e
KALIMANTAN TIMUR,,Jml Kab./Kota Total of Reg./Mun.,,2025,**,208.468,,"PDRB Per Kapita Atas Dasar Harga Berlaku di Provinsi Kalimantan Timur Menurut Kabupaten/Kota (ribu rupiah), 2021–2025","Per Capita GRDP at Current Market Prices by Regency/Municipality, in Kalimantan Timur Province (thousand rupiahss), 2021–2025",23,3,ffd980447c75
KALIMANTAN TIMUR,,Provinsi/Province,,2025,**,208.331,,"PDRB Per Kapita Atas Dasar Harga Berlaku di Provinsi Kalimantan Timur Menurut Kabupaten/Kota (ribu rupiah), 2021–2025","Per Capita GRDP at Current Market Prices by Regency/Municipality, in Kalimantan Timur Province (thousand rupiahss), 2021–2025",23,3,7001359c0ad4
KALIMANTAN UTARA,01,Kab. Malinau,,2025,**,215.362,,"PDRB Per Kapita Atas Dasar Harga Berlaku di Provinsi Kalimantan Utara Menurut Kabupaten/Kota (ribu rupiah), 2021–2025","Per Capita GRDP at Current Market Prices by Regency/Municipality, in Kalimantan Utara Province (thousand rupiahss), 2021–2025",24,4,0cf27ddbd5e1
KALIMANTAN UTARA,02,Kab. Bulungan,,2025,**,169.985,,"PDRB Per Kapita Atas Dasar Harga Berlaku di Provinsi Kalimantan Utara Menurut Kabupaten/Kota (ribu rupiah), 2021–2025","Per Capita GRDP at Current Market Prices by Regency/Municipality, in Kalimantan Utara Province (thousand rupiahss), 2021–2025",24,4,750654c2a7b3
KALIMANTAN UTARA,03,Kab. Tana Tidung,,2025,**,338.606,,"PDRB Per Kapita Atas Dasar Harga Berlaku di Provinsi Kalimantan Utara Menurut Kabupaten/Kota (ribu rupiah), 2021–2025","Per Capita GRDP at Current Market Prices by Regency/Municipality, in Kalimantan Utara Province (thousand rupiahss), 2021–2025",24,4,28c00e7871ed
KALIMANTAN UTARA,04,Kab. Nunukan,,2025,**,199.721,,"PDRB Per Kapita Atas Dasar Harga Berlaku di Provinsi Kalimantan Utara Menurut Kabupaten/Kota (ribu rupiah), 2021–2025","Per Capita GRDP at Current Market Prices by Regency/Municipality, in Kalimantan Utara Province (thousand rupiahss), 2021–2025",24,4,302c534d1a39
KALIMANTAN UTARA,71,Kota Tarakan,,2025,**,233.098,,"PDRB Per Kapita Atas Dasar Harga Berlaku di Provinsi Kalimantan Utara Menurut Kabupaten/Kota (ribu rupiah), 2021–2025","Per Capita GRDP at Current Market Prices by Regency/Municipality, in Kalimantan Utara Province (thousand rupiahss), 2021–2025",24,4,6583b8d91438
KALIMANTAN UTARA,,Jml Kab./Kota Total of Reg./Mun.,,2025,**,211.877,,"PDRB Per Kapita Atas Dasar Harga Berlaku di Provinsi Kalimantan Utara Menurut Kabupaten/Kota (ribu rupiah), 2021–2025","Per Capita GRDP at Current Market Prices by Regency/Municipality, in Kalimantan Utara Province (thousand rupiahss), 2021–2025",24,4,b64993694d19
KALIMANTAN UTARA,,Provinsi/Province,,2025,**,208.210,,"PDRB Per Kapita Atas Dasar Harga Berlaku di Provinsi Kalimantan Utara Menurut Kabupaten/Kota (ribu rupiah), 2021–2025","Per Capita GRDP at Current Market Prices by Regency/Municipality, in Kalimantan Utara Province (thousand rupiahss), 2021–2025",24,4,dbb0f05d1841
SULAWESI UTARA,01,Kab. Bolaang Mongondow,,2025,**,48.346,,"PDRB Per Kapita Atas Dasar Harga Berlaku di Provinsi Sulawesi Utara Menurut Kabupaten/Kota (ribu rupiah), 2021–2025","Per Capita GRDP at Current Market Prices by Regency/Municipality, in Sulawesi Utara Province (thousand rupiahss), 2021–2025",25,5,f6b3a5c0843f
SULAWESI UTARA,02,Kab. Minahasa,,2025,**,73.719,,"PDRB Per Kapita Atas Dasar Harga Berlaku di Provinsi Sulawesi Utara Menurut Kabupaten/Kota (ribu rupiah), 2021–2025","Per Capita GRDP at Current Market Prices by Regency/Municipality, in Sulawesi Utara Province (thousand rupiahss), 2021–2025",25,5,3a273ecd22dc
SULAWESI UTARA,03,Kab. Kepulauan Sangihe,,2025,**,47.327,,"PDRB Per Kapita Atas Dasar Harga Berlaku di Provinsi Sulawesi Utara Menurut Kabupaten/Kota (ribu rupiah), 2021–2025","Per Capita GRDP at Current Market Prices by Regency/Municipality, in Sulawesi Utara Province (thousand rupiahss), 2021–2025",25,5,d8242067f964
SULAWESI UTARA,04,Kab. Kepulauan Talaud,,2025,**,34.231,,"PDRB Per Kapita Atas Dasar Harga Berlaku di Provinsi Sulawesi Utara Menurut Kabupaten/Kota (ribu rupiah), 2021–2025","Per Capita GRDP at Current Market Prices by Regency/Municipality, in Sulawesi Utara Province (thousand rupiahss), 2021–2025",25,5,aaf65b78df4b
SULAWESI UTARA,05,Kab. Minahasa Selatan,,2025,**,56.624,,"PDRB Per Kapita Atas Dasar Harga Berlaku di Provinsi Sulawesi Utara Menurut Kabupaten/Kota (ribu rupiah), 2021–2025","Per Capita GRDP at Current Market Prices by Regency/Municipality, in Sulawesi Utara Province (thousand rupiahss), 2021–2025",25,5,8cae36a4fbbb
SULAWESI UTARA,06,Kab. Minahasa Utara,,2025,**,94.921,,"PDRB Per Kapita Atas Dasar Harga Berlaku di Provinsi Sulawesi Utara Menurut Kabupaten/Kota (ribu rupiah), 2021–2025","Per Capita GRDP at Current Market Prices by Regency/Municipality, in Sulawesi Utara Province (thousand rupiahss), 2021–2025",25,5,1bc0eeba2aa0
SULAWESI UTARA,07,Kab. Bolaang Mongondow Utara,,2025,**,43.741,,"PDRB Per Kapita Atas Dasar Harga Berlaku di Provinsi Sulawesi Utara Menurut Kabupaten/Kota (ribu rupiah), 2021–2025","Per Capita GRDP at Current Market Prices by Regency/Municipality, in Sulawesi Utara Province (thousand rupiahss), 2021–2025",25,5,e9466aeedfcb
SULAWESI UTARA,08,Kab. Siau Tagulandang Biaro,,2025,**,49.779,,"PDRB Per Kapita Atas Dasar Harga Berlaku di Provinsi Sulawesi Utara Menurut Kabupaten/Kota (ribu rupiah), 2021–2025","Per Capita GRDP at Current Market Prices by Regency/Municipality, in Sulawesi Utara Province (thousand rupiahss), 2021–2025",25,5,3faa48476d37
SULAWESI UTARA,09,Kab. Minahasa Tenggara,,2025,**,65.786,,"PDRB Per Kapita Atas Dasar Harga Berlaku di Provinsi Sulawesi Utara Menurut Kabupaten/Kota (ribu rupiah), 2021–2025","Per Capita GRDP at Current Market Prices by Regency/Municipality, in Sulawesi Utara Province (thousand rupiahss), 2021–2025",25,5,b41777fd6aee
SULAWESI UTARA,10,Kab. Bolaang Mongondow Selatan,,2025,**,43.721,,"PDRB Per Kapita Atas Dasar Harga Berlaku di Provinsi Sulawesi Utara Menurut Kabupaten/Kota (ribu rupiah), 2021–2025","Per Capita GRDP at Current Market Prices by Regency/Municipality, in Sulawesi Utara Province (thousand rupiahss), 2021–2025",25,5,3231becfd57d
SULAWESI UTARA,11,Kab. Bolaang Mongondow Timur,,2025,**,49.812,,"PDRB Per Kapita Atas Dasar Harga Berlaku di Provinsi Sulawesi Utara Menurut Kabupaten/Kota (ribu rupiah), 2021–2025","Per Capita GRDP at Current Market Prices by Regency/Municipality, in Sulawesi Utara Province (thousand rupiahss), 2021–2025",25,5,c7ab2b5b5305
SULAWESI UTARA,71,Kota Manado,,2025,**,124.429,,"PDRB Per Kapita Atas Dasar Harga Berlaku di Provinsi Sulawesi Utara Menurut Kabupaten/Kota (ribu rupiah), 2021–2025","Per Capita GRDP at Current Market Prices by Regency/Municipality, in Sulawesi Utara Province (thousand rupiahss), 2021–2025",25,5,a046f505b120
SULAWESI UTARA,72,Kota Bitung,,2025,**,115.416,,"PDRB Per Kapita Atas Dasar Harga Berlaku di Provinsi Sulawesi Utara Menurut Kabupaten/Kota (ribu rupiah), 2021–2025","Per Capita GRDP at Current Market Prices by Regency/Municipality, in Sulawesi Utara Province (thousand rupiahss), 2021–2025",25,5,05a5bd1f8bd2
SULAWESI UTARA,73,Kota Tomohon,,2025,**,60.930,,"PDRB Per Kapita Atas Dasar Harga Berlaku di Provinsi Sulawesi Utara Menurut Kabupaten/Kota (ribu rupiah), 2021–2025","Per Capita GRDP at Current Market Prices by Regency/Municipality, in Sulawesi Utara Province (thousand rupiahss), 2021–2025",25,5,97d76d48e587
SULAWESI UTARA,74,Kota Kotamobagu,,2025,**,43.302,,"PDRB Per Kapita Atas Dasar Harga Berlaku di Provinsi Sulawesi Utara Menurut Kabupaten/Kota (ribu rupiah), 2021–2025","Per Capita GRDP at Current Market Prices by Regency/Municipality, in Sulawesi Utara Province (thousand rupiahss), 2021–2025",25,5,d7209b2871b7
SULAWESI UTARA,,Jml Kab./Kota Total of Reg./Mun.,,2025,**,75.465,,"PDRB Per Kapita Atas Dasar Harga Berlaku di Provinsi Sulawesi Utara Menurut Kabupaten/Kota (ribu rupiah), 2021–2025","Per Capita GRDP at Current Market Prices by Regency/Municipality, in Sulawesi Utara Province (thousand rupiahss), 2021–2025",25,5,ce1e34e03b6a
SULAWESI UTARA,,Provinsi/Province,,2025,**,75.235,,"PDRB Per Kapita Atas Dasar Harga Berlaku di Provinsi Sulawesi Utara Menurut Kabupaten/Kota (ribu rupiah), 2021–2025","Per Capita GRDP at Current Market Prices by Regency/Municipality, in Sulawesi Utara Province (thousand rupiahss), 2021–2025",25,5,bbafdeaf65be
SULAWESI TENGAH,01,Kab. Banggai Kepulauan,,2025,**,46.829,,"PDRB Per Kapita Atas Dasar Harga Berlaku di Provinsi Sulawesi Tengah Menurut Kabupaten/Kota (ribu rupiah), 2021–2025","Per Capita GRDP at Current Market Prices by Regency/Municipality, in Sulawesi Tengah Province (thousand rupiahss), 2021–2025",26,6,f75852ac57c1
SULAWESI TENGAH,02,Kab. Banggai,,2025,**,116.747,,"PDRB Per Kapita Atas Dasar Harga Berlaku di Provinsi Sulawesi Tengah Menurut Kabupaten/Kota (ribu rupiah), 2021–2025","Per Capita GRDP at Current Market Prices by Regency/Municipality, in Sulawesi Tengah Province (thousand rupiahss), 2021–2025",26,6,8cccf564e83c
SULAWESI TENGAH,03,Kab. Morowali,,2025,**,1.072.574,,"PDRB Per Kapita Atas Dasar Harga Berlaku di Provinsi Sulawesi Tengah Menurut Kabupaten/Kota (ribu rupiah), 2021–2025","Per Capita GRDP at Current Market Prices by Regency/Municipality, in Sulawesi Tengah Province (thousand rupiahss), 2021–2025",26,6,857657cedf91
SULAWESI TENGAH,04,Kab. Poso,,2025,**,53.881,,"PDRB Per Kapita Atas Dasar Harga Berlaku di Provinsi Sulawesi Tengah Menurut Kabupaten/Kota (ribu rupiah), 2021–2025","Per Capita GRDP at Current Market Prices by Regency/Municipality, in Sulawesi Tengah Province (thousand rupiahss), 2021–2025",26,6,b1b8209dda34
SULAWESI TENGAH,05,Kab. Donggala,,2025,**,58.102,,"PDRB Per Kapita Atas Dasar Harga Berlaku di Provinsi Sulawesi Tengah Menurut Kabupaten/Kota (ribu rupiah), 2021–2025","Per Capita GRDP at Current Market Prices by Regency/Municipality, in Sulawesi Tengah Province (thousand rupiahss), 2021–2025",26,6,3a024c8691b2
SULAWESI TENGAH,06,Kab. Toli-Toli,,2025,**,50.421,,"PDRB Per Kapita Atas Dasar Harga Berlaku di Provinsi Sulawesi Tengah Menurut Kabupaten/Kota (ribu rupiah), 2021–2025","Per Capita GRDP at Current Market Prices by Regency/Municipality, in Sulawesi Tengah Province (thousand rupiahss), 2021–2025",26,6,2f3ba4beb1f1
SULAWESI TENGAH,07,Kab. Buol,,2025,**,56.128,,"PDRB Per Kapita Atas Dasar Harga Berlaku di Provinsi Sulawesi Tengah Menurut Kabupaten/Kota (ribu rupiah), 2021–2025","Per Capita GRDP at Current Market Prices by Regency/Municipality, in Sulawesi Tengah Province (thousand rupiahss), 2021–2025",26,6,469bf1295a32
SULAWESI TENGAH,08,Kab. Parigi Moutong,,2025,**,54.892,,"PDRB Per Kapita Atas Dasar Harga Berlaku di Provinsi Sulawesi Tengah Menurut Kabupaten/Kota (ribu rupiah), 2021–2025","Per Capita GRDP at Current Market Prices by Regency/Municipality, in Sulawesi Tengah Province (thousand rupiahss), 2021–2025",26,6,ec952d1fa029
SULAWESI TENGAH,09,Kab. Tojo Una-Una,,2025,**,46.555,,"PDRB Per Kapita Atas Dasar Harga Berlaku di Provinsi Sulawesi Tengah Menurut Kabupaten/Kota (ribu rupiah), 2021–2025","Per Capita GRDP at Current Market Prices by Regency/Municipality, in Sulawesi Tengah Province (thousand rupiahss), 2021–2025",26,6,94eb6beeba6d
SULAWESI TENGAH,10,Kab. Sigi,,2025,**,49.733,,"PDRB Per Kapita Atas Dasar Harga Berlaku di Provinsi Sulawesi Tengah Menurut Kabupaten/Kota (ribu rupiah), 2021–2025","Per Capita GRDP at Current Market Prices by Regency/Municipality, in Sulawesi Tengah Province (thousand rupiahss), 2021–2025",26,6,a383ce9fa977
SULAWESI TENGAH,11,Kab. Banggai Laut,,2025,**,47.112,,"PDRB Per Kapita Atas Dasar Harga Berlaku di Provinsi Sulawesi Tengah Menurut Kabupaten/Kota (ribu rupiah), 2021–2025","Per Capita GRDP at Current Market Prices by Regency/Municipality, in Sulawesi Tengah Province (thousand rupiahss), 2021–2025",26,6,d0488ed02562
SULAWESI TENGAH,12,Kab. Morowali Utara,,2025,**,292.019,,"PDRB Per Kapita Atas Dasar Harga Berlaku di Provinsi Sulawesi Tengah Menurut Kabupaten/Kota (ribu rupiah), 2021–2025","Per Capita GRDP at Current Market Prices by Regency/Municipality, in Sulawesi Tengah Province (thousand rupiahss), 2021–2025",26,6,0fad84836f1d
SULAWESI TENGAH,71,Kota Palu,,2025,**,88.383,,"PDRB Per Kapita Atas Dasar Harga Berlaku di Provinsi Sulawesi Tengah Menurut Kabupaten/Kota (ribu rupiah), 2021–2025","Per Capita GRDP at Current Market Prices by Regency/Municipality, in Sulawesi Tengah Province (thousand rupiahss), 2021–2025",26,6,198fb01b05ae
SULAWESI TENGAH,,Jml Kab./Kota Total of Reg./Mun.,,2025,**,131.657,,"PDRB Per Kapita Atas Dasar Harga Berlaku di Provinsi Sulawesi Tengah Menurut Kabupaten/Kota (ribu rupiah), 2021–2025","Per Capita GRDP at Current Market Prices by Regency/Municipality, in Sulawesi Tengah Province (thousand rupiahss), 2021–2025",26,6,762353886fc4
SULAWESI TENGAH,,Provinsi/Province,,2025,**,131.643,,"PDRB Per Kapita Atas Dasar Harga Berlaku di Provinsi Sulawesi Tengah Menurut Kabupaten/Kota (ribu rupiah), 2021–2025","Per Capita GRDP at Current Market Prices by Regency/Municipality, in Sulawesi Tengah Province (thousand rupiahss), 2021–2025",26,6,c31f8507e890
SULAWESI SELATAN,01,Kab. Kepulauan Selayar,,2025,**,62.113,,"PDRB Per Kapita Atas Dasar Harga Berlaku di Provinsi Sulawesi Selatan Menurut Kabupaten/Kota (ribu rupiah), 2021–2025","Per Capita GRDP at Current Market Prices by Regency/Municipality, in Sulawesi Selatan Province (thousand rupiahss), 2021–2025",27,7,bd98b7c4745e
SULAWESI SELATAN,02,Kab. Bulukumba,,2025,**,47.114,,"PDRB Per Kapita Atas Dasar Harga Berlaku di Provinsi Sulawesi Selatan Menurut Kabupaten/Kota (ribu rupiah), 2021–2025","Per Capita GRDP at Current Market Prices by Regency/Municipality, in Sulawesi Selatan Province (thousand rupiahss), 2021–2025",27,7,73cbef9acda6
SULAWESI SELATAN,03,Kab. Bantaeng,,2025,**,68.614,,"PDRB Per Kapita Atas Dasar Harga Berlaku di Provinsi Sulawesi Selatan Menurut Kabupaten/Kota (ribu rupiah), 2021–2025","Per Capita GRDP at Current Market Prices by Regency/Municipality, in Sulawesi Selatan Province (thousand rupiahss), 2021–2025",27,7,5a1b4fff111d
SULAWESI SELATAN,04,Kab. Jeneponto,,2025,**,34.111,,"PDRB Per Kapita Atas Dasar Harga Berlaku di Provinsi Sulawesi Selatan Menurut Kabupaten/Kota (ribu rupiah), 2021–2025","Per Capita GRDP at Current Market Prices by Regency/Municipality, in Sulawesi Selatan Province (thousand rupiahss), 2021–2025",27,7,6c7982d742fb
SULAWESI SELATAN,05,Kab. Takalar,,2025,**,44.810,,"PDRB Per Kapita Atas Dasar Harga Berlaku di Provinsi Sulawesi Selatan Menurut Kabupaten/Kota (ribu rupiah), 2021–2025","Per Capita GRDP at Current Market Prices by Regency/Municipality, in Sulawesi Selatan Province (thousand rupiahss), 2021–2025",27,7,d481b19a7987
SULAWESI SELATAN,06,Kab. Gowa,,2025,**,41.352,,"PDRB Per Kapita Atas Dasar Harga Berlaku di Provinsi Sulawesi Selatan Menurut Kabupaten/Kota (ribu rupiah), 2021–2025","Per Capita GRDP at Current Market Prices by Regency/Municipality, in Sulawesi Selatan Province (thousand rupiahss), 2021–2025",27,7,e746863bbf39
SULAWESI SELATAN,07,Kab. Sinjai,,2025,**,64.462,,"PDRB Per Kapita Atas Dasar Harga Berlaku di Provinsi Sulawesi Selatan Menurut Kabupaten/Kota (ribu rupiah), 2021–2025","Per Capita GRDP at Current Market Prices by Regency/Municipality, in Sulawesi Selatan Province (thousand rupiahss), 2021–2025",27,7,2b9a13c6f629
SULAWESI SELATAN,08,Kab. Maros,,2025,**,71.360,,"PDRB Per Kapita Atas Dasar Harga Berlaku di Provinsi Sulawesi Selatan Menurut Kabupaten/Kota (ribu rupiah), 2021–2025","Per Capita GRDP at Current Market Prices by Regency/Municipality, in Sulawesi Selatan Province (thousand rupiahss), 2021–2025",27,7,e29f31143c1e
SULAWESI SELATAN,09,Kab. Pangkajene dan Kepulauan,,2025,**,104.696,,"PDRB Per Kapita Atas Dasar Harga Berlaku di Provinsi Sulawesi Selatan Menurut Kabupaten/Kota (ribu rupiah), 2021–2025","Per Capita GRDP at Current Market Prices by Regency/Municipality, in Sulawesi Selatan Province (thousand rupiahss), 2021–2025",27,7,0f02924db8f7
SULAWESI SELATAN,10,Kab. Barru,,2025,**,56.391,,"PDRB Per Kapita Atas Dasar Harga Berlaku di Provinsi Sulawesi Selatan Menurut Kabupaten/Kota (ribu rupiah), 2021–2025","Per Capita GRDP at Current Market Prices by Regency/Municipality, in Sulawesi Selatan Province (thousand rupiahss), 2021–2025",27,7,a73546a11ef4
SULAWESI SELATAN,11,Kab. Bone,,2025,**,64.758,,"PDRB Per Kapita Atas Dasar Harga Berlaku di Provinsi Sulawesi Selatan Menurut Kabupaten/Kota (ribu rupiah), 2021–2025","Per Capita GRDP at Current Market Prices by Regency/Municipality, in Sulawesi Selatan Province (thousand rupiahss), 2021–2025",27,7,ec2e856f7955
SULAWESI SELATAN,12,Kab. Soppeng,,2025,**,72.363,,"PDRB Per Kapita Atas Dasar Harga Berlaku di Provinsi Sulawesi Selatan Menurut Kabupaten/Kota (ribu rupiah), 2021–2025","Per Capita GRDP at Current Market Prices by Regency/Municipality, in Sulawesi Selatan Province (thousand rupiahss), 2021–2025",27,7,f7ecdb8c16a9
SULAWESI SELATAN,13,Kab. Wajo,,2025,**,73.458,,"PDRB Per Kapita Atas Dasar Harga Berlaku di Provinsi Sulawesi Selatan Menurut Kabupaten/Kota (ribu rupiah), 2021–2025","Per Capita GRDP at Current Market Prices by Regency/Municipality, in Sulawesi Selatan Province (thousand rupiahss), 2021–2025",27,7,7cdde129c9b9
SULAWESI SELATAN,14,Kab. Sidenreng Rappang,,2025,**,65.147,,"PDRB Per Kapita Atas Dasar Harga Berlaku di Provinsi Sulawesi Selatan Menurut Kabupaten/Kota (ribu rupiah), 2021–2025","Per Capita GRDP at Current Market Prices by Regency/Municipality, in Sulawesi Selatan Province (thousand rupiahss), 2021–2025",27,7,074e92633472
SULAWESI SELATAN,15,Kab. Pinrang,,2025,**,66.894,,"PDRB Per Kapita Atas Dasar Harga Berlaku di Provinsi Sulawesi Selatan Menurut Kabupaten/Kota (ribu rupiah), 2021–2025","Per Capita GRDP at Current Market Prices by Regency/Municipality, in Sulawesi Selatan Province (thousand rupiahss), 2021–2025",27,7,0ca535fb49f4
SULAWESI SELATAN,16,Kab. Enrekang,,2025,**,46.930,,"PDRB Per Kapita Atas Dasar Harga Berlaku di Provinsi Sulawesi Selatan Menurut Kabupaten/Kota (ribu rupiah), 2021–2025","Per Capita GRDP at Current Market Prices by Regency/Municipality, in Sulawesi Selatan Province (thousand rupiahss), 2021–2025",27,7,dede45395db5
SULAWESI SELATAN,17,Kab. Luwu,,2025,**,63.453,,"PDRB Per Kapita Atas Dasar Harga Berlaku di Provinsi Sulawesi Selatan Menurut Kabupaten/Kota (ribu rupiah), 2021–2025","Per Capita GRDP at Current Market Prices by Regency/Municipality, in Sulawesi Selatan Province (thousand rupiahss), 2021–2025",27,7,3cb6ccd80163
SULAWESI SELATAN,18,Kab. Tana Toraja,,2025,**,36.984,,"PDRB Per Kapita Atas Dasar Harga Berlaku di Provinsi Sulawesi Selatan Menurut Kabupaten/Kota (ribu rupiah), 2021–2025","Per Capita GRDP at Current Market Prices by Regency/Municipality, in Sulawesi Selatan Province (thousand rupiahss), 2021–2025",27,7,2e000ef233bd
SULAWESI SELATAN,22,Kab. Luwu Utara,,2025,**,64.542,,"PDRB Per Kapita Atas Dasar Harga Berlaku di Provinsi Sulawesi Selatan Menurut Kabupaten/Kota (ribu rupiah), 2021–2025","Per Capita GRDP at Current Market Prices by Regency/Municipality, in Sulawesi Selatan Province (thousand rupiahss), 2021–2025",27,7,70ea4d32e77d
SULAWESI SELATAN,25,Kab. Luwu Timur,,2025,**,99.873,,"PDRB Per Kapita Atas Dasar Harga Berlaku di Provinsi Sulawesi Selatan Menurut Kabupaten/Kota (ribu rupiah), 2021–2025","Per Capita GRDP at Current Market Prices by Regency/Municipality, in Sulawesi Selatan Province (thousand rupiahss), 2021–2025",27,7,b6b59d23b66b
SULAWESI SELATAN,26,Kab. Toraja Utara,,2025,**,50.626,,"PDRB Per Kapita Atas Dasar Harga Berlaku di Provinsi Sulawesi Selatan Menurut Kabupaten/Kota (ribu rupiah), 2021–2025","Per Capita GRDP at Current Market Prices by Regency/Municipality, in Sulawesi Selatan Province (thousand rupiahss), 2021–2025",27,7,943da96c89b1
SULAWESI SELATAN,71,Kota Makassar,,2025,**,177.335,,"PDRB Per Kapita Atas Dasar Harga Berlaku di Provinsi Sulawesi Selatan Menurut Kabupaten/Kota (ribu rupiah), 2021–2025","Per Capita GRDP at Current Market Prices by Regency/Municipality, in Sulawesi Selatan Province (thousand rupiahss), 2021–2025",27,7,e14a591c4f6b
SULAWESI SELATAN,72,Kota Parepare,,2025,**,65.017,,"PDRB Per Kapita Atas Dasar Harga Berlaku di Provinsi Sulawesi Selatan Menurut Kabupaten/Kota (ribu rupiah), 2021–2025","Per Capita GRDP at Current Market Prices by Regency/Municipality, in Sulawesi Selatan Province (thousand rupiahss), 2021–2025",27,7,55339fcfb27e
SULAWESI SELATAN,73,Kota Palopo,,2025,**,59.373,,"PDRB Per Kapita Atas Dasar Harga Berlaku di Provinsi Sulawesi Selatan Menurut Kabupaten/Kota (ribu rupiah), 2021–2025","Per Capita GRDP at Current Market Prices by Regency/Municipality, in Sulawesi Selatan Province (thousand rupiahss), 2021–2025",27,7,b301cb696a0a
SULAWESI SELATAN,,Jml Kab./Kota Total of Reg./Mun.,,2025,**,78.811,,"PDRB Per Kapita Atas Dasar Harga Berlaku di Provinsi Sulawesi Selatan Menurut Kabupaten/Kota (ribu rupiah), 2021–2025","Per Capita GRDP at Current Market Prices by Regency/Municipality, in Sulawesi Selatan Province (thousand rupiahss), 2021–2025",27,7,9ae8baf88fee
SULAWESI SELATAN,,Provinsi/Province,,2025,**,78.748,,"PDRB Per Kapita Atas Dasar Harga Berlaku di Provinsi Sulawesi Selatan Menurut Kabupaten/Kota (ribu rupiah), 2021–2025","Per Capita GRDP at Current Market Prices by Regency/Municipality, in Sulawesi Selatan Province (thousand rupiahss), 2021–2025",27,7,e6f15e4b2ac1
SULAWESI TENGGARA,01,Kab. Buton,,2025,**,45.021,,"PDRB Per Kapita Atas Dasar Harga Berlaku di Provinsi Sulawesi Tenggara Menurut Kabupaten/Kota (ribu rupiah), 2021–2025","Per Capita GRDP at Current Market Prices by Regency/Municipality, in Sulawesi Tenggara Province (thousand rupiahss), 2021–2025",28,8,be29a4831284
SULAWESI TENGGARA,02,Kab. Muna,,2025,**,43.630,,"PDRB Per Kapita Atas Dasar Harga Berlaku di Provinsi Sulawesi Tenggara Menurut Kabupaten/Kota (ribu rupiah), 2021–2025","Per Capita GRDP at Current Market Prices by Regency/Municipality, in Sulawesi Tenggara Province (thousand rupiahss), 2021–2025",28,8,75613351d6ee
SULAWESI TENGGARA,03,Kab. Konawe,,2025,**,86.436,,"PDRB Per Kapita Atas Dasar Harga Berlaku di Provinsi Sulawesi Tenggara Menurut Kabupaten/Kota (ribu rupiah), 2021–2025","Per Capita GRDP at Current Market Prices by Regency/Municipality, in Sulawesi Tenggara Province (thousand rupiahss), 2021–2025",28,8,e1538bd28623
SULAWESI TENGGARA,04,Kab. Kolaka,,2025,**,162.543,,"PDRB Per Kapita Atas Dasar Harga Berlaku di Provinsi Sulawesi Tenggara Menurut Kabupaten/Kota (ribu rupiah), 2021–2025","Per Capita GRDP at Current Market Prices by Regency/Municipality, in Sulawesi Tenggara Province (thousand rupiahss), 2021–2025",28,8,ae5ed5b7c256
SULAWESI TENGGARA,05,Kab. Konawe Selatan,,2025,**,57.453,,"PDRB Per Kapita Atas Dasar Harga Berlaku di Provinsi Sulawesi Tenggara Menurut Kabupaten/Kota (ribu rupiah), 2021–2025","Per Capita GRDP at Current Market Prices by Regency/Municipality, in Sulawesi Tenggara Province (thousand rupiahss), 2021–2025",28,8,74a22c1006c4
SULAWESI TENGGARA,06,Kab. Bombana,,2025,**,59.787,,"PDRB Per Kapita Atas Dasar Harga Berlaku di Provinsi Sulawesi Tenggara Menurut Kabupaten/Kota (ribu rupiah), 2021–2025","Per Capita GRDP at Current Market Prices by Regency/Municipality, in Sulawesi Tenggara Province (thousand rupiahss), 2021–2025",28,8,a7fd35d9e996
SULAWESI TENGGARA,07,Kab. Wakatobi,,2025,**,54.105,,"PDRB Per Kapita Atas Dasar Harga Berlaku di Provinsi Sulawesi Tenggara Menurut Kabupaten/Kota (ribu rupiah), 2021–2025","Per Capita GRDP at Current Market Prices by Regency/Municipality, in Sulawesi Tenggara Province (thousand rupiahss), 2021–2025",28,8,9c89690aa2a6
SULAWESI TENGGARA,08,Kab. Kolaka Utara,,2025,**,87.499,,"PDRB Per Kapita Atas Dasar Harga Berlaku di Provinsi Sulawesi Tenggara Menurut Kabupaten/Kota (ribu rupiah), 2021–2025","Per Capita GRDP at Current Market Prices by Regency/Municipality, in Sulawesi Tenggara Province (thousand rupiahss), 2021–2025",28,8,e16074746998
SULAWESI TENGGARA,09,Kab. Buton Utara,,2025,**,64.715,,"PDRB Per Kapita Atas Dasar Harga Berlaku di Provinsi Sulawesi Tenggara Menurut Kabupaten/Kota (ribu rupiah), 2021–2025","Per Capita GRDP at Current Market Prices by Regency/Municipality, in Sulawesi Tenggara Province (thousand rupiahss), 2021–2025",28,8,0425c45ff511
SULAWESI TENGGARA,10,Kab. Konawe Utara,,2025,**,81.765,,"PDRB Per Kapita Atas Dasar Harga Berlaku di Provinsi Sulawesi Tenggara Menurut Kabupaten/Kota (ribu rupiah), 2021–2025","Per Capita GRDP at Current Market Prices by Regency/Municipality, in Sulawesi Tenggara Province (thousand rupiahss), 2021–2025",28,8,2adacfe54530
SULAWESI TENGGARA,11,Kab. Kolaka Timur,,2025,**,50.590,,"PDRB Per Kapita Atas Dasar Harga Berlaku di Provinsi Sulawesi Tenggara Menurut Kabupaten/Kota (ribu rupiah), 2021–2025","Per Capita GRDP at Current Market Prices by Regency/Municipality, in Sulawesi Tenggara Province (thousand rupiahss), 2021–2025",28,8,c30e847c8dd0
SULAWESI TENGGARA,12,Kab. Konawe Kepulauan,,2025,**,53.970,,"PDRB Per Kapita Atas Dasar Harga Berlaku di Provinsi Sulawesi Tenggara Menurut Kabupaten/Kota (ribu rupiah), 2021–2025","Per Capita GRDP at Current Market Prices by Regency/Municipality, in Sulawesi Tenggara Province (thousand rupiahss), 2021–2025",28,8,24e446ea1af4
SULAWESI TENGGARA,13,Kab. Muna Barat,,2025,**,40.657,,"PDRB Per Kapita Atas Dasar Harga Berlaku di Provinsi Sulawesi Tenggara Menurut Kabupaten/Kota (ribu rupiah), 2021–2025","Per Capita GRDP at Current Market Prices by Regency/Municipality, in Sulawesi Tenggara Province (thousand rupiahss), 2021–2025",28,8,d580183eee5c
SULAWESI TENGGARA,14,Kab. Buton Tengah,,2025,**,27.739,,"PDRB Per Kapita Atas Dasar Harga Berlaku di Provinsi Sulawesi Tenggara Menurut Kabupaten/Kota (ribu rupiah), 2021–2025","Per Capita GRDP at Current Market Prices by Regency/Municipality, in Sulawesi Tenggara Province (thousand rupiahss), 2021–2025",28,8,d30075cc176d
SULAWESI TENGGARA,15,Kab. Buton Selatan,,2025,**,39.990,,"PDRB Per Kapita Atas Dasar Harga Berlaku di Provinsi Sulawesi Tenggara Menurut Kabupaten/Kota (ribu rupiah), 2021–2025","Per Capita GRDP at Current Market Prices by Regency/Municipality, in Sulawesi Tenggara Province (thousand rupiahss), 2021–2025",28,8,1084547da4aa
SULAWESI TENGGARA,71,Kota Kendari,,2025,**,85.161,,"PDRB Per Kapita Atas Dasar Harga Berlaku di Provinsi Sulawesi Tenggara Menurut Kabupaten/Kota (ribu rupiah), 2021–2025","Per Capita GRDP at Current Market Prices by Regency/Municipality, in Sulawesi Tenggara Province (thousand rupiahss), 2021–2025",28,8,66ced1f0dd00
SULAWESI TENGGARA,72,Kota Baubau,,2025,**,75.897,,"PDRB Per Kapita Atas Dasar Harga Berlaku di Provinsi Sulawesi Tenggara Menurut Kabupaten/Kota (ribu rupiah), 2021–2025","Per Capita GRDP at Current Market Prices by Regency/Municipality, in Sulawesi Tenggara Province (thousand rupiahss), 2021–2025",28,8,bd66388f3550
SULAWESI TENGGARA,,Jml Kab./Kota Total of Reg./Mun.,,2025,**,72.333,,"PDRB Per Kapita Atas Dasar Harga Berlaku di Provinsi Sulawesi Tenggara Menurut Kabupaten/Kota (ribu rupiah), 2021–2025","Per Capita GRDP at Current Market Prices by Regency/Municipality, in Sulawesi Tenggara Province (thousand rupiahss), 2021–2025",28,8,ab5fabf875f1
SULAWESI TENGGARA,,Provinsi/Province,,2025,**,72.031,,"PDRB Per Kapita Atas Dasar Harga Berlaku di Provinsi Sulawesi Tenggara Menurut Kabupaten/Kota (ribu rupiah), 2021–2025","Per Capita GRDP at Current Market Prices by Regency/Municipality, in Sulawesi Tenggara Province (thousand rupiahss), 2021–2025",28,8,7b96fbd2f7b1
GORONTALO,01,Kab. Boalemo,,2025,**,48.364,,"PDRB Per Kapita Atas Dasar Harga Berlaku di Provinsi Gorontalo Menurut Kabupaten/Kota (ribu rupiah), 2021–2025","Per Capita GRDP at Current Market Prices by Regency/Municipality, in Gorontalo Province (thousand rupiahss), 2021–2025",29,9,039126d475a7
GORONTALO,02,Kab. Gorontalo,,2025,**,44.738,,"PDRB Per Kapita Atas Dasar Harga Berlaku di Provinsi Gorontalo Menurut Kabupaten/Kota (ribu rupiah), 2021–2025","Per Capita GRDP at Current Market Prices by Regency/Municipality, in Gorontalo Province (thousand rupiahss), 2021–2025",29,9,810c3b0cfc47
GORONTALO,03,Kab. Pohuwato,,2025,**,61.035,,"PDRB Per Kapita Atas Dasar Harga Berlaku di Provinsi Gorontalo Menurut Kabupaten/Kota (ribu rupiah), 2021–2025","Per Capita GRDP at Current Market Prices by Regency/Municipality, in Gorontalo Province (thousand rupiahss), 2021–2025",29,9,68b0b5bc5ac4
GORONTALO,04,Kab. Bone Bolango,,2025,**,37.567,,"PDRB Per Kapita Atas Dasar Harga Berlaku di Provinsi Gorontalo Menurut Kabupaten/Kota (ribu rupiah), 2021–2025","Per Capita GRDP at Current Market Prices by Regency/Municipality, in Gorontalo Province (thousand rupiahss), 2021–2025",29,9,b5a244df73dc
GORONTALO,05,Kab. Gorontalo Utara,,2025,**,35.474,,"PDRB Per Kapita Atas Dasar Harga Berlaku di Provinsi Gorontalo Menurut Kabupaten/Kota (ribu rupiah), 2021–2025","Per Capita GRDP at Current Market Prices by Regency/Municipality, in Gorontalo Province (thousand rupiahss), 2021–2025",29,9,8b5ff761bd39
GORONTALO,71,Kota Gorontalo,,2025,**,57.693,,"PDRB Per Kapita Atas Dasar Harga Berlaku di Provinsi Gorontalo Menurut Kabupaten/Kota (ribu rupiah), 2021–2025","Per Capita GRDP at Current Market Prices by Regency/Municipality, in Gorontalo Province (thousand rupiahss), 2021–2025",29,9,4f787c30348f
GORONTALO,,Jml Kab./Kota Total of Reg./Mun.,,2025,**,47.422,,"PDRB Per Kapita Atas Dasar Harga Berlaku di Provinsi Gorontalo Menurut Kabupaten/Kota (ribu rupiah), 2021–2025","Per Capita GRDP at Current Market Prices by Regency/Municipality, in Gorontalo Province (thousand rupiahss), 2021–2025",29,9,284b2d974c82
GORONTALO,,Provinsi/Province,,2025,**,47.477,,"PDRB Per Kapita Atas Dasar Harga Berlaku di Provinsi Gorontalo Menurut Kabupaten/Kota (ribu rupiah), 2021–2025","Per Capita GRDP at Current Market Prices by Regency/Municipality, in Gorontalo Province (thousand rupiahss), 2021–2025",29,9,7a73cbf81a66
SULAWESI BARAT,01,Kab. Majene,,2025,**,37.831,,"PDRB Per Kapita Atas Dasar Harga Berlaku di Provinsi Sulawesi Barat Menurut Kabupaten/Kota (ribu rupiah), 2021–2025","Per Capita GRDP at Current Market Prices by Regency/Municipality, in Sulawesi Barat Province (thousand rupiahss), 2021–2025",30,10,e0a69ec6df47
SULAWESI BARAT,02,Kab. Polewali Mandar,,2025,**,38.064,,"PDRB Per Kapita Atas Dasar Harga Berlaku di Provinsi Sulawesi Barat Menurut Kabupaten/Kota (ribu rupiah), 2021–2025","Per Capita GRDP at Current Market Prices by Regency/Municipality, in Sulawesi Barat Province (thousand rupiahss), 2021–2025",30,10,14357e7a1611
SULAWESI BARAT,03,Kab. Mamasa,,2025,**,23.302,,"PDRB Per Kapita Atas Dasar Harga Berlaku di Provinsi Sulawesi Barat Menurut Kabupaten/Kota (ribu rupiah), 2021–2025","Per Capita GRDP at Current Market Prices by Regency/Municipality, in Sulawesi Barat Province (thousand rupiahss), 2021–2025",30,10,15294bc3b995
SULAWESI BARAT,04,Kab. Mamuju,,2025,**,58.093,,"PDRB Per Kapita Atas Dasar Harga Berlaku di Provinsi Sulawesi Barat Menurut Kabupaten/Kota (ribu rupiah), 2021–2025","Per Capita GRDP at Current Market Prices by Regency/Municipality, in Sulawesi Barat Province (thousand rupiahss), 2021–2025",30,10,5b0d184b203d
SULAWESI BARAT,05,Kab. Pasang Kayu,,2025,**,89.158,,"PDRB Per Kapita Atas Dasar Harga Berlaku di Provinsi Sulawesi Barat Menurut Kabupaten/Kota (ribu rupiah), 2021–2025","Per Capita GRDP at Current Market Prices by Regency/Municipality, in Sulawesi Barat Province (thousand rupiahss), 2021–2025",30,10,515497394275
SULAWESI BARAT,06,Kab. Mamuju Tengah,,2025,**,35.120,,"PDRB Per Kapita Atas Dasar Harga Berlaku di Provinsi Sulawesi Barat Menurut Kabupaten/Kota (ribu rupiah), 2021–2025","Per Capita GRDP at Current Market Prices by Regency/Municipality, in Sulawesi Barat Province (thousand rupiahss), 2021–2025",30,10,be86f87df3f7
SULAWESI BARAT,,Jml Kab./Kota Total of Reg./Mun.,,2025,**,51.971,,"PDRB Per Kapita Atas Dasar Harga Berlaku di Provinsi Sulawesi Barat Menurut Kabupaten/Kota (ribu rupiah), 2021–2025","Per Capita GRDP at Current Market Prices by Regency/Municipality, in Sulawesi Barat Province (thousand rupiahss), 2021–2025",30,10,ff6d1c0052af
SULAWESI BARAT,,Provinsi/Province,,2025,**,46.654,,"PDRB Per Kapita Atas Dasar Harga Berlaku di Provinsi Sulawesi Barat Menurut Kabupaten/Kota (ribu rupiah), 2021–2025","Per Capita GRDP at Current Market Prices by Regency/Municipality, in Sulawesi Barat Province (thousand rupiahss), 2021–2025",30,10,a1414c2d5e93
MALUKU,01,Kab. Kepulauan Tanimbar,,2021,,22.951,,"PDRB Per Kapita Atas Dasar Harga Berlaku di Provinsi Maluku Menurut Kabupaten/Kota (ribu rupiah), 2021–2025","Per Capita GRDP at Current Market Prices by Regency/Municipality, in Maluku Province (thousand rupiahss), 2021–2025",31,1,55913820ea5e
MALUKU,02,Kab. Maluku Tenggara,,2021,,28.022,,"PDRB Per Kapita Atas Dasar Harga Berlaku di Provinsi Maluku Menurut Kabupaten/Kota (ribu rupiah), 2021–2025","Per Capita GRDP at Current Market Prices by Regency/Municipality, in Maluku Province (thousand rupiahss), 2021–2025",31,1,ef455f744e3a
MALUKU,03,Kab. Maluku Tengah,,2021,,21.350,,"PDRB Per Kapita Atas Dasar Harga Berlaku di Provinsi Maluku Menurut Kabupaten/Kota (ribu rupiah), 2021–2025","Per Capita GRDP at Current Market Prices by Regency/Municipality, in Maluku Province (thousand rupiahss), 2021–2025",31,1,92af68211b4c
MALUKU,04,Kab. Buru,,2021,,18.474,,"PDRB Per Kapita Atas Dasar Harga Berlaku di Provinsi Maluku Menurut Kabupaten/Kota (ribu rupiah), 2021–2025","Per Capita GRDP at Current Market Prices by Regency/Municipality, in Maluku Province (thousand rupiahss), 2021–2025",31,1,5c90c8be3a00
MALUKU,05,Kab. Kepulauan Aru,,2021,,35.360,,"PDRB Per Kapita Atas Dasar Harga Berlaku di Provinsi Maluku Menurut Kabupaten/Kota (ribu rupiah), 2021–2025","Per Capita GRDP at Current Market Prices by Regency/Municipality, in Maluku Province (thousand rupiahss), 2021–2025",31,1,93446214d1a5
MALUKU,06,Kab. Seram Bagian Barat,,2021,,14.742,,"PDRB Per Kapita Atas Dasar Harga Berlaku di Provinsi Maluku Menurut Kabupaten/Kota (ribu rupiah), 2021–2025","Per Capita GRDP at Current Market Prices by Regency/Municipality, in Maluku Province (thousand rupiahss), 2021–2025",31,1,08c50ab6a5f9
MALUKU,07,Kab. Seram Bagian Timur,,2021,,22.669,,"PDRB Per Kapita Atas Dasar Harga Berlaku di Provinsi Maluku Menurut Kabupaten/Kota (ribu rupiah), 2021–2025","Per Capita GRDP at Current Market Prices by Regency/Municipality, in Maluku Province (thousand rupiahss), 2021–2025",31,1,b47ece4e0d7a
MALUKU,08,Kab. Maluku Barat Daya,,2021,,23.960,,"PDRB Per Kapita Atas Dasar Harga Berlaku di Provinsi Maluku Menurut Kabupaten/Kota (ribu rupiah), 2021–2025","Per Capita GRDP at Current Market Prices by Regency/Municipality, in Maluku Province (thousand rupiahss), 2021–2025",31,1,b632b1812952
MALUKU,09,Kab. Buru Selatan,,2021,,19.431,,"PDRB Per Kapita Atas Dasar Harga Berlaku di Provinsi Maluku Menurut Kabupaten/Kota (ribu rupiah), 2021–2025","Per Capita GRDP at Current Market Prices by Regency/Municipality, in Maluku Province (thousand rupiahss), 2021–2025",31,1,406624e51b5f
MALUKU,71,Kota Ambon,,2021,,44.406,,"PDRB Per Kapita Atas Dasar Harga Berlaku di Provinsi Maluku Menurut Kabupaten/Kota (ribu rupiah), 2021–2025","Per Capita GRDP at Current Market Prices by Regency/Municipality, in Maluku Province (thousand rupiahss), 2021–2025",31,1,0ba66cdc26c8
MALUKU,72,Kota Tual,,2021,,29.401,,"PDRB Per Kapita Atas Dasar Harga Berlaku di Provinsi Maluku Menurut Kabupaten/Kota (ribu rupiah), 2021–2025","Per Capita GRDP at Current Market Prices by Regency/Municipality, in Maluku Province (thousand rupiahss), 2021–2025",31,1,555054d55865
MALUKU,,Jml Kab./Kota Total of Reg./Mun.,,2021,,26.546,,"PDRB Per Kapita Atas Dasar Harga Berlaku di Provinsi Maluku Menurut Kabupaten/Kota (ribu rupiah), 2021–2025","Per Capita GRDP at Current Market Prices by Regency/Municipality, in Maluku Province (thousand rupiahss), 2021–2025",31,1,be4e1750b483
MALUKU,,Provinsi/Province,,2021,,26.153,,"PDRB Per Kapita Atas Dasar Harga Berlaku di Provinsi Maluku Menurut Kabupaten/Kota (ribu rupiah), 2021–2025","Per Capita GRDP at Current Market Prices by Regency/Municipality, in Maluku Province (thousand rupiahss), 2021–2025",31,1,e12549c7d0b9
MALUKU UTARA,01,Kab. Halmahera Barat,,2021,,17.556,,"PDRB Per Kapita Atas Dasar Harga Berlaku di Provinsi Maluku Utara Menurut Kabupaten/Kota (ribu rupiah), 2021–2025","Per Capita GRDP at Current Market Prices by Regency/Municipality, in Maluku Utara Province (thousand rupiahss), 2021–2025",32,2,f092a9c4a5f7
MALUKU UTARA,02,Kab. Halmahera Tengah,,2021,,166.922,,"PDRB Per Kapita Atas Dasar Harga Berlaku di Provinsi Maluku Utara Menurut Kabupaten/Kota (ribu rupiah), 2021–2025","Per Capita GRDP at Current Market Prices by Regency/Municipality, in Maluku Utara Province (thousand rupiahss), 2021–2025",32,2,ac82ed3f93b3
MALUKU UTARA,03,Kab. Kepulauan Sula,,2021,,24.678,,"PDRB Per Kapita Atas Dasar Harga Berlaku di Provinsi Maluku Utara Menurut Kabupaten/Kota (ribu rupiah), 2021–2025","Per Capita GRDP at Current Market Prices by Regency/Municipality, in Maluku Utara Province (thousand rupiahss), 2021–2025",32,2,1d5cdf472a77
MALUKU UTARA,04,Kab. Halmahera Selatan,,2021,,43.312,,"PDRB Per Kapita Atas Dasar Harga Berlaku di Provinsi Maluku Utara Menurut Kabupaten/Kota (ribu rupiah), 2021–2025","Per Capita GRDP at Current Market Prices by Regency/Municipality, in Maluku Utara Province (thousand rupiahss), 2021–2025",32,2,3a4c921974a0
MALUKU UTARA,05,Kab. Halmahera Utara,,2021,,30.033,,"PDRB Per Kapita Atas Dasar Harga Berlaku di Provinsi Maluku Utara Menurut Kabupaten/Kota (ribu rupiah), 2021–2025","Per Capita GRDP at Current Market Prices by Regency/Municipality, in Maluku Utara Province (thousand rupiahss), 2021–2025",32,2,fa764029a5f3
MALUKU UTARA,06,Kab. Halmahera Timur,,2021,,42.187,,"PDRB Per Kapita Atas Dasar Harga Berlaku di Provinsi Maluku Utara Menurut Kabupaten/Kota (ribu rupiah), 2021–2025","Per Capita GRDP at Current Market Prices by Regency/Municipality, in Maluku Utara Province (thousand rupiahss), 2021–2025",32,2,b112d3c7a619
MALUKU UTARA,07,Kab. Pulau Morotai,,2021,,21.716,,"PDRB Per Kapita Atas Dasar Harga Berlaku di Provinsi Maluku Utara Menurut Kabupaten/Kota (ribu rupiah), 2021–2025","Per Capita GRDP at Current Market Prices by Regency/Municipality, in Maluku Utara Province (thousand rupiahss), 2021–2025",32,2,db5961c6f0e3
MALUKU UTARA,08,Kab. Pulau Taliabu,,2021,,29.215,,"PDRB Per Kapita Atas Dasar Harga Berlaku di Provinsi Maluku Utara Menurut Kabupaten/Kota (ribu rupiah), 2021–2025","Per Capita GRDP at Current Market Prices by Regency/Municipality, in Maluku Utara Province (thousand rupiahss), 2021–2025",32,2,080f7fd4bcd2
MALUKU UTARA,71,Kota Ternate,,2021,,52.960,,"PDRB Per Kapita Atas Dasar Harga Berlaku di Provinsi Maluku Utara Menurut Kabupaten/Kota (ribu rupiah), 2021–2025","Per Capita GRDP at Current Market Prices by Regency/Municipality, in Maluku Utara Province (thousand rupiahss), 2021–2025",32,2,8897354541fd
MALUKU UTARA,72,Kota Tidore Kepulauan,,2021,,26.144,,"PDRB Per Kapita Atas Dasar Harga Berlaku di Provinsi Maluku Utara Menurut Kabupaten/Kota (ribu rupiah), 2021–2025","Per Capita GRDP at Current Market Prices by Regency/Municipality, in Maluku Utara Province (thousand rupiahss), 2021–2025",32,2,b3cd2bf02601
MALUKU UTARA,,Jml Kab./Kota Total of Reg./Mun.,,2021,,40.650,,"PDRB Per Kapita Atas Dasar Harga Berlaku di Provinsi Maluku Utara Menurut Kabupaten/Kota (ribu rupiah), 2021–2025","Per Capita GRDP at Current Market Prices by Regency/Municipality, in Maluku Utara Province (thousand rupiahss), 2021–2025",32,2,52503b817b3d
MALUKU UTARA,,Provinsi/Province,,2021,,40.381,,"PDRB Per Kapita Atas Dasar Harga Berlaku di Provinsi Maluku Utara Menurut Kabupaten/Kota (ribu rupiah), 2021–2025","Per Capita GRDP at Current Market Prices by Regency/Municipality, in Maluku Utara Province (thousand rupiahss), 2021–2025",32,2,5a15af59f49c
PAPUA BARAT,01,Kab. Fak-Fak,,2021,,61.904,,"PDRB Per Kapita Atas Dasar Harga Berlaku di Provinsi Papua Barat Menurut Kabupaten/Kota (ribu rupiah), 2021–2025","Per Capita GRDP at Current Market Prices by Regency/Municipality, in Papua Barat Province (thousand rupiahss), 2021–2025",33,3,63fa6a0fbccc
PAPUA BARAT,02,Kab. Kaimana,,2021,,42.316,,"PDRB Per Kapita Atas Dasar Harga Berlaku di Provinsi Papua Barat Menurut Kabupaten/Kota (ribu rupiah), 2021–2025","Per Capita GRDP at Current Market Prices by Regency/Municipality, in Papua Barat Province (thousand rupiahss), 2021–2025",33,3,aea1bf6c7bda
PAPUA BARAT,03,Kab. Teluk Wondama,,2021,,36.731,,"PDRB Per Kapita Atas Dasar Harga Berlaku di Provinsi Papua Barat Menurut Kabupaten/Kota (ribu rupiah), 2021–2025","Per Capita GRDP at Current Market Prices by Regency/Municipality, in Papua Barat Province (thousand rupiahss), 2021–2025",33,3,9e5b263e0d77
PAPUA BARAT,04,Kab. Teluk Bintuni,,2021,,356.172,,"PDRB Per Kapita Atas Dasar Harga Berlaku di Provinsi Papua Barat Menurut Kabupaten/Kota (ribu rupiah), 2021–2025","Per Capita GRDP at Current Market Prices by Regency/Municipality, in Papua Barat Province (thousand rupiahss), 2021–2025",33,3,19013a44e99e
PAPUA BARAT,05,Kab. Manokwari,,2021,,50.311,,"PDRB Per Kapita Atas Dasar Harga Berlaku di Provinsi Papua Barat Menurut Kabupaten/Kota (ribu rupiah), 2021–2025","Per Capita GRDP at Current Market Prices by Regency/Municipality, in Papua Barat Province (thousand rupiahss), 2021–2025",33,3,0b027f7a2f6a
PAPUA BARAT,06,Kab. Sorong Selatan,,2021,,36.903,,"PDRB Per Kapita Atas Dasar Harga Berlaku di Provinsi Papua Barat Menurut Kabupaten/Kota (ribu rupiah), 2021–2025","Per Capita GRDP at Current Market Prices by Regency/Municipality, in Papua Barat Province (thousand rupiahss), 2021–2025",33,3,80d38e69356a
PAPUA BARAT,07,Kab. Sorong,,2021,,93.896,,"PDRB Per Kapita Atas Dasar Harga Berlaku di Provinsi Papua Barat Menurut Kabupaten/Kota (ribu rupiah), 2021–2025","Per Capita GRDP at Current Market Prices by Regency/Municipality, in Papua Barat Province (thousand rupiahss), 2021–2025",33,3,6649272900d7
PAPUA BARAT,08,Kab. Raja Ampat,,2021,,52.575,,"PDRB Per Kapita Atas Dasar Harga Berlaku di Provinsi Papua Barat Menurut Kabupaten/Kota (ribu rupiah), 2021–2025","Per Capita GRDP at Current Market Prices by Regency/Municipality, in Papua Barat Province (thousand rupiahss), 2021–2025",33,3,6fed9016513b
PAPUA BARAT,09,Kab. Tambrauw,,2021,,8.393,,"PDRB Per Kapita Atas Dasar Harga Berlaku di Provinsi Papua Barat Menurut Kabupaten/Kota (ribu rupiah), 2021–2025","Per Capita GRDP at Current Market Prices by Regency/Municipality, in Papua Barat Province (thousand rupiahss), 2021–2025",33,3,a4da4e506924
PAPUA BARAT,10,Kab. Maybrat,,2021,,17.135,,"PDRB Per Kapita Atas Dasar Harga Berlaku di Provinsi Papua Barat Menurut Kabupaten/Kota (ribu rupiah), 2021–2025","Per Capita GRDP at Current Market Prices by Regency/Municipality, in Papua Barat Province (thousand rupiahss), 2021–2025",33,3,89e8a4292639
PAPUA BARAT,11,Kab. Manokwari Selatan,,2021,,23.540,,"PDRB Per Kapita Atas Dasar Harga Berlaku di Provinsi Papua Barat Menurut Kabupaten/Kota (ribu rupiah), 2021–2025","Per Capita GRDP at Current Market Prices by Regency/Municipality, in Papua Barat Province (thousand rupiahss), 2021–2025",33,3,f4664081582b
PAPUA BARAT,12,Kab. Pegunungan Arfak,,2021,,6.236,,"PDRB Per Kapita Atas Dasar Harga Berlaku di Provinsi Papua Barat Menurut Kabupaten/Kota (ribu rupiah), 2021–2025","Per Capita GRDP at Current Market Prices by Regency/Municipality, in Papua Barat Province (thousand rupiahss), 2021–2025",33,3,a8ddd2f1746b
PAPUA BARAT,71,Kota Sorong,,2021,,54.288,,"PDRB Per Kapita Atas Dasar Harga Berlaku di Provinsi Papua Barat Menurut Kabupaten/Kota (ribu rupiah), 2021–2025","Per Capita GRDP at Current Market Prices by Regency/Municipality, in Papua Barat Province (thousand rupiahss), 2021–2025",33,3,38b0847c3939
PAPUA BARAT,,Jml Kab./Kota Total of Reg./Mun.,,2021,,74.056,,"PDRB Per Kapita Atas Dasar Harga Berlaku di Provinsi Papua Barat Menurut Kabupaten/Kota (ribu rupiah), 2021–2025","Per Capita GRDP at Current Market Prices by Regency/Municipality, in Papua Barat Province (thousand rupiahss), 2021–2025",33,3,f52cffe64f2f
PAPUA BARAT,,Provinsi/Province,,2021,,74.022,,"PDRB Per Kapita Atas Dasar Harga Berlaku di Provinsi Papua Barat Menurut Kabupaten/Kota (ribu rupiah), 2021–2025","Per Capita GRDP at Current Market Prices by Regency/Municipality, in Papua Barat Province (thousand rupiahss), 2021–2025",33,3,f1f77cc55b4f
PAPUA BARAT DAYA,01,Kab. Raja Ampat,,2021,,–,,"PDRB Per Kapita Atas Dasar Harga Berlaku di Provinsi Papua Barat Daya Menurut Kabupaten/Kota (ribu rupiah), 2021–2025","Per Capita GRDP at Current Market Prices by Regency/Municipality, in Papua Barat Daya Province (thousand rupiahss), 2021–2025",34,4,8a9227483407
PAPUA BARAT DAYA,02,Kab. Sorong,,2021,,–,,"PDRB Per Kapita Atas Dasar Harga Berlaku di Provinsi Papua Barat Daya Menurut Kabupaten/Kota (ribu rupiah), 2021–2025","Per Capita GRDP at Current Market Prices by Regency/Municipality, in Papua Barat Daya Province (thousand rupiahss), 2021–2025",34,4,160c9aa28d63
PAPUA BARAT DAYA,03,Kab. Sorong Selatan,,2021,,–,,"PDRB Per Kapita Atas Dasar Harga Berlaku di Provinsi Papua Barat Daya Menurut Kabupaten/Kota (ribu rupiah), 2021–2025","Per Capita GRDP at Current Market Prices by Regency/Municipality, in Papua Barat Daya Province (thousand rupiahss), 2021–2025",34,4,2d5dcea5f3eb
PAPUA BARAT DAYA,04,Kab. Maybrat,,2021,,–,,"PDRB Per Kapita Atas Dasar Harga Berlaku di Provinsi Papua Barat Daya Menurut Kabupaten/Kota (ribu rupiah), 2021–2025","Per Capita GRDP at Current Market Prices by Regency/Municipality, in Papua Barat Daya Province (thousand rupiahss), 2021–2025",34,4,e3b33f7ba959
PAPUA BARAT DAYA,05,Kab. Tambrauw,,2021,,–,,"PDRB Per Kapita Atas Dasar Harga Berlaku di Provinsi Papua Barat Daya Menurut Kabupaten/Kota (ribu rupiah), 2021–2025","Per Capita GRDP at Current Market Prices by Regency/Municipality, in Papua Barat Daya Province (thousand rupiahss), 2021–2025",34,4,f46a63bc6794
PAPUA BARAT DAYA,71,Kota Sorong,,2021,,–,,"PDRB Per Kapita Atas Dasar Harga Berlaku di Provinsi Papua Barat Daya Menurut Kabupaten/Kota (ribu rupiah), 2021–2025","Per Capita GRDP at Current Market Prices by Regency/Municipality, in Papua Barat Daya Province (thousand rupiahss), 2021–2025",34,4,ca142e5ca41d
PAPUA BARAT DAYA,,Jml Kab./Kota Total of Reg./Mun.,,2021,,–,,"PDRB Per Kapita Atas Dasar Harga Berlaku di Provinsi Papua Barat Daya Menurut Kabupaten/Kota (ribu rupiah), 2021–2025","Per Capita GRDP at Current Market Prices by Regency/Municipality, in Papua Barat Daya Province (thousand rupiahss), 2021–2025",34,4,2a452c3e047f
PAPUA BARAT DAYA,,Provinsi/Province,,2021,,–,,"PDRB Per Kapita Atas Dasar Harga Berlaku di Provinsi Papua Barat Daya Menurut Kabupaten/Kota (ribu rupiah), 2021–2025","Per Capita GRDP at Current Market Prices by Regency/Municipality, in Papua Barat Daya Province (thousand rupiahss), 2021–2025",34,4,f1848915a595
PAPUA,01,Kab. Merauke,,2021,,70.507,,"PDRB Per Kapita Atas Dasar Harga Berlaku di Provinsi Papua Menurut Kabupaten/Kota (ribu rupiah), 2021–2025","Per Capita GRDP at Current Market Prices by Regency/Municipality, in Papua Province (thousand rupiahss), 2021–2025",35,5,58cc7aa6c871
PAPUA,02,Kab. Jayawijaya,,2021,,31.017,,"PDRB Per Kapita Atas Dasar Harga Berlaku di Provinsi Papua Menurut Kabupaten/Kota (ribu rupiah), 2021–2025","Per Capita GRDP at Current Market Prices by Regency/Municipality, in Papua Province (thousand rupiahss), 2021–2025",35,5,2e7854cc6661
PAPUA,03,Kab. Jayapura,,2021,,101.346,,"PDRB Per Kapita Atas Dasar Harga Berlaku di Provinsi Papua Menurut Kabupaten/Kota (ribu rupiah), 2021–2025","Per Capita GRDP at Current Market Prices by Regency/Municipality, in Papua Province (thousand rupiahss), 2021–2025",35,5,eca8822dbe71
PAPUA,04,Kab. Nabire,,2021,,70.002,,"PDRB Per Kapita Atas Dasar Harga Berlaku di Provinsi Papua Menurut Kabupaten/Kota (ribu rupiah), 2021–2025","Per Capita GRDP at Current Market Prices by Regency/Municipality, in Papua Province (thousand rupiahss), 2021–2025",35,5,56bfa74fb130
PAPUA,08,Kab. Kepulauan Yapen,,2021,,38.810,,"PDRB Per Kapita Atas Dasar Harga Berlaku di Provinsi Papua Menurut Kabupaten/Kota (ribu rupiah), 2021–2025","Per Capita GRDP at Current Market Prices by Regency/Municipality, in Papua Province (thousand rupiahss), 2021–2025",35,5,b8974595462e
PAPUA,09,Kab. Biak Numfor,,2021,,40.463,,"PDRB Per Kapita Atas Dasar Harga Berlaku di Provinsi Papua Menurut Kabupaten/Kota (ribu rupiah), 2021–2025","Per Capita GRDP at Current Market Prices by Regency/Municipality, in Papua Province (thousand rupiahss), 2021–2025",35,5,b756f04df6f4
PAPUA,10,Kab. Paniai,,2021,,19.794,,"PDRB Per Kapita Atas Dasar Harga Berlaku di Provinsi Papua Menurut Kabupaten/Kota (ribu rupiah), 2021–2025","Per Capita GRDP at Current Market Prices by Regency/Municipality, in Papua Province (thousand rupiahss), 2021–2025",35,5,6df69602c2c1
PAPUA,11,Kab. Puncak Jaya,,2021,,6.189,,"PDRB Per Kapita Atas Dasar Harga Berlaku di Provinsi Papua Menurut Kabupaten/Kota (ribu rupiah), 2021–2025","Per Capita GRDP at Current Market Prices by Regency/Municipality, in Papua Province (thousand rupiahss), 2021–2025",35,5,e23f5b853204
PAPUA,12,Kab. Mimika,,2021,,301.800,,"PDRB Per Kapita Atas Dasar Harga Berlaku di Provinsi Papua Menurut Kabupaten/Kota (ribu rupiah), 2021–2025","Per Capita GRDP at Current Market Prices by Regency/Municipality, in Papua Province (thousand rupiahss), 2021–2025",35,5,fd65e6fd8633
PAPUA,13,Kab. Boven Digoel,,2021,,75.750,,"PDRB Per Kapita Atas Dasar Harga Berlaku di Provinsi Papua Menurut Kabupaten/Kota (ribu rupiah), 2021–2025","Per Capita GRDP at Current Market Prices by Regency/Municipality, in Papua Province (thousand rupiahss), 2021–2025",35,5,72724746c7c0
PAPUA,14,Kab. Mappi,,2021,,28.372,,"PDRB Per Kapita Atas Dasar Harga Berlaku di Provinsi Papua Menurut Kabupaten/Kota (ribu rupiah), 2021–2025","Per Capita GRDP at Current Market Prices by Regency/Municipality, in Papua Province (thousand rupiahss), 2021–2025",35,5,013b7adf073e
PAPUA,15,Kab. Asmat,,2021,,24.147,,"PDRB Per Kapita Atas Dasar Harga Berlaku di Provinsi Papua Menurut Kabupaten/Kota (ribu rupiah), 2021–2025","Per Capita GRDP at Current Market Prices by Regency/Municipality, in Papua Province (thousand rupiahss), 2021–2025",35,5,25a75b641674
PAPUA,16,Kab. Yahukimo,,2021,,7.361,,"PDRB Per Kapita Atas Dasar Harga Berlaku di Provinsi Papua Menurut Kabupaten/Kota (ribu rupiah), 2021–2025","Per Capita GRDP at Current Market Prices by Regency/Municipality, in Papua Province (thousand rupiahss), 2021–2025",35,5,b99ed5345d27
PAPUA,17,Kab. Pegunungan Bintang,,2021,,26.311,,"PDRB Per Kapita Atas Dasar Harga Berlaku di Provinsi Papua Menurut Kabupaten/Kota (ribu rupiah), 2021–2025","Per Capita GRDP at Current Market Prices by Regency/Municipality, in Papua Province (thousand rupiahss), 2021–2025",35,5,0e95d5618400
PAPUA,18,Kab. Tolikara,,2021,,7.165,,"PDRB Per Kapita Atas Dasar Harga Berlaku di Provinsi Papua Menurut Kabupaten/Kota (ribu rupiah), 2021–2025","Per Capita GRDP at Current Market Prices by Regency/Municipality, in Papua Province (thousand rupiahss), 2021–2025",35,5,6c07c031de21
PAPUA,19,Kab. Sarmi,,2021,,74.203,,"PDRB Per Kapita Atas Dasar Harga Berlaku di Provinsi Papua Menurut Kabupaten/Kota (ribu rupiah), 2021–2025","Per Capita GRDP at Current Market Prices by Regency/Municipality, in Papua Province (thousand rupiahss), 2021–2025",35,5,145d5651c33b
PAPUA,20,Kab. Keerom,,2021,,49.227,,"PDRB Per Kapita Atas Dasar Harga Berlaku di Provinsi Papua Menurut Kabupaten/Kota (ribu rupiah), 2021–2025","Per Capita GRDP at Current Market Prices by Regency/Municipality, in Papua Province (thousand rupiahss), 2021–2025",35,5,d3d80da929b7
PAPUA,26,Kab. Waropen,,2021,,61.602,,"PDRB Per Kapita Atas Dasar Harga Berlaku di Provinsi Papua Menurut Kabupaten/Kota (ribu rupiah), 2021–2025","Per Capita GRDP at Current Market Prices by Regency/Municipality, in Papua Province (thousand rupiahss), 2021–2025",35,5,98eb7dadfc32
PAPUA,27,Kab. Supiori,,2021,,47.426,,"PDRB Per Kapita Atas Dasar Harga Berlaku di Provinsi Papua Menurut Kabupaten/Kota (ribu rupiah), 2021–2025","Per Capita GRDP at Current Market Prices by Regency/Municipality, in Papua Province (thousand rupiahss), 2021–2025",35,5,4959257a745a
PAPUA,28,Kab. Mamberamo Raya,,2021,,49.231,,"PDRB Per Kapita Atas Dasar Harga Berlaku di Provinsi Papua Menurut Kabupaten/Kota (ribu rupiah), 2021–2025","Per Capita GRDP at Current Market Prices by Regency/Municipality, in Papua Province (thousand rupiahss), 2021–2025",35,5,7a2eb41e3e82
PAPUA,29,Kab. Nduga,,2021,,12.433,,"PDRB Per Kapita Atas Dasar Harga Berlaku di Provinsi Papua Menurut Kabupaten/Kota (ribu rupiah), 2021–2025","Per Capita GRDP at Current Market Prices by Regency/Municipality, in Papua Province (thousand rupiahss), 2021–2025",35,5,5ef483dcc4ac
PAPUA,30,Kab. Lanny Jaya,,2021,,10.136,,"PDRB Per Kapita Atas Dasar Harga Berlaku di Provinsi Papua Menurut Kabupaten/Kota (ribu rupiah), 2021–2025","Per Capita GRDP at Current Market Prices by Regency/Municipality, in Papua Province (thousand rupiahss), 2021–2025",35,5,9ca3aa3fd91d
PAPUA,31,Kab. Mamberamo Tengah,,2021,,24.583,,"PDRB Per Kapita Atas Dasar Harga Berlaku di Provinsi Papua Menurut Kabupaten/Kota (ribu rupiah), 2021–2025","Per Capita GRDP at Current Market Prices by Regency/Municipality, in Papua Province (thousand rupiahss), 2021–2025",35,5,c1cd24d20fde
PAPUA,32,Kab. Yalimo,,2021,,13.100,,"PDRB Per Kapita Atas Dasar Harga Berlaku di Provinsi Papua Menurut Kabupaten/Kota (ribu rupiah), 2021–2025","Per Capita GRDP at Current Market Prices by Regency/Municipality, in Papua Province (thousand rupiahss), 2021–2025",35,5,f31ba7bd6893
PAPUA,33,Kab. Puncak,,2021,,12.977,,"PDRB Per Kapita Atas Dasar Harga Berlaku di Provinsi Papua Menurut Kabupaten/Kota (ribu rupiah), 2021–2025","Per Capita GRDP at Current Market Prices by Regency/Municipality, in Papua Province (thousand rupiahss), 2021–2025",35,5,495d07d24e06
PAPUA,34,Kab. Dogiyai,,2021,,11.924,,"PDRB Per Kapita Atas Dasar Harga Berlaku di Provinsi Papua Menurut Kabupaten/Kota (ribu rupiah), 2021–2025","Per Capita GRDP at Current Market Prices by Regency/Municipality, in Papua Province (thousand rupiahss), 2021–2025",35,5,d0eef8623a89
PAPUA,35,Kab. Intan Jaya,,2021,,9.481,,"PDRB Per Kapita Atas Dasar Harga Berlaku di Provinsi Papua Menurut Kabupaten/Kota (ribu rupiah), 2021–2025","Per Capita GRDP at Current Market Prices by Regency/Municipality, in Papua Province (thousand rupiahss), 2021–2025",35,5,57474d484e75
PAPUA,36,Kab. Deiyai,,2021,,14.814,,"PDRB Per Kapita Atas Dasar Harga Berlaku di Provinsi Papua Menurut Kabupaten/Kota (ribu rupiah), 2021–2025","Per Capita GRDP at Current Market Prices by Regency/Municipality, in Papua Province (thousand rupiahss), 2021–2025",35,5,aebdd0c87510
PAPUA,71,Kota Jayapura,,2021,,82.241,,"PDRB Per Kapita Atas Dasar Harga Berlaku di Provinsi Papua Menurut Kabupaten/Kota (ribu rupiah), 2021–2025","Per Capita GRDP at Current Market Prices by Regency/Municipality, in Papua Province (thousand rupiahss), 2021–2025",35,5,bb8651e19f6b
PAPUA,,Jml Kab./Kota Total of Reg./Mun.,,2021,,61.774,,"PDRB Per Kapita Atas Dasar Harga Berlaku di Provinsi Papua Menurut Kabupaten/Kota (ribu rupiah), 2021–2025","Per Capita GRDP at Current Market Prices by Regency/Municipality, in Papua Province (thousand rupiahss), 2021–2025",35,5,aca0478d4412
PAPUA,,Provinsi/Province,,2021,,54.051,,"PDRB Per Kapita Atas Dasar Harga Berlaku di Provinsi Papua Menurut Kabupaten/Kota (ribu rupiah), 2021–2025","Per Capita GRDP at Current Market Prices by Regency/Municipality, in Papua Province (thousand rupiahss), 2021–2025",35,5,7895a65df26d
PAPUA SELATAN,01,Kab. Merauke,,2021,,–,,"PDRB Per Kapita Atas Dasar Harga Berlaku di Provinsi Papua Selatan Menurut Kabupaten/Kota (ribu rupiah), 2021–2025","Per Capita GRDP at Current Market Prices by Regency/Municipality, in Papua Selatan Province (thousand rupiahss), 2021–2025",36,6,6455759766b7
PAPUA SELATAN,02,Kab. Boven Digoel,,2021,,–,,"PDRB Per Kapita Atas Dasar Harga Berlaku di Provinsi Papua Selatan Menurut Kabupaten/Kota (ribu rupiah), 2021–2025","Per Capita GRDP at Current Market Prices by Regency/Municipality, in Papua Selatan Province (thousand rupiahss), 2021–2025",36,6,1e1321f2a548
PAPUA SELATAN,03,Kab. Mappi,,2021,,–,,"PDRB Per Kapita Atas Dasar Harga Berlaku di Provinsi Papua Selatan Menurut Kabupaten/Kota (ribu rupiah), 2021–2025","Per Capita GRDP at Current Market Prices by Regency/Municipality, in Papua Selatan Province (thousand rupiahss), 2021–2025",36,6,79e680f444b1
PAPUA SELATAN,04,Kab. Asmat,,2021,,–,,"PDRB Per Kapita Atas Dasar Harga Berlaku di Provinsi Papua Selatan Menurut Kabupaten/Kota (ribu rupiah), 2021–2025","Per Capita GRDP at Current Market Prices by Regency/Municipality, in Papua Selatan Province (thousand rupiahss), 2021–2025",36,6,b42f885aa08c
PAPUA SELATAN,,Jml Kab./Kota Total of Reg./Mun.,,2021,,–,,"PDRB Per Kapita Atas Dasar Harga Berlaku di Provinsi Papua Selatan Menurut Kabupaten/Kota (ribu rupiah), 2021–2025","Per Capita GRDP at Current Market Prices by Regency/Municipality, in Papua Selatan Province (thousand rupiahss), 2021–2025",36,6,fef847c355a4
PAPUA SELATAN,,Provinsi/Province,,2021,,–,,"PDRB Per Kapita Atas Dasar Harga Berlaku di Provinsi Papua Selatan Menurut Kabupaten/Kota (ribu rupiah), 2021–2025","Per Capita GRDP at Current Market Prices by Regency/Municipality, in Papua Selatan Province (thousand rupiahss), 2021–2025",36,6,cd4e4bc23dca
PAPUA TENGAH,01,Kab. Mimika,,2021,,–,,"PDRB Per Kapita Atas Dasar Harga Berlaku di Provinsi Papua Tengah Menurut Kabupaten/Kota (ribu rupiah), 2021–2025","Per Capita GRDP at Current Market Prices by Regency/Municipality, in Papua Tengah Province (thousand rupiahss), 2021–2025",37,7,dd5a5792c484
PAPUA TENGAH,02,Kab. Dogiyai,,2021,,–,,"PDRB Per Kapita Atas Dasar Harga Berlaku di Provinsi Papua Tengah Menurut Kabupaten/Kota (ribu rupiah), 2021–2025","Per Capita GRDP at Current Market Prices by Regency/Municipality, in Papua Tengah Province (thousand rupiahss), 2021–2025",37,7,25c70d4a5110
PAPUA TENGAH,03,Kab. Deiyai,,2021,,–,,"PDRB Per Kapita Atas Dasar Harga Berlaku di Provinsi Papua Tengah Menurut Kabupaten/Kota (ribu rupiah), 2021–2025","Per Capita GRDP at Current Market Prices by Regency/Municipality, in Papua Tengah Province (thousand rupiahss), 2021–2025",37,7,b50d6b03334c
PAPUA TENGAH,04,Kab. Nabire,,2021,,–,,"PDRB Per Kapita Atas Dasar Harga Berlaku di Provinsi Papua Tengah Menurut Kabupaten/Kota (ribu rupiah), 2021–2025","Per Capita GRDP at Current Market Prices by Regency/Municipality, in Papua Tengah Province (thousand rupiahss), 2021–2025",37,7,f86c458d82b9
PAPUA TENGAH,05,Kab. Paniai,,2021,,–,,"PDRB Per Kapita Atas Dasar Harga Berlaku di Provinsi Papua Tengah Menurut Kabupaten/Kota (ribu rupiah), 2021–2025","Per Capita GRDP at Current Market Prices by Regency/Municipality, in Papua Tengah Province (thousand rupiahss), 2021–2025",37,7,c6ab209cc253
PAPUA TENGAH,06,Kab. Intan Jaya,,2021,,–,,"PDRB Per Kapita Atas Dasar Harga Berlaku di Provinsi Papua Tengah Menurut Kabupaten/Kota (ribu rupiah), 2021–2025","Per Capita GRDP at Current Market Prices by Regency/Municipality, in Papua Tengah Province (thousand rupiahss), 2021–2025",37,7,1cfa57579e4f
PAPUA TENGAH,07,Kab. Puncak,,2021,,–,,"PDRB Per Kapita Atas Dasar Harga Berlaku di Provinsi Papua Tengah Menurut Kabupaten/Kota (ribu rupiah), 2021–2025","Per Capita GRDP at Current Market Prices by Regency/Municipality, in Papua Tengah Province (thousand rupiahss), 2021–2025",37,7,00885cf5799e
PAPUA TENGAH,08,Kab. Puncak Jaya,,2021,,–,,"PDRB Per Kapita Atas Dasar Harga Berlaku di Provinsi Papua Tengah Menurut Kabupaten/Kota (ribu rupiah), 2021–2025","Per Capita GRDP at Current Market Prices by Regency/Municipality, in Papua Tengah Province (thousand rupiahss), 2021–2025",37,7,3a011050d069
PAPUA TENGAH,,Jml Kab./Kota Total of Reg./Mun.,,2021,,–,,"PDRB Per Kapita Atas Dasar Harga Berlaku di Provinsi Papua Tengah Menurut Kabupaten/Kota (ribu rupiah), 2021–2025","Per Capita GRDP at Current Market Prices by Regency/Municipality, in Papua Tengah Province (thousand rupiahss), 2021–2025",37,7,67618bb4045b
PAPUA TENGAH,,Provinsi/Province,,2021,,–,,"PDRB Per Kapita Atas Dasar Harga Berlaku di Provinsi Papua Tengah Menurut Kabupaten/Kota (ribu rupiah), 2021–2025","Per Capita GRDP at Current Market Prices by Regency/Municipality, in Papua Tengah Province (thousand rupiahss), 2021–2025",37,7,ad9d9f845284
PAPUA PEGUNUNGAN,01,Kab. Nduga,,2021,,–,,"PDRB Per Kapita Atas Dasar Harga Berlaku di Provinsi Papua Pegunungan Menurut Kabupaten/Kota (ribu rupiah), 2021–2025","Per Capita GRDP at Current Market Prices by Regency/Municipality, in Papua Pegunungan Province (thousand rupiahss), 2021–2025",38,8,51b18d777829
PAPUA PEGUNUNGAN,02,Kab. Jayawijaya,,2021,,–,,"PDRB Per Kapita Atas Dasar Harga Berlaku di Provinsi Papua Pegunungan Menurut Kabupaten/Kota (ribu rupiah), 2021–2025","Per Capita GRDP at Current Market Prices by Regency/Municipality, in Papua Pegunungan Province (thousand rupiahss), 2021–2025",38,8,e6b23693c9b3
PAPUA PEGUNUNGAN,03,Kab. Lanny Jaya,,2021,,–,,"PDRB Per Kapita Atas Dasar Harga Berlaku di Provinsi Papua Pegunungan Menurut Kabupaten/Kota (ribu rupiah), 2021–2025","Per Capita GRDP at Current Market Prices by Regency/Municipality, in Papua Pegunungan Province (thousand rupiahss), 2021–2025",38,8,65008d8e8ff1
PAPUA PEGUNUNGAN,04,Kab. Tolikara,,2021,,–,,"PDRB Per Kapita Atas Dasar Harga Berlaku di Provinsi Papua Pegunungan Menurut Kabupaten/Kota (ribu rupiah), 2021–2025","Per Capita GRDP at Current Market Prices by Regency/Municipality, in Papua Pegunungan Province (thousand rupiahss), 2021–2025",38,8,d1400c37bb43
PAPUA PEGUNUNGAN,05,Kab. Mamberamo Tengah,,2021,,–,,"PDRB Per Kapita Atas Dasar Harga Berlaku di Provinsi Papua Pegunungan Menurut Kabupaten/Kota (ribu rupiah), 2021–2025","Per Capita GRDP at Current Market Prices by Regency/Municipality, in Papua Pegunungan Province (thousand rupiahss), 2021–2025",38,8,f3758fd0e57a
PAPUA PEGUNUNGAN,06,Kab. Yalimo,,2021,,–,,"PDRB Per Kapita Atas Dasar Harga Berlaku di Provinsi Papua Pegunungan Menurut Kabupaten/Kota (ribu rupiah), 2021–2025","Per Capita GRDP at Current Market Prices by Regency/Municipality, in Papua Pegunungan Province (thousand rupiahss), 2021–2025",38,8,88347bd0fc17
PAPUA PEGUNUNGAN,07,Kab. Yahukimo,,2021,,–,,"PDRB Per Kapita Atas Dasar Harga Berlaku di Provinsi Papua Pegunungan Menurut Kabupaten/Kota (ribu rupiah), 2021–2025","Per Capita GRDP at Current Market Prices by Regency/Municipality, in Papua Pegunungan Province (thousand rupiahss), 2021–2025",38,8,e2b19c2fe7c0
PAPUA PEGUNUNGAN,08,Kab. Pegunungan Bintang,,2021,,–,,"PDRB Per Kapita Atas Dasar Harga Berlaku di Provinsi Papua Pegunungan Menurut Kabupaten/Kota (ribu rupiah), 2021–2025","Per Capita GRDP at Current Market Prices by Regency/Municipality, in Papua Pegunungan Province (thousand rupiahss), 2021–2025",38,8,04f57f8af297
PAPUA PEGUNUNGAN,,Jml Kab./Kota Total of Reg./Mun.,,2021,,–,,"PDRB Per Kapita Atas Dasar Harga Berlaku di Provinsi Papua Pegunungan Menurut Kabupaten/Kota (ribu rupiah), 2021–2025","Per Capita GRDP at Current Market Prices by Regency/Municipality, in Papua Pegunungan Province (thousand rupiahss), 2021–2025",38,8,810407ba1d2b
PAPUA PEGUNUNGAN,,Provinsi/Province,,2021,,–,,"PDRB Per Kapita Atas Dasar Harga Berlaku di Provinsi Papua Pegunungan Menurut Kabupaten/Kota (ribu rupiah), 2021–2025","Per Capita GRDP at Current Market Prices by Regency/Municipality, in Papua Pegunungan Province (thousand rupiahss), 2021–2025",38,8,93de20aa8978
MALUKU,01,Kab. Kepulauan Tanimbar,,2022,,24.851,,"PDRB Per Kapita Atas Dasar Harga Berlaku di Provinsi Maluku Menurut Kabupaten/Kota (ribu rupiah), 2021–2025","Per Capita GRDP at Current Market Prices by Regency/Municipality, in Maluku Province (thousand rupiahss), 2021–2025",31,1,5b4faf457d1f
MALUKU,02,Kab. Maluku Tenggara,,2022,,30.598,,"PDRB Per Kapita Atas Dasar Harga Berlaku di Provinsi Maluku Menurut Kabupaten/Kota (ribu rupiah), 2021–2025","Per Capita GRDP at Current Market Prices by Regency/Municipality, in Maluku Province (thousand rupiahss), 2021–2025",31,1,9c5a0cc50c2a
MALUKU,03,Kab. Maluku Tengah,,2022,,23.154,,"PDRB Per Kapita Atas Dasar Harga Berlaku di Provinsi Maluku Menurut Kabupaten/Kota (ribu rupiah), 2021–2025","Per Capita GRDP at Current Market Prices by Regency/Municipality, in Maluku Province (thousand rupiahss), 2021–2025",31,1,9075cfcd869e
MALUKU,04,Kab. Buru,,2022,,19.985,,"PDRB Per Kapita Atas Dasar Harga Berlaku di Provinsi Maluku Menurut Kabupaten/Kota (ribu rupiah), 2021–2025","Per Capita GRDP at Current Market Prices by Regency/Municipality, in Maluku Province (thousand rupiahss), 2021–2025",31,1,7a0e489ff2c4
MALUKU,05,Kab. Kepulauan Aru,,2022,,38.309,,"PDRB Per Kapita Atas Dasar Harga Berlaku di Provinsi Maluku Menurut Kabupaten/Kota (ribu rupiah), 2021–2025","Per Capita GRDP at Current Market Prices by Regency/Municipality, in Maluku Province (thousand rupiahss), 2021–2025",31,1,fc7e50bd8a28
MALUKU,06,Kab. Seram Bagian Barat,,2022,,15.995,,"PDRB Per Kapita Atas Dasar Harga Berlaku di Provinsi Maluku Menurut Kabupaten/Kota (ribu rupiah), 2021–2025","Per Capita GRDP at Current Market Prices by Regency/Municipality, in Maluku Province (thousand rupiahss), 2021–2025",31,1,c98f9d687cee
MALUKU,07,Kab. Seram Bagian Timur,,2022,,25.530,,"PDRB Per Kapita Atas Dasar Harga Berlaku di Provinsi Maluku Menurut Kabupaten/Kota (ribu rupiah), 2021–2025","Per Capita GRDP at Current Market Prices by Regency/Municipality, in Maluku Province (thousand rupiahss), 2021–2025",31,1,8140c6299b01
MALUKU,08,Kab. Maluku Barat Daya,,2022,,26.874,,"PDRB Per Kapita Atas Dasar Harga Berlaku di Provinsi Maluku Menurut Kabupaten/Kota (ribu rupiah), 2021–2025","Per Capita GRDP at Current Market Prices by Regency/Municipality, in Maluku Province (thousand rupiahss), 2021–2025",31,1,7bde8f524f6d
MALUKU,09,Kab. Buru Selatan,,2022,,20.917,,"PDRB Per Kapita Atas Dasar Harga Berlaku di Provinsi Maluku Menurut Kabupaten/Kota (ribu rupiah), 2021–2025","Per Capita GRDP at Current Market Prices by Regency/Municipality, in Maluku Province (thousand rupiahss), 2021–2025",31,1,89318cf77019
MALUKU,71,Kota Ambon,,2022,,48.359,,"PDRB Per Kapita Atas Dasar Harga Berlaku di Provinsi Maluku Menurut Kabupaten/Kota (ribu rupiah), 2021–2025","Per Capita GRDP at Current Market Prices by Regency/Municipality, in Maluku Province (thousand rupiahss), 2021–2025",31,1,9510087ee510
MALUKU,72,Kota Tual,,2022,,32.185,,"PDRB Per Kapita Atas Dasar Harga Berlaku di Provinsi Maluku Menurut Kabupaten/Kota (ribu rupiah), 2021–2025","Per Capita GRDP at Current Market Prices by Regency/Municipality, in Maluku Province (thousand rupiahss), 2021–2025",31,1,03222f124e89
MALUKU,,Jml Kab./Kota Total of Reg./Mun.,,2022,,28.941,,"PDRB Per Kapita Atas Dasar Harga Berlaku di Provinsi Maluku Menurut Kabupaten/Kota (ribu rupiah), 2021–2025","Per Capita GRDP at Current Market Prices by Regency/Municipality, in Maluku Province (thousand rupiahss), 2021–2025",31,1,b037746d3667
MALUKU,,Provinsi/Province,,2022,,28.537,,"PDRB Per Kapita Atas Dasar Harga Berlaku di Provinsi Maluku Menurut Kabupaten/Kota (ribu rupiah), 2021–2025","Per Capita GRDP at Current Market Prices by Regency/Municipality, in Maluku Province (thousand rupiahss), 2021–2025",31,1,74fe4867b0a6
MALUKU UTARA,01,Kab. Halmahera Barat,,2022,,18.828,,"PDRB Per Kapita Atas Dasar Harga Berlaku di Provinsi Maluku Utara Menurut Kabupaten/Kota (ribu rupiah), 2021–2025","Per Capita GRDP at Current Market Prices by Regency/Municipality, in Maluku Utara Province (thousand rupiahss), 2021–2025",32,2,410706e5d730
MALUKU UTARA,02,Kab. Halmahera Tengah,,2022,,359.993,,"PDRB Per Kapita Atas Dasar Harga Berlaku di Provinsi Maluku Utara Menurut Kabupaten/Kota (ribu rupiah), 2021–2025","Per Capita GRDP at Current Market Prices by Regency/Municipality, in Maluku Utara Province (thousand rupiahss), 2021–2025",32,2,1503abe470e7
MALUKU UTARA,03,Kab. Kepulauan Sula,,2022,,26.880,,"PDRB Per Kapita Atas Dasar Harga Berlaku di Provinsi Maluku Utara Menurut Kabupaten/Kota (ribu rupiah), 2021–2025","Per Capita GRDP at Current Market Prices by Regency/Municipality, in Maluku Utara Province (thousand rupiahss), 2021–2025",32,2,b16d470db3b7
MALUKU UTARA,04,Kab. Halmahera Selatan,,2022,,55.856,,"PDRB Per Kapita Atas Dasar Harga Berlaku di Provinsi Maluku Utara Menurut Kabupaten/Kota (ribu rupiah), 2021–2025","Per Capita GRDP at Current Market Prices by Regency/Municipality, in Maluku Utara Province (thousand rupiahss), 2021–2025",32,2,764f7fc56daa
MALUKU UTARA,05,Kab. Halmahera Utara,,2022,,32.069,,"PDRB Per Kapita Atas Dasar Harga Berlaku di Provinsi Maluku Utara Menurut Kabupaten/Kota (ribu rupiah), 2021–2025","Per Capita GRDP at Current Market Prices by Regency/Municipality, in Maluku Utara Province (thousand rupiahss), 2021–2025",32,2,55de2bc2c562
MALUKU UTARA,06,Kab. Halmahera Timur,,2022,,44.192,,"PDRB Per Kapita Atas Dasar Harga Berlaku di Provinsi Maluku Utara Menurut Kabupaten/Kota (ribu rupiah), 2021–2025","Per Capita GRDP at Current Market Prices by Regency/Municipality, in Maluku Utara Province (thousand rupiahss), 2021–2025",32,2,c61bfc75b543
MALUKU UTARA,07,Kab. Pulau Morotai,,2022,,22.893,,"PDRB Per Kapita Atas Dasar Harga Berlaku di Provinsi Maluku Utara Menurut Kabupaten/Kota (ribu rupiah), 2021–2025","Per Capita GRDP at Current Market Prices by Regency/Municipality, in Maluku Utara Province (thousand rupiahss), 2021–2025",32,2,b676b4d67469
MALUKU UTARA,08,Kab. Pulau Taliabu,,2022,,31.470,,"PDRB Per Kapita Atas Dasar Harga Berlaku di Provinsi Maluku Utara Menurut Kabupaten/Kota (ribu rupiah), 2021–2025","Per Capita GRDP at Current Market Prices by Regency/Municipality, in Maluku Utara Province (thousand rupiahss), 2021–2025",32,2,4f5a167e4c2d
MALUKU UTARA,71,Kota Ternate,,2022,,58.568,,"PDRB Per Kapita Atas Dasar Harga Berlaku di Provinsi Maluku Utara Menurut Kabupaten/Kota (ribu rupiah), 2021–2025","Per Capita GRDP at Current Market Prices by Regency/Municipality, in Maluku Utara Province (thousand rupiahss), 2021–2025",32,2,f949d46ab616
MALUKU UTARA,72,Kota Tidore Kepulauan,,2022,,28.091,,"PDRB Per Kapita Atas Dasar Harga Berlaku di Provinsi Maluku Utara Menurut Kabupaten/Kota (ribu rupiah), 2021–2025","Per Capita GRDP at Current Market Prices by Regency/Municipality, in Maluku Utara Province (thousand rupiahss), 2021–2025",32,2,a2938b24e7c5
MALUKU UTARA,,Jml Kab./Kota Total of Reg./Mun.,,2022,,53.812,,"PDRB Per Kapita Atas Dasar Harga Berlaku di Provinsi Maluku Utara Menurut Kabupaten/Kota (ribu rupiah), 2021–2025","Per Capita GRDP at Current Market Prices by Regency/Municipality, in Maluku Utara Province (thousand rupiahss), 2021–2025",32,2,00e7e315a148
MALUKU UTARA,,Provinsi/Province,,2022,,53.776,,"PDRB Per Kapita Atas Dasar Harga Berlaku di Provinsi Maluku Utara Menurut Kabupaten/Kota (ribu rupiah), 2021–2025","Per Capita GRDP at Current Market Prices by Regency/Municipality, in Maluku Utara Province (thousand rupiahss), 2021–2025",32,2,f4b45c90fa81
PAPUA BARAT,01,Kab. Fak-Fak,,2022,,63.832,,"PDRB Per Kapita Atas Dasar Harga Berlaku di Provinsi Papua Barat Menurut Kabupaten/Kota (ribu rupiah), 2021–2025","Per Capita GRDP at Current Market Prices by Regency/Municipality, in Papua Barat Province (thousand rupiahss), 2021–2025",33,3,77d00807064b
PAPUA BARAT,02,Kab. Kaimana,,2022,,42.601,,"PDRB Per Kapita Atas Dasar Harga Berlaku di Provinsi Papua Barat Menurut Kabupaten/Kota (ribu rupiah), 2021–2025","Per Capita GRDP at Current Market Prices by Regency/Municipality, in Papua Barat Province (thousand rupiahss), 2021–2025",33,3,3c56c30c3df2
PAPUA BARAT,03,Kab. Teluk Wondama,,2022,,37.975,,"PDRB Per Kapita Atas Dasar Harga Berlaku di Provinsi Papua Barat Menurut Kabupaten/Kota (ribu rupiah), 2021–2025","Per Capita GRDP at Current Market Prices by Regency/Municipality, in Papua Barat Province (thousand rupiahss), 2021–2025",33,3,dc55ccc83f23
PAPUA BARAT,04,Kab. Teluk Bintuni,,2022,,392.066,,"PDRB Per Kapita Atas Dasar Harga Berlaku di Provinsi Papua Barat Menurut Kabupaten/Kota (ribu rupiah), 2021–2025","Per Capita GRDP at Current Market Prices by Regency/Municipality, in Papua Barat Province (thousand rupiahss), 2021–2025",33,3,30d16a2d7e32
PAPUA BARAT,05,Kab. Manokwari,,2022,,51.359,,"PDRB Per Kapita Atas Dasar Harga Berlaku di Provinsi Papua Barat Menurut Kabupaten/Kota (ribu rupiah), 2021–2025","Per Capita GRDP at Current Market Prices by Regency/Municipality, in Papua Barat Province (thousand rupiahss), 2021–2025",33,3,7467a0d3f679
PAPUA BARAT,06,Kab. Sorong Selatan,,2022,,38.865,,"PDRB Per Kapita Atas Dasar Harga Berlaku di Provinsi Papua Barat Menurut Kabupaten/Kota (ribu rupiah), 2021–2025","Per Capita GRDP at Current Market Prices by Regency/Municipality, in Papua Barat Province (thousand rupiahss), 2021–2025",33,3,98bd924cb201
PAPUA BARAT,07,Kab. Sorong,,2022,,95.763,,"PDRB Per Kapita Atas Dasar Harga Berlaku di Provinsi Papua Barat Menurut Kabupaten/Kota (ribu rupiah), 2021–2025","Per Capita GRDP at Current Market Prices by Regency/Municipality, in Papua Barat Province (thousand rupiahss), 2021–2025",33,3,2d569dd0258d
PAPUA BARAT,08,Kab. Raja Ampat,,2022,,60.753,,"PDRB Per Kapita Atas Dasar Harga Berlaku di Provinsi Papua Barat Menurut Kabupaten/Kota (ribu rupiah), 2021–2025","Per Capita GRDP at Current Market Prices by Regency/Municipality, in Papua Barat Province (thousand rupiahss), 2021–2025",33,3,e8b7bad7d649
PAPUA BARAT,09,Kab. Tambrauw,,2022,,8.594,,"PDRB Per Kapita Atas Dasar Harga Berlaku di Provinsi Papua Barat Menurut Kabupaten/Kota (ribu rupiah), 2021–2025","Per Capita GRDP at Current Market Prices by Regency/Municipality, in Papua Barat Province (thousand rupiahss), 2021–2025",33,3,42b5ed0ae121
PAPUA BARAT,10,Kab. Maybrat,,2022,,17.451,,"PDRB Per Kapita Atas Dasar Harga Berlaku di Provinsi Papua Barat Menurut Kabupaten/Kota (ribu rupiah), 2021–2025","Per Capita GRDP at Current Market Prices by Regency/Municipality, in Papua Barat Province (thousand rupiahss), 2021–2025",33,3,8a14ee717125
PAPUA BARAT,11,Kab. Manokwari Selatan,,2022,,23.886,,"PDRB Per Kapita Atas Dasar Harga Berlaku di Provinsi Papua Barat Menurut Kabupaten/Kota (ribu rupiah), 2021–2025","Per Capita GRDP at Current Market Prices by Regency/Municipality, in Papua Barat Province (thousand rupiahss), 2021–2025",33,3,25de851be024
PAPUA BARAT,12,Kab. Pegunungan Arfak,,2022,,7.026,,"PDRB Per Kapita Atas Dasar Harga Berlaku di Provinsi Papua Barat Menurut Kabupaten/Kota (ribu rupiah), 2021–2025","Per Capita GRDP at Current Market Prices by Regency/Municipality, in Papua Barat Province (thousand rupiahss), 2021–2025",33,3,f850a3b0f3ba
PAPUA BARAT,71,Kota Sorong,,2022,,55.567,,"PDRB Per Kapita Atas Dasar Harga Berlaku di Provinsi Papua Barat Menurut Kabupaten/Kota (ribu rupiah), 2021–2025","Per Capita GRDP at Current Market Prices by Regency/Municipality, in Papua Barat Province (thousand rupiahss), 2021–2025",33,3,4885672cdbd4
PAPUA BARAT,,Jml Kab./Kota Total of Reg./Mun.,,2022,,78.108,,"PDRB Per Kapita Atas Dasar Harga Berlaku di Provinsi Papua Barat Menurut Kabupaten/Kota (ribu rupiah), 2021–2025","Per Capita GRDP at Current Market Prices by Regency/Municipality, in Papua Barat Province (thousand rupiahss), 2021–2025",33,3,74c9c18be6f8
PAPUA BARAT,,Provinsi/Province,,2022,,78.141,,"PDRB Per Kapita Atas Dasar Harga Berlaku di Provinsi Papua Barat Menurut Kabupaten/Kota (ribu rupiah), 2021–2025","Per Capita GRDP at Current Market Prices by Regency/Municipality, in Papua Barat Province (thousand rupiahss), 2021–2025",33,3,eb0917277077
PAPUA BARAT DAYA,01,Kab. Raja Ampat,,2022,,–,,"PDRB Per Kapita Atas Dasar Harga Berlaku di Provinsi Papua Barat Daya Menurut Kabupaten/Kota (ribu rupiah), 2021–2025","Per Capita GRDP at Current Market Prices by Regency/Municipality, in Papua Barat Daya Province (thousand rupiahss), 2021–2025",34,4,0cb263a64e2a
PAPUA BARAT DAYA,02,Kab. Sorong,,2022,,–,,"PDRB Per Kapita Atas Dasar Harga Berlaku di Provinsi Papua Barat Daya Menurut Kabupaten/Kota (ribu rupiah), 2021–2025","Per Capita GRDP at Current Market Prices by Regency/Municipality, in Papua Barat Daya Province (thousand rupiahss), 2021–2025",34,4,36745e546bda
PAPUA BARAT DAYA,03,Kab. Sorong Selatan,,2022,,–,,"PDRB Per Kapita Atas Dasar Harga Berlaku di Provinsi Papua Barat Daya Menurut Kabupaten/Kota (ribu rupiah), 2021–2025","Per Capita GRDP at Current Market Prices by Regency/Municipality, in Papua Barat Daya Province (thousand rupiahss), 2021–2025",34,4,a93c068a5b3c
PAPUA BARAT DAYA,04,Kab. Maybrat,,2022,,–,,"PDRB Per Kapita Atas Dasar Harga Berlaku di Provinsi Papua Barat Daya Menurut Kabupaten/Kota (ribu rupiah), 2021–2025","Per Capita GRDP at Current Market Prices by Regency/Municipality, in Papua Barat Daya Province (thousand rupiahss), 2021–2025",34,4,267ed96c16a1
PAPUA BARAT DAYA,05,Kab. Tambrauw,,2022,,–,,"PDRB Per Kapita Atas Dasar Harga Berlaku di Provinsi Papua Barat Daya Menurut Kabupaten/Kota (ribu rupiah), 2021–2025","Per Capita GRDP at Current Market Prices by Regency/Municipality, in Papua Barat Daya Province (thousand rupiahss), 2021–2025",34,4,cbb48d00a3ce
PAPUA BARAT DAYA,71,Kota Sorong,,2022,,–,,"PDRB Per Kapita Atas Dasar Harga Berlaku di Provinsi Papua Barat Daya Menurut Kabupaten/Kota (ribu rupiah), 2021–2025","Per Capita GRDP at Current Market Prices by Regency/Municipality, in Papua Barat Daya Province (thousand rupiahss), 2021–2025",34,4,4ab6a82827a8
PAPUA BARAT DAYA,,Jml Kab./Kota Total of Reg./Mun.,,2022,,–,,"PDRB Per Kapita Atas Dasar Harga Berlaku di Provinsi Papua Barat Daya Menurut Kabupaten/Kota (ribu rupiah), 2021–2025","Per Capita GRDP at Current Market Prices by Regency/Municipality, in Papua Barat Daya Province (thousand rupiahss), 2021–2025",34,4,1468c4ecf694
PAPUA BARAT DAYA,,Provinsi/Province,,2022,,–,,"PDRB Per Kapita Atas Dasar Harga Berlaku di Provinsi Papua Barat Daya Menurut Kabupaten/Kota (ribu rupiah), 2021–2025","Per Capita GRDP at Current Market Prices by Regency/Municipality, in Papua Barat Daya Province (thousand rupiahss), 2021–2025",34,4,47039f32814b
PAPUA,01,Kab. Merauke,,2022,,74.154,,"PDRB Per Kapita Atas Dasar Harga Berlaku di Provinsi Papua Menurut Kabupaten/Kota (ribu rupiah), 2021–2025","Per Capita GRDP at Current Market Prices by Regency/Municipality, in Papua Province (thousand rupiahss), 2021–2025",35,5,970e4bd61b1d
PAPUA,02,Kab. Jayawijaya,,2022,,33.310,,"PDRB Per Kapita Atas Dasar Harga Berlaku di Provinsi Papua Menurut Kabupaten/Kota (ribu rupiah), 2021–2025","Per Capita GRDP at Current Market Prices by Regency/Municipality, in Papua Province (thousand rupiahss), 2021–2025",35,5,644cad4518a4
PAPUA,03,Kab. Jayapura,,2022,,107.440,,"PDRB Per Kapita Atas Dasar Harga Berlaku di Provinsi Papua Menurut Kabupaten/Kota (ribu rupiah), 2021–2025","Per Capita GRDP at Current Market Prices by Regency/Municipality, in Papua Province (thousand rupiahss), 2021–2025",35,5,9705be51c1f2
PAPUA,04,Kab. Nabire,,2022,,73.169,,"PDRB Per Kapita Atas Dasar Harga Berlaku di Provinsi Papua Menurut Kabupaten/Kota (ribu rupiah), 2021–2025","Per Capita GRDP at Current Market Prices by Regency/Municipality, in Papua Province (thousand rupiahss), 2021–2025",35,5,063c6da1a695
PAPUA,08,Kab. Kepulauan Yapen,,2022,,40.365,,"PDRB Per Kapita Atas Dasar Harga Berlaku di Provinsi Papua Menurut Kabupaten/Kota (ribu rupiah), 2021–2025","Per Capita GRDP at Current Market Prices by Regency/Municipality, in Papua Province (thousand rupiahss), 2021–2025",35,5,16507323fffa
PAPUA,09,Kab. Biak Numfor,,2022,,42.607,,"PDRB Per Kapita Atas Dasar Harga Berlaku di Provinsi Papua Menurut Kabupaten/Kota (ribu rupiah), 2021–2025","Per Capita GRDP at Current Market Prices by Regency/Municipality, in Papua Province (thousand rupiahss), 2021–2025",35,5,444dcd7dd7f9
PAPUA,10,Kab. Paniai,,2022,,20.646,,"PDRB Per Kapita Atas Dasar Harga Berlaku di Provinsi Papua Menurut Kabupaten/Kota (ribu rupiah), 2021–2025","Per Capita GRDP at Current Market Prices by Regency/Municipality, in Papua Province (thousand rupiahss), 2021–2025",35,5,64a4b4a9131b
PAPUA,11,Kab. Puncak Jaya,,2022,,6.289,,"PDRB Per Kapita Atas Dasar Harga Berlaku di Provinsi Papua Menurut Kabupaten/Kota (ribu rupiah), 2021–2025","Per Capita GRDP at Current Market Prices by Regency/Municipality, in Papua Province (thousand rupiahss), 2021–2025",35,5,8c68e74007ca
PAPUA,12,Kab. Mimika,,2022,,345.374,,"PDRB Per Kapita Atas Dasar Harga Berlaku di Provinsi Papua Menurut Kabupaten/Kota (ribu rupiah), 2021–2025","Per Capita GRDP at Current Market Prices by Regency/Municipality, in Papua Province (thousand rupiahss), 2021–2025",35,5,15d1f3bf0e23
PAPUA,13,Kab. Boven Digoel,,2022,,76.593,,"PDRB Per Kapita Atas Dasar Harga Berlaku di Provinsi Papua Menurut Kabupaten/Kota (ribu rupiah), 2021–2025","Per Capita GRDP at Current Market Prices by Regency/Municipality, in Papua Province (thousand rupiahss), 2021–2025",35,5,68d964175c03
PAPUA,14,Kab. Mappi,,2022,,30.175,,"PDRB Per Kapita Atas Dasar Harga Berlaku di Provinsi Papua Menurut Kabupaten/Kota (ribu rupiah), 2021–2025","Per Capita GRDP at Current Market Prices by Regency/Municipality, in Papua Province (thousand rupiahss), 2021–2025",35,5,6271a6f72035
PAPUA,15,Kab. Asmat,,2022,,25.321,,"PDRB Per Kapita Atas Dasar Harga Berlaku di Provinsi Papua Menurut Kabupaten/Kota (ribu rupiah), 2021–2025","Per Capita GRDP at Current Market Prices by Regency/Municipality, in Papua Province (thousand rupiahss), 2021–2025",35,5,583f639d2826
PAPUA,16,Kab. Yahukimo,,2022,,7.450,,"PDRB Per Kapita Atas Dasar Harga Berlaku di Provinsi Papua Menurut Kabupaten/Kota (ribu rupiah), 2021–2025","Per Capita GRDP at Current Market Prices by Regency/Municipality, in Papua Province (thousand rupiahss), 2021–2025",35,5,7101b94fa3ff
PAPUA,17,Kab. Pegunungan Bintang,,2022,,27.369,,"PDRB Per Kapita Atas Dasar Harga Berlaku di Provinsi Papua Menurut Kabupaten/Kota (ribu rupiah), 2021–2025","Per Capita GRDP at Current Market Prices by Regency/Municipality, in Papua Province (thousand rupiahss), 2021–2025",35,5,f5fbc1f02599
PAPUA,18,Kab. Tolikara,,2022,,7.512,,"PDRB Per Kapita Atas Dasar Harga Berlaku di Provinsi Papua Menurut Kabupaten/Kota (ribu rupiah), 2021–2025","Per Capita GRDP at Current Market Prices by Regency/Municipality, in Papua Province (thousand rupiahss), 2021–2025",35,5,0045efcd92a9
PAPUA,19,Kab. Sarmi,,2022,,78.434,,"PDRB Per Kapita Atas Dasar Harga Berlaku di Provinsi Papua Menurut Kabupaten/Kota (ribu rupiah), 2021–2025","Per Capita GRDP at Current Market Prices by Regency/Municipality, in Papua Province (thousand rupiahss), 2021–2025",35,5,03c674b1c01b
PAPUA,20,Kab. Keerom,,2022,,51.026,,"PDRB Per Kapita Atas Dasar Harga Berlaku di Provinsi Papua Menurut Kabupaten/Kota (ribu rupiah), 2021–2025","Per Capita GRDP at Current Market Prices by Regency/Municipality, in Papua Province (thousand rupiahss), 2021–2025",35,5,882f5dcbef36
PAPUA,26,Kab. Waropen,,2022,,66.364,,"PDRB Per Kapita Atas Dasar Harga Berlaku di Provinsi Papua Menurut Kabupaten/Kota (ribu rupiah), 2021–2025","Per Capita GRDP at Current Market Prices by Regency/Municipality, in Papua Province (thousand rupiahss), 2021–2025",35,5,a1a465957366
PAPUA,27,Kab. Supiori,,2022,,48.542,,"PDRB Per Kapita Atas Dasar Harga Berlaku di Provinsi Papua Menurut Kabupaten/Kota (ribu rupiah), 2021–2025","Per Capita GRDP at Current Market Prices by Regency/Municipality, in Papua Province (thousand rupiahss), 2021–2025",35,5,a40b0ef8a5f9
PAPUA,28,Kab. Mamberamo Raya,,2022,,52.101,,"PDRB Per Kapita Atas Dasar Harga Berlaku di Provinsi Papua Menurut Kabupaten/Kota (ribu rupiah), 2021–2025","Per Capita GRDP at Current Market Prices by Regency/Municipality, in Papua Province (thousand rupiahss), 2021–2025",35,5,799422f4743f
PAPUA,29,Kab. Nduga,,2022,,12.845,,"PDRB Per Kapita Atas Dasar Harga Berlaku di Provinsi Papua Menurut Kabupaten/Kota (ribu rupiah), 2021–2025","Per Capita GRDP at Current Market Prices by Regency/Municipality, in Papua Province (thousand rupiahss), 2021–2025",35,5,6e9bcd28bcd7
PAPUA,30,Kab. Lanny Jaya,,2022,,10.591,,"PDRB Per Kapita Atas Dasar Harga Berlaku di Provinsi Papua Menurut Kabupaten/Kota (ribu rupiah), 2021–2025","Per Capita GRDP at Current Market Prices by Regency/Municipality, in Papua Province (thousand rupiahss), 2021–2025",35,5,5d7b656f3869
PAPUA,31,Kab. Mamberamo Tengah,,2022,,24.700,,"PDRB Per Kapita Atas Dasar Harga Berlaku di Provinsi Papua Menurut Kabupaten/Kota (ribu rupiah), 2021–2025","Per Capita GRDP at Current Market Prices by Regency/Municipality, in Papua Province (thousand rupiahss), 2021–2025",35,5,e4571d96aaf2
PAPUA,32,Kab. Yalimo,,2022,,13.702,,"PDRB Per Kapita Atas Dasar Harga Berlaku di Provinsi Papua Menurut Kabupaten/Kota (ribu rupiah), 2021–2025","Per Capita GRDP at Current Market Prices by Regency/Municipality, in Papua Province (thousand rupiahss), 2021–2025",35,5,fa6a8643e7e0
PAPUA,33,Kab. Puncak,,2022,,13.597,,"PDRB Per Kapita Atas Dasar Harga Berlaku di Provinsi Papua Menurut Kabupaten/Kota (ribu rupiah), 2021–2025","Per Capita GRDP at Current Market Prices by Regency/Municipality, in Papua Province (thousand rupiahss), 2021–2025",35,5,3d1323c46b12
PAPUA,34,Kab. Dogiyai,,2022,,11.914,,"PDRB Per Kapita Atas Dasar Harga Berlaku di Provinsi Papua Menurut Kabupaten/Kota (ribu rupiah), 2021–2025","Per Capita GRDP at Current Market Prices by Regency/Municipality, in Papua Province (thousand rupiahss), 2021–2025",35,5,3eb17ca1ce58
PAPUA,35,Kab. Intan Jaya,,2022,,9.751,,"PDRB Per Kapita Atas Dasar Harga Berlaku di Provinsi Papua Menurut Kabupaten/Kota (ribu rupiah), 2021–2025","Per Capita GRDP at Current Market Prices by Regency/Municipality, in Papua Province (thousand rupiahss), 2021–2025",35,5,ce23c7731728
PAPUA,36,Kab. Deiyai,,2022,,15.316,,"PDRB Per Kapita Atas Dasar Harga Berlaku di Provinsi Papua Menurut Kabupaten/Kota (ribu rupiah), 2021–2025","Per Capita GRDP at Current Market Prices by Regency/Municipality, in Papua Province (thousand rupiahss), 2021–2025",35,5,2851a9339b87
PAPUA,71,Kota Jayapura,,2022,,86.470,,"PDRB Per Kapita Atas Dasar Harga Berlaku di Provinsi Papua Menurut Kabupaten/Kota (ribu rupiah), 2021–2025","Per Capita GRDP at Current Market Prices by Regency/Municipality, in Papua Province (thousand rupiahss), 2021–2025",35,5,2877d3137cad
PAPUA,,Jml Kab./Kota Total of Reg./Mun.,,2022,,67.043,,"PDRB Per Kapita Atas Dasar Harga Berlaku di Provinsi Papua Menurut Kabupaten/Kota (ribu rupiah), 2021–2025","Per Capita GRDP at Current Market Prices by Regency/Municipality, in Papua Province (thousand rupiahss), 2021–2025",35,5,8e2866804fe5
PAPUA,,Provinsi/Province,,2022,,59.384,,"PDRB Per Kapita Atas Dasar Harga Berlaku di Provinsi Papua Menurut Kabupaten/Kota (ribu rupiah), 2021–2025","Per Capita GRDP at Current Market Prices by Regency/Municipality, in Papua Province (thousand rupiahss), 2021–2025",35,5,54fd0051016d
PAPUA SELATAN,01,Kab. Merauke,,2022,,–,,"PDRB Per Kapita Atas Dasar Harga Berlaku di Provinsi Papua Selatan Menurut Kabupaten/Kota (ribu rupiah), 2021–2025","Per Capita GRDP at Current Market Prices by Regency/Municipality, in Papua Selatan Province (thousand rupiahss), 2021–2025",36,6,0b155d4aa72d
PAPUA SELATAN,02,Kab. Boven Digoel,,2022,,–,,"PDRB Per Kapita Atas Dasar Harga Berlaku di Provinsi Papua Selatan Menurut Kabupaten/Kota (ribu rupiah), 2021–2025","Per Capita GRDP at Current Market Prices by Regency/Municipality, in Papua Selatan Province (thousand rupiahss), 2021–2025",36,6,0023802969ea
PAPUA SELATAN,03,Kab. Mappi,,2022,,–,,"PDRB Per Kapita Atas Dasar Harga Berlaku di Provinsi Papua Selatan Menurut Kabupaten/Kota (ribu rupiah), 2021–2025","Per Capita GRDP at Current Market Prices by Regency/Municipality, in Papua Selatan Province (thousand rupiahss), 2021–2025",36,6,845b3c60c119
PAPUA SELATAN,04,Kab. Asmat,,2022,,–,,"PDRB Per Kapita Atas Dasar Harga Berlaku di Provinsi Papua Selatan Menurut Kabupaten/Kota (ribu rupiah), 2021–2025","Per Capita GRDP at Current Market Prices by Regency/Municipality, in Papua Selatan Province (thousand rupiahss), 2021–2025",36,6,b2d60bec59c0
PAPUA SELATAN,,Jml Kab./Kota Total of Reg./Mun.,,2022,,–,,"PDRB Per Kapita Atas Dasar Harga Berlaku di Provinsi Papua Selatan Menurut Kabupaten/Kota (ribu rupiah), 2021–2025","Per Capita GRDP at Current Market Prices by Regency/Municipality, in Papua Selatan Province (thousand rupiahss), 2021–2025",36,6,b5ece088da75
PAPUA SELATAN,,Provinsi/Province,,2022,,–,,"PDRB Per Kapita Atas Dasar Harga Berlaku di Provinsi Papua Selatan Menurut Kabupaten/Kota (ribu rupiah), 2021–2025","Per Capita GRDP at Current Market Prices by Regency/Municipality, in Papua Selatan Province (thousand rupiahss), 2021–2025",36,6,6b03818dffc8
PAPUA TENGAH,01,Kab. Mimika,,2022,,–,,"PDRB Per Kapita Atas Dasar Harga Berlaku di Provinsi Papua Tengah Menurut Kabupaten/Kota (ribu rupiah), 2021–2025","Per Capita GRDP at Current Market Prices by Regency/Municipality, in Papua Tengah Province (thousand rupiahss), 2021–2025",37,7,ea38e67ba6a7
PAPUA TENGAH,02,Kab. Dogiyai,,2022,,–,,"PDRB Per Kapita Atas Dasar Harga Berlaku di Provinsi Papua Tengah Menurut Kabupaten/Kota (ribu rupiah), 2021–2025","Per Capita GRDP at Current Market Prices by Regency/Municipality, in Papua Tengah Province (thousand rupiahss), 2021–2025",37,7,4d2c4f28a811
PAPUA TENGAH,03,Kab. Deiyai,,2022,,–,,"PDRB Per Kapita Atas Dasar Harga Berlaku di Provinsi Papua Tengah Menurut Kabupaten/Kota (ribu rupiah), 2021–2025","Per Capita GRDP at Current Market Prices by Regency/Municipality, in Papua Tengah Province (thousand rupiahss), 2021–2025",37,7,301596a0774c
PAPUA TENGAH,04,Kab. Nabire,,2022,,–,,"PDRB Per Kapita Atas Dasar Harga Berlaku di Provinsi Papua Tengah Menurut Kabupaten/Kota (ribu rupiah), 2021–2025","Per Capita GRDP at Current Market Prices by Regency/Municipality, in Papua Tengah Province (thousand rupiahss), 2021–2025",37,7,b55b01085a2f
PAPUA TENGAH,05,Kab. Paniai,,2022,,–,,"PDRB Per Kapita Atas Dasar Harga Berlaku di Provinsi Papua Tengah Menurut Kabupaten/Kota (ribu rupiah), 2021–2025","Per Capita GRDP at Current Market Prices by Regency/Municipality, in Papua Tengah Province (thousand rupiahss), 2021–2025",37,7,1810f896b311
PAPUA TENGAH,06,Kab. Intan Jaya,,2022,,–,,"PDRB Per Kapita Atas Dasar Harga Berlaku di Provinsi Papua Tengah Menurut Kabupaten/Kota (ribu rupiah), 2021–2025","Per Capita GRDP at Current Market Prices by Regency/Municipality, in Papua Tengah Province (thousand rupiahss), 2021–2025",37,7,a0758f61ed99
PAPUA TENGAH,07,Kab. Puncak,,2022,,–,,"PDRB Per Kapita Atas Dasar Harga Berlaku di Provinsi Papua Tengah Menurut Kabupaten/Kota (ribu rupiah), 2021–2025","Per Capita GRDP at Current Market Prices by Regency/Municipality, in Papua Tengah Province (thousand rupiahss), 2021–2025",37,7,8f10d7599143
PAPUA TENGAH,08,Kab. Puncak Jaya,,2022,,–,,"PDRB Per Kapita Atas Dasar Harga Berlaku di Provinsi Papua Tengah Menurut Kabupaten/Kota (ribu rupiah), 2021–2025","Per Capita GRDP at Current Market Prices by Regency/Municipality, in Papua Tengah Province (thousand rupiahss), 2021–2025",37,7,d679ca4ba39c
PAPUA TENGAH,,Jml Kab./Kota Total of Reg./Mun.,,2022,,–,,"PDRB Per Kapita Atas Dasar Harga Berlaku di Provinsi Papua Tengah Menurut Kabupaten/Kota (ribu rupiah), 2021–2025","Per Capita GRDP at Current Market Prices by Regency/Municipality, in Papua Tengah Province (thousand rupiahss), 2021–2025",37,7,3b5a219a9cab
PAPUA TENGAH,,Provinsi/Province,,2022,,–,,"PDRB Per Kapita Atas Dasar Harga Berlaku di Provinsi Papua Tengah Menurut Kabupaten/Kota (ribu rupiah), 2021–2025","Per Capita GRDP at Current Market Prices by Regency/Municipality, in Papua Tengah Province (thousand rupiahss), 2021–2025",37,7,92626145ddb2
PAPUA PEGUNUNGAN,01,Kab. Nduga,,2022,,–,,"PDRB Per Kapita Atas Dasar Harga Berlaku di Provinsi Papua Pegunungan Menurut Kabupaten/Kota (ribu rupiah), 2021–2025","Per Capita GRDP at Current Market Prices by Regency/Municipality, in Papua Pegunungan Province (thousand rupiahss), 2021–2025",38,8,5c82ec5a9054
PAPUA PEGUNUNGAN,02,Kab. Jayawijaya,,2022,,–,,"PDRB Per Kapita Atas Dasar Harga Berlaku di Provinsi Papua Pegunungan Menurut Kabupaten/Kota (ribu rupiah), 2021–2025","Per Capita GRDP at Current Market Prices by Regency/Municipality, in Papua Pegunungan Province (thousand rupiahss), 2021–2025",38,8,11bc2bde4762
PAPUA PEGUNUNGAN,03,Kab. Lanny Jaya,,2022,,–,,"PDRB Per Kapita Atas Dasar Harga Berlaku di Provinsi Papua Pegunungan Menurut Kabupaten/Kota (ribu rupiah), 2021–2025","Per Capita GRDP at Current Market Prices by Regency/Municipality, in Papua Pegunungan Province (thousand rupiahss), 2021–2025",38,8,35f86161fe02
PAPUA PEGUNUNGAN,04,Kab. Tolikara,,2022,,–,,"PDRB Per Kapita Atas Dasar Harga Berlaku di Provinsi Papua Pegunungan Menurut Kabupaten/Kota (ribu rupiah), 2021–2025","Per Capita GRDP at Current Market Prices by Regency/Municipality, in Papua Pegunungan Province (thousand rupiahss), 2021–2025",38,8,a9010df62c60
PAPUA PEGUNUNGAN,05,Kab. Mamberamo Tengah,,2022,,–,,"PDRB Per Kapita Atas Dasar Harga Berlaku di Provinsi Papua Pegunungan Menurut Kabupaten/Kota (ribu rupiah), 2021–2025","Per Capita GRDP at Current Market Prices by Regency/Municipality, in Papua Pegunungan Province (thousand rupiahss), 2021–2025",38,8,c78cd85343ad
PAPUA PEGUNUNGAN,06,Kab. Yalimo,,2022,,–,,"PDRB Per Kapita Atas Dasar Harga Berlaku di Provinsi Papua Pegunungan Menurut Kabupaten/Kota (ribu rupiah), 2021–2025","Per Capita GRDP at Current Market Prices by Regency/Municipality, in Papua Pegunungan Province (thousand rupiahss), 2021–2025",38,8,3801abc002a5
PAPUA PEGUNUNGAN,07,Kab. Yahukimo,,2022,,–,,"PDRB Per Kapita Atas Dasar Harga Berlaku di Provinsi Papua Pegunungan Menurut Kabupaten/Kota (ribu rupiah), 2021–2025","Per Capita GRDP at Current Market Prices by Regency/Municipality, in Papua Pegunungan Province (thousand rupiahss), 2021–2025",38,8,8750c75feb62
PAPUA PEGUNUNGAN,08,Kab. Pegunungan Bintang,,2022,,–,,"PDRB Per Kapita Atas Dasar Harga Berlaku di Provinsi Papua Pegunungan Menurut Kabupaten/Kota (ribu rupiah), 2021–2025","Per Capita GRDP at Current Market Prices by Regency/Municipality, in Papua Pegunungan Province (thousand rupiahss), 2021–2025",38,8,7cd5d7eaf36e
PAPUA PEGUNUNGAN,,Jml Kab./Kota Total of Reg./Mun.,,2022,,–,,"PDRB Per Kapita Atas Dasar Harga Berlaku di Provinsi Papua Pegunungan Menurut Kabupaten/Kota (ribu rupiah), 2021–2025","Per Capita GRDP at Current Market Prices by Regency/Municipality, in Papua Pegunungan Province (thousand rupiahss), 2021–2025",38,8,675136a90ff3
PAPUA PEGUNUNGAN,,Provinsi/Province,,2022,,–,,"PDRB Per Kapita Atas Dasar Harga Berlaku di Provinsi Papua Pegunungan Menurut Kabupaten/Kota (ribu rupiah), 2021–2025","Per Capita GRDP at Current Market Prices by Regency/Municipality, in Papua Pegunungan Province (thousand rupiahss), 2021–2025",38,8,959ea9f6330e
MALUKU,01,Kab. Kepulauan Tanimbar,,2023,,26.366,,"PDRB Per Kapita Atas Dasar Harga Berlaku di Provinsi Maluku Menurut Kabupaten/Kota (ribu rupiah), 2021–2025","Per Capita GRDP at Current Market Prices by Regency/Municipality, in Maluku Province (thousand rupiahss), 2021–2025",31,1,fb11f721cef9
MALUKU,02,Kab. Maluku Tenggara,,2023,,32.893,,"PDRB Per Kapita Atas Dasar Harga Berlaku di Provinsi Maluku Menurut Kabupaten/Kota (ribu rupiah), 2021–2025","Per Capita GRDP at Current Market Prices by Regency/Municipality, in Maluku Province (thousand rupiahss), 2021–2025",31,1,ed2c92c94062
MALUKU,03,Kab. Maluku Tengah,,2023,,24.680,,"PDRB Per Kapita Atas Dasar Harga Berlaku di Provinsi Maluku Menurut Kabupaten/Kota (ribu rupiah), 2021–2025","Per Capita GRDP at Current Market Prices by Regency/Municipality, in Maluku Province (thousand rupiahss), 2021–2025",31,1,6f19f7e62db8
MALUKU,04,Kab. Buru,,2023,,21.201,,"PDRB Per Kapita Atas Dasar Harga Berlaku di Provinsi Maluku Menurut Kabupaten/Kota (ribu rupiah), 2021–2025","Per Capita GRDP at Current Market Prices by Regency/Municipality, in Maluku Province (thousand rupiahss), 2021–2025",31,1,ce93c0077b1a
MALUKU,05,Kab. Kepulauan Aru,,2023,,41.319,,"PDRB Per Kapita Atas Dasar Harga Berlaku di Provinsi Maluku Menurut Kabupaten/Kota (ribu rupiah), 2021–2025","Per Capita GRDP at Current Market Prices by Regency/Municipality, in Maluku Province (thousand rupiahss), 2021–2025",31,1,5e232127a896
MALUKU,06,Kab. Seram Bagian Barat,,2023,,17.031,,"PDRB Per Kapita Atas Dasar Harga Berlaku di Provinsi Maluku Menurut Kabupaten/Kota (ribu rupiah), 2021–2025","Per Capita GRDP at Current Market Prices by Regency/Municipality, in Maluku Province (thousand rupiahss), 2021–2025",31,1,f3913b6ff95a
MALUKU,07,Kab. Seram Bagian Timur,,2023,,24.233,,"PDRB Per Kapita Atas Dasar Harga Berlaku di Provinsi Maluku Menurut Kabupaten/Kota (ribu rupiah), 2021–2025","Per Capita GRDP at Current Market Prices by Regency/Municipality, in Maluku Province (thousand rupiahss), 2021–2025",31,1,fd833a579f75
MALUKU,08,Kab. Maluku Barat Daya,,2023,,33.433,,"PDRB Per Kapita Atas Dasar Harga Berlaku di Provinsi Maluku Menurut Kabupaten/Kota (ribu rupiah), 2021–2025","Per Capita GRDP at Current Market Prices by Regency/Municipality, in Maluku Province (thousand rupiahss), 2021–2025",31,1,07afc730cff4
MALUKU,09,Kab. Buru Selatan,,2023,,22.229,,"PDRB Per Kapita Atas Dasar Harga Berlaku di Provinsi Maluku Menurut Kabupaten/Kota (ribu rupiah), 2021–2025","Per Capita GRDP at Current Market Prices by Regency/Municipality, in Maluku Province (thousand rupiahss), 2021–2025",31,1,f683843e04a2
MALUKU,71,Kota Ambon,,2023,,51.568,,"PDRB Per Kapita Atas Dasar Harga Berlaku di Provinsi Maluku Menurut Kabupaten/Kota (ribu rupiah), 2021–2025","Per Capita GRDP at Current Market Prices by Regency/Municipality, in Maluku Province (thousand rupiahss), 2021–2025",31,1,4a3e1bc388ce
MALUKU,72,Kota Tual,,2023,,34.994,,"PDRB Per Kapita Atas Dasar Harga Berlaku di Provinsi Maluku Menurut Kabupaten/Kota (ribu rupiah), 2021–2025","Per Capita GRDP at Current Market Prices by Regency/Municipality, in Maluku Province (thousand rupiahss), 2021–2025",31,1,36b74e314cbf
MALUKU,,Jml Kab./Kota Total of Reg./Mun.,,2023,,30.889,,"PDRB Per Kapita Atas Dasar Harga Berlaku di Provinsi Maluku Menurut Kabupaten/Kota (ribu rupiah), 2021–2025","Per Capita GRDP at Current Market Prices by Regency/Municipality, in Maluku Province (thousand rupiahss), 2021–2025",31,1,f3b85f8a2b4e
MALUKU,,Provinsi/Province,,2023,,30.455,,"PDRB Per Kapita Atas Dasar Harga Berlaku di Provinsi Maluku Menurut Kabupaten/Kota (ribu rupiah), 2021–2025","Per Capita GRDP at Current Market Prices by Regency/Municipality, in Maluku Province (thousand rupiahss), 2021–2025",31,1,3a48750f3055
MALUKU UTARA,01,Kab. Halmahera Barat,,2023,,19.677,,"PDRB Per Kapita Atas Dasar Harga Berlaku di Provinsi Maluku Utara Menurut Kabupaten/Kota (ribu rupiah), 2021–2025","Per Capita GRDP at Current Market Prices by Regency/Municipality, in Maluku Utara Province (thousand rupiahss), 2021–2025",32,2,06b8f70cb5b0
MALUKU UTARA,02,Kab. Halmahera Tengah,,2023,,479.057,,"PDRB Per Kapita Atas Dasar Harga Berlaku di Provinsi Maluku Utara Menurut Kabupaten/Kota (ribu rupiah), 2021–2025","Per Capita GRDP at Current Market Prices by Regency/Municipality, in Maluku Utara Province (thousand rupiahss), 2021–2025",32,2,eda8f5a2cdb3
MALUKU UTARA,03,Kab. Kepulauan Sula,,2023,,28.330,,"PDRB Per Kapita Atas Dasar Harga Berlaku di Provinsi Maluku Utara Menurut Kabupaten/Kota (ribu rupiah), 2021–2025","Per Capita GRDP at Current Market Prices by Regency/Municipality, in Maluku Utara Province (thousand rupiahss), 2021–2025",32,2,de0288e95698
MALUKU UTARA,04,Kab. Halmahera Selatan,,2023,,69.904,,"PDRB Per Kapita Atas Dasar Harga Berlaku di Provinsi Maluku Utara Menurut Kabupaten/Kota (ribu rupiah), 2021–2025","Per Capita GRDP at Current Market Prices by Regency/Municipality, in Maluku Utara Province (thousand rupiahss), 2021–2025",32,2,c10e53f525b7
MALUKU UTARA,05,Kab. Halmahera Utara,,2023,,32.904,,"PDRB Per Kapita Atas Dasar Harga Berlaku di Provinsi Maluku Utara Menurut Kabupaten/Kota (ribu rupiah), 2021–2025","Per Capita GRDP at Current Market Prices by Regency/Municipality, in Maluku Utara Province (thousand rupiahss), 2021–2025",32,2,3ee1e999fcb4
MALUKU UTARA,06,Kab. Halmahera Timur,,2023,,54.984,,"PDRB Per Kapita Atas Dasar Harga Berlaku di Provinsi Maluku Utara Menurut Kabupaten/Kota (ribu rupiah), 2021–2025","Per Capita GRDP at Current Market Prices by Regency/Municipality, in Maluku Utara Province (thousand rupiahss), 2021–2025",32,2,0aaa8fdb8b9b
MALUKU UTARA,07,Kab. Pulau Morotai,,2023,,23.752,,"PDRB Per Kapita Atas Dasar Harga Berlaku di Provinsi Maluku Utara Menurut Kabupaten/Kota (ribu rupiah), 2021–2025","Per Capita GRDP at Current Market Prices by Regency/Municipality, in Maluku Utara Province (thousand rupiahss), 2021–2025",32,2,2d4485c11278
MALUKU UTARA,08,Kab. Pulau Taliabu,,2023,,32.049,,"PDRB Per Kapita Atas Dasar Harga Berlaku di Provinsi Maluku Utara Menurut Kabupaten/Kota (ribu rupiah), 2021–2025","Per Capita GRDP at Current Market Prices by Regency/Municipality, in Maluku Utara Province (thousand rupiahss), 2021–2025",32,2,44586eac9df6
MALUKU UTARA,71,Kota Ternate,,2023,,64.160,,"PDRB Per Kapita Atas Dasar Harga Berlaku di Provinsi Maluku Utara Menurut Kabupaten/Kota (ribu rupiah), 2021–2025","Per Capita GRDP at Current Market Prices by Regency/Municipality, in Maluku Utara Province (thousand rupiahss), 2021–2025",32,2,dcb655a5c3b6
MALUKU UTARA,72,Kota Tidore Kepulauan,,2023,,29.199,,"PDRB Per Kapita Atas Dasar Harga Berlaku di Provinsi Maluku Utara Menurut Kabupaten/Kota (ribu rupiah), 2021–2025","Per Capita GRDP at Current Market Prices by Regency/Municipality, in Maluku Utara Province (thousand rupiahss), 2021–2025",32,2,7af4204f1534
MALUKU UTARA,,Jml Kab./Kota Total of Reg./Mun.,,2023,,64.227,,"PDRB Per Kapita Atas Dasar Harga Berlaku di Provinsi Maluku Utara Menurut Kabupaten/Kota (ribu rupiah), 2021–2025","Per Capita GRDP at Current Market Prices by Regency/Municipality, in Maluku Utara Province (thousand rupiahss), 2021–2025",32,2,1859313449c9
MALUKU UTARA,,Provinsi/Province,,2023,,64.270,,"PDRB Per Kapita Atas Dasar Harga Berlaku di Provinsi Maluku Utara Menurut Kabupaten/Kota (ribu rupiah), 2021–2025","Per Capita GRDP at Current Market Prices by Regency/Municipality, in Maluku Utara Province (thousand rupiahss), 2021–2025",32,2,bf109deebc54
PAPUA BARAT,01,Kab. Fak-Fak,,2023,,65.475,,"PDRB Per Kapita Atas Dasar Harga Berlaku di Provinsi Papua Barat Menurut Kabupaten/Kota (ribu rupiah), 2021–2025","Per Capita GRDP at Current Market Prices by Regency/Municipality, in Papua Barat Province (thousand rupiahss), 2021–2025",33,3,801ece24a186
PAPUA BARAT,02,Kab. Kaimana,,2023,,44.506,,"PDRB Per Kapita Atas Dasar Harga Berlaku di Provinsi Papua Barat Menurut Kabupaten/Kota (ribu rupiah), 2021–2025","Per Capita GRDP at Current Market Prices by Regency/Municipality, in Papua Barat Province (thousand rupiahss), 2021–2025",33,3,a3dd35c741fa
PAPUA BARAT,03,Kab. Teluk Wondama,,2023,,39.290,,"PDRB Per Kapita Atas Dasar Harga Berlaku di Provinsi Papua Barat Menurut Kabupaten/Kota (ribu rupiah), 2021–2025","Per Capita GRDP at Current Market Prices by Regency/Municipality, in Papua Barat Province (thousand rupiahss), 2021–2025",33,3,aea58de652e6
PAPUA BARAT,04,Kab. Teluk Bintuni,,2023,,438.847,,"PDRB Per Kapita Atas Dasar Harga Berlaku di Provinsi Papua Barat Menurut Kabupaten/Kota (ribu rupiah), 2021–2025","Per Capita GRDP at Current Market Prices by Regency/Municipality, in Papua Barat Province (thousand rupiahss), 2021–2025",33,3,dfe3fc657346
PAPUA BARAT,05,Kab. Manokwari,,2023,,52.757,,"PDRB Per Kapita Atas Dasar Harga Berlaku di Provinsi Papua Barat Menurut Kabupaten/Kota (ribu rupiah), 2021–2025","Per Capita GRDP at Current Market Prices by Regency/Municipality, in Papua Barat Province (thousand rupiahss), 2021–2025",33,3,cbb62897a061
PAPUA BARAT,06,Kab. Sorong Selatan,,2023,,–,,"PDRB Per Kapita Atas Dasar Harga Berlaku di Provinsi Papua Barat Menurut Kabupaten/Kota (ribu rupiah), 2021–2025","Per Capita GRDP at Current Market Prices by Regency/Municipality, in Papua Barat Province (thousand rupiahss), 2021–2025",33,3,67bd365f45c1
PAPUA BARAT,07,Kab. Sorong,,2023,,–,,"PDRB Per Kapita Atas Dasar Harga Berlaku di Provinsi Papua Barat Menurut Kabupaten/Kota (ribu rupiah), 2021–2025","Per Capita GRDP at Current Market Prices by Regency/Municipality, in Papua Barat Province (thousand rupiahss), 2021–2025",33,3,e5ed0b5a7104
PAPUA BARAT,08,Kab. Raja Ampat,,2023,,–,,"PDRB Per Kapita Atas Dasar Harga Berlaku di Provinsi Papua Barat Menurut Kabupaten/Kota (ribu rupiah), 2021–2025","Per Capita GRDP at Current Market Prices by Regency/Municipality, in Papua Barat Province (thousand rupiahss), 2021–2025",33,3,dc54789913c6
PAPUA BARAT,09,Kab. Tambrauw,,2023,,–,,"PDRB Per Kapita Atas Dasar Harga Berlaku di Provinsi Papua Barat Menurut Kabupaten/Kota (ribu rupiah), 2021–2025","Per Capita GRDP at Current Market Prices by Regency/Municipality, in Papua Barat Province (thousand rupiahss), 2021–2025",33,3,cdeaf3a02d9f
PAPUA BARAT,10,Kab. Maybrat,,2023,,–,,"PDRB Per Kapita Atas Dasar Harga Berlaku di Provinsi Papua Barat Menurut Kabupaten/Kota (ribu rupiah), 2021–2025","Per Capita GRDP at Current Market Prices by Regency/Municipality, in Papua Barat Province (thousand rupiahss), 2021–2025",33,3,0a3d01000fd0
PAPUA BARAT,11,Kab. Manokwari Selatan,,2023,,24.372,,"PDRB Per Kapita Atas Dasar Harga Berlaku di Provinsi Papua Barat Menurut Kabupaten/Kota (ribu rupiah), 2021–2025","Per Capita GRDP at Current Market Prices by Regency/Municipality, in Papua Barat Province (thousand rupiahss), 2021–2025",33,3,7385a1b89a61
PAPUA BARAT,12,Kab. Pegunungan Arfak,,2023,,7.583,,"PDRB Per Kapita Atas Dasar Harga Berlaku di Provinsi Papua Barat Menurut Kabupaten/Kota (ribu rupiah), 2021–2025","Per Capita GRDP at Current Market Prices by Regency/Municipality, in Papua Barat Province (thousand rupiahss), 2021–2025",33,3,0e4176f8182a
PAPUA BARAT,71,Kota Sorong,,2023,,–,,"PDRB Per Kapita Atas Dasar Harga Berlaku di Provinsi Papua Barat Menurut Kabupaten/Kota (ribu rupiah), 2021–2025","Per Capita GRDP at Current Market Prices by Regency/Municipality, in Papua Barat Province (thousand rupiahss), 2021–2025",33,3,b0a37f453de5
PAPUA BARAT,,Jml Kab./Kota Total of Reg./Mun.,,2023,,52.143,,"PDRB Per Kapita Atas Dasar Harga Berlaku di Provinsi Papua Barat Menurut Kabupaten/Kota (ribu rupiah), 2021–2025","Per Capita GRDP at Current Market Prices by Regency/Municipality, in Papua Barat Province (thousand rupiahss), 2021–2025",33,3,9a575972b108
PAPUA BARAT,,Provinsi/Province,,2023,,108.110,,"PDRB Per Kapita Atas Dasar Harga Berlaku di Provinsi Papua Barat Menurut Kabupaten/Kota (ribu rupiah), 2021–2025","Per Capita GRDP at Current Market Prices by Regency/Municipality, in Papua Barat Province (thousand rupiahss), 2021–2025",33,3,1453e6093b3a
PAPUA BARAT DAYA,01,Kab. Raja Ampat,,2023,,60.653,,"PDRB Per Kapita Atas Dasar Harga Berlaku di Provinsi Papua Barat Daya Menurut Kabupaten/Kota (ribu rupiah), 2021–2025","Per Capita GRDP at Current Market Prices by Regency/Municipality, in Papua Barat Daya Province (thousand rupiahss), 2021–2025",34,4,bc2878b99110
PAPUA BARAT DAYA,02,Kab. Sorong,,2023,,98.547,,"PDRB Per Kapita Atas Dasar Harga Berlaku di Provinsi Papua Barat Daya Menurut Kabupaten/Kota (ribu rupiah), 2021–2025","Per Capita GRDP at Current Market Prices by Regency/Municipality, in Papua Barat Daya Province (thousand rupiahss), 2021–2025",34,4,49ff0a59eb82
PAPUA BARAT DAYA,03,Kab. Sorong Selatan,,2023,,40.752,,"PDRB Per Kapita Atas Dasar Harga Berlaku di Provinsi Papua Barat Daya Menurut Kabupaten/Kota (ribu rupiah), 2021–2025","Per Capita GRDP at Current Market Prices by Regency/Municipality, in Papua Barat Daya Province (thousand rupiahss), 2021–2025",34,4,bbcffb1a9628
PAPUA BARAT DAYA,04,Kab. Maybrat,,2023,,17.569,,"PDRB Per Kapita Atas Dasar Harga Berlaku di Provinsi Papua Barat Daya Menurut Kabupaten/Kota (ribu rupiah), 2021–2025","Per Capita GRDP at Current Market Prices by Regency/Municipality, in Papua Barat Daya Province (thousand rupiahss), 2021–2025",34,4,3936c6a74d3a
PAPUA BARAT DAYA,05,Kab. Tambrauw,,2023,,8.906,,"PDRB Per Kapita Atas Dasar Harga Berlaku di Provinsi Papua Barat Daya Menurut Kabupaten/Kota (ribu rupiah), 2021–2025","Per Capita GRDP at Current Market Prices by Regency/Municipality, in Papua Barat Daya Province (thousand rupiahss), 2021–2025",34,4,4854bcdce32b
PAPUA BARAT DAYA,71,Kota Sorong,,2023,,57.043,,"PDRB Per Kapita Atas Dasar Harga Berlaku di Provinsi Papua Barat Daya Menurut Kabupaten/Kota (ribu rupiah), 2021–2025","Per Capita GRDP at Current Market Prices by Regency/Municipality, in Papua Barat Daya Province (thousand rupiahss), 2021–2025",34,4,a5b853fa3795
PAPUA BARAT DAYA,,Jml Kab./Kota Total of Reg./Mun.,,2023,,58.841,,"PDRB Per Kapita Atas Dasar Harga Berlaku di Provinsi Papua Barat Daya Menurut Kabupaten/Kota (ribu rupiah), 2021–2025","Per Capita GRDP at Current Market Prices by Regency/Municipality, in Papua Barat Daya Province (thousand rupiahss), 2021–2025",34,4,ed3d7877fe95
PAPUA BARAT DAYA,,Provinsi/Province,,2023,,58.450,,"PDRB Per Kapita Atas Dasar Harga Berlaku di Provinsi Papua Barat Daya Menurut Kabupaten/Kota (ribu rupiah), 2021–2025","Per Capita GRDP at Current Market Prices by Regency/Municipality, in Papua Barat Daya Province (thousand rupiahss), 2021–2025",34,4,1f9c36fc3038
PAPUA,01,Kab. Merauke,,2023,,–,,"PDRB Per Kapita Atas Dasar Harga Berlaku di Provinsi Papua Menurut Kabupaten/Kota (ribu rupiah), 2021–2025","Per Capita GRDP at Current Market Prices by Regency/Municipality, in Papua Province (thousand rupiahss), 2021–2025",35,5,497e00dce076
PAPUA,02,Kab. Jayawijaya,,2023,,–,,"PDRB Per Kapita Atas Dasar Harga Berlaku di Provinsi Papua Menurut Kabupaten/Kota (ribu rupiah), 2021–2025","Per Capita GRDP at Current Market Prices by Regency/Municipality, in Papua Province (thousand rupiahss), 2021–2025",35,5,2d79bc99918d
PAPUA,03,Kab. Jayapura,,2023,,111.937,,"PDRB Per Kapita Atas Dasar Harga Berlaku di Provinsi Papua Menurut Kabupaten/Kota (ribu rupiah), 2021–2025","Per Capita GRDP at Current Market Prices by Regency/Municipality, in Papua Province (thousand rupiahss), 2021–2025",35,5,39f67b7111ff
PAPUA,04,Kab. Nabire,,2023,,–,,"PDRB Per Kapita Atas Dasar Harga Berlaku di Provinsi Papua Menurut Kabupaten/Kota (ribu rupiah), 2021–2025","Per Capita GRDP at Current Market Prices by Regency/Municipality, in Papua Province (thousand rupiahss), 2021–2025",35,5,4e1d4ae04b41
PAPUA,08,Kab. Kepulauan Yapen,,2023,,42.464,,"PDRB Per Kapita Atas Dasar Harga Berlaku di Provinsi Papua Menurut Kabupaten/Kota (ribu rupiah), 2021–2025","Per Capita GRDP at Current Market Prices by Regency/Municipality, in Papua Province (thousand rupiahss), 2021–2025",35,5,7dfef0037305
PAPUA,09,Kab. Biak Numfor,,2023,,45.065,,"PDRB Per Kapita Atas Dasar Harga Berlaku di Provinsi Papua Menurut Kabupaten/Kota (ribu rupiah), 2021–2025","Per Capita GRDP at Current Market Prices by Regency/Municipality, in Papua Province (thousand rupiahss), 2021–2025",35,5,0934b9c5d21f
PAPUA,10,Kab. Paniai,,2023,,–,,"PDRB Per Kapita Atas Dasar Harga Berlaku di Provinsi Papua Menurut Kabupaten/Kota (ribu rupiah), 2021–2025","Per Capita GRDP at Current Market Prices by Regency/Municipality, in Papua Province (thousand rupiahss), 2021–2025",35,5,d09ae4f4f5ba
PAPUA,11,Kab. Puncak Jaya,,2023,,–,,"PDRB Per Kapita Atas Dasar Harga Berlaku di Provinsi Papua Menurut Kabupaten/Kota (ribu rupiah), 2021–2025","Per Capita GRDP at Current Market Prices by Regency/Municipality, in Papua Province (thousand rupiahss), 2021–2025",35,5,751fde514d1b
PAPUA,12,Kab. Mimika,,2023,,–,,"PDRB Per Kapita Atas Dasar Harga Berlaku di Provinsi Papua Menurut Kabupaten/Kota (ribu rupiah), 2021–2025","Per Capita GRDP at Current Market Prices by Regency/Municipality, in Papua Province (thousand rupiahss), 2021–2025",35,5,466b3af06ed9
PAPUA,13,Kab. Boven Digoel,,2023,,–,,"PDRB Per Kapita Atas Dasar Harga Berlaku di Provinsi Papua Menurut Kabupaten/Kota (ribu rupiah), 2021–2025","Per Capita GRDP at Current Market Prices by Regency/Municipality, in Papua Province (thousand rupiahss), 2021–2025",35,5,7459718e9b9b
PAPUA,14,Kab. Mappi,,2023,,–,,"PDRB Per Kapita Atas Dasar Harga Berlaku di Provinsi Papua Menurut Kabupaten/Kota (ribu rupiah), 2021–2025","Per Capita GRDP at Current Market Prices by Regency/Municipality, in Papua Province (thousand rupiahss), 2021–2025",35,5,e90e7323e2a1
PAPUA,15,Kab. Asmat,,2023,,–,,"PDRB Per Kapita Atas Dasar Harga Berlaku di Provinsi Papua Menurut Kabupaten/Kota (ribu rupiah), 2021–2025","Per Capita GRDP at Current Market Prices by Regency/Municipality, in Papua Province (thousand rupiahss), 2021–2025",35,5,9033aadfa480
PAPUA,16,Kab. Yahukimo,,2023,,–,,"PDRB Per Kapita Atas Dasar Harga Berlaku di Provinsi Papua Menurut Kabupaten/Kota (ribu rupiah), 2021–2025","Per Capita GRDP at Current Market Prices by Regency/Municipality, in Papua Province (thousand rupiahss), 2021–2025",35,5,9e44c3b36f1d
PAPUA,17,Kab. Pegunungan Bintang,,2023,,–,,"PDRB Per Kapita Atas Dasar Harga Berlaku di Provinsi Papua Menurut Kabupaten/Kota (ribu rupiah), 2021–2025","Per Capita GRDP at Current Market Prices by Regency/Municipality, in Papua Province (thousand rupiahss), 2021–2025",35,5,2d287cc31dcc
PAPUA,18,Kab. Tolikara,,2023,,–,,"PDRB Per Kapita Atas Dasar Harga Berlaku di Provinsi Papua Menurut Kabupaten/Kota (ribu rupiah), 2021–2025","Per Capita GRDP at Current Market Prices by Regency/Municipality, in Papua Province (thousand rupiahss), 2021–2025",35,5,0cfc75631a9c
PAPUA,19,Kab. Sarmi,,2023,,83.467,,"PDRB Per Kapita Atas Dasar Harga Berlaku di Provinsi Papua Menurut Kabupaten/Kota (ribu rupiah), 2021–2025","Per Capita GRDP at Current Market Prices by Regency/Municipality, in Papua Province (thousand rupiahss), 2021–2025",35,5,b080123b055b
PAPUA,20,Kab. Keerom,,2023,,53.337,,"PDRB Per Kapita Atas Dasar Harga Berlaku di Provinsi Papua Menurut Kabupaten/Kota (ribu rupiah), 2021–2025","Per Capita GRDP at Current Market Prices by Regency/Municipality, in Papua Province (thousand rupiahss), 2021–2025",35,5,16a381768340
PAPUA,26,Kab. Waropen,,2023,,65.591,,"PDRB Per Kapita Atas Dasar Harga Berlaku di Provinsi Papua Menurut Kabupaten/Kota (ribu rupiah), 2021–2025","Per Capita GRDP at Current Market Prices by Regency/Municipality, in Papua Province (thousand rupiahss), 2021–2025",35,5,2b8709db6909
PAPUA,27,Kab. Supiori,,2023,,48.805,,"PDRB Per Kapita Atas Dasar Harga Berlaku di Provinsi Papua Menurut Kabupaten/Kota (ribu rupiah), 2021–2025","Per Capita GRDP at Current Market Prices by Regency/Municipality, in Papua Province (thousand rupiahss), 2021–2025",35,5,36a839fc6bbd
PAPUA,28,Kab. Mamberamo Raya,,2023,,55.479,,"PDRB Per Kapita Atas Dasar Harga Berlaku di Provinsi Papua Menurut Kabupaten/Kota (ribu rupiah), 2021–2025","Per Capita GRDP at Current Market Prices by Regency/Municipality, in Papua Province (thousand rupiahss), 2021–2025",35,5,df7dc998587d
PAPUA,29,Kab. Nduga,,2023,,–,,"PDRB Per Kapita Atas Dasar Harga Berlaku di Provinsi Papua Menurut Kabupaten/Kota (ribu rupiah), 2021–2025","Per Capita GRDP at Current Market Prices by Regency/Municipality, in Papua Province (thousand rupiahss), 2021–2025",35,5,1db553bd97a4
PAPUA,30,Kab. Lanny Jaya,,2023,,–,,"PDRB Per Kapita Atas Dasar Harga Berlaku di Provinsi Papua Menurut Kabupaten/Kota (ribu rupiah), 2021–2025","Per Capita GRDP at Current Market Prices by Regency/Municipality, in Papua Province (thousand rupiahss), 2021–2025",35,5,8a443e27edda
PAPUA,31,Kab. Mamberamo Tengah,,2023,,–,,"PDRB Per Kapita Atas Dasar Harga Berlaku di Provinsi Papua Menurut Kabupaten/Kota (ribu rupiah), 2021–2025","Per Capita GRDP at Current Market Prices by Regency/Municipality, in Papua Province (thousand rupiahss), 2021–2025",35,5,ed1036fbd067
PAPUA,32,Kab. Yalimo,,2023,,–,,"PDRB Per Kapita Atas Dasar Harga Berlaku di Provinsi Papua Menurut Kabupaten/Kota (ribu rupiah), 2021–2025","Per Capita GRDP at Current Market Prices by Regency/Municipality, in Papua Province (thousand rupiahss), 2021–2025",35,5,c762d061787a
PAPUA,33,Kab. Puncak,,2023,,–,,"PDRB Per Kapita Atas Dasar Harga Berlaku di Provinsi Papua Menurut Kabupaten/Kota (ribu rupiah), 2021–2025","Per Capita GRDP at Current Market Prices by Regency/Municipality, in Papua Province (thousand rupiahss), 2021–2025",35,5,51a57b7b8fd0
PAPUA,34,Kab. Dogiyai,,2023,,–,,"PDRB Per Kapita Atas Dasar Harga Berlaku di Provinsi Papua Menurut Kabupaten/Kota (ribu rupiah), 2021–2025","Per Capita GRDP at Current Market Prices by Regency/Municipality, in Papua Province (thousand rupiahss), 2021–2025",35,5,3021e317f275
PAPUA,35,Kab. Intan Jaya,,2023,,–,,"PDRB Per Kapita Atas Dasar Harga Berlaku di Provinsi Papua Menurut Kabupaten/Kota (ribu rupiah), 2021–2025","Per Capita GRDP at Current Market Prices by Regency/Municipality, in Papua Province (thousand rupiahss), 2021–2025",35,5,1d3d18384809
PAPUA,36,Kab. Deiyai,,2023,,–,,"PDRB Per Kapita Atas Dasar Harga Berlaku di Provinsi Papua Menurut Kabupaten/Kota (ribu rupiah), 2021–2025","Per Capita GRDP at Current Market Prices by Regency/Municipality, in Papua Province (thousand rupiahss), 2021–2025",35,5,e1998b538195
PAPUA,71,Kota Jayapura,,2023,,91.451,,"PDRB Per Kapita Atas Dasar Harga Berlaku di Provinsi Papua Menurut Kabupaten/Kota (ribu rupiah), 2021–2025","Per Capita GRDP at Current Market Prices by Regency/Municipality, in Papua Province (thousand rupiahss), 2021–2025",35,5,785cff42b322
PAPUA,,Jml Kab./Kota Total of Reg./Mun.,,2023,,20.414,,"PDRB Per Kapita Atas Dasar Harga Berlaku di Provinsi Papua Menurut Kabupaten/Kota (ribu rupiah), 2021–2025","Per Capita GRDP at Current Market Prices by Regency/Municipality, in Papua Province (thousand rupiahss), 2021–2025",35,5,513d0dd2d30b
PAPUA,,Provinsi/Province,,2023,,78.055,,"PDRB Per Kapita Atas Dasar Harga Berlaku di Provinsi Papua Menurut Kabupaten/Kota (ribu rupiah), 2021–2025","Per Capita GRDP at Current Market Prices by Regency/Municipality, in Papua Province (thousand rupiahss), 2021–2025",35,5,4af7527e6e51
PAPUA SELATAN,01,Kab. Merauke,,2023,,80.469,,"PDRB Per Kapita Atas Dasar Harga Berlaku di Provinsi Papua Selatan Menurut Kabupaten/Kota (ribu rupiah), 2021–2025","Per Capita GRDP at Current Market Prices by Regency/Municipality, in Papua Selatan Province (thousand rupiahss), 2021–2025",36,6,5c9900dea587
PAPUA SELATAN,02,Kab. Boven Digoel,,2023,,79.055,,"PDRB Per Kapita Atas Dasar Harga Berlaku di Provinsi Papua Selatan Menurut Kabupaten/Kota (ribu rupiah), 2021–2025","Per Capita GRDP at Current Market Prices by Regency/Municipality, in Papua Selatan Province (thousand rupiahss), 2021–2025",36,6,41cc800e536b
PAPUA SELATAN,03,Kab. Mappi,,2023,,31.849,,"PDRB Per Kapita Atas Dasar Harga Berlaku di Provinsi Papua Selatan Menurut Kabupaten/Kota (ribu rupiah), 2021–2025","Per Capita GRDP at Current Market Prices by Regency/Municipality, in Papua Selatan Province (thousand rupiahss), 2021–2025",36,6,2d301e817c64
PAPUA SELATAN,04,Kab. Asmat,,2023,,27.316,,"PDRB Per Kapita Atas Dasar Harga Berlaku di Provinsi Papua Selatan Menurut Kabupaten/Kota (ribu rupiah), 2021–2025","Per Capita GRDP at Current Market Prices by Regency/Municipality, in Papua Selatan Province (thousand rupiahss), 2021–2025",36,6,e945492d7783
PAPUA SELATAN,,Jml Kab./Kota Total of Reg./Mun.,,2023,,58.429,,"PDRB Per Kapita Atas Dasar Harga Berlaku di Provinsi Papua Selatan Menurut Kabupaten/Kota (ribu rupiah), 2021–2025","Per Capita GRDP at Current Market Prices by Regency/Municipality, in Papua Selatan Province (thousand rupiahss), 2021–2025",36,6,3d5898d1a05c
PAPUA SELATAN,,Provinsi/Province,,2023,,58.581,,"PDRB Per Kapita Atas Dasar Harga Berlaku di Provinsi Papua Selatan Menurut Kabupaten/Kota (ribu rupiah), 2021–2025","Per Capita GRDP at Current Market Prices by Regency/Municipality, in Papua Selatan Province (thousand rupiahss), 2021–2025",36,6,1b82b46858f1
PAPUA TENGAH,01,Kab. Mimika,,2023,,391.756,,"PDRB Per Kapita Atas Dasar Harga Berlaku di Provinsi Papua Tengah Menurut Kabupaten/Kota (ribu rupiah), 2021–2025","Per Capita GRDP at Current Market Prices by Regency/Municipality, in Papua Tengah Province (thousand rupiahss), 2021–2025",37,7,5338eaf798ce
PAPUA TENGAH,02,Kab. Dogiyai,,2023,,12.512,,"PDRB Per Kapita Atas Dasar Harga Berlaku di Provinsi Papua Tengah Menurut Kabupaten/Kota (ribu rupiah), 2021–2025","Per Capita GRDP at Current Market Prices by Regency/Municipality, in Papua Tengah Province (thousand rupiahss), 2021–2025",37,7,ed57a6d66c3a
PAPUA TENGAH,03,Kab. Deiyai,,2023,,15.907,,"PDRB Per Kapita Atas Dasar Harga Berlaku di Provinsi Papua Tengah Menurut Kabupaten/Kota (ribu rupiah), 2021–2025","Per Capita GRDP at Current Market Prices by Regency/Municipality, in Papua Tengah Province (thousand rupiahss), 2021–2025",37,7,7c2d5c2e62b4
PAPUA TENGAH,04,Kab. Nabire,,2023,,77.708,,"PDRB Per Kapita Atas Dasar Harga Berlaku di Provinsi Papua Tengah Menurut Kabupaten/Kota (ribu rupiah), 2021–2025","Per Capita GRDP at Current Market Prices by Regency/Municipality, in Papua Tengah Province (thousand rupiahss), 2021–2025",37,7,27f3a9e86a85
PAPUA TENGAH,05,Kab. Paniai,,2023,,21.552,,"PDRB Per Kapita Atas Dasar Harga Berlaku di Provinsi Papua Tengah Menurut Kabupaten/Kota (ribu rupiah), 2021–2025","Per Capita GRDP at Current Market Prices by Regency/Municipality, in Papua Tengah Province (thousand rupiahss), 2021–2025",37,7,a4a363a93a72
PAPUA TENGAH,06,Kab. Intan Jaya,,2023,,9.915,,"PDRB Per Kapita Atas Dasar Harga Berlaku di Provinsi Papua Tengah Menurut Kabupaten/Kota (ribu rupiah), 2021–2025","Per Capita GRDP at Current Market Prices by Regency/Municipality, in Papua Tengah Province (thousand rupiahss), 2021–2025",37,7,3061fed1d96c
PAPUA TENGAH,07,Kab. Puncak,,2023,,13.774,,"PDRB Per Kapita Atas Dasar Harga Berlaku di Provinsi Papua Tengah Menurut Kabupaten/Kota (ribu rupiah), 2021–2025","Per Capita GRDP at Current Market Prices by Regency/Municipality, in Papua Tengah Province (thousand rupiahss), 2021–2025",37,7,c1585ebc9e6d
PAPUA TENGAH,08,Kab. Puncak Jaya,,2023,,6.464,,"PDRB Per Kapita Atas Dasar Harga Berlaku di Provinsi Papua Tengah Menurut Kabupaten/Kota (ribu rupiah), 2021–2025","Per Capita GRDP at Current Market Prices by Regency/Municipality, in Papua Tengah Province (thousand rupiahss), 2021–2025",37,7,378ba5812d7f
PAPUA TENGAH,,Jml Kab./Kota Total of Reg./Mun.,,2023,,105.415,,"PDRB Per Kapita Atas Dasar Harga Berlaku di Provinsi Papua Tengah Menurut Kabupaten/Kota (ribu rupiah), 2021–2025","Per Capita GRDP at Current Market Prices by Regency/Municipality, in Papua Tengah Province (thousand rupiahss), 2021–2025",37,7,cba42b5fec3c
PAPUA TENGAH,,Provinsi/Province,,2023,,103.508,,"PDRB Per Kapita Atas Dasar Harga Berlaku di Provinsi Papua Tengah Menurut Kabupaten/Kota (ribu rupiah), 2021–2025","Per Capita GRDP at Current Market Prices by Regency/Municipality, in Papua Tengah Province (thousand rupiahss), 2021–2025",37,7,e6b2a8bd8c69
PAPUA PEGUNUNGAN,01,Kab. Nduga,,2023,,13.531,,"PDRB Per Kapita Atas Dasar Harga Berlaku di Provinsi Papua Pegunungan Menurut Kabupaten/Kota (ribu rupiah), 2021–2025","Per Capita GRDP at Current Market Prices by Regency/Municipality, in Papua Pegunungan Province (thousand rupiahss), 2021–2025",38,8,470ff9b05599
PAPUA PEGUNUNGAN,02,Kab. Jayawijaya,,2023,,36.504,,"PDRB Per Kapita Atas Dasar Harga Berlaku di Provinsi Papua Pegunungan Menurut Kabupaten/Kota (ribu rupiah), 2021–2025","Per Capita GRDP at Current Market Prices by Regency/Municipality, in Papua Pegunungan Province (thousand rupiahss), 2021–2025",38,8,4bb95b38b925
PAPUA PEGUNUNGAN,03,Kab. Lanny Jaya,,2023,,11.309,,"PDRB Per Kapita Atas Dasar Harga Berlaku di Provinsi Papua Pegunungan Menurut Kabupaten/Kota (ribu rupiah), 2021–2025","Per Capita GRDP at Current Market Prices by Regency/Municipality, in Papua Pegunungan Province (thousand rupiahss), 2021–2025",38,8,7e021655a116
PAPUA PEGUNUNGAN,04,Kab. Tolikara,,2023,,8.223,,"PDRB Per Kapita Atas Dasar Harga Berlaku di Provinsi Papua Pegunungan Menurut Kabupaten/Kota (ribu rupiah), 2021–2025","Per Capita GRDP at Current Market Prices by Regency/Municipality, in Papua Pegunungan Province (thousand rupiahss), 2021–2025",38,8,836681613a20
PAPUA PEGUNUNGAN,05,Kab. Mamberamo Tengah,,2023,,26.632,,"PDRB Per Kapita Atas Dasar Harga Berlaku di Provinsi Papua Pegunungan Menurut Kabupaten/Kota (ribu rupiah), 2021–2025","Per Capita GRDP at Current Market Prices by Regency/Municipality, in Papua Pegunungan Province (thousand rupiahss), 2021–2025",38,8,c7637c48b3bc
PAPUA PEGUNUNGAN,06,Kab. Yalimo,,2023,,14.606,,"PDRB Per Kapita Atas Dasar Harga Berlaku di Provinsi Papua Pegunungan Menurut Kabupaten/Kota (ribu rupiah), 2021–2025","Per Capita GRDP at Current Market Prices by Regency/Municipality, in Papua Pegunungan Province (thousand rupiahss), 2021–2025",38,8,bc78afe2910d
PAPUA PEGUNUNGAN,07,Kab. Yahukimo,,2023,,7.900,,"PDRB Per Kapita Atas Dasar Harga Berlaku di Provinsi Papua Pegunungan Menurut Kabupaten/Kota (ribu rupiah), 2021–2025","Per Capita GRDP at Current Market Prices by Regency/Municipality, in Papua Pegunungan Province (thousand rupiahss), 2021–2025",38,8,f76405460b0b
PAPUA PEGUNUNGAN,08,Kab. Pegunungan Bintang,,2023,,28.924,,"PDRB Per Kapita Atas Dasar Harga Berlaku di Provinsi Papua Pegunungan Menurut Kabupaten/Kota (ribu rupiah), 2021–2025","Per Capita GRDP at Current Market Prices by Regency/Municipality, in Papua Pegunungan Province (thousand rupiahss), 2021–2025",38,8,6e5bc8eace9f
PAPUA PEGUNUNGAN,,Jml Kab./Kota Total of Reg./Mun.,,2023,,16.734,,"PDRB Per Kapita Atas Dasar Harga Berlaku di Provinsi Papua Pegunungan Menurut Kabupaten/Kota (ribu rupiah), 2021–2025","Per Capita GRDP at Current Market Prices by Regency/Municipality, in Papua Pegunungan Province (thousand rupiahss), 2021–2025",38,8,395faddc0b00
PAPUA PEGUNUNGAN,,Provinsi/Province,,2023,,16.870,,"PDRB Per Kapita Atas Dasar Harga Berlaku di Provinsi Papua Pegunungan Menurut Kabupaten/Kota (ribu rupiah), 2021–2025","Per Capita GRDP at Current Market Prices by Regency/Municipality, in Papua Pegunungan Province (thousand rupiahss), 2021–2025",38,8,1a35dea558ed
MALUKU,01,Kab. Kepulauan Tanimbar,,2024,*,27.728,,"PDRB Per Kapita Atas Dasar Harga Berlaku di Provinsi Maluku Menurut Kabupaten/Kota (ribu rupiah), 2021–2025","Per Capita GRDP at Current Market Prices by Regency/Municipality, in Maluku Province (thousand rupiahss), 2021–2025",31,1,005a06266e63
MALUKU,02,Kab. Maluku Tenggara,,2024,*,34.920,,"PDRB Per Kapita Atas Dasar Harga Berlaku di Provinsi Maluku Menurut Kabupaten/Kota (ribu rupiah), 2021–2025","Per Capita GRDP at Current Market Prices by Regency/Municipality, in Maluku Province (thousand rupiahss), 2021–2025",31,1,04c50f04455e
MALUKU,03,Kab. Maluku Tengah,,2024,*,25.983,,"PDRB Per Kapita Atas Dasar Harga Berlaku di Provinsi Maluku Menurut Kabupaten/Kota (ribu rupiah), 2021–2025","Per Capita GRDP at Current Market Prices by Regency/Municipality, in Maluku Province (thousand rupiahss), 2021–2025",31,1,08fa8ab0977c
MALUKU,04,Kab. Buru,,2024,*,22.256,,"PDRB Per Kapita Atas Dasar Harga Berlaku di Provinsi Maluku Menurut Kabupaten/Kota (ribu rupiah), 2021–2025","Per Capita GRDP at Current Market Prices by Regency/Municipality, in Maluku Province (thousand rupiahss), 2021–2025",31,1,9efc917f3890
MALUKU,05,Kab. Kepulauan Aru,,2024,*,43.620,,"PDRB Per Kapita Atas Dasar Harga Berlaku di Provinsi Maluku Menurut Kabupaten/Kota (ribu rupiah), 2021–2025","Per Capita GRDP at Current Market Prices by Regency/Municipality, in Maluku Province (thousand rupiahss), 2021–2025",31,1,ef4f2c677648
MALUKU,06,Kab. Seram Bagian Barat,,2024,*,18.037,,"PDRB Per Kapita Atas Dasar Harga Berlaku di Provinsi Maluku Menurut Kabupaten/Kota (ribu rupiah), 2021–2025","Per Capita GRDP at Current Market Prices by Regency/Municipality, in Maluku Province (thousand rupiahss), 2021–2025",31,1,6be3a0dcae47
MALUKU,07,Kab. Seram Bagian Timur,,2024,*,25.034,,"PDRB Per Kapita Atas Dasar Harga Berlaku di Provinsi Maluku Menurut Kabupaten/Kota (ribu rupiah), 2021–2025","Per Capita GRDP at Current Market Prices by Regency/Municipality, in Maluku Province (thousand rupiahss), 2021–2025",31,1,301603a5da46
MALUKU,08,Kab. Maluku Barat Daya,,2024,*,36.666,,"PDRB Per Kapita Atas Dasar Harga Berlaku di Provinsi Maluku Menurut Kabupaten/Kota (ribu rupiah), 2021–2025","Per Capita GRDP at Current Market Prices by Regency/Municipality, in Maluku Province (thousand rupiahss), 2021–2025",31,1,91aa93bc8acd
MALUKU,09,Kab. Buru Selatan,,2024,*,23.340,,"PDRB Per Kapita Atas Dasar Harga Berlaku di Provinsi Maluku Menurut Kabupaten/Kota (ribu rupiah), 2021–2025","Per Capita GRDP at Current Market Prices by Regency/Municipality, in Maluku Province (thousand rupiahss), 2021–2025",31,1,78d3d43beeae
MALUKU,71,Kota Ambon,,2024,*,54.699,,"PDRB Per Kapita Atas Dasar Harga Berlaku di Provinsi Maluku Menurut Kabupaten/Kota (ribu rupiah), 2021–2025","Per Capita GRDP at Current Market Prices by Regency/Municipality, in Maluku Province (thousand rupiahss), 2021–2025",31,1,1826d4b45d94
MALUKU,72,Kota Tual,,2024,*,36.846,,"PDRB Per Kapita Atas Dasar Harga Berlaku di Provinsi Maluku Menurut Kabupaten/Kota (ribu rupiah), 2021–2025","Per Capita GRDP at Current Market Prices by Regency/Municipality, in Maluku Province (thousand rupiahss), 2021–2025",31,1,c6c6fbd85e03
MALUKU,,Jml Kab./Kota Total of Reg./Mun.,,2024,*,32.641,,"PDRB Per Kapita Atas Dasar Harga Berlaku di Provinsi Maluku Menurut Kabupaten/Kota (ribu rupiah), 2021–2025","Per Capita GRDP at Current Market Prices by Regency/Municipality, in Maluku Province (thousand rupiahss), 2021–2025",31,1,06f6ca4df0bb
MALUKU,,Provinsi/Province,,2024,*,32.199,,"PDRB Per Kapita Atas Dasar Harga Berlaku di Provinsi Maluku Menurut Kabupaten/Kota (ribu rupiah), 2021–2025","Per Capita GRDP at Current Market Prices by Regency/Municipality, in Maluku Province (thousand rupiahss), 2021–2025",31,1,6f2ada583162
MALUKU UTARA,01,Kab. Halmahera Barat,,2024,*,21.359,,"PDRB Per Kapita Atas Dasar Harga Berlaku di Provinsi Maluku Utara Menurut Kabupaten/Kota (ribu rupiah), 2021–2025","Per Capita GRDP at Current Market Prices by Regency/Municipality, in Maluku Utara Province (thousand rupiahss), 2021–2025",32,2,c372a577bfe9
MALUKU UTARA,02,Kab. Halmahera Tengah,,2024,*,532.124,,"PDRB Per Kapita Atas Dasar Harga Berlaku di Provinsi Maluku Utara Menurut Kabupaten/Kota (ribu rupiah), 2021–2025","Per Capita GRDP at Current Market Prices by Regency/Municipality, in Maluku Utara Province (thousand rupiahss), 2021–2025",32,2,ca6506f63b38
MALUKU UTARA,03,Kab. Kepulauan Sula,,2024,*,30.966,,"PDRB Per Kapita Atas Dasar Harga Berlaku di Provinsi Maluku Utara Menurut Kabupaten/Kota (ribu rupiah), 2021–2025","Per Capita GRDP at Current Market Prices by Regency/Municipality, in Maluku Utara Province (thousand rupiahss), 2021–2025",32,2,d8ebfadcdf51
MALUKU UTARA,04,Kab. Halmahera Selatan,,2024,*,83.147,,"PDRB Per Kapita Atas Dasar Harga Berlaku di Provinsi Maluku Utara Menurut Kabupaten/Kota (ribu rupiah), 2021–2025","Per Capita GRDP at Current Market Prices by Regency/Municipality, in Maluku Utara Province (thousand rupiahss), 2021–2025",32,2,1e923756e23d
MALUKU UTARA,05,Kab. Halmahera Utara,,2024,*,34.521,,"PDRB Per Kapita Atas Dasar Harga Berlaku di Provinsi Maluku Utara Menurut Kabupaten/Kota (ribu rupiah), 2021–2025","Per Capita GRDP at Current Market Prices by Regency/Municipality, in Maluku Utara Province (thousand rupiahss), 2021–2025",32,2,5453899d2bbf
MALUKU UTARA,06,Kab. Halmahera Timur,,2024,*,55.568,,"PDRB Per Kapita Atas Dasar Harga Berlaku di Provinsi Maluku Utara Menurut Kabupaten/Kota (ribu rupiah), 2021–2025","Per Capita GRDP at Current Market Prices by Regency/Municipality, in Maluku Utara Province (thousand rupiahss), 2021–2025",32,2,92c9dcdbb371
MALUKU UTARA,07,Kab. Pulau Morotai,,2024,*,25.434,,"PDRB Per Kapita Atas Dasar Harga Berlaku di Provinsi Maluku Utara Menurut Kabupaten/Kota (ribu rupiah), 2021–2025","Per Capita GRDP at Current Market Prices by Regency/Municipality, in Maluku Utara Province (thousand rupiahss), 2021–2025",32,2,54c4e22daf3f
MALUKU UTARA,08,Kab. Pulau Taliabu,,2024,*,34.281,,"PDRB Per Kapita Atas Dasar Harga Berlaku di Provinsi Maluku Utara Menurut Kabupaten/Kota (ribu rupiah), 2021–2025","Per Capita GRDP at Current Market Prices by Regency/Municipality, in Maluku Utara Province (thousand rupiahss), 2021–2025",32,2,299f545b3fa2
MALUKU UTARA,71,Kota Ternate,,2024,*,70.890,,"PDRB Per Kapita Atas Dasar Harga Berlaku di Provinsi Maluku Utara Menurut Kabupaten/Kota (ribu rupiah), 2021–2025","Per Capita GRDP at Current Market Prices by Regency/Municipality, in Maluku Utara Province (thousand rupiahss), 2021–2025",32,2,d99e4f5fc639
MALUKU UTARA,72,Kota Tidore Kepulauan,,2024,*,32.017,,"PDRB Per Kapita Atas Dasar Harga Berlaku di Provinsi Maluku Utara Menurut Kabupaten/Kota (ribu rupiah), 2021–2025","Per Capita GRDP at Current Market Prices by Regency/Municipality, in Maluku Utara Province (thousand rupiahss), 2021–2025",32,2,009fbf231372
MALUKU UTARA,,Jml Kab./Kota Total of Reg./Mun.,,2024,*,71.591,,"PDRB Per Kapita Atas Dasar Harga Berlaku di Provinsi Maluku Utara Menurut Kabupaten/Kota (ribu rupiah), 2021–2025","Per Capita GRDP at Current Market Prices by Regency/Municipality, in Maluku Utara Province (thousand rupiahss), 2021–2025",32,2,2836c1560704
MALUKU UTARA,,Provinsi/Province,,2024,*,71.517,,"PDRB Per Kapita Atas Dasar Harga Berlaku di Provinsi Maluku Utara Menurut Kabupaten/Kota (ribu rupiah), 2021–2025","Per Capita GRDP at Current Market Prices by Regency/Municipality, in Maluku Utara Province (thousand rupiahss), 2021–2025",32,2,0d379fdc89ac
PAPUA BARAT,01,Kab. Fak-Fak,,2024,*,69.984,,"PDRB Per Kapita Atas Dasar Harga Berlaku di Provinsi Papua Barat Menurut Kabupaten/Kota (ribu rupiah), 2021–2025","Per Capita GRDP at Current Market Prices by Regency/Municipality, in Papua Barat Province (thousand rupiahss), 2021–2025",33,3,0b167125d659
PAPUA BARAT,02,Kab. Kaimana,,2024,*,46.446,,"PDRB Per Kapita Atas Dasar Harga Berlaku di Provinsi Papua Barat Menurut Kabupaten/Kota (ribu rupiah), 2021–2025","Per Capita GRDP at Current Market Prices by Regency/Municipality, in Papua Barat Province (thousand rupiahss), 2021–2025",33,3,c976dc96e224
PAPUA BARAT,03,Kab. Teluk Wondama,,2024,*,40.739,,"PDRB Per Kapita Atas Dasar Harga Berlaku di Provinsi Papua Barat Menurut Kabupaten/Kota (ribu rupiah), 2021–2025","Per Capita GRDP at Current Market Prices by Regency/Municipality, in Papua Barat Province (thousand rupiahss), 2021–2025",33,3,0e7a6a065897
PAPUA BARAT,04,Kab. Teluk Bintuni,,2024,*,574.984,,"PDRB Per Kapita Atas Dasar Harga Berlaku di Provinsi Papua Barat Menurut Kabupaten/Kota (ribu rupiah), 2021–2025","Per Capita GRDP at Current Market Prices by Regency/Municipality, in Papua Barat Province (thousand rupiahss), 2021–2025",33,3,6d69c52fe059
PAPUA BARAT,05,Kab. Manokwari,,2024,*,55.260,,"PDRB Per Kapita Atas Dasar Harga Berlaku di Provinsi Papua Barat Menurut Kabupaten/Kota (ribu rupiah), 2021–2025","Per Capita GRDP at Current Market Prices by Regency/Municipality, in Papua Barat Province (thousand rupiahss), 2021–2025",33,3,ae1034f8f7a3
PAPUA BARAT,06,Kab. Sorong Selatan,,2024,*,–,,"PDRB Per Kapita Atas Dasar Harga Berlaku di Provinsi Papua Barat Menurut Kabupaten/Kota (ribu rupiah), 2021–2025","Per Capita GRDP at Current Market Prices by Regency/Municipality, in Papua Barat Province (thousand rupiahss), 2021–2025",33,3,a50e10f73f8d
PAPUA BARAT,07,Kab. Sorong,,2024,*,–,,"PDRB Per Kapita Atas Dasar Harga Berlaku di Provinsi Papua Barat Menurut Kabupaten/Kota (ribu rupiah), 2021–2025","Per Capita GRDP at Current Market Prices by Regency/Municipality, in Papua Barat Province (thousand rupiahss), 2021–2025",33,3,b81e0fbefc5b
PAPUA BARAT,08,Kab. Raja Ampat,,2024,*,–,,"PDRB Per Kapita Atas Dasar Harga Berlaku di Provinsi Papua Barat Menurut Kabupaten/Kota (ribu rupiah), 2021–2025","Per Capita GRDP at Current Market Prices by Regency/Municipality, in Papua Barat Province (thousand rupiahss), 2021–2025",33,3,09379898a34b
PAPUA BARAT,09,Kab. Tambrauw,,2024,*,–,,"PDRB Per Kapita Atas Dasar Harga Berlaku di Provinsi Papua Barat Menurut Kabupaten/Kota (ribu rupiah), 2021–2025","Per Capita GRDP at Current Market Prices by Regency/Municipality, in Papua Barat Province (thousand rupiahss), 2021–2025",33,3,ae2140130148
PAPUA BARAT,10,Kab. Maybrat,,2024,*,–,,"PDRB Per Kapita Atas Dasar Harga Berlaku di Provinsi Papua Barat Menurut Kabupaten/Kota (ribu rupiah), 2021–2025","Per Capita GRDP at Current Market Prices by Regency/Municipality, in Papua Barat Province (thousand rupiahss), 2021–2025",33,3,3e3da539e89d
PAPUA BARAT,11,Kab. Manokwari Selatan,,2024,*,26.227,,"PDRB Per Kapita Atas Dasar Harga Berlaku di Provinsi Papua Barat Menurut Kabupaten/Kota (ribu rupiah), 2021–2025","Per Capita GRDP at Current Market Prices by Regency/Municipality, in Papua Barat Province (thousand rupiahss), 2021–2025",33,3,66f4f8960583
PAPUA BARAT,12,Kab. Pegunungan Arfak,,2024,*,8.662,,"PDRB Per Kapita Atas Dasar Harga Berlaku di Provinsi Papua Barat Menurut Kabupaten/Kota (ribu rupiah), 2021–2025","Per Capita GRDP at Current Market Prices by Regency/Municipality, in Papua Barat Province (thousand rupiahss), 2021–2025",33,3,6d94d696aba9
PAPUA BARAT,71,Kota Sorong,,2024,*,–,,"PDRB Per Kapita Atas Dasar Harga Berlaku di Provinsi Papua Barat Menurut Kabupaten/Kota (ribu rupiah), 2021–2025","Per Capita GRDP at Current Market Prices by Regency/Municipality, in Papua Barat Province (thousand rupiahss), 2021–2025",33,3,532d3d4c1b27
PAPUA BARAT,,Jml Kab./Kota Total of Reg./Mun.,,2024,*,63.298,,"PDRB Per Kapita Atas Dasar Harga Berlaku di Provinsi Papua Barat Menurut Kabupaten/Kota (ribu rupiah), 2021–2025","Per Capita GRDP at Current Market Prices by Regency/Municipality, in Papua Barat Province (thousand rupiahss), 2021–2025",33,3,17298a0d6bda
PAPUA BARAT,,Provinsi/Province,,2024,*,131.636,,"PDRB Per Kapita Atas Dasar Harga Berlaku di Provinsi Papua Barat Menurut Kabupaten/Kota (ribu rupiah), 2021–2025","Per Capita GRDP at Current Market Prices by Regency/Municipality, in Papua Barat Province (thousand rupiahss), 2021–2025",33,3,f278d9337aa9
PAPUA BARAT DAYA,01,Kab. Raja Ampat,,2024,*,58.576,,"PDRB Per Kapita Atas Dasar Harga Berlaku di Provinsi Papua Barat Daya Menurut Kabupaten/Kota (ribu rupiah), 2021–2025","Per Capita GRDP at Current Market Prices by Regency/Municipality, in Papua Barat Daya Province (thousand rupiahss), 2021–2025",34,4,ebf97be594a1
PAPUA BARAT DAYA,02,Kab. Sorong,,2024,*,101.149,,"PDRB Per Kapita Atas Dasar Harga Berlaku di Provinsi Papua Barat Daya Menurut Kabupaten/Kota (ribu rupiah), 2021–2025","Per Capita GRDP at Current Market Prices by Regency/Municipality, in Papua Barat Daya Province (thousand rupiahss), 2021–2025",34,4,23a8e2a8e9e6
PAPUA BARAT DAYA,03,Kab. Sorong Selatan,,2024,*,41.485,,"PDRB Per Kapita Atas Dasar Harga Berlaku di Provinsi Papua Barat Daya Menurut Kabupaten/Kota (ribu rupiah), 2021–2025","Per Capita GRDP at Current Market Prices by Regency/Municipality, in Papua Barat Daya Province (thousand rupiahss), 2021–2025",34,4,90b7b068e557
PAPUA BARAT DAYA,04,Kab. Maybrat,,2024,*,18.161,,"PDRB Per Kapita Atas Dasar Harga Berlaku di Provinsi Papua Barat Daya Menurut Kabupaten/Kota (ribu rupiah), 2021–2025","Per Capita GRDP at Current Market Prices by Regency/Municipality, in Papua Barat Daya Province (thousand rupiahss), 2021–2025",34,4,60d07384e65a
PAPUA BARAT DAYA,05,Kab. Tambrauw,,2024,*,9.726,,"PDRB Per Kapita Atas Dasar Harga Berlaku di Provinsi Papua Barat Daya Menurut Kabupaten/Kota (ribu rupiah), 2021–2025","Per Capita GRDP at Current Market Prices by Regency/Municipality, in Papua Barat Daya Province (thousand rupiahss), 2021–2025",34,4,50dfa1fef9c2
PAPUA BARAT DAYA,71,Kota Sorong,,2024,*,57.358,,"PDRB Per Kapita Atas Dasar Harga Berlaku di Provinsi Papua Barat Daya Menurut Kabupaten/Kota (ribu rupiah), 2021–2025","Per Capita GRDP at Current Market Prices by Regency/Municipality, in Papua Barat Daya Province (thousand rupiahss), 2021–2025",34,4,ed7125c068fe
PAPUA BARAT DAYA,,Jml Kab./Kota Total of Reg./Mun.,,2024,*,59.315,,"PDRB Per Kapita Atas Dasar Harga Berlaku di Provinsi Papua Barat Daya Menurut Kabupaten/Kota (ribu rupiah), 2021–2025","Per Capita GRDP at Current Market Prices by Regency/Municipality, in Papua Barat Daya Province (thousand rupiahss), 2021–2025",34,4,c312d325c426
PAPUA BARAT DAYA,,Provinsi/Province,,2024,*,59.064,,"PDRB Per Kapita Atas Dasar Harga Berlaku di Provinsi Papua Barat Daya Menurut Kabupaten/Kota (ribu rupiah), 2021–2025","Per Capita GRDP at Current Market Prices by Regency/Municipality, in Papua Barat Daya Province (thousand rupiahss), 2021–2025",34,4,cb15d450ee83
PAPUA,01,Kab. Merauke,,2024,*,–,,"PDRB Per Kapita Atas Dasar Harga Berlaku di Provinsi Papua Menurut Kabupaten/Kota (ribu rupiah), 2021–2025","Per Capita GRDP at Current Market Prices by Regency/Municipality, in Papua Province (thousand rupiahss), 2021–2025",35,5,5ee2123bb28d
PAPUA,02,Kab. Jayawijaya,,2024,*,–,,"PDRB Per Kapita Atas Dasar Harga Berlaku di Provinsi Papua Menurut Kabupaten/Kota (ribu rupiah), 2021–2025","Per Capita GRDP at Current Market Prices by Regency/Municipality, in Papua Province (thousand rupiahss), 2021–2025",35,5,fdbdeba02108
PAPUA,03,Kab. Jayapura,,2024,*,117.896,,"PDRB Per Kapita Atas Dasar Harga Berlaku di Provinsi Papua Menurut Kabupaten/Kota (ribu rupiah), 2021–2025","Per Capita GRDP at Current Market Prices by Regency/Municipality, in Papua Province (thousand rupiahss), 2021–2025",35,5,a1729c6e3455
PAPUA,04,Kab. Nabire,,2024,*,–,,"PDRB Per Kapita Atas Dasar Harga Berlaku di Provinsi Papua Menurut Kabupaten/Kota (ribu rupiah), 2021–2025","Per Capita GRDP at Current Market Prices by Regency/Municipality, in Papua Province (thousand rupiahss), 2021–2025",35,5,fde6edd25809
PAPUA,08,Kab. Kepulauan Yapen,,2024,*,44.479,,"PDRB Per Kapita Atas Dasar Harga Berlaku di Provinsi Papua Menurut Kabupaten/Kota (ribu rupiah), 2021–2025","Per Capita GRDP at Current Market Prices by Regency/Municipality, in Papua Province (thousand rupiahss), 2021–2025",35,5,261aa7bba9e1
PAPUA,09,Kab. Biak Numfor,,2024,*,46.470,,"PDRB Per Kapita Atas Dasar Harga Berlaku di Provinsi Papua Menurut Kabupaten/Kota (ribu rupiah), 2021–2025","Per Capita GRDP at Current Market Prices by Regency/Municipality, in Papua Province (thousand rupiahss), 2021–2025",35,5,46b615b76fdf
PAPUA,10,Kab. Paniai,,2024,*,–,,"PDRB Per Kapita Atas Dasar Harga Berlaku di Provinsi Papua Menurut Kabupaten/Kota (ribu rupiah), 2021–2025","Per Capita GRDP at Current Market Prices by Regency/Municipality, in Papua Province (thousand rupiahss), 2021–2025",35,5,5fa1cf663f71
PAPUA,11,Kab. Puncak Jaya,,2024,*,–,,"PDRB Per Kapita Atas Dasar Harga Berlaku di Provinsi Papua Menurut Kabupaten/Kota (ribu rupiah), 2021–2025","Per Capita GRDP at Current Market Prices by Regency/Municipality, in Papua Province (thousand rupiahss), 2021–2025",35,5,306fdf72ab90
PAPUA,12,Kab. Mimika,,2024,*,–,,"PDRB Per Kapita Atas Dasar Harga Berlaku di Provinsi Papua Menurut Kabupaten/Kota (ribu rupiah), 2021–2025","Per Capita GRDP at Current Market Prices by Regency/Municipality, in Papua Province (thousand rupiahss), 2021–2025",35,5,abd21b63ee5a
PAPUA,13,Kab. Boven Digoel,,2024,*,–,,"PDRB Per Kapita Atas Dasar Harga Berlaku di Provinsi Papua Menurut Kabupaten/Kota (ribu rupiah), 2021–2025","Per Capita GRDP at Current Market Prices by Regency/Municipality, in Papua Province (thousand rupiahss), 2021–2025",35,5,cc0cdd79e5d1
PAPUA,14,Kab. Mappi,,2024,*,–,,"PDRB Per Kapita Atas Dasar Harga Berlaku di Provinsi Papua Menurut Kabupaten/Kota (ribu rupiah), 2021–2025","Per Capita GRDP at Current Market Prices by Regency/Municipality, in Papua Province (thousand rupiahss), 2021–2025",35,5,3fb9f9c2d0a0
PAPUA,15,Kab. Asmat,,2024,*,–,,"PDRB Per Kapita Atas Dasar Harga Berlaku di Provinsi Papua Menurut Kabupaten/Kota (ribu rupiah), 2021–2025","Per Capita GRDP at Current Market Prices by Regency/Municipality, in Papua Province (thousand rupiahss), 2021–2025",35,5,4160263a592f
PAPUA,16,Kab. Yahukimo,,2024,*,–,,"PDRB Per Kapita Atas Dasar Harga Berlaku di Provinsi Papua Menurut Kabupaten/Kota (ribu rupiah), 2021–2025","Per Capita GRDP at Current Market Prices by Regency/Municipality, in Papua Province (thousand rupiahss), 2021–2025",35,5,ba57e610eca4
PAPUA,17,Kab. Pegunungan Bintang,,2024,*,–,,"PDRB Per Kapita Atas Dasar Harga Berlaku di Provinsi Papua Menurut Kabupaten/Kota (ribu rupiah), 2021–2025","Per Capita GRDP at Current Market Prices by Regency/Municipality, in Papua Province (thousand rupiahss), 2021–2025",35,5,39a6b0aa17f7
PAPUA,18,Kab. Tolikara,,2024,*,–,,"PDRB Per Kapita Atas Dasar Harga Berlaku di Provinsi Papua Menurut Kabupaten/Kota (ribu rupiah), 2021–2025","Per Capita GRDP at Current Market Prices by Regency/Municipality, in Papua Province (thousand rupiahss), 2021–2025",35,5,32b00507b626
PAPUA,19,Kab. Sarmi,,2024,*,88.756,,"PDRB Per Kapita Atas Dasar Harga Berlaku di Provinsi Papua Menurut Kabupaten/Kota (ribu rupiah), 2021–2025","Per Capita GRDP at Current Market Prices by Regency/Municipality, in Papua Province (thousand rupiahss), 2021–2025",35,5,1d210172129e
PAPUA,20,Kab. Keerom,,2024,*,56.367,,"PDRB Per Kapita Atas Dasar Harga Berlaku di Provinsi Papua Menurut Kabupaten/Kota (ribu rupiah), 2021–2025","Per Capita GRDP at Current Market Prices by Regency/Municipality, in Papua Province (thousand rupiahss), 2021–2025",35,5,99ce6f2ae2d4
PAPUA,26,Kab. Waropen,,2024,*,68.452,,"PDRB Per Kapita Atas Dasar Harga Berlaku di Provinsi Papua Menurut Kabupaten/Kota (ribu rupiah), 2021–2025","Per Capita GRDP at Current Market Prices by Regency/Municipality, in Papua Province (thousand rupiahss), 2021–2025",35,5,a9987d203002
PAPUA,27,Kab. Supiori,,2024,*,50.794,,"PDRB Per Kapita Atas Dasar Harga Berlaku di Provinsi Papua Menurut Kabupaten/Kota (ribu rupiah), 2021–2025","Per Capita GRDP at Current Market Prices by Regency/Municipality, in Papua Province (thousand rupiahss), 2021–2025",35,5,ad0b97edcb35
PAPUA,28,Kab. Mamberamo Raya,,2024,*,58.533,,"PDRB Per Kapita Atas Dasar Harga Berlaku di Provinsi Papua Menurut Kabupaten/Kota (ribu rupiah), 2021–2025","Per Capita GRDP at Current Market Prices by Regency/Municipality, in Papua Province (thousand rupiahss), 2021–2025",35,5,7fb69cfa73fa
PAPUA,29,Kab. Nduga,,2024,*,–,,"PDRB Per Kapita Atas Dasar Harga Berlaku di Provinsi Papua Menurut Kabupaten/Kota (ribu rupiah), 2021–2025","Per Capita GRDP at Current Market Prices by Regency/Municipality, in Papua Province (thousand rupiahss), 2021–2025",35,5,cdf992f0a30b
PAPUA,30,Kab. Lanny Jaya,,2024,*,–,,"PDRB Per Kapita Atas Dasar Harga Berlaku di Provinsi Papua Menurut Kabupaten/Kota (ribu rupiah), 2021–2025","Per Capita GRDP at Current Market Prices by Regency/Municipality, in Papua Province (thousand rupiahss), 2021–2025",35,5,73a71d036087
PAPUA,31,Kab. Mamberamo Tengah,,2024,*,–,,"PDRB Per Kapita Atas Dasar Harga Berlaku di Provinsi Papua Menurut Kabupaten/Kota (ribu rupiah), 2021–2025","Per Capita GRDP at Current Market Prices by Regency/Municipality, in Papua Province (thousand rupiahss), 2021–2025",35,5,2aab5082d5ed
PAPUA,32,Kab. Yalimo,,2024,*,–,,"PDRB Per Kapita Atas Dasar Harga Berlaku di Provinsi Papua Menurut Kabupaten/Kota (ribu rupiah), 2021–2025","Per Capita GRDP at Current Market Prices by Regency/Municipality, in Papua Province (thousand rupiahss), 2021–2025",35,5,d7b739225882
PAPUA,33,Kab. Puncak,,2024,*,–,,"PDRB Per Kapita Atas Dasar Harga Berlaku di Provinsi Papua Menurut Kabupaten/Kota (ribu rupiah), 2021–2025","Per Capita GRDP at Current Market Prices by Regency/Municipality, in Papua Province (thousand rupiahss), 2021–2025",35,5,277c75095533
PAPUA,34,Kab. Dogiyai,,2024,*,–,,"PDRB Per Kapita Atas Dasar Harga Berlaku di Provinsi Papua Menurut Kabupaten/Kota (ribu rupiah), 2021–2025","Per Capita GRDP at Current Market Prices by Regency/Municipality, in Papua Province (thousand rupiahss), 2021–2025",35,5,725594b64e45
PAPUA,35,Kab. Intan Jaya,,2024,*,–,,"PDRB Per Kapita Atas Dasar Harga Berlaku di Provinsi Papua Menurut Kabupaten/Kota (ribu rupiah), 2021–2025","Per Capita GRDP at Current Market Prices by Regency/Municipality, in Papua Province (thousand rupiahss), 2021–2025",35,5,ac8d80b154de
PAPUA,36,Kab. Deiyai,,2024,*,–,,"PDRB Per Kapita Atas Dasar Harga Berlaku di Provinsi Papua Menurut Kabupaten/Kota (ribu rupiah), 2021–2025","Per Capita GRDP at Current Market Prices by Regency/Municipality, in Papua Province (thousand rupiahss), 2021–2025",35,5,7536a47fc1eb
PAPUA,71,Kota Jayapura,,2024,*,94.848,,"PDRB Per Kapita Atas Dasar Harga Berlaku di Provinsi Papua Menurut Kabupaten/Kota (ribu rupiah), 2021–2025","Per Capita GRDP at Current Market Prices by Regency/Municipality, in Papua Province (thousand rupiahss), 2021–2025",35,5,56d9cd7914d3
PAPUA,,Jml Kab./Kota Total of Reg./Mun.,,2024,*,21.282,,"PDRB Per Kapita Atas Dasar Harga Berlaku di Provinsi Papua Menurut Kabupaten/Kota (ribu rupiah), 2021–2025","Per Capita GRDP at Current Market Prices by Regency/Municipality, in Papua Province (thousand rupiahss), 2021–2025",35,5,c257c14c7082
PAPUA,,Provinsi/Province,,2024,*,81.009,,"PDRB Per Kapita Atas Dasar Harga Berlaku di Provinsi Papua Menurut Kabupaten/Kota (ribu rupiah), 2021–2025","Per Capita GRDP at Current Market Prices by Regency/Municipality, in Papua Province (thousand rupiahss), 2021–2025",35,5,5eedb6be5051
PAPUA SELATAN,01,Kab. Merauke,,2024,*,84.338,,"PDRB Per Kapita Atas Dasar Harga Berlaku di Provinsi Papua Selatan Menurut Kabupaten/Kota (ribu rupiah), 2021–2025","Per Capita GRDP at Current Market Prices by Regency/Municipality, in Papua Selatan Province (thousand rupiahss), 2021–2025",36,6,22386d9bcf6d
PAPUA SELATAN,02,Kab. Boven Digoel,,2024,*,83.796,,"PDRB Per Kapita Atas Dasar Harga Berlaku di Provinsi Papua Selatan Menurut Kabupaten/Kota (ribu rupiah), 2021–2025","Per Capita GRDP at Current Market Prices by Regency/Municipality, in Papua Selatan Province (thousand rupiahss), 2021–2025",36,6,116f4f99daf0
PAPUA SELATAN,03,Kab. Mappi,,2024,*,33.262,,"PDRB Per Kapita Atas Dasar Harga Berlaku di Provinsi Papua Selatan Menurut Kabupaten/Kota (ribu rupiah), 2021–2025","Per Capita GRDP at Current Market Prices by Regency/Municipality, in Papua Selatan Province (thousand rupiahss), 2021–2025",36,6,5a0e2e3d3086
PAPUA SELATAN,04,Kab. Asmat,,2024,*,28.616,,"PDRB Per Kapita Atas Dasar Harga Berlaku di Provinsi Papua Selatan Menurut Kabupaten/Kota (ribu rupiah), 2021–2025","Per Capita GRDP at Current Market Prices by Regency/Municipality, in Papua Selatan Province (thousand rupiahss), 2021–2025",36,6,93c347f51d06
PAPUA SELATAN,,Jml Kab./Kota Total of Reg./Mun.,,2024,*,61.239,,"PDRB Per Kapita Atas Dasar Harga Berlaku di Provinsi Papua Selatan Menurut Kabupaten/Kota (ribu rupiah), 2021–2025","Per Capita GRDP at Current Market Prices by Regency/Municipality, in Papua Selatan Province (thousand rupiahss), 2021–2025",36,6,82d8be681a3a
PAPUA SELATAN,,Provinsi/Province,,2024,*,61.622,,"PDRB Per Kapita Atas Dasar Harga Berlaku di Provinsi Papua Selatan Menurut Kabupaten/Kota (ribu rupiah), 2021–2025","Per Capita GRDP at Current Market Prices by Regency/Municipality, in Papua Selatan Province (thousand rupiahss), 2021–2025",36,6,82a5a5a2c21e
PAPUA TENGAH,01,Kab. Mimika,,2024,*,446.333,,"PDRB Per Kapita Atas Dasar Harga Berlaku di Provinsi Papua Tengah Menurut Kabupaten/Kota (ribu rupiah), 2021–2025","Per Capita GRDP at Current Market Prices by Regency/Municipality, in Papua Tengah Province (thousand rupiahss), 2021–2025",37,7,39f3c80f8c98
PAPUA TENGAH,02,Kab. Dogiyai,,2024,*,13.157,,"PDRB Per Kapita Atas Dasar Harga Berlaku di Provinsi Papua Tengah Menurut Kabupaten/Kota (ribu rupiah), 2021–2025","Per Capita GRDP at Current Market Prices by Regency/Municipality, in Papua Tengah Province (thousand rupiahss), 2021–2025",37,7,45d0d6d5a007
PAPUA TENGAH,03,Kab. Deiyai,,2024,*,16.593,,"PDRB Per Kapita Atas Dasar Harga Berlaku di Provinsi Papua Tengah Menurut Kabupaten/Kota (ribu rupiah), 2021–2025","Per Capita GRDP at Current Market Prices by Regency/Municipality, in Papua Tengah Province (thousand rupiahss), 2021–2025",37,7,862fc4c0fba0
PAPUA TENGAH,04,Kab. Nabire,,2024,*,85.204,,"PDRB Per Kapita Atas Dasar Harga Berlaku di Provinsi Papua Tengah Menurut Kabupaten/Kota (ribu rupiah), 2021–2025","Per Capita GRDP at Current Market Prices by Regency/Municipality, in Papua Tengah Province (thousand rupiahss), 2021–2025",37,7,49fbdba87e54
PAPUA TENGAH,05,Kab. Paniai,,2024,*,22.570,,"PDRB Per Kapita Atas Dasar Harga Berlaku di Provinsi Papua Tengah Menurut Kabupaten/Kota (ribu rupiah), 2021–2025","Per Capita GRDP at Current Market Prices by Regency/Municipality, in Papua Tengah Province (thousand rupiahss), 2021–2025",37,7,1a1f481d89d8
PAPUA TENGAH,06,Kab. Intan Jaya,,2024,*,10.187,,"PDRB Per Kapita Atas Dasar Harga Berlaku di Provinsi Papua Tengah Menurut Kabupaten/Kota (ribu rupiah), 2021–2025","Per Capita GRDP at Current Market Prices by Regency/Municipality, in Papua Tengah Province (thousand rupiahss), 2021–2025",37,7,5de420f56691
PAPUA TENGAH,07,Kab. Puncak,,2024,*,14.455,,"PDRB Per Kapita Atas Dasar Harga Berlaku di Provinsi Papua Tengah Menurut Kabupaten/Kota (ribu rupiah), 2021–2025","Per Capita GRDP at Current Market Prices by Regency/Municipality, in Papua Tengah Province (thousand rupiahss), 2021–2025",37,7,075a056e9aac
PAPUA TENGAH,08,Kab. Puncak Jaya,,2024,*,7.077,,"PDRB Per Kapita Atas Dasar Harga Berlaku di Provinsi Papua Tengah Menurut Kabupaten/Kota (ribu rupiah), 2021–2025","Per Capita GRDP at Current Market Prices by Regency/Municipality, in Papua Tengah Province (thousand rupiahss), 2021–2025",37,7,8dfe5bc89d03
PAPUA TENGAH,,Jml Kab./Kota Total of Reg./Mun.,,2024,*,118.740,,"PDRB Per Kapita Atas Dasar Harga Berlaku di Provinsi Papua Tengah Menurut Kabupaten/Kota (ribu rupiah), 2021–2025","Per Capita GRDP at Current Market Prices by Regency/Municipality, in Papua Tengah Province (thousand rupiahss), 2021–2025",37,7,e19fc20c8f05
PAPUA TENGAH,,Provinsi/Province,,2024,*,118.774,,"PDRB Per Kapita Atas Dasar Harga Berlaku di Provinsi Papua Tengah Menurut Kabupaten/Kota (ribu rupiah), 2021–2025","Per Capita GRDP at Current Market Prices by Regency/Municipality, in Papua Tengah Province (thousand rupiahss), 2021–2025",37,7,25b5e879df65
PAPUA PEGUNUNGAN,01,Kab. Nduga,,2024,*,14.377,,"PDRB Per Kapita Atas Dasar Harga Berlaku di Provinsi Papua Pegunungan Menurut Kabupaten/Kota (ribu rupiah), 2021–2025","Per Capita GRDP at Current Market Prices by Regency/Municipality, in Papua Pegunungan Province (thousand rupiahss), 2021–2025",38,8,32584214336e
PAPUA PEGUNUNGAN,02,Kab. Jayawijaya,,2024,*,40.727,,"PDRB Per Kapita Atas Dasar Harga Berlaku di Provinsi Papua Pegunungan Menurut Kabupaten/Kota (ribu rupiah), 2021–2025","Per Capita GRDP at Current Market Prices by Regency/Municipality, in Papua Pegunungan Province (thousand rupiahss), 2021–2025",38,8,c1502bb716fd
PAPUA PEGUNUNGAN,03,Kab. Lanny Jaya,,2024,*,11.955,,"PDRB Per Kapita Atas Dasar Harga Berlaku di Provinsi Papua Pegunungan Menurut Kabupaten/Kota (ribu rupiah), 2021–2025","Per Capita GRDP at Current Market Prices by Regency/Municipality, in Papua Pegunungan Province (thousand rupiahss), 2021–2025",38,8,4d071cea3906
PAPUA PEGUNUNGAN,04,Kab. Tolikara,,2024,*,8.830,,"PDRB Per Kapita Atas Dasar Harga Berlaku di Provinsi Papua Pegunungan Menurut Kabupaten/Kota (ribu rupiah), 2021–2025","Per Capita GRDP at Current Market Prices by Regency/Municipality, in Papua Pegunungan Province (thousand rupiahss), 2021–2025",38,8,0c16a7979877
PAPUA PEGUNUNGAN,05,Kab. Mamberamo Tengah,,2024,*,28.976,,"PDRB Per Kapita Atas Dasar Harga Berlaku di Provinsi Papua Pegunungan Menurut Kabupaten/Kota (ribu rupiah), 2021–2025","Per Capita GRDP at Current Market Prices by Regency/Municipality, in Papua Pegunungan Province (thousand rupiahss), 2021–2025",38,8,cf7f4e852dc2
PAPUA PEGUNUNGAN,06,Kab. Yalimo,,2024,*,15.773,,"PDRB Per Kapita Atas Dasar Harga Berlaku di Provinsi Papua Pegunungan Menurut Kabupaten/Kota (ribu rupiah), 2021–2025","Per Capita GRDP at Current Market Prices by Regency/Municipality, in Papua Pegunungan Province (thousand rupiahss), 2021–2025",38,8,ed287e1ff992
PAPUA PEGUNUNGAN,07,Kab. Yahukimo,,2024,*,8.478,,"PDRB Per Kapita Atas Dasar Harga Berlaku di Provinsi Papua Pegunungan Menurut Kabupaten/Kota (ribu rupiah), 2021–2025","Per Capita GRDP at Current Market Prices by Regency/Municipality, in Papua Pegunungan Province (thousand rupiahss), 2021–2025",38,8,6c8040b38182
PAPUA PEGUNUNGAN,08,Kab. Pegunungan Bintang,,2024,*,30.334,,"PDRB Per Kapita Atas Dasar Harga Berlaku di Provinsi Papua Pegunungan Menurut Kabupaten/Kota (ribu rupiah), 2021–2025","Per Capita GRDP at Current Market Prices by Regency/Municipality, in Papua Pegunungan Province (thousand rupiahss), 2021–2025",38,8,9a0e661a1b97
PAPUA PEGUNUNGAN,,Jml Kab./Kota Total of Reg./Mun.,,2024,*,18.196,,"PDRB Per Kapita Atas Dasar Harga Berlaku di Provinsi Papua Pegunungan Menurut Kabupaten/Kota (ribu rupiah), 2021–2025","Per Capita GRDP at Current Market Prices by Regency/Municipality, in Papua Pegunungan Province (thousand rupiahss), 2021–2025",38,8,9eaa2d2f8423
PAPUA PEGUNUNGAN,,Provinsi/Province,,2024,*,18.105,,"PDRB Per Kapita Atas Dasar Harga Berlaku di Provinsi Papua Pegunungan Menurut Kabupaten/Kota (ribu rupiah), 2021–2025","Per Capita GRDP at Current Market Prices by Regency/Municipality, in Papua Pegunungan Province (thousand rupiahss), 2021–2025",38,8,0a630a98ad60
MALUKU,01,Kab. Kepulauan Tanimbar,,2025,**,29.053,,"PDRB Per Kapita Atas Dasar Harga Berlaku di Provinsi Maluku Menurut Kabupaten/Kota (ribu rupiah), 2021–2025","Per Capita GRDP at Current Market Prices by Regency/Municipality, in Maluku Province (thousand rupiahss), 2021–2025",31,1,1e46fefade96
MALUKU,02,Kab. Maluku Tenggara,,2025,**,36.623,,"PDRB Per Kapita Atas Dasar Harga Berlaku di Provinsi Maluku Menurut Kabupaten/Kota (ribu rupiah), 2021–2025","Per Capita GRDP at Current Market Prices by Regency/Municipality, in Maluku Province (thousand rupiahss), 2021–2025",31,1,87969eb7c4f1
MALUKU,03,Kab. Maluku Tengah,,2025,**,27.364,,"PDRB Per Kapita Atas Dasar Harga Berlaku di Provinsi Maluku Menurut Kabupaten/Kota (ribu rupiah), 2021–2025","Per Capita GRDP at Current Market Prices by Regency/Municipality, in Maluku Province (thousand rupiahss), 2021–2025",31,1,bb70dc1328a6
MALUKU,04,Kab. Buru,,2025,**,23.232,,"PDRB Per Kapita Atas Dasar Harga Berlaku di Provinsi Maluku Menurut Kabupaten/Kota (ribu rupiah), 2021–2025","Per Capita GRDP at Current Market Prices by Regency/Municipality, in Maluku Province (thousand rupiahss), 2021–2025",31,1,7af75dd6dbab
MALUKU,05,Kab. Kepulauan Aru,,2025,**,46.189,,"PDRB Per Kapita Atas Dasar Harga Berlaku di Provinsi Maluku Menurut Kabupaten/Kota (ribu rupiah), 2021–2025","Per Capita GRDP at Current Market Prices by Regency/Municipality, in Maluku Province (thousand rupiahss), 2021–2025",31,1,38e7afbb01e6
MALUKU,06,Kab. Seram Bagian Barat,,2025,**,18.857,,"PDRB Per Kapita Atas Dasar Harga Berlaku di Provinsi Maluku Menurut Kabupaten/Kota (ribu rupiah), 2021–2025","Per Capita GRDP at Current Market Prices by Regency/Municipality, in Maluku Province (thousand rupiahss), 2021–2025",31,1,00adee3f542a
MALUKU,07,Kab. Seram Bagian Timur,,2025,**,25.244,,"PDRB Per Kapita Atas Dasar Harga Berlaku di Provinsi Maluku Menurut Kabupaten/Kota (ribu rupiah), 2021–2025","Per Capita GRDP at Current Market Prices by Regency/Municipality, in Maluku Province (thousand rupiahss), 2021–2025",31,1,e85fded8287a
MALUKU,08,Kab. Maluku Barat Daya,,2025,**,38.809,,"PDRB Per Kapita Atas Dasar Harga Berlaku di Provinsi Maluku Menurut Kabupaten/Kota (ribu rupiah), 2021–2025","Per Capita GRDP at Current Market Prices by Regency/Municipality, in Maluku Province (thousand rupiahss), 2021–2025",31,1,bfca779f27db
MALUKU,09,Kab. Buru Selatan,,2025,**,24.203,,"PDRB Per Kapita Atas Dasar Harga Berlaku di Provinsi Maluku Menurut Kabupaten/Kota (ribu rupiah), 2021–2025","Per Capita GRDP at Current Market Prices by Regency/Municipality, in Maluku Province (thousand rupiahss), 2021–2025",31,1,b23fd2959842
MALUKU,71,Kota Ambon,,2025,**,57.375,,"PDRB Per Kapita Atas Dasar Harga Berlaku di Provinsi Maluku Menurut Kabupaten/Kota (ribu rupiah), 2021–2025","Per Capita GRDP at Current Market Prices by Regency/Municipality, in Maluku Province (thousand rupiahss), 2021–2025",31,1,91ac9c1cd49c
MALUKU,72,Kota Tual,,2025,**,38.387,,"PDRB Per Kapita Atas Dasar Harga Berlaku di Provinsi Maluku Menurut Kabupaten/Kota (ribu rupiah), 2021–2025","Per Capita GRDP at Current Market Prices by Regency/Municipality, in Maluku Province (thousand rupiahss), 2021–2025",31,1,656b02f8131a
MALUKU,,Jml Kab./Kota Total of Reg./Mun.,,2025,**,34.168,,"PDRB Per Kapita Atas Dasar Harga Berlaku di Provinsi Maluku Menurut Kabupaten/Kota (ribu rupiah), 2021–2025","Per Capita GRDP at Current Market Prices by Regency/Municipality, in Maluku Province (thousand rupiahss), 2021–2025",31,1,7ac733060c46
MALUKU,,Provinsi/Province,,2025,**,33.652,,"PDRB Per Kapita Atas Dasar Harga Berlaku di Provinsi Maluku Menurut Kabupaten/Kota (ribu rupiah), 2021–2025","Per Capita GRDP at Current Market Prices by Regency/Municipality, in Maluku Province (thousand rupiahss), 2021–2025",31,1,a2e7002c790d
MALUKU UTARA,01,Kab. Halmahera Barat,,2025,**,22.782,,"PDRB Per Kapita Atas Dasar Harga Berlaku di Provinsi Maluku Utara Menurut Kabupaten/Kota (ribu rupiah), 2021–2025","Per Capita GRDP at Current Market Prices by Regency/Municipality, in Maluku Utara Province (thousand rupiahss), 2021–2025",32,2,3ec2b616c2cf
MALUKU UTARA,02,Kab. Halmahera Tengah,,2025,**,870.960,,"PDRB Per Kapita Atas Dasar Harga Berlaku di Provinsi Maluku Utara Menurut Kabupaten/Kota (ribu rupiah), 2021–2025","Per Capita GRDP at Current Market Prices by Regency/Municipality, in Maluku Utara Province (thousand rupiahss), 2021–2025",32,2,147edd2ced25
MALUKU UTARA,03,Kab. Kepulauan Sula,,2025,**,32.723,,"PDRB Per Kapita Atas Dasar Harga Berlaku di Provinsi Maluku Utara Menurut Kabupaten/Kota (ribu rupiah), 2021–2025","Per Capita GRDP at Current Market Prices by Regency/Municipality, in Maluku Utara Province (thousand rupiahss), 2021–2025",32,2,50975d121446
MALUKU UTARA,04,Kab. Halmahera Selatan,,2025,**,114.370,,"PDRB Per Kapita Atas Dasar Harga Berlaku di Provinsi Maluku Utara Menurut Kabupaten/Kota (ribu rupiah), 2021–2025","Per Capita GRDP at Current Market Prices by Regency/Municipality, in Maluku Utara Province (thousand rupiahss), 2021–2025",32,2,ad36315cd46f
MALUKU UTARA,05,Kab. Halmahera Utara,,2025,**,37.306,,"PDRB Per Kapita Atas Dasar Harga Berlaku di Provinsi Maluku Utara Menurut Kabupaten/Kota (ribu rupiah), 2021–2025","Per Capita GRDP at Current Market Prices by Regency/Municipality, in Maluku Utara Province (thousand rupiahss), 2021–2025",32,2,79050ea9d040
MALUKU UTARA,06,Kab. Halmahera Timur,,2025,**,83.278,,"PDRB Per Kapita Atas Dasar Harga Berlaku di Provinsi Maluku Utara Menurut Kabupaten/Kota (ribu rupiah), 2021–2025","Per Capita GRDP at Current Market Prices by Regency/Municipality, in Maluku Utara Province (thousand rupiahss), 2021–2025",32,2,a981e7e468fb
MALUKU UTARA,07,Kab. Pulau Morotai,,2025,**,27.112,,"PDRB Per Kapita Atas Dasar Harga Berlaku di Provinsi Maluku Utara Menurut Kabupaten/Kota (ribu rupiah), 2021–2025","Per Capita GRDP at Current Market Prices by Regency/Municipality, in Maluku Utara Province (thousand rupiahss), 2021–2025",32,2,36baa5503378
MALUKU UTARA,08,Kab. Pulau Taliabu,,2025,**,36.586,,"PDRB Per Kapita Atas Dasar Harga Berlaku di Provinsi Maluku Utara Menurut Kabupaten/Kota (ribu rupiah), 2021–2025","Per Capita GRDP at Current Market Prices by Regency/Municipality, in Maluku Utara Province (thousand rupiahss), 2021–2025",32,2,7afbea2efe38
MALUKU UTARA,71,Kota Ternate,,2025,**,76.451,,"PDRB Per Kapita Atas Dasar Harga Berlaku di Provinsi Maluku Utara Menurut Kabupaten/Kota (ribu rupiah), 2021–2025","Per Capita GRDP at Current Market Prices by Regency/Municipality, in Maluku Utara Province (thousand rupiahss), 2021–2025",32,2,a02ab56f0235
MALUKU UTARA,72,Kota Tidore Kepulauan,,2025,**,33.446,,"PDRB Per Kapita Atas Dasar Harga Berlaku di Provinsi Maluku Utara Menurut Kabupaten/Kota (ribu rupiah), 2021–2025","Per Capita GRDP at Current Market Prices by Regency/Municipality, in Maluku Utara Province (thousand rupiahss), 2021–2025",32,2,241f6524bc50
MALUKU UTARA,,Jml Kab./Kota Total of Reg./Mun.,,2025,**,97.391,,"PDRB Per Kapita Atas Dasar Harga Berlaku di Provinsi Maluku Utara Menurut Kabupaten/Kota (ribu rupiah), 2021–2025","Per Capita GRDP at Current Market Prices by Regency/Municipality, in Maluku Utara Province (thousand rupiahss), 2021–2025",32,2,035440543dae
MALUKU UTARA,,Provinsi/Province,,2025,**,97.262,,"PDRB Per Kapita Atas Dasar Harga Berlaku di Provinsi Maluku Utara Menurut Kabupaten/Kota (ribu rupiah), 2021–2025","Per Capita GRDP at Current Market Prices by Regency/Municipality, in Maluku Utara Province (thousand rupiahss), 2021–2025",32,2,122be58b15f5
PAPUA BARAT,01,Kab. Fak-Fak,,2025,**,71.791,,"PDRB Per Kapita Atas Dasar Harga Berlaku di Provinsi Papua Barat Menurut Kabupaten/Kota (ribu rupiah), 2021–2025","Per Capita GRDP at Current Market Prices by Regency/Municipality, in Papua Barat Province (thousand rupiahss), 2021–2025",33,3,e19725190b55
PAPUA BARAT,02,Kab. Kaimana,,2025,**,47.204,,"PDRB Per Kapita Atas Dasar Harga Berlaku di Provinsi Papua Barat Menurut Kabupaten/Kota (ribu rupiah), 2021–2025","Per Capita GRDP at Current Market Prices by Regency/Municipality, in Papua Barat Province (thousand rupiahss), 2021–2025",33,3,24a7aa77ab3e
PAPUA BARAT,03,Kab. Teluk Wondama,,2025,**,41.280,,"PDRB Per Kapita Atas Dasar Harga Berlaku di Provinsi Papua Barat Menurut Kabupaten/Kota (ribu rupiah), 2021–2025","Per Capita GRDP at Current Market Prices by Regency/Municipality, in Papua Barat Province (thousand rupiahss), 2021–2025",33,3,173255395a7f
PAPUA BARAT,04,Kab. Teluk Bintuni,,2025,**,621.837,,"PDRB Per Kapita Atas Dasar Harga Berlaku di Provinsi Papua Barat Menurut Kabupaten/Kota (ribu rupiah), 2021–2025","Per Capita GRDP at Current Market Prices by Regency/Municipality, in Papua Barat Province (thousand rupiahss), 2021–2025",33,3,c1a83c466552
PAPUA BARAT,05,Kab. Manokwari,,2025,**,57.893,,"PDRB Per Kapita Atas Dasar Harga Berlaku di Provinsi Papua Barat Menurut Kabupaten/Kota (ribu rupiah), 2021–2025","Per Capita GRDP at Current Market Prices by Regency/Municipality, in Papua Barat Province (thousand rupiahss), 2021–2025",33,3,f30e9da5cd9b
PAPUA BARAT,06,Kab. Sorong Selatan,,2025,**,–,,"PDRB Per Kapita Atas Dasar Harga Berlaku di Provinsi Papua Barat Menurut Kabupaten/Kota (ribu rupiah), 2021–2025","Per Capita GRDP at Current Market Prices by Regency/Municipality, in Papua Barat Province (thousand rupiahss), 2021–2025",33,3,93d52d2b3981
PAPUA BARAT,07,Kab. Sorong,,2025,**,–,,"PDRB Per Kapita Atas Dasar Harga Berlaku di Provinsi Papua Barat Menurut Kabupaten/Kota (ribu rupiah), 2021–2025","Per Capita GRDP at Current Market Prices by Regency/Municipality, in Papua Barat Province (thousand rupiahss), 2021–2025",33,3,99c04c48b060
PAPUA BARAT,08,Kab. Raja Ampat,,2025,**,–,,"PDRB Per Kapita Atas Dasar Harga Berlaku di Provinsi Papua Barat Menurut Kabupaten/Kota (ribu rupiah), 2021–2025","Per Capita GRDP at Current Market Prices by Regency/Municipality, in Papua Barat Province (thousand rupiahss), 2021–2025",33,3,0b8a21aaa271
PAPUA BARAT,09,Kab. Tambrauw,,2025,**,–,,"PDRB Per Kapita Atas Dasar Harga Berlaku di Provinsi Papua Barat Menurut Kabupaten/Kota (ribu rupiah), 2021–2025","Per Capita GRDP at Current Market Prices by Regency/Municipality, in Papua Barat Province (thousand rupiahss), 2021–2025",33,3,cca7567ebc61
PAPUA BARAT,10,Kab. Maybrat,,2025,**,–,,"PDRB Per Kapita Atas Dasar Harga Berlaku di Provinsi Papua Barat Menurut Kabupaten/Kota (ribu rupiah), 2021–2025","Per Capita GRDP at Current Market Prices by Regency/Municipality, in Papua Barat Province (thousand rupiahss), 2021–2025",33,3,e37a9a2e594f
PAPUA BARAT,11,Kab. Manokwari Selatan,,2025,**,26.942,,"PDRB Per Kapita Atas Dasar Harga Berlaku di Provinsi Papua Barat Menurut Kabupaten/Kota (ribu rupiah), 2021–2025","Per Capita GRDP at Current Market Prices by Regency/Municipality, in Papua Barat Province (thousand rupiahss), 2021–2025",33,3,b439b08f1a32
PAPUA BARAT,12,Kab. Pegunungan Arfak,,2025,**,9.122,,"PDRB Per Kapita Atas Dasar Harga Berlaku di Provinsi Papua Barat Menurut Kabupaten/Kota (ribu rupiah), 2021–2025","Per Capita GRDP at Current Market Prices by Regency/Municipality, in Papua Barat Province (thousand rupiahss), 2021–2025",33,3,02d86b2edd2c
PAPUA BARAT,71,Kota Sorong,,2025,**,–,,"PDRB Per Kapita Atas Dasar Harga Berlaku di Provinsi Papua Barat Menurut Kabupaten/Kota (ribu rupiah), 2021–2025","Per Capita GRDP at Current Market Prices by Regency/Municipality, in Papua Barat Province (thousand rupiahss), 2021–2025",33,3,28672fa5524a
PAPUA BARAT,,Jml Kab./Kota Total of Reg./Mun.,,2025,**,67.314,,"PDRB Per Kapita Atas Dasar Harga Berlaku di Provinsi Papua Barat Menurut Kabupaten/Kota (ribu rupiah), 2021–2025","Per Capita GRDP at Current Market Prices by Regency/Municipality, in Papua Barat Province (thousand rupiahss), 2021–2025",33,3,caeca718f44c
PAPUA BARAT,,Provinsi/Province,,2025,**,139.213,,"PDRB Per Kapita Atas Dasar Harga Berlaku di Provinsi Papua Barat Menurut Kabupaten/Kota (ribu rupiah), 2021–2025","Per Capita GRDP at Current Market Prices by Regency/Municipality, in Papua Barat Province (thousand rupiahss), 2021–2025",33,3,e9bf9153c088
PAPUA BARAT DAYA,01,Kab. Raja Ampat,,2025,**,60.188,,"PDRB Per Kapita Atas Dasar Harga Berlaku di Provinsi Papua Barat Daya Menurut Kabupaten/Kota (ribu rupiah), 2021–2025","Per Capita GRDP at Current Market Prices by Regency/Municipality, in Papua Barat Daya Province (thousand rupiahss), 2021–2025",34,4,af95479d1535
PAPUA BARAT DAYA,02,Kab. Sorong,,2025,**,107.902,,"PDRB Per Kapita Atas Dasar Harga Berlaku di Provinsi Papua Barat Daya Menurut Kabupaten/Kota (ribu rupiah), 2021–2025","Per Capita GRDP at Current Market Prices by Regency/Municipality, in Papua Barat Daya Province (thousand rupiahss), 2021–2025",34,4,dc99f08796c3
PAPUA BARAT DAYA,03,Kab. Sorong Selatan,,2025,**,42.834,,"PDRB Per Kapita Atas Dasar Harga Berlaku di Provinsi Papua Barat Daya Menurut Kabupaten/Kota (ribu rupiah), 2021–2025","Per Capita GRDP at Current Market Prices by Regency/Municipality, in Papua Barat Daya Province (thousand rupiahss), 2021–2025",34,4,826ee38c1653
PAPUA BARAT DAYA,04,Kab. Maybrat,,2025,**,18.437,,"PDRB Per Kapita Atas Dasar Harga Berlaku di Provinsi Papua Barat Daya Menurut Kabupaten/Kota (ribu rupiah), 2021–2025","Per Capita GRDP at Current Market Prices by Regency/Municipality, in Papua Barat Daya Province (thousand rupiahss), 2021–2025",34,4,79c94ba7462f
PAPUA BARAT DAYA,05,Kab. Tambrauw,,2025,**,10.330,,"PDRB Per Kapita Atas Dasar Harga Berlaku di Provinsi Papua Barat Daya Menurut Kabupaten/Kota (ribu rupiah), 2021–2025","Per Capita GRDP at Current Market Prices by Regency/Municipality, in Papua Barat Daya Province (thousand rupiahss), 2021–2025",34,4,52eb27577412
PAPUA BARAT DAYA,71,Kota Sorong,,2025,**,59.638,,"PDRB Per Kapita Atas Dasar Harga Berlaku di Provinsi Papua Barat Daya Menurut Kabupaten/Kota (ribu rupiah), 2021–2025","Per Capita GRDP at Current Market Prices by Regency/Municipality, in Papua Barat Daya Province (thousand rupiahss), 2021–2025",34,4,32ac5a71f659
PAPUA BARAT DAYA,,Jml Kab./Kota Total of Reg./Mun.,,2025,**,61.962,,"PDRB Per Kapita Atas Dasar Harga Berlaku di Provinsi Papua Barat Daya Menurut Kabupaten/Kota (ribu rupiah), 2021–2025","Per Capita GRDP at Current Market Prices by Regency/Municipality, in Papua Barat Daya Province (thousand rupiahss), 2021–2025",34,4,42c153950a46
PAPUA BARAT DAYA,,Provinsi/Province,,2025,**,61.624,,"PDRB Per Kapita Atas Dasar Harga Berlaku di Provinsi Papua Barat Daya Menurut Kabupaten/Kota (ribu rupiah), 2021–2025","Per Capita GRDP at Current Market Prices by Regency/Municipality, in Papua Barat Daya Province (thousand rupiahss), 2021–2025",34,4,ae4eebdae3b2
PAPUA,01,Kab. Merauke,,2025,**,–,,"PDRB Per Kapita Atas Dasar Harga Berlaku di Provinsi Papua Menurut Kabupaten/Kota (ribu rupiah), 2021–2025","Per Capita GRDP at Current Market Prices by Regency/Municipality, in Papua Province (thousand rupiahss), 2021–2025",35,5,0c03e2fbbb44
PAPUA,02,Kab. Jayawijaya,,2025,**,–,,"PDRB Per Kapita Atas Dasar Harga Berlaku di Provinsi Papua Menurut Kabupaten/Kota (ribu rupiah), 2021–2025","Per Capita GRDP at Current Market Prices by Regency/Municipality, in Papua Province (thousand rupiahss), 2021–2025",35,5,3e3f3e437408
PAPUA,03,Kab. Jayapura,,2025,**,123.134,,"PDRB Per Kapita Atas Dasar Harga Berlaku di Provinsi Papua Menurut Kabupaten/Kota (ribu rupiah), 2021–2025","Per Capita GRDP at Current Market Prices by Regency/Municipality, in Papua Province (thousand rupiahss), 2021–2025",35,5,74b2accc1635
PAPUA,04,Kab. Nabire,,2025,**,–,,"PDRB Per Kapita Atas Dasar Harga Berlaku di Provinsi Papua Menurut Kabupaten/Kota (ribu rupiah), 2021–2025","Per Capita GRDP at Current Market Prices by Regency/Municipality, in Papua Province (thousand rupiahss), 2021–2025",35,5,4c11c9cd374c
PAPUA,08,Kab. Kepulauan Yapen,,2025,**,46.062,,"PDRB Per Kapita Atas Dasar Harga Berlaku di Provinsi Papua Menurut Kabupaten/Kota (ribu rupiah), 2021–2025","Per Capita GRDP at Current Market Prices by Regency/Municipality, in Papua Province (thousand rupiahss), 2021–2025",35,5,41d96377b246
PAPUA,09,Kab. Biak Numfor,,2025,**,47.999,,"PDRB Per Kapita Atas Dasar Harga Berlaku di Provinsi Papua Menurut Kabupaten/Kota (ribu rupiah), 2021–2025","Per Capita GRDP at Current Market Prices by Regency/Municipality, in Papua Province (thousand rupiahss), 2021–2025",35,5,11446b8a486e
PAPUA,10,Kab. Paniai,,2025,**,–,,"PDRB Per Kapita Atas Dasar Harga Berlaku di Provinsi Papua Menurut Kabupaten/Kota (ribu rupiah), 2021–2025","Per Capita GRDP at Current Market Prices by Regency/Municipality, in Papua Province (thousand rupiahss), 2021–2025",35,5,26f1b2763270
PAPUA,11,Kab. Puncak Jaya,,2025,**,–,,"PDRB Per Kapita Atas Dasar Harga Berlaku di Provinsi Papua Menurut Kabupaten/Kota (ribu rupiah), 2021–2025","Per Capita GRDP at Current Market Prices by Regency/Municipality, in Papua Province (thousand rupiahss), 2021–2025",35,5,e37bbffb93cb
PAPUA,12,Kab. Mimika,,2025,**,–,,"PDRB Per Kapita Atas Dasar Harga Berlaku di Provinsi Papua Menurut Kabupaten/Kota (ribu rupiah), 2021–2025","Per Capita GRDP at Current Market Prices by Regency/Municipality, in Papua Province (thousand rupiahss), 2021–2025",35,5,75f914f9c56f
PAPUA,13,Kab. Boven Digoel,,2025,**,–,,"PDRB Per Kapita Atas Dasar Harga Berlaku di Provinsi Papua Menurut Kabupaten/Kota (ribu rupiah), 2021–2025","Per Capita GRDP at Current Market Prices by Regency/Municipality, in Papua Province (thousand rupiahss), 2021–2025",35,5,060f899fab77
PAPUA,14,Kab. Mappi,,2025,**,–,,"PDRB Per Kapita Atas Dasar Harga Berlaku di Provinsi Papua Menurut Kabupaten/Kota (ribu rupiah), 2021–2025","Per Capita GRDP at Current Market Prices by Regency/Municipality, in Papua Province (thousand rupiahss), 2021–2025",35,5,03e2cd4a1859
PAPUA,15,Kab. Asmat,,2025,**,–,,"PDRB Per Kapita Atas Dasar Harga Berlaku di Provinsi Papua Menurut Kabupaten/Kota (ribu rupiah), 2021–2025","Per Capita GRDP at Current Market Prices by Regency/Municipality, in Papua Province (thousand rupiahss), 2021–2025",35,5,f431abc820d7
PAPUA,16,Kab. Yahukimo,,2025,**,–,,"PDRB Per Kapita Atas Dasar Harga Berlaku di Provinsi Papua Menurut Kabupaten/Kota (ribu rupiah), 2021–2025","Per Capita GRDP at Current Market Prices by Regency/Municipality, in Papua Province (thousand rupiahss), 2021–2025",35,5,1702284fdb16
PAPUA,17,Kab. Pegunungan Bintang,,2025,**,–,,"PDRB Per Kapita Atas Dasar Harga Berlaku di Provinsi Papua Menurut Kabupaten/Kota (ribu rupiah), 2021–2025","Per Capita GRDP at Current Market Prices by Regency/Municipality, in Papua Province (thousand rupiahss), 2021–2025",35,5,9683d1c8b803
PAPUA,18,Kab. Tolikara,,2025,**,–,,"PDRB Per Kapita Atas Dasar Harga Berlaku di Provinsi Papua Menurut Kabupaten/Kota (ribu rupiah), 2021–2025","Per Capita GRDP at Current Market Prices by Regency/Municipality, in Papua Province (thousand rupiahss), 2021–2025",35,5,c9fdeff1555d
PAPUA,19,Kab. Sarmi,,2025,**,92.898,,"PDRB Per Kapita Atas Dasar Harga Berlaku di Provinsi Papua Menurut Kabupaten/Kota (ribu rupiah), 2021–2025","Per Capita GRDP at Current Market Prices by Regency/Municipality, in Papua Province (thousand rupiahss), 2021–2025",35,5,9eab47eea1e9
PAPUA,20,Kab. Keerom,,2025,**,58.532,,"PDRB Per Kapita Atas Dasar Harga Berlaku di Provinsi Papua Menurut Kabupaten/Kota (ribu rupiah), 2021–2025","Per Capita GRDP at Current Market Prices by Regency/Municipality, in Papua Province (thousand rupiahss), 2021–2025",35,5,14780c00643b
PAPUA,26,Kab. Waropen,,2025,**,71.600,,"PDRB Per Kapita Atas Dasar Harga Berlaku di Provinsi Papua Menurut Kabupaten/Kota (ribu rupiah), 2021–2025","Per Capita GRDP at Current Market Prices by Regency/Municipality, in Papua Province (thousand rupiahss), 2021–2025",35,5,d6efaa89e52b
PAPUA,27,Kab. Supiori,,2025,**,52.420,,"PDRB Per Kapita Atas Dasar Harga Berlaku di Provinsi Papua Menurut Kabupaten/Kota (ribu rupiah), 2021–2025","Per Capita GRDP at Current Market Prices by Regency/Municipality, in Papua Province (thousand rupiahss), 2021–2025",35,5,fc0467bc2644
PAPUA,28,Kab. Mamberamo Raya,,2025,**,60.288,,"PDRB Per Kapita Atas Dasar Harga Berlaku di Provinsi Papua Menurut Kabupaten/Kota (ribu rupiah), 2021–2025","Per Capita GRDP at Current Market Prices by Regency/Municipality, in Papua Province (thousand rupiahss), 2021–2025",35,5,7f3f27d12e08
PAPUA,29,Kab. Nduga,,2025,**,–,,"PDRB Per Kapita Atas Dasar Harga Berlaku di Provinsi Papua Menurut Kabupaten/Kota (ribu rupiah), 2021–2025","Per Capita GRDP at Current Market Prices by Regency/Municipality, in Papua Province (thousand rupiahss), 2021–2025",35,5,b308f7a807d3
PAPUA,30,Kab. Lanny Jaya,,2025,**,–,,"PDRB Per Kapita Atas Dasar Harga Berlaku di Provinsi Papua Menurut Kabupaten/Kota (ribu rupiah), 2021–2025","Per Capita GRDP at Current Market Prices by Regency/Municipality, in Papua Province (thousand rupiahss), 2021–2025",35,5,be23a2283ffe
PAPUA,31,Kab. Mamberamo Tengah,,2025,**,–,,"PDRB Per Kapita Atas Dasar Harga Berlaku di Provinsi Papua Menurut Kabupaten/Kota (ribu rupiah), 2021–2025","Per Capita GRDP at Current Market Prices by Regency/Municipality, in Papua Province (thousand rupiahss), 2021–2025",35,5,5cd94815effe
PAPUA,32,Kab. Yalimo,,2025,**,–,,"PDRB Per Kapita Atas Dasar Harga Berlaku di Provinsi Papua Menurut Kabupaten/Kota (ribu rupiah), 2021–2025","Per Capita GRDP at Current Market Prices by Regency/Municipality, in Papua Province (thousand rupiahss), 2021–2025",35,5,c73002a98acd
PAPUA,33,Kab. Puncak,,2025,**,–,,"PDRB Per Kapita Atas Dasar Harga Berlaku di Provinsi Papua Menurut Kabupaten/Kota (ribu rupiah), 2021–2025","Per Capita GRDP at Current Market Prices by Regency/Municipality, in Papua Province (thousand rupiahss), 2021–2025",35,5,2f1b75fa2378
PAPUA,34,Kab. Dogiyai,,2025,**,–,,"PDRB Per Kapita Atas Dasar Harga Berlaku di Provinsi Papua Menurut Kabupaten/Kota (ribu rupiah), 2021–2025","Per Capita GRDP at Current Market Prices by Regency/Municipality, in Papua Province (thousand rupiahss), 2021–2025",35,5,4527774c3ff3
PAPUA,35,Kab. Intan Jaya,,2025,**,–,,"PDRB Per Kapita Atas Dasar Harga Berlaku di Provinsi Papua Menurut Kabupaten/Kota (ribu rupiah), 2021–2025","Per Capita GRDP at Current Market Prices by Regency/Municipality, in Papua Province (thousand rupiahss), 2021–2025",35,5,7fcece02d7fd
PAPUA,36,Kab. Deiyai,,2025,**,–,,"PDRB Per Kapita Atas Dasar Harga Berlaku di Provinsi Papua Menurut Kabupaten/Kota (ribu rupiah), 2021–2025","Per Capita GRDP at Current Market Prices by Regency/Municipality, in Papua Province (thousand rupiahss), 2021–2025",35,5,76d8b1d5f5a9
PAPUA,71,Kota Jayapura,,2025,**,99.063,,"PDRB Per Kapita Atas Dasar Harga Berlaku di Provinsi Papua Menurut Kabupaten/Kota (ribu rupiah), 2021–2025","Per Capita GRDP at Current Market Prices by Regency/Municipality, in Papua Province (thousand rupiahss), 2021–2025",35,5,97bbe69ac158
PAPUA,,Jml Kab./Kota Total of Reg./Mun.,,2025,**,22.158,,"PDRB Per Kapita Atas Dasar Harga Berlaku di Provinsi Papua Menurut Kabupaten/Kota (ribu rupiah), 2021–2025","Per Capita GRDP at Current Market Prices by Regency/Municipality, in Papua Province (thousand rupiahss), 2021–2025",35,5,401c13f44c46
PAPUA,,Provinsi/Province,,2025,**,84.305,,"PDRB Per Kapita Atas Dasar Harga Berlaku di Provinsi Papua Menurut Kabupaten/Kota (ribu rupiah), 2021–2025","Per Capita GRDP at Current Market Prices by Regency/Municipality, in Papua Province (thousand rupiahss), 2021–2025",35,5,bedb5f955152
PAPUA SELATAN,01,Kab. Merauke,,2025,**,90.054,,"PDRB Per Kapita Atas Dasar Harga Berlaku di Provinsi Papua Selatan Menurut Kabupaten/Kota (ribu rupiah), 2021–2025","Per Capita GRDP at Current Market Prices by Regency/Municipality, in Papua Selatan Province (thousand rupiahss), 2021–2025",36,6,38e7e7f055ea
PAPUA SELATAN,02,Kab. Boven Digoel,,2025,**,87.893,,"PDRB Per Kapita Atas Dasar Harga Berlaku di Provinsi Papua Selatan Menurut Kabupaten/Kota (ribu rupiah), 2021–2025","Per Capita GRDP at Current Market Prices by Regency/Municipality, in Papua Selatan Province (thousand rupiahss), 2021–2025",36,6,40d8e8047887
PAPUA SELATAN,03,Kab. Mappi,,2025,**,35.132,,"PDRB Per Kapita Atas Dasar Harga Berlaku di Provinsi Papua Selatan Menurut Kabupaten/Kota (ribu rupiah), 2021–2025","Per Capita GRDP at Current Market Prices by Regency/Municipality, in Papua Selatan Province (thousand rupiahss), 2021–2025",36,6,d7d76ec63979
PAPUA SELATAN,04,Kab. Asmat,,2025,**,30.467,,"PDRB Per Kapita Atas Dasar Harga Berlaku di Provinsi Papua Selatan Menurut Kabupaten/Kota (ribu rupiah), 2021–2025","Per Capita GRDP at Current Market Prices by Regency/Municipality, in Papua Selatan Province (thousand rupiahss), 2021–2025",36,6,1cfb1974bfe9
PAPUA SELATAN,,Jml Kab./Kota Total of Reg./Mun.,,2025,**,64.987,,"PDRB Per Kapita Atas Dasar Harga Berlaku di Provinsi Papua Selatan Menurut Kabupaten/Kota (ribu rupiah), 2021–2025","Per Capita GRDP at Current Market Prices by Regency/Municipality, in Papua Selatan Province (thousand rupiahss), 2021–2025",36,6,91e8fe1de361
PAPUA SELATAN,,Provinsi/Province,,2025,**,64.928,,"PDRB Per Kapita Atas Dasar Harga Berlaku di Provinsi Papua Selatan Menurut Kabupaten/Kota (ribu rupiah), 2021–2025","Per Capita GRDP at Current Market Prices by Regency/Municipality, in Papua Selatan Province (thousand rupiahss), 2021–2025",36,6,23f06bfec679
PAPUA TENGAH,01,Kab. Mimika,,2025,**,395.261,,"PDRB Per Kapita Atas Dasar Harga Berlaku di Provinsi Papua Tengah Menurut Kabupaten/Kota (ribu rupiah), 2021–2025","Per Capita GRDP at Current Market Prices by Regency/Municipality, in Papua Tengah Province (thousand rupiahss), 2021–2025",37,7,a5f63335c2b9
PAPUA TENGAH,02,Kab. Dogiyai,,2025,**,13.572,,"PDRB Per Kapita Atas Dasar Harga Berlaku di Provinsi Papua Tengah Menurut Kabupaten/Kota (ribu rupiah), 2021–2025","Per Capita GRDP at Current Market Prices by Regency/Municipality, in Papua Tengah Province (thousand rupiahss), 2021–2025",37,7,b09728a34235
PAPUA TENGAH,03,Kab. Deiyai,,2025,**,17.006,,"PDRB Per Kapita Atas Dasar Harga Berlaku di Provinsi Papua Tengah Menurut Kabupaten/Kota (ribu rupiah), 2021–2025","Per Capita GRDP at Current Market Prices by Regency/Municipality, in Papua Tengah Province (thousand rupiahss), 2021–2025",37,7,1fd81f761110
PAPUA TENGAH,04,Kab. Nabire,,2025,**,91.096,,"PDRB Per Kapita Atas Dasar Harga Berlaku di Provinsi Papua Tengah Menurut Kabupaten/Kota (ribu rupiah), 2021–2025","Per Capita GRDP at Current Market Prices by Regency/Municipality, in Papua Tengah Province (thousand rupiahss), 2021–2025",37,7,9b188cd36934
PAPUA TENGAH,05,Kab. Paniai,,2025,**,23.439,,"PDRB Per Kapita Atas Dasar Harga Berlaku di Provinsi Papua Tengah Menurut Kabupaten/Kota (ribu rupiah), 2021–2025","Per Capita GRDP at Current Market Prices by Regency/Municipality, in Papua Tengah Province (thousand rupiahss), 2021–2025",37,7,0f9da29cbae0
PAPUA TENGAH,06,Kab. Intan Jaya,,2025,**,10.644,,"PDRB Per Kapita Atas Dasar Harga Berlaku di Provinsi Papua Tengah Menurut Kabupaten/Kota (ribu rupiah), 2021–2025","Per Capita GRDP at Current Market Prices by Regency/Municipality, in Papua Tengah Province (thousand rupiahss), 2021–2025",37,7,bf0b78aa4147
PAPUA TENGAH,07,Kab. Puncak,,2025,**,15.005,,"PDRB Per Kapita Atas Dasar Harga Berlaku di Provinsi Papua Tengah Menurut Kabupaten/Kota (ribu rupiah), 2021–2025","Per Capita GRDP at Current Market Prices by Regency/Municipality, in Papua Tengah Province (thousand rupiahss), 2021–2025",37,7,3e725081a31f
PAPUA TENGAH,08,Kab. Puncak Jaya,,2025,**,7.521,,"PDRB Per Kapita Atas Dasar Harga Berlaku di Provinsi Papua Tengah Menurut Kabupaten/Kota (ribu rupiah), 2021–2025","Per Capita GRDP at Current Market Prices by Regency/Municipality, in Papua Tengah Province (thousand rupiahss), 2021–2025",37,7,b855165307db
PAPUA TENGAH,,Jml Kab./Kota Total of Reg./Mun.,,2025,**,108.294,,"PDRB Per Kapita Atas Dasar Harga Berlaku di Provinsi Papua Tengah Menurut Kabupaten/Kota (ribu rupiah), 2021–2025","Per Capita GRDP at Current Market Prices by Regency/Municipality, in Papua Tengah Province (thousand rupiahss), 2021–2025",37,7,57fb45d59e1c
PAPUA TENGAH,,Provinsi/Province,,2025,**,107.566,,"PDRB Per Kapita Atas Dasar Harga Berlaku di Provinsi Papua Tengah Menurut Kabupaten/Kota (ribu rupiah), 2021–2025","Per Capita GRDP at Current Market Prices by Regency/Municipality, in Papua Tengah Province (thousand rupiahss), 2021–2025",37,7,742beb00bc66
PAPUA PEGUNUNGAN,01,Kab. Nduga,,2025,**,15.107,,"PDRB Per Kapita Atas Dasar Harga Berlaku di Provinsi Papua Pegunungan Menurut Kabupaten/Kota (ribu rupiah), 2021–2025","Per Capita GRDP at Current Market Prices by Regency/Municipality, in Papua Pegunungan Province (thousand rupiahss), 2021–2025",38,8,829a5dbe9198
PAPUA PEGUNUNGAN,02,Kab. Jayawijaya,,2025,**,42.841,,"PDRB Per Kapita Atas Dasar Harga Berlaku di Provinsi Papua Pegunungan Menurut Kabupaten/Kota (ribu rupiah), 2021–2025","Per Capita GRDP at Current Market Prices by Regency/Municipality, in Papua Pegunungan Province (thousand rupiahss), 2021–2025",38,8,c0f85fde6c48
PAPUA PEGUNUNGAN,03,Kab. Lanny Jaya,,2025,**,13.063,,"PDRB Per Kapita Atas Dasar Harga Berlaku di Provinsi Papua Pegunungan Menurut Kabupaten/Kota (ribu rupiah), 2021–2025","Per Capita GRDP at Current Market Prices by Regency/Municipality, in Papua Pegunungan Province (thousand rupiahss), 2021–2025",38,8,997df74b028e
PAPUA PEGUNUNGAN,04,Kab. Tolikara,,2025,**,9.294,,"PDRB Per Kapita Atas Dasar Harga Berlaku di Provinsi Papua Pegunungan Menurut Kabupaten/Kota (ribu rupiah), 2021–2025","Per Capita GRDP at Current Market Prices by Regency/Municipality, in Papua Pegunungan Province (thousand rupiahss), 2021–2025",38,8,c8b1f2b611bd
PAPUA PEGUNUNGAN,05,Kab. Mamberamo Tengah,,2025,**,30.731,,"PDRB Per Kapita Atas Dasar Harga Berlaku di Provinsi Papua Pegunungan Menurut Kabupaten/Kota (ribu rupiah), 2021–2025","Per Capita GRDP at Current Market Prices by Regency/Municipality, in Papua Pegunungan Province (thousand rupiahss), 2021–2025",38,8,ea58e8cdcc5c
PAPUA PEGUNUNGAN,06,Kab. Yalimo,,2025,**,16.823,,"PDRB Per Kapita Atas Dasar Harga Berlaku di Provinsi Papua Pegunungan Menurut Kabupaten/Kota (ribu rupiah), 2021–2025","Per Capita GRDP at Current Market Prices by Regency/Municipality, in Papua Pegunungan Province (thousand rupiahss), 2021–2025",38,8,cbdf29c3a1cd
PAPUA PEGUNUNGAN,07,Kab. Yahukimo,,2025,**,9.100,,"PDRB Per Kapita Atas Dasar Harga Berlaku di Provinsi Papua Pegunungan Menurut Kabupaten/Kota (ribu rupiah), 2021–2025","Per Capita GRDP at Current Market Prices by Regency/Municipality, in Papua Pegunungan Province (thousand rupiahss), 2021–2025",38,8,b388ba00ff63
PAPUA PEGUNUNGAN,08,Kab. Pegunungan Bintang,,2025,**,32.347,,"PDRB Per Kapita Atas Dasar Harga Berlaku di Provinsi Papua Pegunungan Menurut Kabupaten/Kota (ribu rupiah), 2021–2025","Per Capita GRDP at Current Market Prices by Regency/Municipality, in Papua Pegunungan Province (thousand rupiahss), 2021–2025",38,8,007171b3919a
PAPUA PEGUNUNGAN,,Jml Kab./Kota Total of Reg./Mun.,,2025,**,19.302,,"PDRB Per Kapita Atas Dasar Harga Berlaku di Provinsi Papua Pegunungan Menurut Kabupaten/Kota (ribu rupiah), 2021–2025","Per Capita GRDP at Current Market Prices by Regency/Municipality, in Papua Pegunungan Province (thousand rupiahss), 2021–2025",38,8,30e096c510a4
PAPUA PEGUNUNGAN,,Provinsi/Province,,2025,**,19.111,,"PDRB Per Kapita Atas Dasar Harga Berlaku di Provinsi Papua Pegunungan Menurut Kabupaten/Kota (ribu rupiah), 2021–2025","Per Capita GRDP at Current Market Prices by Regency/Municipality, in Papua Pegunungan Province (thousand rupiahss), 2021–2025",38,8,03eae3483484
