province_name,regency_code,region_name_raw,name_flag,year,year_flag,value,value_flag,table_header_raw,table_header_english,page_number,table_number,raw_text_hash
NANGGROE ACEH DARUSSALAM,01,Simeulue,,2000,,"2.432.639,15",,"PDRB PER KAPITA ATAS DASAR HARGA BERUVKU DI PROPINSI NANGGROE ACEH DARUSSALAM MENURUT KABUPATEN/KOTA, 2000 - 2003 (RUPIAH)","Per Capita GRDP at Current Price By Regendes/Munidpaiities, in Nanggroe Aceh Darussalam, 2000 - 2003 (Rupiahs)",2,1,f710bb92d837
NANGGROE ACEH DARUSSALAM,03,Aceh Selatan,,2000,,"3.501.223,44",,"PDRB PER KAPITA ATAS DASAR HARGA BERUVKU DI PROPINSI NANGGROE ACEH DARUSSALAM MENURUT KABUPATEN/KOTA, 2000 - 2003 (RUPIAH)","Per Capita GRDP at Current Price By Regendes/Munidpaiities, in Nanggroe Aceh Darussalam, 2000 - 2003 (Rupiahs)",2,1,e95f1b613238
NANGGROE ACEH DARUSSALAM,02,Aceh Singkil,#),2000,,"2.885.569,33",,"PDRB PER KAPITA ATAS DASAR HARGA BERUVKU DI PROPINSI NANGGROE ACEH DARUSSALAM MENURUT KABUPATEN/KOTA, 2000 - 2003 (RUPIAH)","Per Capita GRDP at Current Price By Regendes/Munidpaiities, in Nanggroe Aceh Darussalam, 2000 - 2003 (Rupiahs)",2,1,ea8bdee25e26
NANGGROE ACEH DARUSSALAM,12,Aceh Barat Daya,#),2000,,,,"PDRB PER KAPITA ATAS DASAR HARGA BERUVKU DI PROPINSI NANGGROE ACEH DARUSSALAM MENURUT KABUPATEN/KOTA, 2000 - 2003 (RUPIAH)","Per Capita GRDP at Current Price By Regendes/Munidpaiities, in Nanggroe Aceh Darussalam, 2000 - 2003 (Rupiahs)",2,1,f802582c550d
NANGGROE ACEH DARUSSALAM,04,Aceh Tenggara,,2000,,"2.553.467,40",,"PDRB PER KAPITA ATAS DASAR HARGA BERUVKU DI PROPINSI NANGGROE ACEH DARUSSALAM MENURUT KABUPATEN/KOTA, 2000 - 2003 (RUPIAH)","Per Capita GRDP at Current Price By Regendes/Munidpaiities, in Nanggroe Aceh Darussalam, 2000 - 2003 (Rupiahs)",2,1,7bd18c8d7fb2
NANGGROE ACEH DARUSSALAM,13,Gayo Lues,#),2000,,,,"PDRB PER KAPITA ATAS DASAR HARGA BERUVKU DI PROPINSI NANGGROE ACEH DARUSSALAM MENURUT KABUPATEN/KOTA, 2000 - 2003 (RUPIAH)","Per Capita GRDP at Current Price By Regendes/Munidpaiities, in Nanggroe Aceh Darussalam, 2000 - 2003 (Rupiahs)",2,1,d72836854c5e
NANGGROE ACEH DARUSSALAM,05,Aceh Timur,,2000,,"4.147.167,81",,"PDRB PER KAPITA ATAS DASAR HARGA BERUVKU DI PROPINSI NANGGROE ACEH DARUSSALAM MENURUT KABUPATEN/KOTA, 2000 - 2003 (RUPIAH)","Per Capita GRDP at Current Price By Regendes/Munidpaiities, in Nanggroe Aceh Darussalam, 2000 - 2003 (Rupiahs)",2,1,48dee9dbeb68
NANGGROE ACEH DARUSSALAM,,Aceh Timur,*',2000,,"3.722.970,67",,"PDRB PER KAPITA ATAS DASAR HARGA BERUVKU DI PROPINSI NANGGROE ACEH DARUSSALAM MENURUT KABUPATEN/KOTA, 2000 - 2003 (RUPIAH)","Per Capita GRDP at Current Price By Regendes/Munidpaiities, in Nanggroe Aceh Darussalam, 2000 - 2003 (Rupiahs)",2,1,fd1f49d12563
NANGGROE ACEH DARUSSALAM,14,Aceh Tamiang,#),2000,,,,"PDRB PER KAPITA ATAS DASAR HARGA BERUVKU DI PROPINSI NANGGROE ACEH DARUSSALAM MENURUT KABUPATEN/KOTA, 2000 - 2003 (RUPIAH)","Per Capita GRDP at Current Price By Regendes/Munidpaiities, in Nanggroe Aceh Darussalam, 2000 - 2003 (Rupiahs)",2,1,8c92c0f94d46
NANGGROE ACEH DARUSSALAM,,Aceh Tamiang,*',2000,,,,"PDRB PER KAPITA ATAS DASAR HARGA BERUVKU DI PROPINSI NANGGROE ACEH DARUSSALAM MENURUT KABUPATEN/KOTA, 2000 - 2003 (RUPIAH)","Per Capita GRDP at Current Price By Regendes/Munidpaiities, in Nanggroe Aceh Darussalam, 2000 - 2003 (Rupiahs)",2,1,60f6d042bc28
NANGGROE ACEH DARUSSALAM,73,Langsa,#),2000,,,,"PDRB PER KAPITA ATAS DASAR HARGA BERUVKU DI PROPINSI NANGGROE ACEH DARUSSALAM MENURUT KABUPATEN/KOTA, 2000 - 2003 (RUPIAH)","Per Capita GRDP at Current Price By Regendes/Munidpaiities, in Nanggroe Aceh Darussalam, 2000 - 2003 (Rupiahs)",2,1,3b107c8ea0e9
NANGGROE ACEH DARUSSALAM,06,Aceh Tengah,,2000,,"4.563.472,78",,"PDRB PER KAPITA ATAS DASAR HARGA BERUVKU DI PROPINSI NANGGROE ACEH DARUSSALAM MENURUT KABUPATEN/KOTA, 2000 - 2003 (RUPIAH)","Per Capita GRDP at Current Price By Regendes/Munidpaiities, in Nanggroe Aceh Darussalam, 2000 - 2003 (Rupiahs)",2,1,0006d3251f17
NANGGROE ACEH DARUSSALAM,07,Aceh Barat,,2000,,"3.046.110,41",,"PDRB PER KAPITA ATAS DASAR HARGA BERUVKU DI PROPINSI NANGGROE ACEH DARUSSALAM MENURUT KABUPATEN/KOTA, 2000 - 2003 (RUPIAH)","Per Capita GRDP at Current Price By Regendes/Munidpaiities, in Nanggroe Aceh Darussalam, 2000 - 2003 (Rupiahs)",2,1,791977e0db79
NANGGROE ACEH DARUSSALAM,15,Nagan Raya,#),2000,,,,"PDRB PER KAPITA ATAS DASAR HARGA BERUVKU DI PROPINSI NANGGROE ACEH DARUSSALAM MENURUT KABUPATEN/KOTA, 2000 - 2003 (RUPIAH)","Per Capita GRDP at Current Price By Regendes/Munidpaiities, in Nanggroe Aceh Darussalam, 2000 - 2003 (Rupiahs)",2,1,e554fb1bc8fa
NANGGROE ACEH DARUSSALAM,16,Aceh Jaya,#),2000,,,,"PDRB PER KAPITA ATAS DASAR HARGA BERUVKU DI PROPINSI NANGGROE ACEH DARUSSALAM MENURUT KABUPATEN/KOTA, 2000 - 2003 (RUPIAH)","Per Capita GRDP at Current Price By Regendes/Munidpaiities, in Nanggroe Aceh Darussalam, 2000 - 2003 (Rupiahs)",2,1,a72fa7897b0a
NANGGROE ACEH DARUSSALAM,08,Aceh Besar,,2000,,"4.162.740,79",,"PDRB PER KAPITA ATAS DASAR HARGA BERUVKU DI PROPINSI NANGGROE ACEH DARUSSALAM MENURUT KABUPATEN/KOTA, 2000 - 2003 (RUPIAH)","Per Capita GRDP at Current Price By Regendes/Munidpaiities, in Nanggroe Aceh Darussalam, 2000 - 2003 (Rupiahs)",2,1,23558440d934
NANGGROE ACEH DARUSSALAM,09,Pidie,,2000,,"2.764.30.4,70",,"PDRB PER KAPITA ATAS DASAR HARGA BERUVKU DI PROPINSI NANGGROE ACEH DARUSSALAM MENURUT KABUPATEN/KOTA, 2000 - 2003 (RUPIAH)","Per Capita GRDP at Current Price By Regendes/Munidpaiities, in Nanggroe Aceh Darussalam, 2000 - 2003 (Rupiahs)",2,1,37806d3de066
NANGGROE ACEH DARUSSALAM,11,Aceh Utara,,2000,,"28.761.632,55",,"PDRB PER KAPITA ATAS DASAR HARGA BERUVKU DI PROPINSI NANGGROE ACEH DARUSSALAM MENURUT KABUPATEN/KOTA, 2000 - 2003 (RUPIAH)","Per Capita GRDP at Current Price By Regendes/Munidpaiities, in Nanggroe Aceh Darussalam, 2000 - 2003 (Rupiahs)",2,1,55085b511a56
NANGGROE ACEH DARUSSALAM,,Aceh Utara,*',2000,,"5.297.729,19",,"PDRB PER KAPITA ATAS DASAR HARGA BERUVKU DI PROPINSI NANGGROE ACEH DARUSSALAM MENURUT KABUPATEN/KOTA, 2000 - 2003 (RUPIAH)","Per Capita GRDP at Current Price By Regendes/Munidpaiities, in Nanggroe Aceh Darussalam, 2000 - 2003 (Rupiahs)",2,1,493ac374a4f7
NANGGROE ACEH DARUSSALAM,10,Bireuen,#),2000,,"4.265.910,35",,"PDRB PER KAPITA ATAS DASAR HARGA BERUVKU DI PROPINSI NANGGROE ACEH DARUSSALAM MENURUT KABUPATEN/KOTA, 2000 - 2003 (RUPIAH)","Per Capita GRDP at Current Price By Regendes/Munidpaiities, in Nanggroe Aceh Darussalam, 2000 - 2003 (Rupiahs)",2,1,228f9a55fa04
NANGGROE ACEH DARUSSALAM,74,Lhok Seumawe,#),2000,,,,"PDRB PER KAPITA ATAS DASAR HARGA BERUVKU DI PROPINSI NANGGROE ACEH DARUSSALAM MENURUT KABUPATEN/KOTA, 2000 - 2003 (RUPIAH)","Per Capita GRDP at Current Price By Regendes/Munidpaiities, in Nanggroe Aceh Darussalam, 2000 - 2003 (Rupiahs)",2,1,4b5d2e8a992a
NANGGROE ACEH DARUSSALAM,,Lhok Seumawe,*',2000,,,,"PDRB PER KAPITA ATAS DASAR HARGA BERUVKU DI PROPINSI NANGGROE ACEH DARUSSALAM MENURUT KABUPATEN/KOTA, 2000 - 2003 (RUPIAH)","Per Capita GRDP at Current Price By Regendes/Munidpaiities, in Nanggroe Aceh Darussalam, 2000 - 2003 (Rupiahs)",2,1,c81e12059d60
NANGGROE ACEH DARUSSALAM,71,Banda Aceh,,2000,,"3.529.995,93",,"PDRB PER KAPITA ATAS DASAR HARGA BERUVKU DI PROPINSI NANGGROE ACEH DARUSSALAM MENURUT KABUPATEN/KOTA, 2000 - 2003 (RUPIAH)","Per Capita GRDP at Current Price By Regendes/Munidpaiities, in Nanggroe Aceh Darussalam, 2000 - 2003 (Rupiahs)",2,1,025e68b7e89b
NANGGROE ACEH DARUSSALAM,72,Sabang,,2000,,"4.810.363,33",,"PDRB PER KAPITA ATAS DASAR HARGA BERUVKU DI PROPINSI NANGGROE ACEH DARUSSALAM MENURUT KABUPATEN/KOTA, 2000 - 2003 (RUPIAH)","Per Capita GRDP at Current Price By Regendes/Munidpaiities, in Nanggroe Aceh Darussalam, 2000 - 2003 (Rupiahs)",2,1,da3fa8099e53
NANGGROE ACEH DARUSSALAM,,Jml Kab./Kota. Total of Reg./Mun.,,2000,,"7.311.976,99",,"PDRB PER KAPITA ATAS DASAR HARGA BERUVKU DI PROPINSI NANGGROE ACEH DARUSSALAM MENURUT KABUPATEN/KOTA, 2000 - 2003 (RUPIAH)","Per Capita GRDP at Current Price By Regendes/Munidpaiities, in Nanggroe Aceh Darussalam, 2000 - 2003 (Rupiahs)",2,1,3a5589861e0f
NANGGROE ACEH DARUSSALAM,,Jml Kab./Kota Total of Reg./Mun.,*',2000,,"3.771.579,30",,"PDRB PER KAPITA ATAS DASAR HARGA BERUVKU DI PROPINSI NANGGROE ACEH DARUSSALAM MENURUT KABUPATEN/KOTA, 2000 - 2003 (RUPIAH)","Per Capita GRDP at Current Price By Regendes/Munidpaiities, in Nanggroe Aceh Darussalam, 2000 - 2003 (Rupiahs)",2,1,fc1550f993f5
SUMATERA UTARA,01,Nias,,2000,,"3.280.518,89",,"PDRB PER KAPITA ATAS DASAR HARGA BERLAKU DI PROPINSI SUMATERA UTARA MENURUT KABUPATEN/KOTA, 2000 - 2003 (RUPIAH)","Per Capita GRDP at Current Pnce By Regenaes/Munidpalities, in North Sumatera, 2000 - 2003 (Rupiahs)",3,2,e7a6bd260b1d
SUMATERA UTARA,02,Mandailing Natal,,2000,,"3.859.532,86",,"PDRB PER KAPITA ATAS DASAR HARGA BERLAKU DI PROPINSI SUMATERA UTARA MENURUT KABUPATEN/KOTA, 2000 - 2003 (RUPIAH)","Per Capita GRDP at Current Pnce By Regenaes/Munidpalities, in North Sumatera, 2000 - 2003 (Rupiahs)",3,2,f64713ca7586
SUMATERA UTARA,03,Tapanuli Selatan,,2000,,"4.956.967,65",,"PDRB PER KAPITA ATAS DASAR HARGA BERLAKU DI PROPINSI SUMATERA UTARA MENURUT KABUPATEN/KOTA, 2000 - 2003 (RUPIAH)","Per Capita GRDP at Current Pnce By Regenaes/Munidpalities, in North Sumatera, 2000 - 2003 (Rupiahs)",3,2,221f9a5824a4
SUMATERA UTARA,77,Padang Sidempuan,#),2000,,,,"PDRB PER KAPITA ATAS DASAR HARGA BERLAKU DI PROPINSI SUMATERA UTARA MENURUT KABUPATEN/KOTA, 2000 - 2003 (RUPIAH)","Per Capita GRDP at Current Pnce By Regenaes/Munidpalities, in North Sumatera, 2000 - 2003 (Rupiahs)",3,2,e0248ecddc3e
SUMATERA UTARA,04,Tapanuli Tengah,,2000,,"3.853.126,59",,"PDRB PER KAPITA ATAS DASAR HARGA BERLAKU DI PROPINSI SUMATERA UTARA MENURUT KABUPATEN/KOTA, 2000 - 2003 (RUPIAH)","Per Capita GRDP at Current Pnce By Regenaes/Munidpalities, in North Sumatera, 2000 - 2003 (Rupiahs)",3,2,75f4b9845904
SUMATERA UTARA,05,Tapanuli Utara,,2000,,"3 644.413,86",,"PDRB PER KAPITA ATAS DASAR HARGA BERLAKU DI PROPINSI SUMATERA UTARA MENURUT KABUPATEN/KOTA, 2000 - 2003 (RUPIAH)","Per Capita GRDP at Current Pnce By Regenaes/Munidpalities, in North Sumatera, 2000 - 2003 (Rupiahs)",3,2,86c5d54b34af
SUMATERA UTARA,06,Toba Samosir,,2000,,"4 052 801,25",,"PDRB PER KAPITA ATAS DASAR HARGA BERLAKU DI PROPINSI SUMATERA UTARA MENURUT KABUPATEN/KOTA, 2000 - 2003 (RUPIAH)","Per Capita GRDP at Current Pnce By Regenaes/Munidpalities, in North Sumatera, 2000 - 2003 (Rupiahs)",3,2,4c7f5ef1249b
SUMATERA UTARA,07,Labuhan Batu,,2000,,"8.006.279,04",,"PDRB PER KAPITA ATAS DASAR HARGA BERLAKU DI PROPINSI SUMATERA UTARA MENURUT KABUPATEN/KOTA, 2000 - 2003 (RUPIAH)","Per Capita GRDP at Current Pnce By Regenaes/Munidpalities, in North Sumatera, 2000 - 2003 (Rupiahs)",3,2,8ba548e77c60
SUMATERA UTARA,08,/Vsahan,,2000,,"8.487.575,06",,"PDRB PER KAPITA ATAS DASAR HARGA BERLAKU DI PROPINSI SUMATERA UTARA MENURUT KABUPATEN/KOTA, 2000 - 2003 (RUPIAH)","Per Capita GRDP at Current Pnce By Regenaes/Munidpalities, in North Sumatera, 2000 - 2003 (Rupiahs)",3,2,895b9cdd4181
SUMATERA UTARA,09,Simalungun,,2000,,"4.330 790,92",,"PDRB PER KAPITA ATAS DASAR HARGA BERLAKU DI PROPINSI SUMATERA UTARA MENURUT KABUPATEN/KOTA, 2000 - 2003 (RUPIAH)","Per Capita GRDP at Current Pnce By Regenaes/Munidpalities, in North Sumatera, 2000 - 2003 (Rupiahs)",3,2,e155f3dd8d3e
SUMATERA UTARA,10,Dam,,2000,,"4.573.929,49",,"PDRB PER KAPITA ATAS DASAR HARGA BERLAKU DI PROPINSI SUMATERA UTARA MENURUT KABUPATEN/KOTA, 2000 - 2003 (RUPIAH)","Per Capita GRDP at Current Pnce By Regenaes/Munidpalities, in North Sumatera, 2000 - 2003 (Rupiahs)",3,2,8bfc556fa78a
SUMATERA UTARA,11,Karo,,2000,,"6.100.890,94",,"PDRB PER KAPITA ATAS DASAR HARGA BERLAKU DI PROPINSI SUMATERA UTARA MENURUT KABUPATEN/KOTA, 2000 - 2003 (RUPIAH)","Per Capita GRDP at Current Pnce By Regenaes/Munidpalities, in North Sumatera, 2000 - 2003 (Rupiahs)",3,2,03a5505effd8
SUMATERA UTARA,12,Deli Serdang,,2000,,"3.760.595,27",,"PDRB PER KAPITA ATAS DASAR HARGA BERLAKU DI PROPINSI SUMATERA UTARA MENURUT KABUPATEN/KOTA, 2000 - 2003 (RUPIAH)","Per Capita GRDP at Current Pnce By Regenaes/Munidpalities, in North Sumatera, 2000 - 2003 (Rupiahs)",3,2,31787067317a
SUMATERA UTARA,13,Langkat,,2000,,"5.027.048,86",,"PDRB PER KAPITA ATAS DASAR HARGA BERLAKU DI PROPINSI SUMATERA UTARA MENURUT KABUPATEN/KOTA, 2000 - 2003 (RUPIAH)","Per Capita GRDP at Current Pnce By Regenaes/Munidpalities, in North Sumatera, 2000 - 2003 (Rupiahs)",3,2,ab8fec47952c
SUMATERA UTARA,,Langkat,*',2000,,"4.039.947,19",,"PDRB PER KAPITA ATAS DASAR HARGA BERLAKU DI PROPINSI SUMATERA UTARA MENURUT KABUPATEN/KOTA, 2000 - 2003 (RUPIAH)","Per Capita GRDP at Current Pnce By Regenaes/Munidpalities, in North Sumatera, 2000 - 2003 (Rupiahs)",3,2,d79b28bbebb7
SUMATERA UTARA,71,Sibolga,,2000,,"/5.837.107,52",,"PDRB PER KAPITA ATAS DASAR HARGA BERLAKU DI PROPINSI SUMATERA UTARA MENURUT KABUPATEN/KOTA, 2000 - 2003 (RUPIAH)","Per Capita GRDP at Current Pnce By Regenaes/Munidpalities, in North Sumatera, 2000 - 2003 (Rupiahs)",3,2,de56e56e932b
SUMATERA UTARA,72,Tanjung Balai,,2000,,"s6.414.511,47",,"PDRB PER KAPITA ATAS DASAR HARGA BERLAKU DI PROPINSI SUMATERA UTARA MENURUT KABUPATEN/KOTA, 2000 - 2003 (RUPIAH)","Per Capita GRDP at Current Pnce By Regenaes/Munidpalities, in North Sumatera, 2000 - 2003 (Rupiahs)",3,2,40a918a460c6
SUMATERA UTARA,73,Pematang Siantar,,2000,,"7.014.594,28",,"PDRB PER KAPITA ATAS DASAR HARGA BERLAKU DI PROPINSI SUMATERA UTARA MENURUT KABUPATEN/KOTA, 2000 - 2003 (RUPIAH)","Per Capita GRDP at Current Pnce By Regenaes/Munidpalities, in North Sumatera, 2000 - 2003 (Rupiahs)",3,2,b22b1c2b4bf4
SUMATERA UTARA,74,Tebing Tinggi,,2000,,"5.837.142,06",,"PDRB PER KAPITA ATAS DASAR HARGA BERLAKU DI PROPINSI SUMATERA UTARA MENURUT KABUPATEN/KOTA, 2000 - 2003 (RUPIAH)","Per Capita GRDP at Current Pnce By Regenaes/Munidpalities, in North Sumatera, 2000 - 2003 (Rupiahs)",3,2,f2bf7eddee7b
SUMATERA UTARA,75,Medan,,2000,,"7.325.095,39",,"PDRB PER KAPITA ATAS DASAR HARGA BERLAKU DI PROPINSI SUMATERA UTARA MENURUT KABUPATEN/KOTA, 2000 - 2003 (RUPIAH)","Per Capita GRDP at Current Pnce By Regenaes/Munidpalities, in North Sumatera, 2000 - 2003 (Rupiahs)",3,2,1baf2dff3cb1
SUMATERA UTARA,76,Binjai,,2000,,"3.897.690,00",,"PDRB PER KAPITA ATAS DASAR HARGA BERLAKU DI PROPINSI SUMATERA UTARA MENURUT KABUPATEN/KOTA, 2000 - 2003 (RUPIAH)","Per Capita GRDP at Current Pnce By Regenaes/Munidpalities, in North Sumatera, 2000 - 2003 (Rupiahs)",3,2,5de87f21eb01
SUMATERA UTARA,,Jml Kab./Kota. Total of Reg./Mun.,,2000,,"5.117.844,91",,"PDRB PER KAPITA ATAS DASAR HARGA BERLAKU DI PROPINSI SUMATERA UTARA MENURUT KABUPATEN/KOTA, 2000 - 2003 (RUPIAH)","Per Capita GRDP at Current Pnce By Regenaes/Munidpalities, in North Sumatera, 2000 - 2003 (Rupiahs)",3,2,6ba658b03970
SUMATERA UTARA,,Jml Kab./Kota. Total of Reg./Mun.,*',2000,,"4.991.226,49",,"PDRB PER KAPITA ATAS DASAR HARGA BERLAKU DI PROPINSI SUMATERA UTARA MENURUT KABUPATEN/KOTA, 2000 - 2003 (RUPIAH)","Per Capita GRDP at Current Pnce By Regenaes/Munidpalities, in North Sumatera, 2000 - 2003 (Rupiahs)",3,2,ffdbc01abc75
SUMATERA BARAT,01,Kepulauan Mentawai,,2000,,"5.400.000,00",,"PDRB PER KAPITA ATAS DASAR HARGA BERLAKU DI PROPINSI SUMATERA BARAT MENURUT KABUPATEN/KOTA, 2000 - 2003 (RUPIAH)","Per Capita GRDP at Current Price By Regenaes/Munidpalities, in West Sumatera, 2000 - 2003 (Rupiahs)",4,3,a57f54866804
SUMATERA BARAT,02,Pesisir Selatan,,2000,,"3.380.000,00",,"PDRB PER KAPITA ATAS DASAR HARGA BERLAKU DI PROPINSI SUMATERA BARAT MENURUT KABUPATEN/KOTA, 2000 - 2003 (RUPIAH)","Per Capita GRDP at Current Price By Regenaes/Munidpalities, in West Sumatera, 2000 - 2003 (Rupiahs)",4,3,8bd0c0e20730
SUMATERA BARAT,03,Solok,,2000,,"3.890.000,00",,"PDRB PER KAPITA ATAS DASAR HARGA BERLAKU DI PROPINSI SUMATERA BARAT MENURUT KABUPATEN/KOTA, 2000 - 2003 (RUPIAH)","Per Capita GRDP at Current Price By Regenaes/Munidpalities, in West Sumatera, 2000 - 2003 (Rupiahs)",4,3,48c0905e4f95
SUMATERA BARAT,04,Sawahlunto/Sijunj'ung,,2000,,"5.380.000,00",,"PDRB PER KAPITA ATAS DASAR HARGA BERLAKU DI PROPINSI SUMATERA BARAT MENURUT KABUPATEN/KOTA, 2000 - 2003 (RUPIAH)","Per Capita GRDP at Current Price By Regenaes/Munidpalities, in West Sumatera, 2000 - 2003 (Rupiahs)",4,3,9899c1e1ef58
SUMATERA BARAT,05,Tanah Datar,,2000,,"4.500.000,00",,"PDRB PER KAPITA ATAS DASAR HARGA BERLAKU DI PROPINSI SUMATERA BARAT MENURUT KABUPATEN/KOTA, 2000 - 2003 (RUPIAH)","Per Capita GRDP at Current Price By Regenaes/Munidpalities, in West Sumatera, 2000 - 2003 (Rupiahs)",4,3,42a69c180ed2
SUMATERA BARAT,06,Padang Panaman,,2000,,"3.960.000,00",,"PDRB PER KAPITA ATAS DASAR HARGA BERLAKU DI PROPINSI SUMATERA BARAT MENURUT KABUPATEN/KOTA, 2000 - 2003 (RUPIAH)","Per Capita GRDP at Current Price By Regenaes/Munidpalities, in West Sumatera, 2000 - 2003 (Rupiahs)",4,3,8cdcb15b4d40
SUMATERA BARAT,77,Kota Pariaman,#),2000,,,,"PDRB PER KAPITA ATAS DASAR HARGA BERLAKU DI PROPINSI SUMATERA BARAT MENURUT KABUPATEN/KOTA, 2000 - 2003 (RUPIAH)","Per Capita GRDP at Current Price By Regenaes/Munidpalities, in West Sumatera, 2000 - 2003 (Rupiahs)",4,3,5fb5aa9e6b10
SUMATERA BARAT,07,Agam,,2000,,"4.360.000,00",,"PDRB PER KAPITA ATAS DASAR HARGA BERLAKU DI PROPINSI SUMATERA BARAT MENURUT KABUPATEN/KOTA, 2000 - 2003 (RUPIAH)","Per Capita GRDP at Current Price By Regenaes/Munidpalities, in West Sumatera, 2000 - 2003 (Rupiahs)",4,3,3e002ee933e3
SUMATERA BARAT,08,Lima Puluh Koto,,2000,,"5.490.000,00",,"PDRB PER KAPITA ATAS DASAR HARGA BERLAKU DI PROPINSI SUMATERA BARAT MENURUT KABUPATEN/KOTA, 2000 - 2003 (RUPIAH)","Per Capita GRDP at Current Price By Regenaes/Munidpalities, in West Sumatera, 2000 - 2003 (Rupiahs)",4,3,a97157d06241
SUMATERA BARAT,09,Pasaman,,2000,,"3.610.000,00",,"PDRB PER KAPITA ATAS DASAR HARGA BERLAKU DI PROPINSI SUMATERA BARAT MENURUT KABUPATEN/KOTA, 2000 - 2003 (RUPIAH)","Per Capita GRDP at Current Price By Regenaes/Munidpalities, in West Sumatera, 2000 - 2003 (Rupiahs)",4,3,5366ba38130d
SUMATERA BARAT,71,Padang,,2000,,"10.430.000,00",,"PDRB PER KAPITA ATAS DASAR HARGA BERLAKU DI PROPINSI SUMATERA BARAT MENURUT KABUPATEN/KOTA, 2000 - 2003 (RUPIAH)","Per Capita GRDP at Current Price By Regenaes/Munidpalities, in West Sumatera, 2000 - 2003 (Rupiahs)",4,3,2a812931d774
SUMATERA BARAT,72,Solok,,2000,,"6.750.000,00",,"PDRB PER KAPITA ATAS DASAR HARGA BERLAKU DI PROPINSI SUMATERA BARAT MENURUT KABUPATEN/KOTA, 2000 - 2003 (RUPIAH)","Per Capita GRDP at Current Price By Regenaes/Munidpalities, in West Sumatera, 2000 - 2003 (Rupiahs)",4,3,abf8a954bfd1
SUMATERA BARAT,73,Sawahlunto,,2000,,"8.250.000,00",,"PDRB PER KAPITA ATAS DASAR HARGA BERLAKU DI PROPINSI SUMATERA BARAT MENURUT KABUPATEN/KOTA, 2000 - 2003 (RUPIAH)","Per Capita GRDP at Current Price By Regenaes/Munidpalities, in West Sumatera, 2000 - 2003 (Rupiahs)",4,3,813d0b1c0d4f
SUMATERA BARAT,74,Padang Panjang,,2000,,"6.190.000,00",,"PDRB PER KAPITA ATAS DASAR HARGA BERLAKU DI PROPINSI SUMATERA BARAT MENURUT KABUPATEN/KOTA, 2000 - 2003 (RUPIAH)","Per Capita GRDP at Current Price By Regenaes/Munidpalities, in West Sumatera, 2000 - 2003 (Rupiahs)",4,3,010b02d61b4e
SUMATERA BARAT,75,Bukit Tinggi,,2000,,"6.760.000,00",,"PDRB PER KAPITA ATAS DASAR HARGA BERLAKU DI PROPINSI SUMATERA BARAT MENURUT KABUPATEN/KOTA, 2000 - 2003 (RUPIAH)","Per Capita GRDP at Current Price By Regenaes/Munidpalities, in West Sumatera, 2000 - 2003 (Rupiahs)",4,3,11229614f4cc
SUMATERA BARAT,76,Payakumbuh,,2000,,"5.360.000,00",,"PDRB PER KAPITA ATAS DASAR HARGA BERLAKU DI PROPINSI SUMATERA BARAT MENURUT KABUPATEN/KOTA, 2000 - 2003 (RUPIAH)","Per Capita GRDP at Current Price By Regenaes/Munidpalities, in West Sumatera, 2000 - 2003 (Rupiahs)",4,3,007859c15011
SUMATERA BARAT,,Jml Kab./Kota. Total of Reg./Mun.,,2000,,"5.280.296,93",,"PDRB PER KAPITA ATAS DASAR HARGA BERLAKU DI PROPINSI SUMATERA BARAT MENURUT KABUPATEN/KOTA, 2000 - 2003 (RUPIAH)","Per Capita GRDP at Current Price By Regenaes/Munidpalities, in West Sumatera, 2000 - 2003 (Rupiahs)",4,3,f6e39834682a
SUMATERA BARAT,,Jml Kab./Kota. Total of Reg./Mun.,*',2000,,"5.280.296,93",,"PDRB PER KAPITA ATAS DASAR HARGA BERLAKU DI PROPINSI SUMATERA BARAT MENURUT KABUPATEN/KOTA, 2000 - 2003 (RUPIAH)","Per Capita GRDP at Current Price By Regenaes/Munidpalities, in West Sumatera, 2000 - 2003 (Rupiahs)",4,3,961f601397e2
RIAU,01,Kuantan Singingi,,2000,,"4.228.285,21",,"PDRB PER KAPITA ATAS DASAR HARGA BERLAKU DI PROPINSI RIAU MENURUT KABUPATEN/KOTA, 2000 - 2003 (RUPIAH)","Per Capita GRDP at Current Pnce By Regendes/Munidpaiities, in Riau, 2000 - 2003 (Rupiahs)",5,4,2c3b8516555f
RIAU,02,Indragin Hulu,,2000,,"4.505.261,05",,"PDRB PER KAPITA ATAS DASAR HARGA BERLAKU DI PROPINSI RIAU MENURUT KABUPATEN/KOTA, 2000 - 2003 (RUPIAH)","Per Capita GRDP at Current Pnce By Regendes/Munidpaiities, in Riau, 2000 - 2003 (Rupiahs)",5,4,d81d69ec20a9
RIAU,,Indragin Hulu,*',2000,,"3 993.145,70",,"PDRB PER KAPITA ATAS DASAR HARGA BERLAKU DI PROPINSI RIAU MENURUT KABUPATEN/KOTA, 2000 - 2003 (RUPIAH)","Per Capita GRDP at Current Pnce By Regendes/Munidpaiities, in Riau, 2000 - 2003 (Rupiahs)",5,4,bc3abdfec8b0
RIAU,03,Indragiri Hilir,,2000,,"4.243.380,74",,"PDRB PER KAPITA ATAS DASAR HARGA BERLAKU DI PROPINSI RIAU MENURUT KABUPATEN/KOTA, 2000 - 2003 (RUPIAH)","Per Capita GRDP at Current Pnce By Regendes/Munidpaiities, in Riau, 2000 - 2003 (Rupiahs)",5,4,ece348fcb712
RIAU,04,Pelalawan,,2000,,"5.013.994,01",,"PDRB PER KAPITA ATAS DASAR HARGA BERLAKU DI PROPINSI RIAU MENURUT KABUPATEN/KOTA, 2000 - 2003 (RUPIAH)","Per Capita GRDP at Current Pnce By Regendes/Munidpaiities, in Riau, 2000 - 2003 (Rupiahs)",5,4,82419379ad3e
RIAU,,Pelalawan,*',2000,,"4 469 009,15",,"PDRB PER KAPITA ATAS DASAR HARGA BERLAKU DI PROPINSI RIAU MENURUT KABUPATEN/KOTA, 2000 - 2003 (RUPIAH)","Per Capita GRDP at Current Pnce By Regendes/Munidpaiities, in Riau, 2000 - 2003 (Rupiahs)",5,4,c68cf6f103c5
RIAU,05,Siak,,2000,,"34.591 995,26",,"PDRB PER KAPITA ATAS DASAR HARGA BERLAKU DI PROPINSI RIAU MENURUT KABUPATEN/KOTA, 2000 - 2003 (RUPIAH)","Per Capita GRDP at Current Pnce By Regendes/Munidpaiities, in Riau, 2000 - 2003 (Rupiahs)",5,4,f9de237f2d38
RIAU,,Siak,*',2000,,"3.810 528,59",,"PDRB PER KAPITA ATAS DASAR HARGA BERLAKU DI PROPINSI RIAU MENURUT KABUPATEN/KOTA, 2000 - 2003 (RUPIAH)","Per Capita GRDP at Current Pnce By Regendes/Munidpaiities, in Riau, 2000 - 2003 (Rupiahs)",5,4,7a31847e7d36
RIAU,06,Kampar,,2000,,"8 527 834,43",,"PDRB PER KAPITA ATAS DASAR HARGA BERLAKU DI PROPINSI RIAU MENURUT KABUPATEN/KOTA, 2000 - 2003 (RUPIAH)","Per Capita GRDP at Current Pnce By Regendes/Munidpaiities, in Riau, 2000 - 2003 (Rupiahs)",5,4,b680e340ca15
RIAU,,Kampar,*',2000,,"2 883 150,59",,"PDRB PER KAPITA ATAS DASAR HARGA BERLAKU DI PROPINSI RIAU MENURUT KABUPATEN/KOTA, 2000 - 2003 (RUPIAH)","Per Capita GRDP at Current Pnce By Regendes/Munidpaiities, in Riau, 2000 - 2003 (Rupiahs)",5,4,fc160b5e3197
RIAU,07,Rokan Hulu,,2000,,"3 101 555,90",,"PDRB PER KAPITA ATAS DASAR HARGA BERLAKU DI PROPINSI RIAU MENURUT KABUPATEN/KOTA, 2000 - 2003 (RUPIAH)","Per Capita GRDP at Current Pnce By Regendes/Munidpaiities, in Riau, 2000 - 2003 (Rupiahs)",5,4,867e41cd7e74
RIAU,,Rokan Hulu,"""",2000,,"2 741.683,91",,"PDRB PER KAPITA ATAS DASAR HARGA BERLAKU DI PROPINSI RIAU MENURUT KABUPATEN/KOTA, 2000 - 2003 (RUPIAH)","Per Capita GRDP at Current Pnce By Regendes/Munidpaiities, in Riau, 2000 - 2003 (Rupiahs)",5,4,b626baed6e37
RIAU,08,Bengkalis,,2000,,"27.941.625,30",,"PDRB PER KAPITA ATAS DASAR HARGA BERLAKU DI PROPINSI RIAU MENURUT KABUPATEN/KOTA, 2000 - 2003 (RUPIAH)","Per Capita GRDP at Current Pnce By Regendes/Munidpaiities, in Riau, 2000 - 2003 (Rupiahs)",5,4,8ad424dff53f
RIAU,,Bengkalis,*',2000,,"3.120.917,b67",,"PDRB PER KAPITA ATAS DASAR HARGA BERLAKU DI PROPINSI RIAU MENURUT KABUPATEN/KOTA, 2000 - 2003 (RUPIAH)","Per Capita GRDP at Current Pnce By Regendes/Munidpaiities, in Riau, 2000 - 2003 (Rupiahs)",5,4,c09f3cbe9773
RIAU,09,Rokan Hilir,,2000,,"16.242.213,06",,"PDRB PER KAPITA ATAS DASAR HARGA BERLAKU DI PROPINSI RIAU MENURUT KABUPATEN/KOTA, 2000 - 2003 (RUPIAH)","Per Capita GRDP at Current Pnce By Regendes/Munidpaiities, in Riau, 2000 - 2003 (Rupiahs)",5,4,1856e1c4d940
RIAU,,Rokan Hilir,*',2000,,"3.3w96.079,72",,"PDRB PER KAPITA ATAS DASAR HARGA BERLAKU DI PROPINSI RIAU MENURUT KABUPATEN/KOTA, 2000 - 2003 (RUPIAH)","Per Capita GRDP at Current Pnce By Regendes/Munidpaiities, in Riau, 2000 - 2003 (Rupiahs)",5,4,0e63632d2c6e
RIAU,10,Kepulauan Riau,,2000,,"5.580.420,96",,"PDRB PER KAPITA ATAS DASAR HARGA BERLAKU DI PROPINSI RIAU MENURUT KABUPATEN/KOTA, 2000 - 2003 (RUPIAH)","Per Capita GRDP at Current Pnce By Regendes/Munidpaiities, in Riau, 2000 - 2003 (Rupiahs)",5,4,3e1af492de2a
RIAU,,Kepulauan Riau,*',2000,,"/5.580.420,96",,"PDRB PER KAPITA ATAS DASAR HARGA BERLAKU DI PROPINSI RIAU MENURUT KABUPATEN/KOTA, 2000 - 2003 (RUPIAH)","Per Capita GRDP at Current Pnce By Regendes/Munidpaiities, in Riau, 2000 - 2003 (Rupiahs)",5,4,4194826ef6bf
RIAU,74,Tanjung Pinang,#),2000,,,,"PDRB PER KAPITA ATAS DASAR HARGA BERLAKU DI PROPINSI RIAU MENURUT KABUPATEN/KOTA, 2000 - 2003 (RUPIAH)","Per Capita GRDP at Current Pnce By Regendes/Munidpaiities, in Riau, 2000 - 2003 (Rupiahs)",5,4,52c21548b09b
RIAU,11,Karimun,,2000,,"5.969.411,54",,"PDRB PER KAPITA ATAS DASAR HARGA BERLAKU DI PROPINSI RIAU MENURUT KABUPATEN/KOTA, 2000 - 2003 (RUPIAH)","Per Capita GRDP at Current Pnce By Regendes/Munidpaiities, in Riau, 2000 - 2003 (Rupiahs)",5,4,9543afc11325
RIAU,,Karimun,*',2000,,"5.969.411,54",,"PDRB PER KAPITA ATAS DASAR HARGA BERLAKU DI PROPINSI RIAU MENURUT KABUPATEN/KOTA, 2000 - 2003 (RUPIAH)","Per Capita GRDP at Current Pnce By Regendes/Munidpaiities, in Riau, 2000 - 2003 (Rupiahs)",5,4,52bc87ffeb75
RIAU,12,Natuna,,2000,,"35.133.786,96",,"PDRB PER KAPITA ATAS DASAR HARGA BERLAKU DI PROPINSI RIAU MENURUT KABUPATEN/KOTA, 2000 - 2003 (RUPIAH)","Per Capita GRDP at Current Pnce By Regendes/Munidpaiities, in Riau, 2000 - 2003 (Rupiahs)",5,4,a0c28e3fb051
RIAU,,Natuna,*',2000,,"3.645.108,93",,"PDRB PER KAPITA ATAS DASAR HARGA BERLAKU DI PROPINSI RIAU MENURUT KABUPATEN/KOTA, 2000 - 2003 (RUPIAH)","Per Capita GRDP at Current Pnce By Regendes/Munidpaiities, in Riau, 2000 - 2003 (Rupiahs)",5,4,edd6dbacfbd2
RIAU,71,Pekan Baru,,2000,,"5.487.122,18",,"PDRB PER KAPITA ATAS DASAR HARGA BERLAKU DI PROPINSI RIAU MENURUT KABUPATEN/KOTA, 2000 - 2003 (RUPIAH)","Per Capita GRDP at Current Pnce By Regendes/Munidpaiities, in Riau, 2000 - 2003 (Rupiahs)",5,4,f4e2aa1d7ae3
RIAU,72,Batam,,2000,,"15.026.326,44",,"PDRB PER KAPITA ATAS DASAR HARGA BERLAKU DI PROPINSI RIAU MENURUT KABUPATEN/KOTA, 2000 - 2003 (RUPIAH)","Per Capita GRDP at Current Pnce By Regendes/Munidpaiities, in Riau, 2000 - 2003 (Rupiahs)",5,4,27b530abb5c9
RIAU,73,Dumai,,2000,,"15.682.501,91",,"PDRB PER KAPITA ATAS DASAR HARGA BERLAKU DI PROPINSI RIAU MENURUT KABUPATEN/KOTA, 2000 - 2003 (RUPIAH)","Per Capita GRDP at Current Pnce By Regendes/Munidpaiities, in Riau, 2000 - 2003 (Rupiahs)",5,4,6b0c4e7c8d37
RIAU,,Dumai,*',2000,,"3.858 259,06",,"PDRB PER KAPITA ATAS DASAR HARGA BERLAKU DI PROPINSI RIAU MENURUT KABUPATEN/KOTA, 2000 - 2003 (RUPIAH)","Per Capita GRDP at Current Pnce By Regendes/Munidpaiities, in Riau, 2000 - 2003 (Rupiahs)",5,4,35e4265b6946
RIAU,,Jml Kab./Kota. Total of Reg./Mun.,,2000,,"13.900.137,19",,"PDRB PER KAPITA ATAS DASAR HARGA BERLAKU DI PROPINSI RIAU MENURUT KABUPATEN/KOTA, 2000 - 2003 (RUPIAH)","Per Capita GRDP at Current Pnce By Regendes/Munidpaiities, in Riau, 2000 - 2003 (Rupiahs)",5,4,506c626026ca
RIAU,,Jml Kab./Kota. Total of Reg./Mun.,*',2000,,"4.768.131,27",,"PDRB PER KAPITA ATAS DASAR HARGA BERLAKU DI PROPINSI RIAU MENURUT KABUPATEN/KOTA, 2000 - 2003 (RUPIAH)","Per Capita GRDP at Current Pnce By Regendes/Munidpaiities, in Riau, 2000 - 2003 (Rupiahs)",5,4,8ecae1b7be3c
JAMBI,01,Kennci,,2000,,"3.389.243,02",,"PDRB PER KAPITA ATAS DASAR HARGA BERLAKU DI PROPINSI JAMBI MENURUT KABUPATEN/KOTA, 2000 - 2003 (RUPIAH)","Per Capita GRDP at Current Price By Regenaes/Municipalities, in Jambi, 2000 - 2003 (Rupiahs)",6,5,57d2e52821d7
JAMBI,02,Merangin,,2000,,"2.715.896,35",,"PDRB PER KAPITA ATAS DASAR HARGA BERLAKU DI PROPINSI JAMBI MENURUT KABUPATEN/KOTA, 2000 - 2003 (RUPIAH)","Per Capita GRDP at Current Price By Regenaes/Municipalities, in Jambi, 2000 - 2003 (Rupiahs)",6,5,e71ed9f39baa
JAMBI,03,Sarolangun,,2000,,"3.537.010,73",,"PDRB PER KAPITA ATAS DASAR HARGA BERLAKU DI PROPINSI JAMBI MENURUT KABUPATEN/KOTA, 2000 - 2003 (RUPIAH)","Per Capita GRDP at Current Price By Regenaes/Municipalities, in Jambi, 2000 - 2003 (Rupiahs)",6,5,57516ce761be
JAMBI,,Sarolangun,*',2000,,"3.304.137,63",,"PDRB PER KAPITA ATAS DASAR HARGA BERLAKU DI PROPINSI JAMBI MENURUT KABUPATEN/KOTA, 2000 - 2003 (RUPIAH)","Per Capita GRDP at Current Price By Regenaes/Municipalities, in Jambi, 2000 - 2003 (Rupiahs)",6,5,5f0dd9d773a0
JAMBI,04,Batanghan,,2000,,"3.553.253,32",,"PDRB PER KAPITA ATAS DASAR HARGA BERLAKU DI PROPINSI JAMBI MENURUT KABUPATEN/KOTA, 2000 - 2003 (RUPIAH)","Per Capita GRDP at Current Price By Regenaes/Municipalities, in Jambi, 2000 - 2003 (Rupiahs)",6,5,4f33ab459e21
JAMBI,,Batanghari,*',2000,,"3.228.636,46",,"PDRB PER KAPITA ATAS DASAR HARGA BERLAKU DI PROPINSI JAMBI MENURUT KABUPATEN/KOTA, 2000 - 2003 (RUPIAH)","Per Capita GRDP at Current Price By Regenaes/Municipalities, in Jambi, 2000 - 2003 (Rupiahs)",6,5,ac7c38e545fa
JAMBI,05,Muaro Jambi,,2000,,"2.887.035,08",,"PDRB PER KAPITA ATAS DASAR HARGA BERLAKU DI PROPINSI JAMBI MENURUT KABUPATEN/KOTA, 2000 - 2003 (RUPIAH)","Per Capita GRDP at Current Price By Regenaes/Municipalities, in Jambi, 2000 - 2003 (Rupiahs)",6,5,3fa9422c9dbf
JAMBI,,Muaro Jambi,*',2000,,"2.450.197,23",,"PDRB PER KAPITA ATAS DASAR HARGA BERLAKU DI PROPINSI JAMBI MENURUT KABUPATEN/KOTA, 2000 - 2003 (RUPIAH)","Per Capita GRDP at Current Price By Regenaes/Municipalities, in Jambi, 2000 - 2003 (Rupiahs)",6,5,0c9b432dab94
JAMBI,06,Tanjung Jabung Timur,,2000,,"6.900.723,76",,"PDRB PER KAPITA ATAS DASAR HARGA BERLAKU DI PROPINSI JAMBI MENURUT KABUPATEN/KOTA, 2000 - 2003 (RUPIAH)","Per Capita GRDP at Current Price By Regenaes/Municipalities, in Jambi, 2000 - 2003 (Rupiahs)",6,5,0a604d6d63a7
JAMBI,,Tanjung Jabung Timur,*',2000,,"3.604.255,88",,"PDRB PER KAPITA ATAS DASAR HARGA BERLAKU DI PROPINSI JAMBI MENURUT KABUPATEN/KOTA, 2000 - 2003 (RUPIAH)","Per Capita GRDP at Current Price By Regenaes/Municipalities, in Jambi, 2000 - 2003 (Rupiahs)",6,5,bcd7b94d8f9c
JAMBI,07,Tanjung Jabung Barat,,2000,,"5.390.207,66",,"PDRB PER KAPITA ATAS DASAR HARGA BERLAKU DI PROPINSI JAMBI MENURUT KABUPATEN/KOTA, 2000 - 2003 (RUPIAH)","Per Capita GRDP at Current Price By Regenaes/Municipalities, in Jambi, 2000 - 2003 (Rupiahs)",6,5,54af988d779c
JAMBI,,Tanjung Jabung Barat,*',2000,,"5.390.207,66",,"PDRB PER KAPITA ATAS DASAR HARGA BERLAKU DI PROPINSI JAMBI MENURUT KABUPATEN/KOTA, 2000 - 2003 (RUPIAH)","Per Capita GRDP at Current Price By Regenaes/Municipalities, in Jambi, 2000 - 2003 (Rupiahs)",6,5,6d5cd971af4f
JAMBI,08,Tebo,,2000,,"2.401.055,79",,"PDRB PER KAPITA ATAS DASAR HARGA BERLAKU DI PROPINSI JAMBI MENURUT KABUPATEN/KOTA, 2000 - 2003 (RUPIAH)","Per Capita GRDP at Current Price By Regenaes/Municipalities, in Jambi, 2000 - 2003 (Rupiahs)",6,5,2ce48f1ec19a
JAMBI,09,Bungo,,2000,,"3.132.912,58",,"PDRB PER KAPITA ATAS DASAR HARGA BERLAKU DI PROPINSI JAMBI MENURUT KABUPATEN/KOTA, 2000 - 2003 (RUPIAH)","Per Capita GRDP at Current Price By Regenaes/Municipalities, in Jambi, 2000 - 2003 (Rupiahs)",6,5,390f76652aec
JAMBI,71,Jambi,,2000,,"4.699.010,24",,"PDRB PER KAPITA ATAS DASAR HARGA BERLAKU DI PROPINSI JAMBI MENURUT KABUPATEN/KOTA, 2000 - 2003 (RUPIAH)","Per Capita GRDP at Current Price By Regenaes/Municipalities, in Jambi, 2000 - 2003 (Rupiahs)",6,5,5dc9458f007b
JAMBI,,Jambi,*',2000,,"4.347.429,00",,"PDRB PER KAPITA ATAS DASAR HARGA BERLAKU DI PROPINSI JAMBI MENURUT KABUPATEN/KOTA, 2000 - 2003 (RUPIAH)","Per Capita GRDP at Current Price By Regenaes/Municipalities, in Jambi, 2000 - 2003 (Rupiahs)",6,5,9f7f82a3592e
JAMBI,,Jml Kab./Kota. Total of Reg./Mun.,,2000,,"w3.857.333,03",,"PDRB PER KAPITA ATAS DASAR HARGA BERLAKU DI PROPINSI JAMBI MENURUT KABUPATEN/KOTA, 2000 - 2003 (RUPIAH)","Per Capita GRDP at Current Price By Regenaes/Municipalities, in Jambi, 2000 - 2003 (Rupiahs)",6,5,2de5fea1519a
JAMBI,,Jml Kab./Kota. Total of Reg./Mun.,*',2000,,"/3.448.628,15",,"PDRB PER KAPITA ATAS DASAR HARGA BERLAKU DI PROPINSI JAMBI MENURUT KABUPATEN/KOTA, 2000 - 2003 (RUPIAH)","Per Capita GRDP at Current Price By Regenaes/Municipalities, in Jambi, 2000 - 2003 (Rupiahs)",6,5,f62a234e6998
SUMATERA SELATAN,01,Ogan Komenng Ulu,,2000,,"3.436.748,73",,"PDRB PER KAPITA ATAS DASAR HARGA BERLAKU DI PROPINSI SUMATERA SELATAN MENURUT KABUPATEN/KOTA, 2000 - 2003 (RUPIAH)","Per Capita GRDP at Current Price By Regendes/Munidpaiities, in South Sumatera, 2000 - 2003 (Rupiahs)",7,6,187eb7172bb6
SUMATERA SELATAN,,Ogan Komering Ulu,*',2000,,"3.007.444,85",,"PDRB PER KAPITA ATAS DASAR HARGA BERLAKU DI PROPINSI SUMATERA SELATAN MENURUT KABUPATEN/KOTA, 2000 - 2003 (RUPIAH)","Per Capita GRDP at Current Price By Regendes/Munidpaiities, in South Sumatera, 2000 - 2003 (Rupiahs)",7,6,daf6ebd94946
SUMATERA SELATAN,02,Ogan Komenng liir,,2000,,"2.999.479,68",,"PDRB PER KAPITA ATAS DASAR HARGA BERLAKU DI PROPINSI SUMATERA SELATAN MENURUT KABUPATEN/KOTA, 2000 - 2003 (RUPIAH)","Per Capita GRDP at Current Price By Regendes/Munidpaiities, in South Sumatera, 2000 - 2003 (Rupiahs)",7,6,8165ee7845d8
SUMATERA SELATAN,,Ogan Komering Ilir,*^,2000,,"2.991.921,78",,"PDRB PER KAPITA ATAS DASAR HARGA BERLAKU DI PROPINSI SUMATERA SELATAN MENURUT KABUPATEN/KOTA, 2000 - 2003 (RUPIAH)","Per Capita GRDP at Current Price By Regendes/Munidpaiities, in South Sumatera, 2000 - 2003 (Rupiahs)",7,6,1130c21733fe
SUMATERA SELATAN,03,Muara Enim,,2000,,"8.690.471,44",,"PDRB PER KAPITA ATAS DASAR HARGA BERLAKU DI PROPINSI SUMATERA SELATAN MENURUT KABUPATEN/KOTA, 2000 - 2003 (RUPIAH)","Per Capita GRDP at Current Price By Regendes/Munidpaiities, in South Sumatera, 2000 - 2003 (Rupiahs)",7,6,8cf68150961b
SUMATERA SELATAN,,Muara Enim,*',2000,,"4.816.292,39",,"PDRB PER KAPITA ATAS DASAR HARGA BERLAKU DI PROPINSI SUMATERA SELATAN MENURUT KABUPATEN/KOTA, 2000 - 2003 (RUPIAH)","Per Capita GRDP at Current Price By Regendes/Munidpaiities, in South Sumatera, 2000 - 2003 (Rupiahs)",7,6,3a708c81c7e7
SUMATERA SELATAN,72,Prabumullh,#),2000,,,,"PDRB PER KAPITA ATAS DASAR HARGA BERLAKU DI PROPINSI SUMATERA SELATAN MENURUT KABUPATEN/KOTA, 2000 - 2003 (RUPIAH)","Per Capita GRDP at Current Price By Regendes/Munidpaiities, in South Sumatera, 2000 - 2003 (Rupiahs)",7,6,86f57282e9a3
SUMATERA SELATAN,,Prabumulih,*',2000,,,,"PDRB PER KAPITA ATAS DASAR HARGA BERLAKU DI PROPINSI SUMATERA SELATAN MENURUT KABUPATEN/KOTA, 2000 - 2003 (RUPIAH)","Per Capita GRDP at Current Price By Regendes/Munidpaiities, in South Sumatera, 2000 - 2003 (Rupiahs)",7,6,c347fd9ae612
SUMATERA SELATAN,04,Lahat,,2000,,"3.228.475,91",,"PDRB PER KAPITA ATAS DASAR HARGA BERLAKU DI PROPINSI SUMATERA SELATAN MENURUT KABUPATEN/KOTA, 2000 - 2003 (RUPIAH)","Per Capita GRDP at Current Price By Regendes/Munidpaiities, in South Sumatera, 2000 - 2003 (Rupiahs)",7,6,5f00f0f07ed9
SUMATERA SELATAN,73,Pagar Alam,#),2000,,,,"PDRB PER KAPITA ATAS DASAR HARGA BERLAKU DI PROPINSI SUMATERA SELATAN MENURUT KABUPATEN/KOTA, 2000 - 2003 (RUPIAH)","Per Capita GRDP at Current Price By Regendes/Munidpaiities, in South Sumatera, 2000 - 2003 (Rupiahs)",7,6,e8406950235a
SUMATERA SELATAN,05,Musi Rawas,,2000,,"5.495.437,17",,"PDRB PER KAPITA ATAS DASAR HARGA BERLAKU DI PROPINSI SUMATERA SELATAN MENURUT KABUPATEN/KOTA, 2000 - 2003 (RUPIAH)","Per Capita GRDP at Current Price By Regendes/Munidpaiities, in South Sumatera, 2000 - 2003 (Rupiahs)",7,6,eb0fba49e845
SUMATERA SELATAN,,Musi Rawas,*',2000,,"3.673.282,16",,"PDRB PER KAPITA ATAS DASAR HARGA BERLAKU DI PROPINSI SUMATERA SELATAN MENURUT KABUPATEN/KOTA, 2000 - 2003 (RUPIAH)","Per Capita GRDP at Current Price By Regendes/Munidpaiities, in South Sumatera, 2000 - 2003 (Rupiahs)",7,6,0ee113e75849
SUMATERA SELATAN,74,Lubuk Unggau,#),2000,,,,"PDRB PER KAPITA ATAS DASAR HARGA BERLAKU DI PROPINSI SUMATERA SELATAN MENURUT KABUPATEN/KOTA, 2000 - 2003 (RUPIAH)","Per Capita GRDP at Current Price By Regendes/Munidpaiities, in South Sumatera, 2000 - 2003 (Rupiahs)",7,6,44d866322ad6
SUMATERA SELATAN,06,Musi Banyuasin,,2000,,"7.876.649,04",,"PDRB PER KAPITA ATAS DASAR HARGA BERLAKU DI PROPINSI SUMATERA SELATAN MENURUT KABUPATEN/KOTA, 2000 - 2003 (RUPIAH)","Per Capita GRDP at Current Price By Regendes/Munidpaiities, in South Sumatera, 2000 - 2003 (Rupiahs)",7,6,168e81574fa0
SUMATERA SELATAN,,MUSI Banyuasin,*',2000,,"4.479.441,05",,"PDRB PER KAPITA ATAS DASAR HARGA BERLAKU DI PROPINSI SUMATERA SELATAN MENURUT KABUPATEN/KOTA, 2000 - 2003 (RUPIAH)","Per Capita GRDP at Current Price By Regendes/Munidpaiities, in South Sumatera, 2000 - 2003 (Rupiahs)",7,6,e88d3c011118
SUMATERA SELATAN,07,Banyuasin,#),2000,,,,"PDRB PER KAPITA ATAS DASAR HARGA BERLAKU DI PROPINSI SUMATERA SELATAN MENURUT KABUPATEN/KOTA, 2000 - 2003 (RUPIAH)","Per Capita GRDP at Current Price By Regendes/Munidpaiities, in South Sumatera, 2000 - 2003 (Rupiahs)",7,6,4a40faf6d909
SUMATERA SELATAN,,Banyuasin,*',2000,,,,"PDRB PER KAPITA ATAS DASAR HARGA BERLAKU DI PROPINSI SUMATERA SELATAN MENURUT KABUPATEN/KOTA, 2000 - 2003 (RUPIAH)","Per Capita GRDP at Current Price By Regendes/Munidpaiities, in South Sumatera, 2000 - 2003 (Rupiahs)",7,6,760bdeb9349c
SUMATERA SELATAN,71,Palembang,,2000,,"7.68w1.557,77",,"PDRB PER KAPITA ATAS DASAR HARGA BERLAKU DI PROPINSI SUMATERA SELATAN MENURUT KABUPATEN/KOTA, 2000 - 2003 (RUPIAH)","Per Capita GRDP at Current Price By Regendes/Munidpaiities, in South Sumatera, 2000 - 2003 (Rupiahs)",7,6,2f4cda7cc16c
SUMATERA SELATAN,,Palembang,*',2000,,"6w.579.425,55",,"PDRB PER KAPITA ATAS DASAR HARGA BERLAKU DI PROPINSI SUMATERA SELATAN MENURUT KABUPATEN/KOTA, 2000 - 2003 (RUPIAH)","Per Capita GRDP at Current Price By Regendes/Munidpaiities, in South Sumatera, 2000 - 2003 (Rupiahs)",7,6,0035c13c6fe1
SUMATERA SELATAN,,Jml Kab./Kota. Total of Reg./Mun.,,2000,,"/5.715.605,53",,"PDRB PER KAPITA ATAS DASAR HARGA BERLAKU DI PROPINSI SUMATERA SELATAN MENURUT KABUPATEN/KOTA, 2000 - 2003 (RUPIAH)","Per Capita GRDP at Current Price By Regendes/Munidpaiities, in South Sumatera, 2000 - 2003 (Rupiahs)",7,6,d0a3a8a7af32
SUMATERA SELATAN,,Jml Kab./Kota. Total of Reg /Mun.,*',2000,,"s4.248.648,86",,"PDRB PER KAPITA ATAS DASAR HARGA BERLAKU DI PROPINSI SUMATERA SELATAN MENURUT KABUPATEN/KOTA, 2000 - 2003 (RUPIAH)","Per Capita GRDP at Current Price By Regendes/Munidpaiities, in South Sumatera, 2000 - 2003 (Rupiahs)",7,6,eb0caaac8497
KEPULAUAN BANGKA BELITUNG,01,Bangka,,2000,,"5.913.140,08",,"PDRB PER KAPITA ATAS D/VSAR HARGA BERLAKU DI PROPINSI KEPULAUAN BANGKA BELITUNG MENURUT KABUPATEN/KOTA, 2000 - 2003 (RUPIAH)","Per Capita GRDP at Current Price By Regendes/Munidpaiities, in Bangka Belitung Islands, 2000 - 2003 (Rupiahs)",8,7,35456fa20846
KEPULAUAN BANGKA BELITUNG,03,Bangka Selatan,#),2000,,,,"PDRB PER KAPITA ATAS D/VSAR HARGA BERLAKU DI PROPINSI KEPULAUAN BANGKA BELITUNG MENURUT KABUPATEN/KOTA, 2000 - 2003 (RUPIAH)","Per Capita GRDP at Current Price By Regendes/Munidpaiities, in Bangka Belitung Islands, 2000 - 2003 (Rupiahs)",8,7,aa32083ea949
KEPULAUAN BANGKA BELITUNG,04,Bangka Tengah,#),2000,,,,"PDRB PER KAPITA ATAS D/VSAR HARGA BERLAKU DI PROPINSI KEPULAUAN BANGKA BELITUNG MENURUT KABUPATEN/KOTA, 2000 - 2003 (RUPIAH)","Per Capita GRDP at Current Price By Regendes/Munidpaiities, in Bangka Belitung Islands, 2000 - 2003 (Rupiahs)",8,7,82afe3a4b6dc
KEPULAUAN BANGKA BELITUNG,05,Bangka Barat,#),2000,,,,"PDRB PER KAPITA ATAS D/VSAR HARGA BERLAKU DI PROPINSI KEPULAUAN BANGKA BELITUNG MENURUT KABUPATEN/KOTA, 2000 - 2003 (RUPIAH)","Per Capita GRDP at Current Price By Regendes/Munidpaiities, in Bangka Belitung Islands, 2000 - 2003 (Rupiahs)",8,7,aceaa0a1fc7d
KEPULAUAN BANGKA BELITUNG,02,Belitung,,2000,,"5.744.047,15",,"PDRB PER KAPITA ATAS D/VSAR HARGA BERLAKU DI PROPINSI KEPULAUAN BANGKA BELITUNG MENURUT KABUPATEN/KOTA, 2000 - 2003 (RUPIAH)","Per Capita GRDP at Current Price By Regendes/Munidpaiities, in Bangka Belitung Islands, 2000 - 2003 (Rupiahs)",8,7,2c4ca3a86875
KEPULAUAN BANGKA BELITUNG,06,Behtung Timur,#),2000,,,,"PDRB PER KAPITA ATAS D/VSAR HARGA BERLAKU DI PROPINSI KEPULAUAN BANGKA BELITUNG MENURUT KABUPATEN/KOTA, 2000 - 2003 (RUPIAH)","Per Capita GRDP at Current Price By Regendes/Munidpaiities, in Bangka Belitung Islands, 2000 - 2003 (Rupiahs)",8,7,84000d15e262
KEPULAUAN BANGKA BELITUNG,71,Pangkal Pinang,,2000,,"4.573.394,24",,"PDRB PER KAPITA ATAS D/VSAR HARGA BERLAKU DI PROPINSI KEPULAUAN BANGKA BELITUNG MENURUT KABUPATEN/KOTA, 2000 - 2003 (RUPIAH)","Per Capita GRDP at Current Price By Regendes/Munidpaiities, in Bangka Belitung Islands, 2000 - 2003 (Rupiahs)",8,7,7d74991643a8
KEPULAUAN BANGKA BELITUNG,,Jml Kab./Kota. Total of Reg /Mun.,,2000,,"5 696 291,32",,"PDRB PER KAPITA ATAS D/VSAR HARGA BERLAKU DI PROPINSI KEPULAUAN BANGKA BELITUNG MENURUT KABUPATEN/KOTA, 2000 - 2003 (RUPIAH)","Per Capita GRDP at Current Price By Regendes/Munidpaiities, in Bangka Belitung Islands, 2000 - 2003 (Rupiahs)",8,7,aaa8317d8dfb
KEPULAUAN BANGKA BELITUNG,,Jml Kab./Kota. Total of Reg./Mun.,*',2000,,"5.696 291,32",,"PDRB PER KAPITA ATAS D/VSAR HARGA BERLAKU DI PROPINSI KEPULAUAN BANGKA BELITUNG MENURUT KABUPATEN/KOTA, 2000 - 2003 (RUPIAH)","Per Capita GRDP at Current Price By Regendes/Munidpaiities, in Bangka Belitung Islands, 2000 - 2003 (Rupiahs)",8,7,f51e085507ba
BENGKULU,01,Bengkulu Selatan,,2000,,"1 677 474,79",,"PDRB PER KAPITA ATAS DASAR HARGA BERLAKU DI PROPINSI BENGKULU MENURUT KABUPATEN/KOTA, 2000 - 2003 (RUPIAH)","Per Capita GRDP at Current Pnce By Regencies/Muniapaltties, m Bengkulu, 2000 - 2003 (Rupiahs)",9,8,69c4e53258fd
BENGKULU,04,Kaur,#),2000,,,,"PDRB PER KAPITA ATAS DASAR HARGA BERLAKU DI PROPINSI BENGKULU MENURUT KABUPATEN/KOTA, 2000 - 2003 (RUPIAH)","Per Capita GRDP at Current Pnce By Regencies/Muniapaltties, m Bengkulu, 2000 - 2003 (Rupiahs)",9,8,256fb3fbc887
BENGKULU,05,Seluma,«),2000,,,,"PDRB PER KAPITA ATAS DASAR HARGA BERLAKU DI PROPINSI BENGKULU MENURUT KABUPATEN/KOTA, 2000 - 2003 (RUPIAH)","Per Capita GRDP at Current Pnce By Regencies/Muniapaltties, m Bengkulu, 2000 - 2003 (Rupiahs)",9,8,dcda4d0a2acb
BENGKULU,02,Rejang Lebong,,2000,,"3.402.289,81",,"PDRB PER KAPITA ATAS DASAR HARGA BERLAKU DI PROPINSI BENGKULU MENURUT KABUPATEN/KOTA, 2000 - 2003 (RUPIAH)","Per Capita GRDP at Current Pnce By Regencies/Muniapaltties, m Bengkulu, 2000 - 2003 (Rupiahs)",9,8,534304a3497c
BENGKULU,03,Bengkulu Utara,,2000,,"1.810.364,85",,"PDRB PER KAPITA ATAS DASAR HARGA BERLAKU DI PROPINSI BENGKULU MENURUT KABUPATEN/KOTA, 2000 - 2003 (RUPIAH)","Per Capita GRDP at Current Pnce By Regencies/Muniapaltties, m Bengkulu, 2000 - 2003 (Rupiahs)",9,8,dc74041a8fbf
BENGKULU,06,Muko-Huko,#),2000,,,,"PDRB PER KAPITA ATAS DASAR HARGA BERLAKU DI PROPINSI BENGKULU MENURUT KABUPATEN/KOTA, 2000 - 2003 (RUPIAH)","Per Capita GRDP at Current Pnce By Regencies/Muniapaltties, m Bengkulu, 2000 - 2003 (Rupiahs)",9,8,18968be802b3
BENGKULU,71,Bengkulu,,2000,,"3 947 553,73",,"PDRB PER KAPITA ATAS DASAR HARGA BERLAKU DI PROPINSI BENGKULU MENURUT KABUPATEN/KOTA, 2000 - 2003 (RUPIAH)","Per Capita GRDP at Current Pnce By Regencies/Muniapaltties, m Bengkulu, 2000 - 2003 (Rupiahs)",9,8,e5243ed12c83
BENGKULU,,JmlKab./Kota Total of Reg./Mun.,,2000,,"2 612 424,42",,"PDRB PER KAPITA ATAS DASAR HARGA BERLAKU DI PROPINSI BENGKULU MENURUT KABUPATEN/KOTA, 2000 - 2003 (RUPIAH)","Per Capita GRDP at Current Pnce By Regencies/Muniapaltties, m Bengkulu, 2000 - 2003 (Rupiahs)",9,8,ddd50d18586f
BENGKULU,,Jml Kab./Kota. Total of Reg./Mun.,*',2000,,"2 612 424,42",,"PDRB PER KAPITA ATAS DASAR HARGA BERLAKU DI PROPINSI BENGKULU MENURUT KABUPATEN/KOTA, 2000 - 2003 (RUPIAH)","Per Capita GRDP at Current Pnce By Regencies/Muniapaltties, m Bengkulu, 2000 - 2003 (Rupiahs)",9,8,0c1c448978ae
LAMPUNG,01,Lampung Barat,,2000,,"2.842.753,67",,"PDRB PER KAPITA ATAS DASAR HARGA BERLAKU DI PROPINSI LAMPUNG MENURUT KABUPATEN/KOTA, 2000 - 2003 (RUPIAH)","Per Capita GRDP at Current Pnce By Regenaes/Munidpalities, in lempung, 2000 - 2003 (Rupiahs)",10,9,52692827af42
LAMPUNG,02,Tanggamus,,2000,,"2.678.678,38",,"PDRB PER KAPITA ATAS DASAR HARGA BERLAKU DI PROPINSI LAMPUNG MENURUT KABUPATEN/KOTA, 2000 - 2003 (RUPIAH)","Per Capita GRDP at Current Pnce By Regenaes/Munidpalities, in lempung, 2000 - 2003 (Rupiahs)",10,9,3d72178083c5
LAMPUNG,03,Lampung Selatan,,2000,,"2.984.134,03",,"PDRB PER KAPITA ATAS DASAR HARGA BERLAKU DI PROPINSI LAMPUNG MENURUT KABUPATEN/KOTA, 2000 - 2003 (RUPIAH)","Per Capita GRDP at Current Pnce By Regenaes/Munidpalities, in lempung, 2000 - 2003 (Rupiahs)",10,9,4489e705ac1f
LAMPUNG,04,Lampung Timur,,2000,,"3.138.226,04",,"PDRB PER KAPITA ATAS DASAR HARGA BERLAKU DI PROPINSI LAMPUNG MENURUT KABUPATEN/KOTA, 2000 - 2003 (RUPIAH)","Per Capita GRDP at Current Pnce By Regenaes/Munidpalities, in lempung, 2000 - 2003 (Rupiahs)",10,9,2018c3dbe034
LAMPUNG,,Lampung Timur,*',2000,,"2.758.045,20",,"PDRB PER KAPITA ATAS DASAR HARGA BERLAKU DI PROPINSI LAMPUNG MENURUT KABUPATEN/KOTA, 2000 - 2003 (RUPIAH)","Per Capita GRDP at Current Pnce By Regenaes/Munidpalities, in lempung, 2000 - 2003 (Rupiahs)",10,9,969cd554a660
LAMPUNG,05,Lampung Tengah,,2000,,"3.376.852,21",,"PDRB PER KAPITA ATAS DASAR HARGA BERLAKU DI PROPINSI LAMPUNG MENURUT KABUPATEN/KOTA, 2000 - 2003 (RUPIAH)","Per Capita GRDP at Current Pnce By Regenaes/Munidpalities, in lempung, 2000 - 2003 (Rupiahs)",10,9,8fd45c20a8be
LAMPUNG,06,Lampung Utara,,2000,,"2.842.903,45",,"PDRB PER KAPITA ATAS DASAR HARGA BERLAKU DI PROPINSI LAMPUNG MENURUT KABUPATEN/KOTA, 2000 - 2003 (RUPIAH)","Per Capita GRDP at Current Pnce By Regenaes/Munidpalities, in lempung, 2000 - 2003 (Rupiahs)",10,9,14c6721bf676
LAMPUNG,07,Way Kanan,,2000,,"2.028.495,21",,"PDRB PER KAPITA ATAS DASAR HARGA BERLAKU DI PROPINSI LAMPUNG MENURUT KABUPATEN/KOTA, 2000 - 2003 (RUPIAH)","Per Capita GRDP at Current Pnce By Regenaes/Munidpalities, in lempung, 2000 - 2003 (Rupiahs)",10,9,fb8ac19d4b96
LAMPUNG,08,Tulang Bawang,,2000,,"3.234.943,38",,"PDRB PER KAPITA ATAS DASAR HARGA BERLAKU DI PROPINSI LAMPUNG MENURUT KABUPATEN/KOTA, 2000 - 2003 (RUPIAH)","Per Capita GRDP at Current Pnce By Regenaes/Munidpalities, in lempung, 2000 - 2003 (Rupiahs)",10,9,4598af0b9700
LAMPUNG,71,Bandar Lampung,,2000,,"6.605.250,37",,"PDRB PER KAPITA ATAS DASAR HARGA BERLAKU DI PROPINSI LAMPUNG MENURUT KABUPATEN/KOTA, 2000 - 2003 (RUPIAH)","Per Capita GRDP at Current Pnce By Regenaes/Munidpalities, in lempung, 2000 - 2003 (Rupiahs)",10,9,e192cb171639
LAMPUNG,72,Metro,,2000,,"2.523.073,42",,"PDRB PER KAPITA ATAS DASAR HARGA BERLAKU DI PROPINSI LAMPUNG MENURUT KABUPATEN/KOTA, 2000 - 2003 (RUPIAH)","Per Capita GRDP at Current Pnce By Regenaes/Munidpalities, in lempung, 2000 - 2003 (Rupiahs)",10,9,df91b031a2e7
LAMPUNG,,Jml Kab./Kota. Total of Reg./Mun.,,2000,,"3.380.984,94",,"PDRB PER KAPITA ATAS DASAR HARGA BERLAKU DI PROPINSI LAMPUNG MENURUT KABUPATEN/KOTA, 2000 - 2003 (RUPIAH)","Per Capita GRDP at Current Pnce By Regenaes/Munidpalities, in lempung, 2000 - 2003 (Rupiahs)",10,9,c30349e7a56c
LAMPUNG,,Jml Kab./Kota. ToUl of Reg./Mun.,*',2000,,"3.331.330,27b",,"PDRB PER KAPITA ATAS DASAR HARGA BERLAKU DI PROPINSI LAMPUNG MENURUT KABUPATEN/KOTA, 2000 - 2003 (RUPIAH)","Per Capita GRDP at Current Pnce By Regenaes/Munidpalities, in lempung, 2000 - 2003 (Rupiahs)",10,9,67cc88429230
NANGGROE ACEH DARUSSALAM,01,Simeulue,,2001,,"2.662.249,16",,"PDRB PER KAPITA ATAS DASAR HARGA BERUVKU DI PROPINSI NANGGROE ACEH DARUSSALAM MENURUT KABUPATEN/KOTA, 2000 - 2003 (RUPIAH)","Per Capita GRDP at Current Price By Regendes/Munidpaiities, in Nanggroe Aceh Darussalam, 2000 - 2003 (Rupiahs)",2,1,6a83833a848b
NANGGROE ACEH DARUSSALAM,03,Aceh Selatan,,2001,,"3.918.340,88",,"PDRB PER KAPITA ATAS DASAR HARGA BERUVKU DI PROPINSI NANGGROE ACEH DARUSSALAM MENURUT KABUPATEN/KOTA, 2000 - 2003 (RUPIAH)","Per Capita GRDP at Current Price By Regendes/Munidpaiities, in Nanggroe Aceh Darussalam, 2000 - 2003 (Rupiahs)",2,1,67373b312bdc
NANGGROE ACEH DARUSSALAM,02,Aceh Singkil,#),2001,,"3.257.019,40",,"PDRB PER KAPITA ATAS DASAR HARGA BERUVKU DI PROPINSI NANGGROE ACEH DARUSSALAM MENURUT KABUPATEN/KOTA, 2000 - 2003 (RUPIAH)","Per Capita GRDP at Current Price By Regendes/Munidpaiities, in Nanggroe Aceh Darussalam, 2000 - 2003 (Rupiahs)",2,1,4f9a7eb1efd3
NANGGROE ACEH DARUSSALAM,12,Aceh Barat Daya,#),2001,,,,"PDRB PER KAPITA ATAS DASAR HARGA BERUVKU DI PROPINSI NANGGROE ACEH DARUSSALAM MENURUT KABUPATEN/KOTA, 2000 - 2003 (RUPIAH)","Per Capita GRDP at Current Price By Regendes/Munidpaiities, in Nanggroe Aceh Darussalam, 2000 - 2003 (Rupiahs)",2,1,9b2e18b943af
NANGGROE ACEH DARUSSALAM,04,Aceh Tenggara,,2001,,"2.824 124,77",,"PDRB PER KAPITA ATAS DASAR HARGA BERUVKU DI PROPINSI NANGGROE ACEH DARUSSALAM MENURUT KABUPATEN/KOTA, 2000 - 2003 (RUPIAH)","Per Capita GRDP at Current Price By Regendes/Munidpaiities, in Nanggroe Aceh Darussalam, 2000 - 2003 (Rupiahs)",2,1,f950b64be633
NANGGROE ACEH DARUSSALAM,13,Gayo Lues,#),2001,,,,"PDRB PER KAPITA ATAS DASAR HARGA BERUVKU DI PROPINSI NANGGROE ACEH DARUSSALAM MENURUT KABUPATEN/KOTA, 2000 - 2003 (RUPIAH)","Per Capita GRDP at Current Price By Regendes/Munidpaiities, in Nanggroe Aceh Darussalam, 2000 - 2003 (Rupiahs)",2,1,e98811ede1ae
NANGGROE ACEH DARUSSALAM,05,Aceh Timur,,2001,,"4.481.839,41",,"PDRB PER KAPITA ATAS DASAR HARGA BERUVKU DI PROPINSI NANGGROE ACEH DARUSSALAM MENURUT KABUPATEN/KOTA, 2000 - 2003 (RUPIAH)","Per Capita GRDP at Current Price By Regendes/Munidpaiities, in Nanggroe Aceh Darussalam, 2000 - 2003 (Rupiahs)",2,1,f27d49a54687
NANGGROE ACEH DARUSSALAM,,Aceh Timur,*',2001,,"3.977.238,20",,"PDRB PER KAPITA ATAS DASAR HARGA BERUVKU DI PROPINSI NANGGROE ACEH DARUSSALAM MENURUT KABUPATEN/KOTA, 2000 - 2003 (RUPIAH)","Per Capita GRDP at Current Price By Regendes/Munidpaiities, in Nanggroe Aceh Darussalam, 2000 - 2003 (Rupiahs)",2,1,b92b014aa2cd
NANGGROE ACEH DARUSSALAM,14,Aceh Tamiang,#),2001,,,,"PDRB PER KAPITA ATAS DASAR HARGA BERUVKU DI PROPINSI NANGGROE ACEH DARUSSALAM MENURUT KABUPATEN/KOTA, 2000 - 2003 (RUPIAH)","Per Capita GRDP at Current Price By Regendes/Munidpaiities, in Nanggroe Aceh Darussalam, 2000 - 2003 (Rupiahs)",2,1,c7f2ee3ae9f8
NANGGROE ACEH DARUSSALAM,,Aceh Tamiang,*',2001,,,,"PDRB PER KAPITA ATAS DASAR HARGA BERUVKU DI PROPINSI NANGGROE ACEH DARUSSALAM MENURUT KABUPATEN/KOTA, 2000 - 2003 (RUPIAH)","Per Capita GRDP at Current Price By Regendes/Munidpaiities, in Nanggroe Aceh Darussalam, 2000 - 2003 (Rupiahs)",2,1,ef70b21c7d33
NANGGROE ACEH DARUSSALAM,73,Langsa,#),2001,,"4.981 055,57",,"PDRB PER KAPITA ATAS DASAR HARGA BERUVKU DI PROPINSI NANGGROE ACEH DARUSSALAM MENURUT KABUPATEN/KOTA, 2000 - 2003 (RUPIAH)","Per Capita GRDP at Current Price By Regendes/Munidpaiities, in Nanggroe Aceh Darussalam, 2000 - 2003 (Rupiahs)",2,1,7a298e92a3f2
NANGGROE ACEH DARUSSALAM,06,Aceh Tengah,,2001,,"4.913.141d,92",,"PDRB PER KAPITA ATAS DASAR HARGA BERUVKU DI PROPINSI NANGGROE ACEH DARUSSALAM MENURUT KABUPATEN/KOTA, 2000 - 2003 (RUPIAH)","Per Capita GRDP at Current Price By Regendes/Munidpaiities, in Nanggroe Aceh Darussalam, 2000 - 2003 (Rupiahs)",2,1,7f4912ed049d
NANGGROE ACEH DARUSSALAM,07,Aceh Barat,,2001,,"3.312.9.25,89",,"PDRB PER KAPITA ATAS DASAR HARGA BERUVKU DI PROPINSI NANGGROE ACEH DARUSSALAM MENURUT KABUPATEN/KOTA, 2000 - 2003 (RUPIAH)","Per Capita GRDP at Current Price By Regendes/Munidpaiities, in Nanggroe Aceh Darussalam, 2000 - 2003 (Rupiahs)",2,1,abdd6e8f250a
NANGGROE ACEH DARUSSALAM,15,Nagan Raya,#),2001,,,,"PDRB PER KAPITA ATAS DASAR HARGA BERUVKU DI PROPINSI NANGGROE ACEH DARUSSALAM MENURUT KABUPATEN/KOTA, 2000 - 2003 (RUPIAH)","Per Capita GRDP at Current Price By Regendes/Munidpaiities, in Nanggroe Aceh Darussalam, 2000 - 2003 (Rupiahs)",2,1,1703fd4da7cd
NANGGROE ACEH DARUSSALAM,16,Aceh Jaya,#),2001,,,,"PDRB PER KAPITA ATAS DASAR HARGA BERUVKU DI PROPINSI NANGGROE ACEH DARUSSALAM MENURUT KABUPATEN/KOTA, 2000 - 2003 (RUPIAH)","Per Capita GRDP at Current Price By Regendes/Munidpaiities, in Nanggroe Aceh Darussalam, 2000 - 2003 (Rupiahs)",2,1,0492e0319efd
NANGGROE ACEH DARUSSALAM,08,Aceh Besar,,2001,,"4.717.788,86",,"PDRB PER KAPITA ATAS DASAR HARGA BERUVKU DI PROPINSI NANGGROE ACEH DARUSSALAM MENURUT KABUPATEN/KOTA, 2000 - 2003 (RUPIAH)","Per Capita GRDP at Current Price By Regendes/Munidpaiities, in Nanggroe Aceh Darussalam, 2000 - 2003 (Rupiahs)",2,1,e05728d3de90
NANGGROE ACEH DARUSSALAM,09,Pidie,,2001,,"3.020.189,39",,"PDRB PER KAPITA ATAS DASAR HARGA BERUVKU DI PROPINSI NANGGROE ACEH DARUSSALAM MENURUT KABUPATEN/KOTA, 2000 - 2003 (RUPIAH)","Per Capita GRDP at Current Price By Regendes/Munidpaiities, in Nanggroe Aceh Darussalam, 2000 - 2003 (Rupiahs)",2,1,05268462fb91
NANGGROE ACEH DARUSSALAM,11,Aceh Utara,,2001,,"32.417.679,22",,"PDRB PER KAPITA ATAS DASAR HARGA BERUVKU DI PROPINSI NANGGROE ACEH DARUSSALAM MENURUT KABUPATEN/KOTA, 2000 - 2003 (RUPIAH)","Per Capita GRDP at Current Price By Regendes/Munidpaiities, in Nanggroe Aceh Darussalam, 2000 - 2003 (Rupiahs)",2,1,ea5c1a47a5e9
NANGGROE ACEH DARUSSALAM,,Aceh Utara,*',2001,,"5 775.118,43",,"PDRB PER KAPITA ATAS DASAR HARGA BERUVKU DI PROPINSI NANGGROE ACEH DARUSSALAM MENURUT KABUPATEN/KOTA, 2000 - 2003 (RUPIAH)","Per Capita GRDP at Current Price By Regendes/Munidpaiities, in Nanggroe Aceh Darussalam, 2000 - 2003 (Rupiahs)",2,1,2619f9ac84af
NANGGROE ACEH DARUSSALAM,10,Bireuen,#),2001,,"4.819.275,80",,"PDRB PER KAPITA ATAS DASAR HARGA BERUVKU DI PROPINSI NANGGROE ACEH DARUSSALAM MENURUT KABUPATEN/KOTA, 2000 - 2003 (RUPIAH)","Per Capita GRDP at Current Price By Regendes/Munidpaiities, in Nanggroe Aceh Darussalam, 2000 - 2003 (Rupiahs)",2,1,13a10c2b49a3
NANGGROE ACEH DARUSSALAM,74,Lhok Seumawe,#),2001,,"46.349.160,44",,"PDRB PER KAPITA ATAS DASAR HARGA BERUVKU DI PROPINSI NANGGROE ACEH DARUSSALAM MENURUT KABUPATEN/KOTA, 2000 - 2003 (RUPIAH)","Per Capita GRDP at Current Price By Regendes/Munidpaiities, in Nanggroe Aceh Darussalam, 2000 - 2003 (Rupiahs)",2,1,484f7423d4f9
NANGGROE ACEH DARUSSALAM,,Lhok Seumawe,*',2001,,"6.391.150,69",,"PDRB PER KAPITA ATAS DASAR HARGA BERUVKU DI PROPINSI NANGGROE ACEH DARUSSALAM MENURUT KABUPATEN/KOTA, 2000 - 2003 (RUPIAH)","Per Capita GRDP at Current Price By Regendes/Munidpaiities, in Nanggroe Aceh Darussalam, 2000 - 2003 (Rupiahs)",2,1,b3742da246e2
NANGGROE ACEH DARUSSALAM,71,Banda Aceh,,2001,,"3.846.553,89",,"PDRB PER KAPITA ATAS DASAR HARGA BERUVKU DI PROPINSI NANGGROE ACEH DARUSSALAM MENURUT KABUPATEN/KOTA, 2000 - 2003 (RUPIAH)","Per Capita GRDP at Current Price By Regendes/Munidpaiities, in Nanggroe Aceh Darussalam, 2000 - 2003 (Rupiahs)",2,1,4281b4212c98
NANGGROE ACEH DARUSSALAM,72,Sabang,,2001,,"5.193.363,73",,"PDRB PER KAPITA ATAS DASAR HARGA BERUVKU DI PROPINSI NANGGROE ACEH DARUSSALAM MENURUT KABUPATEN/KOTA, 2000 - 2003 (RUPIAH)","Per Capita GRDP at Current Price By Regendes/Munidpaiities, in Nanggroe Aceh Darussalam, 2000 - 2003 (Rupiahs)",2,1,1c26257bd651
NANGGROE ACEH DARUSSALAM,,Jml Kab./Kota. Total of Reg./Mun.,,2001,,"8.153.762,12",,"PDRB PER KAPITA ATAS DASAR HARGA BERUVKU DI PROPINSI NANGGROE ACEH DARUSSALAM MENURUT KABUPATEN/KOTA, 2000 - 2003 (RUPIAH)","Per Capita GRDP at Current Price By Regendes/Munidpaiities, in Nanggroe Aceh Darussalam, 2000 - 2003 (Rupiahs)",2,1,be38786ffb72
NANGGROE ACEH DARUSSALAM,,Jml Kab./Kota Total of Reg./Mun.,*',2001,,"4.133.593,88",,"PDRB PER KAPITA ATAS DASAR HARGA BERUVKU DI PROPINSI NANGGROE ACEH DARUSSALAM MENURUT KABUPATEN/KOTA, 2000 - 2003 (RUPIAH)","Per Capita GRDP at Current Price By Regendes/Munidpaiities, in Nanggroe Aceh Darussalam, 2000 - 2003 (Rupiahs)",2,1,80fea5152d37
SUMATERA UTARA,01,Nias,,2001,,"3.534.525,60",,"PDRB PER KAPITA ATAS DASAR HARGA BERLAKU DI PROPINSI SUMATERA UTARA MENURUT KABUPATEN/KOTA, 2000 - 2003 (RUPIAH)","Per Capita GRDP at Current Pnce By Regenaes/Munidpalities, in North Sumatera, 2000 - 2003 (Rupiahs)",3,2,c82d99f9f555
SUMATERA UTARA,02,Mandailing Natal,,2001,,"4 419.783,47",,"PDRB PER KAPITA ATAS DASAR HARGA BERLAKU DI PROPINSI SUMATERA UTARA MENURUT KABUPATEN/KOTA, 2000 - 2003 (RUPIAH)","Per Capita GRDP at Current Pnce By Regenaes/Munidpalities, in North Sumatera, 2000 - 2003 (Rupiahs)",3,2,746394cc0ff0
SUMATERA UTARA,03,Tapanuli Selatan,,2001,,"5.333.656,37",,"PDRB PER KAPITA ATAS DASAR HARGA BERLAKU DI PROPINSI SUMATERA UTARA MENURUT KABUPATEN/KOTA, 2000 - 2003 (RUPIAH)","Per Capita GRDP at Current Pnce By Regenaes/Munidpalities, in North Sumatera, 2000 - 2003 (Rupiahs)",3,2,21188d95d4eb
SUMATERA UTARA,77,Padang Sidempuan,#),2001,,,,"PDRB PER KAPITA ATAS DASAR HARGA BERLAKU DI PROPINSI SUMATERA UTARA MENURUT KABUPATEN/KOTA, 2000 - 2003 (RUPIAH)","Per Capita GRDP at Current Pnce By Regenaes/Munidpalities, in North Sumatera, 2000 - 2003 (Rupiahs)",3,2,66f64bea935a
SUMATERA UTARA,04,Tapanuli Tengah,,2001,,"3.734 591,77",,"PDRB PER KAPITA ATAS DASAR HARGA BERLAKU DI PROPINSI SUMATERA UTARA MENURUT KABUPATEN/KOTA, 2000 - 2003 (RUPIAH)","Per Capita GRDP at Current Pnce By Regenaes/Munidpalities, in North Sumatera, 2000 - 2003 (Rupiahs)",3,2,22ffa323b695
SUMATERA UTARA,05,Tapanuli Utara,,2001,,"4.218.093,20",,"PDRB PER KAPITA ATAS DASAR HARGA BERLAKU DI PROPINSI SUMATERA UTARA MENURUT KABUPATEN/KOTA, 2000 - 2003 (RUPIAH)","Per Capita GRDP at Current Pnce By Regenaes/Munidpalities, in North Sumatera, 2000 - 2003 (Rupiahs)",3,2,ec403c029c29
SUMATERA UTARA,06,Toba Samosir,,2001,,"5.102.987,40",,"PDRB PER KAPITA ATAS DASAR HARGA BERLAKU DI PROPINSI SUMATERA UTARA MENURUT KABUPATEN/KOTA, 2000 - 2003 (RUPIAH)","Per Capita GRDP at Current Pnce By Regenaes/Munidpalities, in North Sumatera, 2000 - 2003 (Rupiahs)",3,2,90cd9abf8291
SUMATERA UTARA,07,Labuhan Batu,,2001,,"8 334 397,37",,"PDRB PER KAPITA ATAS DASAR HARGA BERLAKU DI PROPINSI SUMATERA UTARA MENURUT KABUPATEN/KOTA, 2000 - 2003 (RUPIAH)","Per Capita GRDP at Current Pnce By Regenaes/Munidpalities, in North Sumatera, 2000 - 2003 (Rupiahs)",3,2,c7dc7f1e3e2f
SUMATERA UTARA,08,/Vsahan,,2001,,"9.547.318,43",,"PDRB PER KAPITA ATAS DASAR HARGA BERLAKU DI PROPINSI SUMATERA UTARA MENURUT KABUPATEN/KOTA, 2000 - 2003 (RUPIAH)","Per Capita GRDP at Current Pnce By Regenaes/Munidpalities, in North Sumatera, 2000 - 2003 (Rupiahs)",3,2,826b1337dec7
SUMATERA UTARA,09,Simalungun,,2001,,"5 238.58.1i,39",,"PDRB PER KAPITA ATAS DASAR HARGA BERLAKU DI PROPINSI SUMATERA UTARA MENURUT KABUPATEN/KOTA, 2000 - 2003 (RUPIAH)","Per Capita GRDP at Current Pnce By Regenaes/Munidpalities, in North Sumatera, 2000 - 2003 (Rupiahs)",3,2,c69ccb35dfd6
SUMATERA UTARA,10,Dam,,2001,,"5.3g42.584,51",,"PDRB PER KAPITA ATAS DASAR HARGA BERLAKU DI PROPINSI SUMATERA UTARA MENURUT KABUPATEN/KOTA, 2000 - 2003 (RUPIAH)","Per Capita GRDP at Current Pnce By Regenaes/Munidpalities, in North Sumatera, 2000 - 2003 (Rupiahs)",3,2,e79e3e43255c
SUMATERA UTARA,11,Karo,,2001,,"6.378.518,51",,"PDRB PER KAPITA ATAS DASAR HARGA BERLAKU DI PROPINSI SUMATERA UTARA MENURUT KABUPATEN/KOTA, 2000 - 2003 (RUPIAH)","Per Capita GRDP at Current Pnce By Regenaes/Munidpalities, in North Sumatera, 2000 - 2003 (Rupiahs)",3,2,9ea7f9f3cc6f
SUMATERA UTARA,12,Deli Serdang,,2001,,"4.185 901,87",,"PDRB PER KAPITA ATAS DASAR HARGA BERLAKU DI PROPINSI SUMATERA UTARA MENURUT KABUPATEN/KOTA, 2000 - 2003 (RUPIAH)","Per Capita GRDP at Current Pnce By Regenaes/Munidpalities, in North Sumatera, 2000 - 2003 (Rupiahs)",3,2,e0ab8283b5fb
SUMATERA UTARA,13,Langkat,,2001,,"5.250.511,48",,"PDRB PER KAPITA ATAS DASAR HARGA BERLAKU DI PROPINSI SUMATERA UTARA MENURUT KABUPATEN/KOTA, 2000 - 2003 (RUPIAH)","Per Capita GRDP at Current Pnce By Regenaes/Munidpalities, in North Sumatera, 2000 - 2003 (Rupiahs)",3,2,cf1d075cf0b1
SUMATERA UTARA,,Langkat,*',2001,,"4.231.345,01",,"PDRB PER KAPITA ATAS DASAR HARGA BERLAKU DI PROPINSI SUMATERA UTARA MENURUT KABUPATEN/KOTA, 2000 - 2003 (RUPIAH)","Per Capita GRDP at Current Pnce By Regenaes/Munidpalities, in North Sumatera, 2000 - 2003 (Rupiahs)",3,2,c36875a64a92
SUMATERA UTARA,71,Sibolga,,2001,,"6.319.409,40",,"PDRB PER KAPITA ATAS DASAR HARGA BERLAKU DI PROPINSI SUMATERA UTARA MENURUT KABUPATEN/KOTA, 2000 - 2003 (RUPIAH)","Per Capita GRDP at Current Pnce By Regenaes/Munidpalities, in North Sumatera, 2000 - 2003 (Rupiahs)",3,2,f72b0b6dd258
SUMATERA UTARA,72,Tanjung Balai,,2001,,"6.987.981,88",,"PDRB PER KAPITA ATAS DASAR HARGA BERLAKU DI PROPINSI SUMATERA UTARA MENURUT KABUPATEN/KOTA, 2000 - 2003 (RUPIAH)","Per Capita GRDP at Current Pnce By Regenaes/Munidpalities, in North Sumatera, 2000 - 2003 (Rupiahs)",3,2,4ce44b6d8ba6
SUMATERA UTARA,73,Pematang Siantar,,2001,,"8.636.056,21",,"PDRB PER KAPITA ATAS DASAR HARGA BERLAKU DI PROPINSI SUMATERA UTARA MENURUT KABUPATEN/KOTA, 2000 - 2003 (RUPIAH)","Per Capita GRDP at Current Pnce By Regenaes/Munidpalities, in North Sumatera, 2000 - 2003 (Rupiahs)",3,2,74193dfe5db3
SUMATERA UTARA,74,Tebing Tinggi,,2001,,"6.419.710,61",,"PDRB PER KAPITA ATAS DASAR HARGA BERLAKU DI PROPINSI SUMATERA UTARA MENURUT KABUPATEN/KOTA, 2000 - 2003 (RUPIAH)","Per Capita GRDP at Current Pnce By Regenaes/Munidpalities, in North Sumatera, 2000 - 2003 (Rupiahs)",3,2,722ac77a5097
SUMATERA UTARA,75,Medan,,2001,,"8 833.399,56",,"PDRB PER KAPITA ATAS DASAR HARGA BERLAKU DI PROPINSI SUMATERA UTARA MENURUT KABUPATEN/KOTA, 2000 - 2003 (RUPIAH)","Per Capita GRDP at Current Pnce By Regenaes/Munidpalities, in North Sumatera, 2000 - 2003 (Rupiahs)",3,2,307902a096c6
SUMATERA UTARA,76,Binjai,,2001,,"4.566.140,17",,"PDRB PER KAPITA ATAS DASAR HARGA BERLAKU DI PROPINSI SUMATERA UTARA MENURUT KABUPATEN/KOTA, 2000 - 2003 (RUPIAH)","Per Capita GRDP at Current Pnce By Regenaes/Munidpalities, in North Sumatera, 2000 - 2003 (Rupiahs)",3,2,090254e3380f
SUMATERA UTARA,,Jml Kab./Kota. Total of Reg./Mun.,,2001,,"5.798.595,15",,"PDRB PER KAPITA ATAS DASAR HARGA BERLAKU DI PROPINSI SUMATERA UTARA MENURUT KABUPATEN/KOTA, 2000 - 2003 (RUPIAH)","Per Capita GRDP at Current Pnce By Regenaes/Munidpalities, in North Sumatera, 2000 - 2003 (Rupiahs)",3,2,d9b92b79b616
SUMATERA UTARA,,Jml Kab./Kota. Total of Reg./Mun.,*',2001,,"5 659.390,74",,"PDRB PER KAPITA ATAS DASAR HARGA BERLAKU DI PROPINSI SUMATERA UTARA MENURUT KABUPATEN/KOTA, 2000 - 2003 (RUPIAH)","Per Capita GRDP at Current Pnce By Regenaes/Munidpalities, in North Sumatera, 2000 - 2003 (Rupiahs)",3,2,1b8bcc50683d
SUMATERA BARAT,01,Kepulauan Mentawai,,2001,,"6.370.000,00",,"PDRB PER KAPITA ATAS DASAR HARGA BERLAKU DI PROPINSI SUMATERA BARAT MENURUT KABUPATEN/KOTA, 2000 - 2003 (RUPIAH)","Per Capita GRDP at Current Price By Regenaes/Munidpalities, in West Sumatera, 2000 - 2003 (Rupiahs)",4,3,a0a7c381a149
SUMATERA BARAT,02,Pesisir Selatan,,2001,,"3.630.000,00",,"PDRB PER KAPITA ATAS DASAR HARGA BERLAKU DI PROPINSI SUMATERA BARAT MENURUT KABUPATEN/KOTA, 2000 - 2003 (RUPIAH)","Per Capita GRDP at Current Price By Regenaes/Munidpalities, in West Sumatera, 2000 - 2003 (Rupiahs)",4,3,f9340575e2ad
SUMATERA BARAT,03,Solok,,2001,,"4.410.000,00",,"PDRB PER KAPITA ATAS DASAR HARGA BERLAKU DI PROPINSI SUMATERA BARAT MENURUT KABUPATEN/KOTA, 2000 - 2003 (RUPIAH)","Per Capita GRDP at Current Price By Regenaes/Munidpalities, in West Sumatera, 2000 - 2003 (Rupiahs)",4,3,bdbfd6e1c825
SUMATERA BARAT,04,Sawahlunto/Sijunj'ung,,2001,,"5.540.000,00",,"PDRB PER KAPITA ATAS DASAR HARGA BERLAKU DI PROPINSI SUMATERA BARAT MENURUT KABUPATEN/KOTA, 2000 - 2003 (RUPIAH)","Per Capita GRDP at Current Price By Regenaes/Munidpalities, in West Sumatera, 2000 - 2003 (Rupiahs)",4,3,44c02402ad05
SUMATERA BARAT,05,Tanah Datar,,2001,,"5.320.000,00",,"PDRB PER KAPITA ATAS DASAR HARGA BERLAKU DI PROPINSI SUMATERA BARAT MENURUT KABUPATEN/KOTA, 2000 - 2003 (RUPIAH)","Per Capita GRDP at Current Price By Regenaes/Munidpalities, in West Sumatera, 2000 - 2003 (Rupiahs)",4,3,f3f0f8cf2f79
SUMATERA BARAT,06,Padang Panaman,,2001,,"4.610.000,00",,"PDRB PER KAPITA ATAS DASAR HARGA BERLAKU DI PROPINSI SUMATERA BARAT MENURUT KABUPATEN/KOTA, 2000 - 2003 (RUPIAH)","Per Capita GRDP at Current Price By Regenaes/Munidpalities, in West Sumatera, 2000 - 2003 (Rupiahs)",4,3,d9597da8b41e
SUMATERA BARAT,77,Kota Pariaman,#),2001,,,,"PDRB PER KAPITA ATAS DASAR HARGA BERLAKU DI PROPINSI SUMATERA BARAT MENURUT KABUPATEN/KOTA, 2000 - 2003 (RUPIAH)","Per Capita GRDP at Current Price By Regenaes/Munidpalities, in West Sumatera, 2000 - 2003 (Rupiahs)",4,3,8dc4aa0c0e9c
SUMATERA BARAT,07,Agam,,2001,,"4.810.000,00",,"PDRB PER KAPITA ATAS DASAR HARGA BERLAKU DI PROPINSI SUMATERA BARAT MENURUT KABUPATEN/KOTA, 2000 - 2003 (RUPIAH)","Per Capita GRDP at Current Price By Regenaes/Munidpalities, in West Sumatera, 2000 - 2003 (Rupiahs)",4,3,02fdd7eda676
SUMATERA BARAT,08,Lima Puluh Koto,,2001,,"5.980.000,00",,"PDRB PER KAPITA ATAS DASAR HARGA BERLAKU DI PROPINSI SUMATERA BARAT MENURUT KABUPATEN/KOTA, 2000 - 2003 (RUPIAH)","Per Capita GRDP at Current Price By Regenaes/Munidpalities, in West Sumatera, 2000 - 2003 (Rupiahs)",4,3,b0e717d25e64
SUMATERA BARAT,09,Pasaman,,2001,,"3.720.000,00",,"PDRB PER KAPITA ATAS DASAR HARGA BERLAKU DI PROPINSI SUMATERA BARAT MENURUT KABUPATEN/KOTA, 2000 - 2003 (RUPIAH)","Per Capita GRDP at Current Price By Regenaes/Munidpalities, in West Sumatera, 2000 - 2003 (Rupiahs)",4,3,7d6fa0ed56a4
SUMATERA BARAT,71,Padang,,2001,,"11.060.000,00",,"PDRB PER KAPITA ATAS DASAR HARGA BERLAKU DI PROPINSI SUMATERA BARAT MENURUT KABUPATEN/KOTA, 2000 - 2003 (RUPIAH)","Per Capita GRDP at Current Price By Regenaes/Munidpalities, in West Sumatera, 2000 - 2003 (Rupiahs)",4,3,077deaa71473
SUMATERA BARAT,72,Solok,,2001,,"7.300.000,00",,"PDRB PER KAPITA ATAS DASAR HARGA BERLAKU DI PROPINSI SUMATERA BARAT MENURUT KABUPATEN/KOTA, 2000 - 2003 (RUPIAH)","Per Capita GRDP at Current Price By Regenaes/Munidpalities, in West Sumatera, 2000 - 2003 (Rupiahs)",4,3,2e9cac7266d7
SUMATERA BARAT,73,Sawahlunto,,2001,,"8.990.000,00",,"PDRB PER KAPITA ATAS DASAR HARGA BERLAKU DI PROPINSI SUMATERA BARAT MENURUT KABUPATEN/KOTA, 2000 - 2003 (RUPIAH)","Per Capita GRDP at Current Price By Regenaes/Munidpalities, in West Sumatera, 2000 - 2003 (Rupiahs)",4,3,ff669265cf41
SUMATERA BARAT,74,Padang Panjang,,2001,,"6.780.000,00",,"PDRB PER KAPITA ATAS DASAR HARGA BERLAKU DI PROPINSI SUMATERA BARAT MENURUT KABUPATEN/KOTA, 2000 - 2003 (RUPIAH)","Per Capita GRDP at Current Price By Regenaes/Munidpalities, in West Sumatera, 2000 - 2003 (Rupiahs)",4,3,6c660c05df87
SUMATERA BARAT,75,Bukit Tinggi,,2001,,"7.300.000,00",,"PDRB PER KAPITA ATAS DASAR HARGA BERLAKU DI PROPINSI SUMATERA BARAT MENURUT KABUPATEN/KOTA, 2000 - 2003 (RUPIAH)","Per Capita GRDP at Current Price By Regenaes/Munidpalities, in West Sumatera, 2000 - 2003 (Rupiahs)",4,3,cdef97a6a2e4
SUMATERA BARAT,76,Payakumbuh,,2001,,"5.670.000,00",,"PDRB PER KAPITA ATAS DASAR HARGA BERLAKU DI PROPINSI SUMATERA BARAT MENURUT KABUPATEN/KOTA, 2000 - 2003 (RUPIAH)","Per Capita GRDP at Current Price By Regenaes/Munidpalities, in West Sumatera, 2000 - 2003 (Rupiahs)",4,3,c75b486a218e
SUMATERA BARAT,,Jml Kab./Kota. Total of Reg./Mun.,,2001,,"5.858.584,58",,"PDRB PER KAPITA ATAS DASAR HARGA BERLAKU DI PROPINSI SUMATERA BARAT MENURUT KABUPATEN/KOTA, 2000 - 2003 (RUPIAH)","Per Capita GRDP at Current Price By Regenaes/Munidpalities, in West Sumatera, 2000 - 2003 (Rupiahs)",4,3,3f45df4354b4
SUMATERA BARAT,,Jml Kab./Kota. Total of Reg./Mun.,*',2001,,"5.858.584,58",,"PDRB PER KAPITA ATAS DASAR HARGA BERLAKU DI PROPINSI SUMATERA BARAT MENURUT KABUPATEN/KOTA, 2000 - 2003 (RUPIAH)","Per Capita GRDP at Current Price By Regenaes/Munidpalities, in West Sumatera, 2000 - 2003 (Rupiahs)",4,3,0a9f7fa10fbb
RIAU,01,Kuantan Singingi,,2001,,"4.956.054,48",,"PDRB PER KAPITA ATAS DASAR HARGA BERLAKU DI PROPINSI RIAU MENURUT KABUPATEN/KOTA, 2000 - 2003 (RUPIAH)","Per Capita GRDP at Current Pnce By Regendes/Munidpaiities, in Riau, 2000 - 2003 (Rupiahs)",5,4,c498594f5223
RIAU,02,Indragin Hulu,,2001,,"5.240.226,63",,"PDRB PER KAPITA ATAS DASAR HARGA BERLAKU DI PROPINSI RIAU MENURUT KABUPATEN/KOTA, 2000 - 2003 (RUPIAH)","Per Capita GRDP at Current Pnce By Regendes/Munidpaiities, in Riau, 2000 - 2003 (Rupiahs)",5,4,9256923a8300
RIAU,,Indragin Hulu,*',2001,,"4.708.024,87",,"PDRB PER KAPITA ATAS DASAR HARGA BERLAKU DI PROPINSI RIAU MENURUT KABUPATEN/KOTA, 2000 - 2003 (RUPIAH)","Per Capita GRDP at Current Pnce By Regendes/Munidpaiities, in Riau, 2000 - 2003 (Rupiahs)",5,4,663a76a1b5b7
RIAU,03,Indragiri Hilir,,2001,,"4 887.575,37",,"PDRB PER KAPITA ATAS DASAR HARGA BERLAKU DI PROPINSI RIAU MENURUT KABUPATEN/KOTA, 2000 - 2003 (RUPIAH)","Per Capita GRDP at Current Pnce By Regendes/Munidpaiities, in Riau, 2000 - 2003 (Rupiahs)",5,4,d01df22b24c9
RIAU,04,Pelalawan,,2001,,"5 633.183,67",,"PDRB PER KAPITA ATAS DASAR HARGA BERLAKU DI PROPINSI RIAU MENURUT KABUPATEN/KOTA, 2000 - 2003 (RUPIAH)","Per Capita GRDP at Current Pnce By Regendes/Munidpaiities, in Riau, 2000 - 2003 (Rupiahs)",5,4,69b467c25484
RIAU,,Pelalawan,*',2001,,"5.074.457,86",,"PDRB PER KAPITA ATAS DASAR HARGA BERLAKU DI PROPINSI RIAU MENURUT KABUPATEN/KOTA, 2000 - 2003 (RUPIAH)","Per Capita GRDP at Current Pnce By Regendes/Munidpaiities, in Riau, 2000 - 2003 (Rupiahs)",5,4,a54d3fdebe04
RIAU,05,Siak,,2001,,"34 822.133,29",,"PDRB PER KAPITA ATAS DASAR HARGA BERLAKU DI PROPINSI RIAU MENURUT KABUPATEN/KOTA, 2000 - 2003 (RUPIAH)","Per Capita GRDP at Current Pnce By Regendes/Munidpaiities, in Riau, 2000 - 2003 (Rupiahs)",5,4,f40b40a3b2e1
RIAU,,Siak,*',2001,,"4.179 906,50",,"PDRB PER KAPITA ATAS DASAR HARGA BERLAKU DI PROPINSI RIAU MENURUT KABUPATEN/KOTA, 2000 - 2003 (RUPIAH)","Per Capita GRDP at Current Pnce By Regendes/Munidpaiities, in Riau, 2000 - 2003 (Rupiahs)",5,4,6218a5c4e19c
RIAU,06,Kampar,,2001,,"9 123.051,86",,"PDRB PER KAPITA ATAS DASAR HARGA BERLAKU DI PROPINSI RIAU MENURUT KABUPATEN/KOTA, 2000 - 2003 (RUPIAH)","Per Capita GRDP at Current Pnce By Regendes/Munidpaiities, in Riau, 2000 - 2003 (Rupiahs)",5,4,2606cba4fafd
RIAU,,Kampar,*',2001,,"3 333.035d,92",,"PDRB PER KAPITA ATAS DASAR HARGA BERLAKU DI PROPINSI RIAU MENURUT KABUPATEN/KOTA, 2000 - 2003 (RUPIAH)","Per Capita GRDP at Current Pnce By Regendes/Munidpaiities, in Riau, 2000 - 2003 (Rupiahs)",5,4,9002256a2a1d
RIAU,07,Rokan Hulu,,2001,,"3 600 555,89",,"PDRB PER KAPITA ATAS DASAR HARGA BERLAKU DI PROPINSI RIAU MENURUT KABUPATEN/KOTA, 2000 - 2003 (RUPIAH)","Per Capita GRDP at Current Pnce By Regendes/Munidpaiities, in Riau, 2000 - 2003 (Rupiahs)",5,4,68bd93fcf3f6
RIAU,,Rokan Hulu,"""",2001,,"3.g227.933,26",,"PDRB PER KAPITA ATAS DASAR HARGA BERLAKU DI PROPINSI RIAU MENURUT KABUPATEN/KOTA, 2000 - 2003 (RUPIAH)","Per Capita GRDP at Current Pnce By Regendes/Munidpaiities, in Riau, 2000 - 2003 (Rupiahs)",5,4,251c2fb23224
RIAU,08,Bengkalis,,2001,,"p29.639.398,13",,"PDRB PER KAPITA ATAS DASAR HARGA BERLAKU DI PROPINSI RIAU MENURUT KABUPATEN/KOTA, 2000 - 2003 (RUPIAH)","Per Capita GRDP at Current Pnce By Regendes/Munidpaiities, in Riau, 2000 - 2003 (Rupiahs)",5,4,cbda2b485b12
RIAU,,Bengkalis,*',2001,,"3.625.306,91",,"PDRB PER KAPITA ATAS DASAR HARGA BERLAKU DI PROPINSI RIAU MENURUT KABUPATEN/KOTA, 2000 - 2003 (RUPIAH)","Per Capita GRDP at Current Pnce By Regendes/Munidpaiities, in Riau, 2000 - 2003 (Rupiahs)",5,4,489f8ef67895
RIAU,09,Rokan Hilir,,2001,,"17.224.541,65",,"PDRB PER KAPITA ATAS DASAR HARGA BERLAKU DI PROPINSI RIAU MENURUT KABUPATEN/KOTA, 2000 - 2003 (RUPIAH)","Per Capita GRDP at Current Pnce By Regendes/Munidpaiities, in Riau, 2000 - 2003 (Rupiahs)",5,4,64716f22e001
RIAU,,Rokan Hilir,*',2001,,"3.964.196,78",,"PDRB PER KAPITA ATAS DASAR HARGA BERLAKU DI PROPINSI RIAU MENURUT KABUPATEN/KOTA, 2000 - 2003 (RUPIAH)","Per Capita GRDP at Current Pnce By Regendes/Munidpaiities, in Riau, 2000 - 2003 (Rupiahs)",5,4,e543cdf62842
RIAU,10,Kepulauan Riau,,2001,,"6.171.477,98",,"PDRB PER KAPITA ATAS DASAR HARGA BERLAKU DI PROPINSI RIAU MENURUT KABUPATEN/KOTA, 2000 - 2003 (RUPIAH)","Per Capita GRDP at Current Pnce By Regendes/Munidpaiities, in Riau, 2000 - 2003 (Rupiahs)",5,4,7e6fcef1c6c5
RIAU,,Kepulauan Riau,*',2001,,"6.171.477,98",,"PDRB PER KAPITA ATAS DASAR HARGA BERLAKU DI PROPINSI RIAU MENURUT KABUPATEN/KOTA, 2000 - 2003 (RUPIAH)","Per Capita GRDP at Current Pnce By Regendes/Munidpaiities, in Riau, 2000 - 2003 (Rupiahs)",5,4,5465518df779
RIAU,74,Tanjung Pinang,#),2001,,"7.384.602,23",,"PDRB PER KAPITA ATAS DASAR HARGA BERLAKU DI PROPINSI RIAU MENURUT KABUPATEN/KOTA, 2000 - 2003 (RUPIAH)","Per Capita GRDP at Current Pnce By Regendes/Munidpaiities, in Riau, 2000 - 2003 (Rupiahs)",5,4,c0ea1fd16f24
RIAU,11,Karimun,,2001,,"7.414.245,10",,"PDRB PER KAPITA ATAS DASAR HARGA BERLAKU DI PROPINSI RIAU MENURUT KABUPATEN/KOTA, 2000 - 2003 (RUPIAH)","Per Capita GRDP at Current Pnce By Regendes/Munidpaiities, in Riau, 2000 - 2003 (Rupiahs)",5,4,03f120edf2e0
RIAU,,Karimun,*',2001,,"7.414.245,10",,"PDRB PER KAPITA ATAS DASAR HARGA BERLAKU DI PROPINSI RIAU MENURUT KABUPATEN/KOTA, 2000 - 2003 (RUPIAH)","Per Capita GRDP at Current Pnce By Regendes/Munidpaiities, in Riau, 2000 - 2003 (Rupiahs)",5,4,631312a345bc
RIAU,12,Natuna,,2001,,"34.935.845,37",,"PDRB PER KAPITA ATAS DASAR HARGA BERLAKU DI PROPINSI RIAU MENURUT KABUPATEN/KOTA, 2000 - 2003 (RUPIAH)","Per Capita GRDP at Current Pnce By Regendes/Munidpaiities, in Riau, 2000 - 2003 (Rupiahs)",5,4,ad9f7eea99a8
RIAU,,Natuna,*',2001,,"4.400.769,30",,"PDRB PER KAPITA ATAS DASAR HARGA BERLAKU DI PROPINSI RIAU MENURUT KABUPATEN/KOTA, 2000 - 2003 (RUPIAH)","Per Capita GRDP at Current Pnce By Regendes/Munidpaiities, in Riau, 2000 - 2003 (Rupiahs)",5,4,8ab35dfb8925
RIAU,71,Pekan Baru,,2001,,"5.717.479,57",,"PDRB PER KAPITA ATAS DASAR HARGA BERLAKU DI PROPINSI RIAU MENURUT KABUPATEN/KOTA, 2000 - 2003 (RUPIAH)","Per Capita GRDP at Current Pnce By Regendes/Munidpaiities, in Riau, 2000 - 2003 (Rupiahs)",5,4,c37d819d4c00
RIAU,72,Batam,,2001,,"14.862.051,73",,"PDRB PER KAPITA ATAS DASAR HARGA BERLAKU DI PROPINSI RIAU MENURUT KABUPATEN/KOTA, 2000 - 2003 (RUPIAH)","Per Capita GRDP at Current Pnce By Regendes/Munidpaiities, in Riau, 2000 - 2003 (Rupiahs)",5,4,5734134e0445
RIAU,73,Dumai,,2001,,"16.955.899,63",,"PDRB PER KAPITA ATAS DASAR HARGA BERLAKU DI PROPINSI RIAU MENURUT KABUPATEN/KOTA, 2000 - 2003 (RUPIAH)","Per Capita GRDP at Current Pnce By Regendes/Munidpaiities, in Riau, 2000 - 2003 (Rupiahs)",5,4,81f621f3fa3f
RIAU,,Dumai,*',2001,,"4.406.723,39",,"PDRB PER KAPITA ATAS DASAR HARGA BERLAKU DI PROPINSI RIAU MENURUT KABUPATEN/KOTA, 2000 - 2003 (RUPIAH)","Per Capita GRDP at Current Pnce By Regendes/Munidpaiities, in Riau, 2000 - 2003 (Rupiahs)",5,4,7b89536b8def
RIAU,,Jml Kab./Kota. Total of Reg./Mun.,,2001,,"14.874.167,51",,"PDRB PER KAPITA ATAS DASAR HARGA BERLAKU DI PROPINSI RIAU MENURUT KABUPATEN/KOTA, 2000 - 2003 (RUPIAH)","Per Capita GRDP at Current Pnce By Regendes/Munidpaiities, in Riau, 2000 - 2003 (Rupiahs)",5,4,07d4ed8ce085
RIAU,,Jml Kab./Kota. Total of Reg./Mun.,*',2001,,"5 297.639,31",,"PDRB PER KAPITA ATAS DASAR HARGA BERLAKU DI PROPINSI RIAU MENURUT KABUPATEN/KOTA, 2000 - 2003 (RUPIAH)","Per Capita GRDP at Current Pnce By Regendes/Munidpaiities, in Riau, 2000 - 2003 (Rupiahs)",5,4,033e45430b79
JAMBI,01,Kennci,,2001,,"3.880.598,24",,"PDRB PER KAPITA ATAS DASAR HARGA BERLAKU DI PROPINSI JAMBI MENURUT KABUPATEN/KOTA, 2000 - 2003 (RUPIAH)","Per Capita GRDP at Current Price By Regenaes/Municipalities, in Jambi, 2000 - 2003 (Rupiahs)",6,5,f0fb45795c56
JAMBI,02,Merangin,,2001,,"2.951 809,80",,"PDRB PER KAPITA ATAS DASAR HARGA BERLAKU DI PROPINSI JAMBI MENURUT KABUPATEN/KOTA, 2000 - 2003 (RUPIAH)","Per Capita GRDP at Current Price By Regenaes/Municipalities, in Jambi, 2000 - 2003 (Rupiahs)",6,5,48d426684b23
JAMBI,03,Sarolangun,,2001,,"3.960.305,39",,"PDRB PER KAPITA ATAS DASAR HARGA BERLAKU DI PROPINSI JAMBI MENURUT KABUPATEN/KOTA, 2000 - 2003 (RUPIAH)","Per Capita GRDP at Current Price By Regenaes/Municipalities, in Jambi, 2000 - 2003 (Rupiahs)",6,5,0bd9578d7584
JAMBI,,Sarolangun,*',2001,,"3.609 707,46",,"PDRB PER KAPITA ATAS DASAR HARGA BERLAKU DI PROPINSI JAMBI MENURUT KABUPATEN/KOTA, 2000 - 2003 (RUPIAH)","Per Capita GRDP at Current Price By Regenaes/Municipalities, in Jambi, 2000 - 2003 (Rupiahs)",6,5,ceb72a09903a
JAMBI,04,Batanghan,,2001,,"4.207.892,43",,"PDRB PER KAPITA ATAS DASAR HARGA BERLAKU DI PROPINSI JAMBI MENURUT KABUPATEN/KOTA, 2000 - 2003 (RUPIAH)","Per Capita GRDP at Current Price By Regenaes/Municipalities, in Jambi, 2000 - 2003 (Rupiahs)",6,5,c59201d9e42d
JAMBI,,Batanghari,*',2001,,"3.745.419,74",,"PDRB PER KAPITA ATAS DASAR HARGA BERLAKU DI PROPINSI JAMBI MENURUT KABUPATEN/KOTA, 2000 - 2003 (RUPIAH)","Per Capita GRDP at Current Price By Regenaes/Municipalities, in Jambi, 2000 - 2003 (Rupiahs)",6,5,610e375a87f4
JAMBI,05,Muaro Jambi,,2001,,"3.067.261,98",,"PDRB PER KAPITA ATAS DASAR HARGA BERLAKU DI PROPINSI JAMBI MENURUT KABUPATEN/KOTA, 2000 - 2003 (RUPIAH)","Per Capita GRDP at Current Price By Regenaes/Municipalities, in Jambi, 2000 - 2003 (Rupiahs)",6,5,d966d7c56dde
JAMBI,,Muaro Jambi,*',2001,,"2.615.974,99",,"PDRB PER KAPITA ATAS DASAR HARGA BERLAKU DI PROPINSI JAMBI MENURUT KABUPATEN/KOTA, 2000 - 2003 (RUPIAH)","Per Capita GRDP at Current Price By Regenaes/Municipalities, in Jambi, 2000 - 2003 (Rupiahs)",6,5,6b39e58bbe39
JAMBI,06,Tanjung Jabung Timur,,2001,,"7.710 719,11",,"PDRB PER KAPITA ATAS DASAR HARGA BERLAKU DI PROPINSI JAMBI MENURUT KABUPATEN/KOTA, 2000 - 2003 (RUPIAH)","Per Capita GRDP at Current Price By Regenaes/Municipalities, in Jambi, 2000 - 2003 (Rupiahs)",6,5,ca0d12d11fa5
JAMBI,,Tanjung Jabung Timur,*',2001,,"4.123.193,59",,"PDRB PER KAPITA ATAS DASAR HARGA BERLAKU DI PROPINSI JAMBI MENURUT KABUPATEN/KOTA, 2000 - 2003 (RUPIAH)","Per Capita GRDP at Current Price By Regenaes/Municipalities, in Jambi, 2000 - 2003 (Rupiahs)",6,5,82a5e8456ed9
JAMBI,07,Tanjung Jabung Barat,,2001,,"6.351.124i,41",,"PDRB PER KAPITA ATAS DASAR HARGA BERLAKU DI PROPINSI JAMBI MENURUT KABUPATEN/KOTA, 2000 - 2003 (RUPIAH)","Per Capita GRDP at Current Price By Regenaes/Municipalities, in Jambi, 2000 - 2003 (Rupiahs)",6,5,0356566ae5bb
JAMBI,,Tanjung Jabung Barat,*',2001,,"6.163.o914,80",,"PDRB PER KAPITA ATAS DASAR HARGA BERLAKU DI PROPINSI JAMBI MENURUT KABUPATEN/KOTA, 2000 - 2003 (RUPIAH)","Per Capita GRDP at Current Price By Regenaes/Municipalities, in Jambi, 2000 - 2003 (Rupiahs)",6,5,483e35d846c1
JAMBI,08,Tebo,,2001,,"2..794.437,53",,"PDRB PER KAPITA ATAS DASAR HARGA BERLAKU DI PROPINSI JAMBI MENURUT KABUPATEN/KOTA, 2000 - 2003 (RUPIAH)","Per Capita GRDP at Current Price By Regenaes/Municipalities, in Jambi, 2000 - 2003 (Rupiahs)",6,5,1a7597462d2e
JAMBI,09,Bungo,,2001,,"p3.576.935,55",,"PDRB PER KAPITA ATAS DASAR HARGA BERLAKU DI PROPINSI JAMBI MENURUT KABUPATEN/KOTA, 2000 - 2003 (RUPIAH)","Per Capita GRDP at Current Price By Regenaes/Municipalities, in Jambi, 2000 - 2003 (Rupiahs)",6,5,7056e208b7d8
JAMBI,71,Jambi,,2001,,"5.165.127,09",,"PDRB PER KAPITA ATAS DASAR HARGA BERLAKU DI PROPINSI JAMBI MENURUT KABUPATEN/KOTA, 2000 - 2003 (RUPIAH)","Per Capita GRDP at Current Price By Regenaes/Municipalities, in Jambi, 2000 - 2003 (Rupiahs)",6,5,63b37218a84b
JAMBI,,Jambi,*',2001,,"4.796.703,54",,"PDRB PER KAPITA ATAS DASAR HARGA BERLAKU DI PROPINSI JAMBI MENURUT KABUPATEN/KOTA, 2000 - 2003 (RUPIAH)","Per Capita GRDP at Current Price By Regenaes/Municipalities, in Jambi, 2000 - 2003 (Rupiahs)",6,5,4c1654ff9d1a
JAMBI,,Jml Kab./Kota. Total of Reg./Mun.,,2001,,"4.343.917,87",,"PDRB PER KAPITA ATAS DASAR HARGA BERLAKU DI PROPINSI JAMBI MENURUT KABUPATEN/KOTA, 2000 - 2003 (RUPIAH)","Per Capita GRDP at Current Price By Regenaes/Municipalities, in Jambi, 2000 - 2003 (Rupiahs)",6,5,e33051293e62
JAMBI,,Jml Kab./Kota. Total of Reg./Mun.,*',2001,,"3.872.881,40",,"PDRB PER KAPITA ATAS DASAR HARGA BERLAKU DI PROPINSI JAMBI MENURUT KABUPATEN/KOTA, 2000 - 2003 (RUPIAH)","Per Capita GRDP at Current Price By Regenaes/Municipalities, in Jambi, 2000 - 2003 (Rupiahs)",6,5,46cd5774db95
SUMATERA SELATAN,01,Ogan Komenng Ulu,,2001,,"3.793 368,69",,"PDRB PER KAPITA ATAS DASAR HARGA BERLAKU DI PROPINSI SUMATERA SELATAN MENURUT KABUPATEN/KOTA, 2000 - 2003 (RUPIAH)","Per Capita GRDP at Current Price By Regendes/Munidpaiities, in South Sumatera, 2000 - 2003 (Rupiahs)",7,6,824388f736fc
SUMATERA SELATAN,,Ogan Komering Ulu,*',2001,,"3.296.479,52",,"PDRB PER KAPITA ATAS DASAR HARGA BERLAKU DI PROPINSI SUMATERA SELATAN MENURUT KABUPATEN/KOTA, 2000 - 2003 (RUPIAH)","Per Capita GRDP at Current Price By Regendes/Munidpaiities, in South Sumatera, 2000 - 2003 (Rupiahs)",7,6,abcce21f20e9
SUMATERA SELATAN,02,Ogan Komenng liir,,2001,,"3.382.793,58",,"PDRB PER KAPITA ATAS DASAR HARGA BERLAKU DI PROPINSI SUMATERA SELATAN MENURUT KABUPATEN/KOTA, 2000 - 2003 (RUPIAH)","Per Capita GRDP at Current Price By Regendes/Munidpaiities, in South Sumatera, 2000 - 2003 (Rupiahs)",7,6,6c721a73b1ad
SUMATERA SELATAN,,Ogan Komering Ilir,*^,2001,,"3.373.922,21",,"PDRB PER KAPITA ATAS DASAR HARGA BERLAKU DI PROPINSI SUMATERA SELATAN MENURUT KABUPATEN/KOTA, 2000 - 2003 (RUPIAH)","Per Capita GRDP at Current Price By Regendes/Munidpaiities, in South Sumatera, 2000 - 2003 (Rupiahs)",7,6,def5c5a86029
SUMATERA SELATAN,03,Muara Enim,,2001,,"9 334.138,33",,"PDRB PER KAPITA ATAS DASAR HARGA BERLAKU DI PROPINSI SUMATERA SELATAN MENURUT KABUPATEN/KOTA, 2000 - 2003 (RUPIAH)","Per Capita GRDP at Current Price By Regendes/Munidpaiities, in South Sumatera, 2000 - 2003 (Rupiahs)",7,6,8145f70c71f2
SUMATERA SELATAN,,Muara Enim,*',2001,,"5.451.930,31",,"PDRB PER KAPITA ATAS DASAR HARGA BERLAKU DI PROPINSI SUMATERA SELATAN MENURUT KABUPATEN/KOTA, 2000 - 2003 (RUPIAH)","Per Capita GRDP at Current Price By Regendes/Munidpaiities, in South Sumatera, 2000 - 2003 (Rupiahs)",7,6,b2c2e821ac0b
SUMATERA SELATAN,72,Prabumullh,#),2001,,"8.393.185,52",,"PDRB PER KAPITA ATAS DASAR HARGA BERLAKU DI PROPINSI SUMATERA SELATAN MENURUT KABUPATEN/KOTA, 2000 - 2003 (RUPIAH)","Per Capita GRDP at Current Price By Regendes/Munidpaiities, in South Sumatera, 2000 - 2003 (Rupiahs)",7,6,52c8650339b7
SUMATERA SELATAN,,Prabumulih,*',2001,,"5.313.371,96",,"PDRB PER KAPITA ATAS DASAR HARGA BERLAKU DI PROPINSI SUMATERA SELATAN MENURUT KABUPATEN/KOTA, 2000 - 2003 (RUPIAH)","Per Capita GRDP at Current Price By Regendes/Munidpaiities, in South Sumatera, 2000 - 2003 (Rupiahs)",7,6,2f6c13f4e764
SUMATERA SELATAN,04,Lahat,,2001,,"3.594.351,74",,"PDRB PER KAPITA ATAS DASAR HARGA BERLAKU DI PROPINSI SUMATERA SELATAN MENURUT KABUPATEN/KOTA, 2000 - 2003 (RUPIAH)","Per Capita GRDP at Current Price By Regendes/Munidpaiities, in South Sumatera, 2000 - 2003 (Rupiahs)",7,6,a72c05c4de4c
SUMATERA SELATAN,73,Pagar Alam,#),2001,,,,"PDRB PER KAPITA ATAS DASAR HARGA BERLAKU DI PROPINSI SUMATERA SELATAN MENURUT KABUPATEN/KOTA, 2000 - 2003 (RUPIAH)","Per Capita GRDP at Current Price By Regendes/Munidpaiities, in South Sumatera, 2000 - 2003 (Rupiahs)",7,6,6675bee54e05
SUMATERA SELATAN,05,Musi Rawas,,2001,,"6.198.395,0d6",,"PDRB PER KAPITA ATAS DASAR HARGA BERLAKU DI PROPINSI SUMATERA SELATAN MENURUT KABUPATEN/KOTA, 2000 - 2003 (RUPIAH)","Per Capita GRDP at Current Price By Regendes/Munidpaiities, in South Sumatera, 2000 - 2003 (Rupiahs)",7,6,ef3605bb6106
SUMATERA SELATAN,,Musi Rawas,*',2001,,"4.199.591,i07",,"PDRB PER KAPITA ATAS DASAR HARGA BERLAKU DI PROPINSI SUMATERA SELATAN MENURUT KABUPATEN/KOTA, 2000 - 2003 (RUPIAH)","Per Capita GRDP at Current Price By Regendes/Munidpaiities, in South Sumatera, 2000 - 2003 (Rupiahs)",7,6,9cb337b59246
SUMATERA SELATAN,74,Lubuk Unggau,#),2001,,,,"PDRB PER KAPITA ATAS DASAR HARGA BERLAKU DI PROPINSI SUMATERA SELATAN MENURUT KABUPATEN/KOTA, 2000 - 2003 (RUPIAH)","Per Capita GRDP at Current Price By Regendes/Munidpaiities, in South Sumatera, 2000 - 2003 (Rupiahs)",7,6,6e56bc9be73b
SUMATERA SELATAN,06,Musi Banyuasin,,2001,,"s8.5.20.037,00",,"PDRB PER KAPITA ATAS DASAR HARGA BERLAKU DI PROPINSI SUMATERA SELATAN MENURUT KABUPATEN/KOTA, 2000 - 2003 (RUPIAH)","Per Capita GRDP at Current Price By Regendes/Munidpaiities, in South Sumatera, 2000 - 2003 (Rupiahs)",7,6,384f3f33f320
SUMATERA SELATAN,,MUSI Banyuasin,*',2001,,"p5.075.683,84",,"PDRB PER KAPITA ATAS DASAR HARGA BERLAKU DI PROPINSI SUMATERA SELATAN MENURUT KABUPATEN/KOTA, 2000 - 2003 (RUPIAH)","Per Capita GRDP at Current Price By Regendes/Munidpaiities, in South Sumatera, 2000 - 2003 (Rupiahs)",7,6,070616c2cf72
SUMATERA SELATAN,07,Banyuasin,#),2001,,,,"PDRB PER KAPITA ATAS DASAR HARGA BERLAKU DI PROPINSI SUMATERA SELATAN MENURUT KABUPATEN/KOTA, 2000 - 2003 (RUPIAH)","Per Capita GRDP at Current Price By Regendes/Munidpaiities, in South Sumatera, 2000 - 2003 (Rupiahs)",7,6,269e4380138c
SUMATERA SELATAN,,Banyuasin,*',2001,,,,"PDRB PER KAPITA ATAS DASAR HARGA BERLAKU DI PROPINSI SUMATERA SELATAN MENURUT KABUPATEN/KOTA, 2000 - 2003 (RUPIAH)","Per Capita GRDP at Current Price By Regendes/Munidpaiities, in South Sumatera, 2000 - 2003 (Rupiahs)",7,6,1a811ce01ad2
SUMATERA SELATAN,71,Palembang,,2001,,"10.269.419,15",,"PDRB PER KAPITA ATAS DASAR HARGA BERLAKU DI PROPINSI SUMATERA SELATAN MENURUT KABUPATEN/KOTA, 2000 - 2003 (RUPIAH)","Per Capita GRDP at Current Price By Regendes/Munidpaiities, in South Sumatera, 2000 - 2003 (Rupiahs)",7,6,2b4dedb09f35
SUMATERA SELATAN,,Palembang,*',2001,,"7.485.837,62",,"PDRB PER KAPITA ATAS DASAR HARGA BERLAKU DI PROPINSI SUMATERA SELATAN MENURUT KABUPATEN/KOTA, 2000 - 2003 (RUPIAH)","Per Capita GRDP at Current Price By Regendes/Munidpaiities, in South Sumatera, 2000 - 2003 (Rupiahs)",7,6,ea67575b3131
SUMATERA SELATAN,,Jml Kab./Kota. Total of Reg./Mun.,,2001,,"6.638.577,70",,"PDRB PER KAPITA ATAS DASAR HARGA BERLAKU DI PROPINSI SUMATERA SELATAN MENURUT KABUPATEN/KOTA, 2000 - 2003 (RUPIAH)","Per Capita GRDP at Current Price By Regendes/Munidpaiities, in South Sumatera, 2000 - 2003 (Rupiahs)",7,6,0e97ad88f342
SUMATERA SELATAN,,Jml Kab./Kota. Total of Reg /Mun.,*',2001,,"4.800.050,63",,"PDRB PER KAPITA ATAS DASAR HARGA BERLAKU DI PROPINSI SUMATERA SELATAN MENURUT KABUPATEN/KOTA, 2000 - 2003 (RUPIAH)","Per Capita GRDP at Current Price By Regendes/Munidpaiities, in South Sumatera, 2000 - 2003 (Rupiahs)",7,6,12ef37af93b5
KEPULAUAN BANGKA BELITUNG,01,Bangka,,2001,,"6.751.647,62",,"PDRB PER KAPITA ATAS D/VSAR HARGA BERLAKU DI PROPINSI KEPULAUAN BANGKA BELITUNG MENURUT KABUPATEN/KOTA, 2000 - 2003 (RUPIAH)","Per Capita GRDP at Current Price By Regendes/Munidpaiities, in Bangka Belitung Islands, 2000 - 2003 (Rupiahs)",8,7,018705765146
KEPULAUAN BANGKA BELITUNG,03,Bangka Selatan,#),2001,,,,"PDRB PER KAPITA ATAS D/VSAR HARGA BERLAKU DI PROPINSI KEPULAUAN BANGKA BELITUNG MENURUT KABUPATEN/KOTA, 2000 - 2003 (RUPIAH)","Per Capita GRDP at Current Price By Regendes/Munidpaiities, in Bangka Belitung Islands, 2000 - 2003 (Rupiahs)",8,7,eac36b14d9ca
KEPULAUAN BANGKA BELITUNG,04,Bangka Tengah,#),2001,,,,"PDRB PER KAPITA ATAS D/VSAR HARGA BERLAKU DI PROPINSI KEPULAUAN BANGKA BELITUNG MENURUT KABUPATEN/KOTA, 2000 - 2003 (RUPIAH)","Per Capita GRDP at Current Price By Regendes/Munidpaiities, in Bangka Belitung Islands, 2000 - 2003 (Rupiahs)",8,7,b485c16ae276
KEPULAUAN BANGKA BELITUNG,05,Bangka Barat,#),2001,,,,"PDRB PER KAPITA ATAS D/VSAR HARGA BERLAKU DI PROPINSI KEPULAUAN BANGKA BELITUNG MENURUT KABUPATEN/KOTA, 2000 - 2003 (RUPIAH)","Per Capita GRDP at Current Price By Regendes/Munidpaiities, in Bangka Belitung Islands, 2000 - 2003 (Rupiahs)",8,7,f15d437bde87
KEPULAUAN BANGKA BELITUNG,02,Belitung,,2001,,"6.553 939,59",,"PDRB PER KAPITA ATAS D/VSAR HARGA BERLAKU DI PROPINSI KEPULAUAN BANGKA BELITUNG MENURUT KABUPATEN/KOTA, 2000 - 2003 (RUPIAH)","Per Capita GRDP at Current Price By Regendes/Munidpaiities, in Bangka Belitung Islands, 2000 - 2003 (Rupiahs)",8,7,2c5dec5b7583
KEPULAUAN BANGKA BELITUNG,06,Behtung Timur,#),2001,,,,"PDRB PER KAPITA ATAS D/VSAR HARGA BERLAKU DI PROPINSI KEPULAUAN BANGKA BELITUNG MENURUT KABUPATEN/KOTA, 2000 - 2003 (RUPIAH)","Per Capita GRDP at Current Price By Regendes/Munidpaiities, in Bangka Belitung Islands, 2000 - 2003 (Rupiahs)",8,7,ad5f7dc15aab
KEPULAUAN BANGKA BELITUNG,71,Pangkal Pinang,,2001,,"5.249.036,88",,"PDRB PER KAPITA ATAS D/VSAR HARGA BERLAKU DI PROPINSI KEPULAUAN BANGKA BELITUNG MENURUT KABUPATEN/KOTA, 2000 - 2003 (RUPIAH)","Per Capita GRDP at Current Price By Regendes/Munidpaiities, in Bangka Belitung Islands, 2000 - 2003 (Rupiahs)",8,7,2fbacef95b2e
KEPULAUAN BANGKA BELITUNG,,Jml Kab./Kota. Total of Reg /Mun.,,2001,,"6 505 591,55",,"PDRB PER KAPITA ATAS D/VSAR HARGA BERLAKU DI PROPINSI KEPULAUAN BANGKA BELITUNG MENURUT KABUPATEN/KOTA, 2000 - 2003 (RUPIAH)","Per Capita GRDP at Current Price By Regendes/Munidpaiities, in Bangka Belitung Islands, 2000 - 2003 (Rupiahs)",8,7,ef111752e797
KEPULAUAN BANGKA BELITUNG,,Jml Kab./Kota. Total of Reg./Mun.,*',2001,,"6.505.591,55",,"PDRB PER KAPITA ATAS D/VSAR HARGA BERLAKU DI PROPINSI KEPULAUAN BANGKA BELITUNG MENURUT KABUPATEN/KOTA, 2000 - 2003 (RUPIAH)","Per Capita GRDP at Current Price By Regendes/Munidpaiities, in Bangka Belitung Islands, 2000 - 2003 (Rupiahs)",8,7,7467b982e1a1
BENGKULU,01,Bengkulu Selatan,,2001,,"1 773 600,06",,"PDRB PER KAPITA ATAS DASAR HARGA BERLAKU DI PROPINSI BENGKULU MENURUT KABUPATEN/KOTA, 2000 - 2003 (RUPIAH)","Per Capita GRDP at Current Pnce By Regencies/Muniapaltties, m Bengkulu, 2000 - 2003 (Rupiahs)",9,8,66d91d89be95
BENGKULU,04,Kaur,#),2001,,,,"PDRB PER KAPITA ATAS DASAR HARGA BERLAKU DI PROPINSI BENGKULU MENURUT KABUPATEN/KOTA, 2000 - 2003 (RUPIAH)","Per Capita GRDP at Current Pnce By Regencies/Muniapaltties, m Bengkulu, 2000 - 2003 (Rupiahs)",9,8,04e363b7f471
BENGKULU,05,Seluma,«),2001,,,,"PDRB PER KAPITA ATAS DASAR HARGA BERLAKU DI PROPINSI BENGKULU MENURUT KABUPATEN/KOTA, 2000 - 2003 (RUPIAH)","Per Capita GRDP at Current Pnce By Regencies/Muniapaltties, m Bengkulu, 2000 - 2003 (Rupiahs)",9,8,27a0dfb06719
BENGKULU,02,Rejang Lebong,,2001,,"3 439 649,42",,"PDRB PER KAPITA ATAS DASAR HARGA BERLAKU DI PROPINSI BENGKULU MENURUT KABUPATEN/KOTA, 2000 - 2003 (RUPIAH)","Per Capita GRDP at Current Pnce By Regencies/Muniapaltties, m Bengkulu, 2000 - 2003 (Rupiahs)",9,8,b3230358fe7f
BENGKULU,03,Bengkulu Utara,,2001,,"1 980 011,01",,"PDRB PER KAPITA ATAS DASAR HARGA BERLAKU DI PROPINSI BENGKULU MENURUT KABUPATEN/KOTA, 2000 - 2003 (RUPIAH)","Per Capita GRDP at Current Pnce By Regencies/Muniapaltties, m Bengkulu, 2000 - 2003 (Rupiahs)",9,8,e4ebb98737a7
BENGKULU,06,Muko-Huko,#),2001,,,,"PDRB PER KAPITA ATAS DASAR HARGA BERLAKU DI PROPINSI BENGKULU MENURUT KABUPATEN/KOTA, 2000 - 2003 (RUPIAH)","Per Capita GRDP at Current Pnce By Regencies/Muniapaltties, m Bengkulu, 2000 - 2003 (Rupiahs)",9,8,2d59c1554a92
BENGKULU,71,Bengkulu,,2001,,"4 385 602,76",,"PDRB PER KAPITA ATAS DASAR HARGA BERLAKU DI PROPINSI BENGKULU MENURUT KABUPATEN/KOTA, 2000 - 2003 (RUPIAH)","Per Capita GRDP at Current Pnce By Regencies/Muniapaltties, m Bengkulu, 2000 - 2003 (Rupiahs)",9,8,d4bd3ee7cbe3
BENGKULU,,JmlKab./Kota Total of Reg./Mun.,,2001,,"2 794 143,21",,"PDRB PER KAPITA ATAS DASAR HARGA BERLAKU DI PROPINSI BENGKULU MENURUT KABUPATEN/KOTA, 2000 - 2003 (RUPIAH)","Per Capita GRDP at Current Pnce By Regencies/Muniapaltties, m Bengkulu, 2000 - 2003 (Rupiahs)",9,8,aebeead70926
BENGKULU,,Jml Kab./Kota. Total of Reg./Mun.,*',2001,,"2 794 143,21",,"PDRB PER KAPITA ATAS DASAR HARGA BERLAKU DI PROPINSI BENGKULU MENURUT KABUPATEN/KOTA, 2000 - 2003 (RUPIAH)","Per Capita GRDP at Current Pnce By Regencies/Muniapaltties, m Bengkulu, 2000 - 2003 (Rupiahs)",9,8,5b2333dab091
LAMPUNG,01,Lampung Barat,,2001,,"2.014 480,06",,"PDRB PER KAPITA ATAS DASAR HARGA BERLAKU DI PROPINSI LAMPUNG MENURUT KABUPATEN/KOTA, 2000 - 2003 (RUPIAH)","Per Capita GRDP at Current Pnce By Regenaes/Munidpalities, in lempung, 2000 - 2003 (Rupiahs)",10,9,8fe1b36b2ad2
LAMPUNG,02,Tanggamus,,2001,,"2.756.374,75",,"PDRB PER KAPITA ATAS DASAR HARGA BERLAKU DI PROPINSI LAMPUNG MENURUT KABUPATEN/KOTA, 2000 - 2003 (RUPIAH)","Per Capita GRDP at Current Pnce By Regenaes/Munidpalities, in lempung, 2000 - 2003 (Rupiahs)",10,9,e25f96ba8631
LAMPUNG,03,Lampung Selatan,,2001,,"3.175.654,63",,"PDRB PER KAPITA ATAS DASAR HARGA BERLAKU DI PROPINSI LAMPUNG MENURUT KABUPATEN/KOTA, 2000 - 2003 (RUPIAH)","Per Capita GRDP at Current Pnce By Regenaes/Munidpalities, in lempung, 2000 - 2003 (Rupiahs)",10,9,f2bd0654ed70
LAMPUNG,04,Lampung Timur,,2001,,"3.501.511,81",,"PDRB PER KAPITA ATAS DASAR HARGA BERLAKU DI PROPINSI LAMPUNG MENURUT KABUPATEN/KOTA, 2000 - 2003 (RUPIAH)","Per Capita GRDP at Current Pnce By Regenaes/Munidpalities, in lempung, 2000 - 2003 (Rupiahs)",10,9,36a2ca3db323
LAMPUNG,,Lampung Timur,*',2001,,"3.082.786,19",,"PDRB PER KAPITA ATAS DASAR HARGA BERLAKU DI PROPINSI LAMPUNG MENURUT KABUPATEN/KOTA, 2000 - 2003 (RUPIAH)","Per Capita GRDP at Current Pnce By Regenaes/Munidpalities, in lempung, 2000 - 2003 (Rupiahs)",10,9,4c7a839a7374
LAMPUNG,05,Lampung Tengah,,2001,,"3.825.351,23",,"PDRB PER KAPITA ATAS DASAR HARGA BERLAKU DI PROPINSI LAMPUNG MENURUT KABUPATEN/KOTA, 2000 - 2003 (RUPIAH)","Per Capita GRDP at Current Pnce By Regenaes/Munidpalities, in lempung, 2000 - 2003 (Rupiahs)",10,9,ba2a1b6c56bc
LAMPUNG,06,Lampung Utara,,2001,,"3.027.282,52",,"PDRB PER KAPITA ATAS DASAR HARGA BERLAKU DI PROPINSI LAMPUNG MENURUT KABUPATEN/KOTA, 2000 - 2003 (RUPIAH)","Per Capita GRDP at Current Pnce By Regenaes/Munidpalities, in lempung, 2000 - 2003 (Rupiahs)",10,9,1669f789c27f
LAMPUNG,07,Way Kanan,,2001,,"2 093.649,84",,"PDRB PER KAPITA ATAS DASAR HARGA BERLAKU DI PROPINSI LAMPUNG MENURUT KABUPATEN/KOTA, 2000 - 2003 (RUPIAH)","Per Capita GRDP at Current Pnce By Regenaes/Munidpalities, in lempung, 2000 - 2003 (Rupiahs)",10,9,deb86d25d105
LAMPUNG,08,Tulang Bawang,,2001,,"3.466.093,84",,"PDRB PER KAPITA ATAS DASAR HARGA BERLAKU DI PROPINSI LAMPUNG MENURUT KABUPATEN/KOTA, 2000 - 2003 (RUPIAH)","Per Capita GRDP at Current Pnce By Regenaes/Munidpalities, in lempung, 2000 - 2003 (Rupiahs)",10,9,9c64d445cb7b
LAMPUNG,71,Bandar Lampung,,2001,,"7.102.730.,75",,"PDRB PER KAPITA ATAS DASAR HARGA BERLAKU DI PROPINSI LAMPUNG MENURUT KABUPATEN/KOTA, 2000 - 2003 (RUPIAH)","Per Capita GRDP at Current Pnce By Regenaes/Munidpalities, in lempung, 2000 - 2003 (Rupiahs)",10,9,729fe7549537
LAMPUNG,72,Metro,,2001,,"2.64g9.071,98",,"PDRB PER KAPITA ATAS DASAR HARGA BERLAKU DI PROPINSI LAMPUNG MENURUT KABUPATEN/KOTA, 2000 - 2003 (RUPIAH)","Per Capita GRDP at Current Pnce By Regenaes/Munidpalities, in lempung, 2000 - 2003 (Rupiahs)",10,9,3ac40067bf48
LAMPUNG,,Jml Kab./Kota. Total of Reg./Mun.,,2001,,"p3.597.641,61",,"PDRB PER KAPITA ATAS DASAR HARGA BERLAKU DI PROPINSI LAMPUNG MENURUT KABUPATEN/KOTA, 2000 - 2003 (RUPIAH)","Per Capita GRDP at Current Pnce By Regenaes/Munidpalities, in lempung, 2000 - 2003 (Rupiahs)",10,9,3b48d4ecb490
LAMPUNG,,Jml Kab./Kota. ToUl of Reg./Mun.,*',2001,,"3.543.359,14",,"PDRB PER KAPITA ATAS DASAR HARGA BERLAKU DI PROPINSI LAMPUNG MENURUT KABUPATEN/KOTA, 2000 - 2003 (RUPIAH)","Per Capita GRDP at Current Pnce By Regenaes/Munidpalities, in lempung, 2000 - 2003 (Rupiahs)",10,9,e68760798d24
NANGGROE ACEH DARUSSALAM,01,Simeulue,,2002,*),"2.975.026,47",,"PDRB PER KAPITA ATAS DASAR HARGA BERUVKU DI PROPINSI NANGGROE ACEH DARUSSALAM MENURUT KABUPATEN/KOTA, 2000 - 2003 (RUPIAH)","Per Capita GRDP at Current Price By Regendes/Munidpaiities, in Nanggroe Aceh Darussalam, 2000 - 2003 (Rupiahs)",2,1,becb901e2902
NANGGROE ACEH DARUSSALAM,03,Aceh Selatan,,2002,*),"4.387 289,98",,"PDRB PER KAPITA ATAS DASAR HARGA BERUVKU DI PROPINSI NANGGROE ACEH DARUSSALAM MENURUT KABUPATEN/KOTA, 2000 - 2003 (RUPIAH)","Per Capita GRDP at Current Price By Regendes/Munidpaiities, in Nanggroe Aceh Darussalam, 2000 - 2003 (Rupiahs)",2,1,07fb94cb291d
NANGGROE ACEH DARUSSALAM,02,Aceh Singkil,#),2002,*),"3.685.342,47",,"PDRB PER KAPITA ATAS DASAR HARGA BERUVKU DI PROPINSI NANGGROE ACEH DARUSSALAM MENURUT KABUPATEN/KOTA, 2000 - 2003 (RUPIAH)","Per Capita GRDP at Current Price By Regendes/Munidpaiities, in Nanggroe Aceh Darussalam, 2000 - 2003 (Rupiahs)",2,1,8eb24079b469
NANGGROE ACEH DARUSSALAM,12,Aceh Barat Daya,#),2002,*),"4 639 010,46",,"PDRB PER KAPITA ATAS DASAR HARGA BERUVKU DI PROPINSI NANGGROE ACEH DARUSSALAM MENURUT KABUPATEN/KOTA, 2000 - 2003 (RUPIAH)","Per Capita GRDP at Current Price By Regendes/Munidpaiities, in Nanggroe Aceh Darussalam, 2000 - 2003 (Rupiahs)",2,1,428d34283836
NANGGROE ACEH DARUSSALAM,04,Aceh Tenggara,,2002,*),"3.177.816,21",,"PDRB PER KAPITA ATAS DASAR HARGA BERUVKU DI PROPINSI NANGGROE ACEH DARUSSALAM MENURUT KABUPATEN/KOTA, 2000 - 2003 (RUPIAH)","Per Capita GRDP at Current Price By Regendes/Munidpaiities, in Nanggroe Aceh Darussalam, 2000 - 2003 (Rupiahs)",2,1,f3f028a488cb
NANGGROE ACEH DARUSSALAM,13,Gayo Lues,#),2002,*),,,"PDRB PER KAPITA ATAS DASAR HARGA BERUVKU DI PROPINSI NANGGROE ACEH DARUSSALAM MENURUT KABUPATEN/KOTA, 2000 - 2003 (RUPIAH)","Per Capita GRDP at Current Price By Regendes/Munidpaiities, in Nanggroe Aceh Darussalam, 2000 - 2003 (Rupiahs)",2,1,0b89bf025ee1
NANGGROE ACEH DARUSSALAM,05,Aceh Timur,,2002,*),"4.764.054,39",,"PDRB PER KAPITA ATAS DASAR HARGA BERUVKU DI PROPINSI NANGGROE ACEH DARUSSALAM MENURUT KABUPATEN/KOTA, 2000 - 2003 (RUPIAH)","Per Capita GRDP at Current Price By Regendes/Munidpaiities, in Nanggroe Aceh Darussalam, 2000 - 2003 (Rupiahs)",2,1,cc19e7c54070
NANGGROE ACEH DARUSSALAM,,Aceh Timur,*',2002,*),"4.149.365,46",,"PDRB PER KAPITA ATAS DASAR HARGA BERUVKU DI PROPINSI NANGGROE ACEH DARUSSALAM MENURUT KABUPATEN/KOTA, 2000 - 2003 (RUPIAH)","Per Capita GRDP at Current Price By Regendes/Munidpaiities, in Nanggroe Aceh Darussalam, 2000 - 2003 (Rupiahs)",2,1,9d1d8de51154
NANGGROE ACEH DARUSSALAM,14,Aceh Tamiang,#),2002,*),,,"PDRB PER KAPITA ATAS DASAR HARGA BERUVKU DI PROPINSI NANGGROE ACEH DARUSSALAM MENURUT KABUPATEN/KOTA, 2000 - 2003 (RUPIAH)","Per Capita GRDP at Current Price By Regendes/Munidpaiities, in Nanggroe Aceh Darussalam, 2000 - 2003 (Rupiahs)",2,1,f6ef21b2314f
NANGGROE ACEH DARUSSALAM,,Aceh Tamiang,*',2002,*),"4 721 103,81",,"PDRB PER KAPITA ATAS DASAR HARGA BERUVKU DI PROPINSI NANGGROE ACEH DARUSSALAM MENURUT KABUPATEN/KOTA, 2000 - 2003 (RUPIAH)","Per Capita GRDP at Current Price By Regendes/Munidpaiities, in Nanggroe Aceh Darussalam, 2000 - 2003 (Rupiahs)",2,1,93331deb1272
NANGGROE ACEH DARUSSALAM,73,Langsa,#),2002,*),"5 363 623,60",,"PDRB PER KAPITA ATAS DASAR HARGA BERUVKU DI PROPINSI NANGGROE ACEH DARUSSALAM MENURUT KABUPATEN/KOTA, 2000 - 2003 (RUPIAH)","Per Capita GRDP at Current Price By Regendes/Munidpaiities, in Nanggroe Aceh Darussalam, 2000 - 2003 (Rupiahs)",2,1,31bdcbc66ae6
NANGGROE ACEH DARUSSALAM,06,Aceh Tengah,,2002,*),"5.079.037,75",,"PDRB PER KAPITA ATAS DASAR HARGA BERUVKU DI PROPINSI NANGGROE ACEH DARUSSALAM MENURUT KABUPATEN/KOTA, 2000 - 2003 (RUPIAH)","Per Capita GRDP at Current Price By Regendes/Munidpaiities, in Nanggroe Aceh Darussalam, 2000 - 2003 (Rupiahs)",2,1,00cc439f553f
NANGGROE ACEH DARUSSALAM,07,Aceh Barat,,2002,*),"3.577.508,02",,"PDRB PER KAPITA ATAS DASAR HARGA BERUVKU DI PROPINSI NANGGROE ACEH DARUSSALAM MENURUT KABUPATEN/KOTA, 2000 - 2003 (RUPIAH)","Per Capita GRDP at Current Price By Regendes/Munidpaiities, in Nanggroe Aceh Darussalam, 2000 - 2003 (Rupiahs)",2,1,1a262ec16d32
NANGGROE ACEH DARUSSALAM,15,Nagan Raya,#),2002,*),,,"PDRB PER KAPITA ATAS DASAR HARGA BERUVKU DI PROPINSI NANGGROE ACEH DARUSSALAM MENURUT KABUPATEN/KOTA, 2000 - 2003 (RUPIAH)","Per Capita GRDP at Current Price By Regendes/Munidpaiities, in Nanggroe Aceh Darussalam, 2000 - 2003 (Rupiahs)",2,1,f45fd99b8638
NANGGROE ACEH DARUSSALAM,16,Aceh Jaya,#),2002,*),,,"PDRB PER KAPITA ATAS DASAR HARGA BERUVKU DI PROPINSI NANGGROE ACEH DARUSSALAM MENURUT KABUPATEN/KOTA, 2000 - 2003 (RUPIAH)","Per Capita GRDP at Current Price By Regendes/Munidpaiities, in Nanggroe Aceh Darussalam, 2000 - 2003 (Rupiahs)",2,1,d554629fe143
NANGGROE ACEH DARUSSALAM,08,Aceh Besar,,2002,*),"5.273.459,41",,"PDRB PER KAPITA ATAS DASAR HARGA BERUVKU DI PROPINSI NANGGROE ACEH DARUSSALAM MENURUT KABUPATEN/KOTA, 2000 - 2003 (RUPIAH)","Per Capita GRDP at Current Price By Regendes/Munidpaiities, in Nanggroe Aceh Darussalam, 2000 - 2003 (Rupiahs)",2,1,8cb1a9fb8413
NANGGROE ACEH DARUSSALAM,09,Pidie,,2002,*),"3.293.098,01",,"PDRB PER KAPITA ATAS DASAR HARGA BERUVKU DI PROPINSI NANGGROE ACEH DARUSSALAM MENURUT KABUPATEN/KOTA, 2000 - 2003 (RUPIAH)","Per Capita GRDP at Current Price By Regendes/Munidpaiities, in Nanggroe Aceh Darussalam, 2000 - 2003 (Rupiahs)",2,1,18b12cbd5d3b
NANGGROE ACEH DARUSSALAM,11,Aceh Utara,,2002,*),"27.067.685,36",,"PDRB PER KAPITA ATAS DASAR HARGA BERUVKU DI PROPINSI NANGGROE ACEH DARUSSALAM MENURUT KABUPATEN/KOTA, 2000 - 2003 (RUPIAH)","Per Capita GRDP at Current Price By Regendes/Munidpaiities, in Nanggroe Aceh Darussalam, 2000 - 2003 (Rupiahs)",2,1,50a86faa6f8f
NANGGROE ACEH DARUSSALAM,,Aceh Utara,*',2002,*),"5.579.275,06",,"PDRB PER KAPITA ATAS DASAR HARGA BERUVKU DI PROPINSI NANGGROE ACEH DARUSSALAM MENURUT KABUPATEN/KOTA, 2000 - 2003 (RUPIAH)","Per Capita GRDP at Current Price By Regendes/Munidpaiities, in Nanggroe Aceh Darussalam, 2000 - 2003 (Rupiahs)",2,1,73fcabd02e8d
NANGGROE ACEH DARUSSALAM,10,Bireuen,#),2002,*),"5.400.977,37",,"PDRB PER KAPITA ATAS DASAR HARGA BERUVKU DI PROPINSI NANGGROE ACEH DARUSSALAM MENURUT KABUPATEN/KOTA, 2000 - 2003 (RUPIAH)","Per Capita GRDP at Current Price By Regendes/Munidpaiities, in Nanggroe Aceh Darussalam, 2000 - 2003 (Rupiahs)",2,1,45a511402bdb
NANGGROE ACEH DARUSSALAM,74,Lhok Seumawe,#),2002,*),"43.894.956,35",,"PDRB PER KAPITA ATAS DASAR HARGA BERUVKU DI PROPINSI NANGGROE ACEH DARUSSALAM MENURUT KABUPATEN/KOTA, 2000 - 2003 (RUPIAH)","Per Capita GRDP at Current Price By Regendes/Munidpaiities, in Nanggroe Aceh Darussalam, 2000 - 2003 (Rupiahs)",2,1,5d04c27db98a
NANGGROE ACEH DARUSSALAM,,Lhok Seumawe,*',2002,*),"6.140 144,91",,"PDRB PER KAPITA ATAS DASAR HARGA BERUVKU DI PROPINSI NANGGROE ACEH DARUSSALAM MENURUT KABUPATEN/KOTA, 2000 - 2003 (RUPIAH)","Per Capita GRDP at Current Price By Regendes/Munidpaiities, in Nanggroe Aceh Darussalam, 2000 - 2003 (Rupiahs)",2,1,de13d578cd97
NANGGROE ACEH DARUSSALAM,71,Banda Aceh,,2002,*),"4.295.431,11",,"PDRB PER KAPITA ATAS DASAR HARGA BERUVKU DI PROPINSI NANGGROE ACEH DARUSSALAM MENURUT KABUPATEN/KOTA, 2000 - 2003 (RUPIAH)","Per Capita GRDP at Current Price By Regendes/Munidpaiities, in Nanggroe Aceh Darussalam, 2000 - 2003 (Rupiahs)",2,1,eb18cf8e780b
NANGGROE ACEH DARUSSALAM,72,Sabang,,2002,*),"5.785.663,64",,"PDRB PER KAPITA ATAS DASAR HARGA BERUVKU DI PROPINSI NANGGROE ACEH DARUSSALAM MENURUT KABUPATEN/KOTA, 2000 - 2003 (RUPIAH)","Per Capita GRDP at Current Price By Regendes/Munidpaiities, in Nanggroe Aceh Darussalam, 2000 - 2003 (Rupiahs)",2,1,3ecbd99545a0
NANGGROE ACEH DARUSSALAM,,Jml Kab./Kota. Total of Reg./Mun.,,2002,*),"8.375.877,32",,"PDRB PER KAPITA ATAS DASAR HARGA BERUVKU DI PROPINSI NANGGROE ACEH DARUSSALAM MENURUT KABUPATEN/KOTA, 2000 - 2003 (RUPIAH)","Per Capita GRDP at Current Price By Regendes/Munidpaiities, in Nanggroe Aceh Darussalam, 2000 - 2003 (Rupiahs)",2,1,13e0e5802844
NANGGROE ACEH DARUSSALAM,,Jml Kab./Kota Total of Reg./Mun.,*',2002,*),"4.455.388,57",,"PDRB PER KAPITA ATAS DASAR HARGA BERUVKU DI PROPINSI NANGGROE ACEH DARUSSALAM MENURUT KABUPATEN/KOTA, 2000 - 2003 (RUPIAH)","Per Capita GRDP at Current Price By Regendes/Munidpaiities, in Nanggroe Aceh Darussalam, 2000 - 2003 (Rupiahs)",2,1,c05ba77c7f5b
SUMATERA UTARA,01,Nias,,2002,*),"3.809.571,48",,"PDRB PER KAPITA ATAS DASAR HARGA BERLAKU DI PROPINSI SUMATERA UTARA MENURUT KABUPATEN/KOTA, 2000 - 2003 (RUPIAH)","Per Capita GRDP at Current Pnce By Regenaes/Munidpalities, in North Sumatera, 2000 - 2003 (Rupiahs)",3,2,2f8eecb3e43a
SUMATERA UTARA,02,Mandailing Natal,,2002,*),"5.086.172,13",,"PDRB PER KAPITA ATAS DASAR HARGA BERLAKU DI PROPINSI SUMATERA UTARA MENURUT KABUPATEN/KOTA, 2000 - 2003 (RUPIAH)","Per Capita GRDP at Current Pnce By Regenaes/Munidpalities, in North Sumatera, 2000 - 2003 (Rupiahs)",3,2,bdae596fb5ff
SUMATERA UTARA,03,Tapanuli Selatan,,2002,*),"5.870.985,79",,"PDRB PER KAPITA ATAS DASAR HARGA BERLAKU DI PROPINSI SUMATERA UTARA MENURUT KABUPATEN/KOTA, 2000 - 2003 (RUPIAH)","Per Capita GRDP at Current Pnce By Regenaes/Munidpalities, in North Sumatera, 2000 - 2003 (Rupiahs)",3,2,42a2e13c8b9f
SUMATERA UTARA,77,Padang Sidempuan,#),2002,*),,,"PDRB PER KAPITA ATAS DASAR HARGA BERLAKU DI PROPINSI SUMATERA UTARA MENURUT KABUPATEN/KOTA, 2000 - 2003 (RUPIAH)","Per Capita GRDP at Current Pnce By Regenaes/Munidpalities, in North Sumatera, 2000 - 2003 (Rupiahs)",3,2,7f002bc60412
SUMATERA UTARA,04,Tapanuli Tengah,,2002,*),"3.871.322,24",,"PDRB PER KAPITA ATAS DASAR HARGA BERLAKU DI PROPINSI SUMATERA UTARA MENURUT KABUPATEN/KOTA, 2000 - 2003 (RUPIAH)","Per Capita GRDP at Current Pnce By Regenaes/Munidpalities, in North Sumatera, 2000 - 2003 (Rupiahs)",3,2,18e14d4f1279
SUMATERA UTARA,05,Tapanuli Utara,,2002,*),"4.993.825,38",,"PDRB PER KAPITA ATAS DASAR HARGA BERLAKU DI PROPINSI SUMATERA UTARA MENURUT KABUPATEN/KOTA, 2000 - 2003 (RUPIAH)","Per Capita GRDP at Current Pnce By Regenaes/Munidpalities, in North Sumatera, 2000 - 2003 (Rupiahs)",3,2,ba0e8357565c
SUMATERA UTARA,06,Toba Samosir,,2002,*),"6 145.163,85",,"PDRB PER KAPITA ATAS DASAR HARGA BERLAKU DI PROPINSI SUMATERA UTARA MENURUT KABUPATEN/KOTA, 2000 - 2003 (RUPIAH)","Per Capita GRDP at Current Pnce By Regenaes/Munidpalities, in North Sumatera, 2000 - 2003 (Rupiahs)",3,2,aa5e176e223a
SUMATERA UTARA,07,Labuhan Batu,,2002,*),"8 927.289,03",,"PDRB PER KAPITA ATAS DASAR HARGA BERLAKU DI PROPINSI SUMATERA UTARA MENURUT KABUPATEN/KOTA, 2000 - 2003 (RUPIAH)","Per Capita GRDP at Current Pnce By Regenaes/Munidpalities, in North Sumatera, 2000 - 2003 (Rupiahs)",3,2,f573d2876356
SUMATERA UTARA,08,/Vsahan,,2002,*),"10.770.733,48",,"PDRB PER KAPITA ATAS DASAR HARGA BERLAKU DI PROPINSI SUMATERA UTARA MENURUT KABUPATEN/KOTA, 2000 - 2003 (RUPIAH)","Per Capita GRDP at Current Pnce By Regenaes/Munidpalities, in North Sumatera, 2000 - 2003 (Rupiahs)",3,2,3fa96a2afdb5
SUMATERA UTARA,09,Simalungun,,2002,*),"5.705.225,23",,"PDRB PER KAPITA ATAS DASAR HARGA BERLAKU DI PROPINSI SUMATERA UTARA MENURUT KABUPATEN/KOTA, 2000 - 2003 (RUPIAH)","Per Capita GRDP at Current Pnce By Regenaes/Munidpalities, in North Sumatera, 2000 - 2003 (Rupiahs)",3,2,449ad398a192
SUMATERA UTARA,10,Dam,,2002,*),"5.991.905,85",,"PDRB PER KAPITA ATAS DASAR HARGA BERLAKU DI PROPINSI SUMATERA UTARA MENURUT KABUPATEN/KOTA, 2000 - 2003 (RUPIAH)","Per Capita GRDP at Current Pnce By Regenaes/Munidpalities, in North Sumatera, 2000 - 2003 (Rupiahs)",3,2,cb4e79f7a60f
SUMATERA UTARA,11,Karo,,2002,*),"7.024.363,95",,"PDRB PER KAPITA ATAS DASAR HARGA BERLAKU DI PROPINSI SUMATERA UTARA MENURUT KABUPATEN/KOTA, 2000 - 2003 (RUPIAH)","Per Capita GRDP at Current Pnce By Regenaes/Munidpalities, in North Sumatera, 2000 - 2003 (Rupiahs)",3,2,789b538205eb
SUMATERA UTARA,12,Deli Serdang,,2002,*),"4.535.565,45",,"PDRB PER KAPITA ATAS DASAR HARGA BERLAKU DI PROPINSI SUMATERA UTARA MENURUT KABUPATEN/KOTA, 2000 - 2003 (RUPIAH)","Per Capita GRDP at Current Pnce By Regenaes/Munidpalities, in North Sumatera, 2000 - 2003 (Rupiahs)",3,2,50f2fdd5588a
SUMATERA UTARA,13,Langkat,,2002,*),"5.830.594,68",,"PDRB PER KAPITA ATAS DASAR HARGA BERLAKU DI PROPINSI SUMATERA UTARA MENURUT KABUPATEN/KOTA, 2000 - 2003 (RUPIAH)","Per Capita GRDP at Current Pnce By Regenaes/Munidpalities, in North Sumatera, 2000 - 2003 (Rupiahs)",3,2,9ca4a076ac0b
SUMATERA UTARA,,Langkat,*',2002,*),"4.711.264,49",,"PDRB PER KAPITA ATAS DASAR HARGA BERLAKU DI PROPINSI SUMATERA UTARA MENURUT KABUPATEN/KOTA, 2000 - 2003 (RUPIAH)","Per Capita GRDP at Current Pnce By Regenaes/Munidpalities, in North Sumatera, 2000 - 2003 (Rupiahs)",3,2,2e626ade6544
SUMATERA UTARA,71,Sibolga,,2002,*),"6.683.315,34",,"PDRB PER KAPITA ATAS DASAR HARGA BERLAKU DI PROPINSI SUMATERA UTARA MENURUT KABUPATEN/KOTA, 2000 - 2003 (RUPIAH)","Per Capita GRDP at Current Pnce By Regenaes/Munidpalities, in North Sumatera, 2000 - 2003 (Rupiahs)",3,2,79403597fbb4
SUMATERA UTARA,72,Tanjung Balai,,2002,*),"7.896.005,18",,"PDRB PER KAPITA ATAS DASAR HARGA BERLAKU DI PROPINSI SUMATERA UTARA MENURUT KABUPATEN/KOTA, 2000 - 2003 (RUPIAH)","Per Capita GRDP at Current Pnce By Regenaes/Munidpalities, in North Sumatera, 2000 - 2003 (Rupiahs)",3,2,e9327e8fb6d7
SUMATERA UTARA,73,Pematang Siantar,,2002,*),"9.742.066,25",,"PDRB PER KAPITA ATAS DASAR HARGA BERLAKU DI PROPINSI SUMATERA UTARA MENURUT KABUPATEN/KOTA, 2000 - 2003 (RUPIAH)","Per Capita GRDP at Current Pnce By Regenaes/Munidpalities, in North Sumatera, 2000 - 2003 (Rupiahs)",3,2,3286896ad660
SUMATERA UTARA,74,Tebing Tinggi,,2002,*),"6.876.992,76",,"PDRB PER KAPITA ATAS DASAR HARGA BERLAKU DI PROPINSI SUMATERA UTARA MENURUT KABUPATEN/KOTA, 2000 - 2003 (RUPIAH)","Per Capita GRDP at Current Pnce By Regenaes/Munidpalities, in North Sumatera, 2000 - 2003 (Rupiahs)",3,2,408d6833a954
SUMATERA UTARA,75,Medan,,2002,*),"10.022.272,94",,"PDRB PER KAPITA ATAS DASAR HARGA BERLAKU DI PROPINSI SUMATERA UTARA MENURUT KABUPATEN/KOTA, 2000 - 2003 (RUPIAH)","Per Capita GRDP at Current Pnce By Regenaes/Munidpalities, in North Sumatera, 2000 - 2003 (Rupiahs)",3,2,c52d085bbdd1
SUMATERA UTARA,76,Binjai,,2002,*),"5.158.868,22",,"PDRB PER KAPITA ATAS DASAR HARGA BERLAKU DI PROPINSI SUMATERA UTARA MENURUT KABUPATEN/KOTA, 2000 - 2003 (RUPIAH)","Per Capita GRDP at Current Pnce By Regenaes/Munidpalities, in North Sumatera, 2000 - 2003 (Rupiahs)",3,2,158474e89925
SUMATERA UTARA,,Jml Kab./Kota. Total of Reg./Mun.,,2002,*),"6.447.639,80",,"PDRB PER KAPITA ATAS DASAR HARGA BERLAKU DI PROPINSI SUMATERA UTARA MENURUT KABUPATEN/KOTA, 2000 - 2003 (RUPIAH)","Per Capita GRDP at Current Pnce By Regenaes/Munidpalities, in North Sumatera, 2000 - 2003 (Rupiahs)",3,2,fffdffa15f44
SUMATERA UTARA,,Jml Kab./Kota. Total of Reg./Mun.,*',2002,*),"6.293.465,39",,"PDRB PER KAPITA ATAS DASAR HARGA BERLAKU DI PROPINSI SUMATERA UTARA MENURUT KABUPATEN/KOTA, 2000 - 2003 (RUPIAH)","Per Capita GRDP at Current Pnce By Regenaes/Munidpalities, in North Sumatera, 2000 - 2003 (Rupiahs)",3,2,4c36e58b1714
SUMATERA BARAT,01,Kepulauan Mentawai,,2002,*),"7.241.536,63",,"PDRB PER KAPITA ATAS DASAR HARGA BERLAKU DI PROPINSI SUMATERA BARAT MENURUT KABUPATEN/KOTA, 2000 - 2003 (RUPIAH)","Per Capita GRDP at Current Price By Regenaes/Munidpalities, in West Sumatera, 2000 - 2003 (Rupiahs)",4,3,c5f678a91d23
SUMATERA BARAT,02,Pesisir Selatan,,2002,*),"26.268.806,78",,"PDRB PER KAPITA ATAS DASAR HARGA BERLAKU DI PROPINSI SUMATERA BARAT MENURUT KABUPATEN/KOTA, 2000 - 2003 (RUPIAH)","Per Capita GRDP at Current Price By Regenaes/Munidpalities, in West Sumatera, 2000 - 2003 (Rupiahs)",4,3,051313b35153
SUMATERA BARAT,03,Solok,,2002,*),"33 210 623,25",,"PDRB PER KAPITA ATAS DASAR HARGA BERLAKU DI PROPINSI SUMATERA BARAT MENURUT KABUPATEN/KOTA, 2000 - 2003 (RUPIAH)","Per Capita GRDP at Current Price By Regenaes/Munidpalities, in West Sumatera, 2000 - 2003 (Rupiahs)",4,3,5aeb097d8d97
SUMATERA BARAT,04,Sawahlunto/Sijunj'ung,,2002,*),"29.312.548,62",,"PDRB PER KAPITA ATAS DASAR HARGA BERLAKU DI PROPINSI SUMATERA BARAT MENURUT KABUPATEN/KOTA, 2000 - 2003 (RUPIAH)","Per Capita GRDP at Current Price By Regenaes/Munidpalities, in West Sumatera, 2000 - 2003 (Rupiahs)",4,3,c64eacb77a78
SUMATERA BARAT,05,Tanah Datar,,2002,*),"30 586 699,67",,"PDRB PER KAPITA ATAS DASAR HARGA BERLAKU DI PROPINSI SUMATERA BARAT MENURUT KABUPATEN/KOTA, 2000 - 2003 (RUPIAH)","Per Capita GRDP at Current Price By Regenaes/Munidpalities, in West Sumatera, 2000 - 2003 (Rupiahs)",4,3,1f276cf3af9c
SUMATERA BARAT,06,Padang Panaman,,2002,*),"39.225 537,21",,"PDRB PER KAPITA ATAS DASAR HARGA BERLAKU DI PROPINSI SUMATERA BARAT MENURUT KABUPATEN/KOTA, 2000 - 2003 (RUPIAH)","Per Capita GRDP at Current Price By Regenaes/Munidpalities, in West Sumatera, 2000 - 2003 (Rupiahs)",4,3,5b9b62c4bf3d
SUMATERA BARAT,77,Kota Pariaman,#),2002,*),,,"PDRB PER KAPITA ATAS DASAR HARGA BERLAKU DI PROPINSI SUMATERA BARAT MENURUT KABUPATEN/KOTA, 2000 - 2003 (RUPIAH)","Per Capita GRDP at Current Price By Regenaes/Munidpalities, in West Sumatera, 2000 - 2003 (Rupiahs)",4,3,7d8f0b4935fc
SUMATERA BARAT,07,Agam,,2002,*),"37.096.127,96",,"PDRB PER KAPITA ATAS DASAR HARGA BERLAKU DI PROPINSI SUMATERA BARAT MENURUT KABUPATEN/KOTA, 2000 - 2003 (RUPIAH)","Per Capita GRDP at Current Price By Regenaes/Munidpalities, in West Sumatera, 2000 - 2003 (Rupiahs)",4,3,6db9bc76cbd3
SUMATERA BARAT,08,Lima Puluh Koto,,2002,*),"33.821.361,80",,"PDRB PER KAPITA ATAS DASAR HARGA BERLAKU DI PROPINSI SUMATERA BARAT MENURUT KABUPATEN/KOTA, 2000 - 2003 (RUPIAH)","Per Capita GRDP at Current Price By Regenaes/Munidpalities, in West Sumatera, 2000 - 2003 (Rupiahs)",4,3,742582b3ec6d
SUMATERA BARAT,09,Pasaman,,2002,*),"33.066.165,69",,"PDRB PER KAPITA ATAS DASAR HARGA BERLAKU DI PROPINSI SUMATERA BARAT MENURUT KABUPATEN/KOTA, 2000 - 2003 (RUPIAH)","Per Capita GRDP at Current Price By Regenaes/Munidpalities, in West Sumatera, 2000 - 2003 (Rupiahs)",4,3,e2f4a2e55aa3
SUMATERA BARAT,71,Padang,,2002,*),"151.088 563,36",,"PDRB PER KAPITA ATAS DASAR HARGA BERLAKU DI PROPINSI SUMATERA BARAT MENURUT KABUPATEN/KOTA, 2000 - 2003 (RUPIAH)","Per Capita GRDP at Current Price By Regenaes/Munidpalities, in West Sumatera, 2000 - 2003 (Rupiahs)",4,3,d21a03cd94fb
SUMATERA BARAT,72,Solok,,2002,*),"6.429.846,05",,"PDRB PER KAPITA ATAS DASAR HARGA BERLAKU DI PROPINSI SUMATERA BARAT MENURUT KABUPATEN/KOTA, 2000 - 2003 (RUPIAH)","Per Capita GRDP at Current Price By Regenaes/Munidpalities, in West Sumatera, 2000 - 2003 (Rupiahs)",4,3,9aaa7479738a
SUMATERA BARAT,73,Sawahlunto,,2002,*),"8.712 409,93",,"PDRB PER KAPITA ATAS DASAR HARGA BERLAKU DI PROPINSI SUMATERA BARAT MENURUT KABUPATEN/KOTA, 2000 - 2003 (RUPIAH)","Per Capita GRDP at Current Price By Regenaes/Munidpalities, in West Sumatera, 2000 - 2003 (Rupiahs)",4,3,bdc971c78bb7
SUMATERA BARAT,74,Padang Panjang,,2002,*),"S.010.134,34",,"PDRB PER KAPITA ATAS DASAR HARGA BERLAKU DI PROPINSI SUMATERA BARAT MENURUT KABUPATEN/KOTA, 2000 - 2003 (RUPIAH)","Per Capita GRDP at Current Price By Regenaes/Munidpalities, in West Sumatera, 2000 - 2003 (Rupiahs)",4,3,306a434c9c78
SUMATERA BARAT,75,Bukit Tinggi,,2002,*),"12 385.832,02",,"PDRB PER KAPITA ATAS DASAR HARGA BERLAKU DI PROPINSI SUMATERA BARAT MENURUT KABUPATEN/KOTA, 2000 - 2003 (RUPIAH)","Per Capita GRDP at Current Price By Regenaes/Munidpalities, in West Sumatera, 2000 - 2003 (Rupiahs)",4,3,2408c49c61dd
SUMATERA BARAT,76,Payakumbuh,,2002,*),10 278.619^»,,"PDRB PER KAPITA ATAS DASAR HARGA BERLAKU DI PROPINSI SUMATERA BARAT MENURUT KABUPATEN/KOTA, 2000 - 2003 (RUPIAH)","Per Capita GRDP at Current Price By Regenaes/Munidpalities, in West Sumatera, 2000 - 2003 (Rupiahs)",4,3,82d501d26690
SUMATERA BARAT,,Jml Kab./Kota. Total of Reg./Mun.,,2002,*),"6.593.084,53",,"PDRB PER KAPITA ATAS DASAR HARGA BERLAKU DI PROPINSI SUMATERA BARAT MENURUT KABUPATEN/KOTA, 2000 - 2003 (RUPIAH)","Per Capita GRDP at Current Price By Regenaes/Munidpalities, in West Sumatera, 2000 - 2003 (Rupiahs)",4,3,c76af135dd89
SUMATERA BARAT,,Jml Kab./Kota. Total of Reg./Mun.,*',2002,*),"6.593.084,53",,"PDRB PER KAPITA ATAS DASAR HARGA BERLAKU DI PROPINSI SUMATERA BARAT MENURUT KABUPATEN/KOTA, 2000 - 2003 (RUPIAH)","Per Capita GRDP at Current Price By Regenaes/Munidpalities, in West Sumatera, 2000 - 2003 (Rupiahs)",4,3,3919a05ee4ea
RIAU,01,Kuantan Singingi,,2002,*),"5.324.846,32",,"PDRB PER KAPITA ATAS DASAR HARGA BERLAKU DI PROPINSI RIAU MENURUT KABUPATEN/KOTA, 2000 - 2003 (RUPIAH)","Per Capita GRDP at Current Pnce By Regendes/Munidpaiities, in Riau, 2000 - 2003 (Rupiahs)",5,4,ddcb480cf070
RIAU,02,Indragin Hulu,,2002,*),"5.750.510,98",,"PDRB PER KAPITA ATAS DASAR HARGA BERLAKU DI PROPINSI RIAU MENURUT KABUPATEN/KOTA, 2000 - 2003 (RUPIAH)","Per Capita GRDP at Current Pnce By Regendes/Munidpaiities, in Riau, 2000 - 2003 (Rupiahs)",5,4,3a714ba23412
RIAU,,Indragin Hulu,*',2002,*),"5.144 363,21",,"PDRB PER KAPITA ATAS DASAR HARGA BERLAKU DI PROPINSI RIAU MENURUT KABUPATEN/KOTA, 2000 - 2003 (RUPIAH)","Per Capita GRDP at Current Pnce By Regendes/Munidpaiities, in Riau, 2000 - 2003 (Rupiahs)",5,4,25815208a3c5
RIAU,03,Indragiri Hilir,,2002,*),"5.357.082,33",,"PDRB PER KAPITA ATAS DASAR HARGA BERLAKU DI PROPINSI RIAU MENURUT KABUPATEN/KOTA, 2000 - 2003 (RUPIAH)","Per Capita GRDP at Current Pnce By Regendes/Munidpaiities, in Riau, 2000 - 2003 (Rupiahs)",5,4,8ff27ae8e465
RIAU,04,Pelalawan,,2002,*),"6.015.834,79",,"PDRB PER KAPITA ATAS DASAR HARGA BERLAKU DI PROPINSI RIAU MENURUT KABUPATEN/KOTA, 2000 - 2003 (RUPIAH)","Per Capita GRDP at Current Pnce By Regendes/Munidpaiities, in Riau, 2000 - 2003 (Rupiahs)",5,4,3dba4268fb83
RIAU,,Pelalawan,*',2002,*),"5.402.646,20",,"PDRB PER KAPITA ATAS DASAR HARGA BERLAKU DI PROPINSI RIAU MENURUT KABUPATEN/KOTA, 2000 - 2003 (RUPIAH)","Per Capita GRDP at Current Pnce By Regendes/Munidpaiities, in Riau, 2000 - 2003 (Rupiahs)",5,4,814e9684ebf0
RIAU,05,Siak,,2002,*),"34.772.752,61",,"PDRB PER KAPITA ATAS DASAR HARGA BERLAKU DI PROPINSI RIAU MENURUT KABUPATEN/KOTA, 2000 - 2003 (RUPIAH)","Per Capita GRDP at Current Pnce By Regendes/Munidpaiities, in Riau, 2000 - 2003 (Rupiahs)",5,4,29499b48325b
RIAU,,Siak,*',2002,*),"4.509.957,33",,"PDRB PER KAPITA ATAS DASAR HARGA BERLAKU DI PROPINSI RIAU MENURUT KABUPATEN/KOTA, 2000 - 2003 (RUPIAH)","Per Capita GRDP at Current Pnce By Regendes/Munidpaiities, in Riau, 2000 - 2003 (Rupiahs)",5,4,9630e344a99b
RIAU,06,Kampar,,2002,*),"9.977.947,09",,"PDRB PER KAPITA ATAS DASAR HARGA BERLAKU DI PROPINSI RIAU MENURUT KABUPATEN/KOTA, 2000 - 2003 (RUPIAH)","Per Capita GRDP at Current Pnce By Regendes/Munidpaiities, in Riau, 2000 - 2003 (Rupiahs)",5,4,a777d7198b71
RIAU,,Kampar,*',2002,*),"3.615.538,45",,"PDRB PER KAPITA ATAS DASAR HARGA BERLAKU DI PROPINSI RIAU MENURUT KABUPATEN/KOTA, 2000 - 2003 (RUPIAH)","Per Capita GRDP at Current Pnce By Regendes/Munidpaiities, in Riau, 2000 - 2003 (Rupiahs)",5,4,ee3b2a32dc83
RIAU,07,Rokan Hulu,,2002,*),"3.900 814,80",,"PDRB PER KAPITA ATAS DASAR HARGA BERLAKU DI PROPINSI RIAU MENURUT KABUPATEN/KOTA, 2000 - 2003 (RUPIAH)","Per Capita GRDP at Current Pnce By Regendes/Munidpaiities, in Riau, 2000 - 2003 (Rupiahs)",5,4,ed980c25b540
RIAU,,Rokan Hulu,"""",2002,*),"3 487.795,30",,"PDRB PER KAPITA ATAS DASAR HARGA BERLAKU DI PROPINSI RIAU MENURUT KABUPATEN/KOTA, 2000 - 2003 (RUPIAH)","Per Capita GRDP at Current Pnce By Regendes/Munidpaiities, in Riau, 2000 - 2003 (Rupiahs)",5,4,c4ecee3bb278
RIAU,08,Bengkalis,,2002,*),"33.284.067,08",,"PDRB PER KAPITA ATAS DASAR HARGA BERLAKU DI PROPINSI RIAU MENURUT KABUPATEN/KOTA, 2000 - 2003 (RUPIAH)","Per Capita GRDP at Current Pnce By Regendes/Munidpaiities, in Riau, 2000 - 2003 (Rupiahs)",5,4,db134327bb3a
RIAU,,Bengkalis,*',2002,*),"3.981.588,91",,"PDRB PER KAPITA ATAS DASAR HARGA BERLAKU DI PROPINSI RIAU MENURUT KABUPATEN/KOTA, 2000 - 2003 (RUPIAH)","Per Capita GRDP at Current Pnce By Regendes/Munidpaiities, in Riau, 2000 - 2003 (Rupiahs)",5,4,d03383111c83
RIAU,09,Rokan Hilir,,2002,*),"18.888.801,94",,"PDRB PER KAPITA ATAS DASAR HARGA BERLAKU DI PROPINSI RIAU MENURUT KABUPATEN/KOTA, 2000 - 2003 (RUPIAH)","Per Capita GRDP at Current Pnce By Regendes/Munidpaiities, in Riau, 2000 - 2003 (Rupiahs)",5,4,af0219766f70
RIAU,,Rokan Hilir,*',2002,*),"4.236.115,33",,"PDRB PER KAPITA ATAS DASAR HARGA BERLAKU DI PROPINSI RIAU MENURUT KABUPATEN/KOTA, 2000 - 2003 (RUPIAH)","Per Capita GRDP at Current Pnce By Regendes/Munidpaiities, in Riau, 2000 - 2003 (Rupiahs)",5,4,40f4fbc401fa
RIAU,10,Kepulauan Riau,,2002,*),"6.039.957,31",,"PDRB PER KAPITA ATAS DASAR HARGA BERLAKU DI PROPINSI RIAU MENURUT KABUPATEN/KOTA, 2000 - 2003 (RUPIAH)","Per Capita GRDP at Current Pnce By Regendes/Munidpaiities, in Riau, 2000 - 2003 (Rupiahs)",5,4,1adb45266243
RIAU,,Kepulauan Riau,*',2002,*),"6.039.957,31",,"PDRB PER KAPITA ATAS DASAR HARGA BERLAKU DI PROPINSI RIAU MENURUT KABUPATEN/KOTA, 2000 - 2003 (RUPIAH)","Per Capita GRDP at Current Pnce By Regendes/Munidpaiities, in Riau, 2000 - 2003 (Rupiahs)",5,4,9a9fe7048a52
RIAU,74,Tanjung Pinang,#),2002,*),"7.680.742,05",,"PDRB PER KAPITA ATAS DASAR HARGA BERLAKU DI PROPINSI RIAU MENURUT KABUPATEN/KOTA, 2000 - 2003 (RUPIAH)","Per Capita GRDP at Current Pnce By Regendes/Munidpaiities, in Riau, 2000 - 2003 (Rupiahs)",5,4,e2b3c58f7891
RIAU,11,Karimun,,2002,*),"8.144.772,22",,"PDRB PER KAPITA ATAS DASAR HARGA BERLAKU DI PROPINSI RIAU MENURUT KABUPATEN/KOTA, 2000 - 2003 (RUPIAH)","Per Capita GRDP at Current Pnce By Regendes/Munidpaiities, in Riau, 2000 - 2003 (Rupiahs)",5,4,b351844d7802
RIAU,,Karimun,*',2002,*),"8.144.772,22",,"PDRB PER KAPITA ATAS DASAR HARGA BERLAKU DI PROPINSI RIAU MENURUT KABUPATEN/KOTA, 2000 - 2003 (RUPIAH)","Per Capita GRDP at Current Pnce By Regendes/Munidpaiities, in Riau, 2000 - 2003 (Rupiahs)",5,4,8c7bed032b68
RIAU,12,Natuna,,2002,*),"36.584 599,03",,"PDRB PER KAPITA ATAS DASAR HARGA BERLAKU DI PROPINSI RIAU MENURUT KABUPATEN/KOTA, 2000 - 2003 (RUPIAH)","Per Capita GRDP at Current Pnce By Regendes/Munidpaiities, in Riau, 2000 - 2003 (Rupiahs)",5,4,db9af3d97f23
RIAU,,Natuna,*',2002,*),"5.097.071,24",,"PDRB PER KAPITA ATAS DASAR HARGA BERLAKU DI PROPINSI RIAU MENURUT KABUPATEN/KOTA, 2000 - 2003 (RUPIAH)","Per Capita GRDP at Current Pnce By Regendes/Munidpaiities, in Riau, 2000 - 2003 (Rupiahs)",5,4,27548dd27378
RIAU,71,Pekan Baru,,2002,*),"6.640.029,03",,"PDRB PER KAPITA ATAS DASAR HARGA BERLAKU DI PROPINSI RIAU MENURUT KABUPATEN/KOTA, 2000 - 2003 (RUPIAH)","Per Capita GRDP at Current Pnce By Regendes/Munidpaiities, in Riau, 2000 - 2003 (Rupiahs)",5,4,ba7ec050d524
RIAU,72,Batam,,2002,*),"15.195.052,97",,"PDRB PER KAPITA ATAS DASAR HARGA BERLAKU DI PROPINSI RIAU MENURUT KABUPATEN/KOTA, 2000 - 2003 (RUPIAH)","Per Capita GRDP at Current Pnce By Regendes/Munidpaiities, in Riau, 2000 - 2003 (Rupiahs)",5,4,e3990ffdf4b5
RIAU,73,Dumai,,2002,*),"17.906.999,72",,"PDRB PER KAPITA ATAS DASAR HARGA BERLAKU DI PROPINSI RIAU MENURUT KABUPATEN/KOTA, 2000 - 2003 (RUPIAH)","Per Capita GRDP at Current Pnce By Regendes/Munidpaiities, in Riau, 2000 - 2003 (Rupiahs)",5,4,ae32d9b09544
RIAU,,Dumai,*',2002,*),"4.916.464,17",,"PDRB PER KAPITA ATAS DASAR HARGA BERLAKU DI PROPINSI RIAU MENURUT KABUPATEN/KOTA, 2000 - 2003 (RUPIAH)","Per Capita GRDP at Current Pnce By Regendes/Munidpaiities, in Riau, 2000 - 2003 (Rupiahs)",5,4,468310c29287
RIAU,,Jml Kab./Kota. Total of Reg./Mun.,,2002,*),"16.824.807,69",,"PDRB PER KAPITA ATAS DASAR HARGA BERLAKU DI PROPINSI RIAU MENURUT KABUPATEN/KOTA, 2000 - 2003 (RUPIAH)","Per Capita GRDP at Current Pnce By Regendes/Munidpaiities, in Riau, 2000 - 2003 (Rupiahs)",5,4,f3d60e859994
RIAU,,Jml Kab./Kota. Total of Reg./Mun.,*',2002,*),"5.959.213,13",,"PDRB PER KAPITA ATAS DASAR HARGA BERLAKU DI PROPINSI RIAU MENURUT KABUPATEN/KOTA, 2000 - 2003 (RUPIAH)","Per Capita GRDP at Current Pnce By Regendes/Munidpaiities, in Riau, 2000 - 2003 (Rupiahs)",5,4,d2c83e826163
JAMBI,01,Kennci,,2002,*),"4.737.416,44",,"PDRB PER KAPITA ATAS DASAR HARGA BERLAKU DI PROPINSI JAMBI MENURUT KABUPATEN/KOTA, 2000 - 2003 (RUPIAH)","Per Capita GRDP at Current Price By Regenaes/Municipalities, in Jambi, 2000 - 2003 (Rupiahs)",6,5,82fe510eba64
JAMBI,02,Merangin,,2002,*),"3.196.593,48",,"PDRB PER KAPITA ATAS DASAR HARGA BERLAKU DI PROPINSI JAMBI MENURUT KABUPATEN/KOTA, 2000 - 2003 (RUPIAH)","Per Capita GRDP at Current Price By Regenaes/Municipalities, in Jambi, 2000 - 2003 (Rupiahs)",6,5,e9be84ec0b60
JAMBI,03,Sarolangun,,2002,*),"4.748.150,27",,"PDRB PER KAPITA ATAS DASAR HARGA BERLAKU DI PROPINSI JAMBI MENURUT KABUPATEN/KOTA, 2000 - 2003 (RUPIAH)","Per Capita GRDP at Current Price By Regenaes/Municipalities, in Jambi, 2000 - 2003 (Rupiahs)",6,5,6d848c2d1022
JAMBI,,Sarolangun,*',2002,*),"4.027.722,88",,"PDRB PER KAPITA ATAS DASAR HARGA BERLAKU DI PROPINSI JAMBI MENURUT KABUPATEN/KOTA, 2000 - 2003 (RUPIAH)","Per Capita GRDP at Current Price By Regenaes/Municipalities, in Jambi, 2000 - 2003 (Rupiahs)",6,5,49e06cd2d177
JAMBI,04,Batanghan,,2002,*),"5.107.780,31",,"PDRB PER KAPITA ATAS DASAR HARGA BERLAKU DI PROPINSI JAMBI MENURUT KABUPATEN/KOTA, 2000 - 2003 (RUPIAH)","Per Capita GRDP at Current Price By Regenaes/Municipalities, in Jambi, 2000 - 2003 (Rupiahs)",6,5,f986988a6fed
JAMBI,,Batanghari,*',2002,*),"4.326.126,69",,"PDRB PER KAPITA ATAS DASAR HARGA BERLAKU DI PROPINSI JAMBI MENURUT KABUPATEN/KOTA, 2000 - 2003 (RUPIAH)","Per Capita GRDP at Current Price By Regenaes/Municipalities, in Jambi, 2000 - 2003 (Rupiahs)",6,5,bce2b76481b0
JAMBI,05,Muaro Jambi,,2002,*),"3.655.428,56",,"PDRB PER KAPITA ATAS DASAR HARGA BERLAKU DI PROPINSI JAMBI MENURUT KABUPATEN/KOTA, 2000 - 2003 (RUPIAH)","Per Capita GRDP at Current Price By Regenaes/Municipalities, in Jambi, 2000 - 2003 (Rupiahs)",6,5,aa3e578b9c0f
JAMBI,,Muaro Jambi,*',2002,*),"2.998.122,58",,"PDRB PER KAPITA ATAS DASAR HARGA BERLAKU DI PROPINSI JAMBI MENURUT KABUPATEN/KOTA, 2000 - 2003 (RUPIAH)","Per Capita GRDP at Current Price By Regenaes/Municipalities, in Jambi, 2000 - 2003 (Rupiahs)",6,5,f1f9346f09ef
JAMBI,06,Tanjung Jabung Timur,,2002,*),"10 100.269,96",,"PDRB PER KAPITA ATAS DASAR HARGA BERLAKU DI PROPINSI JAMBI MENURUT KABUPATEN/KOTA, 2000 - 2003 (RUPIAH)","Per Capita GRDP at Current Price By Regenaes/Municipalities, in Jambi, 2000 - 2003 (Rupiahs)",6,5,951516e021c4
JAMBI,,Tanjung Jabung Timur,*',2002,*),"4.703.391,39",,"PDRB PER KAPITA ATAS DASAR HARGA BERLAKU DI PROPINSI JAMBI MENURUT KABUPATEN/KOTA, 2000 - 2003 (RUPIAH)","Per Capita GRDP at Current Price By Regenaes/Municipalities, in Jambi, 2000 - 2003 (Rupiahs)",6,5,6d5402e8e1fd
JAMBI,07,Tanjung Jabung Barat,,2002,*),"7.505.751,91",,"PDRB PER KAPITA ATAS DASAR HARGA BERLAKU DI PROPINSI JAMBI MENURUT KABUPATEN/KOTA, 2000 - 2003 (RUPIAH)","Per Capita GRDP at Current Price By Regenaes/Municipalities, in Jambi, 2000 - 2003 (Rupiahs)",6,5,2b7746a36ac4
JAMBI,,Tanjung Jabung Barat,*',2002,*),"6.987.876,26",,"PDRB PER KAPITA ATAS DASAR HARGA BERLAKU DI PROPINSI JAMBI MENURUT KABUPATEN/KOTA, 2000 - 2003 (RUPIAH)","Per Capita GRDP at Current Price By Regenaes/Municipalities, in Jambi, 2000 - 2003 (Rupiahs)",6,5,eef50416e403
JAMBI,08,Tebo,,2002,*),"2.953.303,91",,"PDRB PER KAPITA ATAS DASAR HARGA BERLAKU DI PROPINSI JAMBI MENURUT KABUPATEN/KOTA, 2000 - 2003 (RUPIAH)","Per Capita GRDP at Current Price By Regenaes/Municipalities, in Jambi, 2000 - 2003 (Rupiahs)",6,5,18cd2efbb39d
JAMBI,09,Bungo,,2002,*),"3.953.685,86",,"PDRB PER KAPITA ATAS DASAR HARGA BERLAKU DI PROPINSI JAMBI MENURUT KABUPATEN/KOTA, 2000 - 2003 (RUPIAH)","Per Capita GRDP at Current Price By Regenaes/Municipalities, in Jambi, 2000 - 2003 (Rupiahs)",6,5,7ae5dbd372cd
JAMBI,71,Jambi,,2002,*),"6.157.190,92",,"PDRB PER KAPITA ATAS DASAR HARGA BERLAKU DI PROPINSI JAMBI MENURUT KABUPATEN/KOTA, 2000 - 2003 (RUPIAH)","Per Capita GRDP at Current Price By Regenaes/Municipalities, in Jambi, 2000 - 2003 (Rupiahs)",6,5,a3b0e6d6be55
JAMBI,,Jambi,*',2002,*),"5.569.870,72",,"PDRB PER KAPITA ATAS DASAR HARGA BERLAKU DI PROPINSI JAMBI MENURUT KABUPATEN/KOTA, 2000 - 2003 (RUPIAH)","Per Capita GRDP at Current Price By Regenaes/Municipalities, in Jambi, 2000 - 2003 (Rupiahs)",6,5,962d1ff423c5
JAMBI,,Jml Kab./Kota. Total of Reg./Mun.,,2002,*),"5.165.568,13",,"PDRB PER KAPITA ATAS DASAR HARGA BERLAKU DI PROPINSI JAMBI MENURUT KABUPATEN/KOTA, 2000 - 2003 (RUPIAH)","Per Capita GRDP at Current Price By Regenaes/Municipalities, in Jambi, 2000 - 2003 (Rupiahs)",6,5,f545494447dc
JAMBI,,Jml Kab./Kota. Total of Reg./Mun.,*',2002,*),"4.413.197,44",,"PDRB PER KAPITA ATAS DASAR HARGA BERLAKU DI PROPINSI JAMBI MENURUT KABUPATEN/KOTA, 2000 - 2003 (RUPIAH)","Per Capita GRDP at Current Price By Regenaes/Municipalities, in Jambi, 2000 - 2003 (Rupiahs)",6,5,bab45cd879f9
SUMATERA SELATAN,01,Ogan Komenng Ulu,,2002,*),"4.405.131,47",,"PDRB PER KAPITA ATAS DASAR HARGA BERLAKU DI PROPINSI SUMATERA SELATAN MENURUT KABUPATEN/KOTA, 2000 - 2003 (RUPIAH)","Per Capita GRDP at Current Price By Regendes/Munidpaiities, in South Sumatera, 2000 - 2003 (Rupiahs)",7,6,509203274f79
SUMATERA SELATAN,,Ogan Komering Ulu,*',2002,*),"3.984.536,20",,"PDRB PER KAPITA ATAS DASAR HARGA BERLAKU DI PROPINSI SUMATERA SELATAN MENURUT KABUPATEN/KOTA, 2000 - 2003 (RUPIAH)","Per Capita GRDP at Current Price By Regendes/Munidpaiities, in South Sumatera, 2000 - 2003 (Rupiahs)",7,6,6812f1948302
SUMATERA SELATAN,02,Ogan Komenng liir,,2002,*),"3.800.062,75",,"PDRB PER KAPITA ATAS DASAR HARGA BERLAKU DI PROPINSI SUMATERA SELATAN MENURUT KABUPATEN/KOTA, 2000 - 2003 (RUPIAH)","Per Capita GRDP at Current Price By Regendes/Munidpaiities, in South Sumatera, 2000 - 2003 (Rupiahs)",7,6,0bb359051116
SUMATERA SELATAN,,Ogan Komering Ilir,*^,2002,*),"3.789.783,32",,"PDRB PER KAPITA ATAS DASAR HARGA BERLAKU DI PROPINSI SUMATERA SELATAN MENURUT KABUPATEN/KOTA, 2000 - 2003 (RUPIAH)","Per Capita GRDP at Current Price By Regendes/Munidpaiities, in South Sumatera, 2000 - 2003 (Rupiahs)",7,6,69a88a38b963
SUMATERA SELATAN,03,Muara Enim,,2002,*),"10.159.122,48",,"PDRB PER KAPITA ATAS DASAR HARGA BERLAKU DI PROPINSI SUMATERA SELATAN MENURUT KABUPATEN/KOTA, 2000 - 2003 (RUPIAH)","Per Capita GRDP at Current Price By Regendes/Munidpaiities, in South Sumatera, 2000 - 2003 (Rupiahs)",7,6,de0f0581fcb6
SUMATERA SELATAN,,Muara Enim,*',2002,*),"6.415.239,49",,"PDRB PER KAPITA ATAS DASAR HARGA BERLAKU DI PROPINSI SUMATERA SELATAN MENURUT KABUPATEN/KOTA, 2000 - 2003 (RUPIAH)","Per Capita GRDP at Current Price By Regendes/Munidpaiities, in South Sumatera, 2000 - 2003 (Rupiahs)",7,6,ccb18dd41835
SUMATERA SELATAN,72,Prabumullh,#),2002,*),"8.975.977,05",,"PDRB PER KAPITA ATAS DASAR HARGA BERLAKU DI PROPINSI SUMATERA SELATAN MENURUT KABUPATEN/KOTA, 2000 - 2003 (RUPIAH)","Per Capita GRDP at Current Price By Regendes/Munidpaiities, in South Sumatera, 2000 - 2003 (Rupiahs)",7,6,eb7161a69017
SUMATERA SELATAN,,Prabumulih,*',2002,*),"5.895.791,71",,"PDRB PER KAPITA ATAS DASAR HARGA BERLAKU DI PROPINSI SUMATERA SELATAN MENURUT KABUPATEN/KOTA, 2000 - 2003 (RUPIAH)","Per Capita GRDP at Current Price By Regendes/Munidpaiities, in South Sumatera, 2000 - 2003 (Rupiahs)",7,6,09977fef3479
SUMATERA SELATAN,04,Lahat,,2002,*),"4.000 792,30",,"PDRB PER KAPITA ATAS DASAR HARGA BERLAKU DI PROPINSI SUMATERA SELATAN MENURUT KABUPATEN/KOTA, 2000 - 2003 (RUPIAH)","Per Capita GRDP at Current Price By Regendes/Munidpaiities, in South Sumatera, 2000 - 2003 (Rupiahs)",7,6,aa2aa8d790ca
SUMATERA SELATAN,73,Pagar Alam,#),2002,*),"4.322.819,44",,"PDRB PER KAPITA ATAS DASAR HARGA BERLAKU DI PROPINSI SUMATERA SELATAN MENURUT KABUPATEN/KOTA, 2000 - 2003 (RUPIAH)","Per Capita GRDP at Current Price By Regendes/Munidpaiities, in South Sumatera, 2000 - 2003 (Rupiahs)",7,6,85595b37b6ef
SUMATERA SELATAN,05,Musi Rawas,,2002,*),"5.600.723,76",,"PDRB PER KAPITA ATAS DASAR HARGA BERLAKU DI PROPINSI SUMATERA SELATAN MENURUT KABUPATEN/KOTA, 2000 - 2003 (RUPIAH)","Per Capita GRDP at Current Price By Regendes/Munidpaiities, in South Sumatera, 2000 - 2003 (Rupiahs)",7,6,d2181e97d191
SUMATERA SELATAN,,Musi Rawas,*',2002,*),"3.390.302,66",,"PDRB PER KAPITA ATAS DASAR HARGA BERLAKU DI PROPINSI SUMATERA SELATAN MENURUT KABUPATEN/KOTA, 2000 - 2003 (RUPIAH)","Per Capita GRDP at Current Price By Regendes/Munidpaiities, in South Sumatera, 2000 - 2003 (Rupiahs)",7,6,174924ee6ca2
SUMATERA SELATAN,74,Lubuk Unggau,#),2002,*),"3.944.149,92",,"PDRB PER KAPITA ATAS DASAR HARGA BERLAKU DI PROPINSI SUMATERA SELATAN MENURUT KABUPATEN/KOTA, 2000 - 2003 (RUPIAH)","Per Capita GRDP at Current Price By Regendes/Munidpaiities, in South Sumatera, 2000 - 2003 (Rupiahs)",7,6,fdc05e67415d
SUMATERA SELATAN,06,Musi Banyuasin,,2002,*),"9.044.705,49",,"PDRB PER KAPITA ATAS DASAR HARGA BERLAKU DI PROPINSI SUMATERA SELATAN MENURUT KABUPATEN/KOTA, 2000 - 2003 (RUPIAH)","Per Capita GRDP at Current Price By Regendes/Munidpaiities, in South Sumatera, 2000 - 2003 (Rupiahs)",7,6,7a7a7e16e912
SUMATERA SELATAN,,MUSI Banyuasin,*',2002,*),"5.739.217,25",,"PDRB PER KAPITA ATAS DASAR HARGA BERLAKU DI PROPINSI SUMATERA SELATAN MENURUT KABUPATEN/KOTA, 2000 - 2003 (RUPIAH)","Per Capita GRDP at Current Price By Regendes/Munidpaiities, in South Sumatera, 2000 - 2003 (Rupiahs)",7,6,aa8385c692cc
SUMATERA SELATAN,07,Banyuasin,#),2002,*),,,"PDRB PER KAPITA ATAS DASAR HARGA BERLAKU DI PROPINSI SUMATERA SELATAN MENURUT KABUPATEN/KOTA, 2000 - 2003 (RUPIAH)","Per Capita GRDP at Current Price By Regendes/Munidpaiities, in South Sumatera, 2000 - 2003 (Rupiahs)",7,6,239cb0c9613b
SUMATERA SELATAN,,Banyuasin,*',2002,*),,,"PDRB PER KAPITA ATAS DASAR HARGA BERLAKU DI PROPINSI SUMATERA SELATAN MENURUT KABUPATEN/KOTA, 2000 - 2003 (RUPIAH)","Per Capita GRDP at Current Price By Regendes/Munidpaiities, in South Sumatera, 2000 - 2003 (Rupiahs)",7,6,30bc2b1053fd
SUMATERA SELATAN,71,Palembang,,2002,*),"11.963.794,38",,"PDRB PER KAPITA ATAS DASAR HARGA BERLAKU DI PROPINSI SUMATERA SELATAN MENURUT KABUPATEN/KOTA, 2000 - 2003 (RUPIAH)","Per Capita GRDP at Current Price By Regendes/Munidpaiities, in South Sumatera, 2000 - 2003 (Rupiahs)",7,6,5f7396224686
SUMATERA SELATAN,,Palembang,*',2002,*),"8.499.566,60",,"PDRB PER KAPITA ATAS DASAR HARGA BERLAKU DI PROPINSI SUMATERA SELATAN MENURUT KABUPATEN/KOTA, 2000 - 2003 (RUPIAH)","Per Capita GRDP at Current Price By Regendes/Munidpaiities, in South Sumatera, 2000 - 2003 (Rupiahs)",7,6,f6ad69092ed2
SUMATERA SELATAN,,Jml Kab./Kota. Total of Reg./Mun.,,2002,*),"7.237.971,98",,"PDRB PER KAPITA ATAS DASAR HARGA BERLAKU DI PROPINSI SUMATERA SELATAN MENURUT KABUPATEN/KOTA, 2000 - 2003 (RUPIAH)","Per Capita GRDP at Current Price By Regendes/Munidpaiities, in South Sumatera, 2000 - 2003 (Rupiahs)",7,6,4fc5df2f3d93
SUMATERA SELATAN,,Jml Kab./Kota. Total of Reg /Mun.,*',2002,*),"5.355.488,16",,"PDRB PER KAPITA ATAS DASAR HARGA BERLAKU DI PROPINSI SUMATERA SELATAN MENURUT KABUPATEN/KOTA, 2000 - 2003 (RUPIAH)","Per Capita GRDP at Current Price By Regendes/Munidpaiities, in South Sumatera, 2000 - 2003 (Rupiahs)",7,6,cc1f02bef20a
KEPULAUAN BANGKA BELITUNG,01,Bangka,,2002,*),"7.801.227,34",,"PDRB PER KAPITA ATAS D/VSAR HARGA BERLAKU DI PROPINSI KEPULAUAN BANGKA BELITUNG MENURUT KABUPATEN/KOTA, 2000 - 2003 (RUPIAH)","Per Capita GRDP at Current Price By Regendes/Munidpaiities, in Bangka Belitung Islands, 2000 - 2003 (Rupiahs)",8,7,c5f78895c7a5
KEPULAUAN BANGKA BELITUNG,03,Bangka Selatan,#),2002,*),,,"PDRB PER KAPITA ATAS D/VSAR HARGA BERLAKU DI PROPINSI KEPULAUAN BANGKA BELITUNG MENURUT KABUPATEN/KOTA, 2000 - 2003 (RUPIAH)","Per Capita GRDP at Current Price By Regendes/Munidpaiities, in Bangka Belitung Islands, 2000 - 2003 (Rupiahs)",8,7,dc632a5109e9
KEPULAUAN BANGKA BELITUNG,04,Bangka Tengah,#),2002,*),,,"PDRB PER KAPITA ATAS D/VSAR HARGA BERLAKU DI PROPINSI KEPULAUAN BANGKA BELITUNG MENURUT KABUPATEN/KOTA, 2000 - 2003 (RUPIAH)","Per Capita GRDP at Current Price By Regendes/Munidpaiities, in Bangka Belitung Islands, 2000 - 2003 (Rupiahs)",8,7,4d7de4f7643e
KEPULAUAN BANGKA BELITUNG,05,Bangka Barat,#),2002,*),,,"PDRB PER KAPITA ATAS D/VSAR HARGA BERLAKU DI PROPINSI KEPULAUAN BANGKA BELITUNG MENURUT KABUPATEN/KOTA, 2000 - 2003 (RUPIAH)","Per Capita GRDP at Current Price By Regendes/Munidpaiities, in Bangka Belitung Islands, 2000 - 2003 (Rupiahs)",8,7,7a369d71fdbd
KEPULAUAN BANGKA BELITUNG,02,Belitung,,2002,*),"7.413.222,49",,"PDRB PER KAPITA ATAS D/VSAR HARGA BERLAKU DI PROPINSI KEPULAUAN BANGKA BELITUNG MENURUT KABUPATEN/KOTA, 2000 - 2003 (RUPIAH)","Per Capita GRDP at Current Price By Regendes/Munidpaiities, in Bangka Belitung Islands, 2000 - 2003 (Rupiahs)",8,7,0c32007faf60
KEPULAUAN BANGKA BELITUNG,06,Behtung Timur,#),2002,*),,,"PDRB PER KAPITA ATAS D/VSAR HARGA BERLAKU DI PROPINSI KEPULAUAN BANGKA BELITUNG MENURUT KABUPATEN/KOTA, 2000 - 2003 (RUPIAH)","Per Capita GRDP at Current Price By Regendes/Munidpaiities, in Bangka Belitung Islands, 2000 - 2003 (Rupiahs)",8,7,2309e917045b
KEPULAUAN BANGKA BELITUNG,71,Pangkal Pinang,,2002,*),"5.906.760,13",,"PDRB PER KAPITA ATAS D/VSAR HARGA BERLAKU DI PROPINSI KEPULAUAN BANGKA BELITUNG MENURUT KABUPATEN/KOTA, 2000 - 2003 (RUPIAH)","Per Capita GRDP at Current Price By Regendes/Munidpaiities, in Bangka Belitung Islands, 2000 - 2003 (Rupiahs)",8,7,fe74e08cb197
KEPULAUAN BANGKA BELITUNG,,Jml Kab./Kota. Total of Reg /Mun.,,2002,*),"7.455.486,15",,"PDRB PER KAPITA ATAS D/VSAR HARGA BERLAKU DI PROPINSI KEPULAUAN BANGKA BELITUNG MENURUT KABUPATEN/KOTA, 2000 - 2003 (RUPIAH)","Per Capita GRDP at Current Price By Regendes/Munidpaiities, in Bangka Belitung Islands, 2000 - 2003 (Rupiahs)",8,7,60850f147061
KEPULAUAN BANGKA BELITUNG,,Jml Kab./Kota. Total of Reg./Mun.,*',2002,*),"7.455.486,15",,"PDRB PER KAPITA ATAS D/VSAR HARGA BERLAKU DI PROPINSI KEPULAUAN BANGKA BELITUNG MENURUT KABUPATEN/KOTA, 2000 - 2003 (RUPIAH)","Per Capita GRDP at Current Price By Regendes/Munidpaiities, in Bangka Belitung Islands, 2000 - 2003 (Rupiahs)",8,7,366e328fa770
BENGKULU,01,Bengkulu Selatan,,2002,*),"2 383 502,66",,"PDRB PER KAPITA ATAS DASAR HARGA BERLAKU DI PROPINSI BENGKULU MENURUT KABUPATEN/KOTA, 2000 - 2003 (RUPIAH)","Per Capita GRDP at Current Pnce By Regencies/Muniapaltties, m Bengkulu, 2000 - 2003 (Rupiahs)",9,8,533e4c9086c0
BENGKULU,04,Kaur,#),2002,*),,,"PDRB PER KAPITA ATAS DASAR HARGA BERLAKU DI PROPINSI BENGKULU MENURUT KABUPATEN/KOTA, 2000 - 2003 (RUPIAH)","Per Capita GRDP at Current Pnce By Regencies/Muniapaltties, m Bengkulu, 2000 - 2003 (Rupiahs)",9,8,0ca071771036
BENGKULU,05,Seluma,«),2002,*),,,"PDRB PER KAPITA ATAS DASAR HARGA BERLAKU DI PROPINSI BENGKULU MENURUT KABUPATEN/KOTA, 2000 - 2003 (RUPIAH)","Per Capita GRDP at Current Pnce By Regencies/Muniapaltties, m Bengkulu, 2000 - 2003 (Rupiahs)",9,8,c9472c96dec0
BENGKULU,02,Rejang Lebong,,2002,*),"3 496.463,08",,"PDRB PER KAPITA ATAS DASAR HARGA BERLAKU DI PROPINSI BENGKULU MENURUT KABUPATEN/KOTA, 2000 - 2003 (RUPIAH)","Per Capita GRDP at Current Pnce By Regencies/Muniapaltties, m Bengkulu, 2000 - 2003 (Rupiahs)",9,8,d8b24dfad70b
BENGKULU,03,Bengkulu Utara,,2002,*),"2 345 129,96",,"PDRB PER KAPITA ATAS DASAR HARGA BERLAKU DI PROPINSI BENGKULU MENURUT KABUPATEN/KOTA, 2000 - 2003 (RUPIAH)","Per Capita GRDP at Current Pnce By Regencies/Muniapaltties, m Bengkulu, 2000 - 2003 (Rupiahs)",9,8,893f57954403
BENGKULU,06,Muko-Huko,#),2002,*),,,"PDRB PER KAPITA ATAS DASAR HARGA BERLAKU DI PROPINSI BENGKULU MENURUT KABUPATEN/KOTA, 2000 - 2003 (RUPIAH)","Per Capita GRDP at Current Pnce By Regencies/Muniapaltties, m Bengkulu, 2000 - 2003 (Rupiahs)",9,8,65613be36dce
BENGKULU,71,Bengkulu,,2002,*),"4 865 975,06",,"PDRB PER KAPITA ATAS DASAR HARGA BERLAKU DI PROPINSI BENGKULU MENURUT KABUPATEN/KOTA, 2000 - 2003 (RUPIAH)","Per Capita GRDP at Current Pnce By Regencies/Muniapaltties, m Bengkulu, 2000 - 2003 (Rupiahs)",9,8,583c0ff5f0f6
BENGKULU,,JmlKab./Kota Total of Reg./Mun.,,2002,*),"3 140 561,24",,"PDRB PER KAPITA ATAS DASAR HARGA BERLAKU DI PROPINSI BENGKULU MENURUT KABUPATEN/KOTA, 2000 - 2003 (RUPIAH)","Per Capita GRDP at Current Pnce By Regencies/Muniapaltties, m Bengkulu, 2000 - 2003 (Rupiahs)",9,8,91e3197e197f
BENGKULU,,Jml Kab./Kota. Total of Reg./Mun.,*',2002,*),"3 140 561,24",,"PDRB PER KAPITA ATAS DASAR HARGA BERLAKU DI PROPINSI BENGKULU MENURUT KABUPATEN/KOTA, 2000 - 2003 (RUPIAH)","Per Capita GRDP at Current Pnce By Regencies/Muniapaltties, m Bengkulu, 2000 - 2003 (Rupiahs)",9,8,1d8f0a1c6959
LAMPUNG,01,Lampung Barat,,2002,*),"2.159.937,24",,"PDRB PER KAPITA ATAS DASAR HARGA BERLAKU DI PROPINSI LAMPUNG MENURUT KABUPATEN/KOTA, 2000 - 2003 (RUPIAH)","Per Capita GRDP at Current Pnce By Regenaes/Munidpalities, in lempung, 2000 - 2003 (Rupiahs)",10,9,abcbffad4645
LAMPUNG,02,Tanggamus,,2002,*),"3.072.145,43",,"PDRB PER KAPITA ATAS DASAR HARGA BERLAKU DI PROPINSI LAMPUNG MENURUT KABUPATEN/KOTA, 2000 - 2003 (RUPIAH)","Per Capita GRDP at Current Pnce By Regenaes/Munidpalities, in lempung, 2000 - 2003 (Rupiahs)",10,9,733755117ba8
LAMPUNG,03,Lampung Selatan,,2002,*),"3.532.907,66",,"PDRB PER KAPITA ATAS DASAR HARGA BERLAKU DI PROPINSI LAMPUNG MENURUT KABUPATEN/KOTA, 2000 - 2003 (RUPIAH)","Per Capita GRDP at Current Pnce By Regenaes/Munidpalities, in lempung, 2000 - 2003 (Rupiahs)",10,9,8fb17293386e
LAMPUNG,04,Lampung Timur,,2002,*),"4.255.074,94",,"PDRB PER KAPITA ATAS DASAR HARGA BERLAKU DI PROPINSI LAMPUNG MENURUT KABUPATEN/KOTA, 2000 - 2003 (RUPIAH)","Per Capita GRDP at Current Pnce By Regenaes/Munidpalities, in lempung, 2000 - 2003 (Rupiahs)",10,9,fa3023d2b2a6
LAMPUNG,,Lampung Timur,*',2002,*),"3.395.336,55",,"PDRB PER KAPITA ATAS DASAR HARGA BERLAKU DI PROPINSI LAMPUNG MENURUT KABUPATEN/KOTA, 2000 - 2003 (RUPIAH)","Per Capita GRDP at Current Pnce By Regenaes/Munidpalities, in lempung, 2000 - 2003 (Rupiahs)",10,9,ca7f5d76729e
LAMPUNG,05,Lampung Tengah,,2002,*),"4.165.691,09",,"PDRB PER KAPITA ATAS DASAR HARGA BERLAKU DI PROPINSI LAMPUNG MENURUT KABUPATEN/KOTA, 2000 - 2003 (RUPIAH)","Per Capita GRDP at Current Pnce By Regenaes/Munidpalities, in lempung, 2000 - 2003 (Rupiahs)",10,9,7e13aa42fbc8
LAMPUNG,06,Lampung Utara,,2002,*),"3.294 026,00",,"PDRB PER KAPITA ATAS DASAR HARGA BERLAKU DI PROPINSI LAMPUNG MENURUT KABUPATEN/KOTA, 2000 - 2003 (RUPIAH)","Per Capita GRDP at Current Pnce By Regenaes/Munidpalities, in lempung, 2000 - 2003 (Rupiahs)",10,9,a2457653b867
LAMPUNG,07,Way Kanan,,2002,*),"2.355.688,50",,"PDRB PER KAPITA ATAS DASAR HARGA BERLAKU DI PROPINSI LAMPUNG MENURUT KABUPATEN/KOTA, 2000 - 2003 (RUPIAH)","Per Capita GRDP at Current Pnce By Regenaes/Munidpalities, in lempung, 2000 - 2003 (Rupiahs)",10,9,f9087e6aef13
LAMPUNG,08,Tulang Bawang,,2002,*),"3.702.893,76",,"PDRB PER KAPITA ATAS DASAR HARGA BERLAKU DI PROPINSI LAMPUNG MENURUT KABUPATEN/KOTA, 2000 - 2003 (RUPIAH)","Per Capita GRDP at Current Pnce By Regenaes/Munidpalities, in lempung, 2000 - 2003 (Rupiahs)",10,9,8f3fafba3d8b
LAMPUNG,71,Bandar Lampung,,2002,*),"7.824.778,76",,"PDRB PER KAPITA ATAS DASAR HARGA BERLAKU DI PROPINSI LAMPUNG MENURUT KABUPATEN/KOTA, 2000 - 2003 (RUPIAH)","Per Capita GRDP at Current Pnce By Regenaes/Munidpalities, in lempung, 2000 - 2003 (Rupiahs)",10,9,b92c8c6fbab3
LAMPUNG,72,Metro,,2002,*),"2.819.132,24",,"PDRB PER KAPITA ATAS DASAR HARGA BERLAKU DI PROPINSI LAMPUNG MENURUT KABUPATEN/KOTA, 2000 - 2003 (RUPIAH)","Per Capita GRDP at Current Pnce By Regenaes/Munidpalities, in lempung, 2000 - 2003 (Rupiahs)",10,9,43a7db0a1b5e
LAMPUNG,,Jml Kab./Kota. Total of Reg./Mun.,,2002,*),"4.003.845,95",,"PDRB PER KAPITA ATAS DASAR HARGA BERLAKU DI PROPINSI LAMPUNG MENURUT KABUPATEN/KOTA, 2000 - 2003 (RUPIAH)","Per Capita GRDP at Current Pnce By Regenaes/Munidpalities, in lempung, 2000 - 2003 (Rupiahs)",10,9,8fa9034867c5
LAMPUNG,,Jml Kab./Kota. ToUl of Reg./Mun.,*',2002,*),"3.892.400,67",,"PDRB PER KAPITA ATAS DASAR HARGA BERLAKU DI PROPINSI LAMPUNG MENURUT KABUPATEN/KOTA, 2000 - 2003 (RUPIAH)","Per Capita GRDP at Current Pnce By Regenaes/Munidpalities, in lempung, 2000 - 2003 (Rupiahs)",10,9,bef5ab0b939a
NANGGROE ACEH DARUSSALAM,01,Simeulue,,2003,**),"3.251.123,74",,"PDRB PER KAPITA ATAS DASAR HARGA BERUVKU DI PROPINSI NANGGROE ACEH DARUSSALAM MENURUT KABUPATEN/KOTA, 2000 - 2003 (RUPIAH)","Per Capita GRDP at Current Price By Regendes/Munidpaiities, in Nanggroe Aceh Darussalam, 2000 - 2003 (Rupiahs)",2,1,e3efc9881533
NANGGROE ACEH DARUSSALAM,03,Aceh Selatan,,2003,**),"5.079.195,44",,"PDRB PER KAPITA ATAS DASAR HARGA BERUVKU DI PROPINSI NANGGROE ACEH DARUSSALAM MENURUT KABUPATEN/KOTA, 2000 - 2003 (RUPIAH)","Per Capita GRDP at Current Price By Regendes/Munidpaiities, in Nanggroe Aceh Darussalam, 2000 - 2003 (Rupiahs)",2,1,0534d87a7714
NANGGROE ACEH DARUSSALAM,02,Aceh Singkil,#),2003,**),"4 093.679,52",,"PDRB PER KAPITA ATAS DASAR HARGA BERUVKU DI PROPINSI NANGGROE ACEH DARUSSALAM MENURUT KABUPATEN/KOTA, 2000 - 2003 (RUPIAH)","Per Capita GRDP at Current Price By Regendes/Munidpaiities, in Nanggroe Aceh Darussalam, 2000 - 2003 (Rupiahs)",2,1,29e9edda9f1b
NANGGROE ACEH DARUSSALAM,12,Aceh Barat Daya,#),2003,**),,,"PDRB PER KAPITA ATAS DASAR HARGA BERUVKU DI PROPINSI NANGGROE ACEH DARUSSALAM MENURUT KABUPATEN/KOTA, 2000 - 2003 (RUPIAH)","Per Capita GRDP at Current Price By Regendes/Munidpaiities, in Nanggroe Aceh Darussalam, 2000 - 2003 (Rupiahs)",2,1,1c9133194af5
NANGGROE ACEH DARUSSALAM,04,Aceh Tenggara,,2003,**),"2.872.693,29",,"PDRB PER KAPITA ATAS DASAR HARGA BERUVKU DI PROPINSI NANGGROE ACEH DARUSSALAM MENURUT KABUPATEN/KOTA, 2000 - 2003 (RUPIAH)","Per Capita GRDP at Current Price By Regendes/Munidpaiities, in Nanggroe Aceh Darussalam, 2000 - 2003 (Rupiahs)",2,1,522f56f3a18f
NANGGROE ACEH DARUSSALAM,13,Gayo Lues,#),2003,**),"5.311.769,23",,"PDRB PER KAPITA ATAS DASAR HARGA BERUVKU DI PROPINSI NANGGROE ACEH DARUSSALAM MENURUT KABUPATEN/KOTA, 2000 - 2003 (RUPIAH)","Per Capita GRDP at Current Price By Regendes/Munidpaiities, in Nanggroe Aceh Darussalam, 2000 - 2003 (Rupiahs)",2,1,2c1f5433f7d7
NANGGROE ACEH DARUSSALAM,05,Aceh Timur,,2003,**),"4.404.386,60",,"PDRB PER KAPITA ATAS DASAR HARGA BERUVKU DI PROPINSI NANGGROE ACEH DARUSSALAM MENURUT KABUPATEN/KOTA, 2000 - 2003 (RUPIAH)","Per Capita GRDP at Current Price By Regendes/Munidpaiities, in Nanggroe Aceh Darussalam, 2000 - 2003 (Rupiahs)",2,1,6b02586c850e
NANGGROE ACEH DARUSSALAM,,Aceh Timur,*',2003,**),"4.404.386,60",,"PDRB PER KAPITA ATAS DASAR HARGA BERUVKU DI PROPINSI NANGGROE ACEH DARUSSALAM MENURUT KABUPATEN/KOTA, 2000 - 2003 (RUPIAH)","Per Capita GRDP at Current Price By Regendes/Munidpaiities, in Nanggroe Aceh Darussalam, 2000 - 2003 (Rupiahs)",2,1,0661fb947b1e
NANGGROE ACEH DARUSSALAM,14,Aceh Tamiang,#),2003,**),"6.362.897,26",,"PDRB PER KAPITA ATAS DASAR HARGA BERUVKU DI PROPINSI NANGGROE ACEH DARUSSALAM MENURUT KABUPATEN/KOTA, 2000 - 2003 (RUPIAH)","Per Capita GRDP at Current Price By Regendes/Munidpaiities, in Nanggroe Aceh Darussalam, 2000 - 2003 (Rupiahs)",2,1,45e544c6d14d
NANGGROE ACEH DARUSSALAM,,Aceh Tamiang,*',2003,**),,,"PDRB PER KAPITA ATAS DASAR HARGA BERUVKU DI PROPINSI NANGGROE ACEH DARUSSALAM MENURUT KABUPATEN/KOTA, 2000 - 2003 (RUPIAH)","Per Capita GRDP at Current Price By Regendes/Munidpaiities, in Nanggroe Aceh Darussalam, 2000 - 2003 (Rupiahs)",2,1,176e93662c96
NANGGROE ACEH DARUSSALAM,73,Langsa,#),2003,**),,,"PDRB PER KAPITA ATAS DASAR HARGA BERUVKU DI PROPINSI NANGGROE ACEH DARUSSALAM MENURUT KABUPATEN/KOTA, 2000 - 2003 (RUPIAH)","Per Capita GRDP at Current Price By Regendes/Munidpaiities, in Nanggroe Aceh Darussalam, 2000 - 2003 (Rupiahs)",2,1,a0c2b1582021
NANGGROE ACEH DARUSSALAM,06,Aceh Tengah,,2003,**),"5.711 297,59",,"PDRB PER KAPITA ATAS DASAR HARGA BERUVKU DI PROPINSI NANGGROE ACEH DARUSSALAM MENURUT KABUPATEN/KOTA, 2000 - 2003 (RUPIAH)","Per Capita GRDP at Current Price By Regendes/Munidpaiities, in Nanggroe Aceh Darussalam, 2000 - 2003 (Rupiahs)",2,1,c76e2305e4c7
NANGGROE ACEH DARUSSALAM,07,Aceh Barat,,2003,**),"3 839.693,17",,"PDRB PER KAPITA ATAS DASAR HARGA BERUVKU DI PROPINSI NANGGROE ACEH DARUSSALAM MENURUT KABUPATEN/KOTA, 2000 - 2003 (RUPIAH)","Per Capita GRDP at Current Price By Regendes/Munidpaiities, in Nanggroe Aceh Darussalam, 2000 - 2003 (Rupiahs)",2,1,0d1e82b9203b
NANGGROE ACEH DARUSSALAM,15,Nagan Raya,#),2003,**),"4.041.791,49",,"PDRB PER KAPITA ATAS DASAR HARGA BERUVKU DI PROPINSI NANGGROE ACEH DARUSSALAM MENURUT KABUPATEN/KOTA, 2000 - 2003 (RUPIAH)","Per Capita GRDP at Current Price By Regendes/Munidpaiities, in Nanggroe Aceh Darussalam, 2000 - 2003 (Rupiahs)",2,1,f1bf4d6c3c04
NANGGROE ACEH DARUSSALAM,16,Aceh Jaya,#),2003,**),"3.761.613,41",,"PDRB PER KAPITA ATAS DASAR HARGA BERUVKU DI PROPINSI NANGGROE ACEH DARUSSALAM MENURUT KABUPATEN/KOTA, 2000 - 2003 (RUPIAH)","Per Capita GRDP at Current Price By Regendes/Munidpaiities, in Nanggroe Aceh Darussalam, 2000 - 2003 (Rupiahs)",2,1,e53dd5ed5280
NANGGROE ACEH DARUSSALAM,08,Aceh Besar,,2003,**),"5.621.009,94",,"PDRB PER KAPITA ATAS DASAR HARGA BERUVKU DI PROPINSI NANGGROE ACEH DARUSSALAM MENURUT KABUPATEN/KOTA, 2000 - 2003 (RUPIAH)","Per Capita GRDP at Current Price By Regendes/Munidpaiities, in Nanggroe Aceh Darussalam, 2000 - 2003 (Rupiahs)",2,1,7493f8fdb406
NANGGROE ACEH DARUSSALAM,09,Pidie,,2003,**),"3.601.583,21",,"PDRB PER KAPITA ATAS DASAR HARGA BERUVKU DI PROPINSI NANGGROE ACEH DARUSSALAM MENURUT KABUPATEN/KOTA, 2000 - 2003 (RUPIAH)","Per Capita GRDP at Current Price By Regendes/Munidpaiities, in Nanggroe Aceh Darussalam, 2000 - 2003 (Rupiahs)",2,1,afe569a19bf7
NANGGROE ACEH DARUSSALAM,11,Aceh Utara,,2003,**),"27.976 643,85",,"PDRB PER KAPITA ATAS DASAR HARGA BERUVKU DI PROPINSI NANGGROE ACEH DARUSSALAM MENURUT KABUPATEN/KOTA, 2000 - 2003 (RUPIAH)","Per Capita GRDP at Current Price By Regendes/Munidpaiities, in Nanggroe Aceh Darussalam, 2000 - 2003 (Rupiahs)",2,1,e8e30c434611
NANGGROE ACEH DARUSSALAM,,Aceh Utara,*',2003,**),"5.830.339,35",,"PDRB PER KAPITA ATAS DASAR HARGA BERUVKU DI PROPINSI NANGGROE ACEH DARUSSALAM MENURUT KABUPATEN/KOTA, 2000 - 2003 (RUPIAH)","Per Capita GRDP at Current Price By Regendes/Munidpaiities, in Nanggroe Aceh Darussalam, 2000 - 2003 (Rupiahs)",2,1,9fd769070fbf
NANGGROE ACEH DARUSSALAM,10,Bireuen,#),2003,**),"5.904.678,75",,"PDRB PER KAPITA ATAS DASAR HARGA BERUVKU DI PROPINSI NANGGROE ACEH DARUSSALAM MENURUT KABUPATEN/KOTA, 2000 - 2003 (RUPIAH)","Per Capita GRDP at Current Price By Regendes/Munidpaiities, in Nanggroe Aceh Darussalam, 2000 - 2003 (Rupiahs)",2,1,dec0f47c7074
NANGGROE ACEH DARUSSALAM,74,Lhok Seumawe,#),2003,**),,,"PDRB PER KAPITA ATAS DASAR HARGA BERUVKU DI PROPINSI NANGGROE ACEH DARUSSALAM MENURUT KABUPATEN/KOTA, 2000 - 2003 (RUPIAH)","Per Capita GRDP at Current Price By Regendes/Munidpaiities, in Nanggroe Aceh Darussalam, 2000 - 2003 (Rupiahs)",2,1,f869b76c5361
NANGGROE ACEH DARUSSALAM,,Lhok Seumawe,*',2003,**),,,"PDRB PER KAPITA ATAS DASAR HARGA BERUVKU DI PROPINSI NANGGROE ACEH DARUSSALAM MENURUT KABUPATEN/KOTA, 2000 - 2003 (RUPIAH)","Per Capita GRDP at Current Price By Regendes/Munidpaiities, in Nanggroe Aceh Darussalam, 2000 - 2003 (Rupiahs)",2,1,bbe913c4c476
NANGGROE ACEH DARUSSALAM,71,Banda Aceh,,2003,**),"4.490.005,27",,"PDRB PER KAPITA ATAS DASAR HARGA BERUVKU DI PROPINSI NANGGROE ACEH DARUSSALAM MENURUT KABUPATEN/KOTA, 2000 - 2003 (RUPIAH)","Per Capita GRDP at Current Price By Regendes/Munidpaiities, in Nanggroe Aceh Darussalam, 2000 - 2003 (Rupiahs)",2,1,fecf5eb5bdb7
NANGGROE ACEH DARUSSALAM,72,Sabang,,2003,**),"6.178.770,92",,"PDRB PER KAPITA ATAS DASAR HARGA BERUVKU DI PROPINSI NANGGROE ACEH DARUSSALAM MENURUT KABUPATEN/KOTA, 2000 - 2003 (RUPIAH)","Per Capita GRDP at Current Price By Regendes/Munidpaiities, in Nanggroe Aceh Darussalam, 2000 - 2003 (Rupiahs)",2,1,612d8d3659ee
NANGGROE ACEH DARUSSALAM,,Jml Kab./Kota. Total of Reg./Mun.,,2003,**),"8.846.898,48",,"PDRB PER KAPITA ATAS DASAR HARGA BERUVKU DI PROPINSI NANGGROE ACEH DARUSSALAM MENURUT KABUPATEN/KOTA, 2000 - 2003 (RUPIAH)","Per Capita GRDP at Current Price By Regendes/Munidpaiities, in Nanggroe Aceh Darussalam, 2000 - 2003 (Rupiahs)",2,1,f612eee4dfca
NANGGROE ACEH DARUSSALAM,,Jml Kab./Kota Total of Reg./Mun.,*',2003,**),"4.815.739,35",,"PDRB PER KAPITA ATAS DASAR HARGA BERUVKU DI PROPINSI NANGGROE ACEH DARUSSALAM MENURUT KABUPATEN/KOTA, 2000 - 2003 (RUPIAH)","Per Capita GRDP at Current Price By Regendes/Munidpaiities, in Nanggroe Aceh Darussalam, 2000 - 2003 (Rupiahs)",2,1,c818fc408df1
SUMATERA UTARA,01,Nias,,2003,**),"4.227.705,38",,"PDRB PER KAPITA ATAS DASAR HARGA BERLAKU DI PROPINSI SUMATERA UTARA MENURUT KABUPATEN/KOTA, 2000 - 2003 (RUPIAH)","Per Capita GRDP at Current Pnce By Regenaes/Munidpalities, in North Sumatera, 2000 - 2003 (Rupiahs)",3,2,e5337e17cf87
SUMATERA UTARA,02,Mandailing Natal,,2003,**),"5.582.807,38",,"PDRB PER KAPITA ATAS DASAR HARGA BERLAKU DI PROPINSI SUMATERA UTARA MENURUT KABUPATEN/KOTA, 2000 - 2003 (RUPIAH)","Per Capita GRDP at Current Pnce By Regenaes/Munidpalities, in North Sumatera, 2000 - 2003 (Rupiahs)",3,2,f3f577bfa5b7
SUMATERA UTARA,03,Tapanuli Selatan,,2003,**),"6.890.813,14",,"PDRB PER KAPITA ATAS DASAR HARGA BERLAKU DI PROPINSI SUMATERA UTARA MENURUT KABUPATEN/KOTA, 2000 - 2003 (RUPIAH)","Per Capita GRDP at Current Pnce By Regenaes/Munidpalities, in North Sumatera, 2000 - 2003 (Rupiahs)",3,2,0294dedb6ab8
SUMATERA UTARA,77,Padang Sidempuan,#),2003,**),"4.532.041,20",,"PDRB PER KAPITA ATAS DASAR HARGA BERLAKU DI PROPINSI SUMATERA UTARA MENURUT KABUPATEN/KOTA, 2000 - 2003 (RUPIAH)","Per Capita GRDP at Current Pnce By Regenaes/Munidpalities, in North Sumatera, 2000 - 2003 (Rupiahs)",3,2,8628ae58c392
SUMATERA UTARA,04,Tapanuli Tengah,,2003,**),"4.036.012,40",,"PDRB PER KAPITA ATAS DASAR HARGA BERLAKU DI PROPINSI SUMATERA UTARA MENURUT KABUPATEN/KOTA, 2000 - 2003 (RUPIAH)","Per Capita GRDP at Current Pnce By Regenaes/Munidpalities, in North Sumatera, 2000 - 2003 (Rupiahs)",3,2,aedddfaa0c0d
SUMATERA UTARA,05,Tapanuli Utara,,2003,**),"5.971.766,66",,"PDRB PER KAPITA ATAS DASAR HARGA BERLAKU DI PROPINSI SUMATERA UTARA MENURUT KABUPATEN/KOTA, 2000 - 2003 (RUPIAH)","Per Capita GRDP at Current Pnce By Regenaes/Munidpalities, in North Sumatera, 2000 - 2003 (Rupiahs)",3,2,c2c67df0538b
SUMATERA UTARA,06,Toba Samosir,,2003,**),"6.878.256,94",,"PDRB PER KAPITA ATAS DASAR HARGA BERLAKU DI PROPINSI SUMATERA UTARA MENURUT KABUPATEN/KOTA, 2000 - 2003 (RUPIAH)","Per Capita GRDP at Current Pnce By Regenaes/Munidpalities, in North Sumatera, 2000 - 2003 (Rupiahs)",3,2,ddf5890b0be5
SUMATERA UTARA,07,Labuhan Batu,,2003,**),"9.618.574,34",,"PDRB PER KAPITA ATAS DASAR HARGA BERLAKU DI PROPINSI SUMATERA UTARA MENURUT KABUPATEN/KOTA, 2000 - 2003 (RUPIAH)","Per Capita GRDP at Current Pnce By Regenaes/Munidpalities, in North Sumatera, 2000 - 2003 (Rupiahs)",3,2,d427e3eb290d
SUMATERA UTARA,08,/Vsahan,,2003,**),"11.703.211,65",,"PDRB PER KAPITA ATAS DASAR HARGA BERLAKU DI PROPINSI SUMATERA UTARA MENURUT KABUPATEN/KOTA, 2000 - 2003 (RUPIAH)","Per Capita GRDP at Current Pnce By Regenaes/Munidpalities, in North Sumatera, 2000 - 2003 (Rupiahs)",3,2,56541c01b24d
SUMATERA UTARA,09,Simalungun,,2003,**),"6.027.802,24",,"PDRB PER KAPITA ATAS DASAR HARGA BERLAKU DI PROPINSI SUMATERA UTARA MENURUT KABUPATEN/KOTA, 2000 - 2003 (RUPIAH)","Per Capita GRDP at Current Pnce By Regenaes/Munidpalities, in North Sumatera, 2000 - 2003 (Rupiahs)",3,2,aec694cd51f1
SUMATERA UTARA,10,Dam,,2003,**),"6.711.813,43",,"PDRB PER KAPITA ATAS DASAR HARGA BERLAKU DI PROPINSI SUMATERA UTARA MENURUT KABUPATEN/KOTA, 2000 - 2003 (RUPIAH)","Per Capita GRDP at Current Pnce By Regenaes/Munidpalities, in North Sumatera, 2000 - 2003 (Rupiahs)",3,2,34e2603a4b27
SUMATERA UTARA,11,Karo,,2003,**),"7.702.194,27",,"PDRB PER KAPITA ATAS DASAR HARGA BERLAKU DI PROPINSI SUMATERA UTARA MENURUT KABUPATEN/KOTA, 2000 - 2003 (RUPIAH)","Per Capita GRDP at Current Pnce By Regenaes/Munidpalities, in North Sumatera, 2000 - 2003 (Rupiahs)",3,2,7b2ca4b3379c
SUMATERA UTARA,12,Deli Serdang,,2003,**),"4.954.665,53",,"PDRB PER KAPITA ATAS DASAR HARGA BERLAKU DI PROPINSI SUMATERA UTARA MENURUT KABUPATEN/KOTA, 2000 - 2003 (RUPIAH)","Per Capita GRDP at Current Pnce By Regenaes/Munidpalities, in North Sumatera, 2000 - 2003 (Rupiahs)",3,2,7241d99e3d40
SUMATERA UTARA,13,Langkat,,2003,**),"6.390.798,00",,"PDRB PER KAPITA ATAS DASAR HARGA BERLAKU DI PROPINSI SUMATERA UTARA MENURUT KABUPATEN/KOTA, 2000 - 2003 (RUPIAH)","Per Capita GRDP at Current Pnce By Regenaes/Munidpalities, in North Sumatera, 2000 - 2003 (Rupiahs)",3,2,fa81fd1fe693
SUMATERA UTARA,,Langkat,*',2003,**),"5.205.232,65",,"PDRB PER KAPITA ATAS DASAR HARGA BERLAKU DI PROPINSI SUMATERA UTARA MENURUT KABUPATEN/KOTA, 2000 - 2003 (RUPIAH)","Per Capita GRDP at Current Pnce By Regenaes/Munidpalities, in North Sumatera, 2000 - 2003 (Rupiahs)",3,2,ec7a1cc90b9e
SUMATERA UTARA,71,Sibolga,,2003,**),"7.060.866,73",,"PDRB PER KAPITA ATAS DASAR HARGA BERLAKU DI PROPINSI SUMATERA UTARA MENURUT KABUPATEN/KOTA, 2000 - 2003 (RUPIAH)","Per Capita GRDP at Current Pnce By Regenaes/Munidpalities, in North Sumatera, 2000 - 2003 (Rupiahs)",3,2,2889f2bb8b94
SUMATERA UTARA,72,Tanjung Balai,,2003,**),"8.847.791,33",,"PDRB PER KAPITA ATAS DASAR HARGA BERLAKU DI PROPINSI SUMATERA UTARA MENURUT KABUPATEN/KOTA, 2000 - 2003 (RUPIAH)","Per Capita GRDP at Current Pnce By Regenaes/Munidpalities, in North Sumatera, 2000 - 2003 (Rupiahs)",3,2,b0d4861186f7
SUMATERA UTARA,73,Pematang Siantar,,2003,**),"11.061.995,71",,"PDRB PER KAPITA ATAS DASAR HARGA BERLAKU DI PROPINSI SUMATERA UTARA MENURUT KABUPATEN/KOTA, 2000 - 2003 (RUPIAH)","Per Capita GRDP at Current Pnce By Regenaes/Munidpalities, in North Sumatera, 2000 - 2003 (Rupiahs)",3,2,a882bf7da1c5
SUMATERA UTARA,74,Tebing Tinggi,,2003,**),"7.431.762,64",,"PDRB PER KAPITA ATAS DASAR HARGA BERLAKU DI PROPINSI SUMATERA UTARA MENURUT KABUPATEN/KOTA, 2000 - 2003 (RUPIAH)","Per Capita GRDP at Current Pnce By Regenaes/Munidpalities, in North Sumatera, 2000 - 2003 (Rupiahs)",3,2,dcdc6c069535
SUMATERA UTARA,75,Medan,,2003,**),"10.978.428,71",,"PDRB PER KAPITA ATAS DASAR HARGA BERLAKU DI PROPINSI SUMATERA UTARA MENURUT KABUPATEN/KOTA, 2000 - 2003 (RUPIAH)","Per Capita GRDP at Current Pnce By Regenaes/Munidpalities, in North Sumatera, 2000 - 2003 (Rupiahs)",3,2,91ac95f4b828
SUMATERA UTARA,76,Binjai,,2003,**),"5.653.730,46",,"PDRB PER KAPITA ATAS DASAR HARGA BERLAKU DI PROPINSI SUMATERA UTARA MENURUT KABUPATEN/KOTA, 2000 - 2003 (RUPIAH)","Per Capita GRDP at Current Pnce By Regenaes/Munidpalities, in North Sumatera, 2000 - 2003 (Rupiahs)",3,2,92c612146538
SUMATERA UTARA,,Jml Kab./Kota. Total of Reg./Mun.,,2003,**),"7.055.026,10",,"PDRB PER KAPITA ATAS DASAR HARGA BERLAKU DI PROPINSI SUMATERA UTARA MENURUT KABUPATEN/KOTA, 2000 - 2003 (RUPIAH)","Per Capita GRDP at Current Pnce By Regenaes/Munidpalities, in North Sumatera, 2000 - 2003 (Rupiahs)",3,2,57472bf7282c
SUMATERA UTARA,,Jml Kab./Kota. Total of Reg./Mun.,*',2003,**),"6.888.337,58",,"PDRB PER KAPITA ATAS DASAR HARGA BERLAKU DI PROPINSI SUMATERA UTARA MENURUT KABUPATEN/KOTA, 2000 - 2003 (RUPIAH)","Per Capita GRDP at Current Pnce By Regenaes/Munidpalities, in North Sumatera, 2000 - 2003 (Rupiahs)",3,2,353ba30003c1
SUMATERA BARAT,01,Kepulauan Mentawai,,2003,**),"7.680.573,88",,"PDRB PER KAPITA ATAS DASAR HARGA BERLAKU DI PROPINSI SUMATERA BARAT MENURUT KABUPATEN/KOTA, 2000 - 2003 (RUPIAH)","Per Capita GRDP at Current Price By Regenaes/Munidpalities, in West Sumatera, 2000 - 2003 (Rupiahs)",4,3,a7ad8b9565ee
SUMATERA BARAT,02,Pesisir Selatan,,2003,**),"27.483.999,47",,"PDRB PER KAPITA ATAS DASAR HARGA BERLAKU DI PROPINSI SUMATERA BARAT MENURUT KABUPATEN/KOTA, 2000 - 2003 (RUPIAH)","Per Capita GRDP at Current Price By Regenaes/Munidpalities, in West Sumatera, 2000 - 2003 (Rupiahs)",4,3,2c89ee13a3bf
SUMATERA BARAT,03,Solok,,2003,**),"35.169.853,39",,"PDRB PER KAPITA ATAS DASAR HARGA BERLAKU DI PROPINSI SUMATERA BARAT MENURUT KABUPATEN/KOTA, 2000 - 2003 (RUPIAH)","Per Capita GRDP at Current Price By Regenaes/Munidpalities, in West Sumatera, 2000 - 2003 (Rupiahs)",4,3,1598cf1b1388
SUMATERA BARAT,04,Sawahlunto/Sijunj'ung,,2003,**),"31 041.167,13",,"PDRB PER KAPITA ATAS DASAR HARGA BERLAKU DI PROPINSI SUMATERA BARAT MENURUT KABUPATEN/KOTA, 2000 - 2003 (RUPIAH)","Per Capita GRDP at Current Price By Regenaes/Munidpalities, in West Sumatera, 2000 - 2003 (Rupiahs)",4,3,486a962ff47d
SUMATERA BARAT,05,Tanah Datar,,2003,**),"32 440.228,90",,"PDRB PER KAPITA ATAS DASAR HARGA BERLAKU DI PROPINSI SUMATERA BARAT MENURUT KABUPATEN/KOTA, 2000 - 2003 (RUPIAH)","Per Capita GRDP at Current Price By Regenaes/Munidpalities, in West Sumatera, 2000 - 2003 (Rupiahs)",4,3,093d141af2a3
SUMATERA BARAT,06,Padang Panaman,,2003,**),"32 204.709,73",,"PDRB PER KAPITA ATAS DASAR HARGA BERLAKU DI PROPINSI SUMATERA BARAT MENURUT KABUPATEN/KOTA, 2000 - 2003 (RUPIAH)","Per Capita GRDP at Current Price By Regenaes/Munidpalities, in West Sumatera, 2000 - 2003 (Rupiahs)",4,3,64c0168a4ec4
SUMATERA BARAT,77,Kota Pariaman,#),2003,**),"9.521.040,82",,"PDRB PER KAPITA ATAS DASAR HARGA BERLAKU DI PROPINSI SUMATERA BARAT MENURUT KABUPATEN/KOTA, 2000 - 2003 (RUPIAH)","Per Capita GRDP at Current Price By Regenaes/Munidpalities, in West Sumatera, 2000 - 2003 (Rupiahs)",4,3,0a65a6030e98
SUMATERA BARAT,07,Agam,,2003,**),"39.385.531,26",,"PDRB PER KAPITA ATAS DASAR HARGA BERLAKU DI PROPINSI SUMATERA BARAT MENURUT KABUPATEN/KOTA, 2000 - 2003 (RUPIAH)","Per Capita GRDP at Current Price By Regenaes/Munidpalities, in West Sumatera, 2000 - 2003 (Rupiahs)",4,3,b63c0c4b91e9
SUMATERA BARAT,08,Lima Puluh Koto,,2003,**),"36.029.126,09",,"PDRB PER KAPITA ATAS DASAR HARGA BERLAKU DI PROPINSI SUMATERA BARAT MENURUT KABUPATEN/KOTA, 2000 - 2003 (RUPIAH)","Per Capita GRDP at Current Price By Regenaes/Munidpalities, in West Sumatera, 2000 - 2003 (Rupiahs)",4,3,952c70c47cd4
SUMATERA BARAT,09,Pasaman,,2003,**),"35.345.249,98",,"PDRB PER KAPITA ATAS DASAR HARGA BERLAKU DI PROPINSI SUMATERA BARAT MENURUT KABUPATEN/KOTA, 2000 - 2003 (RUPIAH)","Per Capita GRDP at Current Price By Regenaes/Munidpalities, in West Sumatera, 2000 - 2003 (Rupiahs)",4,3,32cb04886248
SUMATERA BARAT,71,Padang,,2003,**),"160.257.089,55",,"PDRB PER KAPITA ATAS DASAR HARGA BERLAKU DI PROPINSI SUMATERA BARAT MENURUT KABUPATEN/KOTA, 2000 - 2003 (RUPIAH)","Per Capita GRDP at Current Price By Regenaes/Munidpalities, in West Sumatera, 2000 - 2003 (Rupiahs)",4,3,9609a09a584b
SUMATERA BARAT,72,Solok,,2003,**),"6.790.043,39",,"PDRB PER KAPITA ATAS DASAR HARGA BERLAKU DI PROPINSI SUMATERA BARAT MENURUT KABUPATEN/KOTA, 2000 - 2003 (RUPIAH)","Per Capita GRDP at Current Price By Regenaes/Munidpalities, in West Sumatera, 2000 - 2003 (Rupiahs)",4,3,995f262d8b9d
SUMATERA BARAT,73,Sawahlunto,,2003,**),"8.540.968,60",,"PDRB PER KAPITA ATAS DASAR HARGA BERLAKU DI PROPINSI SUMATERA BARAT MENURUT KABUPATEN/KOTA, 2000 - 2003 (RUPIAH)","Per Capita GRDP at Current Price By Regenaes/Munidpalities, in West Sumatera, 2000 - 2003 (Rupiahs)",4,3,8b2a0f24ba49
SUMATERA BARAT,74,Padang Panjang,,2003,**),"5.276.294,83",,"PDRB PER KAPITA ATAS DASAR HARGA BERLAKU DI PROPINSI SUMATERA BARAT MENURUT KABUPATEN/KOTA, 2000 - 2003 (RUPIAH)","Per Capita GRDP at Current Price By Regenaes/Munidpalities, in West Sumatera, 2000 - 2003 (Rupiahs)",4,3,8c567b0f3ed1
SUMATERA BARAT,75,Bukit Tinggi,,2003,**),"13.074.704,31",,"PDRB PER KAPITA ATAS DASAR HARGA BERLAKU DI PROPINSI SUMATERA BARAT MENURUT KABUPATEN/KOTA, 2000 - 2003 (RUPIAH)","Per Capita GRDP at Current Price By Regenaes/Munidpalities, in West Sumatera, 2000 - 2003 (Rupiahs)",4,3,16c953e72b19
SUMATERA BARAT,76,Payakumbuh,,2003,**),"10.924.947,77",,"PDRB PER KAPITA ATAS DASAR HARGA BERLAKU DI PROPINSI SUMATERA BARAT MENURUT KABUPATEN/KOTA, 2000 - 2003 (RUPIAH)","Per Capita GRDP at Current Price By Regenaes/Munidpalities, in West Sumatera, 2000 - 2003 (Rupiahs)",4,3,7da626ebd6c0
SUMATERA BARAT,,Jml Kab./Kota. Total of Reg./Mun.,,2003,**),"7.161.537,40",,"PDRB PER KAPITA ATAS DASAR HARGA BERLAKU DI PROPINSI SUMATERA BARAT MENURUT KABUPATEN/KOTA, 2000 - 2003 (RUPIAH)","Per Capita GRDP at Current Price By Regenaes/Munidpalities, in West Sumatera, 2000 - 2003 (Rupiahs)",4,3,ea69b8e6b3ec
SUMATERA BARAT,,Jml Kab./Kota. Total of Reg./Mun.,*',2003,**),"7.161.537,40",,"PDRB PER KAPITA ATAS DASAR HARGA BERLAKU DI PROPINSI SUMATERA BARAT MENURUT KABUPATEN/KOTA, 2000 - 2003 (RUPIAH)","Per Capita GRDP at Current Price By Regenaes/Munidpalities, in West Sumatera, 2000 - 2003 (Rupiahs)",4,3,2b67339d05ed
RIAU,01,Kuantan Singingi,,2003,**),"5.685.854,50",,"PDRB PER KAPITA ATAS DASAR HARGA BERLAKU DI PROPINSI RIAU MENURUT KABUPATEN/KOTA, 2000 - 2003 (RUPIAH)","Per Capita GRDP at Current Pnce By Regendes/Munidpaiities, in Riau, 2000 - 2003 (Rupiahs)",5,4,3c1f38bd8e5f
RIAU,02,Indragin Hulu,,2003,**),"6 380.302,30",,"PDRB PER KAPITA ATAS DASAR HARGA BERLAKU DI PROPINSI RIAU MENURUT KABUPATEN/KOTA, 2000 - 2003 (RUPIAH)","Per Capita GRDP at Current Pnce By Regendes/Munidpaiities, in Riau, 2000 - 2003 (Rupiahs)",5,4,75d636944e63
RIAU,,Indragin Hulu,*',2003,**),"5.743 429,73",,"PDRB PER KAPITA ATAS DASAR HARGA BERLAKU DI PROPINSI RIAU MENURUT KABUPATEN/KOTA, 2000 - 2003 (RUPIAH)","Per Capita GRDP at Current Pnce By Regendes/Munidpaiities, in Riau, 2000 - 2003 (Rupiahs)",5,4,9b438ec33a77
RIAU,03,Indragiri Hilir,,2003,**),"5.734.488,37",,"PDRB PER KAPITA ATAS DASAR HARGA BERLAKU DI PROPINSI RIAU MENURUT KABUPATEN/KOTA, 2000 - 2003 (RUPIAH)","Per Capita GRDP at Current Pnce By Regendes/Munidpaiities, in Riau, 2000 - 2003 (Rupiahs)",5,4,4fe66082cca3
RIAU,04,Pelalawan,,2003,**),"6.287.894,38",,"PDRB PER KAPITA ATAS DASAR HARGA BERLAKU DI PROPINSI RIAU MENURUT KABUPATEN/KOTA, 2000 - 2003 (RUPIAH)","Per Capita GRDP at Current Pnce By Regendes/Munidpaiities, in Riau, 2000 - 2003 (Rupiahs)",5,4,90dad2d96c77
RIAU,,Pelalawan,*',2003,**),"5.656.129,83",,"PDRB PER KAPITA ATAS DASAR HARGA BERLAKU DI PROPINSI RIAU MENURUT KABUPATEN/KOTA, 2000 - 2003 (RUPIAH)","Per Capita GRDP at Current Pnce By Regendes/Munidpaiities, in Riau, 2000 - 2003 (Rupiahs)",5,4,f06bfa0526c6
RIAU,05,Siak,,2003,**),"37.091.198,39",,"PDRB PER KAPITA ATAS DASAR HARGA BERLAKU DI PROPINSI RIAU MENURUT KABUPATEN/KOTA, 2000 - 2003 (RUPIAH)","Per Capita GRDP at Current Pnce By Regendes/Munidpaiities, in Riau, 2000 - 2003 (Rupiahs)",5,4,ab7b673ebe26
RIAU,,Siak,*',2003,**),"4.805.697,29",,"PDRB PER KAPITA ATAS DASAR HARGA BERLAKU DI PROPINSI RIAU MENURUT KABUPATEN/KOTA, 2000 - 2003 (RUPIAH)","Per Capita GRDP at Current Pnce By Regendes/Munidpaiities, in Riau, 2000 - 2003 (Rupiahs)",5,4,e3d154e4e4d7
RIAU,06,Kampar,,2003,**),"10.436.173,68",,"PDRB PER KAPITA ATAS DASAR HARGA BERLAKU DI PROPINSI RIAU MENURUT KABUPATEN/KOTA, 2000 - 2003 (RUPIAH)","Per Capita GRDP at Current Pnce By Regendes/Munidpaiities, in Riau, 2000 - 2003 (Rupiahs)",5,4,b6d8d576661c
RIAU,,Kampar,*',2003,**),"3.790.074,03",,"PDRB PER KAPITA ATAS DASAR HARGA BERLAKU DI PROPINSI RIAU MENURUT KABUPATEN/KOTA, 2000 - 2003 (RUPIAH)","Per Capita GRDP at Current Pnce By Regendes/Munidpaiities, in Riau, 2000 - 2003 (Rupiahs)",5,4,ea0a8bbed9e1
RIAU,07,Rokan Hulu,,2003,**),"4.218.271,94",,"PDRB PER KAPITA ATAS DASAR HARGA BERLAKU DI PROPINSI RIAU MENURUT KABUPATEN/KOTA, 2000 - 2003 (RUPIAH)","Per Capita GRDP at Current Pnce By Regendes/Munidpaiities, in Riau, 2000 - 2003 (Rupiahs)",5,4,b4810097ad41
RIAU,,Rokan Hulu,"""",2003,**),"3.758.183,18",,"PDRB PER KAPITA ATAS DASAR HARGA BERLAKU DI PROPINSI RIAU MENURUT KABUPATEN/KOTA, 2000 - 2003 (RUPIAH)","Per Capita GRDP at Current Pnce By Regendes/Munidpaiities, in Riau, 2000 - 2003 (Rupiahs)",5,4,97e026eb7b5e
RIAU,08,Bengkalis,,2003,**),"35.143.951,02",,"PDRB PER KAPITA ATAS DASAR HARGA BERLAKU DI PROPINSI RIAU MENURUT KABUPATEN/KOTA, 2000 - 2003 (RUPIAH)","Per Capita GRDP at Current Pnce By Regendes/Munidpaiities, in Riau, 2000 - 2003 (Rupiahs)",5,4,101253d5bea5
RIAU,,Bengkalis,*',2003,**),"4.294.164,48",,"PDRB PER KAPITA ATAS DASAR HARGA BERLAKU DI PROPINSI RIAU MENURUT KABUPATEN/KOTA, 2000 - 2003 (RUPIAH)","Per Capita GRDP at Current Pnce By Regendes/Munidpaiities, in Riau, 2000 - 2003 (Rupiahs)",5,4,f111e16768ad
RIAU,09,Rokan Hilir,,2003,**),"19.649.190,38",,"PDRB PER KAPITA ATAS DASAR HARGA BERLAKU DI PROPINSI RIAU MENURUT KABUPATEN/KOTA, 2000 - 2003 (RUPIAH)","Per Capita GRDP at Current Pnce By Regendes/Munidpaiities, in Riau, 2000 - 2003 (Rupiahs)",5,4,33836d369f8a
RIAU,,Rokan Hilir,*',2003,**),"4.419.518,53",,"PDRB PER KAPITA ATAS DASAR HARGA BERLAKU DI PROPINSI RIAU MENURUT KABUPATEN/KOTA, 2000 - 2003 (RUPIAH)","Per Capita GRDP at Current Pnce By Regendes/Munidpaiities, in Riau, 2000 - 2003 (Rupiahs)",5,4,eb856d024851
RIAU,10,Kepulauan Riau,,2003,**),"6.490.452,24",,"PDRB PER KAPITA ATAS DASAR HARGA BERLAKU DI PROPINSI RIAU MENURUT KABUPATEN/KOTA, 2000 - 2003 (RUPIAH)","Per Capita GRDP at Current Pnce By Regendes/Munidpaiities, in Riau, 2000 - 2003 (Rupiahs)",5,4,03e3e36cf232
RIAU,,Kepulauan Riau,*',2003,**),"6.490.452,24",,"PDRB PER KAPITA ATAS DASAR HARGA BERLAKU DI PROPINSI RIAU MENURUT KABUPATEN/KOTA, 2000 - 2003 (RUPIAH)","Per Capita GRDP at Current Pnce By Regendes/Munidpaiities, in Riau, 2000 - 2003 (Rupiahs)",5,4,988a306b525a
RIAU,74,Tanjung Pinang,#),2003,**),,,"PDRB PER KAPITA ATAS DASAR HARGA BERLAKU DI PROPINSI RIAU MENURUT KABUPATEN/KOTA, 2000 - 2003 (RUPIAH)","Per Capita GRDP at Current Pnce By Regendes/Munidpaiities, in Riau, 2000 - 2003 (Rupiahs)",5,4,ab9b6b66ecbf
RIAU,11,Karimun,,2003,**),"8.731.137,86",,"PDRB PER KAPITA ATAS DASAR HARGA BERLAKU DI PROPINSI RIAU MENURUT KABUPATEN/KOTA, 2000 - 2003 (RUPIAH)","Per Capita GRDP at Current Pnce By Regendes/Munidpaiities, in Riau, 2000 - 2003 (Rupiahs)",5,4,1411a1012878
RIAU,,Karimun,*',2003,**),"8.731.137,86",,"PDRB PER KAPITA ATAS DASAR HARGA BERLAKU DI PROPINSI RIAU MENURUT KABUPATEN/KOTA, 2000 - 2003 (RUPIAH)","Per Capita GRDP at Current Pnce By Regendes/Munidpaiities, in Riau, 2000 - 2003 (Rupiahs)",5,4,18ea91152677
RIAU,12,Natuna,,2003,**),"39.948.702,82",,"PDRB PER KAPITA ATAS DASAR HARGA BERLAKU DI PROPINSI RIAU MENURUT KABUPATEN/KOTA, 2000 - 2003 (RUPIAH)","Per Capita GRDP at Current Pnce By Regendes/Munidpaiities, in Riau, 2000 - 2003 (Rupiahs)",5,4,bfcb5cd2ad25
RIAU,,Natuna,*',2003,**),"5.989.902,92",,"PDRB PER KAPITA ATAS DASAR HARGA BERLAKU DI PROPINSI RIAU MENURUT KABUPATEN/KOTA, 2000 - 2003 (RUPIAH)","Per Capita GRDP at Current Pnce By Regendes/Munidpaiities, in Riau, 2000 - 2003 (Rupiahs)",5,4,0c63e468d963
RIAU,71,Pekan Baru,,2003,**),"7.385.073,62",,"PDRB PER KAPITA ATAS DASAR HARGA BERLAKU DI PROPINSI RIAU MENURUT KABUPATEN/KOTA, 2000 - 2003 (RUPIAH)","Per Capita GRDP at Current Pnce By Regendes/Munidpaiities, in Riau, 2000 - 2003 (Rupiahs)",5,4,1d0f2249ee76
RIAU,72,Batam,,2003,**),"15.603.877,85",,"PDRB PER KAPITA ATAS DASAR HARGA BERLAKU DI PROPINSI RIAU MENURUT KABUPATEN/KOTA, 2000 - 2003 (RUPIAH)","Per Capita GRDP at Current Pnce By Regendes/Munidpaiities, in Riau, 2000 - 2003 (Rupiahs)",5,4,263680045b53
RIAU,73,Dumai,,2003,**),"19.514.440,28",,"PDRB PER KAPITA ATAS DASAR HARGA BERLAKU DI PROPINSI RIAU MENURUT KABUPATEN/KOTA, 2000 - 2003 (RUPIAH)","Per Capita GRDP at Current Pnce By Regendes/Munidpaiities, in Riau, 2000 - 2003 (Rupiahs)",5,4,66a738d2d511
RIAU,,Dumai,*',2003,**),"5.442.746,00",,"PDRB PER KAPITA ATAS DASAR HARGA BERLAKU DI PROPINSI RIAU MENURUT KABUPATEN/KOTA, 2000 - 2003 (RUPIAH)","Per Capita GRDP at Current Pnce By Regendes/Munidpaiities, in Riau, 2000 - 2003 (Rupiahs)",5,4,d1ae1b34f9a7
RIAU,,Jml Kab./Kota. Total of Reg./Mun.,,2003,**),"17.973.878,52",,"PDRB PER KAPITA ATAS DASAR HARGA BERLAKU DI PROPINSI RIAU MENURUT KABUPATEN/KOTA, 2000 - 2003 (RUPIAH)","Per Capita GRDP at Current Pnce By Regendes/Munidpaiities, in Riau, 2000 - 2003 (Rupiahs)",5,4,881c55097048
RIAU,,Jml Kab./Kota. Total of Reg./Mun.,*',2003,**),"6.403.645,22",,"PDRB PER KAPITA ATAS DASAR HARGA BERLAKU DI PROPINSI RIAU MENURUT KABUPATEN/KOTA, 2000 - 2003 (RUPIAH)","Per Capita GRDP at Current Pnce By Regendes/Munidpaiities, in Riau, 2000 - 2003 (Rupiahs)",5,4,8314523102cc
JAMBI,01,Kennci,,2003,**),"5.160.169,70",,"PDRB PER KAPITA ATAS DASAR HARGA BERLAKU DI PROPINSI JAMBI MENURUT KABUPATEN/KOTA, 2000 - 2003 (RUPIAH)","Per Capita GRDP at Current Price By Regenaes/Municipalities, in Jambi, 2000 - 2003 (Rupiahs)",6,5,4e055c4126c3
JAMBI,02,Merangin,,2003,**),"3.507.909,74",,"PDRB PER KAPITA ATAS DASAR HARGA BERLAKU DI PROPINSI JAMBI MENURUT KABUPATEN/KOTA, 2000 - 2003 (RUPIAH)","Per Capita GRDP at Current Price By Regenaes/Municipalities, in Jambi, 2000 - 2003 (Rupiahs)",6,5,d59a00848140
JAMBI,03,Sarolangun,,2003,**),"5.215.543,71",,"PDRB PER KAPITA ATAS DASAR HARGA BERLAKU DI PROPINSI JAMBI MENURUT KABUPATEN/KOTA, 2000 - 2003 (RUPIAH)","Per Capita GRDP at Current Price By Regenaes/Municipalities, in Jambi, 2000 - 2003 (Rupiahs)",6,5,8d7bd159de40
JAMBI,,Sarolangun,*',2003,**),"4.490.365,03",,"PDRB PER KAPITA ATAS DASAR HARGA BERLAKU DI PROPINSI JAMBI MENURUT KABUPATEN/KOTA, 2000 - 2003 (RUPIAH)","Per Capita GRDP at Current Price By Regenaes/Municipalities, in Jambi, 2000 - 2003 (Rupiahs)",6,5,51d585ab84ba
JAMBI,04,Batanghan,,2003,**),"5.489.292,01",,"PDRB PER KAPITA ATAS DASAR HARGA BERLAKU DI PROPINSI JAMBI MENURUT KABUPATEN/KOTA, 2000 - 2003 (RUPIAH)","Per Capita GRDP at Current Price By Regenaes/Municipalities, in Jambi, 2000 - 2003 (Rupiahs)",6,5,08cc48632f81
JAMBI,,Batanghari,*',2003,**),"4.734.902,06",,"PDRB PER KAPITA ATAS DASAR HARGA BERLAKU DI PROPINSI JAMBI MENURUT KABUPATEN/KOTA, 2000 - 2003 (RUPIAH)","Per Capita GRDP at Current Price By Regenaes/Municipalities, in Jambi, 2000 - 2003 (Rupiahs)",6,5,a8513e6e92dd
JAMBI,05,Muaro Jambi,,2003,**),"3.907.445,41",,"PDRB PER KAPITA ATAS DASAR HARGA BERLAKU DI PROPINSI JAMBI MENURUT KABUPATEN/KOTA, 2000 - 2003 (RUPIAH)","Per Capita GRDP at Current Price By Regenaes/Municipalities, in Jambi, 2000 - 2003 (Rupiahs)",6,5,050dfcc88358
JAMBI,,Muaro Jambi,*',2003,**),"3.332.959,02",,"PDRB PER KAPITA ATAS DASAR HARGA BERLAKU DI PROPINSI JAMBI MENURUT KABUPATEN/KOTA, 2000 - 2003 (RUPIAH)","Per Capita GRDP at Current Price By Regenaes/Municipalities, in Jambi, 2000 - 2003 (Rupiahs)",6,5,b51caf2cbcc0
JAMBI,06,Tanjung Jabung Timur,,2003,**),"10.956 615,84",,"PDRB PER KAPITA ATAS DASAR HARGA BERLAKU DI PROPINSI JAMBI MENURUT KABUPATEN/KOTA, 2000 - 2003 (RUPIAH)","Per Capita GRDP at Current Price By Regenaes/Municipalities, in Jambi, 2000 - 2003 (Rupiahs)",6,5,12ef5c52a288
JAMBI,,Tanjung Jabung Timur,*',2003,**),"5.282.856,10",,"PDRB PER KAPITA ATAS DASAR HARGA BERLAKU DI PROPINSI JAMBI MENURUT KABUPATEN/KOTA, 2000 - 2003 (RUPIAH)","Per Capita GRDP at Current Price By Regenaes/Municipalities, in Jambi, 2000 - 2003 (Rupiahs)",6,5,0de1b7dae669
JAMBI,07,Tanjung Jabung Barat,,2003,**),"8.631.398,49",,"PDRB PER KAPITA ATAS DASAR HARGA BERLAKU DI PROPINSI JAMBI MENURUT KABUPATEN/KOTA, 2000 - 2003 (RUPIAH)","Per Capita GRDP at Current Price By Regenaes/Municipalities, in Jambi, 2000 - 2003 (Rupiahs)",6,5,859c67c32e4f
JAMBI,,Tanjung Jabung Barat,*',2003,**),"7.490.851,76",,"PDRB PER KAPITA ATAS DASAR HARGA BERLAKU DI PROPINSI JAMBI MENURUT KABUPATEN/KOTA, 2000 - 2003 (RUPIAH)","Per Capita GRDP at Current Price By Regenaes/Municipalities, in Jambi, 2000 - 2003 (Rupiahs)",6,5,88e4fd69cea6
JAMBI,08,Tebo,,2003,**),"3.267.601,35",,"PDRB PER KAPITA ATAS DASAR HARGA BERLAKU DI PROPINSI JAMBI MENURUT KABUPATEN/KOTA, 2000 - 2003 (RUPIAH)","Per Capita GRDP at Current Price By Regenaes/Municipalities, in Jambi, 2000 - 2003 (Rupiahs)",6,5,10f725d45977
JAMBI,09,Bungo,,2003,**),"4.242.281,74",,"PDRB PER KAPITA ATAS DASAR HARGA BERLAKU DI PROPINSI JAMBI MENURUT KABUPATEN/KOTA, 2000 - 2003 (RUPIAH)","Per Capita GRDP at Current Price By Regenaes/Municipalities, in Jambi, 2000 - 2003 (Rupiahs)",6,5,0581178fdae9
JAMBI,71,Jambi,,2003,**),"6.774.714,31",,"PDRB PER KAPITA ATAS DASAR HARGA BERLAKU DI PROPINSI JAMBI MENURUT KABUPATEN/KOTA, 2000 - 2003 (RUPIAH)","Per Capita GRDP at Current Price By Regenaes/Municipalities, in Jambi, 2000 - 2003 (Rupiahs)",6,5,c4200bdaa1fe
JAMBI,,Jambi,*',2003,**),"6.183.619,98",,"PDRB PER KAPITA ATAS DASAR HARGA BERLAKU DI PROPINSI JAMBI MENURUT KABUPATEN/KOTA, 2000 - 2003 (RUPIAH)","Per Capita GRDP at Current Price By Regenaes/Municipalities, in Jambi, 2000 - 2003 (Rupiahs)",6,5,b7cfcc33b03d
JAMBI,,Jml Kab./Kota. Total of Reg./Mun.,,2003,**),"5.659.669,92",,"PDRB PER KAPITA ATAS DASAR HARGA BERLAKU DI PROPINSI JAMBI MENURUT KABUPATEN/KOTA, 2000 - 2003 (RUPIAH)","Per Capita GRDP at Current Price By Regenaes/Municipalities, in Jambi, 2000 - 2003 (Rupiahs)",6,5,22d92bd52464
JAMBI,,Jml Kab./Kota. Total of Reg./Mun.,*',2003,**),"4.843.145,34",,"PDRB PER KAPITA ATAS DASAR HARGA BERLAKU DI PROPINSI JAMBI MENURUT KABUPATEN/KOTA, 2000 - 2003 (RUPIAH)","Per Capita GRDP at Current Price By Regenaes/Municipalities, in Jambi, 2000 - 2003 (Rupiahs)",6,5,3739215b8c70
SUMATERA SELATAN,01,Ogan Komenng Ulu,,2003,**),"4.716.976,95",,"PDRB PER KAPITA ATAS DASAR HARGA BERLAKU DI PROPINSI SUMATERA SELATAN MENURUT KABUPATEN/KOTA, 2000 - 2003 (RUPIAH)","Per Capita GRDP at Current Price By Regendes/Munidpaiities, in South Sumatera, 2000 - 2003 (Rupiahs)",7,6,95634b2f49f2
SUMATERA SELATAN,,Ogan Komering Ulu,*',2003,**),"4.340.299,67",,"PDRB PER KAPITA ATAS DASAR HARGA BERLAKU DI PROPINSI SUMATERA SELATAN MENURUT KABUPATEN/KOTA, 2000 - 2003 (RUPIAH)","Per Capita GRDP at Current Price By Regendes/Munidpaiities, in South Sumatera, 2000 - 2003 (Rupiahs)",7,6,5ef2a1717948
SUMATERA SELATAN,02,Ogan Komenng liir,,2003,**),"4.204.870,14",,"PDRB PER KAPITA ATAS DASAR HARGA BERLAKU DI PROPINSI SUMATERA SELATAN MENURUT KABUPATEN/KOTA, 2000 - 2003 (RUPIAH)","Per Capita GRDP at Current Price By Regendes/Munidpaiities, in South Sumatera, 2000 - 2003 (Rupiahs)",7,6,e6d79f0863fc
SUMATERA SELATAN,,Ogan Komering Ilir,*^,2003,**),"4.193.518,02",,"PDRB PER KAPITA ATAS DASAR HARGA BERLAKU DI PROPINSI SUMATERA SELATAN MENURUT KABUPATEN/KOTA, 2000 - 2003 (RUPIAH)","Per Capita GRDP at Current Price By Regendes/Munidpaiities, in South Sumatera, 2000 - 2003 (Rupiahs)",7,6,8ea7409c5c7e
SUMATERA SELATAN,03,Muara Enim,,2003,**),"11.225.132,58",,"PDRB PER KAPITA ATAS DASAR HARGA BERLAKU DI PROPINSI SUMATERA SELATAN MENURUT KABUPATEN/KOTA, 2000 - 2003 (RUPIAH)","Per Capita GRDP at Current Price By Regendes/Munidpaiities, in South Sumatera, 2000 - 2003 (Rupiahs)",7,6,caa484f137b7
SUMATERA SELATAN,,Muara Enim,*',2003,**),"7.206.597,94",,"PDRB PER KAPITA ATAS DASAR HARGA BERLAKU DI PROPINSI SUMATERA SELATAN MENURUT KABUPATEN/KOTA, 2000 - 2003 (RUPIAH)","Per Capita GRDP at Current Price By Regendes/Munidpaiities, in South Sumatera, 2000 - 2003 (Rupiahs)",7,6,75fdb9452aca
SUMATERA SELATAN,72,Prabumullh,#),2003,**),,,"PDRB PER KAPITA ATAS DASAR HARGA BERLAKU DI PROPINSI SUMATERA SELATAN MENURUT KABUPATEN/KOTA, 2000 - 2003 (RUPIAH)","Per Capita GRDP at Current Price By Regendes/Munidpaiities, in South Sumatera, 2000 - 2003 (Rupiahs)",7,6,2169b0da3f25
SUMATERA SELATAN,,Prabumulih,*',2003,**),,,"PDRB PER KAPITA ATAS DASAR HARGA BERLAKU DI PROPINSI SUMATERA SELATAN MENURUT KABUPATEN/KOTA, 2000 - 2003 (RUPIAH)","Per Capita GRDP at Current Price By Regendes/Munidpaiities, in South Sumatera, 2000 - 2003 (Rupiahs)",7,6,1410f1d4814b
SUMATERA SELATAN,04,Lahat,,2003,**),"4.380.755,48",,"PDRB PER KAPITA ATAS DASAR HARGA BERLAKU DI PROPINSI SUMATERA SELATAN MENURUT KABUPATEN/KOTA, 2000 - 2003 (RUPIAH)","Per Capita GRDP at Current Price By Regendes/Munidpaiities, in South Sumatera, 2000 - 2003 (Rupiahs)",7,6,280f602b32b9
SUMATERA SELATAN,73,Pagar Alam,#),2003,**),"4.734.333,41",,"PDRB PER KAPITA ATAS DASAR HARGA BERLAKU DI PROPINSI SUMATERA SELATAN MENURUT KABUPATEN/KOTA, 2000 - 2003 (RUPIAH)","Per Capita GRDP at Current Price By Regendes/Munidpaiities, in South Sumatera, 2000 - 2003 (Rupiahs)",7,6,42132c9133fc
SUMATERA SELATAN,05,Musi Rawas,,2003,**),"6.371.284,59",,"PDRB PER KAPITA ATAS DASAR HARGA BERLAKU DI PROPINSI SUMATERA SELATAN MENURUT KABUPATEN/KOTA, 2000 - 2003 (RUPIAH)","Per Capita GRDP at Current Price By Regendes/Munidpaiities, in South Sumatera, 2000 - 2003 (Rupiahs)",7,6,74bb978ee4b8
SUMATERA SELATAN,,Musi Rawas,*',2003,**),"3.842.438,48",,"PDRB PER KAPITA ATAS DASAR HARGA BERLAKU DI PROPINSI SUMATERA SELATAN MENURUT KABUPATEN/KOTA, 2000 - 2003 (RUPIAH)","Per Capita GRDP at Current Price By Regendes/Munidpaiities, in South Sumatera, 2000 - 2003 (Rupiahs)",7,6,dec9e6c4868f
SUMATERA SELATAN,74,Lubuk Unggau,#),2003,**),"4.357.219,02",,"PDRB PER KAPITA ATAS DASAR HARGA BERLAKU DI PROPINSI SUMATERA SELATAN MENURUT KABUPATEN/KOTA, 2000 - 2003 (RUPIAH)","Per Capita GRDP at Current Price By Regendes/Munidpaiities, in South Sumatera, 2000 - 2003 (Rupiahs)",7,6,c863cc2194c0
SUMATERA SELATAN,06,Musi Banyuasin,,2003,**),"16.040.456,88",,"PDRB PER KAPITA ATAS DASAR HARGA BERLAKU DI PROPINSI SUMATERA SELATAN MENURUT KABUPATEN/KOTA, 2000 - 2003 (RUPIAH)","Per Capita GRDP at Current Price By Regendes/Munidpaiities, in South Sumatera, 2000 - 2003 (Rupiahs)",7,6,f204fa63652e
SUMATERA SELATAN,,MUSI Banyuasin,*',2003,**),"8.489.433,31",,"PDRB PER KAPITA ATAS DASAR HARGA BERLAKU DI PROPINSI SUMATERA SELATAN MENURUT KABUPATEN/KOTA, 2000 - 2003 (RUPIAH)","Per Capita GRDP at Current Price By Regendes/Munidpaiities, in South Sumatera, 2000 - 2003 (Rupiahs)",7,6,58413b6c471c
SUMATERA SELATAN,07,Banyuasin,#),2003,**),"6.278.884,51",,"PDRB PER KAPITA ATAS DASAR HARGA BERLAKU DI PROPINSI SUMATERA SELATAN MENURUT KABUPATEN/KOTA, 2000 - 2003 (RUPIAH)","Per Capita GRDP at Current Price By Regendes/Munidpaiities, in South Sumatera, 2000 - 2003 (Rupiahs)",7,6,9a6b40b127de
SUMATERA SELATAN,,Banyuasin,*',2003,**),"5.228.470,41",,"PDRB PER KAPITA ATAS DASAR HARGA BERLAKU DI PROPINSI SUMATERA SELATAN MENURUT KABUPATEN/KOTA, 2000 - 2003 (RUPIAH)","Per Capita GRDP at Current Price By Regendes/Munidpaiities, in South Sumatera, 2000 - 2003 (Rupiahs)",7,6,75dddec84687
SUMATERA SELATAN,71,Palembang,,2003,**),"13.875.198,36",,"PDRB PER KAPITA ATAS DASAR HARGA BERLAKU DI PROPINSI SUMATERA SELATAN MENURUT KABUPATEN/KOTA, 2000 - 2003 (RUPIAH)","Per Capita GRDP at Current Price By Regendes/Munidpaiities, in South Sumatera, 2000 - 2003 (Rupiahs)",7,6,4e0b17daf558
SUMATERA SELATAN,,Palembang,*',2003,**),"9.834.359,02",,"PDRB PER KAPITA ATAS DASAR HARGA BERLAKU DI PROPINSI SUMATERA SELATAN MENURUT KABUPATEN/KOTA, 2000 - 2003 (RUPIAH)","Per Capita GRDP at Current Price By Regendes/Munidpaiities, in South Sumatera, 2000 - 2003 (Rupiahs)",7,6,8e1a64310a42
SUMATERA SELATAN,,Jml Kab./Kota. Total of Reg./Mun.,,2003,**),"8.132.455,38",,"PDRB PER KAPITA ATAS DASAR HARGA BERLAKU DI PROPINSI SUMATERA SELATAN MENURUT KABUPATEN/KOTA, 2000 - 2003 (RUPIAH)","Per Capita GRDP at Current Price By Regendes/Munidpaiities, in South Sumatera, 2000 - 2003 (Rupiahs)",7,6,50c9daae7667
SUMATERA SELATAN,,Jml Kab./Kota. Total of Reg /Mun.,*',2003,**),"6.042.553,59",,"PDRB PER KAPITA ATAS DASAR HARGA BERLAKU DI PROPINSI SUMATERA SELATAN MENURUT KABUPATEN/KOTA, 2000 - 2003 (RUPIAH)","Per Capita GRDP at Current Price By Regendes/Munidpaiities, in South Sumatera, 2000 - 2003 (Rupiahs)",7,6,d04b771aee1b
KEPULAUAN BANGKA BELITUNG,01,Bangka,,2003,**),"6.439.356,38",,"PDRB PER KAPITA ATAS D/VSAR HARGA BERLAKU DI PROPINSI KEPULAUAN BANGKA BELITUNG MENURUT KABUPATEN/KOTA, 2000 - 2003 (RUPIAH)","Per Capita GRDP at Current Price By Regendes/Munidpaiities, in Bangka Belitung Islands, 2000 - 2003 (Rupiahs)",8,7,05865862597a
KEPULAUAN BANGKA BELITUNG,03,Bangka Selatan,#),2003,**),"6.858.241,17",,"PDRB PER KAPITA ATAS D/VSAR HARGA BERLAKU DI PROPINSI KEPULAUAN BANGKA BELITUNG MENURUT KABUPATEN/KOTA, 2000 - 2003 (RUPIAH)","Per Capita GRDP at Current Price By Regendes/Munidpaiities, in Bangka Belitung Islands, 2000 - 2003 (Rupiahs)",8,7,7a853245e2a4
KEPULAUAN BANGKA BELITUNG,04,Bangka Tengah,#),2003,**),"10.101.599,60",,"PDRB PER KAPITA ATAS D/VSAR HARGA BERLAKU DI PROPINSI KEPULAUAN BANGKA BELITUNG MENURUT KABUPATEN/KOTA, 2000 - 2003 (RUPIAH)","Per Capita GRDP at Current Price By Regendes/Munidpaiities, in Bangka Belitung Islands, 2000 - 2003 (Rupiahs)",8,7,e1fa184c3e4f
KEPULAUAN BANGKA BELITUNG,05,Bangka Barat,#),2003,**),"15.594.725,55",,"PDRB PER KAPITA ATAS D/VSAR HARGA BERLAKU DI PROPINSI KEPULAUAN BANGKA BELITUNG MENURUT KABUPATEN/KOTA, 2000 - 2003 (RUPIAH)","Per Capita GRDP at Current Price By Regendes/Munidpaiities, in Bangka Belitung Islands, 2000 - 2003 (Rupiahs)",8,7,6e1ecfed92a8
KEPULAUAN BANGKA BELITUNG,02,Belitung,,2003,**),"7.771.669,90",,"PDRB PER KAPITA ATAS D/VSAR HARGA BERLAKU DI PROPINSI KEPULAUAN BANGKA BELITUNG MENURUT KABUPATEN/KOTA, 2000 - 2003 (RUPIAH)","Per Capita GRDP at Current Price By Regendes/Munidpaiities, in Bangka Belitung Islands, 2000 - 2003 (Rupiahs)",8,7,218baa39262e
KEPULAUAN BANGKA BELITUNG,06,Behtung Timur,#),2003,**),"8.540.221,88",,"PDRB PER KAPITA ATAS D/VSAR HARGA BERLAKU DI PROPINSI KEPULAUAN BANGKA BELITUNG MENURUT KABUPATEN/KOTA, 2000 - 2003 (RUPIAH)","Per Capita GRDP at Current Price By Regendes/Munidpaiities, in Bangka Belitung Islands, 2000 - 2003 (Rupiahs)",8,7,14114694e3ef
KEPULAUAN BANGKA BELITUNG,71,Pangkal Pinang,,2003,**),"6.569.276,62",,"PDRB PER KAPITA ATAS D/VSAR HARGA BERLAKU DI PROPINSI KEPULAUAN BANGKA BELITUNG MENURUT KABUPATEN/KOTA, 2000 - 2003 (RUPIAH)","Per Capita GRDP at Current Price By Regendes/Munidpaiities, in Bangka Belitung Islands, 2000 - 2003 (Rupiahs)",8,7,a77ff26fbbf6
KEPULAUAN BANGKA BELITUNG,,Jml Kab./Kota. Total of Reg /Mun.,,2003,**),"8.617.962,65",,"PDRB PER KAPITA ATAS D/VSAR HARGA BERLAKU DI PROPINSI KEPULAUAN BANGKA BELITUNG MENURUT KABUPATEN/KOTA, 2000 - 2003 (RUPIAH)","Per Capita GRDP at Current Price By Regendes/Munidpaiities, in Bangka Belitung Islands, 2000 - 2003 (Rupiahs)",8,7,3ad1911436d6
KEPULAUAN BANGKA BELITUNG,,Jml Kab./Kota. Total of Reg./Mun.,*',2003,**),"8 617 962,65",,"PDRB PER KAPITA ATAS D/VSAR HARGA BERLAKU DI PROPINSI KEPULAUAN BANGKA BELITUNG MENURUT KABUPATEN/KOTA, 2000 - 2003 (RUPIAH)","Per Capita GRDP at Current Price By Regendes/Munidpaiities, in Bangka Belitung Islands, 2000 - 2003 (Rupiahs)",8,7,d21321e9204d
BENGKULU,01,Bengkulu Selatan,,2003,**),"4.064 228,24",,"PDRB PER KAPITA ATAS DASAR HARGA BERLAKU DI PROPINSI BENGKULU MENURUT KABUPATEN/KOTA, 2000 - 2003 (RUPIAH)","Per Capita GRDP at Current Pnce By Regencies/Muniapaltties, m Bengkulu, 2000 - 2003 (Rupiahs)",9,8,6b8dd0941789
BENGKULU,04,Kaur,#),2003,**),"3 020 583,03",,"PDRB PER KAPITA ATAS DASAR HARGA BERLAKU DI PROPINSI BENGKULU MENURUT KABUPATEN/KOTA, 2000 - 2003 (RUPIAH)","Per Capita GRDP at Current Pnce By Regencies/Muniapaltties, m Bengkulu, 2000 - 2003 (Rupiahs)",9,8,0c762f3660f0
BENGKULU,05,Seluma,«),2003,**),,,"PDRB PER KAPITA ATAS DASAR HARGA BERLAKU DI PROPINSI BENGKULU MENURUT KABUPATEN/KOTA, 2000 - 2003 (RUPIAH)","Per Capita GRDP at Current Pnce By Regencies/Muniapaltties, m Bengkulu, 2000 - 2003 (Rupiahs)",9,8,fe3139ae1aec
BENGKULU,02,Rejang Lebong,,2003,**),"3 951 765,35",,"PDRB PER KAPITA ATAS DASAR HARGA BERLAKU DI PROPINSI BENGKULU MENURUT KABUPATEN/KOTA, 2000 - 2003 (RUPIAH)","Per Capita GRDP at Current Pnce By Regencies/Muniapaltties, m Bengkulu, 2000 - 2003 (Rupiahs)",9,8,a7d9451228b1
BENGKULU,03,Bengkulu Utara,,2003,**),"2 867 953,33",,"PDRB PER KAPITA ATAS DASAR HARGA BERLAKU DI PROPINSI BENGKULU MENURUT KABUPATEN/KOTA, 2000 - 2003 (RUPIAH)","Per Capita GRDP at Current Pnce By Regencies/Muniapaltties, m Bengkulu, 2000 - 2003 (Rupiahs)",9,8,749c034dafcb
BENGKULU,06,Muko-Huko,#),2003,**),"3 168 836,48",,"PDRB PER KAPITA ATAS DASAR HARGA BERLAKU DI PROPINSI BENGKULU MENURUT KABUPATEN/KOTA, 2000 - 2003 (RUPIAH)","Per Capita GRDP at Current Pnce By Regencies/Muniapaltties, m Bengkulu, 2000 - 2003 (Rupiahs)",9,8,c592c9366eb3
BENGKULU,71,Bengkulu,,2003,**),"6 661 451,24",,"PDRB PER KAPITA ATAS DASAR HARGA BERLAKU DI PROPINSI BENGKULU MENURUT KABUPATEN/KOTA, 2000 - 2003 (RUPIAH)","Per Capita GRDP at Current Pnce By Regencies/Muniapaltties, m Bengkulu, 2000 - 2003 (Rupiahs)",9,8,eddb77b571a6
BENGKULU,,JmlKab./Kota Total of Reg./Mun.,,2003,**),"3 879 380,49",,"PDRB PER KAPITA ATAS DASAR HARGA BERLAKU DI PROPINSI BENGKULU MENURUT KABUPATEN/KOTA, 2000 - 2003 (RUPIAH)","Per Capita GRDP at Current Pnce By Regencies/Muniapaltties, m Bengkulu, 2000 - 2003 (Rupiahs)",9,8,13b8d3434657
BENGKULU,,Jml Kab./Kota. Total of Reg./Mun.,*',2003,**),"3 879 380,49",,"PDRB PER KAPITA ATAS DASAR HARGA BERLAKU DI PROPINSI BENGKULU MENURUT KABUPATEN/KOTA, 2000 - 2003 (RUPIAH)","Per Capita GRDP at Current Pnce By Regencies/Muniapaltties, m Bengkulu, 2000 - 2003 (Rupiahs)",9,8,9a8bf641736e
LAMPUNG,01,Lampung Barat,,2003,**),"2.449.642,81",,"PDRB PER KAPITA ATAS DASAR HARGA BERLAKU DI PROPINSI LAMPUNG MENURUT KABUPATEN/KOTA, 2000 - 2003 (RUPIAH)","Per Capita GRDP at Current Pnce By Regenaes/Munidpalities, in lempung, 2000 - 2003 (Rupiahs)",10,9,62180841edfd
LAMPUNG,02,Tanggamus,,2003,**),"3.344.316,45",,"PDRB PER KAPITA ATAS DASAR HARGA BERLAKU DI PROPINSI LAMPUNG MENURUT KABUPATEN/KOTA, 2000 - 2003 (RUPIAH)","Per Capita GRDP at Current Pnce By Regenaes/Munidpalities, in lempung, 2000 - 2003 (Rupiahs)",10,9,61e34fe946ed
LAMPUNG,03,Lampung Selatan,,2003,**),"3.959.595,08",,"PDRB PER KAPITA ATAS DASAR HARGA BERLAKU DI PROPINSI LAMPUNG MENURUT KABUPATEN/KOTA, 2000 - 2003 (RUPIAH)","Per Capita GRDP at Current Pnce By Regenaes/Munidpalities, in lempung, 2000 - 2003 (Rupiahs)",10,9,6c73453a8df5
LAMPUNG,04,Lampung Timur,,2003,**),"4.745.226,12",,"PDRB PER KAPITA ATAS DASAR HARGA BERLAKU DI PROPINSI LAMPUNG MENURUT KABUPATEN/KOTA, 2000 - 2003 (RUPIAH)","Per Capita GRDP at Current Pnce By Regenaes/Munidpalities, in lempung, 2000 - 2003 (Rupiahs)",10,9,5c1799fe9715
LAMPUNG,,Lampung Timur,*',2003,**),"3.749.949,16",,"PDRB PER KAPITA ATAS DASAR HARGA BERLAKU DI PROPINSI LAMPUNG MENURUT KABUPATEN/KOTA, 2000 - 2003 (RUPIAH)","Per Capita GRDP at Current Pnce By Regenaes/Munidpalities, in lempung, 2000 - 2003 (Rupiahs)",10,9,0c9c4bfa025c
LAMPUNG,05,Lampung Tengah,,2003,**),"4.541.858,11",,"PDRB PER KAPITA ATAS DASAR HARGA BERLAKU DI PROPINSI LAMPUNG MENURUT KABUPATEN/KOTA, 2000 - 2003 (RUPIAH)","Per Capita GRDP at Current Pnce By Regenaes/Munidpalities, in lempung, 2000 - 2003 (Rupiahs)",10,9,d1d3493a943c
LAMPUNG,06,Lampung Utara,,2003,**),"3.745.918,02",,"PDRB PER KAPITA ATAS DASAR HARGA BERLAKU DI PROPINSI LAMPUNG MENURUT KABUPATEN/KOTA, 2000 - 2003 (RUPIAH)","Per Capita GRDP at Current Pnce By Regenaes/Munidpalities, in lempung, 2000 - 2003 (Rupiahs)",10,9,8b3d5b03b93c
LAMPUNG,07,Way Kanan,,2003,**),"2.691.631,13",,"PDRB PER KAPITA ATAS DASAR HARGA BERLAKU DI PROPINSI LAMPUNG MENURUT KABUPATEN/KOTA, 2000 - 2003 (RUPIAH)","Per Capita GRDP at Current Pnce By Regenaes/Munidpalities, in lempung, 2000 - 2003 (Rupiahs)",10,9,5a32db0f6b18
LAMPUNG,08,Tulang Bawang,,2003,**),"4.072.690,21",,"PDRB PER KAPITA ATAS DASAR HARGA BERLAKU DI PROPINSI LAMPUNG MENURUT KABUPATEN/KOTA, 2000 - 2003 (RUPIAH)","Per Capita GRDP at Current Pnce By Regenaes/Munidpalities, in lempung, 2000 - 2003 (Rupiahs)",10,9,369b6ffd46f6
LAMPUNG,71,Bandar Lampung,,2003,**),"8.542.129,60",,"PDRB PER KAPITA ATAS DASAR HARGA BERLAKU DI PROPINSI LAMPUNG MENURUT KABUPATEN/KOTA, 2000 - 2003 (RUPIAH)","Per Capita GRDP at Current Pnce By Regenaes/Munidpalities, in lempung, 2000 - 2003 (Rupiahs)",10,9,3dbc95ab7d07
LAMPUNG,72,Metro,,2003,**),"3.068.593,41",,"PDRB PER KAPITA ATAS DASAR HARGA BERLAKU DI PROPINSI LAMPUNG MENURUT KABUPATEN/KOTA, 2000 - 2003 (RUPIAH)","Per Capita GRDP at Current Pnce By Regenaes/Munidpalities, in lempung, 2000 - 2003 (Rupiahs)",10,9,07c805260751
LAMPUNG,,Jml Kab./Kota. Total of Reg./Mun.,,2003,**),"4.429.451,90",,"PDRB PER KAPITA ATAS DASAR HARGA BERLAKU DI PROPINSI LAMPUNG MENURUT KABUPATEN/KOTA, 2000 - 2003 (RUPIAH)","Per Capita GRDP at Current Pnce By Regenaes/Munidpalities, in lempung, 2000 - 2003 (Rupiahs)",10,9,5b314c50e36f
LAMPUNG,,Jml Kab./Kota. ToUl of Reg./Mun.,*',2003,**),"4.300.909,62",,"PDRB PER KAPITA ATAS DASAR HARGA BERLAKU DI PROPINSI LAMPUNG MENURUT KABUPATEN/KOTA, 2000 - 2003 (RUPIAH)","Per Capita GRDP at Current Pnce By Regenaes/Munidpalities, in lempung, 2000 - 2003 (Rupiahs)",10,9,915aa17954ea
DKI JAKARTA,71,Jakarta Selatan,,2000,,"17.464.542,34",,"PDRB PER KAPITA ATAS DASAR HARGA BERLAKU DI PROPINSI DKI JAKARTA MENURUT KABUPATEN/KOTA, 2000 - 2003 (RUPIAH)","Per Capita GRDP at Current Price By Regendes/Municipalities, in DKIJakarta, 2000 - 2003 (Rupiahs)",11,1,217bf3be0256
DKI JAKARTA,72,Jakarta Timur,,2000,,"14.973.697,74",,"PDRB PER KAPITA ATAS DASAR HARGA BERLAKU DI PROPINSI DKI JAKARTA MENURUT KABUPATEN/KOTA, 2000 - 2003 (RUPIAH)","Per Capita GRDP at Current Price By Regendes/Municipalities, in DKIJakarta, 2000 - 2003 (Rupiahs)",11,1,42a30ad753dc
DKI JAKARTA,73,Jakarta Pusat,,2000,,"50.296.488,99",,"PDRB PER KAPITA ATAS DASAR HARGA BERLAKU DI PROPINSI DKI JAKARTA MENURUT KABUPATEN/KOTA, 2000 - 2003 (RUPIAH)","Per Capita GRDP at Current Price By Regendes/Municipalities, in DKIJakarta, 2000 - 2003 (Rupiahs)",11,1,6626a47b09b1
DKI JAKARTA,74,Jakarta Barat,,2000,,"15.682.430,86",,"PDRB PER KAPITA ATAS DASAR HARGA BERLAKU DI PROPINSI DKI JAKARTA MENURUT KABUPATEN/KOTA, 2000 - 2003 (RUPIAH)","Per Capita GRDP at Current Price By Regendes/Municipalities, in DKIJakarta, 2000 - 2003 (Rupiahs)",11,1,c314e55a44e4
DKI JAKARTA,75,Jakarta Utara,,2000,,"25 954.664,88",,"PDRB PER KAPITA ATAS DASAR HARGA BERLAKU DI PROPINSI DKI JAKARTA MENURUT KABUPATEN/KOTA, 2000 - 2003 (RUPIAH)","Per Capita GRDP at Current Price By Regendes/Municipalities, in DKIJakarta, 2000 - 2003 (Rupiahs)",11,1,655a81623805
DKI JAKARTA,01,Kepulauan Seribu,#),2000,,"85.030.962,70",,"PDRB PER KAPITA ATAS DASAR HARGA BERLAKU DI PROPINSI DKI JAKARTA MENURUT KABUPATEN/KOTA, 2000 - 2003 (RUPIAH)","Per Capita GRDP at Current Price By Regendes/Municipalities, in DKIJakarta, 2000 - 2003 (Rupiahs)",11,1,6f14147a19bb
DKI JAKARTA,,Jml Kab./Kota. Total of Reg./Mun.,,2000,,"21.308.135,67",,"PDRB PER KAPITA ATAS DASAR HARGA BERLAKU DI PROPINSI DKI JAKARTA MENURUT KABUPATEN/KOTA, 2000 - 2003 (RUPIAH)","Per Capita GRDP at Current Price By Regendes/Municipalities, in DKIJakarta, 2000 - 2003 (Rupiahs)",11,1,2fadf3ba6f02
DKI JAKARTA,,Jml Kab./Kota. Total of Reg./Mun.,*',2000,,"21.308.135,67",,"PDRB PER KAPITA ATAS DASAR HARGA BERLAKU DI PROPINSI DKI JAKARTA MENURUT KABUPATEN/KOTA, 2000 - 2003 (RUPIAH)","Per Capita GRDP at Current Price By Regendes/Municipalities, in DKIJakarta, 2000 - 2003 (Rupiahs)",11,1,995ab46b0498
JAWA BARAT,01,Bogor,,2000,,"3.020 314,69",,"PDRB PER KAPITA ATAS DASAR HARGA BERLAKU DI PROPINSI JAWA BARAT MENURUT KABUPATEN/KOTA, 2000 - 2003 (RUPIAH)","Per Capita GRDP at Current Pnce By Regenaes/Muniapalities, in West Java, 2000 - 2003 (Rupiahs)",12,2,4ca65af1bada
JAWA BARAT,02,Sukabumi,,2000,,"2.718.746,75",,"PDRB PER KAPITA ATAS DASAR HARGA BERLAKU DI PROPINSI JAWA BARAT MENURUT KABUPATEN/KOTA, 2000 - 2003 (RUPIAH)","Per Capita GRDP at Current Pnce By Regenaes/Muniapalities, in West Java, 2000 - 2003 (Rupiahs)",12,2,28dec2406aab
JAWA BARAT,,Sukabumi,*',2000,,"2.666.380,81",,"PDRB PER KAPITA ATAS DASAR HARGA BERLAKU DI PROPINSI JAWA BARAT MENURUT KABUPATEN/KOTA, 2000 - 2003 (RUPIAH)","Per Capita GRDP at Current Pnce By Regenaes/Muniapalities, in West Java, 2000 - 2003 (Rupiahs)",12,2,3ec3ec93c6fb
JAWA BARAT,03,Cianjur,,2000,,"2.761.898,57",,"PDRB PER KAPITA ATAS DASAR HARGA BERLAKU DI PROPINSI JAWA BARAT MENURUT KABUPATEN/KOTA, 2000 - 2003 (RUPIAH)","Per Capita GRDP at Current Pnce By Regenaes/Muniapalities, in West Java, 2000 - 2003 (Rupiahs)",12,2,858ac22c05a9
JAWA BARAT,04,Bandung,,2000,,"4.345.831,74",,"PDRB PER KAPITA ATAS DASAR HARGA BERLAKU DI PROPINSI JAWA BARAT MENURUT KABUPATEN/KOTA, 2000 - 2003 (RUPIAH)","Per Capita GRDP at Current Pnce By Regenaes/Muniapalities, in West Java, 2000 - 2003 (Rupiahs)",12,2,d5fa24e01f79
JAWA BARAT,,Bandung,*',2000,,"4.325.301,02",,"PDRB PER KAPITA ATAS DASAR HARGA BERLAKU DI PROPINSI JAWA BARAT MENURUT KABUPATEN/KOTA, 2000 - 2003 (RUPIAH)","Per Capita GRDP at Current Pnce By Regenaes/Muniapalities, in West Java, 2000 - 2003 (Rupiahs)",12,2,a665cc093857
JAWA BARAT,05,Garut,,2000,,"2.850.994,01",,"PDRB PER KAPITA ATAS DASAR HARGA BERLAKU DI PROPINSI JAWA BARAT MENURUT KABUPATEN/KOTA, 2000 - 2003 (RUPIAH)","Per Capita GRDP at Current Pnce By Regenaes/Muniapalities, in West Java, 2000 - 2003 (Rupiahs)",12,2,bb1b89aca22b
JAWA BARAT,06,Tasikmalaya,,2000,,"2.666.750,05",,"PDRB PER KAPITA ATAS DASAR HARGA BERLAKU DI PROPINSI JAWA BARAT MENURUT KABUPATEN/KOTA, 2000 - 2003 (RUPIAH)","Per Capita GRDP at Current Pnce By Regenaes/Muniapalities, in West Java, 2000 - 2003 (Rupiahs)",12,2,2ff7a8070c46
JAWA BARAT,07,Ciamis,,2000,,"3.215.310,52",,"PDRB PER KAPITA ATAS DASAR HARGA BERLAKU DI PROPINSI JAWA BARAT MENURUT KABUPATEN/KOTA, 2000 - 2003 (RUPIAH)","Per Capita GRDP at Current Pnce By Regenaes/Muniapalities, in West Java, 2000 - 2003 (Rupiahs)",12,2,5ef3aab09ffb
JAWA BARAT,79,Banjar,#),2000,,-,,"PDRB PER KAPITA ATAS DASAR HARGA BERLAKU DI PROPINSI JAWA BARAT MENURUT KABUPATEN/KOTA, 2000 - 2003 (RUPIAH)","Per Capita GRDP at Current Pnce By Regenaes/Muniapalities, in West Java, 2000 - 2003 (Rupiahs)",12,2,d2e479fb79da
JAWA BARAT,08,Kuningan,,2000,,"2 346.266,40",,"PDRB PER KAPITA ATAS DASAR HARGA BERLAKU DI PROPINSI JAWA BARAT MENURUT KABUPATEN/KOTA, 2000 - 2003 (RUPIAH)","Per Capita GRDP at Current Pnce By Regenaes/Muniapalities, in West Java, 2000 - 2003 (Rupiahs)",12,2,9140763284a6
JAWA BARAT,09,Cirobon,,2000,,"2.319.342,60",,"PDRB PER KAPITA ATAS DASAR HARGA BERLAKU DI PROPINSI JAWA BARAT MENURUT KABUPATEN/KOTA, 2000 - 2003 (RUPIAH)","Per Capita GRDP at Current Pnce By Regenaes/Muniapalities, in West Java, 2000 - 2003 (Rupiahs)",12,2,e59a78c88317
JAWA BARAT,10,Majalengka,,2000,,"2 435 850,77",,"PDRB PER KAPITA ATAS DASAR HARGA BERLAKU DI PROPINSI JAWA BARAT MENURUT KABUPATEN/KOTA, 2000 - 2003 (RUPIAH)","Per Capita GRDP at Current Pnce By Regenaes/Muniapalities, in West Java, 2000 - 2003 (Rupiahs)",12,2,138983188498
JAWA BARAT,,Majalengka,*',2000,,"2.429.033,72",,"PDRB PER KAPITA ATAS DASAR HARGA BERLAKU DI PROPINSI JAWA BARAT MENURUT KABUPATEN/KOTA, 2000 - 2003 (RUPIAH)","Per Capita GRDP at Current Pnce By Regenaes/Muniapalities, in West Java, 2000 - 2003 (Rupiahs)",12,2,1ec921c1cda9
JAWA BARAT,11,Sumedang,,2000,,"2.725.421,31",,"PDRB PER KAPITA ATAS DASAR HARGA BERLAKU DI PROPINSI JAWA BARAT MENURUT KABUPATEN/KOTA, 2000 - 2003 (RUPIAH)","Per Capita GRDP at Current Pnce By Regenaes/Muniapalities, in West Java, 2000 - 2003 (Rupiahs)",12,2,4538ae41ab4d
JAWA BARAT,12,Indramayu,,2000,,"9.785.301,67",,"PDRB PER KAPITA ATAS DASAR HARGA BERLAKU DI PROPINSI JAWA BARAT MENURUT KABUPATEN/KOTA, 2000 - 2003 (RUPIAH)","Per Capita GRDP at Current Pnce By Regenaes/Muniapalities, in West Java, 2000 - 2003 (Rupiahs)",12,2,6848907c4bcd
JAWA BARAT,,Indramayu,*',2000,,"2.953.961,72",,"PDRB PER KAPITA ATAS DASAR HARGA BERLAKU DI PROPINSI JAWA BARAT MENURUT KABUPATEN/KOTA, 2000 - 2003 (RUPIAH)","Per Capita GRDP at Current Pnce By Regenaes/Muniapalities, in West Java, 2000 - 2003 (Rupiahs)",12,2,e719e313c6fc
JAWA BARAT,13,Subang,,2000,,"3.010.034,88",,"PDRB PER KAPITA ATAS DASAR HARGA BERLAKU DI PROPINSI JAWA BARAT MENURUT KABUPATEN/KOTA, 2000 - 2003 (RUPIAH)","Per Capita GRDP at Current Pnce By Regenaes/Muniapalities, in West Java, 2000 - 2003 (Rupiahs)",12,2,1f57393a00d7
JAWA BARAT,,Subang,*',2000,,"2.984.015,51",,"PDRB PER KAPITA ATAS DASAR HARGA BERLAKU DI PROPINSI JAWA BARAT MENURUT KABUPATEN/KOTA, 2000 - 2003 (RUPIAH)","Per Capita GRDP at Current Pnce By Regenaes/Muniapalities, in West Java, 2000 - 2003 (Rupiahs)",12,2,e344ba8caa69
JAWA BARAT,14,Purwakarta,,2000,,"6.366 809p,35",,"PDRB PER KAPITA ATAS DASAR HARGA BERLAKU DI PROPINSI JAWA BARAT MENURUT KABUPATEN/KOTA, 2000 - 2003 (RUPIAH)","Per Capita GRDP at Current Pnce By Regenaes/Muniapalities, in West Java, 2000 - 2003 (Rupiahs)",12,2,d4ee9086ceac
JAWA BARAT,15,Karawang,,2000,,"4.214.2b92,79",,"PDRB PER KAPITA ATAS DASAR HARGA BERLAKU DI PROPINSI JAWA BARAT MENURUT KABUPATEN/KOTA, 2000 - 2003 (RUPIAH)","Per Capita GRDP at Current Pnce By Regenaes/Muniapalities, in West Java, 2000 - 2003 (Rupiahs)",12,2,aad412745053
JAWA BARAT,,Karawang,*',2000,,"4.214. 292,79",,"PDRB PER KAPITA ATAS DASAR HARGA BERLAKU DI PROPINSI JAWA BARAT MENURUT KABUPATEN/KOTA, 2000 - 2003 (RUPIAH)","Per Capita GRDP at Current Pnce By Regenaes/Muniapalities, in West Java, 2000 - 2003 (Rupiahs)",12,2,2b6980fe0df6
JAWA BARAT,16,Bekasi,,2000,,"18.140.436,27",,"PDRB PER KAPITA ATAS DASAR HARGA BERLAKU DI PROPINSI JAWA BARAT MENURUT KABUPATEN/KOTA, 2000 - 2003 (RUPIAH)","Per Capita GRDP at Current Pnce By Regenaes/Muniapalities, in West Java, 2000 - 2003 (Rupiahs)",12,2,5b3215a5da67
JAWA BARAT,,Bekasi,*',2000,,"w18.140.436,27",,"PDRB PER KAPITA ATAS DASAR HARGA BERLAKU DI PROPINSI JAWA BARAT MENURUT KABUPATEN/KOTA, 2000 - 2003 (RUPIAH)","Per Capita GRDP at Current Pnce By Regenaes/Muniapalities, in West Java, 2000 - 2003 (Rupiahs)",12,2,10872e71b698
JAWA BARAT,71,Bogor,,2000,,"w3.558.257,37",,"PDRB PER KAPITA ATAS DASAR HARGA BERLAKU DI PROPINSI JAWA BARAT MENURUT KABUPATEN/KOTA, 2000 - 2003 (RUPIAH)","Per Capita GRDP at Current Pnce By Regenaes/Muniapalities, in West Java, 2000 - 2003 (Rupiahs)",12,2,29cf9c8c98e2
JAWA BARAT,72,Sukabumi,,2000,,"/4.110.950,99",,"PDRB PER KAPITA ATAS DASAR HARGA BERLAKU DI PROPINSI JAWA BARAT MENURUT KABUPATEN/KOTA, 2000 - 2003 (RUPIAH)","Per Capita GRDP at Current Pnce By Regenaes/Muniapalities, in West Java, 2000 - 2003 (Rupiahs)",12,2,a57a160bcaa1
JAWA BARAT,73,Bandung,,2000,,"/ 6.834.502,19",,"PDRB PER KAPITA ATAS DASAR HARGA BERLAKU DI PROPINSI JAWA BARAT MENURUT KABUPATEN/KOTA, 2000 - 2003 (RUPIAH)","Per Capita GRDP at Current Pnce By Regenaes/Muniapalities, in West Java, 2000 - 2003 (Rupiahs)",12,2,3f155be4e7e8
JAWA BARAT,74,Cirebon,,2000,,"s 14.245.342,37",,"PDRB PER KAPITA ATAS DASAR HARGA BERLAKU DI PROPINSI JAWA BARAT MENURUT KABUPATEN/KOTA, 2000 - 2003 (RUPIAH)","Per Capita GRDP at Current Pnce By Regenaes/Muniapalities, in West Java, 2000 - 2003 (Rupiahs)",12,2,16a9b9d75454
JAWA BARAT,75,Bekasi,,2000,,"p 5.334.528,39",,"PDRB PER KAPITA ATAS DASAR HARGA BERLAKU DI PROPINSI JAWA BARAT MENURUT KABUPATEN/KOTA, 2000 - 2003 (RUPIAH)","Per Capita GRDP at Current Pnce By Regenaes/Muniapalities, in West Java, 2000 - 2003 (Rupiahs)",12,2,b34d12a92f60
JAWA BARAT,76,Depok,,2000,,"t 3.051 482,50",,"PDRB PER KAPITA ATAS DASAR HARGA BERLAKU DI PROPINSI JAWA BARAT MENURUT KABUPATEN/KOTA, 2000 - 2003 (RUPIAH)","Per Capita GRDP at Current Pnce By Regenaes/Muniapalities, in West Java, 2000 - 2003 (Rupiahs)",12,2,56650e6849c8
JAWA BARAT,77,Cimahi,,2000,,"h 8.796.952,39",,"PDRB PER KAPITA ATAS DASAR HARGA BERLAKU DI PROPINSI JAWA BARAT MENURUT KABUPATEN/KOTA, 2000 - 2003 (RUPIAH)","Per Capita GRDP at Current Pnce By Regenaes/Muniapalities, in West Java, 2000 - 2003 (Rupiahs)",12,2,07f6f688ca66
JAWA BARAT,78,Tasikmalaya,,2000,,"2.479.972,14",,"PDRB PER KAPITA ATAS DASAR HARGA BERLAKU DI PROPINSI JAWA BARAT MENURUT KABUPATEN/KOTA, 2000 - 2003 (RUPIAH)","Per Capita GRDP at Current Pnce By Regenaes/Muniapalities, in West Java, 2000 - 2003 (Rupiahs)",12,2,0dac8f54e7ae
JAWA BARAT,,Jml Kab./Kota. Total of Reg /Mun.,,2000,,"4.663.483,49",,"PDRB PER KAPITA ATAS DASAR HARGA BERLAKU DI PROPINSI JAWA BARAT MENURUT KABUPATEN/KOTA, 2000 - 2003 (RUPIAH)","Per Capita GRDP at Current Pnce By Regenaes/Muniapalities, in West Java, 2000 - 2003 (Rupiahs)",12,2,d2d2c2172d39
JAWA BARAT,,Jml Kab./Kota. Total of Reg./Mun.,*',2000,,"4.290 614,68",,"PDRB PER KAPITA ATAS DASAR HARGA BERLAKU DI PROPINSI JAWA BARAT MENURUT KABUPATEN/KOTA, 2000 - 2003 (RUPIAH)","Per Capita GRDP at Current Pnce By Regenaes/Muniapalities, in West Java, 2000 - 2003 (Rupiahs)",12,2,edfb8a7e77a8
BANTEN,01,Pandeglang,,2000,,"2.638 261,59",,"PDRB PER KAPITA ATAS DASAR HARGA BERLAKU DI PROPINSI BANTEN MENURUT KABUPATEN/KOTA, 2000 - 2003 (RUPIAH)","Per Capita GRDP at Current Price By Regendes/Municipalities, in Banten, 2000 - 2003 (Rupiahs)",13,3,abb89ffaa419
BANTEN,02,Lebak,,2000,,"2.636.526,80",,"PDRB PER KAPITA ATAS DASAR HARGA BERLAKU DI PROPINSI BANTEN MENURUT KABUPATEN/KOTA, 2000 - 2003 (RUPIAH)","Per Capita GRDP at Current Price By Regendes/Municipalities, in Banten, 2000 - 2003 (Rupiahs)",13,3,e77c8f3db6b3
BANTEN,03,Tangerang,,2000,,"4.394.565,22",,"PDRB PER KAPITA ATAS DASAR HARGA BERLAKU DI PROPINSI BANTEN MENURUT KABUPATEN/KOTA, 2000 - 2003 (RUPIAH)","Per Capita GRDP at Current Price By Regendes/Municipalities, in Banten, 2000 - 2003 (Rupiahs)",13,3,cf6ed76638d5
BANTEN,04,Serang,,2000,,"4.009.192,98",,"PDRB PER KAPITA ATAS DASAR HARGA BERLAKU DI PROPINSI BANTEN MENURUT KABUPATEN/KOTA, 2000 - 2003 (RUPIAH)","Per Capita GRDP at Current Price By Regendes/Municipalities, in Banten, 2000 - 2003 (Rupiahs)",13,3,726c7566e15b
BANTEN,71,Tangerang,,2000,,"12.354.523,67",,"PDRB PER KAPITA ATAS DASAR HARGA BERLAKU DI PROPINSI BANTEN MENURUT KABUPATEN/KOTA, 2000 - 2003 (RUPIAH)","Per Capita GRDP at Current Price By Regendes/Municipalities, in Banten, 2000 - 2003 (Rupiahs)",13,3,eb64ac5761da
BANTEN,72,Cilegon,,2000,,"22.463.457,60",,"PDRB PER KAPITA ATAS DASAR HARGA BERLAKU DI PROPINSI BANTEN MENURUT KABUPATEN/KOTA, 2000 - 2003 (RUPIAH)","Per Capita GRDP at Current Price By Regendes/Municipalities, in Banten, 2000 - 2003 (Rupiahs)",13,3,f5ef80065783
BANTEN,,Jml Kab./Kota Total of Rea /Mun,,2000,,"5 831 491,66",,"PDRB PER KAPITA ATAS DASAR HARGA BERLAKU DI PROPINSI BANTEN MENURUT KABUPATEN/KOTA, 2000 - 2003 (RUPIAH)","Per Capita GRDP at Current Price By Regendes/Municipalities, in Banten, 2000 - 2003 (Rupiahs)",13,3,22b3f981a3b3
BANTEN,,Jml Kab./Kota. Total of Reg./Mun.,*',2000,,"5 831.491,66",,"PDRB PER KAPITA ATAS DASAR HARGA BERLAKU DI PROPINSI BANTEN MENURUT KABUPATEN/KOTA, 2000 - 2003 (RUPIAH)","Per Capita GRDP at Current Price By Regendes/Municipalities, in Banten, 2000 - 2003 (Rupiahs)",13,3,c42558bfa282
JAWA TENGAH,01,Cilacap,,2000,,"9.043.786,75",,"PDRB PER KAPITA ATAS DASAR HARGA BERLAKU DI PROPINSI JAWATENGAH MENURUT KABUPATEN/KOTA, 2000 - 2003 (RUPIAH)","Per Capita GRDP at Current Price By Regencies/MunicipaiiUes, in Central Java, 2000 - 2003 (Rupiahs)",14,4,8aa27b53c806
JAWA TENGAH,,Cilacap,*',2000,,"5.737.515,23",,"PDRB PER KAPITA ATAS DASAR HARGA BERLAKU DI PROPINSI JAWATENGAH MENURUT KABUPATEN/KOTA, 2000 - 2003 (RUPIAH)","Per Capita GRDP at Current Price By Regencies/MunicipaiiUes, in Central Java, 2000 - 2003 (Rupiahs)",14,4,41dd08cb70ba
JAWA TENGAH,02,Banyumas,,2000,,"1.776.581,88",,"PDRB PER KAPITA ATAS DASAR HARGA BERLAKU DI PROPINSI JAWATENGAH MENURUT KABUPATEN/KOTA, 2000 - 2003 (RUPIAH)","Per Capita GRDP at Current Price By Regencies/MunicipaiiUes, in Central Java, 2000 - 2003 (Rupiahs)",14,4,021338f6ad04
JAWA TENGAH,03,Purbalmgga,,2000,,"1.758.629,95",,"PDRB PER KAPITA ATAS DASAR HARGA BERLAKU DI PROPINSI JAWATENGAH MENURUT KABUPATEN/KOTA, 2000 - 2003 (RUPIAH)","Per Capita GRDP at Current Price By Regencies/MunicipaiiUes, in Central Java, 2000 - 2003 (Rupiahs)",14,4,53c6c42ed470
JAWA TENGAH,04,Banjamegara,,2000,,"2.384.637,99",,"PDRB PER KAPITA ATAS DASAR HARGA BERLAKU DI PROPINSI JAWATENGAH MENURUT KABUPATEN/KOTA, 2000 - 2003 (RUPIAH)","Per Capita GRDP at Current Price By Regencies/MunicipaiiUes, in Central Java, 2000 - 2003 (Rupiahs)",14,4,ba4f4972a455
JAWA TENGAH,05,Kebumen,,2000,,"1.813.161,85",,"PDRB PER KAPITA ATAS DASAR HARGA BERLAKU DI PROPINSI JAWATENGAH MENURUT KABUPATEN/KOTA, 2000 - 2003 (RUPIAH)","Per Capita GRDP at Current Price By Regencies/MunicipaiiUes, in Central Java, 2000 - 2003 (Rupiahs)",14,4,4cc5292451a3
JAWA TENGAH,06,Purworejo,,2000,,"2.449.207,77",,"PDRB PER KAPITA ATAS DASAR HARGA BERLAKU DI PROPINSI JAWATENGAH MENURUT KABUPATEN/KOTA, 2000 - 2003 (RUPIAH)","Per Capita GRDP at Current Price By Regencies/MunicipaiiUes, in Central Java, 2000 - 2003 (Rupiahs)",14,4,2f198c54d42a
JAWA TENGAH,07,Wonosobo,,2000,,"1.777.023,01",,"PDRB PER KAPITA ATAS DASAR HARGA BERLAKU DI PROPINSI JAWATENGAH MENURUT KABUPATEN/KOTA, 2000 - 2003 (RUPIAH)","Per Capita GRDP at Current Price By Regencies/MunicipaiiUes, in Central Java, 2000 - 2003 (Rupiahs)",14,4,a2f31575a8e3
JAWA TENGAH,08,Magelang,,2000,,"2.465.346,33",,"PDRB PER KAPITA ATAS DASAR HARGA BERLAKU DI PROPINSI JAWATENGAH MENURUT KABUPATEN/KOTA, 2000 - 2003 (RUPIAH)","Per Capita GRDP at Current Price By Regencies/MunicipaiiUes, in Central Java, 2000 - 2003 (Rupiahs)",14,4,1fa27c059619
JAWA TENGAH,09,Boyolali,,2000,,"2.742.428,78",,"PDRB PER KAPITA ATAS DASAR HARGA BERLAKU DI PROPINSI JAWATENGAH MENURUT KABUPATEN/KOTA, 2000 - 2003 (RUPIAH)","Per Capita GRDP at Current Price By Regencies/MunicipaiiUes, in Central Java, 2000 - 2003 (Rupiahs)",14,4,58aac2b8b948
JAWA TENGAH,10,Klaten,,2000,,"2.351.122,47",,"PDRB PER KAPITA ATAS DASAR HARGA BERLAKU DI PROPINSI JAWATENGAH MENURUT KABUPATEN/KOTA, 2000 - 2003 (RUPIAH)","Per Capita GRDP at Current Price By Regencies/MunicipaiiUes, in Central Java, 2000 - 2003 (Rupiahs)",14,4,4b8ba43c7b39
JAWA TENGAH,11,Sukohago,,2000,,"3.221 806,01",,"PDRB PER KAPITA ATAS DASAR HARGA BERLAKU DI PROPINSI JAWATENGAH MENURUT KABUPATEN/KOTA, 2000 - 2003 (RUPIAH)","Per Capita GRDP at Current Price By Regencies/MunicipaiiUes, in Central Java, 2000 - 2003 (Rupiahs)",14,4,9049826c0c73
JAWA TENGAH,12,Wonogin,,2000,,"1.862 624,97",,"PDRB PER KAPITA ATAS DASAR HARGA BERLAKU DI PROPINSI JAWATENGAH MENURUT KABUPATEN/KOTA, 2000 - 2003 (RUPIAH)","Per Capita GRDP at Current Price By Regencies/MunicipaiiUes, in Central Java, 2000 - 2003 (Rupiahs)",14,4,67ce191d6f4c
JAWA TENGAH,13,Karanganyar,,2000,,"3 227 431,56",,"PDRB PER KAPITA ATAS DASAR HARGA BERLAKU DI PROPINSI JAWATENGAH MENURUT KABUPATEN/KOTA, 2000 - 2003 (RUPIAH)","Per Capita GRDP at Current Price By Regencies/MunicipaiiUes, in Central Java, 2000 - 2003 (Rupiahs)",14,4,c97a9e2fa1fd
JAWA TENGAH,14,Sragen,,2000,,"2.086.938,18",,"PDRB PER KAPITA ATAS DASAR HARGA BERLAKU DI PROPINSI JAWATENGAH MENURUT KABUPATEN/KOTA, 2000 - 2003 (RUPIAH)","Per Capita GRDP at Current Price By Regencies/MunicipaiiUes, in Central Java, 2000 - 2003 (Rupiahs)",14,4,cb4db91ff734
JAWA TENGAH,15,Grobogan,,2000,,"1.292.779,02",,"PDRB PER KAPITA ATAS DASAR HARGA BERLAKU DI PROPINSI JAWATENGAH MENURUT KABUPATEN/KOTA, 2000 - 2003 (RUPIAH)","Per Capita GRDP at Current Price By Regencies/MunicipaiiUes, in Central Java, 2000 - 2003 (Rupiahs)",14,4,e6dedaa96871
JAWA TENGAH,16,Blora,,2000,,"1.800 792,09",,"PDRB PER KAPITA ATAS DASAR HARGA BERLAKU DI PROPINSI JAWATENGAH MENURUT KABUPATEN/KOTA, 2000 - 2003 (RUPIAH)","Per Capita GRDP at Current Price By Regencies/MunicipaiiUes, in Central Java, 2000 - 2003 (Rupiahs)",14,4,67b893f1248b
JAWA TENGAH,,Blora,*',2000,,"1 697.807,77",,"PDRB PER KAPITA ATAS DASAR HARGA BERLAKU DI PROPINSI JAWATENGAH MENURUT KABUPATEN/KOTA, 2000 - 2003 (RUPIAH)","Per Capita GRDP at Current Price By Regencies/MunicipaiiUes, in Central Java, 2000 - 2003 (Rupiahs)",14,4,81d5103c8889
JAWA TENGAH,17,Rembang,,2000,,"2.457.440,77",,"PDRB PER KAPITA ATAS DASAR HARGA BERLAKU DI PROPINSI JAWATENGAH MENURUT KABUPATEN/KOTA, 2000 - 2003 (RUPIAH)","Per Capita GRDP at Current Price By Regencies/MunicipaiiUes, in Central Java, 2000 - 2003 (Rupiahs)",14,4,ad19ca917c77
JAWA TENGAH,18,Pati,,2000,,"2.135.489,08",,"PDRB PER KAPITA ATAS DASAR HARGA BERLAKU DI PROPINSI JAWATENGAH MENURUT KABUPATEN/KOTA, 2000 - 2003 (RUPIAH)","Per Capita GRDP at Current Price By Regencies/MunicipaiiUes, in Central Java, 2000 - 2003 (Rupiahs)",14,4,7cdf91155f5f
JAWA TENGAH,19,Kudus,,2000,,"11.342.853,47",,"PDRB PER KAPITA ATAS DASAR HARGA BERLAKU DI PROPINSI JAWATENGAH MENURUT KABUPATEN/KOTA, 2000 - 2003 (RUPIAH)","Per Capita GRDP at Current Price By Regencies/MunicipaiiUes, in Central Java, 2000 - 2003 (Rupiahs)",14,4,dc06dad0ace7
JAWA TENGAH,20,Jepara,,2000,,"2 831.652p,27",,"PDRB PER KAPITA ATAS DASAR HARGA BERLAKU DI PROPINSI JAWATENGAH MENURUT KABUPATEN/KOTA, 2000 - 2003 (RUPIAH)","Per Capita GRDP at Current Price By Regencies/MunicipaiiUes, in Central Java, 2000 - 2003 (Rupiahs)",14,4,97522db9ecd1
JAWA TENGAH,21,Demak,,2000,,"1 929.3b82,88",,"PDRB PER KAPITA ATAS DASAR HARGA BERLAKU DI PROPINSI JAWATENGAH MENURUT KABUPATEN/KOTA, 2000 - 2003 (RUPIAH)","Per Capita GRDP at Current Price By Regencies/MunicipaiiUes, in Central Java, 2000 - 2003 (Rupiahs)",14,4,79b96218e749
JAWA TENGAH,22,Semarang,,2000,,"3.324..912,96",,"PDRB PER KAPITA ATAS DASAR HARGA BERLAKU DI PROPINSI JAWATENGAH MENURUT KABUPATEN/KOTA, 2000 - 2003 (RUPIAH)","Per Capita GRDP at Current Price By Regencies/MunicipaiiUes, in Central Java, 2000 - 2003 (Rupiahs)",14,4,ef67a964c292
JAWA TENGAH,23,Temanggung,,2000,,"2.4w99.424,29",,"PDRB PER KAPITA ATAS DASAR HARGA BERLAKU DI PROPINSI JAWATENGAH MENURUT KABUPATEN/KOTA, 2000 - 2003 (RUPIAH)","Per Capita GRDP at Current Price By Regencies/MunicipaiiUes, in Central Java, 2000 - 2003 (Rupiahs)",14,4,788ce42ef9c8
JAWA TENGAH,24,Kendal,,2000,,"w4.318.466,84",,"PDRB PER KAPITA ATAS DASAR HARGA BERLAKU DI PROPINSI JAWATENGAH MENURUT KABUPATEN/KOTA, 2000 - 2003 (RUPIAH)","Per Capita GRDP at Current Price By Regencies/MunicipaiiUes, in Central Java, 2000 - 2003 (Rupiahs)",14,4,20326d2c195b
JAWA TENGAH,25,Batang,,2000,,"2.609.186,76",,"PDRB PER KAPITA ATAS DASAR HARGA BERLAKU DI PROPINSI JAWATENGAH MENURUT KABUPATEN/KOTA, 2000 - 2003 (RUPIAH)","Per Capita GRDP at Current Price By Regencies/MunicipaiiUes, in Central Java, 2000 - 2003 (Rupiahs)",14,4,96f62caa57ab
JAWA TENGAH,26,Pekalongan,,2000,,"3.058.552,72",,"PDRB PER KAPITA ATAS DASAR HARGA BERLAKU DI PROPINSI JAWATENGAH MENURUT KABUPATEN/KOTA, 2000 - 2003 (RUPIAH)","Per Capita GRDP at Current Price By Regencies/MunicipaiiUes, in Central Java, 2000 - 2003 (Rupiahs)",14,4,95c4d6dc8c60
JAWA TENGAH,27,Pemalang,,2000,,"w 1.832.666,61",,"PDRB PER KAPITA ATAS DASAR HARGA BERLAKU DI PROPINSI JAWATENGAH MENURUT KABUPATEN/KOTA, 2000 - 2003 (RUPIAH)","Per Capita GRDP at Current Price By Regencies/MunicipaiiUes, in Central Java, 2000 - 2003 (Rupiahs)",14,4,6d25c74c2f83
JAWA TENGAH,28,Tegal,,2000,,"/ /1.481.644,65",,"PDRB PER KAPITA ATAS DASAR HARGA BERLAKU DI PROPINSI JAWATENGAH MENURUT KABUPATEN/KOTA, 2000 - 2003 (RUPIAH)","Per Capita GRDP at Current Price By Regencies/MunicipaiiUes, in Central Java, 2000 - 2003 (Rupiahs)",14,4,ef616e3bbc3e
JAWA TENGAH,29,Brebes,,2000,,"s : 1.857.711,04",,"PDRB PER KAPITA ATAS DASAR HARGA BERLAKU DI PROPINSI JAWATENGAH MENURUT KABUPATEN/KOTA, 2000 - 2003 (RUPIAH)","Per Capita GRDP at Current Price By Regencies/MunicipaiiUes, in Central Java, 2000 - 2003 (Rupiahs)",14,4,1d5342ca187c
JAWA TENGAH,71,Magelang,,2000,,"p 6.457.410,54",,"PDRB PER KAPITA ATAS DASAR HARGA BERLAKU DI PROPINSI JAWATENGAH MENURUT KABUPATEN/KOTA, 2000 - 2003 (RUPIAH)","Per Capita GRDP at Current Price By Regencies/MunicipaiiUes, in Central Java, 2000 - 2003 (Rupiahs)",14,4,280bd17dc817
JAWA TENGAH,72,Surakarta,,2000,,"t 6.046.557,30",,"PDRB PER KAPITA ATAS DASAR HARGA BERLAKU DI PROPINSI JAWATENGAH MENURUT KABUPATEN/KOTA, 2000 - 2003 (RUPIAH)","Per Capita GRDP at Current Price By Regencies/MunicipaiiUes, in Central Java, 2000 - 2003 (Rupiahs)",14,4,cebfeb2d55d4
JAWA TENGAH,73,Salatiga,,2000,,"t 3.969 864,08",,"PDRB PER KAPITA ATAS DASAR HARGA BERLAKU DI PROPINSI JAWATENGAH MENURUT KABUPATEN/KOTA, 2000 - 2003 (RUPIAH)","Per Capita GRDP at Current Price By Regencies/MunicipaiiUes, in Central Java, 2000 - 2003 (Rupiahs)",14,4,19827f1f7b18
JAWA TENGAH,74,Semarang,,2000,,"h 9.923.098,00",,"PDRB PER KAPITA ATAS DASAR HARGA BERLAKU DI PROPINSI JAWATENGAH MENURUT KABUPATEN/KOTA, 2000 - 2003 (RUPIAH)","Per Capita GRDP at Current Price By Regencies/MunicipaiiUes, in Central Java, 2000 - 2003 (Rupiahs)",14,4,2b7cd1e8052a
JAWA TENGAH,75,Pekalongan,,2000,,"4.767.330,31",,"PDRB PER KAPITA ATAS DASAR HARGA BERLAKU DI PROPINSI JAWATENGAH MENURUT KABUPATEN/KOTA, 2000 - 2003 (RUPIAH)","Per Capita GRDP at Current Price By Regencies/MunicipaiiUes, in Central Java, 2000 - 2003 (Rupiahs)",14,4,0f0ba33a7a39
JAWA TENGAH,76,Tegal,,2000,,"3.393.267,46",,"PDRB PER KAPITA ATAS DASAR HARGA BERLAKU DI PROPINSI JAWATENGAH MENURUT KABUPATEN/KOTA, 2000 - 2003 (RUPIAH)","Per Capita GRDP at Current Price By Regencies/MunicipaiiUes, in Central Java, 2000 - 2003 (Rupiahs)",14,4,269f468df98f
JAWA TENGAH,,Jml Kab./Kota. Total of Reg./Mun,,2000,,"3.247 083,17",,"PDRB PER KAPITA ATAS DASAR HARGA BERLAKU DI PROPINSI JAWATENGAH MENURUT KABUPATEN/KOTA, 2000 - 2003 (RUPIAH)","Per Capita GRDP at Current Price By Regencies/MunicipaiiUes, in Central Java, 2000 - 2003 (Rupiahs)",14,4,8f512f9a11aa
JAWA TENGAH,,Jml Kab./Kota. Total of Reg./Mun.,*',2000,,"3.069.834,81",,"PDRB PER KAPITA ATAS DASAR HARGA BERLAKU DI PROPINSI JAWATENGAH MENURUT KABUPATEN/KOTA, 2000 - 2003 (RUPIAH)","Per Capita GRDP at Current Price By Regencies/MunicipaiiUes, in Central Java, 2000 - 2003 (Rupiahs)",14,4,63afe7062155
DI YOGYAKARTA,01,Kulon Progo,,2000,,"2.452.649,17",,"PORB PER KAPITA ATAS DASAR HARGA BERLAKU DI PROPINSI DI YOGYAKARTA MENURUT KABUPATEN/KOT/V, 2000 - 2003 (RUPIAH)","Capita GRDP at Current Pnce By Regendes/Munidpaiities, in DI Yogyakarta, 2000 - 2003 (Rupiahs)",15,5,6487c2e5fd0b
DI YOGYAKARTA,02,Bantul,,2000,,"2.892.842,92",,"PORB PER KAPITA ATAS DASAR HARGA BERLAKU DI PROPINSI DI YOGYAKARTA MENURUT KABUPATEN/KOT/V, 2000 - 2003 (RUPIAH)","Capita GRDP at Current Pnce By Regendes/Munidpaiities, in DI Yogyakarta, 2000 - 2003 (Rupiahs)",15,5,0628eaef9de2
DI YOGYAKARTA,03,Gunung Kidul,,2000,,"3.316.721,37",,"PORB PER KAPITA ATAS DASAR HARGA BERLAKU DI PROPINSI DI YOGYAKARTA MENURUT KABUPATEN/KOT/V, 2000 - 2003 (RUPIAH)","Capita GRDP at Current Pnce By Regendes/Munidpaiities, in DI Yogyakarta, 2000 - 2003 (Rupiahs)",15,5,9d4464e3b7e4
DI YOGYAKARTA,04,Sleman,,2000,,"3.961.887,92",,"PORB PER KAPITA ATAS DASAR HARGA BERLAKU DI PROPINSI DI YOGYAKARTA MENURUT KABUPATEN/KOT/V, 2000 - 2003 (RUPIAH)","Capita GRDP at Current Pnce By Regendes/Munidpaiities, in DI Yogyakarta, 2000 - 2003 (Rupiahs)",15,5,8ade756bd648
DI YOGYAKARTA,71,Yogyakarta,,2000,,"8.424.415,82",,"PORB PER KAPITA ATAS DASAR HARGA BERLAKU DI PROPINSI DI YOGYAKARTA MENURUT KABUPATEN/KOT/V, 2000 - 2003 (RUPIAH)","Capita GRDP at Current Pnce By Regendes/Munidpaiities, in DI Yogyakarta, 2000 - 2003 (Rupiahs)",15,5,0090adedd498
DI YOGYAKARTA,,Jml Kab./Kota. Total of Reg./Mun.,,2000,,"3 944.565,68",,"PORB PER KAPITA ATAS DASAR HARGA BERLAKU DI PROPINSI DI YOGYAKARTA MENURUT KABUPATEN/KOT/V, 2000 - 2003 (RUPIAH)","Capita GRDP at Current Pnce By Regendes/Munidpaiities, in DI Yogyakarta, 2000 - 2003 (Rupiahs)",15,5,2c5e3a3fb63e
DI YOGYAKARTA,,Jml Kab./Kota. Total of Reg./Mun.,*',2000,,"3.944 565,68",,"PORB PER KAPITA ATAS DASAR HARGA BERLAKU DI PROPINSI DI YOGYAKARTA MENURUT KABUPATEN/KOT/V, 2000 - 2003 (RUPIAH)","Capita GRDP at Current Pnce By Regendes/Munidpaiities, in DI Yogyakarta, 2000 - 2003 (Rupiahs)",15,5,38ee2b977741
JAWA TIMUR,01,Pacitan,,2000,,"1.548.675,29",,"PDRB PER KAPHA ATAS DASAR HARGA BERLAKU DI PROPINSI JAWA TIMUR MENURUT KABUPATEN/KOTA, 2000 - 2003 (RUPIAH)","Per Capita GRDP at Current Price By Regenaes/Muniapalities, in EastJava, 2000 - 2003 (Rupiahs)",16,6,de5c14ed8ee0
JAWA TIMUR,02,Ponorogo,,2000,,"2.032.558,87",,"PDRB PER KAPHA ATAS DASAR HARGA BERLAKU DI PROPINSI JAWA TIMUR MENURUT KABUPATEN/KOTA, 2000 - 2003 (RUPIAH)","Per Capita GRDP at Current Price By Regenaes/Muniapalities, in EastJava, 2000 - 2003 (Rupiahs)",16,6,4ff42da0641d
JAWA TIMUR,03,Trenggalek,,2000,,"1.488.565,73",,"PDRB PER KAPHA ATAS DASAR HARGA BERLAKU DI PROPINSI JAWA TIMUR MENURUT KABUPATEN/KOTA, 2000 - 2003 (RUPIAH)","Per Capita GRDP at Current Price By Regenaes/Muniapalities, in EastJava, 2000 - 2003 (Rupiahs)",16,6,a7009800c8af
JAWA TIMUR,04,Tulungagung,,2000,,"3.204.563,43",,"PDRB PER KAPHA ATAS DASAR HARGA BERLAKU DI PROPINSI JAWA TIMUR MENURUT KABUPATEN/KOTA, 2000 - 2003 (RUPIAH)","Per Capita GRDP at Current Price By Regenaes/Muniapalities, in EastJava, 2000 - 2003 (Rupiahs)",16,6,016c017edb7c
JAWA TIMUR,05,Bhtar,,2000,,"2.255.292,43",,"PDRB PER KAPHA ATAS DASAR HARGA BERLAKU DI PROPINSI JAWA TIMUR MENURUT KABUPATEN/KOTA, 2000 - 2003 (RUPIAH)","Per Capita GRDP at Current Price By Regenaes/Muniapalities, in EastJava, 2000 - 2003 (Rupiahs)",16,6,eff8d038f7f0
JAWA TIMUR,06,Kediri,,2000,,"2.245.601,23",,"PDRB PER KAPHA ATAS DASAR HARGA BERLAKU DI PROPINSI JAWA TIMUR MENURUT KABUPATEN/KOTA, 2000 - 2003 (RUPIAH)","Per Capita GRDP at Current Price By Regenaes/Muniapalities, in EastJava, 2000 - 2003 (Rupiahs)",16,6,829d1d04e9ed
JAWA TIMUR,07,Malang,,2000,,"2.979 790,55",,"PDRB PER KAPHA ATAS DASAR HARGA BERLAKU DI PROPINSI JAWA TIMUR MENURUT KABUPATEN/KOTA, 2000 - 2003 (RUPIAH)","Per Capita GRDP at Current Price By Regenaes/Muniapalities, in EastJava, 2000 - 2003 (Rupiahs)",16,6,776a1ff2dc6e
JAWA TIMUR,08,Lumajang,,2000,,"2.730.968,50",,"PDRB PER KAPHA ATAS DASAR HARGA BERLAKU DI PROPINSI JAWA TIMUR MENURUT KABUPATEN/KOTA, 2000 - 2003 (RUPIAH)","Per Capita GRDP at Current Price By Regenaes/Muniapalities, in EastJava, 2000 - 2003 (Rupiahs)",16,6,3f80abc01d2d
JAWA TIMUR,09,Jember,,2000,,"2.344.786,25",,"PDRB PER KAPHA ATAS DASAR HARGA BERLAKU DI PROPINSI JAWA TIMUR MENURUT KABUPATEN/KOTA, 2000 - 2003 (RUPIAH)","Per Capita GRDP at Current Price By Regenaes/Muniapalities, in EastJava, 2000 - 2003 (Rupiahs)",16,6,91c15bb7d138
JAWA TIMUR,10,Banyuwangi,,2000,,"2.951.226,76",,"PDRB PER KAPHA ATAS DASAR HARGA BERLAKU DI PROPINSI JAWA TIMUR MENURUT KABUPATEN/KOTA, 2000 - 2003 (RUPIAH)","Per Capita GRDP at Current Price By Regenaes/Muniapalities, in EastJava, 2000 - 2003 (Rupiahs)",16,6,29dc00042898
JAWA TIMUR,11,Bondowoso,,2000,,"1.701.374,70",,"PDRB PER KAPHA ATAS DASAR HARGA BERLAKU DI PROPINSI JAWA TIMUR MENURUT KABUPATEN/KOTA, 2000 - 2003 (RUPIAH)","Per Capita GRDP at Current Price By Regenaes/Muniapalities, in EastJava, 2000 - 2003 (Rupiahs)",16,6,320f42483b4d
JAWA TIMUR,12,Situbondo,,2000,,"3.074.846,79",,"PDRB PER KAPHA ATAS DASAR HARGA BERLAKU DI PROPINSI JAWA TIMUR MENURUT KABUPATEN/KOTA, 2000 - 2003 (RUPIAH)","Per Capita GRDP at Current Price By Regenaes/Muniapalities, in EastJava, 2000 - 2003 (Rupiahs)",16,6,f0482d3ba573
JAWA TIMUR,13,Probolinggo,,2000,,"3.621 632,26",,"PDRB PER KAPHA ATAS DASAR HARGA BERLAKU DI PROPINSI JAWA TIMUR MENURUT KABUPATEN/KOTA, 2000 - 2003 (RUPIAH)","Per Capita GRDP at Current Price By Regenaes/Muniapalities, in EastJava, 2000 - 2003 (Rupiahs)",16,6,93f28f0b4f46
JAWA TIMUR,14,Pasuruan,,2000,,"2 541 475,55",,"PDRB PER KAPHA ATAS DASAR HARGA BERLAKU DI PROPINSI JAWA TIMUR MENURUT KABUPATEN/KOTA, 2000 - 2003 (RUPIAH)","Per Capita GRDP at Current Price By Regenaes/Muniapalities, in EastJava, 2000 - 2003 (Rupiahs)",16,6,ab5c6fa799ea
JAWA TIMUR,15,Sidoarjo,,2000,,"6.919.672,41",,"PDRB PER KAPHA ATAS DASAR HARGA BERLAKU DI PROPINSI JAWA TIMUR MENURUT KABUPATEN/KOTA, 2000 - 2003 (RUPIAH)","Per Capita GRDP at Current Price By Regenaes/Muniapalities, in EastJava, 2000 - 2003 (Rupiahs)",16,6,8b81daed8ca4
JAWA TIMUR,16,Mojokerto,,2000,,"3 067 988,59",,"PDRB PER KAPHA ATAS DASAR HARGA BERLAKU DI PROPINSI JAWA TIMUR MENURUT KABUPATEN/KOTA, 2000 - 2003 (RUPIAH)","Per Capita GRDP at Current Price By Regenaes/Muniapalities, in EastJava, 2000 - 2003 (Rupiahs)",16,6,f8d55d59e235
JAWA TIMUR,17,Jombang,,2000,,"2.812.286,60",,"PDRB PER KAPHA ATAS DASAR HARGA BERLAKU DI PROPINSI JAWA TIMUR MENURUT KABUPATEN/KOTA, 2000 - 2003 (RUPIAH)","Per Capita GRDP at Current Price By Regenaes/Muniapalities, in EastJava, 2000 - 2003 (Rupiahs)",16,6,524de4cc5526
JAWA TIMUR,18,Nganjuk,,2000,,"2.421.410,21",,"PDRB PER KAPHA ATAS DASAR HARGA BERLAKU DI PROPINSI JAWA TIMUR MENURUT KABUPATEN/KOTA, 2000 - 2003 (RUPIAH)","Per Capita GRDP at Current Price By Regenaes/Muniapalities, in EastJava, 2000 - 2003 (Rupiahs)",16,6,21f5e34ec405
JAWA TIMUR,19,Madiun,,2000,,"2 331.180,35",,"PDRB PER KAPHA ATAS DASAR HARGA BERLAKU DI PROPINSI JAWA TIMUR MENURUT KABUPATEN/KOTA, 2000 - 2003 (RUPIAH)","Per Capita GRDP at Current Price By Regenaes/Muniapalities, in EastJava, 2000 - 2003 (Rupiahs)",16,6,238f725dcacc
JAWA TIMUR,20,Magetan,,2000,,"2 582.429,22",,"PDRB PER KAPHA ATAS DASAR HARGA BERLAKU DI PROPINSI JAWA TIMUR MENURUT KABUPATEN/KOTA, 2000 - 2003 (RUPIAH)","Per Capita GRDP at Current Price By Regenaes/Muniapalities, in EastJava, 2000 - 2003 (Rupiahs)",16,6,7307a17a4b0f
JAWA TIMUR,21,Ngawi,,2000,,"2.070 064,08",,"PDRB PER KAPHA ATAS DASAR HARGA BERLAKU DI PROPINSI JAWA TIMUR MENURUT KABUPATEN/KOTA, 2000 - 2003 (RUPIAH)","Per Capita GRDP at Current Price By Regenaes/Muniapalities, in EastJava, 2000 - 2003 (Rupiahs)",16,6,3c2e6917ffb5
JAWA TIMUR,22,Bojonegoro,,2000,,"2.003.101,61",,"PDRB PER KAPHA ATAS DASAR HARGA BERLAKU DI PROPINSI JAWA TIMUR MENURUT KABUPATEN/KOTA, 2000 - 2003 (RUPIAH)","Per Capita GRDP at Current Price By Regenaes/Muniapalities, in EastJava, 2000 - 2003 (Rupiahs)",16,6,3d4a59089fe2
JAWA TIMUR,23,Tuban,,2000,,"3.033.116,08",,"PDRB PER KAPHA ATAS DASAR HARGA BERLAKU DI PROPINSI JAWA TIMUR MENURUT KABUPATEN/KOTA, 2000 - 2003 (RUPIAH)","Per Capita GRDP at Current Price By Regenaes/Muniapalities, in EastJava, 2000 - 2003 (Rupiahs)",16,6,7c59f4f7e37c
JAWA TIMUR,,Tuban,*',2000,,"2.822.110,69",,"PDRB PER KAPHA ATAS DASAR HARGA BERLAKU DI PROPINSI JAWA TIMUR MENURUT KABUPATEN/KOTA, 2000 - 2003 (RUPIAH)","Per Capita GRDP at Current Price By Regenaes/Muniapalities, in EastJava, 2000 - 2003 (Rupiahs)",16,6,3382291be4dc
JAWA TIMUR,24,Lamongan,,2000,,"2.326.087,53",,"PDRB PER KAPHA ATAS DASAR HARGA BERLAKU DI PROPINSI JAWA TIMUR MENURUT KABUPATEN/KOTA, 2000 - 2003 (RUPIAH)","Per Capita GRDP at Current Price By Regenaes/Muniapalities, in EastJava, 2000 - 2003 (Rupiahs)",16,6,ab25160ab6ce
JAWA TIMUR,25,Gresik,,2000,,"9.09w2 035,01",,"PDRB PER KAPHA ATAS DASAR HARGA BERLAKU DI PROPINSI JAWA TIMUR MENURUT KABUPATEN/KOTA, 2000 - 2003 (RUPIAH)","Per Capita GRDP at Current Price By Regenaes/Muniapalities, in EastJava, 2000 - 2003 (Rupiahs)",16,6,c7327bca5708
JAWA TIMUR,26,Bangkalan,,2000,,"w2.134 282,97",,"PDRB PER KAPHA ATAS DASAR HARGA BERLAKU DI PROPINSI JAWA TIMUR MENURUT KABUPATEN/KOTA, 2000 - 2003 (RUPIAH)","Per Capita GRDP at Current Price By Regenaes/Muniapalities, in EastJava, 2000 - 2003 (Rupiahs)",16,6,4efa8c49b764
JAWA TIMUR,27,Sampang,,2000,,"2.787.729,53",,"PDRB PER KAPHA ATAS DASAR HARGA BERLAKU DI PROPINSI JAWA TIMUR MENURUT KABUPATEN/KOTA, 2000 - 2003 (RUPIAH)","Per Capita GRDP at Current Price By Regenaes/Muniapalities, in EastJava, 2000 - 2003 (Rupiahs)",16,6,a77e19468c35
JAWA TIMUR,28,Pamekasan,,2000,,"/ /1.721.912,60",,"PDRB PER KAPHA ATAS DASAR HARGA BERLAKU DI PROPINSI JAWA TIMUR MENURUT KABUPATEN/KOTA, 2000 - 2003 (RUPIAH)","Per Capita GRDP at Current Price By Regenaes/Muniapalities, in EastJava, 2000 - 2003 (Rupiahs)",16,6,2e45da0bcfe2
JAWA TIMUR,29,Sumenep,,2000,,"s :3.177.872,35",,"PDRB PER KAPHA ATAS DASAR HARGA BERLAKU DI PROPINSI JAWA TIMUR MENURUT KABUPATEN/KOTA, 2000 - 2003 (RUPIAH)","Per Capita GRDP at Current Price By Regenaes/Muniapalities, in EastJava, 2000 - 2003 (Rupiahs)",16,6,e0538ec9568b
JAWA TIMUR,,Sumenep,*',2000,,"p 2.638 069,10",,"PDRB PER KAPHA ATAS DASAR HARGA BERLAKU DI PROPINSI JAWA TIMUR MENURUT KABUPATEN/KOTA, 2000 - 2003 (RUPIAH)","Per Capita GRDP at Current Price By Regenaes/Muniapalities, in EastJava, 2000 - 2003 (Rupiahs)",16,6,c891c1717f27
JAWA TIMUR,71,Kediri,,2000,,"t 52.954.232,65",,"PDRB PER KAPHA ATAS DASAR HARGA BERLAKU DI PROPINSI JAWA TIMUR MENURUT KABUPATEN/KOTA, 2000 - 2003 (RUPIAH)","Per Capita GRDP at Current Price By Regenaes/Muniapalities, in EastJava, 2000 - 2003 (Rupiahs)",16,6,31df38bcc397
JAWA TIMUR,72,Blitar,,2000,,"t 3.077 641,64",,"PDRB PER KAPHA ATAS DASAR HARGA BERLAKU DI PROPINSI JAWA TIMUR MENURUT KABUPATEN/KOTA, 2000 - 2003 (RUPIAH)","Per Capita GRDP at Current Price By Regenaes/Muniapalities, in EastJava, 2000 - 2003 (Rupiahs)",16,6,17b796db38c4
JAWA TIMUR,73,Malang,,2000,,"h 8.790 892,80",,"PDRB PER KAPHA ATAS DASAR HARGA BERLAKU DI PROPINSI JAWA TIMUR MENURUT KABUPATEN/KOTA, 2000 - 2003 (RUPIAH)","Per Capita GRDP at Current Price By Regenaes/Muniapalities, in EastJava, 2000 - 2003 (Rupiahs)",16,6,38e334961aa2
JAWA TIMUR,79,Batu,#),2000,,-,,"PDRB PER KAPHA ATAS DASAR HARGA BERLAKU DI PROPINSI JAWA TIMUR MENURUT KABUPATEN/KOTA, 2000 - 2003 (RUPIAH)","Per Capita GRDP at Current Price By Regenaes/Muniapalities, in EastJava, 2000 - 2003 (Rupiahs)",16,6,f286348bd412
JAWA TIMUR,74,Probolinggo,,2000,,"5 396.858,15",,"PDRB PER KAPHA ATAS DASAR HARGA BERLAKU DI PROPINSI JAWA TIMUR MENURUT KABUPATEN/KOTA, 2000 - 2003 (RUPIAH)","Per Capita GRDP at Current Price By Regenaes/Muniapalities, in EastJava, 2000 - 2003 (Rupiahs)",16,6,f984804247f9
JAWA TIMUR,75,Pasuruan,,2000,,"4.047.047,17",,"PDRB PER KAPHA ATAS DASAR HARGA BERLAKU DI PROPINSI JAWA TIMUR MENURUT KABUPATEN/KOTA, 2000 - 2003 (RUPIAH)","Per Capita GRDP at Current Price By Regenaes/Muniapalities, in EastJava, 2000 - 2003 (Rupiahs)",16,6,7f8f4e266841
JAWA TIMUR,76,Mojokerto,,2000,,"5.025 392,63",,"PDRB PER KAPHA ATAS DASAR HARGA BERLAKU DI PROPINSI JAWA TIMUR MENURUT KABUPATEN/KOTA, 2000 - 2003 (RUPIAH)","Per Capita GRDP at Current Price By Regenaes/Muniapalities, in EastJava, 2000 - 2003 (Rupiahs)",16,6,9874a626a01d
JAWA TIMUR,77,Madiun,,2000,,"4.040.538,50",,"PDRB PER KAPHA ATAS DASAR HARGA BERLAKU DI PROPINSI JAWA TIMUR MENURUT KABUPATEN/KOTA, 2000 - 2003 (RUPIAH)","Per Capita GRDP at Current Price By Regenaes/Muniapalities, in EastJava, 2000 - 2003 (Rupiahs)",16,6,1afcb2b33f7d
JAWA TIMUR,78,Surabaya,,2000,,"15.682.119,45",,"PDRB PER KAPHA ATAS DASAR HARGA BERLAKU DI PROPINSI JAWA TIMUR MENURUT KABUPATEN/KOTA, 2000 - 2003 (RUPIAH)","Per Capita GRDP at Current Price By Regenaes/Muniapalities, in EastJava, 2000 - 2003 (Rupiahs)",16,6,365468142f02
JAWA TIMUR,,Jml Kab./Kota. Total of Reg./Mun.,,2000,,"4.408.775,26",,"PDRB PER KAPHA ATAS DASAR HARGA BERLAKU DI PROPINSI JAWA TIMUR MENURUT KABUPATEN/KOTA, 2000 - 2003 (RUPIAH)","Per Capita GRDP at Current Price By Regenaes/Muniapalities, in EastJava, 2000 - 2003 (Rupiahs)",16,6,4c792c64bc3b
JAWA TIMUR,,Jml Kab./Kota. Total of Reg./Mun.,*',2000,,"4 387.075,43",,"PDRB PER KAPHA ATAS DASAR HARGA BERLAKU DI PROPINSI JAWA TIMUR MENURUT KABUPATEN/KOTA, 2000 - 2003 (RUPIAH)","Per Capita GRDP at Current Price By Regenaes/Muniapalities, in EastJava, 2000 - 2003 (Rupiahs)",16,6,0ba3e1f30e8f
KALIMANTAN BARAT,01,Sambas,,2000,,"3.977.878,32",,"PDRB PER KAPITA ATAS DASAR HARGA BERLAKU DI PROPINSI KAUMANTAN BARAT MENURUT KABUPATEN/KOTA, 2000 - 2003 (RUPIAH)","Per Capita GRDP at Current Pnce By Regenaes/MunidpaiiOes, in West Kalimantan, 2000 - 2003(Rupiahs)",17,7,760803b5b4e9
KALIMANTAN BARAT,02,Bengkayang,,2000,,"4.009.391,91",,"PDRB PER KAPITA ATAS DASAR HARGA BERLAKU DI PROPINSI KAUMANTAN BARAT MENURUT KABUPATEN/KOTA, 2000 - 2003 (RUPIAH)","Per Capita GRDP at Current Pnce By Regenaes/MunidpaiiOes, in West Kalimantan, 2000 - 2003(Rupiahs)",17,7,28e7de970bb0
KALIMANTAN BARAT,72,Singkawang,#),2000,,-,,"PDRB PER KAPITA ATAS DASAR HARGA BERLAKU DI PROPINSI KAUMANTAN BARAT MENURUT KABUPATEN/KOTA, 2000 - 2003 (RUPIAH)","Per Capita GRDP at Current Pnce By Regenaes/MunidpaiiOes, in West Kalimantan, 2000 - 2003(Rupiahs)",17,7,550752d5eb20
KALIMANTAN BARAT,03,Landak,,2000,,"4.437.373,97",,"PDRB PER KAPITA ATAS DASAR HARGA BERLAKU DI PROPINSI KAUMANTAN BARAT MENURUT KABUPATEN/KOTA, 2000 - 2003 (RUPIAH)","Per Capita GRDP at Current Pnce By Regenaes/MunidpaiiOes, in West Kalimantan, 2000 - 2003(Rupiahs)",17,7,d84a000944c8
KALIMANTAN BARAT,04,Ponbanak,,2000,,"6.451.365,79",,"PDRB PER KAPITA ATAS DASAR HARGA BERLAKU DI PROPINSI KAUMANTAN BARAT MENURUT KABUPATEN/KOTA, 2000 - 2003 (RUPIAH)","Per Capita GRDP at Current Pnce By Regenaes/MunidpaiiOes, in West Kalimantan, 2000 - 2003(Rupiahs)",17,7,75380b814b3a
KALIMANTAN BARAT,05,Sanggau,,2000,,"3.961.413,78",,"PDRB PER KAPITA ATAS DASAR HARGA BERLAKU DI PROPINSI KAUMANTAN BARAT MENURUT KABUPATEN/KOTA, 2000 - 2003 (RUPIAH)","Per Capita GRDP at Current Pnce By Regenaes/MunidpaiiOes, in West Kalimantan, 2000 - 2003(Rupiahs)",17,7,ef7caf5a70da
KALIMANTAN BARAT,06,Ketapang,,2000,,"3.061.576,32",,"PDRB PER KAPITA ATAS DASAR HARGA BERLAKU DI PROPINSI KAUMANTAN BARAT MENURUT KABUPATEN/KOTA, 2000 - 2003 (RUPIAH)","Per Capita GRDP at Current Pnce By Regenaes/MunidpaiiOes, in West Kalimantan, 2000 - 2003(Rupiahs)",17,7,46776f3411cc
KALIMANTAN BARAT,07,Sintang,,2000,,"2.299.970,28",,"PDRB PER KAPITA ATAS DASAR HARGA BERLAKU DI PROPINSI KAUMANTAN BARAT MENURUT KABUPATEN/KOTA, 2000 - 2003 (RUPIAH)","Per Capita GRDP at Current Pnce By Regenaes/MunidpaiiOes, in West Kalimantan, 2000 - 2003(Rupiahs)",17,7,c77947340af8
KALIMANTAN BARAT,08,Kapuas Hulu,,2000,,"3.477.806,28",,"PDRB PER KAPITA ATAS DASAR HARGA BERLAKU DI PROPINSI KAUMANTAN BARAT MENURUT KABUPATEN/KOTA, 2000 - 2003 (RUPIAH)","Per Capita GRDP at Current Pnce By Regenaes/MunidpaiiOes, in West Kalimantan, 2000 - 2003(Rupiahs)",17,7,a69691eb585a
KALIMANTAN BARAT,71,Pontianak,,2000,,"9.126.101,86",,"PDRB PER KAPITA ATAS DASAR HARGA BERLAKU DI PROPINSI KAUMANTAN BARAT MENURUT KABUPATEN/KOTA, 2000 - 2003 (RUPIAH)","Per Capita GRDP at Current Pnce By Regenaes/MunidpaiiOes, in West Kalimantan, 2000 - 2003(Rupiahs)",17,7,03ec0ab727a7
KALIMANTAN BARAT,,Jml Kab./Kota. Total of Reg./Mun.,,2000,,"4.743 098,68",,"PDRB PER KAPITA ATAS DASAR HARGA BERLAKU DI PROPINSI KAUMANTAN BARAT MENURUT KABUPATEN/KOTA, 2000 - 2003 (RUPIAH)","Per Capita GRDP at Current Pnce By Regenaes/MunidpaiiOes, in West Kalimantan, 2000 - 2003(Rupiahs)",17,7,1f69612e6b8a
KALIMANTAN BARAT,,Jml Kab./Kota. Total of Reg./Mun.,*',2000,,"4.743.098,b68",,"PDRB PER KAPITA ATAS DASAR HARGA BERLAKU DI PROPINSI KAUMANTAN BARAT MENURUT KABUPATEN/KOTA, 2000 - 2003 (RUPIAH)","Per Capita GRDP at Current Pnce By Regenaes/MunidpaiiOes, in West Kalimantan, 2000 - 2003(Rupiahs)",17,7,e9c21fca3e20
KALIMANTAN TENGAH,01,Kotawaringin Barat,,2000,,"5.883.821,37",,"PDRB PER KAPITA ATAS DASAR HARGA BERLAKU DI PROPINSI KAUMANTAN TENGAH MENURUT KABUPATEN/KOTA, 2000 - 2003 (RUPIAH)","Per Capita GRDP at Current Pnce By Regenaes/Munidpalities, in Central Kalimantan, 2000 - 2003 (Rupiahs)",18,8,5e8bbbce8ea3
KALIMANTAN TENGAH,06,Sukamara,#),2000,,,,"PDRB PER KAPITA ATAS DASAR HARGA BERLAKU DI PROPINSI KAUMANTAN TENGAH MENURUT KABUPATEN/KOTA, 2000 - 2003 (RUPIAH)","Per Capita GRDP at Current Pnce By Regenaes/Munidpalities, in Central Kalimantan, 2000 - 2003 (Rupiahs)",18,8,7c0fb70c5f84
KALIMANTAN TENGAH,07,Lamandau,#),2000,,,,"PDRB PER KAPITA ATAS DASAR HARGA BERLAKU DI PROPINSI KAUMANTAN TENGAH MENURUT KABUPATEN/KOTA, 2000 - 2003 (RUPIAH)","Per Capita GRDP at Current Pnce By Regenaes/Munidpalities, in Central Kalimantan, 2000 - 2003 (Rupiahs)",18,8,890bdabbc8cd
KALIMANTAN TENGAH,02,Kotawaringin Timur,,2000,,"5.896.649,59",,"PDRB PER KAPITA ATAS DASAR HARGA BERLAKU DI PROPINSI KAUMANTAN TENGAH MENURUT KABUPATEN/KOTA, 2000 - 2003 (RUPIAH)","Per Capita GRDP at Current Pnce By Regenaes/Munidpalities, in Central Kalimantan, 2000 - 2003 (Rupiahs)",18,8,c18f07ce1ec2
KALIMANTAN TENGAH,08,Seruyan,#),2000,,,,"PDRB PER KAPITA ATAS DASAR HARGA BERLAKU DI PROPINSI KAUMANTAN TENGAH MENURUT KABUPATEN/KOTA, 2000 - 2003 (RUPIAH)","Per Capita GRDP at Current Pnce By Regenaes/Munidpalities, in Central Kalimantan, 2000 - 2003 (Rupiahs)",18,8,73772e039a7a
KALIMANTAN TENGAH,09,Katingan,#),2000,,,,"PDRB PER KAPITA ATAS DASAR HARGA BERLAKU DI PROPINSI KAUMANTAN TENGAH MENURUT KABUPATEN/KOTA, 2000 - 2003 (RUPIAH)","Per Capita GRDP at Current Pnce By Regenaes/Munidpalities, in Central Kalimantan, 2000 - 2003 (Rupiahs)",18,8,2cc1b3c0ae50
KALIMANTAN TENGAH,03,Kapuas,,2000,,"2.954 052,56",,"PDRB PER KAPITA ATAS DASAR HARGA BERLAKU DI PROPINSI KAUMANTAN TENGAH MENURUT KABUPATEN/KOTA, 2000 - 2003 (RUPIAH)","Per Capita GRDP at Current Pnce By Regenaes/Munidpalities, in Central Kalimantan, 2000 - 2003 (Rupiahs)",18,8,814c2cf7d577
KALIMANTAN TENGAH,10,Pulang Pisau,#),2000,,,,"PDRB PER KAPITA ATAS DASAR HARGA BERLAKU DI PROPINSI KAUMANTAN TENGAH MENURUT KABUPATEN/KOTA, 2000 - 2003 (RUPIAH)","Per Capita GRDP at Current Pnce By Regenaes/Munidpalities, in Central Kalimantan, 2000 - 2003 (Rupiahs)",18,8,fcef180bf255
KALIMANTAN TENGAH,11,Gunung Mas,#),2000,,,,"PDRB PER KAPITA ATAS DASAR HARGA BERLAKU DI PROPINSI KAUMANTAN TENGAH MENURUT KABUPATEN/KOTA, 2000 - 2003 (RUPIAH)","Per Capita GRDP at Current Pnce By Regenaes/Munidpalities, in Central Kalimantan, 2000 - 2003 (Rupiahs)",18,8,f19633c9fb62
KALIMANTAN TENGAH,04,Barito Selatan,,2000,,"5.783.218,19",,"PDRB PER KAPITA ATAS DASAR HARGA BERLAKU DI PROPINSI KAUMANTAN TENGAH MENURUT KABUPATEN/KOTA, 2000 - 2003 (RUPIAH)","Per Capita GRDP at Current Pnce By Regenaes/Munidpalities, in Central Kalimantan, 2000 - 2003 (Rupiahs)",18,8,4235383d25c2
KALIMANTAN TENGAH,12,Banto Timur,#),2000,,d,,"PDRB PER KAPITA ATAS DASAR HARGA BERLAKU DI PROPINSI KAUMANTAN TENGAH MENURUT KABUPATEN/KOTA, 2000 - 2003 (RUPIAH)","Per Capita GRDP at Current Pnce By Regenaes/Munidpalities, in Central Kalimantan, 2000 - 2003 (Rupiahs)",18,8,472683bcab54
KALIMANTAN TENGAH,05,Barito Utara,,2000,,"8.519.587,48",,"PDRB PER KAPITA ATAS DASAR HARGA BERLAKU DI PROPINSI KAUMANTAN TENGAH MENURUT KABUPATEN/KOTA, 2000 - 2003 (RUPIAH)","Per Capita GRDP at Current Pnce By Regenaes/Munidpalities, in Central Kalimantan, 2000 - 2003 (Rupiahs)",18,8,f45bff36039f
KALIMANTAN TENGAH,13,Murung Raya,#),2000,,,,"PDRB PER KAPITA ATAS DASAR HARGA BERLAKU DI PROPINSI KAUMANTAN TENGAH MENURUT KABUPATEN/KOTA, 2000 - 2003 (RUPIAH)","Per Capita GRDP at Current Pnce By Regenaes/Munidpalities, in Central Kalimantan, 2000 - 2003 (Rupiahs)",18,8,ba6e718d6708
KALIMANTAN TENGAH,71,Palangkaraya,,2000,,"4.881.412,07",,"PDRB PER KAPITA ATAS DASAR HARGA BERLAKU DI PROPINSI KAUMANTAN TENGAH MENURUT KABUPATEN/KOTA, 2000 - 2003 (RUPIAH)","Per Capita GRDP at Current Pnce By Regenaes/Munidpalities, in Central Kalimantan, 2000 - 2003 (Rupiahs)",18,8,8a97f7ab5948
KALIMANTAN TENGAH,,Jml Kab./Kota Total of Reg./Mun.,,2000,,"4.999.203,35",,"PDRB PER KAPITA ATAS DASAR HARGA BERLAKU DI PROPINSI KAUMANTAN TENGAH MENURUT KABUPATEN/KOTA, 2000 - 2003 (RUPIAH)","Per Capita GRDP at Current Pnce By Regenaes/Munidpalities, in Central Kalimantan, 2000 - 2003 (Rupiahs)",18,8,4bec72a64fc7
KALIMANTAN TENGAH,,Jml Kab./Kota. Total of Reg /Mun,*',2000,,"4.999.2w03,35",,"PDRB PER KAPITA ATAS DASAR HARGA BERLAKU DI PROPINSI KAUMANTAN TENGAH MENURUT KABUPATEN/KOTA, 2000 - 2003 (RUPIAH)","Per Capita GRDP at Current Pnce By Regenaes/Munidpalities, in Central Kalimantan, 2000 - 2003 (Rupiahs)",18,8,d3fb40a76801
KALIMANTAN SELATAN,01,Tanah Laut,,2000,,"5.284.539,36",,"PDRB PER KAPITA ATAS DASAR HARGA BERLAKU DI PROPINSI KALIMANTAN SELATAN MENURUT KABUPATEN/KOTA, 2000 - 2003 (RUPIAH)","Per Capita GRDP at Current Pnce By Regendes/Munidpaiities, m South Kalimantan, 2000 - 2003 (Rupiahs)",19,9,630c482a0bb5
KALIMANTAN SELATAN,02,Kota Baru,,2000,,"8.386.929,42",,"PDRB PER KAPITA ATAS DASAR HARGA BERLAKU DI PROPINSI KALIMANTAN SELATAN MENURUT KABUPATEN/KOTA, 2000 - 2003 (RUPIAH)","Per Capita GRDP at Current Pnce By Regendes/Munidpaiities, m South Kalimantan, 2000 - 2003 (Rupiahs)",19,9,e8f74c7dc50c
KALIMANTAN SELATAN,10,Tanah Bumbu,#),2000,,,,"PDRB PER KAPITA ATAS DASAR HARGA BERLAKU DI PROPINSI KALIMANTAN SELATAN MENURUT KABUPATEN/KOTA, 2000 - 2003 (RUPIAH)","Per Capita GRDP at Current Pnce By Regendes/Munidpaiities, m South Kalimantan, 2000 - 2003 (Rupiahs)",19,9,f0b19cd0eea9
KALIMANTAN SELATAN,03,Banjar,,2000,,"3.898.231,10",,"PDRB PER KAPITA ATAS DASAR HARGA BERLAKU DI PROPINSI KALIMANTAN SELATAN MENURUT KABUPATEN/KOTA, 2000 - 2003 (RUPIAH)","Per Capita GRDP at Current Pnce By Regendes/Munidpaiities, m South Kalimantan, 2000 - 2003 (Rupiahs)",19,9,15dad1eab657
KALIMANTAN SELATAN,04,Barito Kuala,,2000,,"7.778.095,27",,"PDRB PER KAPITA ATAS DASAR HARGA BERLAKU DI PROPINSI KALIMANTAN SELATAN MENURUT KABUPATEN/KOTA, 2000 - 2003 (RUPIAH)","Per Capita GRDP at Current Pnce By Regendes/Munidpaiities, m South Kalimantan, 2000 - 2003 (Rupiahs)",19,9,3a311d14f40a
KALIMANTAN SELATAN,05,Tapin,,2000,,"4.325.395,24",,"PDRB PER KAPITA ATAS DASAR HARGA BERLAKU DI PROPINSI KALIMANTAN SELATAN MENURUT KABUPATEN/KOTA, 2000 - 2003 (RUPIAH)","Per Capita GRDP at Current Pnce By Regendes/Munidpaiities, m South Kalimantan, 2000 - 2003 (Rupiahs)",19,9,88ff53b684ea
KALIMANTAN SELATAN,06,Hulu Sungai Selatan,,2000,,"3.614.308,20",,"PDRB PER KAPITA ATAS DASAR HARGA BERLAKU DI PROPINSI KALIMANTAN SELATAN MENURUT KABUPATEN/KOTA, 2000 - 2003 (RUPIAH)","Per Capita GRDP at Current Pnce By Regendes/Munidpaiities, m South Kalimantan, 2000 - 2003 (Rupiahs)",19,9,5358ead37974
KALIMANTAN SELATAN,07,Hulu Sungai Tengah,,2000,,"4.462 782,67",,"PDRB PER KAPITA ATAS DASAR HARGA BERLAKU DI PROPINSI KALIMANTAN SELATAN MENURUT KABUPATEN/KOTA, 2000 - 2003 (RUPIAH)","Per Capita GRDP at Current Pnce By Regendes/Munidpaiities, m South Kalimantan, 2000 - 2003 (Rupiahs)",19,9,d15ccf7afe56
KALIMANTAN SELATAN,08,Hulu Sungai Utara,,2000,,"5 309.615,76",,"PDRB PER KAPITA ATAS DASAR HARGA BERLAKU DI PROPINSI KALIMANTAN SELATAN MENURUT KABUPATEN/KOTA, 2000 - 2003 (RUPIAH)","Per Capita GRDP at Current Pnce By Regendes/Munidpaiities, m South Kalimantan, 2000 - 2003 (Rupiahs)",19,9,1d4f7cbf51b4
KALIMANTAN SELATAN,,Hulu Sungai Utara,*',2000,,"5 165 752,23",,"PDRB PER KAPITA ATAS DASAR HARGA BERLAKU DI PROPINSI KALIMANTAN SELATAN MENURUT KABUPATEN/KOTA, 2000 - 2003 (RUPIAH)","Per Capita GRDP at Current Pnce By Regendes/Munidpaiities, m South Kalimantan, 2000 - 2003 (Rupiahs)",19,9,3f3f182777e1
KALIMANTAN SELATAN,11,Balangan,#),2000,,o,,"PDRB PER KAPITA ATAS DASAR HARGA BERLAKU DI PROPINSI KALIMANTAN SELATAN MENURUT KABUPATEN/KOTA, 2000 - 2003 (RUPIAH)","Per Capita GRDP at Current Pnce By Regendes/Munidpaiities, m South Kalimantan, 2000 - 2003 (Rupiahs)",19,9,9e9780cd5165
KALIMANTAN SELATAN,,Balangan,*',2000,,,,"PDRB PER KAPITA ATAS DASAR HARGA BERLAKU DI PROPINSI KALIMANTAN SELATAN MENURUT KABUPATEN/KOTA, 2000 - 2003 (RUPIAH)","Per Capita GRDP at Current Pnce By Regendes/Munidpaiities, m South Kalimantan, 2000 - 2003 (Rupiahs)",19,9,f27235c4f015
KALIMANTAN SELATAN,09,Tabalong,,2000,,"8 429.267,12",,"PDRB PER KAPITA ATAS DASAR HARGA BERLAKU DI PROPINSI KALIMANTAN SELATAN MENURUT KABUPATEN/KOTA, 2000 - 2003 (RUPIAH)","Per Capita GRDP at Current Pnce By Regendes/Munidpaiities, m South Kalimantan, 2000 - 2003 (Rupiahs)",19,9,c0e66b7b9ac7
KALIMANTAN SELATAN,,Tabalong,*',2000,,"5.662.075,56",,"PDRB PER KAPITA ATAS DASAR HARGA BERLAKU DI PROPINSI KALIMANTAN SELATAN MENURUT KABUPATEN/KOTA, 2000 - 2003 (RUPIAH)","Per Capita GRDP at Current Pnce By Regendes/Munidpaiities, m South Kalimantan, 2000 - 2003 (Rupiahs)",19,9,8b08ff4b5515
KALIMANTAN SELATAN,71,Banjarmasin,,2000,,"5.503 6w07,78",,"PDRB PER KAPITA ATAS DASAR HARGA BERLAKU DI PROPINSI KALIMANTAN SELATAN MENURUT KABUPATEN/KOTA, 2000 - 2003 (RUPIAH)","Per Capita GRDP at Current Pnce By Regendes/Munidpaiities, m South Kalimantan, 2000 - 2003 (Rupiahs)",19,9,0e4c8fff73c6
KALIMANTAN SELATAN,72,Banjarbaru,,2000,,"4.462.782,67",,"PDRB PER KAPITA ATAS DASAR HARGA BERLAKU DI PROPINSI KALIMANTAN SELATAN MENURUT KABUPATEN/KOTA, 2000 - 2003 (RUPIAH)","Per Capita GRDP at Current Pnce By Regendes/Munidpaiities, m South Kalimantan, 2000 - 2003 (Rupiahs)",19,9,06dd43263128
KALIMANTAN SELATAN,,Jml Kab./Kota. Total of Reg./Mun.,,2000,,": /5.799.407,10",,"PDRB PER KAPITA ATAS DASAR HARGA BERLAKU DI PROPINSI KALIMANTAN SELATAN MENURUT KABUPATEN/KOTA, 2000 - 2003 (RUPIAH)","Per Capita GRDP at Current Pnce By Regendes/Munidpaiities, m South Kalimantan, 2000 - 2003 (Rupiahs)",19,9,8ddfab0610f1
KALIMANTAN SELATAN,,Jml Kab./Kota. Total of Reg./Mun.,*',2000,,"s 5.612.505,62",,"PDRB PER KAPITA ATAS DASAR HARGA BERLAKU DI PROPINSI KALIMANTAN SELATAN MENURUT KABUPATEN/KOTA, 2000 - 2003 (RUPIAH)","Per Capita GRDP at Current Pnce By Regendes/Munidpaiities, m South Kalimantan, 2000 - 2003 (Rupiahs)",19,9,3b978a1a189a
KALIMANTAN TIMUR,01,Pasir,,2000,,"7.194.899,37",,"PDRB PER KAPITA ATAS DASAR HARGA BERLAKU DI PROPINSI KALIMANTAN TIMUR MENURUT KABUPATEN/KOTA, 2000 - 2003 (RUPIAH)","Per Capita GRDP at Current Pnce By Regencies/Municipalities, in East Kalimantan, 2000 - 2003 (Rupiahs)",20,10,cc04fdee284c
KALIMANTAN TIMUR,09,Penajam Paser Utara,#),2000,,,,"PDRB PER KAPITA ATAS DASAR HARGA BERLAKU DI PROPINSI KALIMANTAN TIMUR MENURUT KABUPATEN/KOTA, 2000 - 2003 (RUPIAH)","Per Capita GRDP at Current Pnce By Regencies/Municipalities, in East Kalimantan, 2000 - 2003 (Rupiahs)",20,10,cdf5cd1a683e
KALIMANTAN TIMUR,02,Kutai Barat,,2000,,"11.133.053,96",,"PDRB PER KAPITA ATAS DASAR HARGA BERLAKU DI PROPINSI KALIMANTAN TIMUR MENURUT KABUPATEN/KOTA, 2000 - 2003 (RUPIAH)","Per Capita GRDP at Current Pnce By Regencies/Municipalities, in East Kalimantan, 2000 - 2003 (Rupiahs)",20,10,4d0c962402e8
KALIMANTAN TIMUR,03,Kutai Kartanegara,,2000,,"42.964 897,30",,"PDRB PER KAPITA ATAS DASAR HARGA BERLAKU DI PROPINSI KALIMANTAN TIMUR MENURUT KABUPATEN/KOTA, 2000 - 2003 (RUPIAH)","Per Capita GRDP at Current Pnce By Regencies/Municipalities, in East Kalimantan, 2000 - 2003 (Rupiahs)",20,10,be529cfc9434
KALIMANTAN TIMUR,,Kutai Kartanegara,*',2000,,"11.127 114,41",,"PDRB PER KAPITA ATAS DASAR HARGA BERLAKU DI PROPINSI KALIMANTAN TIMUR MENURUT KABUPATEN/KOTA, 2000 - 2003 (RUPIAH)","Per Capita GRDP at Current Pnce By Regencies/Municipalities, in East Kalimantan, 2000 - 2003 (Rupiahs)",20,10,bf1aedf25aaa
KALIMANTAN TIMUR,04,Kutai Timur,,2000,,"24.754.167,43",,"PDRB PER KAPITA ATAS DASAR HARGA BERLAKU DI PROPINSI KALIMANTAN TIMUR MENURUT KABUPATEN/KOTA, 2000 - 2003 (RUPIAH)","Per Capita GRDP at Current Pnce By Regencies/Municipalities, in East Kalimantan, 2000 - 2003 (Rupiahs)",20,10,c1f6e4cd3c79
KALIMANTAN TIMUR,,Kutai Timur,*',2000,,"23.307.815,03",,"PDRB PER KAPITA ATAS DASAR HARGA BERLAKU DI PROPINSI KALIMANTAN TIMUR MENURUT KABUPATEN/KOTA, 2000 - 2003 (RUPIAH)","Per Capita GRDP at Current Pnce By Regencies/Municipalities, in East Kalimantan, 2000 - 2003 (Rupiahs)",20,10,ac07a9e500fa
KALIMANTAN TIMUR,06,Malinau,,2000,,"8.123.010,65",,"PDRB PER KAPITA ATAS DASAR HARGA BERLAKU DI PROPINSI KALIMANTAN TIMUR MENURUT KABUPATEN/KOTA, 2000 - 2003 (RUPIAH)","Per Capita GRDP at Current Pnce By Regencies/Municipalities, in East Kalimantan, 2000 - 2003 (Rupiahs)",20,10,affa7542cee7
KALIMANTAN TIMUR,05,Berau,,2000,,"18 664 838,18",,"PDRB PER KAPITA ATAS DASAR HARGA BERLAKU DI PROPINSI KALIMANTAN TIMUR MENURUT KABUPATEN/KOTA, 2000 - 2003 (RUPIAH)","Per Capita GRDP at Current Pnce By Regencies/Municipalities, in East Kalimantan, 2000 - 2003 (Rupiahs)",20,10,670e4492b307
KALIMANTAN TIMUR,07,Bulungan,,2000,,"6 578.534,64",,"PDRB PER KAPITA ATAS DASAR HARGA BERLAKU DI PROPINSI KALIMANTAN TIMUR MENURUT KABUPATEN/KOTA, 2000 - 2003 (RUPIAH)","Per Capita GRDP at Current Pnce By Regencies/Municipalities, in East Kalimantan, 2000 - 2003 (Rupiahs)",20,10,7bc45cea7576
KALIMANTAN TIMUR,,Bulungan,*',2000,,"5.105.397,75",,"PDRB PER KAPITA ATAS DASAR HARGA BERLAKU DI PROPINSI KALIMANTAN TIMUR MENURUT KABUPATEN/KOTA, 2000 - 2003 (RUPIAH)","Per Capita GRDP at Current Pnce By Regencies/Municipalities, in East Kalimantan, 2000 - 2003 (Rupiahs)",20,10,d28aac6e0bbf
KALIMANTAN TIMUR,08,Nunukan,,2000,,"3 877.421,53",,"PDRB PER KAPITA ATAS DASAR HARGA BERLAKU DI PROPINSI KALIMANTAN TIMUR MENURUT KABUPATEN/KOTA, 2000 - 2003 (RUPIAH)","Per Capita GRDP at Current Pnce By Regencies/Municipalities, in East Kalimantan, 2000 - 2003 (Rupiahs)",20,10,67de86a98788
KALIMANTAN TIMUR,,Nunukan,*',2000,,"2.420.455,74",,"PDRB PER KAPITA ATAS DASAR HARGA BERLAKU DI PROPINSI KALIMANTAN TIMUR MENURUT KABUPATEN/KOTA, 2000 - 2003 (RUPIAH)","Per Capita GRDP at Current Pnce By Regencies/Municipalities, in East Kalimantan, 2000 - 2003 (Rupiahs)",20,10,48b9ff14ae74
KALIMANTAN TIMUR,71,Balikpapan,,2000,,"21.017.581,p11",,"PDRB PER KAPITA ATAS DASAR HARGA BERLAKU DI PROPINSI KALIMANTAN TIMUR MENURUT KABUPATEN/KOTA, 2000 - 2003 (RUPIAH)","Per Capita GRDP at Current Pnce By Regencies/Municipalities, in East Kalimantan, 2000 - 2003 (Rupiahs)",20,10,51bb5d19e32c
KALIMANTAN TIMUR,,Balikpapan,*',2000,,"11 567.16b3,22",,"PDRB PER KAPITA ATAS DASAR HARGA BERLAKU DI PROPINSI KALIMANTAN TIMUR MENURUT KABUPATEN/KOTA, 2000 - 2003 (RUPIAH)","Per Capita GRDP at Current Pnce By Regencies/Municipalities, in East Kalimantan, 2000 - 2003 (Rupiahs)",20,10,d9a519140783
KALIMANTAN TIMUR,72,Samannda,,2000,,"11.654.138,64",,"PDRB PER KAPITA ATAS DASAR HARGA BERLAKU DI PROPINSI KALIMANTAN TIMUR MENURUT KABUPATEN/KOTA, 2000 - 2003 (RUPIAH)","Per Capita GRDP at Current Pnce By Regencies/Municipalities, in East Kalimantan, 2000 - 2003 (Rupiahs)",20,10,9c244f55bea2
KALIMANTAN TIMUR,73,Tarakan,,2000,,"w9.634 682,14",,"PDRB PER KAPITA ATAS DASAR HARGA BERLAKU DI PROPINSI KALIMANTAN TIMUR MENURUT KABUPATEN/KOTA, 2000 - 2003 (RUPIAH)","Per Capita GRDP at Current Pnce By Regencies/Municipalities, in East Kalimantan, 2000 - 2003 (Rupiahs)",20,10,1db34e5b4562
KALIMANTAN TIMUR,,Tarakan,*',2000,,"/9.010.182,48",,"PDRB PER KAPITA ATAS DASAR HARGA BERLAKU DI PROPINSI KALIMANTAN TIMUR MENURUT KABUPATEN/KOTA, 2000 - 2003 (RUPIAH)","Per Capita GRDP at Current Pnce By Regencies/Municipalities, in East Kalimantan, 2000 - 2003 (Rupiahs)",20,10,aef77f0563c7
KALIMANTAN TIMUR,74,Bontang,,2000,,": 263.949.613,12",,"PDRB PER KAPITA ATAS DASAR HARGA BERLAKU DI PROPINSI KALIMANTAN TIMUR MENURUT KABUPATEN/KOTA, 2000 - 2003 (RUPIAH)","Per Capita GRDP at Current Pnce By Regencies/Municipalities, in East Kalimantan, 2000 - 2003 (Rupiahs)",20,10,e2be7885e87e
KALIMANTAN TIMUR,,Bontang,*',2000,,"p 19.405.204,72",,"PDRB PER KAPITA ATAS DASAR HARGA BERLAKU DI PROPINSI KALIMANTAN TIMUR MENURUT KABUPATEN/KOTA, 2000 - 2003 (RUPIAH)","Per Capita GRDP at Current Pnce By Regencies/Municipalities, in East Kalimantan, 2000 - 2003 (Rupiahs)",20,10,11bb3a5e172b
KALIMANTAN TIMUR,,Jml Kab./Kota. Total of Reg./hMun.,,2000,,"29.172.035,16",,"PDRB PER KAPITA ATAS DASAR HARGA BERLAKU DI PROPINSI KALIMANTAN TIMUR MENURUT KABUPATEN/KOTA, 2000 - 2003 (RUPIAH)","Per Capita GRDP at Current Pnce By Regencies/Municipalities, in East Kalimantan, 2000 - 2003 (Rupiahs)",20,10,7653639f7a24
KALIMANTAN TIMUR,,Jml Kab /Kota. Total of Reg./Mun.,*',2000,,"11.629.366,46",,"PDRB PER KAPITA ATAS DASAR HARGA BERLAKU DI PROPINSI KALIMANTAN TIMUR MENURUT KABUPATEN/KOTA, 2000 - 2003 (RUPIAH)","Per Capita GRDP at Current Pnce By Regencies/Municipalities, in East Kalimantan, 2000 - 2003 (Rupiahs)",20,10,99750ee0a380
DKI JAKARTA,71,Jakarta Selatan,,2001,,"19.880.419,65",,"PDRB PER KAPITA ATAS DASAR HARGA BERLAKU DI PROPINSI DKI JAKARTA MENURUT KABUPATEN/KOTA, 2000 - 2003 (RUPIAH)","Per Capita GRDP at Current Price By Regendes/Municipalities, in DKIJakarta, 2000 - 2003 (Rupiahs)",11,1,bc434ed359ec
DKI JAKARTA,72,Jakarta Timur,,2001,,"16.914.439,93",,"PDRB PER KAPITA ATAS DASAR HARGA BERLAKU DI PROPINSI DKI JAKARTA MENURUT KABUPATEN/KOTA, 2000 - 2003 (RUPIAH)","Per Capita GRDP at Current Price By Regendes/Municipalities, in DKIJakarta, 2000 - 2003 (Rupiahs)",11,1,b44a6eb85c4c
DKI JAKARTA,73,Jakarta Pusat,,2001,,"58 301.287,89",,"PDRB PER KAPITA ATAS DASAR HARGA BERLAKU DI PROPINSI DKI JAKARTA MENURUT KABUPATEN/KOTA, 2000 - 2003 (RUPIAH)","Per Capita GRDP at Current Price By Regendes/Municipalities, in DKIJakarta, 2000 - 2003 (Rupiahs)",11,1,17f1791fab6a
DKI JAKARTA,74,Jakarta Barat,,2001,,"18.644.173,54",,"PDRB PER KAPITA ATAS DASAR HARGA BERLAKU DI PROPINSI DKI JAKARTA MENURUT KABUPATEN/KOTA, 2000 - 2003 (RUPIAH)","Per Capita GRDP at Current Price By Regendes/Municipalities, in DKIJakarta, 2000 - 2003 (Rupiahs)",11,1,fb351666671e
DKI JAKARTA,75,Jakarta Utara,,2001,,"29.784 767,19",,"PDRB PER KAPITA ATAS DASAR HARGA BERLAKU DI PROPINSI DKI JAKARTA MENURUT KABUPATEN/KOTA, 2000 - 2003 (RUPIAH)","Per Capita GRDP at Current Price By Regendes/Municipalities, in DKIJakarta, 2000 - 2003 (Rupiahs)",11,1,7d6af12547d2
DKI JAKARTA,01,Kepulauan Seribu,#),2001,,"78.556.256,37",,"PDRB PER KAPITA ATAS DASAR HARGA BERLAKU DI PROPINSI DKI JAKARTA MENURUT KABUPATEN/KOTA, 2000 - 2003 (RUPIAH)","Per Capita GRDP at Current Price By Regendes/Municipalities, in DKIJakarta, 2000 - 2003 (Rupiahs)",11,1,e8d8e568c989
DKI JAKARTA,,Jml Kab./Kota. Total of Reg./Mun.,,2001,,"24.599.803d,54",,"PDRB PER KAPITA ATAS DASAR HARGA BERLAKU DI PROPINSI DKI JAKARTA MENURUT KABUPATEN/KOTA, 2000 - 2003 (RUPIAH)","Per Capita GRDP at Current Price By Regendes/Municipalities, in DKIJakarta, 2000 - 2003 (Rupiahs)",11,1,ca6828768f3f
DKI JAKARTA,,Jml Kab./Kota. Total of Reg./Mun.,*',2001,,"24.599.80i3,54",,"PDRB PER KAPITA ATAS DASAR HARGA BERLAKU DI PROPINSI DKI JAKARTA MENURUT KABUPATEN/KOTA, 2000 - 2003 (RUPIAH)","Per Capita GRDP at Current Price By Regendes/Municipalities, in DKIJakarta, 2000 - 2003 (Rupiahs)",11,1,0a1f90a517bb
JAWA BARAT,01,Bogor,,2001,,"3.181.442,88",,"PDRB PER KAPITA ATAS DASAR HARGA BERLAKU DI PROPINSI JAWA BARAT MENURUT KABUPATEN/KOTA, 2000 - 2003 (RUPIAH)","Per Capita GRDP at Current Pnce By Regenaes/Muniapalities, in West Java, 2000 - 2003 (Rupiahs)",12,2,210796232bad
JAWA BARAT,02,Sukabumi,,2001,,"3.154.492,72",,"PDRB PER KAPITA ATAS DASAR HARGA BERLAKU DI PROPINSI JAWA BARAT MENURUT KABUPATEN/KOTA, 2000 - 2003 (RUPIAH)","Per Capita GRDP at Current Pnce By Regenaes/Muniapalities, in West Java, 2000 - 2003 (Rupiahs)",12,2,ebc4cbfa3e47
JAWA BARAT,,Sukabumi,*',2001,,"3.091.363,10",,"PDRB PER KAPITA ATAS DASAR HARGA BERLAKU DI PROPINSI JAWA BARAT MENURUT KABUPATEN/KOTA, 2000 - 2003 (RUPIAH)","Per Capita GRDP at Current Pnce By Regenaes/Muniapalities, in West Java, 2000 - 2003 (Rupiahs)",12,2,9eb85036f65f
JAWA BARAT,03,Cianjur,,2001,,"3.096.583,79",,"PDRB PER KAPITA ATAS DASAR HARGA BERLAKU DI PROPINSI JAWA BARAT MENURUT KABUPATEN/KOTA, 2000 - 2003 (RUPIAH)","Per Capita GRDP at Current Pnce By Regenaes/Muniapalities, in West Java, 2000 - 2003 (Rupiahs)",12,2,1861d284413d
JAWA BARAT,04,Bandung,,2001,,"4.874.410,26",,"PDRB PER KAPITA ATAS DASAR HARGA BERLAKU DI PROPINSI JAWA BARAT MENURUT KABUPATEN/KOTA, 2000 - 2003 (RUPIAH)","Per Capita GRDP at Current Pnce By Regenaes/Muniapalities, in West Java, 2000 - 2003 (Rupiahs)",12,2,8c25a09d0876
JAWA BARAT,,Bandung,*',2001,,"4.851.755,57",,"PDRB PER KAPITA ATAS DASAR HARGA BERLAKU DI PROPINSI JAWA BARAT MENURUT KABUPATEN/KOTA, 2000 - 2003 (RUPIAH)","Per Capita GRDP at Current Pnce By Regenaes/Muniapalities, in West Java, 2000 - 2003 (Rupiahs)",12,2,471613ee7ede
JAWA BARAT,05,Garut,,2001,,"3.158.725,31",,"PDRB PER KAPITA ATAS DASAR HARGA BERLAKU DI PROPINSI JAWA BARAT MENURUT KABUPATEN/KOTA, 2000 - 2003 (RUPIAH)","Per Capita GRDP at Current Pnce By Regenaes/Muniapalities, in West Java, 2000 - 2003 (Rupiahs)",12,2,5d54f1ecab32
JAWA BARAT,06,Tasikmalaya,,2001,,"3.034.806,92",,"PDRB PER KAPITA ATAS DASAR HARGA BERLAKU DI PROPINSI JAWA BARAT MENURUT KABUPATEN/KOTA, 2000 - 2003 (RUPIAH)","Per Capita GRDP at Current Pnce By Regenaes/Muniapalities, in West Java, 2000 - 2003 (Rupiahs)",12,2,beb8f50a5bef
JAWA BARAT,07,Ciamis,,2001,,"3.573.513,42",,"PDRB PER KAPITA ATAS DASAR HARGA BERLAKU DI PROPINSI JAWA BARAT MENURUT KABUPATEN/KOTA, 2000 - 2003 (RUPIAH)","Per Capita GRDP at Current Pnce By Regenaes/Muniapalities, in West Java, 2000 - 2003 (Rupiahs)",12,2,6441602c72e6
JAWA BARAT,79,Banjar,#),2001,,-,,"PDRB PER KAPITA ATAS DASAR HARGA BERLAKU DI PROPINSI JAWA BARAT MENURUT KABUPATEN/KOTA, 2000 - 2003 (RUPIAH)","Per Capita GRDP at Current Pnce By Regenaes/Muniapalities, in West Java, 2000 - 2003 (Rupiahs)",12,2,e6666daaeed5
JAWA BARAT,08,Kuningan,,2001,,"2.557 759,34",,"PDRB PER KAPITA ATAS DASAR HARGA BERLAKU DI PROPINSI JAWA BARAT MENURUT KABUPATEN/KOTA, 2000 - 2003 (RUPIAH)","Per Capita GRDP at Current Pnce By Regenaes/Muniapalities, in West Java, 2000 - 2003 (Rupiahs)",12,2,459984f2459a
JAWA BARAT,09,Cirobon,,2001,,"2.651.117,42",,"PDRB PER KAPITA ATAS DASAR HARGA BERLAKU DI PROPINSI JAWA BARAT MENURUT KABUPATEN/KOTA, 2000 - 2003 (RUPIAH)","Per Capita GRDP at Current Pnce By Regenaes/Muniapalities, in West Java, 2000 - 2003 (Rupiahs)",12,2,5400a4fd719b
JAWA BARAT,10,Majalengka,,2001,,"2 766 821,70",,"PDRB PER KAPITA ATAS DASAR HARGA BERLAKU DI PROPINSI JAWA BARAT MENURUT KABUPATEN/KOTA, 2000 - 2003 (RUPIAH)","Per Capita GRDP at Current Pnce By Regenaes/Muniapalities, in West Java, 2000 - 2003 (Rupiahs)",12,2,46634e7eeedf
JAWA BARAT,,Majalengka,*',2001,,"2.758 595,25",,"PDRB PER KAPITA ATAS DASAR HARGA BERLAKU DI PROPINSI JAWA BARAT MENURUT KABUPATEN/KOTA, 2000 - 2003 (RUPIAH)","Per Capita GRDP at Current Pnce By Regenaes/Muniapalities, in West Java, 2000 - 2003 (Rupiahs)",12,2,8f254c08d4f7
JAWA BARAT,11,Sumedang,,2001,,"3.100 d579,79",,"PDRB PER KAPITA ATAS DASAR HARGA BERLAKU DI PROPINSI JAWA BARAT MENURUT KABUPATEN/KOTA, 2000 - 2003 (RUPIAH)","Per Capita GRDP at Current Pnce By Regenaes/Muniapalities, in West Java, 2000 - 2003 (Rupiahs)",12,2,8d9beef6c376
JAWA BARAT,12,Indramayu,,2001,,"10.25.6i.435,94",,"PDRB PER KAPITA ATAS DASAR HARGA BERLAKU DI PROPINSI JAWA BARAT MENURUT KABUPATEN/KOTA, 2000 - 2003 (RUPIAH)","Per Capita GRDP at Current Pnce By Regenaes/Muniapalities, in West Java, 2000 - 2003 (Rupiahs)",12,2,0b8db0b350e7
JAWA BARAT,,Indramayu,*',2001,,"3o 274.963,35",,"PDRB PER KAPITA ATAS DASAR HARGA BERLAKU DI PROPINSI JAWA BARAT MENURUT KABUPATEN/KOTA, 2000 - 2003 (RUPIAH)","Per Capita GRDP at Current Pnce By Regenaes/Muniapalities, in West Java, 2000 - 2003 (Rupiahs)",12,2,cf26f5be6f9e
JAWA BARAT,13,Subang,,2001,,"g3.405.225,98",,"PDRB PER KAPITA ATAS DASAR HARGA BERLAKU DI PROPINSI JAWA BARAT MENURUT KABUPATEN/KOTA, 2000 - 2003 (RUPIAH)","Per Capita GRDP at Current Pnce By Regenaes/Muniapalities, in West Java, 2000 - 2003 (Rupiahs)",12,2,517658f84600
JAWA BARAT,,Subang,*',2001,,"s .3.377.417,89",,"PDRB PER KAPITA ATAS DASAR HARGA BERLAKU DI PROPINSI JAWA BARAT MENURUT KABUPATEN/KOTA, 2000 - 2003 (RUPIAH)","Per Capita GRDP at Current Pnce By Regenaes/Muniapalities, in West Java, 2000 - 2003 (Rupiahs)",12,2,d5f9ac44de51
JAWA BARAT,14,Purwakarta,,2001,,"7.320.153,18",,"PDRB PER KAPITA ATAS DASAR HARGA BERLAKU DI PROPINSI JAWA BARAT MENURUT KABUPATEN/KOTA, 2000 - 2003 (RUPIAH)","Per Capita GRDP at Current Pnce By Regenaes/Muniapalities, in West Java, 2000 - 2003 (Rupiahs)",12,2,0b21d9355811
JAWA BARAT,15,Karawang,,2001,,"5.301.462,43",,"PDRB PER KAPITA ATAS DASAR HARGA BERLAKU DI PROPINSI JAWA BARAT MENURUT KABUPATEN/KOTA, 2000 - 2003 (RUPIAH)","Per Capita GRDP at Current Pnce By Regenaes/Muniapalities, in West Java, 2000 - 2003 (Rupiahs)",12,2,158445a6080d
JAWA BARAT,,Karawang,*',2001,,"4.958.661,94",,"PDRB PER KAPITA ATAS DASAR HARGA BERLAKU DI PROPINSI JAWA BARAT MENURUT KABUPATEN/KOTA, 2000 - 2003 (RUPIAH)","Per Capita GRDP at Current Pnce By Regenaes/Muniapalities, in West Java, 2000 - 2003 (Rupiahs)",12,2,0911668db827
JAWA BARAT,16,Bekasi,,2001,,"18 639.390,07",,"PDRB PER KAPITA ATAS DASAR HARGA BERLAKU DI PROPINSI JAWA BARAT MENURUT KABUPATEN/KOTA, 2000 - 2003 (RUPIAH)","Per Capita GRDP at Current Pnce By Regenaes/Muniapalities, in West Java, 2000 - 2003 (Rupiahs)",12,2,bbcfaf86dc45
JAWA BARAT,,Bekasi,*',2001,,"18 586.803,00",,"PDRB PER KAPITA ATAS DASAR HARGA BERLAKU DI PROPINSI JAWA BARAT MENURUT KABUPATEN/KOTA, 2000 - 2003 (RUPIAH)","Per Capita GRDP at Current Pnce By Regenaes/Muniapalities, in West Java, 2000 - 2003 (Rupiahs)",12,2,ce675abcc8e6
JAWA BARAT,71,Bogor,,2001,,"3 873.415,55",,"PDRB PER KAPITA ATAS DASAR HARGA BERLAKU DI PROPINSI JAWA BARAT MENURUT KABUPATEN/KOTA, 2000 - 2003 (RUPIAH)","Per Capita GRDP at Current Pnce By Regenaes/Muniapalities, in West Java, 2000 - 2003 (Rupiahs)",12,2,94b8471ca40c
JAWA BARAT,72,Sukabumi,,2001,,"4.748 092,00",,"PDRB PER KAPITA ATAS DASAR HARGA BERLAKU DI PROPINSI JAWA BARAT MENURUT KABUPATEN/KOTA, 2000 - 2003 (RUPIAH)","Per Capita GRDP at Current Pnce By Regenaes/Muniapalities, in West Java, 2000 - 2003 (Rupiahs)",12,2,90f2220c99b7
JAWA BARAT,73,Bandung,,2001,,"8.080.191,69",,"PDRB PER KAPITA ATAS DASAR HARGA BERLAKU DI PROPINSI JAWA BARAT MENURUT KABUPATEN/KOTA, 2000 - 2003 (RUPIAH)","Per Capita GRDP at Current Pnce By Regenaes/Muniapalities, in West Java, 2000 - 2003 (Rupiahs)",12,2,484bad409eda
JAWA BARAT,74,Cirebon,,2001,,"15.555 323,19",,"PDRB PER KAPITA ATAS DASAR HARGA BERLAKU DI PROPINSI JAWA BARAT MENURUT KABUPATEN/KOTA, 2000 - 2003 (RUPIAH)","Per Capita GRDP at Current Pnce By Regenaes/Muniapalities, in West Java, 2000 - 2003 (Rupiahs)",12,2,226824d55179
JAWA BARAT,75,Bekasi,,2001,,"5.839.511,62",,"PDRB PER KAPITA ATAS DASAR HARGA BERLAKU DI PROPINSI JAWA BARAT MENURUT KABUPATEN/KOTA, 2000 - 2003 (RUPIAH)","Per Capita GRDP at Current Pnce By Regenaes/Muniapalities, in West Java, 2000 - 2003 (Rupiahs)",12,2,8671998c25f2
JAWA BARAT,76,Depok,,2001,,"3.467.509,38",,"PDRB PER KAPITA ATAS DASAR HARGA BERLAKU DI PROPINSI JAWA BARAT MENURUT KABUPATEN/KOTA, 2000 - 2003 (RUPIAH)","Per Capita GRDP at Current Pnce By Regenaes/Muniapalities, in West Java, 2000 - 2003 (Rupiahs)",12,2,63b4dc24ee47
JAWA BARAT,77,Cimahi,,2001,,"9 728.414,91",,"PDRB PER KAPITA ATAS DASAR HARGA BERLAKU DI PROPINSI JAWA BARAT MENURUT KABUPATEN/KOTA, 2000 - 2003 (RUPIAH)","Per Capita GRDP at Current Pnce By Regenaes/Muniapalities, in West Java, 2000 - 2003 (Rupiahs)",12,2,a9a5353ad4f5
JAWA BARAT,78,Tasikmalaya,,2001,,"2 931.831,07",,"PDRB PER KAPITA ATAS DASAR HARGA BERLAKU DI PROPINSI JAWA BARAT MENURUT KABUPATEN/KOTA, 2000 - 2003 (RUPIAH)","Per Capita GRDP at Current Pnce By Regenaes/Muniapalities, in West Java, 2000 - 2003 (Rupiahs)",12,2,423b787ede5d
JAWA BARAT,,Jml Kab./Kota. Total of Reg /Mun.,,2001,,"5.168.799,30",,"PDRB PER KAPITA ATAS DASAR HARGA BERLAKU DI PROPINSI JAWA BARAT MENURUT KABUPATEN/KOTA, 2000 - 2003 (RUPIAH)","Per Capita GRDP at Current Pnce By Regenaes/Muniapalities, in West Java, 2000 - 2003 (Rupiahs)",12,2,0db7637447ce
JAWA BARAT,,Jml Kab./Kota. Total of Reg./Mun.,*',2001,,"4.762.137,08",,"PDRB PER KAPITA ATAS DASAR HARGA BERLAKU DI PROPINSI JAWA BARAT MENURUT KABUPATEN/KOTA, 2000 - 2003 (RUPIAH)","Per Capita GRDP at Current Pnce By Regenaes/Muniapalities, in West Java, 2000 - 2003 (Rupiahs)",12,2,a5b5fae4cdd6
BANTEN,01,Pandeglang,,2001,,"3.032.087,93",,"PDRB PER KAPITA ATAS DASAR HARGA BERLAKU DI PROPINSI BANTEN MENURUT KABUPATEN/KOTA, 2000 - 2003 (RUPIAH)","Per Capita GRDP at Current Price By Regendes/Municipalities, in Banten, 2000 - 2003 (Rupiahs)",13,3,6499d535f640
BANTEN,02,Lebak,,2001,,"2.936.078,46",,"PDRB PER KAPITA ATAS DASAR HARGA BERLAKU DI PROPINSI BANTEN MENURUT KABUPATEN/KOTA, 2000 - 2003 (RUPIAH)","Per Capita GRDP at Current Price By Regendes/Municipalities, in Banten, 2000 - 2003 (Rupiahs)",13,3,3f223130d09b
BANTEN,03,Tangerang,,2001,,"5.063.017,80",,"PDRB PER KAPITA ATAS DASAR HARGA BERLAKU DI PROPINSI BANTEN MENURUT KABUPATEN/KOTA, 2000 - 2003 (RUPIAH)","Per Capita GRDP at Current Price By Regendes/Municipalities, in Banten, 2000 - 2003 (Rupiahs)",13,3,a71554512b3b
BANTEN,04,Serang,,2001,,"4.350.886,03",,"PDRB PER KAPITA ATAS DASAR HARGA BERLAKU DI PROPINSI BANTEN MENURUT KABUPATEN/KOTA, 2000 - 2003 (RUPIAH)","Per Capita GRDP at Current Price By Regendes/Municipalities, in Banten, 2000 - 2003 (Rupiahs)",13,3,f0ac48375c99
BANTEN,71,Tangerang,,2001,,"13.654.414,43",,"PDRB PER KAPITA ATAS DASAR HARGA BERLAKU DI PROPINSI BANTEN MENURUT KABUPATEN/KOTA, 2000 - 2003 (RUPIAH)","Per Capita GRDP at Current Price By Regendes/Municipalities, in Banten, 2000 - 2003 (Rupiahs)",13,3,ba33ecc50a2d
BANTEN,72,Cilegon,,2001,,"26.208.472,90",,"PDRB PER KAPITA ATAS DASAR HARGA BERLAKU DI PROPINSI BANTEN MENURUT KABUPATEN/KOTA, 2000 - 2003 (RUPIAH)","Per Capita GRDP at Current Price By Regendes/Municipalities, in Banten, 2000 - 2003 (Rupiahs)",13,3,0cb2243ed890
BANTEN,,Jml Kab./Kota Total of Rea /Mun,,2001,,"6 571 911,12",,"PDRB PER KAPITA ATAS DASAR HARGA BERLAKU DI PROPINSI BANTEN MENURUT KABUPATEN/KOTA, 2000 - 2003 (RUPIAH)","Per Capita GRDP at Current Price By Regendes/Municipalities, in Banten, 2000 - 2003 (Rupiahs)",13,3,9ed54bc0b9d8
BANTEN,,Jml Kab./Kota. Total of Reg./Mun.,*',2001,,"6.571.911,1g2",,"PDRB PER KAPITA ATAS DASAR HARGA BERLAKU DI PROPINSI BANTEN MENURUT KABUPATEN/KOTA, 2000 - 2003 (RUPIAH)","Per Capita GRDP at Current Price By Regendes/Municipalities, in Banten, 2000 - 2003 (Rupiahs)",13,3,e2c1848679a5
JAWA TENGAH,01,Cilacap,,2001,,"11.639.222,22",,"PDRB PER KAPITA ATAS DASAR HARGA BERLAKU DI PROPINSI JAWATENGAH MENURUT KABUPATEN/KOTA, 2000 - 2003 (RUPIAH)","Per Capita GRDP at Current Price By Regencies/MunicipaiiUes, in Central Java, 2000 - 2003 (Rupiahs)",14,4,51b19f20cfc2
JAWA TENGAH,,Cilacap,*',2001,,"6.938.551,05",,"PDRB PER KAPITA ATAS DASAR HARGA BERLAKU DI PROPINSI JAWATENGAH MENURUT KABUPATEN/KOTA, 2000 - 2003 (RUPIAH)","Per Capita GRDP at Current Price By Regencies/MunicipaiiUes, in Central Java, 2000 - 2003 (Rupiahs)",14,4,735ed51b9155
JAWA TENGAH,02,Banyumas,,2001,,"1.968.224,13",,"PDRB PER KAPITA ATAS DASAR HARGA BERLAKU DI PROPINSI JAWATENGAH MENURUT KABUPATEN/KOTA, 2000 - 2003 (RUPIAH)","Per Capita GRDP at Current Price By Regencies/MunicipaiiUes, in Central Java, 2000 - 2003 (Rupiahs)",14,4,d12216e8b555
JAWA TENGAH,03,Purbalmgga,,2001,,"2.035.385,87",,"PDRB PER KAPITA ATAS DASAR HARGA BERLAKU DI PROPINSI JAWATENGAH MENURUT KABUPATEN/KOTA, 2000 - 2003 (RUPIAH)","Per Capita GRDP at Current Price By Regencies/MunicipaiiUes, in Central Java, 2000 - 2003 (Rupiahs)",14,4,0c36c4e3c60b
JAWA TENGAH,04,Banjamegara,,2001,,"2.691.242,92",,"PDRB PER KAPITA ATAS DASAR HARGA BERLAKU DI PROPINSI JAWATENGAH MENURUT KABUPATEN/KOTA, 2000 - 2003 (RUPIAH)","Per Capita GRDP at Current Price By Regencies/MunicipaiiUes, in Central Java, 2000 - 2003 (Rupiahs)",14,4,2d574a3abe25
JAWA TENGAH,05,Kebumen,,2001,,"2 039 994,83",,"PDRB PER KAPITA ATAS DASAR HARGA BERLAKU DI PROPINSI JAWATENGAH MENURUT KABUPATEN/KOTA, 2000 - 2003 (RUPIAH)","Per Capita GRDP at Current Price By Regencies/MunicipaiiUes, in Central Java, 2000 - 2003 (Rupiahs)",14,4,2529a2b74bf7
JAWA TENGAH,06,Purworejo,,2001,,"2.766 016,48",,"PDRB PER KAPITA ATAS DASAR HARGA BERLAKU DI PROPINSI JAWATENGAH MENURUT KABUPATEN/KOTA, 2000 - 2003 (RUPIAH)","Per Capita GRDP at Current Price By Regencies/MunicipaiiUes, in Central Java, 2000 - 2003 (Rupiahs)",14,4,9c046c785f07
JAWA TENGAH,07,Wonosobo,,2001,,"2.013.259,31",,"PDRB PER KAPITA ATAS DASAR HARGA BERLAKU DI PROPINSI JAWATENGAH MENURUT KABUPATEN/KOTA, 2000 - 2003 (RUPIAH)","Per Capita GRDP at Current Price By Regencies/MunicipaiiUes, in Central Java, 2000 - 2003 (Rupiahs)",14,4,67bc67d92afe
JAWA TENGAH,08,Magelang,,2001,,"2.733.748,50",,"PDRB PER KAPITA ATAS DASAR HARGA BERLAKU DI PROPINSI JAWATENGAH MENURUT KABUPATEN/KOTA, 2000 - 2003 (RUPIAH)","Per Capita GRDP at Current Price By Regencies/MunicipaiiUes, in Central Java, 2000 - 2003 (Rupiahs)",14,4,293d3075d4a3
JAWA TENGAH,09,Boyolali,,2001,,"3.213.133,65",,"PDRB PER KAPITA ATAS DASAR HARGA BERLAKU DI PROPINSI JAWATENGAH MENURUT KABUPATEN/KOTA, 2000 - 2003 (RUPIAH)","Per Capita GRDP at Current Price By Regencies/MunicipaiiUes, in Central Java, 2000 - 2003 (Rupiahs)",14,4,5535f655584b
JAWA TENGAH,10,Klaten,,2001,,"2.656.401,06",,"PDRB PER KAPITA ATAS DASAR HARGA BERLAKU DI PROPINSI JAWATENGAH MENURUT KABUPATEN/KOTA, 2000 - 2003 (RUPIAH)","Per Capita GRDP at Current Price By Regencies/MunicipaiiUes, in Central Java, 2000 - 2003 (Rupiahs)",14,4,16942dfc28c6
JAWA TENGAH,11,Sukohago,,2001,,"3.644.923,82",,"PDRB PER KAPITA ATAS DASAR HARGA BERLAKU DI PROPINSI JAWATENGAH MENURUT KABUPATEN/KOTA, 2000 - 2003 (RUPIAH)","Per Capita GRDP at Current Price By Regencies/MunicipaiiUes, in Central Java, 2000 - 2003 (Rupiahs)",14,4,7662ed6653b0
JAWA TENGAH,12,Wonogin,,2001,,"2.015.045,65",,"PDRB PER KAPITA ATAS DASAR HARGA BERLAKU DI PROPINSI JAWATENGAH MENURUT KABUPATEN/KOTA, 2000 - 2003 (RUPIAH)","Per Capita GRDP at Current Price By Regencies/MunicipaiiUes, in Central Java, 2000 - 2003 (Rupiahs)",14,4,b1dca7be7917
JAWA TENGAH,13,Karanganyar,,2001,,"3 497.670,02",,"PDRB PER KAPITA ATAS DASAR HARGA BERLAKU DI PROPINSI JAWATENGAH MENURUT KABUPATEN/KOTA, 2000 - 2003 (RUPIAH)","Per Capita GRDP at Current Price By Regencies/MunicipaiiUes, in Central Java, 2000 - 2003 (Rupiahs)",14,4,2a86fd042003
JAWA TENGAH,14,Sragen,,2001,,"2.264.755,25",,"PDRB PER KAPITA ATAS DASAR HARGA BERLAKU DI PROPINSI JAWATENGAH MENURUT KABUPATEN/KOTA, 2000 - 2003 (RUPIAH)","Per Capita GRDP at Current Price By Regencies/MunicipaiiUes, in Central Java, 2000 - 2003 (Rupiahs)",14,4,c3f74901bb9a
JAWA TENGAH,15,Grobogan,,2001,,"1.447.4 d 20,22",,"PDRB PER KAPITA ATAS DASAR HARGA BERLAKU DI PROPINSI JAWATENGAH MENURUT KABUPATEN/KOTA, 2000 - 2003 (RUPIAH)","Per Capita GRDP at Current Price By Regencies/MunicipaiiUes, in Central Java, 2000 - 2003 (Rupiahs)",14,4,f67b3100df96
JAWA TENGAH,16,Blora,,2001,,"2 026.261,74",,"PDRB PER KAPITA ATAS DASAR HARGA BERLAKU DI PROPINSI JAWATENGAH MENURUT KABUPATEN/KOTA, 2000 - 2003 (RUPIAH)","Per Capita GRDP at Current Price By Regencies/MunicipaiiUes, in Central Java, 2000 - 2003 (Rupiahs)",14,4,34bf0c357c32
JAWA TENGAH,,Blora,*',2001,,"1o 90.4.566,62",,"PDRB PER KAPITA ATAS DASAR HARGA BERLAKU DI PROPINSI JAWATENGAH MENURUT KABUPATEN/KOTA, 2000 - 2003 (RUPIAH)","Per Capita GRDP at Current Price By Regencies/MunicipaiiUes, in Central Java, 2000 - 2003 (Rupiahs)",14,4,134f0bd3de64
JAWA TENGAH,17,Rembang,,2001,,"2.819.867,04",,"PDRB PER KAPITA ATAS DASAR HARGA BERLAKU DI PROPINSI JAWATENGAH MENURUT KABUPATEN/KOTA, 2000 - 2003 (RUPIAH)","Per Capita GRDP at Current Price By Regencies/MunicipaiiUes, in Central Java, 2000 - 2003 (Rupiahs)",14,4,d274a8b8c342
JAWA TENGAH,18,Pati,,2001,,"2.414.991,47",,"PDRB PER KAPITA ATAS DASAR HARGA BERLAKU DI PROPINSI JAWATENGAH MENURUT KABUPATEN/KOTA, 2000 - 2003 (RUPIAH)","Per Capita GRDP at Current Price By Regencies/MunicipaiiUes, in Central Java, 2000 - 2003 (Rupiahs)",14,4,c05802aaa728
JAWA TENGAH,19,Kudus,,2001,,"s 13.181.518,49",,"PDRB PER KAPITA ATAS DASAR HARGA BERLAKU DI PROPINSI JAWATENGAH MENURUT KABUPATEN/KOTA, 2000 - 2003 (RUPIAH)","Per Capita GRDP at Current Price By Regencies/MunicipaiiUes, in Central Java, 2000 - 2003 (Rupiahs)",14,4,f816a22115cd
JAWA TENGAH,20,Jepara,,2001,,"3 218.287,83",,"PDRB PER KAPITA ATAS DASAR HARGA BERLAKU DI PROPINSI JAWATENGAH MENURUT KABUPATEN/KOTA, 2000 - 2003 (RUPIAH)","Per Capita GRDP at Current Price By Regencies/MunicipaiiUes, in Central Java, 2000 - 2003 (Rupiahs)",14,4,6bab45f07557
JAWA TENGAH,21,Demak,,2001,,"2.141.550,56",,"PDRB PER KAPITA ATAS DASAR HARGA BERLAKU DI PROPINSI JAWATENGAH MENURUT KABUPATEN/KOTA, 2000 - 2003 (RUPIAH)","Per Capita GRDP at Current Price By Regencies/MunicipaiiUes, in Central Java, 2000 - 2003 (Rupiahs)",14,4,c5d883813981
JAWA TENGAH,22,Semarang,,2001,,"3.762.677,88",,"PDRB PER KAPITA ATAS DASAR HARGA BERLAKU DI PROPINSI JAWATENGAH MENURUT KABUPATEN/KOTA, 2000 - 2003 (RUPIAH)","Per Capita GRDP at Current Price By Regencies/MunicipaiiUes, in Central Java, 2000 - 2003 (Rupiahs)",14,4,8ed2fa4df0b2
JAWA TENGAH,23,Temanggung,,2001,,"2.801.985,49",,"PDRB PER KAPITA ATAS DASAR HARGA BERLAKU DI PROPINSI JAWATENGAH MENURUT KABUPATEN/KOTA, 2000 - 2003 (RUPIAH)","Per Capita GRDP at Current Price By Regencies/MunicipaiiUes, in Central Java, 2000 - 2003 (Rupiahs)",14,4,d13100222308
JAWA TENGAH,24,Kendal,,2001,,"4 865.084,10",,"PDRB PER KAPITA ATAS DASAR HARGA BERLAKU DI PROPINSI JAWATENGAH MENURUT KABUPATEN/KOTA, 2000 - 2003 (RUPIAH)","Per Capita GRDP at Current Price By Regencies/MunicipaiiUes, in Central Java, 2000 - 2003 (Rupiahs)",14,4,200f55fc36da
JAWA TENGAH,25,Batang,,2001,,"3.019.231,43",,"PDRB PER KAPITA ATAS DASAR HARGA BERLAKU DI PROPINSI JAWATENGAH MENURUT KABUPATEN/KOTA, 2000 - 2003 (RUPIAH)","Per Capita GRDP at Current Price By Regencies/MunicipaiiUes, in Central Java, 2000 - 2003 (Rupiahs)",14,4,57783fd94df9
JAWA TENGAH,26,Pekalongan,,2001,,"3.482.586,11",,"PDRB PER KAPITA ATAS DASAR HARGA BERLAKU DI PROPINSI JAWATENGAH MENURUT KABUPATEN/KOTA, 2000 - 2003 (RUPIAH)","Per Capita GRDP at Current Price By Regencies/MunicipaiiUes, in Central Java, 2000 - 2003 (Rupiahs)",14,4,176a91e6adb6
JAWA TENGAH,27,Pemalang,,2001,,"2.153.020,06",,"PDRB PER KAPITA ATAS DASAR HARGA BERLAKU DI PROPINSI JAWATENGAH MENURUT KABUPATEN/KOTA, 2000 - 2003 (RUPIAH)","Per Capita GRDP at Current Price By Regencies/MunicipaiiUes, in Central Java, 2000 - 2003 (Rupiahs)",14,4,a440e94ca885
JAWA TENGAH,28,Tegal,,2001,,"1.717.256,08",,"PDRB PER KAPITA ATAS DASAR HARGA BERLAKU DI PROPINSI JAWATENGAH MENURUT KABUPATEN/KOTA, 2000 - 2003 (RUPIAH)","Per Capita GRDP at Current Price By Regencies/MunicipaiiUes, in Central Java, 2000 - 2003 (Rupiahs)",14,4,8c1d029cfa35
JAWA TENGAH,29,Brebes,,2001,,"2.208.202,34",,"PDRB PER KAPITA ATAS DASAR HARGA BERLAKU DI PROPINSI JAWATENGAH MENURUT KABUPATEN/KOTA, 2000 - 2003 (RUPIAH)","Per Capita GRDP at Current Price By Regencies/MunicipaiiUes, in Central Java, 2000 - 2003 (Rupiahs)",14,4,0c8a6a572ce0
JAWA TENGAH,71,Magelang,,2001,,"7.269.333,29",,"PDRB PER KAPITA ATAS DASAR HARGA BERLAKU DI PROPINSI JAWATENGAH MENURUT KABUPATEN/KOTA, 2000 - 2003 (RUPIAH)","Per Capita GRDP at Current Price By Regencies/MunicipaiiUes, in Central Java, 2000 - 2003 (Rupiahs)",14,4,59eb06e34319
JAWA TENGAH,72,Surakarta,,2001,,"6.780.596,98",,"PDRB PER KAPITA ATAS DASAR HARGA BERLAKU DI PROPINSI JAWATENGAH MENURUT KABUPATEN/KOTA, 2000 - 2003 (RUPIAH)","Per Capita GRDP at Current Price By Regencies/MunicipaiiUes, in Central Java, 2000 - 2003 (Rupiahs)",14,4,bcd0d3a1a1d8
JAWA TENGAH,73,Salatiga,,2001,,"4.615.399,00",,"PDRB PER KAPITA ATAS DASAR HARGA BERLAKU DI PROPINSI JAWATENGAH MENURUT KABUPATEN/KOTA, 2000 - 2003 (RUPIAH)","Per Capita GRDP at Current Price By Regencies/MunicipaiiUes, in Central Java, 2000 - 2003 (Rupiahs)",14,4,65a92fc74a54
JAWA TENGAH,74,Semarang,,2001,,"11.419.483,45",,"PDRB PER KAPITA ATAS DASAR HARGA BERLAKU DI PROPINSI JAWATENGAH MENURUT KABUPATEN/KOTA, 2000 - 2003 (RUPIAH)","Per Capita GRDP at Current Price By Regencies/MunicipaiiUes, in Central Java, 2000 - 2003 (Rupiahs)",14,4,5ea8d54d582c
JAWA TENGAH,75,Pekalongan,,2001,,"5.743.839,33",,"PDRB PER KAPITA ATAS DASAR HARGA BERLAKU DI PROPINSI JAWATENGAH MENURUT KABUPATEN/KOTA, 2000 - 2003 (RUPIAH)","Per Capita GRDP at Current Price By Regencies/MunicipaiiUes, in Central Java, 2000 - 2003 (Rupiahs)",14,4,8bf41dd8a8fc
JAWA TENGAH,76,Tegal,,2001,,"4.007.236,99",,"PDRB PER KAPITA ATAS DASAR HARGA BERLAKU DI PROPINSI JAWATENGAH MENURUT KABUPATEN/KOTA, 2000 - 2003 (RUPIAH)","Per Capita GRDP at Current Price By Regencies/MunicipaiiUes, in Central Java, 2000 - 2003 (Rupiahs)",14,4,a1131e2b3852
JAWA TENGAH,,Jml Kab./Kota. Total of Reg./Mun,,2001,,"3.771.205,62",,"PDRB PER KAPITA ATAS DASAR HARGA BERLAKU DI PROPINSI JAWATENGAH MENURUT KABUPATEN/KOTA, 2000 - 2003 (RUPIAH)","Per Capita GRDP at Current Price By Regencies/MunicipaiiUes, in Central Java, 2000 - 2003 (Rupiahs)",14,4,34f147223016
JAWA TENGAH,,Jml Kab./Kota. Total of Reg./Mun.,*',2001,,"3.518.846,24",,"PDRB PER KAPITA ATAS DASAR HARGA BERLAKU DI PROPINSI JAWATENGAH MENURUT KABUPATEN/KOTA, 2000 - 2003 (RUPIAH)","Per Capita GRDP at Current Price By Regencies/MunicipaiiUes, in Central Java, 2000 - 2003 (Rupiahs)",14,4,7263d4098171
DI YOGYAKARTA,01,Kulon Progo,,2001,,"2.692.413,27",,"PORB PER KAPITA ATAS DASAR HARGA BERLAKU DI PROPINSI DI YOGYAKARTA MENURUT KABUPATEN/KOT/V, 2000 - 2003 (RUPIAH)","Capita GRDP at Current Pnce By Regendes/Munidpaiities, in DI Yogyakarta, 2000 - 2003 (Rupiahs)",15,5,32ee450564cc
DI YOGYAKARTA,02,Bantul,,2001,,"3.169.446,43",,"PORB PER KAPITA ATAS DASAR HARGA BERLAKU DI PROPINSI DI YOGYAKARTA MENURUT KABUPATEN/KOT/V, 2000 - 2003 (RUPIAH)","Capita GRDP at Current Pnce By Regendes/Munidpaiities, in DI Yogyakarta, 2000 - 2003 (Rupiahs)",15,5,20e8ce4c1f8c
DI YOGYAKARTA,03,Gunung Kidul,,2001,,"3.614.518,86",,"PORB PER KAPITA ATAS DASAR HARGA BERLAKU DI PROPINSI DI YOGYAKARTA MENURUT KABUPATEN/KOT/V, 2000 - 2003 (RUPIAH)","Capita GRDP at Current Pnce By Regendes/Munidpaiities, in DI Yogyakarta, 2000 - 2003 (Rupiahs)",15,5,ae8d2f50def7
DI YOGYAKARTA,04,Sleman,,2001,,"4.519.689,51",,"PORB PER KAPITA ATAS DASAR HARGA BERLAKU DI PROPINSI DI YOGYAKARTA MENURUT KABUPATEN/KOT/V, 2000 - 2003 (RUPIAH)","Capita GRDP at Current Pnce By Regendes/Munidpaiities, in DI Yogyakarta, 2000 - 2003 (Rupiahs)",15,5,199a0b75d06a
DI YOGYAKARTA,71,Yogyakarta,,2001,,"9.641 571,60",,"PORB PER KAPITA ATAS DASAR HARGA BERLAKU DI PROPINSI DI YOGYAKARTA MENURUT KABUPATEN/KOT/V, 2000 - 2003 (RUPIAH)","Capita GRDP at Current Pnce By Regendes/Munidpaiities, in DI Yogyakarta, 2000 - 2003 (Rupiahs)",15,5,c12d85a98428
DI YOGYAKARTA,,Jml Kab./Kota. Total of Reg./Mun.,,2001,,"4 416 063,63",,"PORB PER KAPITA ATAS DASAR HARGA BERLAKU DI PROPINSI DI YOGYAKARTA MENURUT KABUPATEN/KOT/V, 2000 - 2003 (RUPIAH)","Capita GRDP at Current Pnce By Regendes/Munidpaiities, in DI Yogyakarta, 2000 - 2003 (Rupiahs)",15,5,aeaba85dde2f
DI YOGYAKARTA,,Jml Kab./Kota. Total of Reg./Mun.,*',2001,,"4 416.063,63",,"PORB PER KAPITA ATAS DASAR HARGA BERLAKU DI PROPINSI DI YOGYAKARTA MENURUT KABUPATEN/KOT/V, 2000 - 2003 (RUPIAH)","Capita GRDP at Current Pnce By Regendes/Munidpaiities, in DI Yogyakarta, 2000 - 2003 (Rupiahs)",15,5,db7d9ea913bd
JAWA TIMUR,01,Pacitan,,2001,,"1.699.670,90",,"PDRB PER KAPHA ATAS DASAR HARGA BERLAKU DI PROPINSI JAWA TIMUR MENURUT KABUPATEN/KOTA, 2000 - 2003 (RUPIAH)","Per Capita GRDP at Current Price By Regenaes/Muniapalities, in EastJava, 2000 - 2003 (Rupiahs)",16,6,89d6f8d72fce
JAWA TIMUR,02,Ponorogo,,2001,,"2.278.737,99",,"PDRB PER KAPHA ATAS DASAR HARGA BERLAKU DI PROPINSI JAWA TIMUR MENURUT KABUPATEN/KOTA, 2000 - 2003 (RUPIAH)","Per Capita GRDP at Current Price By Regenaes/Muniapalities, in EastJava, 2000 - 2003 (Rupiahs)",16,6,3e26290698c7
JAWA TIMUR,03,Trenggalek,,2001,,"1.767.792,60",,"PDRB PER KAPHA ATAS DASAR HARGA BERLAKU DI PROPINSI JAWA TIMUR MENURUT KABUPATEN/KOTA, 2000 - 2003 (RUPIAH)","Per Capita GRDP at Current Price By Regenaes/Muniapalities, in EastJava, 2000 - 2003 (Rupiahs)",16,6,8935bd544c15
JAWA TIMUR,04,Tulungagung,,2001,,"3.610.110,39",,"PDRB PER KAPHA ATAS DASAR HARGA BERLAKU DI PROPINSI JAWA TIMUR MENURUT KABUPATEN/KOTA, 2000 - 2003 (RUPIAH)","Per Capita GRDP at Current Price By Regenaes/Muniapalities, in EastJava, 2000 - 2003 (Rupiahs)",16,6,4e0f2a858584
JAWA TIMUR,05,Bhtar,,2001,,"2.542 707,66",,"PDRB PER KAPHA ATAS DASAR HARGA BERLAKU DI PROPINSI JAWA TIMUR MENURUT KABUPATEN/KOTA, 2000 - 2003 (RUPIAH)","Per Capita GRDP at Current Price By Regenaes/Muniapalities, in EastJava, 2000 - 2003 (Rupiahs)",16,6,ba3dc331663e
JAWA TIMUR,06,Kediri,,2001,,"2.407.579,12",,"PDRB PER KAPHA ATAS DASAR HARGA BERLAKU DI PROPINSI JAWA TIMUR MENURUT KABUPATEN/KOTA, 2000 - 2003 (RUPIAH)","Per Capita GRDP at Current Price By Regenaes/Muniapalities, in EastJava, 2000 - 2003 (Rupiahs)",16,6,3eef6954f310
JAWA TIMUR,07,Malang,,2001,,"3 814.553,31",,"PDRB PER KAPHA ATAS DASAR HARGA BERLAKU DI PROPINSI JAWA TIMUR MENURUT KABUPATEN/KOTA, 2000 - 2003 (RUPIAH)","Per Capita GRDP at Current Price By Regenaes/Muniapalities, in EastJava, 2000 - 2003 (Rupiahs)",16,6,1d35659326f3
JAWA TIMUR,08,Lumajang,,2001,,"3.120.754,64",,"PDRB PER KAPHA ATAS DASAR HARGA BERLAKU DI PROPINSI JAWA TIMUR MENURUT KABUPATEN/KOTA, 2000 - 2003 (RUPIAH)","Per Capita GRDP at Current Price By Regenaes/Muniapalities, in EastJava, 2000 - 2003 (Rupiahs)",16,6,d25f30ad4265
JAWA TIMUR,09,Jember,,2001,,"2.694.728,34",,"PDRB PER KAPHA ATAS DASAR HARGA BERLAKU DI PROPINSI JAWA TIMUR MENURUT KABUPATEN/KOTA, 2000 - 2003 (RUPIAH)","Per Capita GRDP at Current Price By Regenaes/Muniapalities, in EastJava, 2000 - 2003 (Rupiahs)",16,6,41667b0818de
JAWA TIMUR,10,Banyuwangi,,2001,,"3.379.591,01",,"PDRB PER KAPHA ATAS DASAR HARGA BERLAKU DI PROPINSI JAWA TIMUR MENURUT KABUPATEN/KOTA, 2000 - 2003 (RUPIAH)","Per Capita GRDP at Current Price By Regenaes/Muniapalities, in EastJava, 2000 - 2003 (Rupiahs)",16,6,e5456947f6ef
JAWA TIMUR,11,Bondowoso,,2001,,"1.770.585,37",,"PDRB PER KAPHA ATAS DASAR HARGA BERLAKU DI PROPINSI JAWA TIMUR MENURUT KABUPATEN/KOTA, 2000 - 2003 (RUPIAH)","Per Capita GRDP at Current Price By Regenaes/Muniapalities, in EastJava, 2000 - 2003 (Rupiahs)",16,6,6dd7972ddef7
JAWA TIMUR,12,Situbondo,,2001,,"3.495.087,26",,"PDRB PER KAPHA ATAS DASAR HARGA BERLAKU DI PROPINSI JAWA TIMUR MENURUT KABUPATEN/KOTA, 2000 - 2003 (RUPIAH)","Per Capita GRDP at Current Price By Regenaes/Muniapalities, in EastJava, 2000 - 2003 (Rupiahs)",16,6,c2a5941148ee
JAWA TIMUR,13,Probolinggo,,2001,,"3 840.047,35",,"PDRB PER KAPHA ATAS DASAR HARGA BERLAKU DI PROPINSI JAWA TIMUR MENURUT KABUPATEN/KOTA, 2000 - 2003 (RUPIAH)","Per Capita GRDP at Current Price By Regenaes/Muniapalities, in EastJava, 2000 - 2003 (Rupiahs)",16,6,c16dcede1886
JAWA TIMUR,14,Pasuruan,,2001,,"2 903 079,26",,"PDRB PER KAPHA ATAS DASAR HARGA BERLAKU DI PROPINSI JAWA TIMUR MENURUT KABUPATEN/KOTA, 2000 - 2003 (RUPIAH)","Per Capita GRDP at Current Price By Regenaes/Muniapalities, in EastJava, 2000 - 2003 (Rupiahs)",16,6,b6edeade1951
JAWA TIMUR,15,Sidoarjo,,2001,,"7.826.434,89",,"PDRB PER KAPHA ATAS DASAR HARGA BERLAKU DI PROPINSI JAWA TIMUR MENURUT KABUPATEN/KOTA, 2000 - 2003 (RUPIAH)","Per Capita GRDP at Current Price By Regenaes/Muniapalities, in EastJava, 2000 - 2003 (Rupiahs)",16,6,5abe140f385f
JAWA TIMUR,16,Mojokerto,,2001,,"3.470.957,1d9",,"PDRB PER KAPHA ATAS DASAR HARGA BERLAKU DI PROPINSI JAWA TIMUR MENURUT KABUPATEN/KOTA, 2000 - 2003 (RUPIAH)","Per Capita GRDP at Current Price By Regenaes/Muniapalities, in EastJava, 2000 - 2003 (Rupiahs)",16,6,c4b2db201243
JAWA TIMUR,17,Jombang,,2001,,"3.223.380,i78",,"PDRB PER KAPHA ATAS DASAR HARGA BERLAKU DI PROPINSI JAWA TIMUR MENURUT KABUPATEN/KOTA, 2000 - 2003 (RUPIAH)","Per Capita GRDP at Current Price By Regenaes/Muniapalities, in EastJava, 2000 - 2003 (Rupiahs)",16,6,c5b9bb03707c
JAWA TIMUR,18,Nganjuk,,2001,,"2.735 o332.,58",,"PDRB PER KAPHA ATAS DASAR HARGA BERLAKU DI PROPINSI JAWA TIMUR MENURUT KABUPATEN/KOTA, 2000 - 2003 (RUPIAH)","Per Capita GRDP at Current Price By Regenaes/Muniapalities, in EastJava, 2000 - 2003 (Rupiahs)",16,6,11517998bb7b
JAWA TIMUR,19,Madiun,,2001,,"2.657.140,99",,"PDRB PER KAPHA ATAS DASAR HARGA BERLAKU DI PROPINSI JAWA TIMUR MENURUT KABUPATEN/KOTA, 2000 - 2003 (RUPIAH)","Per Capita GRDP at Current Price By Regenaes/Muniapalities, in EastJava, 2000 - 2003 (Rupiahs)",16,6,752556cc1091
JAWA TIMUR,20,Magetan,,2001,,"2.922.860,59",,"PDRB PER KAPHA ATAS DASAR HARGA BERLAKU DI PROPINSI JAWA TIMUR MENURUT KABUPATEN/KOTA, 2000 - 2003 (RUPIAH)","Per Capita GRDP at Current Price By Regenaes/Muniapalities, in EastJava, 2000 - 2003 (Rupiahs)",16,6,b04975609a46
JAWA TIMUR,21,Ngawi,,2001,,"s2 346.292,00",,"PDRB PER KAPHA ATAS DASAR HARGA BERLAKU DI PROPINSI JAWA TIMUR MENURUT KABUPATEN/KOTA, 2000 - 2003 (RUPIAH)","Per Capita GRDP at Current Price By Regenaes/Muniapalities, in EastJava, 2000 - 2003 (Rupiahs)",16,6,6c9d7189679d
JAWA TIMUR,22,Bojonegoro,,2001,,"p2.231.400,43",,"PDRB PER KAPHA ATAS DASAR HARGA BERLAKU DI PROPINSI JAWA TIMUR MENURUT KABUPATEN/KOTA, 2000 - 2003 (RUPIAH)","Per Capita GRDP at Current Price By Regenaes/Muniapalities, in EastJava, 2000 - 2003 (Rupiahs)",16,6,044f00e1143b
JAWA TIMUR,23,Tuban,,2001,,"b 3.427.682,06",,"PDRB PER KAPHA ATAS DASAR HARGA BERLAKU DI PROPINSI JAWA TIMUR MENURUT KABUPATEN/KOTA, 2000 - 2003 (RUPIAH)","Per Capita GRDP at Current Price By Regenaes/Muniapalities, in EastJava, 2000 - 2003 (Rupiahs)",16,6,74355237f966
JAWA TIMUR,,Tuban,*',2001,,"3.183.487,69",,"PDRB PER KAPHA ATAS DASAR HARGA BERLAKU DI PROPINSI JAWA TIMUR MENURUT KABUPATEN/KOTA, 2000 - 2003 (RUPIAH)","Per Capita GRDP at Current Price By Regenaes/Muniapalities, in EastJava, 2000 - 2003 (Rupiahs)",16,6,cf2805a985a1
JAWA TIMUR,24,Lamongan,,2001,,"2.551.215,76",,"PDRB PER KAPHA ATAS DASAR HARGA BERLAKU DI PROPINSI JAWA TIMUR MENURUT KABUPATEN/KOTA, 2000 - 2003 (RUPIAH)","Per Capita GRDP at Current Price By Regenaes/Muniapalities, in EastJava, 2000 - 2003 (Rupiahs)",16,6,22464d0543d8
JAWA TIMUR,25,Gresik,,2001,,"10.452.191,81",,"PDRB PER KAPHA ATAS DASAR HARGA BERLAKU DI PROPINSI JAWA TIMUR MENURUT KABUPATEN/KOTA, 2000 - 2003 (RUPIAH)","Per Capita GRDP at Current Price By Regenaes/Muniapalities, in EastJava, 2000 - 2003 (Rupiahs)",16,6,d414bb7f98b2
JAWA TIMUR,26,Bangkalan,,2001,,"2.383.494,56",,"PDRB PER KAPHA ATAS DASAR HARGA BERLAKU DI PROPINSI JAWA TIMUR MENURUT KABUPATEN/KOTA, 2000 - 2003 (RUPIAH)","Per Capita GRDP at Current Price By Regenaes/Muniapalities, in EastJava, 2000 - 2003 (Rupiahs)",16,6,7eb5ac2b053a
JAWA TIMUR,27,Sampang,,2001,,"2.070.135,50",,"PDRB PER KAPHA ATAS DASAR HARGA BERLAKU DI PROPINSI JAWA TIMUR MENURUT KABUPATEN/KOTA, 2000 - 2003 (RUPIAH)","Per Capita GRDP at Current Price By Regenaes/Muniapalities, in EastJava, 2000 - 2003 (Rupiahs)",16,6,83fe220bc2d0
JAWA TIMUR,28,Pamekasan,,2001,,"1.949.167,26",,"PDRB PER KAPHA ATAS DASAR HARGA BERLAKU DI PROPINSI JAWA TIMUR MENURUT KABUPATEN/KOTA, 2000 - 2003 (RUPIAH)","Per Capita GRDP at Current Price By Regenaes/Muniapalities, in EastJava, 2000 - 2003 (Rupiahs)",16,6,d656f92a74ba
JAWA TIMUR,29,Sumenep,,2001,,"3.521.549,95",,"PDRB PER KAPHA ATAS DASAR HARGA BERLAKU DI PROPINSI JAWA TIMUR MENURUT KABUPATEN/KOTA, 2000 - 2003 (RUPIAH)","Per Capita GRDP at Current Price By Regenaes/Muniapalities, in EastJava, 2000 - 2003 (Rupiahs)",16,6,004725466936
JAWA TIMUR,,Sumenep,*',2001,,"2.909.063,16",,"PDRB PER KAPHA ATAS DASAR HARGA BERLAKU DI PROPINSI JAWA TIMUR MENURUT KABUPATEN/KOTA, 2000 - 2003 (RUPIAH)","Per Capita GRDP at Current Price By Regenaes/Muniapalities, in EastJava, 2000 - 2003 (Rupiahs)",16,6,266d9cd2e026
JAWA TIMUR,71,Kediri,,2001,,"65.146 179,61",,"PDRB PER KAPHA ATAS DASAR HARGA BERLAKU DI PROPINSI JAWA TIMUR MENURUT KABUPATEN/KOTA, 2000 - 2003 (RUPIAH)","Per Capita GRDP at Current Price By Regenaes/Muniapalities, in EastJava, 2000 - 2003 (Rupiahs)",16,6,15318c0eaef6
JAWA TIMUR,72,Blitar,,2001,,"3 478.093,09",,"PDRB PER KAPHA ATAS DASAR HARGA BERLAKU DI PROPINSI JAWA TIMUR MENURUT KABUPATEN/KOTA, 2000 - 2003 (RUPIAH)","Per Capita GRDP at Current Price By Regenaes/Muniapalities, in EastJava, 2000 - 2003 (Rupiahs)",16,6,10de0da309e5
JAWA TIMUR,73,Malang,,2001,,"9.979.817,40",,"PDRB PER KAPHA ATAS DASAR HARGA BERLAKU DI PROPINSI JAWA TIMUR MENURUT KABUPATEN/KOTA, 2000 - 2003 (RUPIAH)","Per Capita GRDP at Current Price By Regenaes/Muniapalities, in EastJava, 2000 - 2003 (Rupiahs)",16,6,f65ddd668ac6
JAWA TIMUR,79,Batu,#),2001,,-,,"PDRB PER KAPHA ATAS DASAR HARGA BERLAKU DI PROPINSI JAWA TIMUR MENURUT KABUPATEN/KOTA, 2000 - 2003 (RUPIAH)","Per Capita GRDP at Current Price By Regenaes/Muniapalities, in EastJava, 2000 - 2003 (Rupiahs)",16,6,541415e132d2
JAWA TIMUR,74,Probolinggo,,2001,,"6.060.748,51",,"PDRB PER KAPHA ATAS DASAR HARGA BERLAKU DI PROPINSI JAWA TIMUR MENURUT KABUPATEN/KOTA, 2000 - 2003 (RUPIAH)","Per Capita GRDP at Current Price By Regenaes/Muniapalities, in EastJava, 2000 - 2003 (Rupiahs)",16,6,c7bcae8669d5
JAWA TIMUR,75,Pasuruan,,2001,,"4.522.212,42",,"PDRB PER KAPHA ATAS DASAR HARGA BERLAKU DI PROPINSI JAWA TIMUR MENURUT KABUPATEN/KOTA, 2000 - 2003 (RUPIAH)","Per Capita GRDP at Current Price By Regenaes/Muniapalities, in EastJava, 2000 - 2003 (Rupiahs)",16,6,fcc5dd49e6c2
JAWA TIMUR,76,Mojokerto,,2001,,"5.559 987,43",,"PDRB PER KAPHA ATAS DASAR HARGA BERLAKU DI PROPINSI JAWA TIMUR MENURUT KABUPATEN/KOTA, 2000 - 2003 (RUPIAH)","Per Capita GRDP at Current Price By Regenaes/Muniapalities, in EastJava, 2000 - 2003 (Rupiahs)",16,6,3214dc01d9f5
JAWA TIMUR,77,Madiun,,2001,,"4.648.821,91",,"PDRB PER KAPHA ATAS DASAR HARGA BERLAKU DI PROPINSI JAWA TIMUR MENURUT KABUPATEN/KOTA, 2000 - 2003 (RUPIAH)","Per Capita GRDP at Current Price By Regenaes/Muniapalities, in EastJava, 2000 - 2003 (Rupiahs)",16,6,230247d2cfc7
JAWA TIMUR,78,Surabaya,,2001,,"17.974.014,76",,"PDRB PER KAPHA ATAS DASAR HARGA BERLAKU DI PROPINSI JAWA TIMUR MENURUT KABUPATEN/KOTA, 2000 - 2003 (RUPIAH)","Per Capita GRDP at Current Price By Regenaes/Muniapalities, in EastJava, 2000 - 2003 (Rupiahs)",16,6,aeedc29a52ba
JAWA TIMUR,,Jml Kab./Kota. Total of Reg./Mun.,,2001,,"5.070.108,63",,"PDRB PER KAPHA ATAS DASAR HARGA BERLAKU DI PROPINSI JAWA TIMUR MENURUT KABUPATEN/KOTA, 2000 - 2003 (RUPIAH)","Per Capita GRDP at Current Price By Regenaes/Muniapalities, in EastJava, 2000 - 2003 (Rupiahs)",16,6,d33949b09aac
JAWA TIMUR,,Jml Kab./Kota. Total of Reg./Mun.,*',2001,,"5.045.237,80",,"PDRB PER KAPHA ATAS DASAR HARGA BERLAKU DI PROPINSI JAWA TIMUR MENURUT KABUPATEN/KOTA, 2000 - 2003 (RUPIAH)","Per Capita GRDP at Current Price By Regenaes/Muniapalities, in EastJava, 2000 - 2003 (Rupiahs)",16,6,e1a1d6ec88f2
KALIMANTAN BARAT,01,Sambas,,2001,,"4.523.873,30",,"PDRB PER KAPITA ATAS DASAR HARGA BERLAKU DI PROPINSI KAUMANTAN BARAT MENURUT KABUPATEN/KOTA, 2000 - 2003 (RUPIAH)","Per Capita GRDP at Current Pnce By Regenaes/MunidpaiiOes, in West Kalimantan, 2000 - 2003(Rupiahs)",17,7,5846002a4796
KALIMANTAN BARAT,02,Bengkayang,,2001,,"4.668 865,23",,"PDRB PER KAPITA ATAS DASAR HARGA BERLAKU DI PROPINSI KAUMANTAN BARAT MENURUT KABUPATEN/KOTA, 2000 - 2003 (RUPIAH)","Per Capita GRDP at Current Pnce By Regenaes/MunidpaiiOes, in West Kalimantan, 2000 - 2003(Rupiahs)",17,7,225412119ad2
KALIMANTAN BARAT,72,Singkawang,#),2001,,-,,"PDRB PER KAPITA ATAS DASAR HARGA BERLAKU DI PROPINSI KAUMANTAN BARAT MENURUT KABUPATEN/KOTA, 2000 - 2003 (RUPIAH)","Per Capita GRDP at Current Pnce By Regenaes/MunidpaiiOes, in West Kalimantan, 2000 - 2003(Rupiahs)",17,7,49deb827fc4f
KALIMANTAN BARAT,03,Landak,,2001,,"4.710 136,73",,"PDRB PER KAPITA ATAS DASAR HARGA BERLAKU DI PROPINSI KAUMANTAN BARAT MENURUT KABUPATEN/KOTA, 2000 - 2003 (RUPIAH)","Per Capita GRDP at Current Pnce By Regenaes/MunidpaiiOes, in West Kalimantan, 2000 - 2003(Rupiahs)",17,7,702f3dcf896e
KALIMANTAN BARAT,04,Ponbanak,,2001,,"6.929.871,61",,"PDRB PER KAPITA ATAS DASAR HARGA BERLAKU DI PROPINSI KAUMANTAN BARAT MENURUT KABUPATEN/KOTA, 2000 - 2003 (RUPIAH)","Per Capita GRDP at Current Pnce By Regenaes/MunidpaiiOes, in West Kalimantan, 2000 - 2003(Rupiahs)",17,7,7afd4efe4d73
KALIMANTAN BARAT,05,Sanggau,,2001,,"4.351.989,54",,"PDRB PER KAPITA ATAS DASAR HARGA BERLAKU DI PROPINSI KAUMANTAN BARAT MENURUT KABUPATEN/KOTA, 2000 - 2003 (RUPIAH)","Per Capita GRDP at Current Pnce By Regenaes/MunidpaiiOes, in West Kalimantan, 2000 - 2003(Rupiahs)",17,7,a7f49a8c98e2
KALIMANTAN BARAT,06,Ketapang,,2001,,"3.209.722,56",,"PDRB PER KAPITA ATAS DASAR HARGA BERLAKU DI PROPINSI KAUMANTAN BARAT MENURUT KABUPATEN/KOTA, 2000 - 2003 (RUPIAH)","Per Capita GRDP at Current Pnce By Regenaes/MunidpaiiOes, in West Kalimantan, 2000 - 2003(Rupiahs)",17,7,fdf3ee5ba80a
KALIMANTAN BARAT,07,Sintang,,2001,,"2.488.906,96",,"PDRB PER KAPITA ATAS DASAR HARGA BERLAKU DI PROPINSI KAUMANTAN BARAT MENURUT KABUPATEN/KOTA, 2000 - 2003 (RUPIAH)","Per Capita GRDP at Current Pnce By Regenaes/MunidpaiiOes, in West Kalimantan, 2000 - 2003(Rupiahs)",17,7,e70b47678609
KALIMANTAN BARAT,08,Kapuas Hulu,,2001,,"3.823.9.98,26",,"PDRB PER KAPITA ATAS DASAR HARGA BERLAKU DI PROPINSI KAUMANTAN BARAT MENURUT KABUPATEN/KOTA, 2000 - 2003 (RUPIAH)","Per Capita GRDP at Current Pnce By Regenaes/MunidpaiiOes, in West Kalimantan, 2000 - 2003(Rupiahs)",17,7,4e7ebc83b326
KALIMANTAN BARAT,71,Pontianak,,2001,,"10.110.719,71",,"PDRB PER KAPITA ATAS DASAR HARGA BERLAKU DI PROPINSI KAUMANTAN BARAT MENURUT KABUPATEN/KOTA, 2000 - 2003 (RUPIAH)","Per Capita GRDP at Current Pnce By Regenaes/MunidpaiiOes, in West Kalimantan, 2000 - 2003(Rupiahs)",17,7,14656caed8a3
KALIMANTAN BARAT,,Jml Kab./Kota. Total of Reg./Mun.,,2001,,"p 5.202.147,90",,"PDRB PER KAPITA ATAS DASAR HARGA BERLAKU DI PROPINSI KAUMANTAN BARAT MENURUT KABUPATEN/KOTA, 2000 - 2003 (RUPIAH)","Per Capita GRDP at Current Pnce By Regenaes/MunidpaiiOes, in West Kalimantan, 2000 - 2003(Rupiahs)",17,7,b6cc05140e8d
KALIMANTAN BARAT,,Jml Kab./Kota. Total of Reg./Mun.,*',2001,,"5.202.147,90",,"PDRB PER KAPITA ATAS DASAR HARGA BERLAKU DI PROPINSI KAUMANTAN BARAT MENURUT KABUPATEN/KOTA, 2000 - 2003 (RUPIAH)","Per Capita GRDP at Current Pnce By Regenaes/MunidpaiiOes, in West Kalimantan, 2000 - 2003(Rupiahs)",17,7,4266d8f4a964
KALIMANTAN TENGAH,01,Kotawaringin Barat,,2001,,"6.401.666,66",,"PDRB PER KAPITA ATAS DASAR HARGA BERLAKU DI PROPINSI KAUMANTAN TENGAH MENURUT KABUPATEN/KOTA, 2000 - 2003 (RUPIAH)","Per Capita GRDP at Current Pnce By Regenaes/Munidpalities, in Central Kalimantan, 2000 - 2003 (Rupiahs)",18,8,37390b2482f0
KALIMANTAN TENGAH,06,Sukamara,#),2001,,,,"PDRB PER KAPITA ATAS DASAR HARGA BERLAKU DI PROPINSI KAUMANTAN TENGAH MENURUT KABUPATEN/KOTA, 2000 - 2003 (RUPIAH)","Per Capita GRDP at Current Pnce By Regenaes/Munidpalities, in Central Kalimantan, 2000 - 2003 (Rupiahs)",18,8,7b095c95f299
KALIMANTAN TENGAH,07,Lamandau,#),2001,,,,"PDRB PER KAPITA ATAS DASAR HARGA BERLAKU DI PROPINSI KAUMANTAN TENGAH MENURUT KABUPATEN/KOTA, 2000 - 2003 (RUPIAH)","Per Capita GRDP at Current Pnce By Regenaes/Munidpalities, in Central Kalimantan, 2000 - 2003 (Rupiahs)",18,8,d07acd97f3a8
KALIMANTAN TENGAH,02,Kotawaringin Timur,,2001,,"6.879.439,17",,"PDRB PER KAPITA ATAS DASAR HARGA BERLAKU DI PROPINSI KAUMANTAN TENGAH MENURUT KABUPATEN/KOTA, 2000 - 2003 (RUPIAH)","Per Capita GRDP at Current Pnce By Regenaes/Munidpalities, in Central Kalimantan, 2000 - 2003 (Rupiahs)",18,8,e4dc631c4624
KALIMANTAN TENGAH,08,Seruyan,#),2001,,,,"PDRB PER KAPITA ATAS DASAR HARGA BERLAKU DI PROPINSI KAUMANTAN TENGAH MENURUT KABUPATEN/KOTA, 2000 - 2003 (RUPIAH)","Per Capita GRDP at Current Pnce By Regenaes/Munidpalities, in Central Kalimantan, 2000 - 2003 (Rupiahs)",18,8,86bc29a52c75
KALIMANTAN TENGAH,09,Katingan,#),2001,,,,"PDRB PER KAPITA ATAS DASAR HARGA BERLAKU DI PROPINSI KAUMANTAN TENGAH MENURUT KABUPATEN/KOTA, 2000 - 2003 (RUPIAH)","Per Capita GRDP at Current Pnce By Regenaes/Munidpalities, in Central Kalimantan, 2000 - 2003 (Rupiahs)",18,8,6cc898713228
KALIMANTAN TENGAH,03,Kapuas,,2001,,"3 275 285,37",,"PDRB PER KAPITA ATAS DASAR HARGA BERLAKU DI PROPINSI KAUMANTAN TENGAH MENURUT KABUPATEN/KOTA, 2000 - 2003 (RUPIAH)","Per Capita GRDP at Current Pnce By Regenaes/Munidpalities, in Central Kalimantan, 2000 - 2003 (Rupiahs)",18,8,3ca3f586eb7b
KALIMANTAN TENGAH,10,Pulang Pisau,#),2001,,,,"PDRB PER KAPITA ATAS DASAR HARGA BERLAKU DI PROPINSI KAUMANTAN TENGAH MENURUT KABUPATEN/KOTA, 2000 - 2003 (RUPIAH)","Per Capita GRDP at Current Pnce By Regenaes/Munidpalities, in Central Kalimantan, 2000 - 2003 (Rupiahs)",18,8,7919926569d4
KALIMANTAN TENGAH,11,Gunung Mas,#),2001,,,,"PDRB PER KAPITA ATAS DASAR HARGA BERLAKU DI PROPINSI KAUMANTAN TENGAH MENURUT KABUPATEN/KOTA, 2000 - 2003 (RUPIAH)","Per Capita GRDP at Current Pnce By Regenaes/Munidpalities, in Central Kalimantan, 2000 - 2003 (Rupiahs)",18,8,80e4302bf61f
KALIMANTAN TENGAH,04,Barito Selatan,,2001,,"6.590.674,24",,"PDRB PER KAPITA ATAS DASAR HARGA BERLAKU DI PROPINSI KAUMANTAN TENGAH MENURUT KABUPATEN/KOTA, 2000 - 2003 (RUPIAH)","Per Capita GRDP at Current Pnce By Regenaes/Munidpalities, in Central Kalimantan, 2000 - 2003 (Rupiahs)",18,8,658fb009b468
KALIMANTAN TENGAH,12,Banto Timur,#),2001,,,,"PDRB PER KAPITA ATAS DASAR HARGA BERLAKU DI PROPINSI KAUMANTAN TENGAH MENURUT KABUPATEN/KOTA, 2000 - 2003 (RUPIAH)","Per Capita GRDP at Current Pnce By Regenaes/Munidpalities, in Central Kalimantan, 2000 - 2003 (Rupiahs)",18,8,93ad64a31c56
KALIMANTAN TENGAH,05,Barito Utara,,2001,,"9.573.o204,80",,"PDRB PER KAPITA ATAS DASAR HARGA BERLAKU DI PROPINSI KAUMANTAN TENGAH MENURUT KABUPATEN/KOTA, 2000 - 2003 (RUPIAH)","Per Capita GRDP at Current Pnce By Regenaes/Munidpalities, in Central Kalimantan, 2000 - 2003 (Rupiahs)",18,8,0cf62ed7c14b
KALIMANTAN TENGAH,13,Murung Raya,#),2001,,,,"PDRB PER KAPITA ATAS DASAR HARGA BERLAKU DI PROPINSI KAUMANTAN TENGAH MENURUT KABUPATEN/KOTA, 2000 - 2003 (RUPIAH)","Per Capita GRDP at Current Pnce By Regenaes/Munidpalities, in Central Kalimantan, 2000 - 2003 (Rupiahs)",18,8,abe9d8ed7e10
KALIMANTAN TENGAH,71,Palangkaraya,,2001,,"p 6.252.245,71",,"PDRB PER KAPITA ATAS DASAR HARGA BERLAKU DI PROPINSI KAUMANTAN TENGAH MENURUT KABUPATEN/KOTA, 2000 - 2003 (RUPIAH)","Per Capita GRDP at Current Pnce By Regenaes/Munidpalities, in Central Kalimantan, 2000 - 2003 (Rupiahs)",18,8,1430d5a38a55
KALIMANTAN TENGAH,,Jml Kab./Kota Total of Reg./Mun.,,2001,,"5.693.248,24",,"PDRB PER KAPITA ATAS DASAR HARGA BERLAKU DI PROPINSI KAUMANTAN TENGAH MENURUT KABUPATEN/KOTA, 2000 - 2003 (RUPIAH)","Per Capita GRDP at Current Pnce By Regenaes/Munidpalities, in Central Kalimantan, 2000 - 2003 (Rupiahs)",18,8,8eb04363cfde
KALIMANTAN TENGAH,,Jml Kab./Kota. Total of Reg /Mun,*',2001,,"5.693.248,24",,"PDRB PER KAPITA ATAS DASAR HARGA BERLAKU DI PROPINSI KAUMANTAN TENGAH MENURUT KABUPATEN/KOTA, 2000 - 2003 (RUPIAH)","Per Capita GRDP at Current Pnce By Regenaes/Munidpalities, in Central Kalimantan, 2000 - 2003 (Rupiahs)",18,8,31395f1386a8
KALIMANTAN SELATAN,01,Tanah Laut,,2001,,"7.048.286,28",,"PDRB PER KAPITA ATAS DASAR HARGA BERLAKU DI PROPINSI KALIMANTAN SELATAN MENURUT KABUPATEN/KOTA, 2000 - 2003 (RUPIAH)","Per Capita GRDP at Current Pnce By Regendes/Munidpaiities, m South Kalimantan, 2000 - 2003 (Rupiahs)",19,9,2b6082eb3208
KALIMANTAN SELATAN,02,Kota Baru,,2001,,"10.350.269,14",,"PDRB PER KAPITA ATAS DASAR HARGA BERLAKU DI PROPINSI KALIMANTAN SELATAN MENURUT KABUPATEN/KOTA, 2000 - 2003 (RUPIAH)","Per Capita GRDP at Current Pnce By Regendes/Munidpaiities, m South Kalimantan, 2000 - 2003 (Rupiahs)",19,9,42abcd20346f
KALIMANTAN SELATAN,10,Tanah Bumbu,#),2001,,,,"PDRB PER KAPITA ATAS DASAR HARGA BERLAKU DI PROPINSI KALIMANTAN SELATAN MENURUT KABUPATEN/KOTA, 2000 - 2003 (RUPIAH)","Per Capita GRDP at Current Pnce By Regendes/Munidpaiities, m South Kalimantan, 2000 - 2003 (Rupiahs)",19,9,d11c1784d585
KALIMANTAN SELATAN,03,Banjar,,2001,,"4.410.468,34",,"PDRB PER KAPITA ATAS DASAR HARGA BERLAKU DI PROPINSI KALIMANTAN SELATAN MENURUT KABUPATEN/KOTA, 2000 - 2003 (RUPIAH)","Per Capita GRDP at Current Pnce By Regendes/Munidpaiities, m South Kalimantan, 2000 - 2003 (Rupiahs)",19,9,6d53851d743f
KALIMANTAN SELATAN,04,Barito Kuala,,2001,,"9.059.602,55",,"PDRB PER KAPITA ATAS DASAR HARGA BERLAKU DI PROPINSI KALIMANTAN SELATAN MENURUT KABUPATEN/KOTA, 2000 - 2003 (RUPIAH)","Per Capita GRDP at Current Pnce By Regendes/Munidpaiities, m South Kalimantan, 2000 - 2003 (Rupiahs)",19,9,0c474a630bd6
KALIMANTAN SELATAN,05,Tapin,,2001,,"4.626.230,17",,"PDRB PER KAPITA ATAS DASAR HARGA BERLAKU DI PROPINSI KALIMANTAN SELATAN MENURUT KABUPATEN/KOTA, 2000 - 2003 (RUPIAH)","Per Capita GRDP at Current Pnce By Regendes/Munidpaiities, m South Kalimantan, 2000 - 2003 (Rupiahs)",19,9,0d2581d07a53
KALIMANTAN SELATAN,06,Hulu Sungai Selatan,,2001,,"4.063.327,41",,"PDRB PER KAPITA ATAS DASAR HARGA BERLAKU DI PROPINSI KALIMANTAN SELATAN MENURUT KABUPATEN/KOTA, 2000 - 2003 (RUPIAH)","Per Capita GRDP at Current Pnce By Regendes/Munidpaiities, m South Kalimantan, 2000 - 2003 (Rupiahs)",19,9,751219ca72bc
KALIMANTAN SELATAN,07,Hulu Sungai Tengah,,2001,,"5.233.458,00",,"PDRB PER KAPITA ATAS DASAR HARGA BERLAKU DI PROPINSI KALIMANTAN SELATAN MENURUT KABUPATEN/KOTA, 2000 - 2003 (RUPIAH)","Per Capita GRDP at Current Pnce By Regendes/Munidpaiities, m South Kalimantan, 2000 - 2003 (Rupiahs)",19,9,6a4bd62f1a48
KALIMANTAN SELATAN,08,Hulu Sungai Utara,,2001,,"5.683.762,6d9",,"PDRB PER KAPITA ATAS DASAR HARGA BERLAKU DI PROPINSI KALIMANTAN SELATAN MENURUT KABUPATEN/KOTA, 2000 - 2003 (RUPIAH)","Per Capita GRDP at Current Pnce By Regendes/Munidpaiities, m South Kalimantan, 2000 - 2003 (Rupiahs)",19,9,00b0f10e1ad8
KALIMANTAN SELATAN,,Hulu Sungai Utara,*',2001,,"5 552 120.,i87",,"PDRB PER KAPITA ATAS DASAR HARGA BERLAKU DI PROPINSI KALIMANTAN SELATAN MENURUT KABUPATEN/KOTA, 2000 - 2003 (RUPIAH)","Per Capita GRDP at Current Pnce By Regendes/Munidpaiities, m South Kalimantan, 2000 - 2003 (Rupiahs)",19,9,2cbb78f84463
KALIMANTAN SELATAN,11,Balangan,#),2001,,,,"PDRB PER KAPITA ATAS DASAR HARGA BERLAKU DI PROPINSI KALIMANTAN SELATAN MENURUT KABUPATEN/KOTA, 2000 - 2003 (RUPIAH)","Per Capita GRDP at Current Pnce By Regendes/Munidpaiities, m South Kalimantan, 2000 - 2003 (Rupiahs)",19,9,9830b867ec5a
KALIMANTAN SELATAN,,Balangan,*',2001,,,,"PDRB PER KAPITA ATAS DASAR HARGA BERLAKU DI PROPINSI KALIMANTAN SELATAN MENURUT KABUPATEN/KOTA, 2000 - 2003 (RUPIAH)","Per Capita GRDP at Current Pnce By Regendes/Munidpaiities, m South Kalimantan, 2000 - 2003 (Rupiahs)",19,9,4ccb33a1b622
KALIMANTAN SELATAN,09,Tabalong,,2001,,"p 9.193.092,06",,"PDRB PER KAPITA ATAS DASAR HARGA BERLAKU DI PROPINSI KALIMANTAN SELATAN MENURUT KABUPATEN/KOTA, 2000 - 2003 (RUPIAH)","Per Capita GRDP at Current Pnce By Regendes/Munidpaiities, m South Kalimantan, 2000 - 2003 (Rupiahs)",19,9,42e8cac50891
KALIMANTAN SELATAN,,Tabalong,*',2001,,"b 6.531.951,44",,"PDRB PER KAPITA ATAS DASAR HARGA BERLAKU DI PROPINSI KALIMANTAN SELATAN MENURUT KABUPATEN/KOTA, 2000 - 2003 (RUPIAH)","Per Capita GRDP at Current Pnce By Regendes/Munidpaiities, m South Kalimantan, 2000 - 2003 (Rupiahs)",19,9,63f05f30084e
KALIMANTAN SELATAN,71,Banjarmasin,,2001,,"6.101.631,16",,"PDRB PER KAPITA ATAS DASAR HARGA BERLAKU DI PROPINSI KALIMANTAN SELATAN MENURUT KABUPATEN/KOTA, 2000 - 2003 (RUPIAH)","Per Capita GRDP at Current Pnce By Regendes/Munidpaiities, m South Kalimantan, 2000 - 2003 (Rupiahs)",19,9,69d9ac48f0fa
KALIMANTAN SELATAN,72,Banjarbaru,,2001,,"5.233.458,00",,"PDRB PER KAPITA ATAS DASAR HARGA BERLAKU DI PROPINSI KALIMANTAN SELATAN MENURUT KABUPATEN/KOTA, 2000 - 2003 (RUPIAH)","Per Capita GRDP at Current Pnce By Regendes/Munidpaiities, m South Kalimantan, 2000 - 2003 (Rupiahs)",19,9,fecbdf25f857
KALIMANTAN SELATAN,,Jml Kab./Kota. Total of Reg./Mun.,,2001,,"6.726.008,71",,"PDRB PER KAPITA ATAS DASAR HARGA BERLAKU DI PROPINSI KALIMANTAN SELATAN MENURUT KABUPATEN/KOTA, 2000 - 2003 (RUPIAH)","Per Capita GRDP at Current Pnce By Regendes/Munidpaiities, m South Kalimantan, 2000 - 2003 (Rupiahs)",19,9,8e5e96ea3afc
KALIMANTAN SELATAN,,Jml Kab./Kota. Total of Reg./Mun.,*',2001,,"6.546.754,55",,"PDRB PER KAPITA ATAS DASAR HARGA BERLAKU DI PROPINSI KALIMANTAN SELATAN MENURUT KABUPATEN/KOTA, 2000 - 2003 (RUPIAH)","Per Capita GRDP at Current Pnce By Regendes/Munidpaiities, m South Kalimantan, 2000 - 2003 (Rupiahs)",19,9,6ff439687cb0
KALIMANTAN TIMUR,01,Pasir,,2001,,"8.444.062,63",,"PDRB PER KAPITA ATAS DASAR HARGA BERLAKU DI PROPINSI KALIMANTAN TIMUR MENURUT KABUPATEN/KOTA, 2000 - 2003 (RUPIAH)","Per Capita GRDP at Current Pnce By Regencies/Municipalities, in East Kalimantan, 2000 - 2003 (Rupiahs)",20,10,1c8185254642
KALIMANTAN TIMUR,09,Penajam Paser Utara,#),2001,,,,"PDRB PER KAPITA ATAS DASAR HARGA BERLAKU DI PROPINSI KALIMANTAN TIMUR MENURUT KABUPATEN/KOTA, 2000 - 2003 (RUPIAH)","Per Capita GRDP at Current Pnce By Regencies/Municipalities, in East Kalimantan, 2000 - 2003 (Rupiahs)",20,10,c8860a34a67f
KALIMANTAN TIMUR,02,Kutai Barat,,2001,,"12.336.128,60",,"PDRB PER KAPITA ATAS DASAR HARGA BERLAKU DI PROPINSI KALIMANTAN TIMUR MENURUT KABUPATEN/KOTA, 2000 - 2003 (RUPIAH)","Per Capita GRDP at Current Pnce By Regencies/Municipalities, in East Kalimantan, 2000 - 2003 (Rupiahs)",20,10,93b08cac3523
KALIMANTAN TIMUR,03,Kutai Kartanegara,,2001,,"45.455.204,95",,"PDRB PER KAPITA ATAS DASAR HARGA BERLAKU DI PROPINSI KALIMANTAN TIMUR MENURUT KABUPATEN/KOTA, 2000 - 2003 (RUPIAH)","Per Capita GRDP at Current Pnce By Regencies/Municipalities, in East Kalimantan, 2000 - 2003 (Rupiahs)",20,10,500b00971e61
KALIMANTAN TIMUR,,Kutai Kartanegara,*',2001,,"13.534 691,44",,"PDRB PER KAPITA ATAS DASAR HARGA BERLAKU DI PROPINSI KALIMANTAN TIMUR MENURUT KABUPATEN/KOTA, 2000 - 2003 (RUPIAH)","Per Capita GRDP at Current Pnce By Regencies/Municipalities, in East Kalimantan, 2000 - 2003 (Rupiahs)",20,10,ed3795e54160
KALIMANTAN TIMUR,04,Kutai Timur,,2001,,"36 529.401,41",,"PDRB PER KAPITA ATAS DASAR HARGA BERLAKU DI PROPINSI KALIMANTAN TIMUR MENURUT KABUPATEN/KOTA, 2000 - 2003 (RUPIAH)","Per Capita GRDP at Current Pnce By Regencies/Municipalities, in East Kalimantan, 2000 - 2003 (Rupiahs)",20,10,d16b57c2e59a
KALIMANTAN TIMUR,,Kutai Timur,*',2001,,"34.956.047,59",,"PDRB PER KAPITA ATAS DASAR HARGA BERLAKU DI PROPINSI KALIMANTAN TIMUR MENURUT KABUPATEN/KOTA, 2000 - 2003 (RUPIAH)","Per Capita GRDP at Current Pnce By Regencies/Municipalities, in East Kalimantan, 2000 - 2003 (Rupiahs)",20,10,a315ed5380f9
KALIMANTAN TIMUR,06,Malinau,,2001,,"10.015.503,27",,"PDRB PER KAPITA ATAS DASAR HARGA BERLAKU DI PROPINSI KALIMANTAN TIMUR MENURUT KABUPATEN/KOTA, 2000 - 2003 (RUPIAH)","Per Capita GRDP at Current Pnce By Regencies/Municipalities, in East Kalimantan, 2000 - 2003 (Rupiahs)",20,10,14ffc66b7bf8
KALIMANTAN TIMUR,05,Berau,,2001,,"19 256 039,33",,"PDRB PER KAPITA ATAS DASAR HARGA BERLAKU DI PROPINSI KALIMANTAN TIMUR MENURUT KABUPATEN/KOTA, 2000 - 2003 (RUPIAH)","Per Capita GRDP at Current Pnce By Regencies/Municipalities, in East Kalimantan, 2000 - 2003 (Rupiahs)",20,10,ff7a3174ae87
KALIMANTAN TIMUR,07,Bulungan,,2001,,"8.639.5d04,07",,"PDRB PER KAPITA ATAS DASAR HARGA BERLAKU DI PROPINSI KALIMANTAN TIMUR MENURUT KABUPATEN/KOTA, 2000 - 2003 (RUPIAH)","Per Capita GRDP at Current Pnce By Regencies/Municipalities, in East Kalimantan, 2000 - 2003 (Rupiahs)",20,10,d9b67fa77639
KALIMANTAN TIMUR,,Bulungan,*',2001,,"7.272.i890,72",,"PDRB PER KAPITA ATAS DASAR HARGA BERLAKU DI PROPINSI KALIMANTAN TIMUR MENURUT KABUPATEN/KOTA, 2000 - 2003 (RUPIAH)","Per Capita GRDP at Current Pnce By Regencies/Municipalities, in East Kalimantan, 2000 - 2003 (Rupiahs)",20,10,6d113066d217
KALIMANTAN TIMUR,08,Nunukan,,2001,,"g5.524.237,66",,"PDRB PER KAPITA ATAS DASAR HARGA BERLAKU DI PROPINSI KALIMANTAN TIMUR MENURUT KABUPATEN/KOTA, 2000 - 2003 (RUPIAH)","Per Capita GRDP at Current Pnce By Regencies/Municipalities, in East Kalimantan, 2000 - 2003 (Rupiahs)",20,10,28aab5b4d41c
KALIMANTAN TIMUR,,Nunukan,*',2001,,".3.121.667,96",,"PDRB PER KAPITA ATAS DASAR HARGA BERLAKU DI PROPINSI KALIMANTAN TIMUR MENURUT KABUPATEN/KOTA, 2000 - 2003 (RUPIAH)","Per Capita GRDP at Current Pnce By Regencies/Municipalities, in East Kalimantan, 2000 - 2003 (Rupiahs)",20,10,28504b66a468
KALIMANTAN TIMUR,71,Balikpapan,,2001,,"25.280 949,64",,"PDRB PER KAPITA ATAS DASAR HARGA BERLAKU DI PROPINSI KALIMANTAN TIMUR MENURUT KABUPATEN/KOTA, 2000 - 2003 (RUPIAH)","Per Capita GRDP at Current Pnce By Regencies/Municipalities, in East Kalimantan, 2000 - 2003 (Rupiahs)",20,10,5efb24f30527
KALIMANTAN TIMUR,,Balikpapan,*',2001,,"14.763.158,21",,"PDRB PER KAPITA ATAS DASAR HARGA BERLAKU DI PROPINSI KALIMANTAN TIMUR MENURUT KABUPATEN/KOTA, 2000 - 2003 (RUPIAH)","Per Capita GRDP at Current Pnce By Regencies/Municipalities, in East Kalimantan, 2000 - 2003 (Rupiahs)",20,10,1733a37c1778
KALIMANTAN TIMUR,72,Samannda,,2001,,"13.085.661,20",,"PDRB PER KAPITA ATAS DASAR HARGA BERLAKU DI PROPINSI KALIMANTAN TIMUR MENURUT KABUPATEN/KOTA, 2000 - 2003 (RUPIAH)","Per Capita GRDP at Current Pnce By Regencies/Municipalities, in East Kalimantan, 2000 - 2003 (Rupiahs)",20,10,5ea19649a527
KALIMANTAN TIMUR,73,Tarakan,,2001,,"9.891 381,10",,"PDRB PER KAPITA ATAS DASAR HARGA BERLAKU DI PROPINSI KALIMANTAN TIMUR MENURUT KABUPATEN/KOTA, 2000 - 2003 (RUPIAH)","Per Capita GRDP at Current Pnce By Regencies/Municipalities, in East Kalimantan, 2000 - 2003 (Rupiahs)",20,10,50f7a6afc719
KALIMANTAN TIMUR,,Tarakan,*',2001,,"9.283.264,80",,"PDRB PER KAPITA ATAS DASAR HARGA BERLAKU DI PROPINSI KALIMANTAN TIMUR MENURUT KABUPATEN/KOTA, 2000 - 2003 (RUPIAH)","Per Capita GRDP at Current Pnce By Regencies/Municipalities, in East Kalimantan, 2000 - 2003 (Rupiahs)",20,10,064a15ceaa96
KALIMANTAN TIMUR,74,Bontang,,2001,,"289.640.553,95",,"PDRB PER KAPITA ATAS DASAR HARGA BERLAKU DI PROPINSI KALIMANTAN TIMUR MENURUT KABUPATEN/KOTA, 2000 - 2003 (RUPIAH)","Per Capita GRDP at Current Pnce By Regencies/Municipalities, in East Kalimantan, 2000 - 2003 (Rupiahs)",20,10,8c1f584744b1
KALIMANTAN TIMUR,,Bontang,*',2001,,"21.090.000,86",,"PDRB PER KAPITA ATAS DASAR HARGA BERLAKU DI PROPINSI KALIMANTAN TIMUR MENURUT KABUPATEN/KOTA, 2000 - 2003 (RUPIAH)","Per Capita GRDP at Current Pnce By Regencies/Municipalities, in East Kalimantan, 2000 - 2003 (Rupiahs)",20,10,922b4bdec4d0
KALIMANTAN TIMUR,,Jml Kab./Kota. Total of Reg./hMun.,,2001,,"32.741.332,25",,"PDRB PER KAPITA ATAS DASAR HARGA BERLAKU DI PROPINSI KALIMANTAN TIMUR MENURUT KABUPATEN/KOTA, 2000 - 2003 (RUPIAH)","Per Capita GRDP at Current Pnce By Regencies/Municipalities, in East Kalimantan, 2000 - 2003 (Rupiahs)",20,10,1b627fb1f4c8
KALIMANTAN TIMUR,,Jml Kab /Kota. Total of Reg./Mun.,*',2001,,"14 067.945,62",,"PDRB PER KAPITA ATAS DASAR HARGA BERLAKU DI PROPINSI KALIMANTAN TIMUR MENURUT KABUPATEN/KOTA, 2000 - 2003 (RUPIAH)","Per Capita GRDP at Current Pnce By Regencies/Municipalities, in East Kalimantan, 2000 - 2003 (Rupiahs)",20,10,1c8e85cb4029
DKI JAKARTA,71,Jakarta Selatan,,2002,*),"22.474.308,57",,"PDRB PER KAPITA ATAS DASAR HARGA BERLAKU DI PROPINSI DKI JAKARTA MENURUT KABUPATEN/KOTA, 2000 - 2003 (RUPIAH)","Per Capita GRDP at Current Price By Regendes/Municipalities, in DKIJakarta, 2000 - 2003 (Rupiahs)",11,1,8d440083bef1
DKI JAKARTA,72,Jakarta Timur,,2002,*),"19.361.584,83",,"PDRB PER KAPITA ATAS DASAR HARGA BERLAKU DI PROPINSI DKI JAKARTA MENURUT KABUPATEN/KOTA, 2000 - 2003 (RUPIAH)","Per Capita GRDP at Current Price By Regendes/Municipalities, in DKIJakarta, 2000 - 2003 (Rupiahs)",11,1,35b95ce1033b
DKI JAKARTA,73,Jakarta Pusat,,2002,*),"67.518.139,06",,"PDRB PER KAPITA ATAS DASAR HARGA BERLAKU DI PROPINSI DKI JAKARTA MENURUT KABUPATEN/KOTA, 2000 - 2003 (RUPIAH)","Per Capita GRDP at Current Price By Regendes/Municipalities, in DKIJakarta, 2000 - 2003 (Rupiahs)",11,1,9a7e581747f9
DKI JAKARTA,74,Jakarta Barat,,2002,*),"21.207.523,25",,"PDRB PER KAPITA ATAS DASAR HARGA BERLAKU DI PROPINSI DKI JAKARTA MENURUT KABUPATEN/KOTA, 2000 - 2003 (RUPIAH)","Per Capita GRDP at Current Price By Regendes/Municipalities, in DKIJakarta, 2000 - 2003 (Rupiahs)",11,1,2171e08bc373
DKI JAKARTA,75,Jakarta Utara,,2002,*),"33 887.459,74",,"PDRB PER KAPITA ATAS DASAR HARGA BERLAKU DI PROPINSI DKI JAKARTA MENURUT KABUPATEN/KOTA, 2000 - 2003 (RUPIAH)","Per Capita GRDP at Current Price By Regendes/Municipalities, in DKIJakarta, 2000 - 2003 (Rupiahs)",11,1,979ff9fd88ae
DKI JAKARTA,01,Kepulauan Seribu,#),2002,*),"80.237.635,94",,"PDRB PER KAPITA ATAS DASAR HARGA BERLAKU DI PROPINSI DKI JAKARTA MENURUT KABUPATEN/KOTA, 2000 - 2003 (RUPIAH)","Per Capita GRDP at Current Price By Regendes/Municipalities, in DKIJakarta, 2000 - 2003 (Rupiahs)",11,1,ce04d64c05f9
DKI JAKARTA,,Jml Kab./Kota. Total of Reg./Mun.,,2002,*),"28.005.003,19",,"PDRB PER KAPITA ATAS DASAR HARGA BERLAKU DI PROPINSI DKI JAKARTA MENURUT KABUPATEN/KOTA, 2000 - 2003 (RUPIAH)","Per Capita GRDP at Current Price By Regendes/Municipalities, in DKIJakarta, 2000 - 2003 (Rupiahs)",11,1,f7f77cfbf484
DKI JAKARTA,,Jml Kab./Kota. Total of Reg./Mun.,*',2002,*),"28.005.003,19",,"PDRB PER KAPITA ATAS DASAR HARGA BERLAKU DI PROPINSI DKI JAKARTA MENURUT KABUPATEN/KOTA, 2000 - 2003 (RUPIAH)","Per Capita GRDP at Current Price By Regendes/Municipalities, in DKIJakarta, 2000 - 2003 (Rupiahs)",11,1,5300da625da6
JAWA BARAT,01,Bogor,,2002,*),"3.471.006,06",,"PDRB PER KAPITA ATAS DASAR HARGA BERLAKU DI PROPINSI JAWA BARAT MENURUT KABUPATEN/KOTA, 2000 - 2003 (RUPIAH)","Per Capita GRDP at Current Pnce By Regenaes/Muniapalities, in West Java, 2000 - 2003 (Rupiahs)",12,2,e45a58a4b4dd
JAWA BARAT,02,Sukabumi,,2002,*),"3.485.472,20",,"PDRB PER KAPITA ATAS DASAR HARGA BERLAKU DI PROPINSI JAWA BARAT MENURUT KABUPATEN/KOTA, 2000 - 2003 (RUPIAH)","Per Capita GRDP at Current Pnce By Regenaes/Muniapalities, in West Java, 2000 - 2003 (Rupiahs)",12,2,83e7cafcae15
JAWA BARAT,,Sukabumi,*',2002,*),"3.418.280,38",,"PDRB PER KAPITA ATAS DASAR HARGA BERLAKU DI PROPINSI JAWA BARAT MENURUT KABUPATEN/KOTA, 2000 - 2003 (RUPIAH)","Per Capita GRDP at Current Pnce By Regenaes/Muniapalities, in West Java, 2000 - 2003 (Rupiahs)",12,2,5a4cd7724ed0
JAWA BARAT,03,Cianjur,,2002,*),"3.482.802,12",,"PDRB PER KAPITA ATAS DASAR HARGA BERLAKU DI PROPINSI JAWA BARAT MENURUT KABUPATEN/KOTA, 2000 - 2003 (RUPIAH)","Per Capita GRDP at Current Pnce By Regenaes/Muniapalities, in West Java, 2000 - 2003 (Rupiahs)",12,2,92f2e020dae5
JAWA BARAT,04,Bandung,,2002,*),"5.439.054,49",,"PDRB PER KAPITA ATAS DASAR HARGA BERLAKU DI PROPINSI JAWA BARAT MENURUT KABUPATEN/KOTA, 2000 - 2003 (RUPIAH)","Per Capita GRDP at Current Pnce By Regenaes/Muniapalities, in West Java, 2000 - 2003 (Rupiahs)",12,2,ac9d1c85aeef
JAWA BARAT,,Bandung,*',2002,*),"5.413.783,89",,"PDRB PER KAPITA ATAS DASAR HARGA BERLAKU DI PROPINSI JAWA BARAT MENURUT KABUPATEN/KOTA, 2000 - 2003 (RUPIAH)","Per Capita GRDP at Current Pnce By Regenaes/Muniapalities, in West Java, 2000 - 2003 (Rupiahs)",12,2,acdc1b3a177b
JAWA BARAT,05,Garut,,2002,*),"3.496 012,03",,"PDRB PER KAPITA ATAS DASAR HARGA BERLAKU DI PROPINSI JAWA BARAT MENURUT KABUPATEN/KOTA, 2000 - 2003 (RUPIAH)","Per Capita GRDP at Current Pnce By Regenaes/Muniapalities, in West Java, 2000 - 2003 (Rupiahs)",12,2,6b71f8d8cd05
JAWA BARAT,06,Tasikmalaya,,2002,*),"3.401.888,40",,"PDRB PER KAPITA ATAS DASAR HARGA BERLAKU DI PROPINSI JAWA BARAT MENURUT KABUPATEN/KOTA, 2000 - 2003 (RUPIAH)","Per Capita GRDP at Current Pnce By Regenaes/Muniapalities, in West Java, 2000 - 2003 (Rupiahs)",12,2,a958c1d199d3
JAWA BARAT,07,Ciamis,,2002,*),"4.179.042,01",,"PDRB PER KAPITA ATAS DASAR HARGA BERLAKU DI PROPINSI JAWA BARAT MENURUT KABUPATEN/KOTA, 2000 - 2003 (RUPIAH)","Per Capita GRDP at Current Pnce By Regenaes/Muniapalities, in West Java, 2000 - 2003 (Rupiahs)",12,2,24da78d68d2b
JAWA BARAT,79,Banjar,#),2002,*),-,,"PDRB PER KAPITA ATAS DASAR HARGA BERLAKU DI PROPINSI JAWA BARAT MENURUT KABUPATEN/KOTA, 2000 - 2003 (RUPIAH)","Per Capita GRDP at Current Pnce By Regenaes/Muniapalities, in West Java, 2000 - 2003 (Rupiahs)",12,2,ee267da8fb18
JAWA BARAT,08,Kuningan,,2002,*),"2 797 181,44",,"PDRB PER KAPITA ATAS DASAR HARGA BERLAKU DI PROPINSI JAWA BARAT MENURUT KABUPATEN/KOTA, 2000 - 2003 (RUPIAH)","Per Capita GRDP at Current Pnce By Regenaes/Muniapalities, in West Java, 2000 - 2003 (Rupiahs)",12,2,1cb939cb1703
JAWA BARAT,09,Cirobon,,2002,*),"2.930.961,82",,"PDRB PER KAPITA ATAS DASAR HARGA BERLAKU DI PROPINSI JAWA BARAT MENURUT KABUPATEN/KOTA, 2000 - 2003 (RUPIAH)","Per Capita GRDP at Current Pnce By Regenaes/Muniapalities, in West Java, 2000 - 2003 (Rupiahs)",12,2,9c7c4f9d4d29
JAWA BARAT,10,Majalengka,,2002,*),"3 026 711,19",,"PDRB PER KAPITA ATAS DASAR HARGA BERLAKU DI PROPINSI JAWA BARAT MENURUT KABUPATEN/KOTA, 2000 - 2003 (RUPIAH)","Per Capita GRDP at Current Pnce By Regenaes/Muniapalities, in West Java, 2000 - 2003 (Rupiahs)",12,2,fd2c03d0d807
JAWA BARAT,,Majalengka,*',2002,*),"3 014 388,36",,"PDRB PER KAPITA ATAS DASAR HARGA BERLAKU DI PROPINSI JAWA BARAT MENURUT KABUPATEN/KOTA, 2000 - 2003 (RUPIAH)","Per Capita GRDP at Current Pnce By Regenaes/Muniapalities, in West Java, 2000 - 2003 (Rupiahs)",12,2,2ee525a6f818
JAWA BARAT,11,Sumedang,,2002,*),"3 510.052,51",,"PDRB PER KAPITA ATAS DASAR HARGA BERLAKU DI PROPINSI JAWA BARAT MENURUT KABUPATEN/KOTA, 2000 - 2003 (RUPIAH)","Per Capita GRDP at Current Pnce By Regenaes/Muniapalities, in West Java, 2000 - 2003 (Rupiahs)",12,2,709437dfc10b
JAWA BARAT,12,Indramayu,,2002,*),"10.838.549,11",,"PDRB PER KAPITA ATAS DASAR HARGA BERLAKU DI PROPINSI JAWA BARAT MENURUT KABUPATEN/KOTA, 2000 - 2003 (RUPIAH)","Per Capita GRDP at Current Pnce By Regenaes/Muniapalities, in West Java, 2000 - 2003 (Rupiahs)",12,2,4f3e9a4707d5
JAWA BARAT,,Indramayu,*',2002,*),"3.673.151,28",,"PDRB PER KAPITA ATAS DASAR HARGA BERLAKU DI PROPINSI JAWA BARAT MENURUT KABUPATEN/KOTA, 2000 - 2003 (RUPIAH)","Per Capita GRDP at Current Pnce By Regenaes/Muniapalities, in West Java, 2000 - 2003 (Rupiahs)",12,2,cb0c7e2d47d5
JAWA BARAT,13,Subang,,2002,*),"3.866.232,40",,"PDRB PER KAPITA ATAS DASAR HARGA BERLAKU DI PROPINSI JAWA BARAT MENURUT KABUPATEN/KOTA, 2000 - 2003 (RUPIAH)","Per Capita GRDP at Current Pnce By Regenaes/Muniapalities, in West Java, 2000 - 2003 (Rupiahs)",12,2,3f261878270c
JAWA BARAT,,Subang,*',2002,*),"3.831.737,54",,"PDRB PER KAPITA ATAS DASAR HARGA BERLAKU DI PROPINSI JAWA BARAT MENURUT KABUPATEN/KOTA, 2000 - 2003 (RUPIAH)","Per Capita GRDP at Current Pnce By Regenaes/Muniapalities, in West Java, 2000 - 2003 (Rupiahs)",12,2,57fe7f2bbdbf
JAWA BARAT,14,Purwakarta,,2002,*),"8.035.239,70",,"PDRB PER KAPITA ATAS DASAR HARGA BERLAKU DI PROPINSI JAWA BARAT MENURUT KABUPATEN/KOTA, 2000 - 2003 (RUPIAH)","Per Capita GRDP at Current Pnce By Regenaes/Muniapalities, in West Java, 2000 - 2003 (Rupiahs)",12,2,e175ef775e54
JAWA BARAT,15,Karawang,,2002,*),"6.146 090,37",,"PDRB PER KAPITA ATAS DASAR HARGA BERLAKU DI PROPINSI JAWA BARAT MENURUT KABUPATEN/KOTA, 2000 - 2003 (RUPIAH)","Per Capita GRDP at Current Pnce By Regenaes/Muniapalities, in West Java, 2000 - 2003 (Rupiahs)",12,2,471bfb03fc89
JAWA BARAT,,Karawang,*',2002,*),"5.867.820,05",,"PDRB PER KAPITA ATAS DASAR HARGA BERLAKU DI PROPINSI JAWA BARAT MENURUT KABUPATEN/KOTA, 2000 - 2003 (RUPIAH)","Per Capita GRDP at Current Pnce By Regenaes/Muniapalities, in West Java, 2000 - 2003 (Rupiahs)",12,2,07377716710b
JAWA BARAT,16,Bekasi,,2002,*),"19.187 974,61",,"PDRB PER KAPITA ATAS DASAR HARGA BERLAKU DI PROPINSI JAWA BARAT MENURUT KABUPATEN/KOTA, 2000 - 2003 (RUPIAH)","Per Capita GRDP at Current Pnce By Regenaes/Muniapalities, in West Java, 2000 - 2003 (Rupiahs)",12,2,286d665e3865
JAWA BARAT,,Bekasi,*',2002,*),"19 131.024,93",,"PDRB PER KAPITA ATAS DASAR HARGA BERLAKU DI PROPINSI JAWA BARAT MENURUT KABUPATEN/KOTA, 2000 - 2003 (RUPIAH)","Per Capita GRDP at Current Pnce By Regenaes/Muniapalities, in West Java, 2000 - 2003 (Rupiahs)",12,2,30b0893dd09a
JAWA BARAT,71,Bogor,,2002,*),"4.227.462,00",,"PDRB PER KAPITA ATAS DASAR HARGA BERLAKU DI PROPINSI JAWA BARAT MENURUT KABUPATEN/KOTA, 2000 - 2003 (RUPIAH)","Per Capita GRDP at Current Pnce By Regenaes/Muniapalities, in West Java, 2000 - 2003 (Rupiahs)",12,2,c1b260733322
JAWA BARAT,72,Sukabumi,,2002,*),"5.318.794,35",,"PDRB PER KAPITA ATAS DASAR HARGA BERLAKU DI PROPINSI JAWA BARAT MENURUT KABUPATEN/KOTA, 2000 - 2003 (RUPIAH)","Per Capita GRDP at Current Pnce By Regenaes/Muniapalities, in West Java, 2000 - 2003 (Rupiahs)",12,2,60635fa731b9
JAWA BARAT,73,Bandung,,2002,*),"9 475.880,34",,"PDRB PER KAPITA ATAS DASAR HARGA BERLAKU DI PROPINSI JAWA BARAT MENURUT KABUPATEN/KOTA, 2000 - 2003 (RUPIAH)","Per Capita GRDP at Current Pnce By Regenaes/Muniapalities, in West Java, 2000 - 2003 (Rupiahs)",12,2,3a8c90d36b9b
JAWA BARAT,74,Cirebon,,2002,*),"17 079.326,17",,"PDRB PER KAPITA ATAS DASAR HARGA BERLAKU DI PROPINSI JAWA BARAT MENURUT KABUPATEN/KOTA, 2000 - 2003 (RUPIAH)","Per Capita GRDP at Current Pnce By Regenaes/Muniapalities, in West Java, 2000 - 2003 (Rupiahs)",12,2,abc6274b9dbf
JAWA BARAT,75,Bekasi,,2002,*),"6.140.026,24",,"PDRB PER KAPITA ATAS DASAR HARGA BERLAKU DI PROPINSI JAWA BARAT MENURUT KABUPATEN/KOTA, 2000 - 2003 (RUPIAH)","Per Capita GRDP at Current Pnce By Regenaes/Muniapalities, in West Java, 2000 - 2003 (Rupiahs)",12,2,3270d13ff911
JAWA BARAT,76,Depok,,2002,*),"3 956.976,81",,"PDRB PER KAPITA ATAS DASAR HARGA BERLAKU DI PROPINSI JAWA BARAT MENURUT KABUPATEN/KOTA, 2000 - 2003 (RUPIAH)","Per Capita GRDP at Current Pnce By Regenaes/Muniapalities, in West Java, 2000 - 2003 (Rupiahs)",12,2,998fea3665b5
JAWA BARAT,77,Cimahi,,2002,*),"10 325.315,70",,"PDRB PER KAPITA ATAS DASAR HARGA BERLAKU DI PROPINSI JAWA BARAT MENURUT KABUPATEN/KOTA, 2000 - 2003 (RUPIAH)","Per Capita GRDP at Current Pnce By Regenaes/Muniapalities, in West Java, 2000 - 2003 (Rupiahs)",12,2,b736fb782e87
JAWA BARAT,78,Tasikmalaya,,2002,*),"3 259 581,93",,"PDRB PER KAPITA ATAS DASAR HARGA BERLAKU DI PROPINSI JAWA BARAT MENURUT KABUPATEN/KOTA, 2000 - 2003 (RUPIAH)","Per Capita GRDP at Current Pnce By Regenaes/Muniapalities, in West Java, 2000 - 2003 (Rupiahs)",12,2,0eafcd2b5218
JAWA BARAT,,Jml Kab./Kota. Total of Reg /Mun.,,2002,*),"5 685.016,12",,"PDRB PER KAPITA ATAS DASAR HARGA BERLAKU DI PROPINSI JAWA BARAT MENURUT KABUPATEN/KOTA, 2000 - 2003 (RUPIAH)","Per Capita GRDP at Current Pnce By Regenaes/Muniapalities, in West Java, 2000 - 2003 (Rupiahs)",12,2,8f2ef9267e82
JAWA BARAT,,Jml Kab./Kota. Total of Reg./Mun.,*',2002,*),"5.264.948,72",,"PDRB PER KAPITA ATAS DASAR HARGA BERLAKU DI PROPINSI JAWA BARAT MENURUT KABUPATEN/KOTA, 2000 - 2003 (RUPIAH)","Per Capita GRDP at Current Pnce By Regenaes/Muniapalities, in West Java, 2000 - 2003 (Rupiahs)",12,2,c7d52573e398
BANTEN,01,Pandeglang,,2002,*),"3.449 686,86",,"PDRB PER KAPITA ATAS DASAR HARGA BERLAKU DI PROPINSI BANTEN MENURUT KABUPATEN/KOTA, 2000 - 2003 (RUPIAH)","Per Capita GRDP at Current Price By Regendes/Municipalities, in Banten, 2000 - 2003 (Rupiahs)",13,3,fbb6281318b5
BANTEN,02,Lebak,,2002,*),"3 256 126,76",,"PDRB PER KAPITA ATAS DASAR HARGA BERLAKU DI PROPINSI BANTEN MENURUT KABUPATEN/KOTA, 2000 - 2003 (RUPIAH)","Per Capita GRDP at Current Price By Regendes/Municipalities, in Banten, 2000 - 2003 (Rupiahs)",13,3,46951bdd968e
BANTEN,03,Tangerang,,2002,*),"5.660.397,67",,"PDRB PER KAPITA ATAS DASAR HARGA BERLAKU DI PROPINSI BANTEN MENURUT KABUPATEN/KOTA, 2000 - 2003 (RUPIAH)","Per Capita GRDP at Current Price By Regendes/Municipalities, in Banten, 2000 - 2003 (Rupiahs)",13,3,db5b7341f254
BANTEN,04,Serang,,2002,*),"4.824.065,05",,"PDRB PER KAPITA ATAS DASAR HARGA BERLAKU DI PROPINSI BANTEN MENURUT KABUPATEN/KOTA, 2000 - 2003 (RUPIAH)","Per Capita GRDP at Current Price By Regendes/Municipalities, in Banten, 2000 - 2003 (Rupiahs)",13,3,51b783e93f10
BANTEN,71,Tangerang,,2002,*),"15.253.690,08",,"PDRB PER KAPITA ATAS DASAR HARGA BERLAKU DI PROPINSI BANTEN MENURUT KABUPATEN/KOTA, 2000 - 2003 (RUPIAH)","Per Capita GRDP at Current Price By Regendes/Municipalities, in Banten, 2000 - 2003 (Rupiahs)",13,3,58319ebf7f6d
BANTEN,72,Cilegon,,2002,*),"29.960.382,42",,"PDRB PER KAPITA ATAS DASAR HARGA BERLAKU DI PROPINSI BANTEN MENURUT KABUPATEN/KOTA, 2000 - 2003 (RUPIAH)","Per Capita GRDP at Current Price By Regendes/Municipalities, in Banten, 2000 - 2003 (Rupiahs)",13,3,88246c263c1a
BANTEN,,Jml Kab./Kota Total of Rea /Mun,,2002,*),"o7 383.976,47",,"PDRB PER KAPITA ATAS DASAR HARGA BERLAKU DI PROPINSI BANTEN MENURUT KABUPATEN/KOTA, 2000 - 2003 (RUPIAH)","Per Capita GRDP at Current Price By Regendes/Municipalities, in Banten, 2000 - 2003 (Rupiahs)",13,3,3116013d829c
BANTEN,,Jml Kab./Kota. Total of Reg./Mun.,*',2002,*),"7.383.976,47",,"PDRB PER KAPITA ATAS DASAR HARGA BERLAKU DI PROPINSI BANTEN MENURUT KABUPATEN/KOTA, 2000 - 2003 (RUPIAH)","Per Capita GRDP at Current Price By Regendes/Municipalities, in Banten, 2000 - 2003 (Rupiahs)",13,3,e5e0203f571e
JAWA TENGAH,01,Cilacap,,2002,*),"15.575.993,03",,"PDRB PER KAPITA ATAS DASAR HARGA BERLAKU DI PROPINSI JAWATENGAH MENURUT KABUPATEN/KOTA, 2000 - 2003 (RUPIAH)","Per Capita GRDP at Current Price By Regencies/MunicipaiiUes, in Central Java, 2000 - 2003 (Rupiahs)",14,4,0447e11cdeff
JAWA TENGAH,,Cilacap,*',2002,*),"8.716.720,30",,"PDRB PER KAPITA ATAS DASAR HARGA BERLAKU DI PROPINSI JAWATENGAH MENURUT KABUPATEN/KOTA, 2000 - 2003 (RUPIAH)","Per Capita GRDP at Current Price By Regencies/MunicipaiiUes, in Central Java, 2000 - 2003 (Rupiahs)",14,4,dd813cd2ee72
JAWA TENGAH,02,Banyumas,,2002,*),"2.202.734,90",,"PDRB PER KAPITA ATAS DASAR HARGA BERLAKU DI PROPINSI JAWATENGAH MENURUT KABUPATEN/KOTA, 2000 - 2003 (RUPIAH)","Per Capita GRDP at Current Price By Regencies/MunicipaiiUes, in Central Java, 2000 - 2003 (Rupiahs)",14,4,9870d5df2d51
JAWA TENGAH,03,Purbalmgga,,2002,*),"2.241.367,67",,"PDRB PER KAPITA ATAS DASAR HARGA BERLAKU DI PROPINSI JAWATENGAH MENURUT KABUPATEN/KOTA, 2000 - 2003 (RUPIAH)","Per Capita GRDP at Current Price By Regencies/MunicipaiiUes, in Central Java, 2000 - 2003 (Rupiahs)",14,4,133248fab0b5
JAWA TENGAH,04,Banjamegara,,2002,*),"2.981.654,74",,"PDRB PER KAPITA ATAS DASAR HARGA BERLAKU DI PROPINSI JAWATENGAH MENURUT KABUPATEN/KOTA, 2000 - 2003 (RUPIAH)","Per Capita GRDP at Current Price By Regencies/MunicipaiiUes, in Central Java, 2000 - 2003 (Rupiahs)",14,4,d32d94239881
JAWA TENGAH,05,Kebumen,,2002,*),"2.275.050,37",,"PDRB PER KAPITA ATAS DASAR HARGA BERLAKU DI PROPINSI JAWATENGAH MENURUT KABUPATEN/KOTA, 2000 - 2003 (RUPIAH)","Per Capita GRDP at Current Price By Regencies/MunicipaiiUes, in Central Java, 2000 - 2003 (Rupiahs)",14,4,4e861406e6cd
JAWA TENGAH,06,Purworejo,,2002,*),"3.143.440,93",,"PDRB PER KAPITA ATAS DASAR HARGA BERLAKU DI PROPINSI JAWATENGAH MENURUT KABUPATEN/KOTA, 2000 - 2003 (RUPIAH)","Per Capita GRDP at Current Price By Regencies/MunicipaiiUes, in Central Java, 2000 - 2003 (Rupiahs)",14,4,fe8a85cfc749
JAWA TENGAH,07,Wonosobo,,2002,*),"2.254.936,15",,"PDRB PER KAPITA ATAS DASAR HARGA BERLAKU DI PROPINSI JAWATENGAH MENURUT KABUPATEN/KOTA, 2000 - 2003 (RUPIAH)","Per Capita GRDP at Current Price By Regencies/MunicipaiiUes, in Central Java, 2000 - 2003 (Rupiahs)",14,4,841fe1acecc2
JAWA TENGAH,08,Magelang,,2002,*),"3 062.227,53",,"PDRB PER KAPITA ATAS DASAR HARGA BERLAKU DI PROPINSI JAWATENGAH MENURUT KABUPATEN/KOTA, 2000 - 2003 (RUPIAH)","Per Capita GRDP at Current Price By Regencies/MunicipaiiUes, in Central Java, 2000 - 2003 (Rupiahs)",14,4,e25cbc87d542
JAWA TENGAH,09,Boyolali,,2002,*),"3.618.469,39",,"PDRB PER KAPITA ATAS DASAR HARGA BERLAKU DI PROPINSI JAWATENGAH MENURUT KABUPATEN/KOTA, 2000 - 2003 (RUPIAH)","Per Capita GRDP at Current Price By Regencies/MunicipaiiUes, in Central Java, 2000 - 2003 (Rupiahs)",14,4,6f499c459cb0
JAWA TENGAH,10,Klaten,,2002,*),"3.068.266,67",,"PDRB PER KAPITA ATAS DASAR HARGA BERLAKU DI PROPINSI JAWATENGAH MENURUT KABUPATEN/KOTA, 2000 - 2003 (RUPIAH)","Per Capita GRDP at Current Price By Regencies/MunicipaiiUes, in Central Java, 2000 - 2003 (Rupiahs)",14,4,fce11747eb73
JAWA TENGAH,11,Sukohago,,2002,*),"4.071.212,54",,"PDRB PER KAPITA ATAS DASAR HARGA BERLAKU DI PROPINSI JAWATENGAH MENURUT KABUPATEN/KOTA, 2000 - 2003 (RUPIAH)","Per Capita GRDP at Current Price By Regencies/MunicipaiiUes, in Central Java, 2000 - 2003 (Rupiahs)",14,4,9cdf902f62ff
JAWA TENGAH,12,Wonogin,,2002,*),"2.212.295,92",,"PDRB PER KAPITA ATAS DASAR HARGA BERLAKU DI PROPINSI JAWATENGAH MENURUT KABUPATEN/KOTA, 2000 - 2003 (RUPIAH)","Per Capita GRDP at Current Price By Regencies/MunicipaiiUes, in Central Java, 2000 - 2003 (Rupiahs)",14,4,f5f30578607a
JAWA TENGAH,13,Karanganyar,,2002,*),"3.902 438,25",,"PDRB PER KAPITA ATAS DASAR HARGA BERLAKU DI PROPINSI JAWATENGAH MENURUT KABUPATEN/KOTA, 2000 - 2003 (RUPIAH)","Per Capita GRDP at Current Price By Regencies/MunicipaiiUes, in Central Java, 2000 - 2003 (Rupiahs)",14,4,c03d557c7c04
JAWA TENGAH,14,Sragen,,2002,*),"2.475 058,82",,"PDRB PER KAPITA ATAS DASAR HARGA BERLAKU DI PROPINSI JAWATENGAH MENURUT KABUPATEN/KOTA, 2000 - 2003 (RUPIAH)","Per Capita GRDP at Current Price By Regencies/MunicipaiiUes, in Central Java, 2000 - 2003 (Rupiahs)",14,4,ddb910c3c6c6
JAWA TENGAH,15,Grobogan,,2002,*),"1.612.141,41",,"PDRB PER KAPITA ATAS DASAR HARGA BERLAKU DI PROPINSI JAWATENGAH MENURUT KABUPATEN/KOTA, 2000 - 2003 (RUPIAH)","Per Capita GRDP at Current Price By Regencies/MunicipaiiUes, in Central Java, 2000 - 2003 (Rupiahs)",14,4,376db097deb3
JAWA TENGAH,16,Blora,,2002,*),"2 264 695,24",,"PDRB PER KAPITA ATAS DASAR HARGA BERLAKU DI PROPINSI JAWATENGAH MENURUT KABUPATEN/KOTA, 2000 - 2003 (RUPIAH)","Per Capita GRDP at Current Price By Regencies/MunicipaiiUes, in Central Java, 2000 - 2003 (Rupiahs)",14,4,e797b4f46a50
JAWA TENGAH,,Blora,*',2002,*),"2.156 198,48",,"PDRB PER KAPITA ATAS DASAR HARGA BERLAKU DI PROPINSI JAWATENGAH MENURUT KABUPATEN/KOTA, 2000 - 2003 (RUPIAH)","Per Capita GRDP at Current Price By Regencies/MunicipaiiUes, in Central Java, 2000 - 2003 (Rupiahs)",14,4,df2110698b18
JAWA TENGAH,17,Rembang,,2002,*),"3.206.225,31",,"PDRB PER KAPITA ATAS DASAR HARGA BERLAKU DI PROPINSI JAWATENGAH MENURUT KABUPATEN/KOTA, 2000 - 2003 (RUPIAH)","Per Capita GRDP at Current Price By Regencies/MunicipaiiUes, in Central Java, 2000 - 2003 (Rupiahs)",14,4,82b72226b279
JAWA TENGAH,18,Pati,,2002,*),"2.653.652,45",,"PDRB PER KAPITA ATAS DASAR HARGA BERLAKU DI PROPINSI JAWATENGAH MENURUT KABUPATEN/KOTA, 2000 - 2003 (RUPIAH)","Per Capita GRDP at Current Price By Regencies/MunicipaiiUes, in Central Java, 2000 - 2003 (Rupiahs)",14,4,9aaee04f3263
JAWA TENGAH,19,Kudus,,2002,*),"14.644.958,60",,"PDRB PER KAPITA ATAS DASAR HARGA BERLAKU DI PROPINSI JAWATENGAH MENURUT KABUPATEN/KOTA, 2000 - 2003 (RUPIAH)","Per Capita GRDP at Current Price By Regencies/MunicipaiiUes, in Central Java, 2000 - 2003 (Rupiahs)",14,4,b9e3ea7a0c88
JAWA TENGAH,20,Jepara,,2002,*),"3.587 333,02",,"PDRB PER KAPITA ATAS DASAR HARGA BERLAKU DI PROPINSI JAWATENGAH MENURUT KABUPATEN/KOTA, 2000 - 2003 (RUPIAH)","Per Capita GRDP at Current Price By Regencies/MunicipaiiUes, in Central Java, 2000 - 2003 (Rupiahs)",14,4,0e432956ea9a
JAWA TENGAH,21,Demak,,2002,*),"2.412.093,07",,"PDRB PER KAPITA ATAS DASAR HARGA BERLAKU DI PROPINSI JAWATENGAH MENURUT KABUPATEN/KOTA, 2000 - 2003 (RUPIAH)","Per Capita GRDP at Current Price By Regencies/MunicipaiiUes, in Central Java, 2000 - 2003 (Rupiahs)",14,4,88cdd030ba01
JAWA TENGAH,22,Semarang,,2002,*),"4.235.629,58",,"PDRB PER KAPITA ATAS DASAR HARGA BERLAKU DI PROPINSI JAWATENGAH MENURUT KABUPATEN/KOTA, 2000 - 2003 (RUPIAH)","Per Capita GRDP at Current Price By Regencies/MunicipaiiUes, in Central Java, 2000 - 2003 (Rupiahs)",14,4,3e932cc7c033
JAWA TENGAH,23,Temanggung,,2002,*),"3.120.898,16",,"PDRB PER KAPITA ATAS DASAR HARGA BERLAKU DI PROPINSI JAWATENGAH MENURUT KABUPATEN/KOTA, 2000 - 2003 (RUPIAH)","Per Capita GRDP at Current Price By Regencies/MunicipaiiUes, in Central Java, 2000 - 2003 (Rupiahs)",14,4,de77934be432
JAWA TENGAH,24,Kendal,,2002,*),"5.541.015,58",,"PDRB PER KAPITA ATAS DASAR HARGA BERLAKU DI PROPINSI JAWATENGAH MENURUT KABUPATEN/KOTA, 2000 - 2003 (RUPIAH)","Per Capita GRDP at Current Price By Regencies/MunicipaiiUes, in Central Java, 2000 - 2003 (Rupiahs)",14,4,897a0d63f95a
JAWA TENGAH,25,Batang,,2002,*),"3.371.118,31",,"PDRB PER KAPITA ATAS DASAR HARGA BERLAKU DI PROPINSI JAWATENGAH MENURUT KABUPATEN/KOTA, 2000 - 2003 (RUPIAH)","Per Capita GRDP at Current Price By Regencies/MunicipaiiUes, in Central Java, 2000 - 2003 (Rupiahs)",14,4,1165c04ef6c9
JAWA TENGAH,26,Pekalongan,,2002,*),"3.925.242,10",,"PDRB PER KAPITA ATAS DASAR HARGA BERLAKU DI PROPINSI JAWATENGAH MENURUT KABUPATEN/KOTA, 2000 - 2003 (RUPIAH)","Per Capita GRDP at Current Price By Regencies/MunicipaiiUes, in Central Java, 2000 - 2003 (Rupiahs)",14,4,c00c193e78f0
JAWA TENGAH,27,Pemalang,,2002,*),"2.405.941,19",,"PDRB PER KAPITA ATAS DASAR HARGA BERLAKU DI PROPINSI JAWATENGAH MENURUT KABUPATEN/KOTA, 2000 - 2003 (RUPIAH)","Per Capita GRDP at Current Price By Regencies/MunicipaiiUes, in Central Java, 2000 - 2003 (Rupiahs)",14,4,27bb96fd98d9
JAWA TENGAH,28,Tegal,,2002,*),"1.972.600,63",,"PDRB PER KAPITA ATAS DASAR HARGA BERLAKU DI PROPINSI JAWATENGAH MENURUT KABUPATEN/KOTA, 2000 - 2003 (RUPIAH)","Per Capita GRDP at Current Price By Regencies/MunicipaiiUes, in Central Java, 2000 - 2003 (Rupiahs)",14,4,716cba7af705
JAWA TENGAH,29,Brebes,,2002,*),"2.559.349,34",,"PDRB PER KAPITA ATAS DASAR HARGA BERLAKU DI PROPINSI JAWATENGAH MENURUT KABUPATEN/KOTA, 2000 - 2003 (RUPIAH)","Per Capita GRDP at Current Price By Regencies/MunicipaiiUes, in Central Java, 2000 - 2003 (Rupiahs)",14,4,9004ecefcbd0
JAWA TENGAH,71,Magelang,,2002,*),"8.356.743,72",,"PDRB PER KAPITA ATAS DASAR HARGA BERLAKU DI PROPINSI JAWATENGAH MENURUT KABUPATEN/KOTA, 2000 - 2003 (RUPIAH)","Per Capita GRDP at Current Price By Regencies/MunicipaiiUes, in Central Java, 2000 - 2003 (Rupiahs)",14,4,ee2a71170daa
JAWA TENGAH,72,Surakarta,,2002,*),"7.567.667,10",,"PDRB PER KAPITA ATAS DASAR HARGA BERLAKU DI PROPINSI JAWATENGAH MENURUT KABUPATEN/KOTA, 2000 - 2003 (RUPIAH)","Per Capita GRDP at Current Price By Regencies/MunicipaiiUes, in Central Java, 2000 - 2003 (Rupiahs)",14,4,9e514fbc3767
JAWA TENGAH,73,Salatiga,,2002,*),"5.056.590,71",,"PDRB PER KAPITA ATAS DASAR HARGA BERLAKU DI PROPINSI JAWATENGAH MENURUT KABUPATEN/KOTA, 2000 - 2003 (RUPIAH)","Per Capita GRDP at Current Price By Regencies/MunicipaiiUes, in Central Java, 2000 - 2003 (Rupiahs)",14,4,a57f4ff9ae8f
JAWA TENGAH,74,Semarang,,2002,*),"12.885.457,96",,"PDRB PER KAPITA ATAS DASAR HARGA BERLAKU DI PROPINSI JAWATENGAH MENURUT KABUPATEN/KOTA, 2000 - 2003 (RUPIAH)","Per Capita GRDP at Current Price By Regencies/MunicipaiiUes, in Central Java, 2000 - 2003 (Rupiahs)",14,4,b77116843677
JAWA TENGAH,75,Pekalongan,,2002,*),"6.709.421,88",,"PDRB PER KAPITA ATAS DASAR HARGA BERLAKU DI PROPINSI JAWATENGAH MENURUT KABUPATEN/KOTA, 2000 - 2003 (RUPIAH)","Per Capita GRDP at Current Price By Regencies/MunicipaiiUes, in Central Java, 2000 - 2003 (Rupiahs)",14,4,864640110b85
JAWA TENGAH,76,Tegal,,2002,*),"4.542.531,46",,"PDRB PER KAPITA ATAS DASAR HARGA BERLAKU DI PROPINSI JAWATENGAH MENURUT KABUPATEN/KOTA, 2000 - 2003 (RUPIAH)","Per Capita GRDP at Current Price By Regencies/MunicipaiiUes, in Central Java, 2000 - 2003 (Rupiahs)",14,4,28690d872607
JAWA TENGAH,,Jml Kab./Kota. Total of Reg./Mun,,2002,*),"4 367.818,85",,"PDRB PER KAPITA ATAS DASAR HARGA BERLAKU DI PROPINSI JAWATENGAH MENURUT KABUPATEN/KOTA, 2000 - 2003 (RUPIAH)","Per Capita GRDP at Current Price By Regencies/MunicipaiiUes, in Central Java, 2000 - 2003 (Rupiahs)",14,4,172a502d3adc
JAWA TENGAH,,Jml Kab./Kota. Total of Reg./Mun.,*',2002,*),"4.002.486,77",,"PDRB PER KAPITA ATAS DASAR HARGA BERLAKU DI PROPINSI JAWATENGAH MENURUT KABUPATEN/KOTA, 2000 - 2003 (RUPIAH)","Per Capita GRDP at Current Price By Regencies/MunicipaiiUes, in Central Java, 2000 - 2003 (Rupiahs)",14,4,fba600f746fa
DI YOGYAKARTA,01,Kulon Progo,,2002,*),"3.008.291,73",,"PORB PER KAPITA ATAS DASAR HARGA BERLAKU DI PROPINSI DI YOGYAKARTA MENURUT KABUPATEN/KOT/V, 2000 - 2003 (RUPIAH)","Capita GRDP at Current Pnce By Regendes/Munidpaiities, in DI Yogyakarta, 2000 - 2003 (Rupiahs)",15,5,1f196f262cdb
DI YOGYAKARTA,02,Bantul,,2002,*),"3.483.877,87",,"PORB PER KAPITA ATAS DASAR HARGA BERLAKU DI PROPINSI DI YOGYAKARTA MENURUT KABUPATEN/KOT/V, 2000 - 2003 (RUPIAH)","Capita GRDP at Current Pnce By Regendes/Munidpaiities, in DI Yogyakarta, 2000 - 2003 (Rupiahs)",15,5,dc0758fcd819
DI YOGYAKARTA,03,Gunung Kidul,,2002,*),"3.919.219,66",,"PORB PER KAPITA ATAS DASAR HARGA BERLAKU DI PROPINSI DI YOGYAKARTA MENURUT KABUPATEN/KOT/V, 2000 - 2003 (RUPIAH)","Capita GRDP at Current Pnce By Regendes/Munidpaiities, in DI Yogyakarta, 2000 - 2003 (Rupiahs)",15,5,90fdd284b180
DI YOGYAKARTA,04,Sleman,,2002,*),"5.248.938,43",,"PORB PER KAPITA ATAS DASAR HARGA BERLAKU DI PROPINSI DI YOGYAKARTA MENURUT KABUPATEN/KOT/V, 2000 - 2003 (RUPIAH)","Capita GRDP at Current Pnce By Regendes/Munidpaiities, in DI Yogyakarta, 2000 - 2003 (Rupiahs)",15,5,68d245c86fb3
DI YOGYAKARTA,71,Yogyakarta,,2002,*),"11.108 684,73",,"PORB PER KAPITA ATAS DASAR HARGA BERLAKU DI PROPINSI DI YOGYAKARTA MENURUT KABUPATEN/KOT/V, 2000 - 2003 (RUPIAH)","Capita GRDP at Current Pnce By Regendes/Munidpaiities, in DI Yogyakarta, 2000 - 2003 (Rupiahs)",15,5,5bab807140cf
DI YOGYAKARTA,,Jml Kab./Kota. Total of Reg./Mun.,,2002,*),"4.987.519,98",,"PORB PER KAPITA ATAS DASAR HARGA BERLAKU DI PROPINSI DI YOGYAKARTA MENURUT KABUPATEN/KOT/V, 2000 - 2003 (RUPIAH)","Capita GRDP at Current Pnce By Regendes/Munidpaiities, in DI Yogyakarta, 2000 - 2003 (Rupiahs)",15,5,07dc704f3de9
DI YOGYAKARTA,,Jml Kab./Kota. Total of Reg./Mun.,*',2002,*),"d4.987.519,98",,"PORB PER KAPITA ATAS DASAR HARGA BERLAKU DI PROPINSI DI YOGYAKARTA MENURUT KABUPATEN/KOT/V, 2000 - 2003 (RUPIAH)","Capita GRDP at Current Pnce By Regendes/Munidpaiities, in DI Yogyakarta, 2000 - 2003 (Rupiahs)",15,5,f9ed6b51875f
JAWA TIMUR,01,Pacitan,,2002,*),"1.875.472,49",,"PDRB PER KAPHA ATAS DASAR HARGA BERLAKU DI PROPINSI JAWA TIMUR MENURUT KABUPATEN/KOTA, 2000 - 2003 (RUPIAH)","Per Capita GRDP at Current Price By Regenaes/Muniapalities, in EastJava, 2000 - 2003 (Rupiahs)",16,6,dcbde7da5988
JAWA TIMUR,02,Ponorogo,,2002,*),"2.515.093,70",,"PDRB PER KAPHA ATAS DASAR HARGA BERLAKU DI PROPINSI JAWA TIMUR MENURUT KABUPATEN/KOTA, 2000 - 2003 (RUPIAH)","Per Capita GRDP at Current Price By Regenaes/Muniapalities, in EastJava, 2000 - 2003 (Rupiahs)",16,6,98011a8893ff
JAWA TIMUR,03,Trenggalek,,2002,*),"1.865.983,71",,"PDRB PER KAPHA ATAS DASAR HARGA BERLAKU DI PROPINSI JAWA TIMUR MENURUT KABUPATEN/KOTA, 2000 - 2003 (RUPIAH)","Per Capita GRDP at Current Price By Regenaes/Muniapalities, in EastJava, 2000 - 2003 (Rupiahs)",16,6,33263c5f6f06
JAWA TIMUR,04,Tulungagung,,2002,*),"4.020 197,84",,"PDRB PER KAPHA ATAS DASAR HARGA BERLAKU DI PROPINSI JAWA TIMUR MENURUT KABUPATEN/KOTA, 2000 - 2003 (RUPIAH)","Per Capita GRDP at Current Price By Regenaes/Muniapalities, in EastJava, 2000 - 2003 (Rupiahs)",16,6,47e22fcac50e
JAWA TIMUR,05,Bhtar,,2002,*),"2.812.890,33",,"PDRB PER KAPHA ATAS DASAR HARGA BERLAKU DI PROPINSI JAWA TIMUR MENURUT KABUPATEN/KOTA, 2000 - 2003 (RUPIAH)","Per Capita GRDP at Current Price By Regenaes/Muniapalities, in EastJava, 2000 - 2003 (Rupiahs)",16,6,463f9d2d0c27
JAWA TIMUR,06,Kediri,,2002,*),"2.731.905,90",,"PDRB PER KAPHA ATAS DASAR HARGA BERLAKU DI PROPINSI JAWA TIMUR MENURUT KABUPATEN/KOTA, 2000 - 2003 (RUPIAH)","Per Capita GRDP at Current Price By Regenaes/Muniapalities, in EastJava, 2000 - 2003 (Rupiahs)",16,6,6351be4ef055
JAWA TIMUR,07,Malang,,2002,*),"3.802.053,27",,"PDRB PER KAPHA ATAS DASAR HARGA BERLAKU DI PROPINSI JAWA TIMUR MENURUT KABUPATEN/KOTA, 2000 - 2003 (RUPIAH)","Per Capita GRDP at Current Price By Regenaes/Muniapalities, in EastJava, 2000 - 2003 (Rupiahs)",16,6,d19d86c77ff3
JAWA TIMUR,08,Lumajang,,2002,*),"3.428.613,01",,"PDRB PER KAPHA ATAS DASAR HARGA BERLAKU DI PROPINSI JAWA TIMUR MENURUT KABUPATEN/KOTA, 2000 - 2003 (RUPIAH)","Per Capita GRDP at Current Price By Regenaes/Muniapalities, in EastJava, 2000 - 2003 (Rupiahs)",16,6,9716bf24cca7
JAWA TIMUR,09,Jember,,2002,*),"3.039.541,56",,"PDRB PER KAPHA ATAS DASAR HARGA BERLAKU DI PROPINSI JAWA TIMUR MENURUT KABUPATEN/KOTA, 2000 - 2003 (RUPIAH)","Per Capita GRDP at Current Price By Regenaes/Muniapalities, in EastJava, 2000 - 2003 (Rupiahs)",16,6,0955900395c4
JAWA TIMUR,10,Banyuwangi,,2002,*),"3.733.357,31",,"PDRB PER KAPHA ATAS DASAR HARGA BERLAKU DI PROPINSI JAWA TIMUR MENURUT KABUPATEN/KOTA, 2000 - 2003 (RUPIAH)","Per Capita GRDP at Current Price By Regenaes/Muniapalities, in EastJava, 2000 - 2003 (Rupiahs)",16,6,9b7b9529fe27
JAWA TIMUR,11,Bondowoso,,2002,*),"2.136.343,34",,"PDRB PER KAPHA ATAS DASAR HARGA BERLAKU DI PROPINSI JAWA TIMUR MENURUT KABUPATEN/KOTA, 2000 - 2003 (RUPIAH)","Per Capita GRDP at Current Price By Regenaes/Muniapalities, in EastJava, 2000 - 2003 (Rupiahs)",16,6,3662c550f1eb
JAWA TIMUR,12,Situbondo,,2002,*),"3.793.249,63",,"PDRB PER KAPHA ATAS DASAR HARGA BERLAKU DI PROPINSI JAWA TIMUR MENURUT KABUPATEN/KOTA, 2000 - 2003 (RUPIAH)","Per Capita GRDP at Current Price By Regenaes/Muniapalities, in EastJava, 2000 - 2003 (Rupiahs)",16,6,1ff5867f4761
JAWA TIMUR,13,Probolinggo,,2002,*),"4.536.532,79",,"PDRB PER KAPHA ATAS DASAR HARGA BERLAKU DI PROPINSI JAWA TIMUR MENURUT KABUPATEN/KOTA, 2000 - 2003 (RUPIAH)","Per Capita GRDP at Current Price By Regenaes/Muniapalities, in EastJava, 2000 - 2003 (Rupiahs)",16,6,1a110b7d783e
JAWA TIMUR,14,Pasuruan,,2002,*),"3 256 129,83",,"PDRB PER KAPHA ATAS DASAR HARGA BERLAKU DI PROPINSI JAWA TIMUR MENURUT KABUPATEN/KOTA, 2000 - 2003 (RUPIAH)","Per Capita GRDP at Current Price By Regenaes/Muniapalities, in EastJava, 2000 - 2003 (Rupiahs)",16,6,ef49c07841ec
JAWA TIMUR,15,Sidoarjo,,2002,*),"8.668.931,10",,"PDRB PER KAPHA ATAS DASAR HARGA BERLAKU DI PROPINSI JAWA TIMUR MENURUT KABUPATEN/KOTA, 2000 - 2003 (RUPIAH)","Per Capita GRDP at Current Price By Regenaes/Muniapalities, in EastJava, 2000 - 2003 (Rupiahs)",16,6,1a01c144f0ea
JAWA TIMUR,16,Mojokerto,,2002,*),"3.804.317,91",,"PDRB PER KAPHA ATAS DASAR HARGA BERLAKU DI PROPINSI JAWA TIMUR MENURUT KABUPATEN/KOTA, 2000 - 2003 (RUPIAH)","Per Capita GRDP at Current Price By Regenaes/Muniapalities, in EastJava, 2000 - 2003 (Rupiahs)",16,6,f36d3df5bbea
JAWA TIMUR,17,Jombang,,2002,*),"3.535.241,87",,"PDRB PER KAPHA ATAS DASAR HARGA BERLAKU DI PROPINSI JAWA TIMUR MENURUT KABUPATEN/KOTA, 2000 - 2003 (RUPIAH)","Per Capita GRDP at Current Price By Regenaes/Muniapalities, in EastJava, 2000 - 2003 (Rupiahs)",16,6,096902c395b1
JAWA TIMUR,18,Nganjuk,,2002,*),"3.086.833,74",,"PDRB PER KAPHA ATAS DASAR HARGA BERLAKU DI PROPINSI JAWA TIMUR MENURUT KABUPATEN/KOTA, 2000 - 2003 (RUPIAH)","Per Capita GRDP at Current Price By Regenaes/Muniapalities, in EastJava, 2000 - 2003 (Rupiahs)",16,6,9d77ae34da45
JAWA TIMUR,19,Madiun,,2002,*),"3.038.197,02",,"PDRB PER KAPHA ATAS DASAR HARGA BERLAKU DI PROPINSI JAWA TIMUR MENURUT KABUPATEN/KOTA, 2000 - 2003 (RUPIAH)","Per Capita GRDP at Current Price By Regenaes/Muniapalities, in EastJava, 2000 - 2003 (Rupiahs)",16,6,05d0e44a97c1
JAWA TIMUR,20,Magetan,,2002,*),"3.285 410,35",,"PDRB PER KAPHA ATAS DASAR HARGA BERLAKU DI PROPINSI JAWA TIMUR MENURUT KABUPATEN/KOTA, 2000 - 2003 (RUPIAH)","Per Capita GRDP at Current Price By Regenaes/Muniapalities, in EastJava, 2000 - 2003 (Rupiahs)",16,6,39fd37cb9698
JAWA TIMUR,21,Ngawi,,2002,*),"2.631.608,88",,"PDRB PER KAPHA ATAS DASAR HARGA BERLAKU DI PROPINSI JAWA TIMUR MENURUT KABUPATEN/KOTA, 2000 - 2003 (RUPIAH)","Per Capita GRDP at Current Price By Regenaes/Muniapalities, in EastJava, 2000 - 2003 (Rupiahs)",16,6,311ce0987e0c
JAWA TIMUR,22,Bojonegoro,,2002,*),"2.504.449,09",,"PDRB PER KAPHA ATAS DASAR HARGA BERLAKU DI PROPINSI JAWA TIMUR MENURUT KABUPATEN/KOTA, 2000 - 2003 (RUPIAH)","Per Capita GRDP at Current Price By Regenaes/Muniapalities, in EastJava, 2000 - 2003 (Rupiahs)",16,6,43e84027acb4
JAWA TIMUR,23,Tuban,,2002,*),"3.840.324,53",,"PDRB PER KAPHA ATAS DASAR HARGA BERLAKU DI PROPINSI JAWA TIMUR MENURUT KABUPATEN/KOTA, 2000 - 2003 (RUPIAH)","Per Capita GRDP at Current Price By Regenaes/Muniapalities, in EastJava, 2000 - 2003 (Rupiahs)",16,6,000bae4d5929
JAWA TIMUR,,Tuban,*',2002,*),"3.557.978,67",,"PDRB PER KAPHA ATAS DASAR HARGA BERLAKU DI PROPINSI JAWA TIMUR MENURUT KABUPATEN/KOTA, 2000 - 2003 (RUPIAH)","Per Capita GRDP at Current Price By Regenaes/Muniapalities, in EastJava, 2000 - 2003 (Rupiahs)",16,6,3676ceab6799
JAWA TIMUR,24,Lamongan,,2002,*),"2.883.324,38",,"PDRB PER KAPHA ATAS DASAR HARGA BERLAKU DI PROPINSI JAWA TIMUR MENURUT KABUPATEN/KOTA, 2000 - 2003 (RUPIAH)","Per Capita GRDP at Current Price By Regenaes/Muniapalities, in EastJava, 2000 - 2003 (Rupiahs)",16,6,a636315ef3f2
JAWA TIMUR,25,Gresik,,2002,*),"11.891.014,14",,"PDRB PER KAPHA ATAS DASAR HARGA BERLAKU DI PROPINSI JAWA TIMUR MENURUT KABUPATEN/KOTA, 2000 - 2003 (RUPIAH)","Per Capita GRDP at Current Price By Regenaes/Muniapalities, in EastJava, 2000 - 2003 (Rupiahs)",16,6,3b108c802f8d
JAWA TIMUR,26,Bangkalan,,2002,*),"2.648.146,82",,"PDRB PER KAPHA ATAS DASAR HARGA BERLAKU DI PROPINSI JAWA TIMUR MENURUT KABUPATEN/KOTA, 2000 - 2003 (RUPIAH)","Per Capita GRDP at Current Price By Regenaes/Muniapalities, in EastJava, 2000 - 2003 (Rupiahs)",16,6,dc3eb34b1adf
JAWA TIMUR,27,Sampang,,2002,*),"2.154.795,96",,"PDRB PER KAPHA ATAS DASAR HARGA BERLAKU DI PROPINSI JAWA TIMUR MENURUT KABUPATEN/KOTA, 2000 - 2003 (RUPIAH)","Per Capita GRDP at Current Price By Regenaes/Muniapalities, in EastJava, 2000 - 2003 (Rupiahs)",16,6,08ac482fa739
JAWA TIMUR,28,Pamekasan,,2002,*),"2.161.177,63",,"PDRB PER KAPHA ATAS DASAR HARGA BERLAKU DI PROPINSI JAWA TIMUR MENURUT KABUPATEN/KOTA, 2000 - 2003 (RUPIAH)","Per Capita GRDP at Current Price By Regenaes/Muniapalities, in EastJava, 2000 - 2003 (Rupiahs)",16,6,cbda8499cb3e
JAWA TIMUR,29,Sumenep,,2002,*),"3.337.436,55",,"PDRB PER KAPHA ATAS DASAR HARGA BERLAKU DI PROPINSI JAWA TIMUR MENURUT KABUPATEN/KOTA, 2000 - 2003 (RUPIAH)","Per Capita GRDP at Current Price By Regenaes/Muniapalities, in EastJava, 2000 - 2003 (Rupiahs)",16,6,48bd6eb15e19
JAWA TIMUR,,Sumenep,*',2002,*),"3.223.619,51",,"PDRB PER KAPHA ATAS DASAR HARGA BERLAKU DI PROPINSI JAWA TIMUR MENURUT KABUPATEN/KOTA, 2000 - 2003 (RUPIAH)","Per Capita GRDP at Current Price By Regenaes/Muniapalities, in EastJava, 2000 - 2003 (Rupiahs)",16,6,057d3e8944c0
JAWA TIMUR,71,Kediri,,2002,*),"78.325.117,34",,"PDRB PER KAPHA ATAS DASAR HARGA BERLAKU DI PROPINSI JAWA TIMUR MENURUT KABUPATEN/KOTA, 2000 - 2003 (RUPIAH)","Per Capita GRDP at Current Price By Regenaes/Muniapalities, in EastJava, 2000 - 2003 (Rupiahs)",16,6,0d3c79ae3ed4
JAWA TIMUR,72,Blitar,,2002,*),"3.817.620,65",,"PDRB PER KAPHA ATAS DASAR HARGA BERLAKU DI PROPINSI JAWA TIMUR MENURUT KABUPATEN/KOTA, 2000 - 2003 (RUPIAH)","Per Capita GRDP at Current Price By Regenaes/Muniapalities, in EastJava, 2000 - 2003 (Rupiahs)",16,6,f1117a408da0
JAWA TIMUR,73,Malang,,2002,*),"11.757.241,86",,"PDRB PER KAPHA ATAS DASAR HARGA BERLAKU DI PROPINSI JAWA TIMUR MENURUT KABUPATEN/KOTA, 2000 - 2003 (RUPIAH)","Per Capita GRDP at Current Price By Regenaes/Muniapalities, in EastJava, 2000 - 2003 (Rupiahs)",16,6,4033aa3bc1e7
JAWA TIMUR,79,Batu,#),2002,*),-,,"PDRB PER KAPHA ATAS DASAR HARGA BERLAKU DI PROPINSI JAWA TIMUR MENURUT KABUPATEN/KOTA, 2000 - 2003 (RUPIAH)","Per Capita GRDP at Current Price By Regenaes/Muniapalities, in EastJava, 2000 - 2003 (Rupiahs)",16,6,0c3e4892a93a
JAWA TIMUR,74,Probolinggo,,2002,*),"6.827.172,34",,"PDRB PER KAPHA ATAS DASAR HARGA BERLAKU DI PROPINSI JAWA TIMUR MENURUT KABUPATEN/KOTA, 2000 - 2003 (RUPIAH)","Per Capita GRDP at Current Price By Regenaes/Muniapalities, in EastJava, 2000 - 2003 (Rupiahs)",16,6,431ca830f621
JAWA TIMUR,75,Pasuruan,,2002,*),"5.094.175,05",,"PDRB PER KAPHA ATAS DASAR HARGA BERLAKU DI PROPINSI JAWA TIMUR MENURUT KABUPATEN/KOTA, 2000 - 2003 (RUPIAH)","Per Capita GRDP at Current Price By Regenaes/Muniapalities, in EastJava, 2000 - 2003 (Rupiahs)",16,6,64e86011957b
JAWA TIMUR,76,Mojokerto,,2002,*),"6.854 757,23",,"PDRB PER KAPHA ATAS DASAR HARGA BERLAKU DI PROPINSI JAWA TIMUR MENURUT KABUPATEN/KOTA, 2000 - 2003 (RUPIAH)","Per Capita GRDP at Current Price By Regenaes/Muniapalities, in EastJava, 2000 - 2003 (Rupiahs)",16,6,af84e3acb27b
JAWA TIMUR,77,Madiun,,2002,*),"5.396.012,06",,"PDRB PER KAPHA ATAS DASAR HARGA BERLAKU DI PROPINSI JAWA TIMUR MENURUT KABUPATEN/KOTA, 2000 - 2003 (RUPIAH)","Per Capita GRDP at Current Price By Regenaes/Muniapalities, in EastJava, 2000 - 2003 (Rupiahs)",16,6,523bd96a230d
JAWA TIMUR,78,Surabaya,,2002,*),"20.417.297,67",,"PDRB PER KAPHA ATAS DASAR HARGA BERLAKU DI PROPINSI JAWA TIMUR MENURUT KABUPATEN/KOTA, 2000 - 2003 (RUPIAH)","Per Capita GRDP at Current Price By Regenaes/Muniapalities, in EastJava, 2000 - 2003 (Rupiahs)",16,6,e09a665c8798
JAWA TIMUR,,Jml Kab./Kota. Total of Reg./Mun.,,2002,*),"5.673.071,87",,"PDRB PER KAPHA ATAS DASAR HARGA BERLAKU DI PROPINSI JAWA TIMUR MENURUT KABUPATEN/KOTA, 2000 - 2003 (RUPIAH)","Per Capita GRDP at Current Price By Regenaes/Muniapalities, in EastJava, 2000 - 2003 (Rupiahs)",16,6,0151e29bb851
JAWA TIMUR,,Jml Kab./Kota. Total of Reg./Mun.,*',2002,*),"5.661.420,29",,"PDRB PER KAPHA ATAS DASAR HARGA BERLAKU DI PROPINSI JAWA TIMUR MENURUT KABUPATEN/KOTA, 2000 - 2003 (RUPIAH)","Per Capita GRDP at Current Price By Regenaes/Muniapalities, in EastJava, 2000 - 2003 (Rupiahs)",16,6,6fad7c74cf84
KALIMANTAN BARAT,01,Sambas,,2002,*),"4.928.359,39",,"PDRB PER KAPITA ATAS DASAR HARGA BERLAKU DI PROPINSI KAUMANTAN BARAT MENURUT KABUPATEN/KOTA, 2000 - 2003 (RUPIAH)","Per Capita GRDP at Current Pnce By Regenaes/MunidpaiiOes, in West Kalimantan, 2000 - 2003(Rupiahs)",17,7,9dbea24a5640
KALIMANTAN BARAT,02,Bengkayang,,2002,*),"4.193.138,56",,"PDRB PER KAPITA ATAS DASAR HARGA BERLAKU DI PROPINSI KAUMANTAN BARAT MENURUT KABUPATEN/KOTA, 2000 - 2003 (RUPIAH)","Per Capita GRDP at Current Pnce By Regenaes/MunidpaiiOes, in West Kalimantan, 2000 - 2003(Rupiahs)",17,7,a39fe03699de
KALIMANTAN BARAT,72,Singkawang,#),2002,*),"6.626.903,06",,"PDRB PER KAPITA ATAS DASAR HARGA BERLAKU DI PROPINSI KAUMANTAN BARAT MENURUT KABUPATEN/KOTA, 2000 - 2003 (RUPIAH)","Per Capita GRDP at Current Pnce By Regenaes/MunidpaiiOes, in West Kalimantan, 2000 - 2003(Rupiahs)",17,7,0c4df1fcae0a
KALIMANTAN BARAT,03,Landak,,2002,*),"5.375.811,74",,"PDRB PER KAPITA ATAS DASAR HARGA BERLAKU DI PROPINSI KAUMANTAN BARAT MENURUT KABUPATEN/KOTA, 2000 - 2003 (RUPIAH)","Per Capita GRDP at Current Pnce By Regenaes/MunidpaiiOes, in West Kalimantan, 2000 - 2003(Rupiahs)",17,7,15e6d6004975
KALIMANTAN BARAT,04,Ponbanak,,2002,*),"7.423.572,86",,"PDRB PER KAPITA ATAS DASAR HARGA BERLAKU DI PROPINSI KAUMANTAN BARAT MENURUT KABUPATEN/KOTA, 2000 - 2003 (RUPIAH)","Per Capita GRDP at Current Pnce By Regenaes/MunidpaiiOes, in West Kalimantan, 2000 - 2003(Rupiahs)",17,7,50ad7e768dab
KALIMANTAN BARAT,05,Sanggau,,2002,*),"4.745.089,46",,"PDRB PER KAPITA ATAS DASAR HARGA BERLAKU DI PROPINSI KAUMANTAN BARAT MENURUT KABUPATEN/KOTA, 2000 - 2003 (RUPIAH)","Per Capita GRDP at Current Pnce By Regenaes/MunidpaiiOes, in West Kalimantan, 2000 - 2003(Rupiahs)",17,7,5a109adfc9a4
KALIMANTAN BARAT,06,Ketapang,,2002,*),"3.517.213,22",,"PDRB PER KAPITA ATAS DASAR HARGA BERLAKU DI PROPINSI KAUMANTAN BARAT MENURUT KABUPATEN/KOTA, 2000 - 2003 (RUPIAH)","Per Capita GRDP at Current Pnce By Regenaes/MunidpaiiOes, in West Kalimantan, 2000 - 2003(Rupiahs)",17,7,892e4c542c7d
KALIMANTAN BARAT,07,Sintang,,2002,*),"2.684.191,19",,"PDRB PER KAPITA ATAS DASAR HARGA BERLAKU DI PROPINSI KAUMANTAN BARAT MENURUT KABUPATEN/KOTA, 2000 - 2003 (RUPIAH)","Per Capita GRDP at Current Pnce By Regenaes/MunidpaiiOes, in West Kalimantan, 2000 - 2003(Rupiahs)",17,7,009d26acd0b0
KALIMANTAN BARAT,08,Kapuas Hulu,,2002,*),"4.234.807,43",,"PDRB PER KAPITA ATAS DASAR HARGA BERLAKU DI PROPINSI KAUMANTAN BARAT MENURUT KABUPATEN/KOTA, 2000 - 2003 (RUPIAH)","Per Capita GRDP at Current Pnce By Regenaes/MunidpaiiOes, in West Kalimantan, 2000 - 2003(Rupiahs)",17,7,a2e06712a96f
KALIMANTAN BARAT,71,Pontianak,,2002,*),"10.636.509,50",,"PDRB PER KAPITA ATAS DASAR HARGA BERLAKU DI PROPINSI KAUMANTAN BARAT MENURUT KABUPATEN/KOTA, 2000 - 2003 (RUPIAH)","Per Capita GRDP at Current Pnce By Regenaes/MunidpaiiOes, in West Kalimantan, 2000 - 2003(Rupiahs)",17,7,f863075390dc
KALIMANTAN BARAT,,Jml Kab./Kota. Total of Reg./Mun.,,2002,*),"5.638.257,74",,"PDRB PER KAPITA ATAS DASAR HARGA BERLAKU DI PROPINSI KAUMANTAN BARAT MENURUT KABUPATEN/KOTA, 2000 - 2003 (RUPIAH)","Per Capita GRDP at Current Pnce By Regenaes/MunidpaiiOes, in West Kalimantan, 2000 - 2003(Rupiahs)",17,7,ec92ff1e3a10
KALIMANTAN BARAT,,Jml Kab./Kota. Total of Reg./Mun.,*',2002,*),"5.638.257,74",,"PDRB PER KAPITA ATAS DASAR HARGA BERLAKU DI PROPINSI KAUMANTAN BARAT MENURUT KABUPATEN/KOTA, 2000 - 2003 (RUPIAH)","Per Capita GRDP at Current Pnce By Regenaes/MunidpaiiOes, in West Kalimantan, 2000 - 2003(Rupiahs)",17,7,a438efa22cc5
KALIMANTAN TENGAH,01,Kotawaringin Barat,,2002,*),"7.309.694,48",,"PDRB PER KAPITA ATAS DASAR HARGA BERLAKU DI PROPINSI KAUMANTAN TENGAH MENURUT KABUPATEN/KOTA, 2000 - 2003 (RUPIAH)","Per Capita GRDP at Current Pnce By Regenaes/Munidpalities, in Central Kalimantan, 2000 - 2003 (Rupiahs)",18,8,68c2d9b20998
KALIMANTAN TENGAH,06,Sukamara,#),2002,*),,,"PDRB PER KAPITA ATAS DASAR HARGA BERLAKU DI PROPINSI KAUMANTAN TENGAH MENURUT KABUPATEN/KOTA, 2000 - 2003 (RUPIAH)","Per Capita GRDP at Current Pnce By Regenaes/Munidpalities, in Central Kalimantan, 2000 - 2003 (Rupiahs)",18,8,7257215fe2a4
KALIMANTAN TENGAH,07,Lamandau,#),2002,*),,,"PDRB PER KAPITA ATAS DASAR HARGA BERLAKU DI PROPINSI KAUMANTAN TENGAH MENURUT KABUPATEN/KOTA, 2000 - 2003 (RUPIAH)","Per Capita GRDP at Current Pnce By Regenaes/Munidpalities, in Central Kalimantan, 2000 - 2003 (Rupiahs)",18,8,ee99a889edb8
KALIMANTAN TENGAH,02,Kotawaringin Timur,,2002,*),"8.151.122,60",,"PDRB PER KAPITA ATAS DASAR HARGA BERLAKU DI PROPINSI KAUMANTAN TENGAH MENURUT KABUPATEN/KOTA, 2000 - 2003 (RUPIAH)","Per Capita GRDP at Current Pnce By Regenaes/Munidpalities, in Central Kalimantan, 2000 - 2003 (Rupiahs)",18,8,23e5d73c855c
KALIMANTAN TENGAH,08,Seruyan,#),2002,*),,,"PDRB PER KAPITA ATAS DASAR HARGA BERLAKU DI PROPINSI KAUMANTAN TENGAH MENURUT KABUPATEN/KOTA, 2000 - 2003 (RUPIAH)","Per Capita GRDP at Current Pnce By Regenaes/Munidpalities, in Central Kalimantan, 2000 - 2003 (Rupiahs)",18,8,a9ffea98132c
KALIMANTAN TENGAH,09,Katingan,#),2002,*),,,"PDRB PER KAPITA ATAS DASAR HARGA BERLAKU DI PROPINSI KAUMANTAN TENGAH MENURUT KABUPATEN/KOTA, 2000 - 2003 (RUPIAH)","Per Capita GRDP at Current Pnce By Regenaes/Munidpalities, in Central Kalimantan, 2000 - 2003 (Rupiahs)",18,8,89b7b1448321
KALIMANTAN TENGAH,03,Kapuas,,2002,*),"3.799 923,66",,"PDRB PER KAPITA ATAS DASAR HARGA BERLAKU DI PROPINSI KAUMANTAN TENGAH MENURUT KABUPATEN/KOTA, 2000 - 2003 (RUPIAH)","Per Capita GRDP at Current Pnce By Regenaes/Munidpalities, in Central Kalimantan, 2000 - 2003 (Rupiahs)",18,8,aa0c3370c2ab
KALIMANTAN TENGAH,10,Pulang Pisau,#),2002,*),,,"PDRB PER KAPITA ATAS DASAR HARGA BERLAKU DI PROPINSI KAUMANTAN TENGAH MENURUT KABUPATEN/KOTA, 2000 - 2003 (RUPIAH)","Per Capita GRDP at Current Pnce By Regenaes/Munidpalities, in Central Kalimantan, 2000 - 2003 (Rupiahs)",18,8,d2cb9e56402a
KALIMANTAN TENGAH,11,Gunung Mas,#),2002,*),,,"PDRB PER KAPITA ATAS DASAR HARGA BERLAKU DI PROPINSI KAUMANTAN TENGAH MENURUT KABUPATEN/KOTA, 2000 - 2003 (RUPIAH)","Per Capita GRDP at Current Pnce By Regenaes/Munidpalities, in Central Kalimantan, 2000 - 2003 (Rupiahs)",18,8,7ce6139d4b4f
KALIMANTAN TENGAH,04,Barito Selatan,,2002,*),"7.234.506,41",,"PDRB PER KAPITA ATAS DASAR HARGA BERLAKU DI PROPINSI KAUMANTAN TENGAH MENURUT KABUPATEN/KOTA, 2000 - 2003 (RUPIAH)","Per Capita GRDP at Current Pnce By Regenaes/Munidpalities, in Central Kalimantan, 2000 - 2003 (Rupiahs)",18,8,1614e84a3ce3
KALIMANTAN TENGAH,12,Banto Timur,#),2002,*),,,"PDRB PER KAPITA ATAS DASAR HARGA BERLAKU DI PROPINSI KAUMANTAN TENGAH MENURUT KABUPATEN/KOTA, 2000 - 2003 (RUPIAH)","Per Capita GRDP at Current Pnce By Regenaes/Munidpalities, in Central Kalimantan, 2000 - 2003 (Rupiahs)",18,8,3e281c322bc9
KALIMANTAN TENGAH,05,Barito Utara,,2002,*),"9.491.258,47",,"PDRB PER KAPITA ATAS DASAR HARGA BERLAKU DI PROPINSI KAUMANTAN TENGAH MENURUT KABUPATEN/KOTA, 2000 - 2003 (RUPIAH)","Per Capita GRDP at Current Pnce By Regenaes/Munidpalities, in Central Kalimantan, 2000 - 2003 (Rupiahs)",18,8,d19762b890a2
KALIMANTAN TENGAH,13,Murung Raya,#),2002,*),,,"PDRB PER KAPITA ATAS DASAR HARGA BERLAKU DI PROPINSI KAUMANTAN TENGAH MENURUT KABUPATEN/KOTA, 2000 - 2003 (RUPIAH)","Per Capita GRDP at Current Pnce By Regenaes/Munidpalities, in Central Kalimantan, 2000 - 2003 (Rupiahs)",18,8,5b01854bae3b
KALIMANTAN TENGAH,71,Palangkaraya,,2002,*),"6.439.766,60",,"PDRB PER KAPITA ATAS DASAR HARGA BERLAKU DI PROPINSI KAUMANTAN TENGAH MENURUT KABUPATEN/KOTA, 2000 - 2003 (RUPIAH)","Per Capita GRDP at Current Pnce By Regenaes/Munidpalities, in Central Kalimantan, 2000 - 2003 (Rupiahs)",18,8,1664df0d93f1
KALIMANTAN TENGAH,,Jml Kab./Kota Total of Reg./Mun.,,2002,*),"6.379.267,92",,"PDRB PER KAPITA ATAS DASAR HARGA BERLAKU DI PROPINSI KAUMANTAN TENGAH MENURUT KABUPATEN/KOTA, 2000 - 2003 (RUPIAH)","Per Capita GRDP at Current Pnce By Regenaes/Munidpalities, in Central Kalimantan, 2000 - 2003 (Rupiahs)",18,8,15e33324c9a8
KALIMANTAN TENGAH,,Jml Kab./Kota. Total of Reg /Mun,*',2002,*),"6.379.267,92",,"PDRB PER KAPITA ATAS DASAR HARGA BERLAKU DI PROPINSI KAUMANTAN TENGAH MENURUT KABUPATEN/KOTA, 2000 - 2003 (RUPIAH)","Per Capita GRDP at Current Pnce By Regenaes/Munidpalities, in Central Kalimantan, 2000 - 2003 (Rupiahs)",18,8,74640ac8d169
KALIMANTAN SELATAN,01,Tanah Laut,,2002,*),"6.185.728,57",,"PDRB PER KAPITA ATAS DASAR HARGA BERLAKU DI PROPINSI KALIMANTAN SELATAN MENURUT KABUPATEN/KOTA, 2000 - 2003 (RUPIAH)","Per Capita GRDP at Current Pnce By Regendes/Munidpaiities, m South Kalimantan, 2000 - 2003 (Rupiahs)",19,9,1850b308a294
KALIMANTAN SELATAN,02,Kota Baru,,2002,*),"11.463.058,50",,"PDRB PER KAPITA ATAS DASAR HARGA BERLAKU DI PROPINSI KALIMANTAN SELATAN MENURUT KABUPATEN/KOTA, 2000 - 2003 (RUPIAH)","Per Capita GRDP at Current Pnce By Regendes/Munidpaiities, m South Kalimantan, 2000 - 2003 (Rupiahs)",19,9,b1f00c4dcba7
KALIMANTAN SELATAN,10,Tanah Bumbu,#),2002,*),,,"PDRB PER KAPITA ATAS DASAR HARGA BERLAKU DI PROPINSI KALIMANTAN SELATAN MENURUT KABUPATEN/KOTA, 2000 - 2003 (RUPIAH)","Per Capita GRDP at Current Pnce By Regendes/Munidpaiities, m South Kalimantan, 2000 - 2003 (Rupiahs)",19,9,74fc1cd70c02
KALIMANTAN SELATAN,03,Banjar,,2002,*),"4.677.727,34",,"PDRB PER KAPITA ATAS DASAR HARGA BERLAKU DI PROPINSI KALIMANTAN SELATAN MENURUT KABUPATEN/KOTA, 2000 - 2003 (RUPIAH)","Per Capita GRDP at Current Pnce By Regendes/Munidpaiities, m South Kalimantan, 2000 - 2003 (Rupiahs)",19,9,e466ecd44c62
KALIMANTAN SELATAN,04,Barito Kuala,,2002,*),"9.599.132,16",,"PDRB PER KAPITA ATAS DASAR HARGA BERLAKU DI PROPINSI KALIMANTAN SELATAN MENURUT KABUPATEN/KOTA, 2000 - 2003 (RUPIAH)","Per Capita GRDP at Current Pnce By Regendes/Munidpaiities, m South Kalimantan, 2000 - 2003 (Rupiahs)",19,9,0e32fbf7c6e1
KALIMANTAN SELATAN,05,Tapin,,2002,*),"5.158.167,74",,"PDRB PER KAPITA ATAS DASAR HARGA BERLAKU DI PROPINSI KALIMANTAN SELATAN MENURUT KABUPATEN/KOTA, 2000 - 2003 (RUPIAH)","Per Capita GRDP at Current Pnce By Regendes/Munidpaiities, m South Kalimantan, 2000 - 2003 (Rupiahs)",19,9,63bf4faf8052
KALIMANTAN SELATAN,06,Hulu Sungai Selatan,,2002,*),"4.404.081,51",,"PDRB PER KAPITA ATAS DASAR HARGA BERLAKU DI PROPINSI KALIMANTAN SELATAN MENURUT KABUPATEN/KOTA, 2000 - 2003 (RUPIAH)","Per Capita GRDP at Current Pnce By Regendes/Munidpaiities, m South Kalimantan, 2000 - 2003 (Rupiahs)",19,9,835d09dda851
KALIMANTAN SELATAN,07,Hulu Sungai Tengah,,2002,*),"5.348.726,18",,"PDRB PER KAPITA ATAS DASAR HARGA BERLAKU DI PROPINSI KALIMANTAN SELATAN MENURUT KABUPATEN/KOTA, 2000 - 2003 (RUPIAH)","Per Capita GRDP at Current Pnce By Regendes/Munidpaiities, m South Kalimantan, 2000 - 2003 (Rupiahs)",19,9,ca0a99173360
KALIMANTAN SELATAN,08,Hulu Sungai Utara,,2002,*),"6 334.883,69",,"PDRB PER KAPITA ATAS DASAR HARGA BERLAKU DI PROPINSI KALIMANTAN SELATAN MENURUT KABUPATEN/KOTA, 2000 - 2003 (RUPIAH)","Per Capita GRDP at Current Pnce By Regendes/Munidpaiities, m South Kalimantan, 2000 - 2003 (Rupiahs)",19,9,9b8539502fdb
KALIMANTAN SELATAN,,Hulu Sungai Utara,*',2002,*),"6 208 921,83",,"PDRB PER KAPITA ATAS DASAR HARGA BERLAKU DI PROPINSI KALIMANTAN SELATAN MENURUT KABUPATEN/KOTA, 2000 - 2003 (RUPIAH)","Per Capita GRDP at Current Pnce By Regendes/Munidpaiities, m South Kalimantan, 2000 - 2003 (Rupiahs)",19,9,1470cf8713c1
KALIMANTAN SELATAN,11,Balangan,#),2002,*),"13 233 436,39",,"PDRB PER KAPITA ATAS DASAR HARGA BERLAKU DI PROPINSI KALIMANTAN SELATAN MENURUT KABUPATEN/KOTA, 2000 - 2003 (RUPIAH)","Per Capita GRDP at Current Pnce By Regendes/Munidpaiities, m South Kalimantan, 2000 - 2003 (Rupiahs)",19,9,0977cf439c8b
KALIMANTAN SELATAN,,Balangan,*',2002,*),,,"PDRB PER KAPITA ATAS DASAR HARGA BERLAKU DI PROPINSI KALIMANTAN SELATAN MENURUT KABUPATEN/KOTA, 2000 - 2003 (RUPIAH)","Per Capita GRDP at Current Pnce By Regendes/Munidpaiities, m South Kalimantan, 2000 - 2003 (Rupiahs)",19,9,b78550ce96a6
KALIMANTAN SELATAN,09,Tabalong,,2002,*),"10.601.101,88",,"PDRB PER KAPITA ATAS DASAR HARGA BERLAKU DI PROPINSI KALIMANTAN SELATAN MENURUT KABUPATEN/KOTA, 2000 - 2003 (RUPIAH)","Per Capita GRDP at Current Pnce By Regendes/Munidpaiities, m South Kalimantan, 2000 - 2003 (Rupiahs)",19,9,555efca1691d
KALIMANTAN SELATAN,,Tabalong,*',2002,*),"7.636.759,37",,"PDRB PER KAPITA ATAS DASAR HARGA BERLAKU DI PROPINSI KALIMANTAN SELATAN MENURUT KABUPATEN/KOTA, 2000 - 2003 (RUPIAH)","Per Capita GRDP at Current Pnce By Regendes/Munidpaiities, m South Kalimantan, 2000 - 2003 (Rupiahs)",19,9,7acd58cc276f
KALIMANTAN SELATAN,71,Banjarmasin,,2002,*),"6.676.455,70",,"PDRB PER KAPITA ATAS DASAR HARGA BERLAKU DI PROPINSI KALIMANTAN SELATAN MENURUT KABUPATEN/KOTA, 2000 - 2003 (RUPIAH)","Per Capita GRDP at Current Pnce By Regendes/Munidpaiities, m South Kalimantan, 2000 - 2003 (Rupiahs)",19,9,971db1bae4cd
KALIMANTAN SELATAN,72,Banjarbaru,,2002,*),"5.348.726,18",,"PDRB PER KAPITA ATAS DASAR HARGA BERLAKU DI PROPINSI KALIMANTAN SELATAN MENURUT KABUPATEN/KOTA, 2000 - 2003 (RUPIAH)","Per Capita GRDP at Current Pnce By Regendes/Munidpaiities, m South Kalimantan, 2000 - 2003 (Rupiahs)",19,9,ffc5113e7ecf
KALIMANTAN SELATAN,,Jml Kab./Kota. Total of Reg./Mun.,,2002,*),"7.235.489,34",,"PDRB PER KAPITA ATAS DASAR HARGA BERLAKU DI PROPINSI KALIMANTAN SELATAN MENURUT KABUPATEN/KOTA, 2000 - 2003 (RUPIAH)","Per Capita GRDP at Current Pnce By Regendes/Munidpaiities, m South Kalimantan, 2000 - 2003 (Rupiahs)",19,9,7f5208f6f100
KALIMANTAN SELATAN,,Jml Kab./Kota. Total of Reg./Mun.,*',2002,*),"7.040.170,49",,"PDRB PER KAPITA ATAS DASAR HARGA BERLAKU DI PROPINSI KALIMANTAN SELATAN MENURUT KABUPATEN/KOTA, 2000 - 2003 (RUPIAH)","Per Capita GRDP at Current Pnce By Regendes/Munidpaiities, m South Kalimantan, 2000 - 2003 (Rupiahs)",19,9,85e713dfd91a
KALIMANTAN TIMUR,01,Pasir,,2002,*),"8.984.789,34",,"PDRB PER KAPITA ATAS DASAR HARGA BERLAKU DI PROPINSI KALIMANTAN TIMUR MENURUT KABUPATEN/KOTA, 2000 - 2003 (RUPIAH)","Per Capita GRDP at Current Pnce By Regencies/Municipalities, in East Kalimantan, 2000 - 2003 (Rupiahs)",20,10,1029b75e3c2b
KALIMANTAN TIMUR,09,Penajam Paser Utara,#),2002,*),,,"PDRB PER KAPITA ATAS DASAR HARGA BERLAKU DI PROPINSI KALIMANTAN TIMUR MENURUT KABUPATEN/KOTA, 2000 - 2003 (RUPIAH)","Per Capita GRDP at Current Pnce By Regencies/Municipalities, in East Kalimantan, 2000 - 2003 (Rupiahs)",20,10,404a95ac662a
KALIMANTAN TIMUR,02,Kutai Barat,,2002,*),"14.889.514,62",,"PDRB PER KAPITA ATAS DASAR HARGA BERLAKU DI PROPINSI KALIMANTAN TIMUR MENURUT KABUPATEN/KOTA, 2000 - 2003 (RUPIAH)","Per Capita GRDP at Current Pnce By Regencies/Municipalities, in East Kalimantan, 2000 - 2003 (Rupiahs)",20,10,5fbffed48d9d
KALIMANTAN TIMUR,03,Kutai Kartanegara,,2002,*),"53.797.772,76",,"PDRB PER KAPITA ATAS DASAR HARGA BERLAKU DI PROPINSI KALIMANTAN TIMUR MENURUT KABUPATEN/KOTA, 2000 - 2003 (RUPIAH)","Per Capita GRDP at Current Pnce By Regencies/Municipalities, in East Kalimantan, 2000 - 2003 (Rupiahs)",20,10,c3a4ee353c3d
KALIMANTAN TIMUR,,Kutai Kartanegara,*',2002,*),"15 116 924,88",,"PDRB PER KAPITA ATAS DASAR HARGA BERLAKU DI PROPINSI KALIMANTAN TIMUR MENURUT KABUPATEN/KOTA, 2000 - 2003 (RUPIAH)","Per Capita GRDP at Current Pnce By Regencies/Municipalities, in East Kalimantan, 2000 - 2003 (Rupiahs)",20,10,6939a8b8a0a3
KALIMANTAN TIMUR,04,Kutai Timur,,2002,*),"36.578.453,42",,"PDRB PER KAPITA ATAS DASAR HARGA BERLAKU DI PROPINSI KALIMANTAN TIMUR MENURUT KABUPATEN/KOTA, 2000 - 2003 (RUPIAH)","Per Capita GRDP at Current Pnce By Regencies/Municipalities, in East Kalimantan, 2000 - 2003 (Rupiahs)",20,10,57313c577963
KALIMANTAN TIMUR,,Kutai Timur,*',2002,*),"35.125.989,12",,"PDRB PER KAPITA ATAS DASAR HARGA BERLAKU DI PROPINSI KALIMANTAN TIMUR MENURUT KABUPATEN/KOTA, 2000 - 2003 (RUPIAH)","Per Capita GRDP at Current Pnce By Regencies/Municipalities, in East Kalimantan, 2000 - 2003 (Rupiahs)",20,10,dba4799a6c70
KALIMANTAN TIMUR,06,Malinau,,2002,*),"11.935.316,98",,"PDRB PER KAPITA ATAS DASAR HARGA BERLAKU DI PROPINSI KALIMANTAN TIMUR MENURUT KABUPATEN/KOTA, 2000 - 2003 (RUPIAH)","Per Capita GRDP at Current Pnce By Regencies/Municipalities, in East Kalimantan, 2000 - 2003 (Rupiahs)",20,10,4d19e5f1d7a6
KALIMANTAN TIMUR,05,Berau,,2002,*),"20 613 496,71",,"PDRB PER KAPITA ATAS DASAR HARGA BERLAKU DI PROPINSI KALIMANTAN TIMUR MENURUT KABUPATEN/KOTA, 2000 - 2003 (RUPIAH)","Per Capita GRDP at Current Pnce By Regencies/Municipalities, in East Kalimantan, 2000 - 2003 (Rupiahs)",20,10,1c36f9e0afa7
KALIMANTAN TIMUR,07,Bulungan,,2002,*),"14.352.964,10",,"PDRB PER KAPITA ATAS DASAR HARGA BERLAKU DI PROPINSI KALIMANTAN TIMUR MENURUT KABUPATEN/KOTA, 2000 - 2003 (RUPIAH)","Per Capita GRDP at Current Pnce By Regencies/Municipalities, in East Kalimantan, 2000 - 2003 (Rupiahs)",20,10,f8c524794a9d
KALIMANTAN TIMUR,,Bulungan,*',2002,*),"13.460.492,09",,"PDRB PER KAPITA ATAS DASAR HARGA BERLAKU DI PROPINSI KALIMANTAN TIMUR MENURUT KABUPATEN/KOTA, 2000 - 2003 (RUPIAH)","Per Capita GRDP at Current Pnce By Regencies/Municipalities, in East Kalimantan, 2000 - 2003 (Rupiahs)",20,10,6a1e559d70a9
KALIMANTAN TIMUR,08,Nunukan,,2002,*),"6.102 881,76",,"PDRB PER KAPITA ATAS DASAR HARGA BERLAKU DI PROPINSI KALIMANTAN TIMUR MENURUT KABUPATEN/KOTA, 2000 - 2003 (RUPIAH)","Per Capita GRDP at Current Pnce By Regencies/Municipalities, in East Kalimantan, 2000 - 2003 (Rupiahs)",20,10,2edbf87bb25f
KALIMANTAN TIMUR,,Nunukan,*',2002,*),"3.559.418,31",,"PDRB PER KAPITA ATAS DASAR HARGA BERLAKU DI PROPINSI KALIMANTAN TIMUR MENURUT KABUPATEN/KOTA, 2000 - 2003 (RUPIAH)","Per Capita GRDP at Current Pnce By Regencies/Municipalities, in East Kalimantan, 2000 - 2003 (Rupiahs)",20,10,1f4507a38180
KALIMANTAN TIMUR,71,Balikpapan,,2002,*),"27.759.083,14",,"PDRB PER KAPITA ATAS DASAR HARGA BERLAKU DI PROPINSI KALIMANTAN TIMUR MENURUT KABUPATEN/KOTA, 2000 - 2003 (RUPIAH)","Per Capita GRDP at Current Pnce By Regencies/Municipalities, in East Kalimantan, 2000 - 2003 (Rupiahs)",20,10,a154fcfb6ad5
KALIMANTAN TIMUR,,Balikpapan,*',2002,*),"15.617.048,41",,"PDRB PER KAPITA ATAS DASAR HARGA BERLAKU DI PROPINSI KALIMANTAN TIMUR MENURUT KABUPATEN/KOTA, 2000 - 2003 (RUPIAH)","Per Capita GRDP at Current Pnce By Regencies/Municipalities, in East Kalimantan, 2000 - 2003 (Rupiahs)",20,10,8e5e0da4f946
KALIMANTAN TIMUR,72,Samannda,,2002,*),"15.236 933,33",,"PDRB PER KAPITA ATAS DASAR HARGA BERLAKU DI PROPINSI KALIMANTAN TIMUR MENURUT KABUPATEN/KOTA, 2000 - 2003 (RUPIAH)","Per Capita GRDP at Current Pnce By Regencies/Municipalities, in East Kalimantan, 2000 - 2003 (Rupiahs)",20,10,de358e582c01
KALIMANTAN TIMUR,73,Tarakan,,2002,*),"11.183.959,13",,"PDRB PER KAPITA ATAS DASAR HARGA BERLAKU DI PROPINSI KALIMANTAN TIMUR MENURUT KABUPATEN/KOTA, 2000 - 2003 (RUPIAH)","Per Capita GRDP at Current Pnce By Regencies/Municipalities, in East Kalimantan, 2000 - 2003 (Rupiahs)",20,10,bb53308d38d7
KALIMANTAN TIMUR,,Tarakan,*',2002,*),"10.582.053,36",,"PDRB PER KAPITA ATAS DASAR HARGA BERLAKU DI PROPINSI KALIMANTAN TIMUR MENURUT KABUPATEN/KOTA, 2000 - 2003 (RUPIAH)","Per Capita GRDP at Current Pnce By Regencies/Municipalities, in East Kalimantan, 2000 - 2003 (Rupiahs)",20,10,e8c29ecb7dd1
KALIMANTAN TIMUR,74,Bontang,,2002,*),"243.061.695,86",,"PDRB PER KAPITA ATAS DASAR HARGA BERLAKU DI PROPINSI KALIMANTAN TIMUR MENURUT KABUPATEN/KOTA, 2000 - 2003 (RUPIAH)","Per Capita GRDP at Current Pnce By Regencies/Municipalities, in East Kalimantan, 2000 - 2003 (Rupiahs)",20,10,6dc36ee25908
KALIMANTAN TIMUR,,Bontang,*',2002,*),"22.869.431,03",,"PDRB PER KAPITA ATAS DASAR HARGA BERLAKU DI PROPINSI KALIMANTAN TIMUR MENURUT KABUPATEN/KOTA, 2000 - 2003 (RUPIAH)","Per Capita GRDP at Current Pnce By Regencies/Municipalities, in East Kalimantan, 2000 - 2003 (Rupiahs)",20,10,ea505734803f
KALIMANTAN TIMUR,,Jml Kab./Kota. Total of Reg./hMun.,,2002,*),"33.626.845,90",,"PDRB PER KAPITA ATAS DASAR HARGA BERLAKU DI PROPINSI KALIMANTAN TIMUR MENURUT KABUPATEN/KOTA, 2000 - 2003 (RUPIAH)","Per Capita GRDP at Current Pnce By Regencies/Municipalities, in East Kalimantan, 2000 - 2003 (Rupiahs)",20,10,785d202db973
KALIMANTAN TIMUR,,Jml Kab /Kota. Total of Reg./Mun.,*',2002,*),"15.625.208,85",,"PDRB PER KAPITA ATAS DASAR HARGA BERLAKU DI PROPINSI KALIMANTAN TIMUR MENURUT KABUPATEN/KOTA, 2000 - 2003 (RUPIAH)","Per Capita GRDP at Current Pnce By Regencies/Municipalities, in East Kalimantan, 2000 - 2003 (Rupiahs)",20,10,fb2a96dabd2c
DKI JAKARTA,71,Jakarta Selatan,,2003,**),"24.793.896,50",,"PDRB PER KAPITA ATAS DASAR HARGA BERLAKU DI PROPINSI DKI JAKARTA MENURUT KABUPATEN/KOTA, 2000 - 2003 (RUPIAH)","Per Capita GRDP at Current Price By Regendes/Municipalities, in DKIJakarta, 2000 - 2003 (Rupiahs)",11,1,53656de6c3eb
DKI JAKARTA,72,Jakarta Timur,,2003,**),"21.026.237,85",,"PDRB PER KAPITA ATAS DASAR HARGA BERLAKU DI PROPINSI DKI JAKARTA MENURUT KABUPATEN/KOTA, 2000 - 2003 (RUPIAH)","Per Capita GRDP at Current Price By Regendes/Municipalities, in DKIJakarta, 2000 - 2003 (Rupiahs)",11,1,953b6eedb812
DKI JAKARTA,73,Jakarta Pusat,,2003,**),"74.244.145,90",,"PDRB PER KAPITA ATAS DASAR HARGA BERLAKU DI PROPINSI DKI JAKARTA MENURUT KABUPATEN/KOTA, 2000 - 2003 (RUPIAH)","Per Capita GRDP at Current Price By Regendes/Municipalities, in DKIJakarta, 2000 - 2003 (Rupiahs)",11,1,baec0c0b64e7
DKI JAKARTA,74,Jakarta Barat,,2003,**),"23.323.441,03",,"PDRB PER KAPITA ATAS DASAR HARGA BERLAKU DI PROPINSI DKI JAKARTA MENURUT KABUPATEN/KOTA, 2000 - 2003 (RUPIAH)","Per Capita GRDP at Current Price By Regendes/Municipalities, in DKIJakarta, 2000 - 2003 (Rupiahs)",11,1,3e9ea5e548f6
DKI JAKARTA,75,Jakarta Utara,,2003,**),"37.483.416,30",,"PDRB PER KAPITA ATAS DASAR HARGA BERLAKU DI PROPINSI DKI JAKARTA MENURUT KABUPATEN/KOTA, 2000 - 2003 (RUPIAH)","Per Capita GRDP at Current Price By Regendes/Municipalities, in DKIJakarta, 2000 - 2003 (Rupiahs)",11,1,4c3838bc9298
DKI JAKARTA,01,Kepulauan Seribu,#),2003,**),,,"PDRB PER KAPITA ATAS DASAR HARGA BERLAKU DI PROPINSI DKI JAKARTA MENURUT KABUPATEN/KOTA, 2000 - 2003 (RUPIAH)","Per Capita GRDP at Current Price By Regendes/Municipalities, in DKIJakarta, 2000 - 2003 (Rupiahs)",11,1,4f437b725a15
DKI JAKARTA,,Jml Kab./Kota. Total of Reg./Mun.,,2003,**),"30.744.064,93",,"PDRB PER KAPITA ATAS DASAR HARGA BERLAKU DI PROPINSI DKI JAKARTA MENURUT KABUPATEN/KOTA, 2000 - 2003 (RUPIAH)","Per Capita GRDP at Current Price By Regendes/Municipalities, in DKIJakarta, 2000 - 2003 (Rupiahs)",11,1,8f1f92630876
DKI JAKARTA,,Jml Kab./Kota. Total of Reg./Mun.,*',2003,**),"30.744.064,93",,"PDRB PER KAPITA ATAS DASAR HARGA BERLAKU DI PROPINSI DKI JAKARTA MENURUT KABUPATEN/KOTA, 2000 - 2003 (RUPIAH)","Per Capita GRDP at Current Price By Regendes/Municipalities, in DKIJakarta, 2000 - 2003 (Rupiahs)",11,1,524634a48c3a
JAWA BARAT,01,Bogor,,2003,**),"3.737.693,62",,"PDRB PER KAPITA ATAS DASAR HARGA BERLAKU DI PROPINSI JAWA BARAT MENURUT KABUPATEN/KOTA, 2000 - 2003 (RUPIAH)","Per Capita GRDP at Current Pnce By Regenaes/Muniapalities, in West Java, 2000 - 2003 (Rupiahs)",12,2,ea76474ab804
JAWA BARAT,02,Sukabumi,,2003,**),"3.773.943,15",,"PDRB PER KAPITA ATAS DASAR HARGA BERLAKU DI PROPINSI JAWA BARAT MENURUT KABUPATEN/KOTA, 2000 - 2003 (RUPIAH)","Per Capita GRDP at Current Pnce By Regenaes/Muniapalities, in West Java, 2000 - 2003 (Rupiahs)",12,2,41e9d924ad7b
JAWA BARAT,,Sukabumi,*',2003,**),"3.706.380,83",,"PDRB PER KAPITA ATAS DASAR HARGA BERLAKU DI PROPINSI JAWA BARAT MENURUT KABUPATEN/KOTA, 2000 - 2003 (RUPIAH)","Per Capita GRDP at Current Pnce By Regenaes/Muniapalities, in West Java, 2000 - 2003 (Rupiahs)",12,2,2369a433e98d
JAWA BARAT,03,Cianjur,,2003,**),"3.918.938,87",,"PDRB PER KAPITA ATAS DASAR HARGA BERLAKU DI PROPINSI JAWA BARAT MENURUT KABUPATEN/KOTA, 2000 - 2003 (RUPIAH)","Per Capita GRDP at Current Pnce By Regenaes/Muniapalities, in West Java, 2000 - 2003 (Rupiahs)",12,2,0ea7fa15e78e
JAWA BARAT,04,Bandung,,2003,**),"5.929.274,35",,"PDRB PER KAPITA ATAS DASAR HARGA BERLAKU DI PROPINSI JAWA BARAT MENURUT KABUPATEN/KOTA, 2000 - 2003 (RUPIAH)","Per Capita GRDP at Current Pnce By Regenaes/Muniapalities, in West Java, 2000 - 2003 (Rupiahs)",12,2,029232f1a1b3
JAWA BARAT,,Bandung,*',2003,**),"5.902.059,12",,"PDRB PER KAPITA ATAS DASAR HARGA BERLAKU DI PROPINSI JAWA BARAT MENURUT KABUPATEN/KOTA, 2000 - 2003 (RUPIAH)","Per Capita GRDP at Current Pnce By Regenaes/Muniapalities, in West Java, 2000 - 2003 (Rupiahs)",12,2,a0bd9acd8810
JAWA BARAT,05,Garut,,2003,**),"3.739.573,39",,"PDRB PER KAPITA ATAS DASAR HARGA BERLAKU DI PROPINSI JAWA BARAT MENURUT KABUPATEN/KOTA, 2000 - 2003 (RUPIAH)","Per Capita GRDP at Current Pnce By Regenaes/Muniapalities, in West Java, 2000 - 2003 (Rupiahs)",12,2,24f33fb1bc92
JAWA BARAT,06,Tasikmalaya,,2003,**),"3.667.940,17",,"PDRB PER KAPITA ATAS DASAR HARGA BERLAKU DI PROPINSI JAWA BARAT MENURUT KABUPATEN/KOTA, 2000 - 2003 (RUPIAH)","Per Capita GRDP at Current Pnce By Regenaes/Muniapalities, in West Java, 2000 - 2003 (Rupiahs)",12,2,6710d5df2277
JAWA BARAT,07,Ciamis,,2003,**),"4.592.971,99",,"PDRB PER KAPITA ATAS DASAR HARGA BERLAKU DI PROPINSI JAWA BARAT MENURUT KABUPATEN/KOTA, 2000 - 2003 (RUPIAH)","Per Capita GRDP at Current Pnce By Regenaes/Muniapalities, in West Java, 2000 - 2003 (Rupiahs)",12,2,d85ca8082185
JAWA BARAT,79,Banjar,#),2003,**),"4.084.127,70",,"PDRB PER KAPITA ATAS DASAR HARGA BERLAKU DI PROPINSI JAWA BARAT MENURUT KABUPATEN/KOTA, 2000 - 2003 (RUPIAH)","Per Capita GRDP at Current Pnce By Regenaes/Muniapalities, in West Java, 2000 - 2003 (Rupiahs)",12,2,36b31a6549d4
JAWA BARAT,08,Kuningan,,2003,**),"3.075 420,81",,"PDRB PER KAPITA ATAS DASAR HARGA BERLAKU DI PROPINSI JAWA BARAT MENURUT KABUPATEN/KOTA, 2000 - 2003 (RUPIAH)","Per Capita GRDP at Current Pnce By Regenaes/Muniapalities, in West Java, 2000 - 2003 (Rupiahs)",12,2,2cacfdfae050
JAWA BARAT,09,Cirobon,,2003,**),"3.056.787,64",,"PDRB PER KAPITA ATAS DASAR HARGA BERLAKU DI PROPINSI JAWA BARAT MENURUT KABUPATEN/KOTA, 2000 - 2003 (RUPIAH)","Per Capita GRDP at Current Pnce By Regenaes/Muniapalities, in West Java, 2000 - 2003 (Rupiahs)",12,2,4c140f57a704
JAWA BARAT,10,Majalengka,,2003,**),"3 252 066,85",,"PDRB PER KAPITA ATAS DASAR HARGA BERLAKU DI PROPINSI JAWA BARAT MENURUT KABUPATEN/KOTA, 2000 - 2003 (RUPIAH)","Per Capita GRDP at Current Pnce By Regenaes/Muniapalities, in West Java, 2000 - 2003 (Rupiahs)",12,2,96862c757a8b
JAWA BARAT,,Majalengka,*',2003,**),"3 238 031,68",,"PDRB PER KAPITA ATAS DASAR HARGA BERLAKU DI PROPINSI JAWA BARAT MENURUT KABUPATEN/KOTA, 2000 - 2003 (RUPIAH)","Per Capita GRDP at Current Pnce By Regenaes/Muniapalities, in West Java, 2000 - 2003 (Rupiahs)",12,2,6e91d92b30da
JAWA BARAT,11,Sumedang,,2003,**),"3 803.066,06",,"PDRB PER KAPITA ATAS DASAR HARGA BERLAKU DI PROPINSI JAWA BARAT MENURUT KABUPATEN/KOTA, 2000 - 2003 (RUPIAH)","Per Capita GRDP at Current Pnce By Regenaes/Muniapalities, in West Java, 2000 - 2003 (Rupiahs)",12,2,ccd1141864f6
JAWA BARAT,12,Indramayu,,2003,**),"11.075.487,30",,"PDRB PER KAPITA ATAS DASAR HARGA BERLAKU DI PROPINSI JAWA BARAT MENURUT KABUPATEN/KOTA, 2000 - 2003 (RUPIAH)","Per Capita GRDP at Current Pnce By Regenaes/Muniapalities, in West Java, 2000 - 2003 (Rupiahs)",12,2,9cc82deba445
JAWA BARAT,,Indramayu,*',2003,**),"4.120.263,56",,"PDRB PER KAPITA ATAS DASAR HARGA BERLAKU DI PROPINSI JAWA BARAT MENURUT KABUPATEN/KOTA, 2000 - 2003 (RUPIAH)","Per Capita GRDP at Current Pnce By Regenaes/Muniapalities, in West Java, 2000 - 2003 (Rupiahs)",12,2,d2926a707036
JAWA BARAT,13,Subang,,2003,**),"4.318.207,93",,"PDRB PER KAPITA ATAS DASAR HARGA BERLAKU DI PROPINSI JAWA BARAT MENURUT KABUPATEN/KOTA, 2000 - 2003 (RUPIAH)","Per Capita GRDP at Current Pnce By Regenaes/Muniapalities, in West Java, 2000 - 2003 (Rupiahs)",12,2,39cb689e3b65
JAWA BARAT,,Subang,*',2003,**),"4.281.063,69",,"PDRB PER KAPITA ATAS DASAR HARGA BERLAKU DI PROPINSI JAWA BARAT MENURUT KABUPATEN/KOTA, 2000 - 2003 (RUPIAH)","Per Capita GRDP at Current Pnce By Regenaes/Muniapalities, in West Java, 2000 - 2003 (Rupiahs)",12,2,90540761afa7
JAWA BARAT,14,Purwakarta,,2003,**),"8.421.319,86",,"PDRB PER KAPITA ATAS DASAR HARGA BERLAKU DI PROPINSI JAWA BARAT MENURUT KABUPATEN/KOTA, 2000 - 2003 (RUPIAH)","Per Capita GRDP at Current Pnce By Regenaes/Muniapalities, in West Java, 2000 - 2003 (Rupiahs)",12,2,51e5c2776945
JAWA BARAT,15,Karawang,,2003,**),"6.842.279,74",,"PDRB PER KAPITA ATAS DASAR HARGA BERLAKU DI PROPINSI JAWA BARAT MENURUT KABUPATEN/KOTA, 2000 - 2003 (RUPIAH)","Per Capita GRDP at Current Pnce By Regenaes/Muniapalities, in West Java, 2000 - 2003 (Rupiahs)",12,2,52855a21fbf0
JAWA BARAT,,Karawang,*',2003,**),"6.520.674,94",,"PDRB PER KAPITA ATAS DASAR HARGA BERLAKU DI PROPINSI JAWA BARAT MENURUT KABUPATEN/KOTA, 2000 - 2003 (RUPIAH)","Per Capita GRDP at Current Pnce By Regenaes/Muniapalities, in West Java, 2000 - 2003 (Rupiahs)",12,2,16662374c2f0
JAWA BARAT,16,Bekasi,,2003,**),"19 944.488,09",,"PDRB PER KAPITA ATAS DASAR HARGA BERLAKU DI PROPINSI JAWA BARAT MENURUT KABUPATEN/KOTA, 2000 - 2003 (RUPIAH)","Per Capita GRDP at Current Pnce By Regenaes/Muniapalities, in West Java, 2000 - 2003 (Rupiahs)",12,2,55b461f58b3b
JAWA BARAT,,Bekasi,*',2003,**),"19.881.884,43",,"PDRB PER KAPITA ATAS DASAR HARGA BERLAKU DI PROPINSI JAWA BARAT MENURUT KABUPATEN/KOTA, 2000 - 2003 (RUPIAH)","Per Capita GRDP at Current Pnce By Regenaes/Muniapalities, in West Java, 2000 - 2003 (Rupiahs)",12,2,95444a4c73bd
JAWA BARAT,71,Bogor,,2003,**),"4.605.734,59",,"PDRB PER KAPITA ATAS DASAR HARGA BERLAKU DI PROPINSI JAWA BARAT MENURUT KABUPATEN/KOTA, 2000 - 2003 (RUPIAH)","Per Capita GRDP at Current Pnce By Regenaes/Muniapalities, in West Java, 2000 - 2003 (Rupiahs)",12,2,021983e27f8f
JAWA BARAT,72,Sukabumi,,2003,**),"5.908.941,46",,"PDRB PER KAPITA ATAS DASAR HARGA BERLAKU DI PROPINSI JAWA BARAT MENURUT KABUPATEN/KOTA, 2000 - 2003 (RUPIAH)","Per Capita GRDP at Current Pnce By Regenaes/Muniapalities, in West Java, 2000 - 2003 (Rupiahs)",12,2,3b514bc3ad97
JAWA BARAT,73,Bandung,,2003,**),"10.628 631,16",,"PDRB PER KAPITA ATAS DASAR HARGA BERLAKU DI PROPINSI JAWA BARAT MENURUT KABUPATEN/KOTA, 2000 - 2003 (RUPIAH)","Per Capita GRDP at Current Pnce By Regenaes/Muniapalities, in West Java, 2000 - 2003 (Rupiahs)",12,2,5d5a5dc9d5f7
JAWA BARAT,74,Cirebon,,2003,**),"18.454.153,68",,"PDRB PER KAPITA ATAS DASAR HARGA BERLAKU DI PROPINSI JAWA BARAT MENURUT KABUPATEN/KOTA, 2000 - 2003 (RUPIAH)","Per Capita GRDP at Current Pnce By Regenaes/Muniapalities, in West Java, 2000 - 2003 (Rupiahs)",12,2,f44fd4ae7587
JAWA BARAT,75,Bekasi,,2003,**),"6.385.817,55",,"PDRB PER KAPITA ATAS DASAR HARGA BERLAKU DI PROPINSI JAWA BARAT MENURUT KABUPATEN/KOTA, 2000 - 2003 (RUPIAH)","Per Capita GRDP at Current Pnce By Regenaes/Muniapalities, in West Java, 2000 - 2003 (Rupiahs)",12,2,2b6b826efb48
JAWA BARAT,76,Depok,,2003,**),"4.373.479,70",,"PDRB PER KAPITA ATAS DASAR HARGA BERLAKU DI PROPINSI JAWA BARAT MENURUT KABUPATEN/KOTA, 2000 - 2003 (RUPIAH)","Per Capita GRDP at Current Pnce By Regenaes/Muniapalities, in West Java, 2000 - 2003 (Rupiahs)",12,2,bc03aacd1f0c
JAWA BARAT,77,Cimahi,,2003,**),"10.836.295,34",,"PDRB PER KAPITA ATAS DASAR HARGA BERLAKU DI PROPINSI JAWA BARAT MENURUT KABUPATEN/KOTA, 2000 - 2003 (RUPIAH)","Per Capita GRDP at Current Pnce By Regenaes/Muniapalities, in West Java, 2000 - 2003 (Rupiahs)",12,2,9bf64d8df590
JAWA BARAT,78,Tasikmalaya,,2003,**),"3.459 797,27",,"PDRB PER KAPITA ATAS DASAR HARGA BERLAKU DI PROPINSI JAWA BARAT MENURUT KABUPATEN/KOTA, 2000 - 2003 (RUPIAH)","Per Capita GRDP at Current Pnce By Regenaes/Muniapalities, in West Java, 2000 - 2003 (Rupiahs)",12,2,5c45f7e43b5b
JAWA BARAT,,Jml Kab./Kota. Total of Reg /Mun.,,2003,**),"6 116.210,39",,"PDRB PER KAPITA ATAS DASAR HARGA BERLAKU DI PROPINSI JAWA BARAT MENURUT KABUPATEN/KOTA, 2000 - 2003 (RUPIAH)","Per Capita GRDP at Current Pnce By Regenaes/Muniapalities, in West Java, 2000 - 2003 (Rupiahs)",12,2,cc99bdcd9bbc
JAWA BARAT,,Jml Kab./Kota. Total of Reg./Mun.,*',2003,**),"5.695.155,28",,"PDRB PER KAPITA ATAS DASAR HARGA BERLAKU DI PROPINSI JAWA BARAT MENURUT KABUPATEN/KOTA, 2000 - 2003 (RUPIAH)","Per Capita GRDP at Current Pnce By Regenaes/Muniapalities, in West Java, 2000 - 2003 (Rupiahs)",12,2,a90f78f2dae4
BANTEN,01,Pandeglang,,2003,**),"3.727.561,87",,"PDRB PER KAPITA ATAS DASAR HARGA BERLAKU DI PROPINSI BANTEN MENURUT KABUPATEN/KOTA, 2000 - 2003 (RUPIAH)","Per Capita GRDP at Current Price By Regendes/Municipalities, in Banten, 2000 - 2003 (Rupiahs)",13,3,79ca57e2e04f
BANTEN,02,Lebak,,2003,**),"3.528.772,47",,"PDRB PER KAPITA ATAS DASAR HARGA BERLAKU DI PROPINSI BANTEN MENURUT KABUPATEN/KOTA, 2000 - 2003 (RUPIAH)","Per Capita GRDP at Current Price By Regendes/Municipalities, in Banten, 2000 - 2003 (Rupiahs)",13,3,36c908001746
BANTEN,03,Tangerang,,2003,**),"5.888.396,47",,"PDRB PER KAPITA ATAS DASAR HARGA BERLAKU DI PROPINSI BANTEN MENURUT KABUPATEN/KOTA, 2000 - 2003 (RUPIAH)","Per Capita GRDP at Current Price By Regendes/Municipalities, in Banten, 2000 - 2003 (Rupiahs)",13,3,fae28d71ffcb
BANTEN,04,Serang,,2003,**),"5.090.990,38",,"PDRB PER KAPITA ATAS DASAR HARGA BERLAKU DI PROPINSI BANTEN MENURUT KABUPATEN/KOTA, 2000 - 2003 (RUPIAH)","Per Capita GRDP at Current Price By Regendes/Municipalities, in Banten, 2000 - 2003 (Rupiahs)",13,3,49c0e66d42d0
BANTEN,71,Tangerang,,2003,**),"16.568.830,14",,"PDRB PER KAPITA ATAS DASAR HARGA BERLAKU DI PROPINSI BANTEN MENURUT KABUPATEN/KOTA, 2000 - 2003 (RUPIAH)","Per Capita GRDP at Current Price By Regendes/Municipalities, in Banten, 2000 - 2003 (Rupiahs)",13,3,a54616ccb9be
BANTEN,72,Cilegon,,2003,**),"31.664.334,13",,"PDRB PER KAPITA ATAS DASAR HARGA BERLAKU DI PROPINSI BANTEN MENURUT KABUPATEN/KOTA, 2000 - 2003 (RUPIAH)","Per Capita GRDP at Current Price By Regendes/Municipalities, in Banten, 2000 - 2003 (Rupiahs)",13,3,cd1a18dd82d6
BANTEN,,Jml Kab./Kota Total of Rea /Mun,,2003,**),"7.869.056,23",,"PDRB PER KAPITA ATAS DASAR HARGA BERLAKU DI PROPINSI BANTEN MENURUT KABUPATEN/KOTA, 2000 - 2003 (RUPIAH)","Per Capita GRDP at Current Price By Regendes/Municipalities, in Banten, 2000 - 2003 (Rupiahs)",13,3,eac2c0b8b8c4
BANTEN,,Jml Kab./Kota. Total of Reg./Mun.,*',2003,**),"7.869.056,23",,"PDRB PER KAPITA ATAS DASAR HARGA BERLAKU DI PROPINSI BANTEN MENURUT KABUPATEN/KOTA, 2000 - 2003 (RUPIAH)","Per Capita GRDP at Current Price By Regendes/Municipalities, in Banten, 2000 - 2003 (Rupiahs)",13,3,f8e60a8075a8
JAWA TENGAH,01,Cilacap,,2003,**),"18.226.406,97",,"PDRB PER KAPITA ATAS DASAR HARGA BERLAKU DI PROPINSI JAWATENGAH MENURUT KABUPATEN/KOTA, 2000 - 2003 (RUPIAH)","Per Capita GRDP at Current Price By Regencies/MunicipaiiUes, in Central Java, 2000 - 2003 (Rupiahs)",14,4,b999189cf591
JAWA TENGAH,,Cilacap,*',2003,**),"9.915.649,19",,"PDRB PER KAPITA ATAS DASAR HARGA BERLAKU DI PROPINSI JAWATENGAH MENURUT KABUPATEN/KOTA, 2000 - 2003 (RUPIAH)","Per Capita GRDP at Current Price By Regencies/MunicipaiiUes, in Central Java, 2000 - 2003 (Rupiahs)",14,4,c24de8e4b429
JAWA TENGAH,02,Banyumas,,2003,**),"2.349.644,60",,"PDRB PER KAPITA ATAS DASAR HARGA BERLAKU DI PROPINSI JAWATENGAH MENURUT KABUPATEN/KOTA, 2000 - 2003 (RUPIAH)","Per Capita GRDP at Current Price By Regencies/MunicipaiiUes, in Central Java, 2000 - 2003 (Rupiahs)",14,4,e137a87a79cc
JAWA TENGAH,03,Purbalmgga,,2003,**),"2.481.744,99",,"PDRB PER KAPITA ATAS DASAR HARGA BERLAKU DI PROPINSI JAWATENGAH MENURUT KABUPATEN/KOTA, 2000 - 2003 (RUPIAH)","Per Capita GRDP at Current Price By Regencies/MunicipaiiUes, in Central Java, 2000 - 2003 (Rupiahs)",14,4,3f53862d3cd7
JAWA TENGAH,04,Banjamegara,,2003,**),"3.279.622,08",,"PDRB PER KAPITA ATAS DASAR HARGA BERLAKU DI PROPINSI JAWATENGAH MENURUT KABUPATEN/KOTA, 2000 - 2003 (RUPIAH)","Per Capita GRDP at Current Price By Regencies/MunicipaiiUes, in Central Java, 2000 - 2003 (Rupiahs)",14,4,0c7a11accbdd
JAWA TENGAH,05,Kebumen,,2003,**),"2.497.050,18",,"PDRB PER KAPITA ATAS DASAR HARGA BERLAKU DI PROPINSI JAWATENGAH MENURUT KABUPATEN/KOTA, 2000 - 2003 (RUPIAH)","Per Capita GRDP at Current Price By Regencies/MunicipaiiUes, in Central Java, 2000 - 2003 (Rupiahs)",14,4,e88d1f76ae69
JAWA TENGAH,06,Purworejo,,2003,**),"3.458.160,88",,"PDRB PER KAPITA ATAS DASAR HARGA BERLAKU DI PROPINSI JAWATENGAH MENURUT KABUPATEN/KOTA, 2000 - 2003 (RUPIAH)","Per Capita GRDP at Current Price By Regencies/MunicipaiiUes, in Central Java, 2000 - 2003 (Rupiahs)",14,4,ba07d7013945
JAWA TENGAH,07,Wonosobo,,2003,**),"2.453.139,99",,"PDRB PER KAPITA ATAS DASAR HARGA BERLAKU DI PROPINSI JAWATENGAH MENURUT KABUPATEN/KOTA, 2000 - 2003 (RUPIAH)","Per Capita GRDP at Current Price By Regencies/MunicipaiiUes, in Central Java, 2000 - 2003 (Rupiahs)",14,4,67b9db37c950
JAWA TENGAH,08,Magelang,,2003,**),"3.334.359,32",,"PDRB PER KAPITA ATAS DASAR HARGA BERLAKU DI PROPINSI JAWATENGAH MENURUT KABUPATEN/KOTA, 2000 - 2003 (RUPIAH)","Per Capita GRDP at Current Price By Regencies/MunicipaiiUes, in Central Java, 2000 - 2003 (Rupiahs)",14,4,c52941efcaa5
JAWA TENGAH,09,Boyolali,,2003,**),"3.863.161,04",,"PDRB PER KAPITA ATAS DASAR HARGA BERLAKU DI PROPINSI JAWATENGAH MENURUT KABUPATEN/KOTA, 2000 - 2003 (RUPIAH)","Per Capita GRDP at Current Price By Regencies/MunicipaiiUes, in Central Java, 2000 - 2003 (Rupiahs)",14,4,4724252e4a40
JAWA TENGAH,10,Klaten,,2003,**),"3.365.344,83",,"PDRB PER KAPITA ATAS DASAR HARGA BERLAKU DI PROPINSI JAWATENGAH MENURUT KABUPATEN/KOTA, 2000 - 2003 (RUPIAH)","Per Capita GRDP at Current Price By Regencies/MunicipaiiUes, in Central Java, 2000 - 2003 (Rupiahs)",14,4,0f0726407202
JAWA TENGAH,11,Sukohago,,2003,**),"4.465.334,35",,"PDRB PER KAPITA ATAS DASAR HARGA BERLAKU DI PROPINSI JAWATENGAH MENURUT KABUPATEN/KOTA, 2000 - 2003 (RUPIAH)","Per Capita GRDP at Current Price By Regencies/MunicipaiiUes, in Central Java, 2000 - 2003 (Rupiahs)",14,4,9cf6a6d4c326
JAWA TENGAH,12,Wonogin,,2003,**),"2.499.412,24",,"PDRB PER KAPITA ATAS DASAR HARGA BERLAKU DI PROPINSI JAWATENGAH MENURUT KABUPATEN/KOTA, 2000 - 2003 (RUPIAH)","Per Capita GRDP at Current Price By Regencies/MunicipaiiUes, in Central Java, 2000 - 2003 (Rupiahs)",14,4,dd940946a65e
JAWA TENGAH,13,Karanganyar,,2003,**),"4.300.553,43",,"PDRB PER KAPITA ATAS DASAR HARGA BERLAKU DI PROPINSI JAWATENGAH MENURUT KABUPATEN/KOTA, 2000 - 2003 (RUPIAH)","Per Capita GRDP at Current Price By Regencies/MunicipaiiUes, in Central Java, 2000 - 2003 (Rupiahs)",14,4,a28c224cadcb
JAWA TENGAH,14,Sragen,,2003,**),"2.718.978,08",,"PDRB PER KAPITA ATAS DASAR HARGA BERLAKU DI PROPINSI JAWATENGAH MENURUT KABUPATEN/KOTA, 2000 - 2003 (RUPIAH)","Per Capita GRDP at Current Price By Regencies/MunicipaiiUes, in Central Java, 2000 - 2003 (Rupiahs)",14,4,d986e31d5ebd
JAWA TENGAH,15,Grobogan,,2003,**),"1.791.502,11",,"PDRB PER KAPITA ATAS DASAR HARGA BERLAKU DI PROPINSI JAWATENGAH MENURUT KABUPATEN/KOTA, 2000 - 2003 (RUPIAH)","Per Capita GRDP at Current Price By Regencies/MunicipaiiUes, in Central Java, 2000 - 2003 (Rupiahs)",14,4,ed850a0573d4
JAWA TENGAH,16,Blora,,2003,**),"2.463.017,19",,"PDRB PER KAPITA ATAS DASAR HARGA BERLAKU DI PROPINSI JAWATENGAH MENURUT KABUPATEN/KOTA, 2000 - 2003 (RUPIAH)","Per Capita GRDP at Current Price By Regencies/MunicipaiiUes, in Central Java, 2000 - 2003 (Rupiahs)",14,4,3b9497e6dd8d
JAWA TENGAH,,Blora,*',2003,**),"2.358.490,51",,"PDRB PER KAPITA ATAS DASAR HARGA BERLAKU DI PROPINSI JAWATENGAH MENURUT KABUPATEN/KOTA, 2000 - 2003 (RUPIAH)","Per Capita GRDP at Current Price By Regencies/MunicipaiiUes, in Central Java, 2000 - 2003 (Rupiahs)",14,4,2bcd1560d27a
JAWA TENGAH,17,Rembang,,2003,**),"3.538.962,34",,"PDRB PER KAPITA ATAS DASAR HARGA BERLAKU DI PROPINSI JAWATENGAH MENURUT KABUPATEN/KOTA, 2000 - 2003 (RUPIAH)","Per Capita GRDP at Current Price By Regencies/MunicipaiiUes, in Central Java, 2000 - 2003 (Rupiahs)",14,4,c9f02c0b2e7c
JAWA TENGAH,18,Pati,,2003,**),"2.853.293,24",,"PDRB PER KAPITA ATAS DASAR HARGA BERLAKU DI PROPINSI JAWATENGAH MENURUT KABUPATEN/KOTA, 2000 - 2003 (RUPIAH)","Per Capita GRDP at Current Price By Regencies/MunicipaiiUes, in Central Java, 2000 - 2003 (Rupiahs)",14,4,dfd84c55cf9a
JAWA TENGAH,19,Kudus,,2003,**),"16.446 593,56",,"PDRB PER KAPITA ATAS DASAR HARGA BERLAKU DI PROPINSI JAWATENGAH MENURUT KABUPATEN/KOTA, 2000 - 2003 (RUPIAH)","Per Capita GRDP at Current Price By Regencies/MunicipaiiUes, in Central Java, 2000 - 2003 (Rupiahs)",14,4,57345d2bf3b4
JAWA TENGAH,20,Jepara,,2003,**),"3 820.592,58",,"PDRB PER KAPITA ATAS DASAR HARGA BERLAKU DI PROPINSI JAWATENGAH MENURUT KABUPATEN/KOTA, 2000 - 2003 (RUPIAH)","Per Capita GRDP at Current Price By Regencies/MunicipaiiUes, in Central Java, 2000 - 2003 (Rupiahs)",14,4,66e13ce020b8
JAWA TENGAH,21,Demak,,2003,**),"2.633.798,88",,"PDRB PER KAPITA ATAS DASAR HARGA BERLAKU DI PROPINSI JAWATENGAH MENURUT KABUPATEN/KOTA, 2000 - 2003 (RUPIAH)","Per Capita GRDP at Current Price By Regencies/MunicipaiiUes, in Central Java, 2000 - 2003 (Rupiahs)",14,4,2dc85ebe292a
JAWA TENGAH,22,Semarang,,2003,**),"4.648.249,23",,"PDRB PER KAPITA ATAS DASAR HARGA BERLAKU DI PROPINSI JAWATENGAH MENURUT KABUPATEN/KOTA, 2000 - 2003 (RUPIAH)","Per Capita GRDP at Current Price By Regencies/MunicipaiiUes, in Central Java, 2000 - 2003 (Rupiahs)",14,4,51ac93d6b154
JAWA TENGAH,23,Temanggung,,2003,**),"3.111.761,41",,"PDRB PER KAPITA ATAS DASAR HARGA BERLAKU DI PROPINSI JAWATENGAH MENURUT KABUPATEN/KOTA, 2000 - 2003 (RUPIAH)","Per Capita GRDP at Current Price By Regencies/MunicipaiiUes, in Central Java, 2000 - 2003 (Rupiahs)",14,4,31a6d517dde7
JAWA TENGAH,24,Kendal,,2003,**),"6.196.630,86",,"PDRB PER KAPITA ATAS DASAR HARGA BERLAKU DI PROPINSI JAWATENGAH MENURUT KABUPATEN/KOTA, 2000 - 2003 (RUPIAH)","Per Capita GRDP at Current Price By Regencies/MunicipaiiUes, in Central Java, 2000 - 2003 (Rupiahs)",14,4,28878436cd73
JAWA TENGAH,25,Batang,,2003,**),"3.567.910,54",,"PDRB PER KAPITA ATAS DASAR HARGA BERLAKU DI PROPINSI JAWATENGAH MENURUT KABUPATEN/KOTA, 2000 - 2003 (RUPIAH)","Per Capita GRDP at Current Price By Regencies/MunicipaiiUes, in Central Java, 2000 - 2003 (Rupiahs)",14,4,141ba5e83ea6
JAWA TENGAH,26,Pekalongan,,2003,**),"4.234.331,17",,"PDRB PER KAPITA ATAS DASAR HARGA BERLAKU DI PROPINSI JAWATENGAH MENURUT KABUPATEN/KOTA, 2000 - 2003 (RUPIAH)","Per Capita GRDP at Current Price By Regencies/MunicipaiiUes, in Central Java, 2000 - 2003 (Rupiahs)",14,4,f5a06a30298c
JAWA TENGAH,27,Pemalang,,2003,**),"2.729.407,48",,"PDRB PER KAPITA ATAS DASAR HARGA BERLAKU DI PROPINSI JAWATENGAH MENURUT KABUPATEN/KOTA, 2000 - 2003 (RUPIAH)","Per Capita GRDP at Current Price By Regencies/MunicipaiiUes, in Central Java, 2000 - 2003 (Rupiahs)",14,4,4a97b127ca10
JAWA TENGAH,28,Tegal,,2003,**),"2.152.050,54",,"PDRB PER KAPITA ATAS DASAR HARGA BERLAKU DI PROPINSI JAWATENGAH MENURUT KABUPATEN/KOTA, 2000 - 2003 (RUPIAH)","Per Capita GRDP at Current Price By Regencies/MunicipaiiUes, in Central Java, 2000 - 2003 (Rupiahs)",14,4,ec40b69b68f6
JAWA TENGAH,29,Brebes,,2003,**),"2.785.630,75",,"PDRB PER KAPITA ATAS DASAR HARGA BERLAKU DI PROPINSI JAWATENGAH MENURUT KABUPATEN/KOTA, 2000 - 2003 (RUPIAH)","Per Capita GRDP at Current Price By Regencies/MunicipaiiUes, in Central Java, 2000 - 2003 (Rupiahs)",14,4,cb1db771d461
JAWA TENGAH,71,Magelang,,2003,**),"9.332.972,49",,"PDRB PER KAPITA ATAS DASAR HARGA BERLAKU DI PROPINSI JAWATENGAH MENURUT KABUPATEN/KOTA, 2000 - 2003 (RUPIAH)","Per Capita GRDP at Current Price By Regencies/MunicipaiiUes, in Central Java, 2000 - 2003 (Rupiahs)",14,4,6dfb60fb4965
JAWA TENGAH,72,Surakarta,,2003,**),"8.543.484,97",,"PDRB PER KAPITA ATAS DASAR HARGA BERLAKU DI PROPINSI JAWATENGAH MENURUT KABUPATEN/KOTA, 2000 - 2003 (RUPIAH)","Per Capita GRDP at Current Price By Regencies/MunicipaiiUes, in Central Java, 2000 - 2003 (Rupiahs)",14,4,296eb465faf9
JAWA TENGAH,73,Salatiga,,2003,**),"5.510.866,63",,"PDRB PER KAPITA ATAS DASAR HARGA BERLAKU DI PROPINSI JAWATENGAH MENURUT KABUPATEN/KOTA, 2000 - 2003 (RUPIAH)","Per Capita GRDP at Current Price By Regencies/MunicipaiiUes, in Central Java, 2000 - 2003 (Rupiahs)",14,4,345acda8e610
JAWA TENGAH,74,Semarang,,2003,**),"14.016.235,34",,"PDRB PER KAPITA ATAS DASAR HARGA BERLAKU DI PROPINSI JAWATENGAH MENURUT KABUPATEN/KOTA, 2000 - 2003 (RUPIAH)","Per Capita GRDP at Current Price By Regencies/MunicipaiiUes, in Central Java, 2000 - 2003 (Rupiahs)",14,4,ed607de56c42
JAWA TENGAH,75,Pekalongan,,2003,**),"7.296.621,53",,"PDRB PER KAPITA ATAS DASAR HARGA BERLAKU DI PROPINSI JAWATENGAH MENURUT KABUPATEN/KOTA, 2000 - 2003 (RUPIAH)","Per Capita GRDP at Current Price By Regencies/MunicipaiiUes, in Central Java, 2000 - 2003 (Rupiahs)",14,4,2f5b966ad9dd
JAWA TENGAH,76,Tegal,,2003,**),"4.930.795,79",,"PDRB PER KAPITA ATAS DASAR HARGA BERLAKU DI PROPINSI JAWATENGAH MENURUT KABUPATEN/KOTA, 2000 - 2003 (RUPIAH)","Per Capita GRDP at Current Price By Regencies/MunicipaiiUes, in Central Java, 2000 - 2003 (Rupiahs)",14,4,3f27cb7f6fc8
JAWA TENGAH,,Jml Kab./Kota. Total of Reg./Mun,,2003,**),"4 847.897,80",,"PDRB PER KAPITA ATAS DASAR HARGA BERLAKU DI PROPINSI JAWATENGAH MENURUT KABUPATEN/KOTA, 2000 - 2003 (RUPIAH)","Per Capita GRDP at Current Price By Regencies/MunicipaiiUes, in Central Java, 2000 - 2003 (Rupiahs)",14,4,453f9020dbfb
JAWA TENGAH,,Jml Kab./Kota. Total of Reg./Mun.,*',2003,**),"4.407.584,58",,"PDRB PER KAPITA ATAS DASAR HARGA BERLAKU DI PROPINSI JAWATENGAH MENURUT KABUPATEN/KOTA, 2000 - 2003 (RUPIAH)","Per Capita GRDP at Current Price By Regencies/MunicipaiiUes, in Central Java, 2000 - 2003 (Rupiahs)",14,4,78ffd870348e
DI YOGYAKARTA,01,Kulon Progo,,2003,**),"3.302.935,84",,"PORB PER KAPITA ATAS DASAR HARGA BERLAKU DI PROPINSI DI YOGYAKARTA MENURUT KABUPATEN/KOT/V, 2000 - 2003 (RUPIAH)","Capita GRDP at Current Pnce By Regendes/Munidpaiities, in DI Yogyakarta, 2000 - 2003 (Rupiahs)",15,5,4f67796dd5c8
DI YOGYAKARTA,02,Bantul,,2003,**),"3.812.888,93",,"PORB PER KAPITA ATAS DASAR HARGA BERLAKU DI PROPINSI DI YOGYAKARTA MENURUT KABUPATEN/KOT/V, 2000 - 2003 (RUPIAH)","Capita GRDP at Current Pnce By Regendes/Munidpaiities, in DI Yogyakarta, 2000 - 2003 (Rupiahs)",15,5,491d73f79166
DI YOGYAKARTA,03,Gunung Kidul,,2003,**),"4.182.363,43",,"PORB PER KAPITA ATAS DASAR HARGA BERLAKU DI PROPINSI DI YOGYAKARTA MENURUT KABUPATEN/KOT/V, 2000 - 2003 (RUPIAH)","Capita GRDP at Current Pnce By Regendes/Munidpaiities, in DI Yogyakarta, 2000 - 2003 (Rupiahs)",15,5,25f365962d7e
DI YOGYAKARTA,04,Sleman,,2003,**),"5.803.066,34",,"PORB PER KAPITA ATAS DASAR HARGA BERLAKU DI PROPINSI DI YOGYAKARTA MENURUT KABUPATEN/KOT/V, 2000 - 2003 (RUPIAH)","Capita GRDP at Current Pnce By Regendes/Munidpaiities, in DI Yogyakarta, 2000 - 2003 (Rupiahs)",15,5,400b95a6aea1
DI YOGYAKARTA,71,Yogyakarta,,2003,**),"12.458.638,65",,"PORB PER KAPITA ATAS DASAR HARGA BERLAKU DI PROPINSI DI YOGYAKARTA MENURUT KABUPATEN/KOT/V, 2000 - 2003 (RUPIAH)","Capita GRDP at Current Pnce By Regendes/Munidpaiities, in DI Yogyakarta, 2000 - 2003 (Rupiahs)",15,5,762d0b0ac9f6
DI YOGYAKARTA,,Jml Kab./Kota. Total of Reg./Mun.,,2003,**),"5 483.904,42",,"PORB PER KAPITA ATAS DASAR HARGA BERLAKU DI PROPINSI DI YOGYAKARTA MENURUT KABUPATEN/KOT/V, 2000 - 2003 (RUPIAH)","Capita GRDP at Current Pnce By Regendes/Munidpaiities, in DI Yogyakarta, 2000 - 2003 (Rupiahs)",15,5,41756c4f6979
DI YOGYAKARTA,,Jml Kab./Kota. Total of Reg./Mun.,*',2003,**),"5 483 904,42",,"PORB PER KAPITA ATAS DASAR HARGA BERLAKU DI PROPINSI DI YOGYAKARTA MENURUT KABUPATEN/KOT/V, 2000 - 2003 (RUPIAH)","Capita GRDP at Current Pnce By Regendes/Munidpaiities, in DI Yogyakarta, 2000 - 2003 (Rupiahs)",15,5,d5da3bce008e
JAWA TIMUR,01,Pacitan,,2003,**),"2.061.006,97",,"PDRB PER KAPHA ATAS DASAR HARGA BERLAKU DI PROPINSI JAWA TIMUR MENURUT KABUPATEN/KOTA, 2000 - 2003 (RUPIAH)","Per Capita GRDP at Current Price By Regenaes/Muniapalities, in EastJava, 2000 - 2003 (Rupiahs)",16,6,ae5f5adb2c85
JAWA TIMUR,02,Ponorogo,,2003,**),"2.729.807,91",,"PDRB PER KAPHA ATAS DASAR HARGA BERLAKU DI PROPINSI JAWA TIMUR MENURUT KABUPATEN/KOTA, 2000 - 2003 (RUPIAH)","Per Capita GRDP at Current Price By Regenaes/Muniapalities, in EastJava, 2000 - 2003 (Rupiahs)",16,6,8f2fc335f850
JAWA TIMUR,03,Trenggalek,,2003,**),"1.997.555,93",,"PDRB PER KAPHA ATAS DASAR HARGA BERLAKU DI PROPINSI JAWA TIMUR MENURUT KABUPATEN/KOTA, 2000 - 2003 (RUPIAH)","Per Capita GRDP at Current Price By Regenaes/Muniapalities, in EastJava, 2000 - 2003 (Rupiahs)",16,6,d03ff29a93aa
JAWA TIMUR,04,Tulungagung,,2003,**),"4.477.667,88",,"PDRB PER KAPHA ATAS DASAR HARGA BERLAKU DI PROPINSI JAWA TIMUR MENURUT KABUPATEN/KOTA, 2000 - 2003 (RUPIAH)","Per Capita GRDP at Current Price By Regenaes/Muniapalities, in EastJava, 2000 - 2003 (Rupiahs)",16,6,4bd1b3e07fb2
JAWA TIMUR,05,Bhtar,,2003,**),"3.120.496,59",,"PDRB PER KAPHA ATAS DASAR HARGA BERLAKU DI PROPINSI JAWA TIMUR MENURUT KABUPATEN/KOTA, 2000 - 2003 (RUPIAH)","Per Capita GRDP at Current Price By Regenaes/Muniapalities, in EastJava, 2000 - 2003 (Rupiahs)",16,6,462c242f3955
JAWA TIMUR,06,Kediri,,2003,**),"3.001.846,43",,"PDRB PER KAPHA ATAS DASAR HARGA BERLAKU DI PROPINSI JAWA TIMUR MENURUT KABUPATEN/KOTA, 2000 - 2003 (RUPIAH)","Per Capita GRDP at Current Price By Regenaes/Muniapalities, in EastJava, 2000 - 2003 (Rupiahs)",16,6,64003a8293a1
JAWA TIMUR,07,Malang,,2003,**),"4.202.853,43",,"PDRB PER KAPHA ATAS DASAR HARGA BERLAKU DI PROPINSI JAWA TIMUR MENURUT KABUPATEN/KOTA, 2000 - 2003 (RUPIAH)","Per Capita GRDP at Current Price By Regenaes/Muniapalities, in EastJava, 2000 - 2003 (Rupiahs)",16,6,2bcf49d8c853
JAWA TIMUR,08,Lumajang,,2003,**),"3.728 175,32",,"PDRB PER KAPHA ATAS DASAR HARGA BERLAKU DI PROPINSI JAWA TIMUR MENURUT KABUPATEN/KOTA, 2000 - 2003 (RUPIAH)","Per Capita GRDP at Current Price By Regenaes/Muniapalities, in EastJava, 2000 - 2003 (Rupiahs)",16,6,86e5242bd494
JAWA TIMUR,09,Jember,,2003,**),"3.386.850,60",,"PDRB PER KAPHA ATAS DASAR HARGA BERLAKU DI PROPINSI JAWA TIMUR MENURUT KABUPATEN/KOTA, 2000 - 2003 (RUPIAH)","Per Capita GRDP at Current Price By Regenaes/Muniapalities, in EastJava, 2000 - 2003 (Rupiahs)",16,6,36cf01d64cdd
JAWA TIMUR,10,Banyuwangi,,2003,**),"4.207.870,45",,"PDRB PER KAPHA ATAS DASAR HARGA BERLAKU DI PROPINSI JAWA TIMUR MENURUT KABUPATEN/KOTA, 2000 - 2003 (RUPIAH)","Per Capita GRDP at Current Price By Regenaes/Muniapalities, in EastJava, 2000 - 2003 (Rupiahs)",16,6,d30489207846
JAWA TIMUR,11,Bondowoso,,2003,**),"2.339.666,53",,"PDRB PER KAPHA ATAS DASAR HARGA BERLAKU DI PROPINSI JAWA TIMUR MENURUT KABUPATEN/KOTA, 2000 - 2003 (RUPIAH)","Per Capita GRDP at Current Price By Regenaes/Muniapalities, in EastJava, 2000 - 2003 (Rupiahs)",16,6,02890a293bbb
JAWA TIMUR,12,Situbondo,,2003,**),"4.228.650,32",,"PDRB PER KAPHA ATAS DASAR HARGA BERLAKU DI PROPINSI JAWA TIMUR MENURUT KABUPATEN/KOTA, 2000 - 2003 (RUPIAH)","Per Capita GRDP at Current Price By Regenaes/Muniapalities, in EastJava, 2000 - 2003 (Rupiahs)",16,6,05d6f399a60e
JAWA TIMUR,13,Probolinggo,,2003,**),"4.959.607,32",,"PDRB PER KAPHA ATAS DASAR HARGA BERLAKU DI PROPINSI JAWA TIMUR MENURUT KABUPATEN/KOTA, 2000 - 2003 (RUPIAH)","Per Capita GRDP at Current Price By Regenaes/Muniapalities, in EastJava, 2000 - 2003 (Rupiahs)",16,6,22707050e00e
JAWA TIMUR,14,Pasuruan,,2003,**),"3 577.626,78",,"PDRB PER KAPHA ATAS DASAR HARGA BERLAKU DI PROPINSI JAWA TIMUR MENURUT KABUPATEN/KOTA, 2000 - 2003 (RUPIAH)","Per Capita GRDP at Current Price By Regenaes/Muniapalities, in EastJava, 2000 - 2003 (Rupiahs)",16,6,1686f44f68b4
JAWA TIMUR,15,Sidoarjo,,2003,**),"9.666.964,18",,"PDRB PER KAPHA ATAS DASAR HARGA BERLAKU DI PROPINSI JAWA TIMUR MENURUT KABUPATEN/KOTA, 2000 - 2003 (RUPIAH)","Per Capita GRDP at Current Price By Regenaes/Muniapalities, in EastJava, 2000 - 2003 (Rupiahs)",16,6,ea5f68ccd229
JAWA TIMUR,16,Mojokerto,,2003,**),"4.175.692,65",,"PDRB PER KAPHA ATAS DASAR HARGA BERLAKU DI PROPINSI JAWA TIMUR MENURUT KABUPATEN/KOTA, 2000 - 2003 (RUPIAH)","Per Capita GRDP at Current Price By Regenaes/Muniapalities, in EastJava, 2000 - 2003 (Rupiahs)",16,6,34a2bd3098f6
JAWA TIMUR,17,Jombang,,2003,**),"3.942.217,36",,"PDRB PER KAPHA ATAS DASAR HARGA BERLAKU DI PROPINSI JAWA TIMUR MENURUT KABUPATEN/KOTA, 2000 - 2003 (RUPIAH)","Per Capita GRDP at Current Price By Regenaes/Muniapalities, in EastJava, 2000 - 2003 (Rupiahs)",16,6,7b5836f14e9e
JAWA TIMUR,18,Nganjuk,,2003,**),"3.398.600,51",,"PDRB PER KAPHA ATAS DASAR HARGA BERLAKU DI PROPINSI JAWA TIMUR MENURUT KABUPATEN/KOTA, 2000 - 2003 (RUPIAH)","Per Capita GRDP at Current Price By Regenaes/Muniapalities, in EastJava, 2000 - 2003 (Rupiahs)",16,6,89bad2c7f649
JAWA TIMUR,19,Madiun,,2003,**),"3 385.158,16",,"PDRB PER KAPHA ATAS DASAR HARGA BERLAKU DI PROPINSI JAWA TIMUR MENURUT KABUPATEN/KOTA, 2000 - 2003 (RUPIAH)","Per Capita GRDP at Current Price By Regenaes/Muniapalities, in EastJava, 2000 - 2003 (Rupiahs)",16,6,82db4409a1d4
JAWA TIMUR,20,Magetan,,2003,**),"3 643.762,61",,"PDRB PER KAPHA ATAS DASAR HARGA BERLAKU DI PROPINSI JAWA TIMUR MENURUT KABUPATEN/KOTA, 2000 - 2003 (RUPIAH)","Per Capita GRDP at Current Price By Regenaes/Muniapalities, in EastJava, 2000 - 2003 (Rupiahs)",16,6,493477567ede
JAWA TIMUR,21,Ngawi,,2003,**),"2.886.755,08",,"PDRB PER KAPHA ATAS DASAR HARGA BERLAKU DI PROPINSI JAWA TIMUR MENURUT KABUPATEN/KOTA, 2000 - 2003 (RUPIAH)","Per Capita GRDP at Current Price By Regenaes/Muniapalities, in EastJava, 2000 - 2003 (Rupiahs)",16,6,0d502f8ae5d4
JAWA TIMUR,22,Bojonegoro,,2003,**),"2.719.376,96",,"PDRB PER KAPHA ATAS DASAR HARGA BERLAKU DI PROPINSI JAWA TIMUR MENURUT KABUPATEN/KOTA, 2000 - 2003 (RUPIAH)","Per Capita GRDP at Current Price By Regenaes/Muniapalities, in EastJava, 2000 - 2003 (Rupiahs)",16,6,5e8d7fc1e775
JAWA TIMUR,23,Tuban,,2003,**),"4.237.252,25",,"PDRB PER KAPHA ATAS DASAR HARGA BERLAKU DI PROPINSI JAWA TIMUR MENURUT KABUPATEN/KOTA, 2000 - 2003 (RUPIAH)","Per Capita GRDP at Current Price By Regenaes/Muniapalities, in EastJava, 2000 - 2003 (Rupiahs)",16,6,e8bc1c5c7347
JAWA TIMUR,,Tuban,*',2003,**),"3.933.507,34",,"PDRB PER KAPHA ATAS DASAR HARGA BERLAKU DI PROPINSI JAWA TIMUR MENURUT KABUPATEN/KOTA, 2000 - 2003 (RUPIAH)","Per Capita GRDP at Current Price By Regenaes/Muniapalities, in EastJava, 2000 - 2003 (Rupiahs)",16,6,457b9c4c98de
JAWA TIMUR,24,Lamongan,,2003,**),"3.168.200,14",,"PDRB PER KAPHA ATAS DASAR HARGA BERLAKU DI PROPINSI JAWA TIMUR MENURUT KABUPATEN/KOTA, 2000 - 2003 (RUPIAH)","Per Capita GRDP at Current Price By Regenaes/Muniapalities, in EastJava, 2000 - 2003 (Rupiahs)",16,6,36863f7db186
JAWA TIMUR,25,Gresik,,2003,**),"13.205.945,22",,"PDRB PER KAPHA ATAS DASAR HARGA BERLAKU DI PROPINSI JAWA TIMUR MENURUT KABUPATEN/KOTA, 2000 - 2003 (RUPIAH)","Per Capita GRDP at Current Price By Regenaes/Muniapalities, in EastJava, 2000 - 2003 (Rupiahs)",16,6,95338df55c98
JAWA TIMUR,26,Bangkalan,,2003,**),"2.904.514,57",,"PDRB PER KAPHA ATAS DASAR HARGA BERLAKU DI PROPINSI JAWA TIMUR MENURUT KABUPATEN/KOTA, 2000 - 2003 (RUPIAH)","Per Capita GRDP at Current Price By Regenaes/Muniapalities, in EastJava, 2000 - 2003 (Rupiahs)",16,6,d491feaea4d5
JAWA TIMUR,27,Sampang,,2003,**),"2.358 586,28",,"PDRB PER KAPHA ATAS DASAR HARGA BERLAKU DI PROPINSI JAWA TIMUR MENURUT KABUPATEN/KOTA, 2000 - 2003 (RUPIAH)","Per Capita GRDP at Current Price By Regenaes/Muniapalities, in EastJava, 2000 - 2003 (Rupiahs)",16,6,2f87645f8663
JAWA TIMUR,28,Pamekasan,,2003,**),"2.352.595,72",,"PDRB PER KAPHA ATAS DASAR HARGA BERLAKU DI PROPINSI JAWA TIMUR MENURUT KABUPATEN/KOTA, 2000 - 2003 (RUPIAH)","Per Capita GRDP at Current Price By Regenaes/Muniapalities, in EastJava, 2000 - 2003 (Rupiahs)",16,6,e599de73002e
JAWA TIMUR,29,Sumenep,,2003,**),"3.663.319,76",,"PDRB PER KAPHA ATAS DASAR HARGA BERLAKU DI PROPINSI JAWA TIMUR MENURUT KABUPATEN/KOTA, 2000 - 2003 (RUPIAH)","Per Capita GRDP at Current Price By Regenaes/Muniapalities, in EastJava, 2000 - 2003 (Rupiahs)",16,6,68081a361098
JAWA TIMUR,,Sumenep,*',2003,**),"3.540.907,30",,"PDRB PER KAPHA ATAS DASAR HARGA BERLAKU DI PROPINSI JAWA TIMUR MENURUT KABUPATEN/KOTA, 2000 - 2003 (RUPIAH)","Per Capita GRDP at Current Price By Regenaes/Muniapalities, in EastJava, 2000 - 2003 (Rupiahs)",16,6,babc20c36b14
JAWA TIMUR,71,Kediri,,2003,**),"87.289.229,16",,"PDRB PER KAPHA ATAS DASAR HARGA BERLAKU DI PROPINSI JAWA TIMUR MENURUT KABUPATEN/KOTA, 2000 - 2003 (RUPIAH)","Per Capita GRDP at Current Price By Regenaes/Muniapalities, in EastJava, 2000 - 2003 (Rupiahs)",16,6,7a6c6a021e1b
JAWA TIMUR,72,Blitar,,2003,**),"4.274.867,97",,"PDRB PER KAPHA ATAS DASAR HARGA BERLAKU DI PROPINSI JAWA TIMUR MENURUT KABUPATEN/KOTA, 2000 - 2003 (RUPIAH)","Per Capita GRDP at Current Price By Regenaes/Muniapalities, in EastJava, 2000 - 2003 (Rupiahs)",16,6,0c9d1ad1acee
JAWA TIMUR,73,Malang,,2003,**),"12.221 600,26",,"PDRB PER KAPHA ATAS DASAR HARGA BERLAKU DI PROPINSI JAWA TIMUR MENURUT KABUPATEN/KOTA, 2000 - 2003 (RUPIAH)","Per Capita GRDP at Current Price By Regenaes/Muniapalities, in EastJava, 2000 - 2003 (Rupiahs)",16,6,10b176f198eb
JAWA TIMUR,79,Batu,#),2003,**),"3.773.746,38",,"PDRB PER KAPHA ATAS DASAR HARGA BERLAKU DI PROPINSI JAWA TIMUR MENURUT KABUPATEN/KOTA, 2000 - 2003 (RUPIAH)","Per Capita GRDP at Current Price By Regenaes/Muniapalities, in EastJava, 2000 - 2003 (Rupiahs)",16,6,10d26fe8ee3f
JAWA TIMUR,74,Probolinggo,,2003,**),"7.615.804,95",,"PDRB PER KAPHA ATAS DASAR HARGA BERLAKU DI PROPINSI JAWA TIMUR MENURUT KABUPATEN/KOTA, 2000 - 2003 (RUPIAH)","Per Capita GRDP at Current Price By Regenaes/Muniapalities, in EastJava, 2000 - 2003 (Rupiahs)",16,6,e72a5ede4ca3
JAWA TIMUR,75,Pasuruan,,2003,**),"5.739.560,20",,"PDRB PER KAPHA ATAS DASAR HARGA BERLAKU DI PROPINSI JAWA TIMUR MENURUT KABUPATEN/KOTA, 2000 - 2003 (RUPIAH)","Per Capita GRDP at Current Price By Regenaes/Muniapalities, in EastJava, 2000 - 2003 (Rupiahs)",16,6,453be44e3152
JAWA TIMUR,76,Mojokerto,,2003,**),"7.693.624,31",,"PDRB PER KAPHA ATAS DASAR HARGA BERLAKU DI PROPINSI JAWA TIMUR MENURUT KABUPATEN/KOTA, 2000 - 2003 (RUPIAH)","Per Capita GRDP at Current Price By Regenaes/Muniapalities, in EastJava, 2000 - 2003 (Rupiahs)",16,6,a7a3c08f58fc
JAWA TIMUR,77,Madiun,,2003,**),"6.074.239,29",,"PDRB PER KAPHA ATAS DASAR HARGA BERLAKU DI PROPINSI JAWA TIMUR MENURUT KABUPATEN/KOTA, 2000 - 2003 (RUPIAH)","Per Capita GRDP at Current Price By Regenaes/Muniapalities, in EastJava, 2000 - 2003 (Rupiahs)",16,6,013e8db40e6e
JAWA TIMUR,78,Surabaya,,2003,**),"23.039.388,54",,"PDRB PER KAPHA ATAS DASAR HARGA BERLAKU DI PROPINSI JAWA TIMUR MENURUT KABUPATEN/KOTA, 2000 - 2003 (RUPIAH)","Per Capita GRDP at Current Price By Regenaes/Muniapalities, in EastJava, 2000 - 2003 (Rupiahs)",16,6,899f083c1da5
JAWA TIMUR,,Jml Kab./Kota. Total of Reg./Mun.,,2003,**),"6.313.414,68",,"PDRB PER KAPHA ATAS DASAR HARGA BERLAKU DI PROPINSI JAWA TIMUR MENURUT KABUPATEN/KOTA, 2000 - 2003 (RUPIAH)","Per Capita GRDP at Current Price By Regenaes/Muniapalities, in EastJava, 2000 - 2003 (Rupiahs)",16,6,d17b7c754e84
JAWA TIMUR,,Jml Kab./Kota. Total of Reg./Mun.,*',2003,**),"6 300.888,56",,"PDRB PER KAPHA ATAS DASAR HARGA BERLAKU DI PROPINSI JAWA TIMUR MENURUT KABUPATEN/KOTA, 2000 - 2003 (RUPIAH)","Per Capita GRDP at Current Price By Regenaes/Muniapalities, in EastJava, 2000 - 2003 (Rupiahs)",16,6,923f9bab21c7
KALIMANTAN BARAT,01,Sambas,,2003,**),"5.372.832,55",,"PDRB PER KAPITA ATAS DASAR HARGA BERLAKU DI PROPINSI KAUMANTAN BARAT MENURUT KABUPATEN/KOTA, 2000 - 2003 (RUPIAH)","Per Capita GRDP at Current Pnce By Regenaes/MunidpaiiOes, in West Kalimantan, 2000 - 2003(Rupiahs)",17,7,442a87469e54
KALIMANTAN BARAT,02,Bengkayang,,2003,**),"4.486.039,80",,"PDRB PER KAPITA ATAS DASAR HARGA BERLAKU DI PROPINSI KAUMANTAN BARAT MENURUT KABUPATEN/KOTA, 2000 - 2003 (RUPIAH)","Per Capita GRDP at Current Pnce By Regenaes/MunidpaiiOes, in West Kalimantan, 2000 - 2003(Rupiahs)",17,7,834bc3cad661
KALIMANTAN BARAT,72,Singkawang,#),2003,**),"6.791.091,51",,"PDRB PER KAPITA ATAS DASAR HARGA BERLAKU DI PROPINSI KAUMANTAN BARAT MENURUT KABUPATEN/KOTA, 2000 - 2003 (RUPIAH)","Per Capita GRDP at Current Pnce By Regenaes/MunidpaiiOes, in West Kalimantan, 2000 - 2003(Rupiahs)",17,7,18d166d47eca
KALIMANTAN BARAT,03,Landak,,2003,**),"5.887.789,93",,"PDRB PER KAPITA ATAS DASAR HARGA BERLAKU DI PROPINSI KAUMANTAN BARAT MENURUT KABUPATEN/KOTA, 2000 - 2003 (RUPIAH)","Per Capita GRDP at Current Pnce By Regenaes/MunidpaiiOes, in West Kalimantan, 2000 - 2003(Rupiahs)",17,7,ad3ba25f68ac
KALIMANTAN BARAT,04,Ponbanak,,2003,**),"7.667.585,11",,"PDRB PER KAPITA ATAS DASAR HARGA BERLAKU DI PROPINSI KAUMANTAN BARAT MENURUT KABUPATEN/KOTA, 2000 - 2003 (RUPIAH)","Per Capita GRDP at Current Pnce By Regenaes/MunidpaiiOes, in West Kalimantan, 2000 - 2003(Rupiahs)",17,7,d405f9579570
KALIMANTAN BARAT,05,Sanggau,,2003,**),"4.967.283,04",,"PDRB PER KAPITA ATAS DASAR HARGA BERLAKU DI PROPINSI KAUMANTAN BARAT MENURUT KABUPATEN/KOTA, 2000 - 2003 (RUPIAH)","Per Capita GRDP at Current Pnce By Regenaes/MunidpaiiOes, in West Kalimantan, 2000 - 2003(Rupiahs)",17,7,c9426df458c1
KALIMANTAN BARAT,06,Ketapang,,2003,**),"3.842.949,25",,"PDRB PER KAPITA ATAS DASAR HARGA BERLAKU DI PROPINSI KAUMANTAN BARAT MENURUT KABUPATEN/KOTA, 2000 - 2003 (RUPIAH)","Per Capita GRDP at Current Pnce By Regenaes/MunidpaiiOes, in West Kalimantan, 2000 - 2003(Rupiahs)",17,7,312bd471e415
KALIMANTAN BARAT,07,Sintang,,2003,**),"2.858.074,44",,"PDRB PER KAPITA ATAS DASAR HARGA BERLAKU DI PROPINSI KAUMANTAN BARAT MENURUT KABUPATEN/KOTA, 2000 - 2003 (RUPIAH)","Per Capita GRDP at Current Pnce By Regenaes/MunidpaiiOes, in West Kalimantan, 2000 - 2003(Rupiahs)",17,7,a2220669f3e3
KALIMANTAN BARAT,08,Kapuas Hulu,,2003,**),"4 606.889,54",,"PDRB PER KAPITA ATAS DASAR HARGA BERLAKU DI PROPINSI KAUMANTAN BARAT MENURUT KABUPATEN/KOTA, 2000 - 2003 (RUPIAH)","Per Capita GRDP at Current Pnce By Regenaes/MunidpaiiOes, in West Kalimantan, 2000 - 2003(Rupiahs)",17,7,e1cd5f9dac33
KALIMANTAN BARAT,71,Pontianak,,2003,**),"12.063.925,92",,"PDRB PER KAPITA ATAS DASAR HARGA BERLAKU DI PROPINSI KAUMANTAN BARAT MENURUT KABUPATEN/KOTA, 2000 - 2003 (RUPIAH)","Per Capita GRDP at Current Pnce By Regenaes/MunidpaiiOes, in West Kalimantan, 2000 - 2003(Rupiahs)",17,7,8348175f427c
KALIMANTAN BARAT,,Jml Kab./Kota. Total of Reg./Mun.,,2003,**),"6.075.364,08",,"PDRB PER KAPITA ATAS DASAR HARGA BERLAKU DI PROPINSI KAUMANTAN BARAT MENURUT KABUPATEN/KOTA, 2000 - 2003 (RUPIAH)","Per Capita GRDP at Current Pnce By Regenaes/MunidpaiiOes, in West Kalimantan, 2000 - 2003(Rupiahs)",17,7,db92072561cc
KALIMANTAN BARAT,,Jml Kab./Kota. Total of Reg./Mun.,*',2003,**),"6.075.364,08",,"PDRB PER KAPITA ATAS DASAR HARGA BERLAKU DI PROPINSI KAUMANTAN BARAT MENURUT KABUPATEN/KOTA, 2000 - 2003 (RUPIAH)","Per Capita GRDP at Current Pnce By Regenaes/MunidpaiiOes, in West Kalimantan, 2000 - 2003(Rupiahs)",17,7,5808cd8aeda1
KALIMANTAN TENGAH,01,Kotawaringin Barat,,2003,**),"7.023.660,56",,"PDRB PER KAPITA ATAS DASAR HARGA BERLAKU DI PROPINSI KAUMANTAN TENGAH MENURUT KABUPATEN/KOTA, 2000 - 2003 (RUPIAH)","Per Capita GRDP at Current Pnce By Regenaes/Munidpalities, in Central Kalimantan, 2000 - 2003 (Rupiahs)",18,8,1dc264ac173f
KALIMANTAN TENGAH,06,Sukamara,#),2003,**),"12.379.697,43",,"PDRB PER KAPITA ATAS DASAR HARGA BERLAKU DI PROPINSI KAUMANTAN TENGAH MENURUT KABUPATEN/KOTA, 2000 - 2003 (RUPIAH)","Per Capita GRDP at Current Pnce By Regenaes/Munidpalities, in Central Kalimantan, 2000 - 2003 (Rupiahs)",18,8,87e156523dbe
KALIMANTAN TENGAH,07,Lamandau,#),2003,**),"10.269.038,57",,"PDRB PER KAPITA ATAS DASAR HARGA BERLAKU DI PROPINSI KAUMANTAN TENGAH MENURUT KABUPATEN/KOTA, 2000 - 2003 (RUPIAH)","Per Capita GRDP at Current Pnce By Regenaes/Munidpalities, in Central Kalimantan, 2000 - 2003 (Rupiahs)",18,8,89f83193feb8
KALIMANTAN TENGAH,02,Kotawaringin Timur,,2003,**),"8 411.931,21",,"PDRB PER KAPITA ATAS DASAR HARGA BERLAKU DI PROPINSI KAUMANTAN TENGAH MENURUT KABUPATEN/KOTA, 2000 - 2003 (RUPIAH)","Per Capita GRDP at Current Pnce By Regenaes/Munidpalities, in Central Kalimantan, 2000 - 2003 (Rupiahs)",18,8,49a3c54061f4
KALIMANTAN TENGAH,08,Seruyan,#),2003,**),"8.900.746,63",,"PDRB PER KAPITA ATAS DASAR HARGA BERLAKU DI PROPINSI KAUMANTAN TENGAH MENURUT KABUPATEN/KOTA, 2000 - 2003 (RUPIAH)","Per Capita GRDP at Current Pnce By Regenaes/Munidpalities, in Central Kalimantan, 2000 - 2003 (Rupiahs)",18,8,757519191b2e
KALIMANTAN TENGAH,09,Katingan,#),2003,**),"9 029.042,07",,"PDRB PER KAPITA ATAS DASAR HARGA BERLAKU DI PROPINSI KAUMANTAN TENGAH MENURUT KABUPATEN/KOTA, 2000 - 2003 (RUPIAH)","Per Capita GRDP at Current Pnce By Regenaes/Munidpalities, in Central Kalimantan, 2000 - 2003 (Rupiahs)",18,8,8478bf6a572e
KALIMANTAN TENGAH,03,Kapuas,,2003,**),"3.604 210,85",,"PDRB PER KAPITA ATAS DASAR HARGA BERLAKU DI PROPINSI KAUMANTAN TENGAH MENURUT KABUPATEN/KOTA, 2000 - 2003 (RUPIAH)","Per Capita GRDP at Current Pnce By Regenaes/Munidpalities, in Central Kalimantan, 2000 - 2003 (Rupiahs)",18,8,65b2a33a0d72
KALIMANTAN TENGAH,10,Pulang Pisau,#),2003,**),"5 391 573,72",,"PDRB PER KAPITA ATAS DASAR HARGA BERLAKU DI PROPINSI KAUMANTAN TENGAH MENURUT KABUPATEN/KOTA, 2000 - 2003 (RUPIAH)","Per Capita GRDP at Current Pnce By Regenaes/Munidpalities, in Central Kalimantan, 2000 - 2003 (Rupiahs)",18,8,d46bcac42fd7
KALIMANTAN TENGAH,11,Gunung Mas,#),2003,**),"5.716 676,87",,"PDRB PER KAPITA ATAS DASAR HARGA BERLAKU DI PROPINSI KAUMANTAN TENGAH MENURUT KABUPATEN/KOTA, 2000 - 2003 (RUPIAH)","Per Capita GRDP at Current Pnce By Regenaes/Munidpalities, in Central Kalimantan, 2000 - 2003 (Rupiahs)",18,8,6d6d948ff6ae
KALIMANTAN TENGAH,04,Barito Selatan,,2003,**),"8.181.264,87",,"PDRB PER KAPITA ATAS DASAR HARGA BERLAKU DI PROPINSI KAUMANTAN TENGAH MENURUT KABUPATEN/KOTA, 2000 - 2003 (RUPIAH)","Per Capita GRDP at Current Pnce By Regenaes/Munidpalities, in Central Kalimantan, 2000 - 2003 (Rupiahs)",18,8,a53ded7aea5b
KALIMANTAN TENGAH,12,Banto Timur,#),2003,**),"7.604.660,18",,"PDRB PER KAPITA ATAS DASAR HARGA BERLAKU DI PROPINSI KAUMANTAN TENGAH MENURUT KABUPATEN/KOTA, 2000 - 2003 (RUPIAH)","Per Capita GRDP at Current Pnce By Regenaes/Munidpalities, in Central Kalimantan, 2000 - 2003 (Rupiahs)",18,8,2fdd35187478
KALIMANTAN TENGAH,05,Barito Utara,,2003,**),"10.296.284,79",,"PDRB PER KAPITA ATAS DASAR HARGA BERLAKU DI PROPINSI KAUMANTAN TENGAH MENURUT KABUPATEN/KOTA, 2000 - 2003 (RUPIAH)","Per Capita GRDP at Current Pnce By Regenaes/Munidpalities, in Central Kalimantan, 2000 - 2003 (Rupiahs)",18,8,95cec8643724
KALIMANTAN TENGAH,13,Murung Raya,#),2003,**),"9.643.431,03",,"PDRB PER KAPITA ATAS DASAR HARGA BERLAKU DI PROPINSI KAUMANTAN TENGAH MENURUT KABUPATEN/KOTA, 2000 - 2003 (RUPIAH)","Per Capita GRDP at Current Pnce By Regenaes/Munidpalities, in Central Kalimantan, 2000 - 2003 (Rupiahs)",18,8,54d7e1aaa12d
KALIMANTAN TENGAH,71,Palangkaraya,,2003,**),"6.531.136,39",,"PDRB PER KAPITA ATAS DASAR HARGA BERLAKU DI PROPINSI KAUMANTAN TENGAH MENURUT KABUPATEN/KOTA, 2000 - 2003 (RUPIAH)","Per Capita GRDP at Current Pnce By Regenaes/Munidpalities, in Central Kalimantan, 2000 - 2003 (Rupiahs)",18,8,ec79099cb068
KALIMANTAN TENGAH,,Jml Kab./Kota Total of Reg./Mun.,,2003,**),"6.849.814,43",,"PDRB PER KAPITA ATAS DASAR HARGA BERLAKU DI PROPINSI KAUMANTAN TENGAH MENURUT KABUPATEN/KOTA, 2000 - 2003 (RUPIAH)","Per Capita GRDP at Current Pnce By Regenaes/Munidpalities, in Central Kalimantan, 2000 - 2003 (Rupiahs)",18,8,3805d8eb9d9c
KALIMANTAN TENGAH,,Jml Kab./Kota. Total of Reg /Mun,*',2003,**),"6.849.814,43",,"PDRB PER KAPITA ATAS DASAR HARGA BERLAKU DI PROPINSI KAUMANTAN TENGAH MENURUT KABUPATEN/KOTA, 2000 - 2003 (RUPIAH)","Per Capita GRDP at Current Pnce By Regenaes/Munidpalities, in Central Kalimantan, 2000 - 2003 (Rupiahs)",18,8,81d5254687df
KALIMANTAN SELATAN,01,Tanah Laut,,2003,**),"6.523.885,66",,"PDRB PER KAPITA ATAS DASAR HARGA BERLAKU DI PROPINSI KALIMANTAN SELATAN MENURUT KABUPATEN/KOTA, 2000 - 2003 (RUPIAH)","Per Capita GRDP at Current Pnce By Regendes/Munidpaiities, m South Kalimantan, 2000 - 2003 (Rupiahs)",19,9,3242c05f4054
KALIMANTAN SELATAN,02,Kota Baru,,2003,**),"14.000.758,82",,"PDRB PER KAPITA ATAS DASAR HARGA BERLAKU DI PROPINSI KALIMANTAN SELATAN MENURUT KABUPATEN/KOTA, 2000 - 2003 (RUPIAH)","Per Capita GRDP at Current Pnce By Regendes/Munidpaiities, m South Kalimantan, 2000 - 2003 (Rupiahs)",19,9,242626b6b282
KALIMANTAN SELATAN,10,Tanah Bumbu,#),2003,**),"10.390.732,83",,"PDRB PER KAPITA ATAS DASAR HARGA BERLAKU DI PROPINSI KALIMANTAN SELATAN MENURUT KABUPATEN/KOTA, 2000 - 2003 (RUPIAH)","Per Capita GRDP at Current Pnce By Regendes/Munidpaiities, m South Kalimantan, 2000 - 2003 (Rupiahs)",19,9,77bf5f3e40f3
KALIMANTAN SELATAN,03,Banjar,,2003,**),"4.768.305,54",,"PDRB PER KAPITA ATAS DASAR HARGA BERLAKU DI PROPINSI KALIMANTAN SELATAN MENURUT KABUPATEN/KOTA, 2000 - 2003 (RUPIAH)","Per Capita GRDP at Current Pnce By Regendes/Munidpaiities, m South Kalimantan, 2000 - 2003 (Rupiahs)",19,9,be700bba9d26
KALIMANTAN SELATAN,04,Barito Kuala,,2003,**),"9.980.762,28",,"PDRB PER KAPITA ATAS DASAR HARGA BERLAKU DI PROPINSI KALIMANTAN SELATAN MENURUT KABUPATEN/KOTA, 2000 - 2003 (RUPIAH)","Per Capita GRDP at Current Pnce By Regendes/Munidpaiities, m South Kalimantan, 2000 - 2003 (Rupiahs)",19,9,febea0e37123
KALIMANTAN SELATAN,05,Tapin,,2003,**),"5.598.197,32",,"PDRB PER KAPITA ATAS DASAR HARGA BERLAKU DI PROPINSI KALIMANTAN SELATAN MENURUT KABUPATEN/KOTA, 2000 - 2003 (RUPIAH)","Per Capita GRDP at Current Pnce By Regendes/Munidpaiities, m South Kalimantan, 2000 - 2003 (Rupiahs)",19,9,569e2f2fc6f7
KALIMANTAN SELATAN,06,Hulu Sungai Selatan,,2003,**),"4.834.192,30",,"PDRB PER KAPITA ATAS DASAR HARGA BERLAKU DI PROPINSI KALIMANTAN SELATAN MENURUT KABUPATEN/KOTA, 2000 - 2003 (RUPIAH)","Per Capita GRDP at Current Pnce By Regendes/Munidpaiities, m South Kalimantan, 2000 - 2003 (Rupiahs)",19,9,0b27b575a0da
KALIMANTAN SELATAN,07,Hulu Sungai Tengah,,2003,**),"5.380.401,00",,"PDRB PER KAPITA ATAS DASAR HARGA BERLAKU DI PROPINSI KALIMANTAN SELATAN MENURUT KABUPATEN/KOTA, 2000 - 2003 (RUPIAH)","Per Capita GRDP at Current Pnce By Regendes/Munidpaiities, m South Kalimantan, 2000 - 2003 (Rupiahs)",19,9,1e0c6fbfa91e
KALIMANTAN SELATAN,08,Hulu Sungai Utara,,2003,**),"3.408.976,59",,"PDRB PER KAPITA ATAS DASAR HARGA BERLAKU DI PROPINSI KALIMANTAN SELATAN MENURUT KABUPATEN/KOTA, 2000 - 2003 (RUPIAH)","Per Capita GRDP at Current Pnce By Regendes/Munidpaiities, m South Kalimantan, 2000 - 2003 (Rupiahs)",19,9,a338a382f627
KALIMANTAN SELATAN,,Hulu Sungai Utara,*',2003,**),"3.408.976,59",,"PDRB PER KAPITA ATAS DASAR HARGA BERLAKU DI PROPINSI KALIMANTAN SELATAN MENURUT KABUPATEN/KOTA, 2000 - 2003 (RUPIAH)","Per Capita GRDP at Current Pnce By Regendes/Munidpaiities, m South Kalimantan, 2000 - 2003 (Rupiahs)",19,9,4e5dc1a97dbf
KALIMANTAN SELATAN,11,Balangan,#),2003,**),,,"PDRB PER KAPITA ATAS DASAR HARGA BERLAKU DI PROPINSI KALIMANTAN SELATAN MENURUT KABUPATEN/KOTA, 2000 - 2003 (RUPIAH)","Per Capita GRDP at Current Pnce By Regendes/Munidpaiities, m South Kalimantan, 2000 - 2003 (Rupiahs)",19,9,5954c3a98304
KALIMANTAN SELATAN,,Balangan,*',2003,**),"12.994.754,73",,"PDRB PER KAPITA ATAS DASAR HARGA BERLAKU DI PROPINSI KALIMANTAN SELATAN MENURUT KABUPATEN/KOTA, 2000 - 2003 (RUPIAH)","Per Capita GRDP at Current Pnce By Regendes/Munidpaiities, m South Kalimantan, 2000 - 2003 (Rupiahs)",19,9,3fe79d5f9c32
KALIMANTAN SELATAN,09,Tabalong,,2003,**),"10.772.723,20",,"PDRB PER KAPITA ATAS DASAR HARGA BERLAKU DI PROPINSI KALIMANTAN SELATAN MENURUT KABUPATEN/KOTA, 2000 - 2003 (RUPIAH)","Per Capita GRDP at Current Pnce By Regendes/Munidpaiities, m South Kalimantan, 2000 - 2003 (Rupiahs)",19,9,23a21e02a7f9
KALIMANTAN SELATAN,,Tabalong,*',2003,**),"8.006 954,75",,"PDRB PER KAPITA ATAS DASAR HARGA BERLAKU DI PROPINSI KALIMANTAN SELATAN MENURUT KABUPATEN/KOTA, 2000 - 2003 (RUPIAH)","Per Capita GRDP at Current Pnce By Regendes/Munidpaiities, m South Kalimantan, 2000 - 2003 (Rupiahs)",19,9,de3f1b40b1ae
KALIMANTAN SELATAN,71,Banjarmasin,,2003,**),"6.948.796,56",,"PDRB PER KAPITA ATAS DASAR HARGA BERLAKU DI PROPINSI KALIMANTAN SELATAN MENURUT KABUPATEN/KOTA, 2000 - 2003 (RUPIAH)","Per Capita GRDP at Current Pnce By Regendes/Munidpaiities, m South Kalimantan, 2000 - 2003 (Rupiahs)",19,9,e9614a08e335
KALIMANTAN SELATAN,72,Banjarbaru,,2003,**),"5.380.401,00",,"PDRB PER KAPITA ATAS DASAR HARGA BERLAKU DI PROPINSI KALIMANTAN SELATAN MENURUT KABUPATEN/KOTA, 2000 - 2003 (RUPIAH)","Per Capita GRDP at Current Pnce By Regendes/Munidpaiities, m South Kalimantan, 2000 - 2003 (Rupiahs)",19,9,2a7f4cd1f282
KALIMANTAN SELATAN,,Jml Kab./Kota. Total of Reg./Mun.,,2003,**),"7.565.672,52",,"PDRB PER KAPITA ATAS DASAR HARGA BERLAKU DI PROPINSI KALIMANTAN SELATAN MENURUT KABUPATEN/KOTA, 2000 - 2003 (RUPIAH)","Per Capita GRDP at Current Pnce By Regendes/Munidpaiities, m South Kalimantan, 2000 - 2003 (Rupiahs)",19,9,ba43f7ed3a64
KALIMANTAN SELATAN,,Jml Kab./Kota. Total of Reg./Mun.,*',2003,**),"7.387.236,69",,"PDRB PER KAPITA ATAS DASAR HARGA BERLAKU DI PROPINSI KALIMANTAN SELATAN MENURUT KABUPATEN/KOTA, 2000 - 2003 (RUPIAH)","Per Capita GRDP at Current Pnce By Regendes/Munidpaiities, m South Kalimantan, 2000 - 2003 (Rupiahs)",19,9,b0b9daea01c1
KALIMANTAN TIMUR,01,Pasir,,2003,**),"11.718.524,38",,"PDRB PER KAPITA ATAS DASAR HARGA BERLAKU DI PROPINSI KALIMANTAN TIMUR MENURUT KABUPATEN/KOTA, 2000 - 2003 (RUPIAH)","Per Capita GRDP at Current Pnce By Regencies/Municipalities, in East Kalimantan, 2000 - 2003 (Rupiahs)",20,10,a3fbcbedac20
KALIMANTAN TIMUR,09,Penajam Paser Utara,#),2003,**),"5.940.395,15",,"PDRB PER KAPITA ATAS DASAR HARGA BERLAKU DI PROPINSI KALIMANTAN TIMUR MENURUT KABUPATEN/KOTA, 2000 - 2003 (RUPIAH)","Per Capita GRDP at Current Pnce By Regencies/Municipalities, in East Kalimantan, 2000 - 2003 (Rupiahs)",20,10,7339a58c69b3
KALIMANTAN TIMUR,02,Kutai Barat,,2003,**),"16.714.732,82",,"PDRB PER KAPITA ATAS DASAR HARGA BERLAKU DI PROPINSI KALIMANTAN TIMUR MENURUT KABUPATEN/KOTA, 2000 - 2003 (RUPIAH)","Per Capita GRDP at Current Pnce By Regencies/Municipalities, in East Kalimantan, 2000 - 2003 (Rupiahs)",20,10,f988228afbd5
KALIMANTAN TIMUR,03,Kutai Kartanegara,,2003,**),"56 795.761,71",,"PDRB PER KAPITA ATAS DASAR HARGA BERLAKU DI PROPINSI KALIMANTAN TIMUR MENURUT KABUPATEN/KOTA, 2000 - 2003 (RUPIAH)","Per Capita GRDP at Current Pnce By Regencies/Municipalities, in East Kalimantan, 2000 - 2003 (Rupiahs)",20,10,2eb7a1431690
KALIMANTAN TIMUR,,Kutai Kartanegara,*',2003,**),"17.062.625,55",,"PDRB PER KAPITA ATAS DASAR HARGA BERLAKU DI PROPINSI KALIMANTAN TIMUR MENURUT KABUPATEN/KOTA, 2000 - 2003 (RUPIAH)","Per Capita GRDP at Current Pnce By Regencies/Municipalities, in East Kalimantan, 2000 - 2003 (Rupiahs)",20,10,11236930071a
KALIMANTAN TIMUR,04,Kutai Timur,,2003,**),"32.421.924,05",,"PDRB PER KAPITA ATAS DASAR HARGA BERLAKU DI PROPINSI KALIMANTAN TIMUR MENURUT KABUPATEN/KOTA, 2000 - 2003 (RUPIAH)","Per Capita GRDP at Current Pnce By Regencies/Municipalities, in East Kalimantan, 2000 - 2003 (Rupiahs)",20,10,b9cdbb74f6c9
KALIMANTAN TIMUR,,Kutai Timur,*',2003,**),"30.898.044,44",,"PDRB PER KAPITA ATAS DASAR HARGA BERLAKU DI PROPINSI KALIMANTAN TIMUR MENURUT KABUPATEN/KOTA, 2000 - 2003 (RUPIAH)","Per Capita GRDP at Current Pnce By Regencies/Municipalities, in East Kalimantan, 2000 - 2003 (Rupiahs)",20,10,7c97fa89d350
KALIMANTAN TIMUR,06,Malinau,,2003,**),"12.724.343,35",,"PDRB PER KAPITA ATAS DASAR HARGA BERLAKU DI PROPINSI KALIMANTAN TIMUR MENURUT KABUPATEN/KOTA, 2000 - 2003 (RUPIAH)","Per Capita GRDP at Current Pnce By Regencies/Municipalities, in East Kalimantan, 2000 - 2003 (Rupiahs)",20,10,ca556ff489da
KALIMANTAN TIMUR,05,Berau,,2003,**),"20 945 515,33",,"PDRB PER KAPITA ATAS DASAR HARGA BERLAKU DI PROPINSI KALIMANTAN TIMUR MENURUT KABUPATEN/KOTA, 2000 - 2003 (RUPIAH)","Per Capita GRDP at Current Pnce By Regencies/Municipalities, in East Kalimantan, 2000 - 2003 (Rupiahs)",20,10,6a31a57bc9a9
KALIMANTAN TIMUR,07,Bulungan,,2003,**),"17.299.901,01",,"PDRB PER KAPITA ATAS DASAR HARGA BERLAKU DI PROPINSI KALIMANTAN TIMUR MENURUT KABUPATEN/KOTA, 2000 - 2003 (RUPIAH)","Per Capita GRDP at Current Pnce By Regencies/Municipalities, in East Kalimantan, 2000 - 2003 (Rupiahs)",20,10,d69f56965ebe
KALIMANTAN TIMUR,,Bulungan,*',2003,**),"15.329.227,41",,"PDRB PER KAPITA ATAS DASAR HARGA BERLAKU DI PROPINSI KALIMANTAN TIMUR MENURUT KABUPATEN/KOTA, 2000 - 2003 (RUPIAH)","Per Capita GRDP at Current Pnce By Regencies/Municipalities, in East Kalimantan, 2000 - 2003 (Rupiahs)",20,10,84c595004074
KALIMANTAN TIMUR,08,Nunukan,,2003,**),"6 568.759,62",,"PDRB PER KAPITA ATAS DASAR HARGA BERLAKU DI PROPINSI KALIMANTAN TIMUR MENURUT KABUPATEN/KOTA, 2000 - 2003 (RUPIAH)","Per Capita GRDP at Current Pnce By Regencies/Municipalities, in East Kalimantan, 2000 - 2003 (Rupiahs)",20,10,c9fe27155171
KALIMANTAN TIMUR,,Nunukan,*',2003,**),"3.843.453,90",,"PDRB PER KAPITA ATAS DASAR HARGA BERLAKU DI PROPINSI KALIMANTAN TIMUR MENURUT KABUPATEN/KOTA, 2000 - 2003 (RUPIAH)","Per Capita GRDP at Current Pnce By Regencies/Municipalities, in East Kalimantan, 2000 - 2003 (Rupiahs)",20,10,2896be86f64f
KALIMANTAN TIMUR,71,Balikpapan,,2003,**),"28 891.967,94",,"PDRB PER KAPITA ATAS DASAR HARGA BERLAKU DI PROPINSI KALIMANTAN TIMUR MENURUT KABUPATEN/KOTA, 2000 - 2003 (RUPIAH)","Per Capita GRDP at Current Pnce By Regencies/Municipalities, in East Kalimantan, 2000 - 2003 (Rupiahs)",20,10,2cf7f0849cb3
KALIMANTAN TIMUR,,Balikpapan,*',2003,**),"17.236.797,94",,"PDRB PER KAPITA ATAS DASAR HARGA BERLAKU DI PROPINSI KALIMANTAN TIMUR MENURUT KABUPATEN/KOTA, 2000 - 2003 (RUPIAH)","Per Capita GRDP at Current Pnce By Regencies/Municipalities, in East Kalimantan, 2000 - 2003 (Rupiahs)",20,10,8e0be43d0236
KALIMANTAN TIMUR,72,Samannda,,2003,**),"17.305 106,95",,"PDRB PER KAPITA ATAS DASAR HARGA BERLAKU DI PROPINSI KALIMANTAN TIMUR MENURUT KABUPATEN/KOTA, 2000 - 2003 (RUPIAH)","Per Capita GRDP at Current Pnce By Regencies/Municipalities, in East Kalimantan, 2000 - 2003 (Rupiahs)",20,10,fee092474cfd
KALIMANTAN TIMUR,73,Tarakan,,2003,**),"11.985.388,59",,"PDRB PER KAPITA ATAS DASAR HARGA BERLAKU DI PROPINSI KALIMANTAN TIMUR MENURUT KABUPATEN/KOTA, 2000 - 2003 (RUPIAH)","Per Capita GRDP at Current Pnce By Regencies/Municipalities, in East Kalimantan, 2000 - 2003 (Rupiahs)",20,10,146651879379
KALIMANTAN TIMUR,,Tarakan,*',2003,**),"11.442.032,61",,"PDRB PER KAPITA ATAS DASAR HARGA BERLAKU DI PROPINSI KALIMANTAN TIMUR MENURUT KABUPATEN/KOTA, 2000 - 2003 (RUPIAH)","Per Capita GRDP at Current Pnce By Regencies/Municipalities, in East Kalimantan, 2000 - 2003 (Rupiahs)",20,10,fd119601eb30
KALIMANTAN TIMUR,74,Bontang,,2003,**),"240.234.307,49",,"PDRB PER KAPITA ATAS DASAR HARGA BERLAKU DI PROPINSI KALIMANTAN TIMUR MENURUT KABUPATEN/KOTA, 2000 - 2003 (RUPIAH)","Per Capita GRDP at Current Pnce By Regencies/Municipalities, in East Kalimantan, 2000 - 2003 (Rupiahs)",20,10,9d45c2c93e5a
KALIMANTAN TIMUR,,Bontang,*',2003,**),"24.825.394,08",,"PDRB PER KAPITA ATAS DASAR HARGA BERLAKU DI PROPINSI KALIMANTAN TIMUR MENURUT KABUPATEN/KOTA, 2000 - 2003 (RUPIAH)","Per Capita GRDP at Current Pnce By Regencies/Municipalities, in East Kalimantan, 2000 - 2003 (Rupiahs)",20,10,33b92fb8b854
KALIMANTAN TIMUR,,Jml Kab./Kota. Total of Reg./hMun.,,2003,**),"35.045.944,63",,"PDRB PER KAPITA ATAS DASAR HARGA BERLAKU DI PROPINSI KALIMANTAN TIMUR MENURUT KABUPATEN/KOTA, 2000 - 2003 (RUPIAH)","Per Capita GRDP at Current Pnce By Regencies/Municipalities, in East Kalimantan, 2000 - 2003 (Rupiahs)",20,10,f7e4994f21bb
KALIMANTAN TIMUR,,Jml Kab /Kota. Total of Reg./Mun.,*',2003,**),"16 762.017,97",,"PDRB PER KAPITA ATAS DASAR HARGA BERLAKU DI PROPINSI KALIMANTAN TIMUR MENURUT KABUPATEN/KOTA, 2000 - 2003 (RUPIAH)","Per Capita GRDP at Current Pnce By Regencies/Municipalities, in East Kalimantan, 2000 - 2003 (Rupiahs)",20,10,97d946c95bad
SULAWESI UTARA,01,Bolaang Mongondow,,2000,,"2.946.102,33",,"PDRB PER KAPITA ATAS DASAR HARGA BERLAKU DI PROPINSI SULAWESI UTARA MENURUT KABUPATEN/KOTA, 2000 - 2003 (RUPIAH)","Per Capita GRDP at Current Pnce By Regencies/Municipalities, in North Sulawesi, 2000 - 2003 (Rupiahs)",21,1,dd59ae4a181c
SULAWESI UTARA,02,Minahasa,,2000,,"4.320.788,10",,"PDRB PER KAPITA ATAS DASAR HARGA BERLAKU DI PROPINSI SULAWESI UTARA MENURUT KABUPATEN/KOTA, 2000 - 2003 (RUPIAH)","Per Capita GRDP at Current Pnce By Regencies/Municipalities, in North Sulawesi, 2000 - 2003 (Rupiahs)",21,1,d4216e75836b
SULAWESI UTARA,05,Minahasa Selatan,#),2000,,,,"PDRB PER KAPITA ATAS DASAR HARGA BERLAKU DI PROPINSI SULAWESI UTARA MENURUT KABUPATEN/KOTA, 2000 - 2003 (RUPIAH)","Per Capita GRDP at Current Pnce By Regencies/Municipalities, in North Sulawesi, 2000 - 2003 (Rupiahs)",21,1,4463646fcaf8
SULAWESI UTARA,73,Tomohon,#),2000,,,,"PDRB PER KAPITA ATAS DASAR HARGA BERLAKU DI PROPINSI SULAWESI UTARA MENURUT KABUPATEN/KOTA, 2000 - 2003 (RUPIAH)","Per Capita GRDP at Current Pnce By Regencies/Municipalities, in North Sulawesi, 2000 - 2003 (Rupiahs)",21,1,0f28f98b382a
SULAWESI UTARA,03,Sangihe Talaud,,2000,,"3 143 220,27",,"PDRB PER KAPITA ATAS DASAR HARGA BERLAKU DI PROPINSI SULAWESI UTARA MENURUT KABUPATEN/KOTA, 2000 - 2003 (RUPIAH)","Per Capita GRDP at Current Pnce By Regencies/Municipalities, in North Sulawesi, 2000 - 2003 (Rupiahs)",21,1,b7cdcca8da84
SULAWESI UTARA,04,Kepulauan Talaud,#),2000,,,,"PDRB PER KAPITA ATAS DASAR HARGA BERLAKU DI PROPINSI SULAWESI UTARA MENURUT KABUPATEN/KOTA, 2000 - 2003 (RUPIAH)","Per Capita GRDP at Current Pnce By Regencies/Municipalities, in North Sulawesi, 2000 - 2003 (Rupiahs)",21,1,4c2b93f68841
SULAWESI UTARA,71,Manado,,2000,,"5.150 927,20",,"PDRB PER KAPITA ATAS DASAR HARGA BERLAKU DI PROPINSI SULAWESI UTARA MENURUT KABUPATEN/KOTA, 2000 - 2003 (RUPIAH)","Per Capita GRDP at Current Pnce By Regencies/Municipalities, in North Sulawesi, 2000 - 2003 (Rupiahs)",21,1,b4a6d24cd820
SULAWESI UTARA,72,Bitung,,2000,,"6.048 748,14",,"PDRB PER KAPITA ATAS DASAR HARGA BERLAKU DI PROPINSI SULAWESI UTARA MENURUT KABUPATEN/KOTA, 2000 - 2003 (RUPIAH)","Per Capita GRDP at Current Pnce By Regencies/Municipalities, in North Sulawesi, 2000 - 2003 (Rupiahs)",21,1,b8e084f58ba5
SULAWESI UTARA,,Jml Kab./Kota. Total of Reg./Mun.,,2000,,"4 163.957,12",,"PDRB PER KAPITA ATAS DASAR HARGA BERLAKU DI PROPINSI SULAWESI UTARA MENURUT KABUPATEN/KOTA, 2000 - 2003 (RUPIAH)","Per Capita GRDP at Current Pnce By Regencies/Municipalities, in North Sulawesi, 2000 - 2003 (Rupiahs)",21,1,e50c3b272c41
SULAWESI UTARA,,Jml Kab./Kota. Total of Reg./Mun.,*',2000,,"4.163.957,12",,"PDRB PER KAPITA ATAS DASAR HARGA BERLAKU DI PROPINSI SULAWESI UTARA MENURUT KABUPATEN/KOTA, 2000 - 2003 (RUPIAH)","Per Capita GRDP at Current Pnce By Regencies/Municipalities, in North Sulawesi, 2000 - 2003 (Rupiahs)",21,1,aff2e46f5914
GORONTALO,01,Boalemo,,2000,,"2.593.782,81",,"PDRB PER KAPITA ATAS DASAR HARGA BERLAKU DI PROPINSI GORONTALO MENURUT KABUPATEN/KOTA, 2000 - 2003 (RUPIAH)","Per Capita GRDP at Current Price By Regendes/MunidpaliOes, in Gorontalo, 2000 • 2003 (Rupiahs)",22,2,dc1f2771e8d8
GORONTALO,03,Pohuwato,#),2000,,,,"PDRB PER KAPITA ATAS DASAR HARGA BERLAKU DI PROPINSI GORONTALO MENURUT KABUPATEN/KOTA, 2000 - 2003 (RUPIAH)","Per Capita GRDP at Current Price By Regendes/MunidpaliOes, in Gorontalo, 2000 • 2003 (Rupiahs)",22,2,7ffd1f642c40
GORONTALO,02,Gorontalo,,2000,,"1.565.386,68",,"PDRB PER KAPITA ATAS DASAR HARGA BERLAKU DI PROPINSI GORONTALO MENURUT KABUPATEN/KOTA, 2000 - 2003 (RUPIAH)","Per Capita GRDP at Current Price By Regendes/MunidpaliOes, in Gorontalo, 2000 • 2003 (Rupiahs)",22,2,6476eb149060
GORONTALO,04,Bone Bolango,#),2000,,,,"PDRB PER KAPITA ATAS DASAR HARGA BERLAKU DI PROPINSI GORONTALO MENURUT KABUPATEN/KOTA, 2000 - 2003 (RUPIAH)","Per Capita GRDP at Current Price By Regendes/MunidpaliOes, in Gorontalo, 2000 • 2003 (Rupiahs)",22,2,f8573a23ada9
GORONTALO,71,Gorontalo,,2000,,"2.385.593,51",,"PDRB PER KAPITA ATAS DASAR HARGA BERLAKU DI PROPINSI GORONTALO MENURUT KABUPATEN/KOTA, 2000 - 2003 (RUPIAH)","Per Capita GRDP at Current Price By Regendes/MunidpaliOes, in Gorontalo, 2000 • 2003 (Rupiahs)",22,2,a276a59feb53
GORONTALO,,Jml Kab./Kota. Total of Reg /Mun.,,2000,,"1.930.065,30",,"PDRB PER KAPITA ATAS DASAR HARGA BERLAKU DI PROPINSI GORONTALO MENURUT KABUPATEN/KOTA, 2000 - 2003 (RUPIAH)","Per Capita GRDP at Current Price By Regendes/MunidpaliOes, in Gorontalo, 2000 • 2003 (Rupiahs)",22,2,bd8f09d28042
GORONTALO,,Jml Kab./Kota Total of Reg /Mun.,*',2000,,"1 930 065,30",,"PDRB PER KAPITA ATAS DASAR HARGA BERLAKU DI PROPINSI GORONTALO MENURUT KABUPATEN/KOTA, 2000 - 2003 (RUPIAH)","Per Capita GRDP at Current Price By Regendes/MunidpaliOes, in Gorontalo, 2000 • 2003 (Rupiahs)",22,2,52c7f4d0b936
SULAWESI TENGAH,01,Banggai Kepulauan,,2000,,"2 442 792,87",,"PDRB PER KAPITA ATAS DASAR HARGA BERLAKU DI PROPINSI SULAWESI TENGAH MENURUT KABUPATEN/KOTA, 2000 - 2003 (RUPIAH)","Per Capita GRDP at Current Prtce By Regencies/Municipalities, in Cential Sulawest, 2000 - 2003 (Rupiahs)",23,3,edb54b763c4f
SULAWESI TENGAH,02,Banggai,,2000,,"3.338.745,80",,"PDRB PER KAPITA ATAS DASAR HARGA BERLAKU DI PROPINSI SULAWESI TENGAH MENURUT KABUPATEN/KOTA, 2000 - 2003 (RUPIAH)","Per Capita GRDP at Current Prtce By Regencies/Municipalities, in Cential Sulawest, 2000 - 2003 (Rupiahs)",23,3,15afac5200e6
SULAWESI TENGAH,03,Morowali,,2000,,"4.472.257,43",,"PDRB PER KAPITA ATAS DASAR HARGA BERLAKU DI PROPINSI SULAWESI TENGAH MENURUT KABUPATEN/KOTA, 2000 - 2003 (RUPIAH)","Per Capita GRDP at Current Prtce By Regencies/Municipalities, in Cential Sulawest, 2000 - 2003 (Rupiahs)",23,3,d6b85ca4182d
SULAWESI TENGAH,04,Poso,,2000,,"3.922.586,17",,"PDRB PER KAPITA ATAS DASAR HARGA BERLAKU DI PROPINSI SULAWESI TENGAH MENURUT KABUPATEN/KOTA, 2000 - 2003 (RUPIAH)","Per Capita GRDP at Current Prtce By Regencies/Municipalities, in Cential Sulawest, 2000 - 2003 (Rupiahs)",23,3,c0a6a430aa1d
SULAWESI TENGAH,05,Donggala,,2000,,"4 445.924,80",,"PDRB PER KAPITA ATAS DASAR HARGA BERLAKU DI PROPINSI SULAWESI TENGAH MENURUT KABUPATEN/KOTA, 2000 - 2003 (RUPIAH)","Per Capita GRDP at Current Prtce By Regencies/Municipalities, in Cential Sulawest, 2000 - 2003 (Rupiahs)",23,3,4069632312fe
SULAWESI TENGAH,08,Parigi Moutung,#),2000,,,,"PDRB PER KAPITA ATAS DASAR HARGA BERLAKU DI PROPINSI SULAWESI TENGAH MENURUT KABUPATEN/KOTA, 2000 - 2003 (RUPIAH)","Per Capita GRDP at Current Prtce By Regencies/Municipalities, in Cential Sulawest, 2000 - 2003 (Rupiahs)",23,3,07493004ceb6
SULAWESI TENGAH,06,Toll Toh,,2000,,"3 535 678,83",,"PDRB PER KAPITA ATAS DASAR HARGA BERLAKU DI PROPINSI SULAWESI TENGAH MENURUT KABUPATEN/KOTA, 2000 - 2003 (RUPIAH)","Per Capita GRDP at Current Prtce By Regencies/Municipalities, in Cential Sulawest, 2000 - 2003 (Rupiahs)",23,3,00d87317045a
SULAWESI TENGAH,07,Buol,,2000,,"3 141 566,49",,"PDRB PER KAPITA ATAS DASAR HARGA BERLAKU DI PROPINSI SULAWESI TENGAH MENURUT KABUPATEN/KOTA, 2000 - 2003 (RUPIAH)","Per Capita GRDP at Current Prtce By Regencies/Municipalities, in Cential Sulawest, 2000 - 2003 (Rupiahs)",23,3,42860d585b71
SULAWESI TENGAH,71,Palu,,2000,,"4.615 801,16",,"PDRB PER KAPITA ATAS DASAR HARGA BERLAKU DI PROPINSI SULAWESI TENGAH MENURUT KABUPATEN/KOTA, 2000 - 2003 (RUPIAH)","Per Capita GRDP at Current Prtce By Regencies/Municipalities, in Cential Sulawest, 2000 - 2003 (Rupiahs)",23,3,217ad0e5c11c
SULAWESI TENGAH,,Jml Kab./Kota. Total of Reg./Mun.,,2000,,"4.982.094,51",,"PDRB PER KAPITA ATAS DASAR HARGA BERLAKU DI PROPINSI SULAWESI TENGAH MENURUT KABUPATEN/KOTA, 2000 - 2003 (RUPIAH)","Per Capita GRDP at Current Prtce By Regencies/Municipalities, in Cential Sulawest, 2000 - 2003 (Rupiahs)",23,3,0a8b6bedd002
SULAWESI TENGAH,,Jml Kab./Kota. Total of Reg./Mun.,*',2000,,"4.982.094,51",,"PDRB PER KAPITA ATAS DASAR HARGA BERLAKU DI PROPINSI SULAWESI TENGAH MENURUT KABUPATEN/KOTA, 2000 - 2003 (RUPIAH)","Per Capita GRDP at Current Prtce By Regencies/Municipalities, in Cential Sulawest, 2000 - 2003 (Rupiahs)",23,3,0236e26bb33a
SULAWESI SELATAN,01,Selayar,,2000,,"2 651.179,36",,"PDRB PER KAPITA ATAS D/VSAR HARGA BERLAKU DI PROPINSI SULAWESI SELATAN MENURUT KABUPATEN/KOTA, 2000 - 2003 (RUPIAH)","Per Capita GRDP at Current Price By Regencies/Municipaiities, in South Sulawesi, 2000 - 2003 (Rupiahs)",24,4,1060ee0799e0
SULAWESI SELATAN,02,Bulukumba,,2000,,"2.766.029,16",,"PDRB PER KAPITA ATAS D/VSAR HARGA BERLAKU DI PROPINSI SULAWESI SELATAN MENURUT KABUPATEN/KOTA, 2000 - 2003 (RUPIAH)","Per Capita GRDP at Current Price By Regencies/Municipaiities, in South Sulawesi, 2000 - 2003 (Rupiahs)",24,4,b80af55ac29d
SULAWESI SELATAN,03,Bantaeng,,2000,,"2.511.937,16",,"PDRB PER KAPITA ATAS D/VSAR HARGA BERLAKU DI PROPINSI SULAWESI SELATAN MENURUT KABUPATEN/KOTA, 2000 - 2003 (RUPIAH)","Per Capita GRDP at Current Price By Regencies/Municipaiities, in South Sulawesi, 2000 - 2003 (Rupiahs)",24,4,9eca8f788481
SULAWESI SELATAN,04,Jeneponto,,2000,,"1.863.481,22",,"PDRB PER KAPITA ATAS D/VSAR HARGA BERLAKU DI PROPINSI SULAWESI SELATAN MENURUT KABUPATEN/KOTA, 2000 - 2003 (RUPIAH)","Per Capita GRDP at Current Price By Regencies/Municipaiities, in South Sulawesi, 2000 - 2003 (Rupiahs)",24,4,3416dec23b13
SULAWESI SELATAN,05,Takalar,,2000,,"2.359.098,43",,"PDRB PER KAPITA ATAS D/VSAR HARGA BERLAKU DI PROPINSI SULAWESI SELATAN MENURUT KABUPATEN/KOTA, 2000 - 2003 (RUPIAH)","Per Capita GRDP at Current Price By Regencies/Municipaiities, in South Sulawesi, 2000 - 2003 (Rupiahs)",24,4,83c55699ad88
SULAWESI SELATAN,06,Gowa,,2000,,"2.250.178,18",,"PDRB PER KAPITA ATAS D/VSAR HARGA BERLAKU DI PROPINSI SULAWESI SELATAN MENURUT KABUPATEN/KOTA, 2000 - 2003 (RUPIAH)","Per Capita GRDP at Current Price By Regencies/Municipaiities, in South Sulawesi, 2000 - 2003 (Rupiahs)",24,4,d63acbe3bdc1
SULAWESI SELATAN,07,Sinjai,,2000,,"2 603.480,83",,"PDRB PER KAPITA ATAS D/VSAR HARGA BERLAKU DI PROPINSI SULAWESI SELATAN MENURUT KABUPATEN/KOTA, 2000 - 2003 (RUPIAH)","Per Capita GRDP at Current Price By Regencies/Municipaiities, in South Sulawesi, 2000 - 2003 (Rupiahs)",24,4,87f5312e64a0
SULAWESI SELATAN,08,Maros,,2000,,"3.341.824,36",,"PDRB PER KAPITA ATAS D/VSAR HARGA BERLAKU DI PROPINSI SULAWESI SELATAN MENURUT KABUPATEN/KOTA, 2000 - 2003 (RUPIAH)","Per Capita GRDP at Current Price By Regencies/Municipaiities, in South Sulawesi, 2000 - 2003 (Rupiahs)",24,4,cbfb3ddcb14b
SULAWESI SELATAN,09,Pangkajene Kepulauan,,2000,,"4.637.974,68",,"PDRB PER KAPITA ATAS D/VSAR HARGA BERLAKU DI PROPINSI SULAWESI SELATAN MENURUT KABUPATEN/KOTA, 2000 - 2003 (RUPIAH)","Per Capita GRDP at Current Price By Regencies/Municipaiities, in South Sulawesi, 2000 - 2003 (Rupiahs)",24,4,8ff2ff8b58c3
SULAWESI SELATAN,10,Barru,,2000,,"2.489.256,42",,"PDRB PER KAPITA ATAS D/VSAR HARGA BERLAKU DI PROPINSI SULAWESI SELATAN MENURUT KABUPATEN/KOTA, 2000 - 2003 (RUPIAH)","Per Capita GRDP at Current Price By Regencies/Municipaiities, in South Sulawesi, 2000 - 2003 (Rupiahs)",24,4,ea0a1f734a20
SULAWESI SELATAN,11,Bone,,2000,,"3 073.662,99",,"PDRB PER KAPITA ATAS D/VSAR HARGA BERLAKU DI PROPINSI SULAWESI SELATAN MENURUT KABUPATEN/KOTA, 2000 - 2003 (RUPIAH)","Per Capita GRDP at Current Price By Regencies/Municipaiities, in South Sulawesi, 2000 - 2003 (Rupiahs)",24,4,c3c619a40a98
SULAWESI SELATAN,12,Soppeng,,2000,,"3.201.621,26",,"PDRB PER KAPITA ATAS D/VSAR HARGA BERLAKU DI PROPINSI SULAWESI SELATAN MENURUT KABUPATEN/KOTA, 2000 - 2003 (RUPIAH)","Per Capita GRDP at Current Price By Regencies/Municipaiities, in South Sulawesi, 2000 - 2003 (Rupiahs)",24,4,5f463b0a4f74
SULAWESI SELATAN,13,Wajo,,2000,,"4 045 157,14",,"PDRB PER KAPITA ATAS D/VSAR HARGA BERLAKU DI PROPINSI SULAWESI SELATAN MENURUT KABUPATEN/KOTA, 2000 - 2003 (RUPIAH)","Per Capita GRDP at Current Price By Regencies/Municipaiities, in South Sulawesi, 2000 - 2003 (Rupiahs)",24,4,d1438b483f94
SULAWESI SELATAN,,Wajo,*',2000,,"3 693 733,68",,"PDRB PER KAPITA ATAS D/VSAR HARGA BERLAKU DI PROPINSI SULAWESI SELATAN MENURUT KABUPATEN/KOTA, 2000 - 2003 (RUPIAH)","Per Capita GRDP at Current Price By Regencies/Municipaiities, in South Sulawesi, 2000 - 2003 (Rupiahs)",24,4,f58e11adb8be
SULAWESI SELATAN,14,Sidenreng Rappang,,2000,,"3 506.378,98",,"PDRB PER KAPITA ATAS D/VSAR HARGA BERLAKU DI PROPINSI SULAWESI SELATAN MENURUT KABUPATEN/KOTA, 2000 - 2003 (RUPIAH)","Per Capita GRDP at Current Price By Regencies/Municipaiities, in South Sulawesi, 2000 - 2003 (Rupiahs)",24,4,41240f657ddb
SULAWESI SELATAN,15,Pinrang,,2000,,"4.204.544,35",,"PDRB PER KAPITA ATAS D/VSAR HARGA BERLAKU DI PROPINSI SULAWESI SELATAN MENURUT KABUPATEN/KOTA, 2000 - 2003 (RUPIAH)","Per Capita GRDP at Current Price By Regencies/Municipaiities, in South Sulawesi, 2000 - 2003 (Rupiahs)",24,4,98784d02f9eb
SULAWESI SELATAN,16,Enrekang,,2000,,"2.372.283,53",,"PDRB PER KAPITA ATAS D/VSAR HARGA BERLAKU DI PROPINSI SULAWESI SELATAN MENURUT KABUPATEN/KOTA, 2000 - 2003 (RUPIAH)","Per Capita GRDP at Current Price By Regencies/Municipaiities, in South Sulawesi, 2000 - 2003 (Rupiahs)",24,4,dfaf08c48051
SULAWESI SELATAN,17,Luwu,,2000,,"1 786.924,75",,"PDRB PER KAPITA ATAS D/VSAR HARGA BERLAKU DI PROPINSI SULAWESI SELATAN MENURUT KABUPATEN/KOTA, 2000 - 2003 (RUPIAH)","Per Capita GRDP at Current Price By Regencies/Municipaiities, in South Sulawesi, 2000 - 2003 (Rupiahs)",24,4,df197c9f0ce2
SULAWESI SELATAN,73,Palopo,#),2000,,-,,"PDRB PER KAPITA ATAS D/VSAR HARGA BERLAKU DI PROPINSI SULAWESI SELATAN MENURUT KABUPATEN/KOTA, 2000 - 2003 (RUPIAH)","Per Capita GRDP at Current Price By Regencies/Municipaiities, in South Sulawesi, 2000 - 2003 (Rupiahs)",24,4,9ab655663898
SULAWESI SELATAN,18,Tana Toraja,,2000,,"2.047.143,8p2",,"PDRB PER KAPITA ATAS D/VSAR HARGA BERLAKU DI PROPINSI SULAWESI SELATAN MENURUT KABUPATEN/KOTA, 2000 - 2003 (RUPIAH)","Per Capita GRDP at Current Price By Regencies/Municipaiities, in South Sulawesi, 2000 - 2003 (Rupiahs)",24,4,46fe4efede45
SULAWESI SELATAN,19,Polewali Mamasa,,2000,,"3.285 52b6,57",,"PDRB PER KAPITA ATAS D/VSAR HARGA BERLAKU DI PROPINSI SULAWESI SELATAN MENURUT KABUPATEN/KOTA, 2000 - 2003 (RUPIAH)","Per Capita GRDP at Current Price By Regencies/Municipaiities, in South Sulawesi, 2000 - 2003 (Rupiahs)",24,4,e4de78b25f28
SULAWESI SELATAN,23,Mamasa,#),2000,,.,,"PDRB PER KAPITA ATAS D/VSAR HARGA BERLAKU DI PROPINSI SULAWESI SELATAN MENURUT KABUPATEN/KOTA, 2000 - 2003 (RUPIAH)","Per Capita GRDP at Current Price By Regencies/Municipaiities, in South Sulawesi, 2000 - 2003 (Rupiahs)",24,4,3a43b3843ba6
SULAWESI SELATAN,20,Majene,,2000,,"3 005 076,20",,"PDRB PER KAPITA ATAS D/VSAR HARGA BERLAKU DI PROPINSI SULAWESI SELATAN MENURUT KABUPATEN/KOTA, 2000 - 2003 (RUPIAH)","Per Capita GRDP at Current Price By Regencies/Municipaiities, in South Sulawesi, 2000 - 2003 (Rupiahs)",24,4,591d3d9b08e1
SULAWESI SELATAN,21,Mamuju,,2000,,"2 651 510,62",,"PDRB PER KAPITA ATAS D/VSAR HARGA BERLAKU DI PROPINSI SULAWESI SELATAN MENURUT KABUPATEN/KOTA, 2000 - 2003 (RUPIAH)","Per Capita GRDP at Current Price By Regencies/Municipaiities, in South Sulawesi, 2000 - 2003 (Rupiahs)",24,4,79a1a71fdb54
SULAWESI SELATAN,22,Luwu Utara,,2000,,"w7.776.247,27",,"PDRB PER KAPITA ATAS D/VSAR HARGA BERLAKU DI PROPINSI SULAWESI SELATAN MENURUT KABUPATEN/KOTA, 2000 - 2003 (RUPIAH)","Per Capita GRDP at Current Price By Regencies/Municipaiities, in South Sulawesi, 2000 - 2003 (Rupiahs)",24,4,f8309665995a
SULAWESI SELATAN,71,Makassar,,2000,,"/5.718.711,57",,"PDRB PER KAPITA ATAS D/VSAR HARGA BERLAKU DI PROPINSI SULAWESI SELATAN MENURUT KABUPATEN/KOTA, 2000 - 2003 (RUPIAH)","Per Capita GRDP at Current Price By Regencies/Municipaiities, in South Sulawesi, 2000 - 2003 (Rupiahs)",24,4,252081ae4ad6
SULAWESI SELATAN,72,Pare-Pare,,2000,,": 3 691.850,95",,"PDRB PER KAPITA ATAS D/VSAR HARGA BERLAKU DI PROPINSI SULAWESI SELATAN MENURUT KABUPATEN/KOTA, 2000 - 2003 (RUPIAH)","Per Capita GRDP at Current Price By Regencies/Municipaiities, in South Sulawesi, 2000 - 2003 (Rupiahs)",24,4,54d46a3e1dfc
SULAWESI SELATAN,,Jml Kab./Kota. Total of Reg./Mun.,,2000,,"3.542.541,08",,"PDRB PER KAPITA ATAS D/VSAR HARGA BERLAKU DI PROPINSI SULAWESI SELATAN MENURUT KABUPATEN/KOTA, 2000 - 2003 (RUPIAH)","Per Capita GRDP at Current Price By Regencies/Municipaiities, in South Sulawesi, 2000 - 2003 (Rupiahs)",24,4,c6311f836ba3
SULAWESI SELATAN,,Jml Kab./Kota. Total of Reg./Mun.,*',2000,,"3 526 647,11",,"PDRB PER KAPITA ATAS D/VSAR HARGA BERLAKU DI PROPINSI SULAWESI SELATAN MENURUT KABUPATEN/KOTA, 2000 - 2003 (RUPIAH)","Per Capita GRDP at Current Price By Regencies/Municipaiities, in South Sulawesi, 2000 - 2003 (Rupiahs)",24,4,d869faad574a
SULAWESI TENGGARA,01,Buton,,2000,,"2 527 154,62",,"PDRB PER KAPITA ATAS DASAR HARGA BERLAKU DI PROPINSI SULAWESI TENGGARA MENURUT KABUPATEN/KOTA, 2000 - 2003 (RUPIAH)","Per Capita GRDP at Current Pnce By Regencies/Muniapaiities, in South East Sulawesi, 2000 - 2003 (Rupiahs)",25,5,90029a9441df
SULAWESI TENGGARA,72,Bau-Bau,#),2000,,-,,"PDRB PER KAPITA ATAS DASAR HARGA BERLAKU DI PROPINSI SULAWESI TENGGARA MENURUT KABUPATEN/KOTA, 2000 - 2003 (RUPIAH)","Per Capita GRDP at Current Pnce By Regencies/Muniapaiities, in South East Sulawesi, 2000 - 2003 (Rupiahs)",25,5,f7e7b0953605
SULAWESI TENGGARA,02,Muna,,2000,,"2 760 277,93",,"PDRB PER KAPITA ATAS DASAR HARGA BERLAKU DI PROPINSI SULAWESI TENGGARA MENURUT KABUPATEN/KOTA, 2000 - 2003 (RUPIAH)","Per Capita GRDP at Current Pnce By Regencies/Muniapaiities, in South East Sulawesi, 2000 - 2003 (Rupiahs)",25,5,3c20e926a0ca
SULAWESI TENGGARA,03,Kendan,,2000,,"2.281.082,30",,"PDRB PER KAPITA ATAS DASAR HARGA BERLAKU DI PROPINSI SULAWESI TENGGARA MENURUT KABUPATEN/KOTA, 2000 - 2003 (RUPIAH)","Per Capita GRDP at Current Pnce By Regencies/Muniapaiities, in South East Sulawesi, 2000 - 2003 (Rupiahs)",25,5,ecb731d84f31
SULAWESI TENGGARA,04,Kolaka,,2000,,"5.256.932,25",,"PDRB PER KAPITA ATAS DASAR HARGA BERLAKU DI PROPINSI SULAWESI TENGGARA MENURUT KABUPATEN/KOTA, 2000 - 2003 (RUPIAH)","Per Capita GRDP at Current Pnce By Regencies/Muniapaiities, in South East Sulawesi, 2000 - 2003 (Rupiahs)",25,5,19f4a2302c40
SULAWESI TENGGARA,71,Kendari,,2000,,"4.174.794,18",,"PDRB PER KAPITA ATAS DASAR HARGA BERLAKU DI PROPINSI SULAWESI TENGGARA MENURUT KABUPATEN/KOTA, 2000 - 2003 (RUPIAH)","Per Capita GRDP at Current Pnce By Regencies/Muniapaiities, in South East Sulawesi, 2000 - 2003 (Rupiahs)",25,5,b21161351579
SULAWESI TENGGARA,,Jml Kab./Kota. Total of Reg./Mun.,,2000,,"3 233 813,95",,"PDRB PER KAPITA ATAS DASAR HARGA BERLAKU DI PROPINSI SULAWESI TENGGARA MENURUT KABUPATEN/KOTA, 2000 - 2003 (RUPIAH)","Per Capita GRDP at Current Pnce By Regencies/Muniapaiities, in South East Sulawesi, 2000 - 2003 (Rupiahs)",25,5,05423d508d34
SULAWESI TENGGARA,,Jml Kab./Kota. Total of Reg./Mun.,*',2000,,"3.233 813,95",,"PDRB PER KAPITA ATAS DASAR HARGA BERLAKU DI PROPINSI SULAWESI TENGGARA MENURUT KABUPATEN/KOTA, 2000 - 2003 (RUPIAH)","Per Capita GRDP at Current Pnce By Regencies/Muniapaiities, in South East Sulawesi, 2000 - 2003 (Rupiahs)",25,5,9809b6813fc0
BALI,01,Jembrana,,2000,,"4.846.235,67",,"PDRB PER KAPITA ATAS DASAR HARGA BERLAKU DI PROPINSI BALI MENURUT KABUPATEN/KOTA, 2000 - 2003 (RUPIAH)","Per Capita GRDP at Current Pnce By Regencies/Muntcipalities, in Ball, 2000 - 2003 (Ruptahs)",26,6,9f999343aaff
BALI,02,Tabanan,,2000,,"3.932.835,43",,"PDRB PER KAPITA ATAS DASAR HARGA BERLAKU DI PROPINSI BALI MENURUT KABUPATEN/KOTA, 2000 - 2003 (RUPIAH)","Per Capita GRDP at Current Pnce By Regencies/Muntcipalities, in Ball, 2000 - 2003 (Ruptahs)",26,6,6c6293071a1c
BALI,03,Badung,,2000,,"10.100.465,01",,"PDRB PER KAPITA ATAS DASAR HARGA BERLAKU DI PROPINSI BALI MENURUT KABUPATEN/KOTA, 2000 - 2003 (RUPIAH)","Per Capita GRDP at Current Pnce By Regencies/Muntcipalities, in Ball, 2000 - 2003 (Ruptahs)",26,6,ba0e00b2b97f
BALI,04,Gianyar,,2000,,"5.143.883,58",,"PDRB PER KAPITA ATAS DASAR HARGA BERLAKU DI PROPINSI BALI MENURUT KABUPATEN/KOTA, 2000 - 2003 (RUPIAH)","Per Capita GRDP at Current Pnce By Regencies/Muntcipalities, in Ball, 2000 - 2003 (Ruptahs)",26,6,60deef5b69b1
BALI,05,Klungkung,,2000,,"5.060 478,54",,"PDRB PER KAPITA ATAS DASAR HARGA BERLAKU DI PROPINSI BALI MENURUT KABUPATEN/KOTA, 2000 - 2003 (RUPIAH)","Per Capita GRDP at Current Pnce By Regencies/Muntcipalities, in Ball, 2000 - 2003 (Ruptahs)",26,6,dbb80d89d511
BALI,06,Bangli,,2000,,"3.773 642,96",,"PDRB PER KAPITA ATAS DASAR HARGA BERLAKU DI PROPINSI BALI MENURUT KABUPATEN/KOTA, 2000 - 2003 (RUPIAH)","Per Capita GRDP at Current Pnce By Regencies/Muntcipalities, in Ball, 2000 - 2003 (Ruptahs)",26,6,f179a079015c
BALI,07,Karangasem,,2000,,"3.113.092,32",,"PDRB PER KAPITA ATAS DASAR HARGA BERLAKU DI PROPINSI BALI MENURUT KABUPATEN/KOTA, 2000 - 2003 (RUPIAH)","Per Capita GRDP at Current Pnce By Regencies/Muntcipalities, in Ball, 2000 - 2003 (Ruptahs)",26,6,371f0e7aa7b6
BALI,08,Buleleng,,2000,,"3 635 575p,82",,"PDRB PER KAPITA ATAS DASAR HARGA BERLAKU DI PROPINSI BALI MENURUT KABUPATEN/KOTA, 2000 - 2003 (RUPIAH)","Per Capita GRDP at Current Pnce By Regencies/Muntcipalities, in Ball, 2000 - 2003 (Ruptahs)",26,6,75c7319764ed
BALI,71,Denpasar,,2000,,"6.w112.379,00",,"PDRB PER KAPITA ATAS DASAR HARGA BERLAKU DI PROPINSI BALI MENURUT KABUPATEN/KOTA, 2000 - 2003 (RUPIAH)","Per Capita GRDP at Current Pnce By Regencies/Muntcipalities, in Ball, 2000 - 2003 (Ruptahs)",26,6,15ed5d45e1a3
BALI,,Jml Kab./Kota. Total of Reg./Mun.,,2000,,"5 089.085,11",,"PDRB PER KAPITA ATAS DASAR HARGA BERLAKU DI PROPINSI BALI MENURUT KABUPATEN/KOTA, 2000 - 2003 (RUPIAH)","Per Capita GRDP at Current Pnce By Regencies/Muntcipalities, in Ball, 2000 - 2003 (Ruptahs)",26,6,b0a1d622353f
BALI,,Jml Kab./Kota. Total of Reg./Mun.,*',2000,,"5.089.085,11",,"PDRB PER KAPITA ATAS DASAR HARGA BERLAKU DI PROPINSI BALI MENURUT KABUPATEN/KOTA, 2000 - 2003 (RUPIAH)","Per Capita GRDP at Current Pnce By Regencies/Muntcipalities, in Ball, 2000 - 2003 (Ruptahs)",26,6,225a97c8c0ee
NUSA TENGGARA BARAT,01,Lombok Barat,,2000,,"2.270.499,87",,"PDRB PER KAPITA ATAS DASAR HARGA BERLAKU DI PROPINSI NUSA TENGGARA BARAT MENURUT KABUPATEN/KOTA, 2000 - 2003 (RUPIAH)","Per Capita GRDP at Current Pnce By Regencies/Muniapaltties, tn West Nusa Tenggara, 2000 - 2003 (Rupiahs)",27,7,e266b5fba1cc
NUSA TENGGARA BARAT,02,Lombok Tengah,,2000,,"1.755 669,27",,"PDRB PER KAPITA ATAS DASAR HARGA BERLAKU DI PROPINSI NUSA TENGGARA BARAT MENURUT KABUPATEN/KOTA, 2000 - 2003 (RUPIAH)","Per Capita GRDP at Current Pnce By Regencies/Muniapaltties, tn West Nusa Tenggara, 2000 - 2003 (Rupiahs)",27,7,40e274cbf3bb
NUSA TENGGARA BARAT,03,Lombok Timur,,2000,,"1.913 356,16",,"PDRB PER KAPITA ATAS DASAR HARGA BERLAKU DI PROPINSI NUSA TENGGARA BARAT MENURUT KABUPATEN/KOTA, 2000 - 2003 (RUPIAH)","Per Capita GRDP at Current Pnce By Regencies/Muniapaltties, tn West Nusa Tenggara, 2000 - 2003 (Rupiahs)",27,7,99ceaba1b5db
NUSA TENGGARA BARAT,04,Sumbawa,,2000,,"9 053.851,32",,"PDRB PER KAPITA ATAS DASAR HARGA BERLAKU DI PROPINSI NUSA TENGGARA BARAT MENURUT KABUPATEN/KOTA, 2000 - 2003 (RUPIAH)","Per Capita GRDP at Current Pnce By Regencies/Muniapaltties, tn West Nusa Tenggara, 2000 - 2003 (Rupiahs)",27,7,84e69cc71d28
NUSA TENGGARA BARAT,05,Dompu,,2000,,"3.331.839,48",,"PDRB PER KAPITA ATAS DASAR HARGA BERLAKU DI PROPINSI NUSA TENGGARA BARAT MENURUT KABUPATEN/KOTA, 2000 - 2003 (RUPIAH)","Per Capita GRDP at Current Pnce By Regencies/Muniapaltties, tn West Nusa Tenggara, 2000 - 2003 (Rupiahs)",27,7,be595d03187e
NUSA TENGGARA BARAT,06,Bima,,2000,,"2.445.308,83",,"PDRB PER KAPITA ATAS DASAR HARGA BERLAKU DI PROPINSI NUSA TENGGARA BARAT MENURUT KABUPATEN/KOTA, 2000 - 2003 (RUPIAH)","Per Capita GRDP at Current Pnce By Regencies/Muniapaltties, tn West Nusa Tenggara, 2000 - 2003 (Rupiahs)",27,7,83c0fe3c48a7
NUSA TENGGARA BARAT,72,Kota Bima,#),2000,,*,,"PDRB PER KAPITA ATAS DASAR HARGA BERLAKU DI PROPINSI NUSA TENGGARA BARAT MENURUT KABUPATEN/KOTA, 2000 - 2003 (RUPIAH)","Per Capita GRDP at Current Pnce By Regencies/Muniapaltties, tn West Nusa Tenggara, 2000 - 2003 (Rupiahs)",27,7,6bf1b9067869
NUSA TENGGARA BARAT,71,Mataram,,2000,,"3.069.526,22",,"PDRB PER KAPITA ATAS DASAR HARGA BERLAKU DI PROPINSI NUSA TENGGARA BARAT MENURUT KABUPATEN/KOTA, 2000 - 2003 (RUPIAH)","Per Capita GRDP at Current Pnce By Regencies/Muniapaltties, tn West Nusa Tenggara, 2000 - 2003 (Rupiahs)",27,7,7b2186d17ba6
NUSA TENGGARA BARAT,,Jml Kab./Kota. Total of Reg /Mun.,,2000,,"3.005 267,86",,"PDRB PER KAPITA ATAS DASAR HARGA BERLAKU DI PROPINSI NUSA TENGGARA BARAT MENURUT KABUPATEN/KOTA, 2000 - 2003 (RUPIAH)","Per Capita GRDP at Current Pnce By Regencies/Muniapaltties, tn West Nusa Tenggara, 2000 - 2003 (Rupiahs)",27,7,dda6bc430bb4
NUSA TENGGARA BARAT,,Jml Kab./Kota. Total of Reg./Mun.,*',2000,,"3.005.267,86",,"PDRB PER KAPITA ATAS DASAR HARGA BERLAKU DI PROPINSI NUSA TENGGARA BARAT MENURUT KABUPATEN/KOTA, 2000 - 2003 (RUPIAH)","Per Capita GRDP at Current Pnce By Regencies/Muniapaltties, tn West Nusa Tenggara, 2000 - 2003 (Rupiahs)",27,7,2f65cedf9819
NUSA TENGGARA TIMUR,01,Sumba Barat,,2000,,"1.078.527,06",,"PDRB PER KAPITA ATAS DASAR HARGA BERLAKU DI PROPINSI NUSA TENGGARA TIMUR MENURUT KABUPATEN/KOTA, 2000 - 2003 (RUPIAH)","Per Capita GRDP at Current Price By Regencies/Munidpalities, in East Nusa Tenggara, 2000 - 2003 (Rupiahs)",28,8,652bdaa12891
NUSA TENGGARA TIMUR,02,Sumba Timur,,2000,,"1.800.274,07",,"PDRB PER KAPITA ATAS DASAR HARGA BERLAKU DI PROPINSI NUSA TENGGARA TIMUR MENURUT KABUPATEN/KOTA, 2000 - 2003 (RUPIAH)","Per Capita GRDP at Current Price By Regencies/Munidpalities, in East Nusa Tenggara, 2000 - 2003 (Rupiahs)",28,8,85335e51a3f0
NUSA TENGGARA TIMUR,03,Kupang,,2000,,"1.590.766,70",,"PDRB PER KAPITA ATAS DASAR HARGA BERLAKU DI PROPINSI NUSA TENGGARA TIMUR MENURUT KABUPATEN/KOTA, 2000 - 2003 (RUPIAH)","Per Capita GRDP at Current Price By Regencies/Munidpalities, in East Nusa Tenggara, 2000 - 2003 (Rupiahs)",28,8,5275227c944d
NUSA TENGGARA TIMUR,14,Rote Ndao,#),2000,,,,"PDRB PER KAPITA ATAS DASAR HARGA BERLAKU DI PROPINSI NUSA TENGGARA TIMUR MENURUT KABUPATEN/KOTA, 2000 - 2003 (RUPIAH)","Per Capita GRDP at Current Price By Regencies/Munidpalities, in East Nusa Tenggara, 2000 - 2003 (Rupiahs)",28,8,3076738cee91
NUSA TENGGARA TIMUR,04,Timor Tengah Selatan,,2000,,"1.200.102,11",,"PDRB PER KAPITA ATAS DASAR HARGA BERLAKU DI PROPINSI NUSA TENGGARA TIMUR MENURUT KABUPATEN/KOTA, 2000 - 2003 (RUPIAH)","Per Capita GRDP at Current Price By Regencies/Munidpalities, in East Nusa Tenggara, 2000 - 2003 (Rupiahs)",28,8,b153b4205898
NUSA TENGGARA TIMUR,05,Timor Tengah Utara,,2000,,"1.308.034,46",,"PDRB PER KAPITA ATAS DASAR HARGA BERLAKU DI PROPINSI NUSA TENGGARA TIMUR MENURUT KABUPATEN/KOTA, 2000 - 2003 (RUPIAH)","Per Capita GRDP at Current Price By Regencies/Munidpalities, in East Nusa Tenggara, 2000 - 2003 (Rupiahs)",28,8,4200d8557d7f
NUSA TENGGARA TIMUR,06,Belu,,2000,,"1.408.847,94",,"PDRB PER KAPITA ATAS DASAR HARGA BERLAKU DI PROPINSI NUSA TENGGARA TIMUR MENURUT KABUPATEN/KOTA, 2000 - 2003 (RUPIAH)","Per Capita GRDP at Current Price By Regencies/Munidpalities, in East Nusa Tenggara, 2000 - 2003 (Rupiahs)",28,8,c766d39eb7a1
NUSA TENGGARA TIMUR,07,Alor,,2000,,"1.443 624,21",,"PDRB PER KAPITA ATAS DASAR HARGA BERLAKU DI PROPINSI NUSA TENGGARA TIMUR MENURUT KABUPATEN/KOTA, 2000 - 2003 (RUPIAH)","Per Capita GRDP at Current Price By Regencies/Munidpalities, in East Nusa Tenggara, 2000 - 2003 (Rupiahs)",28,8,b1532f94a313
NUSA TENGGARA TIMUR,08,Lembata,,2000,,"1.041 817,52",,"PDRB PER KAPITA ATAS DASAR HARGA BERLAKU DI PROPINSI NUSA TENGGARA TIMUR MENURUT KABUPATEN/KOTA, 2000 - 2003 (RUPIAH)","Per Capita GRDP at Current Price By Regencies/Munidpalities, in East Nusa Tenggara, 2000 - 2003 (Rupiahs)",28,8,f72b7b78e8a5
NUSA TENGGARA TIMUR,09,Flores Timur,,2000,,"1 609.270,32",,"PDRB PER KAPITA ATAS DASAR HARGA BERLAKU DI PROPINSI NUSA TENGGARA TIMUR MENURUT KABUPATEN/KOTA, 2000 - 2003 (RUPIAH)","Per Capita GRDP at Current Price By Regencies/Munidpalities, in East Nusa Tenggara, 2000 - 2003 (Rupiahs)",28,8,34bf81d8f34b
NUSA TENGGARA TIMUR,10,Sikka,,2000,,"1.508 652,2p0",,"PDRB PER KAPITA ATAS DASAR HARGA BERLAKU DI PROPINSI NUSA TENGGARA TIMUR MENURUT KABUPATEN/KOTA, 2000 - 2003 (RUPIAH)","Per Capita GRDP at Current Price By Regencies/Munidpalities, in East Nusa Tenggara, 2000 - 2003 (Rupiahs)",28,8,27078db96940
NUSA TENGGARA TIMUR,11,Ende,,2000,,"1 6w67 3.91,31",,"PDRB PER KAPITA ATAS DASAR HARGA BERLAKU DI PROPINSI NUSA TENGGARA TIMUR MENURUT KABUPATEN/KOTA, 2000 - 2003 (RUPIAH)","Per Capita GRDP at Current Price By Regencies/Munidpalities, in East Nusa Tenggara, 2000 - 2003 (Rupiahs)",28,8,5bf0e04b4f8d
NUSA TENGGARA TIMUR,12,Ngada,,2000,,"1.596 788,07",,"PDRB PER KAPITA ATAS DASAR HARGA BERLAKU DI PROPINSI NUSA TENGGARA TIMUR MENURUT KABUPATEN/KOTA, 2000 - 2003 (RUPIAH)","Per Capita GRDP at Current Price By Regencies/Munidpalities, in East Nusa Tenggara, 2000 - 2003 (Rupiahs)",28,8,e593699b2275
NUSA TENGGARA TIMUR,13,Manggarai,,2000,,"/1.223.977,21",,"PDRB PER KAPITA ATAS DASAR HARGA BERLAKU DI PROPINSI NUSA TENGGARA TIMUR MENURUT KABUPATEN/KOTA, 2000 - 2003 (RUPIAH)","Per Capita GRDP at Current Price By Regencies/Munidpalities, in East Nusa Tenggara, 2000 - 2003 (Rupiahs)",28,8,fd17b48a52b9
NUSA TENGGARA TIMUR,71,Kupang,,2000,,"4.692.039,17",,"PDRB PER KAPITA ATAS DASAR HARGA BERLAKU DI PROPINSI NUSA TENGGARA TIMUR MENURUT KABUPATEN/KOTA, 2000 - 2003 (RUPIAH)","Per Capita GRDP at Current Price By Regencies/Munidpalities, in East Nusa Tenggara, 2000 - 2003 (Rupiahs)",28,8,bf2465209dd2
NUSA TENGGARA TIMUR,,Jml Kab./Kota. Total of Reg./Mtun.,,2000,,"1.598.231,27",,"PDRB PER KAPITA ATAS DASAR HARGA BERLAKU DI PROPINSI NUSA TENGGARA TIMUR MENURUT KABUPATEN/KOTA, 2000 - 2003 (RUPIAH)","Per Capita GRDP at Current Price By Regencies/Munidpalities, in East Nusa Tenggara, 2000 - 2003 (Rupiahs)",28,8,963eacb0a7b3
NUSA TENGGARA TIMUR,,Jml Kab./Kota. Total of Reg./Mun.,*',2000,,"1.598.231,27",,"PDRB PER KAPITA ATAS DASAR HARGA BERLAKU DI PROPINSI NUSA TENGGARA TIMUR MENURUT KABUPATEN/KOTA, 2000 - 2003 (RUPIAH)","Per Capita GRDP at Current Price By Regencies/Munidpalities, in East Nusa Tenggara, 2000 - 2003 (Rupiahs)",28,8,3a75990d65ee
MALUKU,01,Maluku Tenggara Barat,,2000,,"2.127.295,13",,"PDRB PER KAPITA ATAS DASAR HARGA BERLAKU DI PROPINSI MALUKU MENURUT KABUPATEN/KOTA, 2000 - 2003 (RUPIAH)","Per Capita GRDP at Current Prtce By Regencies/Muntcipalities, m Maluku, 2000 • 2003 (Rupiahs)",29,9,c02ca82c1234
MALUKU,02,Maluku Tenggara,,2000,,"1.895.548,08",,"PDRB PER KAPITA ATAS DASAR HARGA BERLAKU DI PROPINSI MALUKU MENURUT KABUPATEN/KOTA, 2000 - 2003 (RUPIAH)","Per Capita GRDP at Current Prtce By Regencies/Muntcipalities, m Maluku, 2000 • 2003 (Rupiahs)",29,9,868a4643e1ee
MALUKU,03,Maluku Tengah,,2000,,"1.387.754,84",,"PDRB PER KAPITA ATAS DASAR HARGA BERLAKU DI PROPINSI MALUKU MENURUT KABUPATEN/KOTA, 2000 - 2003 (RUPIAH)","Per Capita GRDP at Current Prtce By Regencies/Muntcipalities, m Maluku, 2000 • 2003 (Rupiahs)",29,9,f1b295690a15
MALUKU,,Maluku Tengah,*',2000,,"1.363.911,61",,"PDRB PER KAPITA ATAS DASAR HARGA BERLAKU DI PROPINSI MALUKU MENURUT KABUPATEN/KOTA, 2000 - 2003 (RUPIAH)","Per Capita GRDP at Current Prtce By Regencies/Muntcipalities, m Maluku, 2000 • 2003 (Rupiahs)",29,9,b974b42de3b1
MALUKU,04,Buru,,2000,,"1.676.965,05",,"PDRB PER KAPITA ATAS DASAR HARGA BERLAKU DI PROPINSI MALUKU MENURUT KABUPATEN/KOTA, 2000 - 2003 (RUPIAH)","Per Capita GRDP at Current Prtce By Regencies/Muntcipalities, m Maluku, 2000 • 2003 (Rupiahs)",29,9,d6ab225d23f7
MALUKU,71,/Vmbon,,2000,,"5.360.621,21",,"PDRB PER KAPITA ATAS DASAR HARGA BERLAKU DI PROPINSI MALUKU MENURUT KABUPATEN/KOTA, 2000 - 2003 (RUPIAH)","Per Capita GRDP at Current Prtce By Regencies/Muntcipalities, m Maluku, 2000 • 2003 (Rupiahs)",29,9,33f206e9e469
MALUKU,,Jml Kab./Kota. Total of Reg./Mun.,,2000,,"2.274.519,29",,"PDRB PER KAPITA ATAS DASAR HARGA BERLAKU DI PROPINSI MALUKU MENURUT KABUPATEN/KOTA, 2000 - 2003 (RUPIAH)","Per Capita GRDP at Current Prtce By Regencies/Muntcipalities, m Maluku, 2000 • 2003 (Rupiahs)",29,9,44835a79e36a
MALUKU,,"Jml Kab./Kota. Total of Reg./Mun.""","""",2000,,"2.264.068,22",,"PDRB PER KAPITA ATAS DASAR HARGA BERLAKU DI PROPINSI MALUKU MENURUT KABUPATEN/KOTA, 2000 - 2003 (RUPIAH)","Per Capita GRDP at Current Prtce By Regencies/Muntcipalities, m Maluku, 2000 • 2003 (Rupiahs)",29,9,785e23a3a73b
MALUKU UTARA,01,Maluku Utara,,2000,,"2.097.304,09",,"PDRB PER KAPITA ATAS DASAR HARGA BERLAKU DI PROPINSI MALUKU UTARA MENURUT KABUPATEN/KOTA, 2000 - 2003 (RUPIAH)","Per Capita GRDP at Current Pnce By Regencies/Municipalities, in North Maluku, 2000 - 2003 (Rupiahs)",30,10,232f409cdecd
MALUKU UTARA,02,Halmahera Tengah,,2000,,"3.198.987,26",,"PDRB PER KAPITA ATAS DASAR HARGA BERLAKU DI PROPINSI MALUKU UTARA MENURUT KABUPATEN/KOTA, 2000 - 2003 (RUPIAH)","Per Capita GRDP at Current Pnce By Regencies/Municipalities, in North Maluku, 2000 - 2003 (Rupiahs)",30,10,5cd7c983f160
MALUKU UTARA,71,Temate,,2000,,"2 081.085,21",,"PDRB PER KAPITA ATAS DASAR HARGA BERLAKU DI PROPINSI MALUKU UTARA MENURUT KABUPATEN/KOTA, 2000 - 2003 (RUPIAH)","Per Capita GRDP at Current Pnce By Regencies/Municipalities, in North Maluku, 2000 - 2003 (Rupiahs)",30,10,2a85e80542ba
MALUKU UTARA,,Jml Kab./Kota. Total of Reg /Mun.,,2000,,"2 290 463,54",,"PDRB PER KAPITA ATAS DASAR HARGA BERLAKU DI PROPINSI MALUKU UTARA MENURUT KABUPATEN/KOTA, 2000 - 2003 (RUPIAH)","Per Capita GRDP at Current Pnce By Regencies/Municipalities, in North Maluku, 2000 - 2003 (Rupiahs)",30,10,93f8ce4f994b
MALUKU UTARA,,Jml Kab /Kota. Totai of Reg./Mun.,*',2000,,"2.290 463,54",,"PDRB PER KAPITA ATAS DASAR HARGA BERLAKU DI PROPINSI MALUKU UTARA MENURUT KABUPATEN/KOTA, 2000 - 2003 (RUPIAH)","Per Capita GRDP at Current Pnce By Regencies/Municipalities, in North Maluku, 2000 - 2003 (Rupiahs)",30,10,8368bcd9d7f4
SULAWESI UTARA,01,Bolaang Mongondow,,2001,,"3.381.661,58",,"PDRB PER KAPITA ATAS DASAR HARGA BERLAKU DI PROPINSI SULAWESI UTARA MENURUT KABUPATEN/KOTA, 2000 - 2003 (RUPIAH)","Per Capita GRDP at Current Pnce By Regencies/Municipalities, in North Sulawesi, 2000 - 2003 (Rupiahs)",21,1,a0f6a88ee9fe
SULAWESI UTARA,02,Minahasa,,2001,,"4.547.026,45",,"PDRB PER KAPITA ATAS DASAR HARGA BERLAKU DI PROPINSI SULAWESI UTARA MENURUT KABUPATEN/KOTA, 2000 - 2003 (RUPIAH)","Per Capita GRDP at Current Pnce By Regencies/Municipalities, in North Sulawesi, 2000 - 2003 (Rupiahs)",21,1,9d862fb041bb
SULAWESI UTARA,05,Minahasa Selatan,#),2001,,,,"PDRB PER KAPITA ATAS DASAR HARGA BERLAKU DI PROPINSI SULAWESI UTARA MENURUT KABUPATEN/KOTA, 2000 - 2003 (RUPIAH)","Per Capita GRDP at Current Pnce By Regencies/Municipalities, in North Sulawesi, 2000 - 2003 (Rupiahs)",21,1,56b873a747ef
SULAWESI UTARA,73,Tomohon,#),2001,,,,"PDRB PER KAPITA ATAS DASAR HARGA BERLAKU DI PROPINSI SULAWESI UTARA MENURUT KABUPATEN/KOTA, 2000 - 2003 (RUPIAH)","Per Capita GRDP at Current Pnce By Regencies/Municipalities, in North Sulawesi, 2000 - 2003 (Rupiahs)",21,1,a07d5c7bd508
SULAWESI UTARA,03,Sangihe Talaud,,2001,,"3.463.335,58",,"PDRB PER KAPITA ATAS DASAR HARGA BERLAKU DI PROPINSI SULAWESI UTARA MENURUT KABUPATEN/KOTA, 2000 - 2003 (RUPIAH)","Per Capita GRDP at Current Pnce By Regencies/Municipalities, in North Sulawesi, 2000 - 2003 (Rupiahs)",21,1,840a9db7d2f4
SULAWESI UTARA,04,Kepulauan Talaud,#),2001,,,,"PDRB PER KAPITA ATAS DASAR HARGA BERLAKU DI PROPINSI SULAWESI UTARA MENURUT KABUPATEN/KOTA, 2000 - 2003 (RUPIAH)","Per Capita GRDP at Current Pnce By Regencies/Municipalities, in North Sulawesi, 2000 - 2003 (Rupiahs)",21,1,053de3630b07
SULAWESI UTARA,71,Manado,,2001,,"5.762 910,53",,"PDRB PER KAPITA ATAS DASAR HARGA BERLAKU DI PROPINSI SULAWESI UTARA MENURUT KABUPATEN/KOTA, 2000 - 2003 (RUPIAH)","Per Capita GRDP at Current Pnce By Regencies/Municipalities, in North Sulawesi, 2000 - 2003 (Rupiahs)",21,1,e86393aa3274
SULAWESI UTARA,72,Bitung,,2001,,"7.024 015,07",,"PDRB PER KAPITA ATAS DASAR HARGA BERLAKU DI PROPINSI SULAWESI UTARA MENURUT KABUPATEN/KOTA, 2000 - 2003 (RUPIAH)","Per Capita GRDP at Current Pnce By Regencies/Municipalities, in North Sulawesi, 2000 - 2003 (Rupiahs)",21,1,1973e3fd5a01
SULAWESI UTARA,,Jml Kab./Kota. Total of Reg./Mun.,,2001,,"4 582 765,44",,"PDRB PER KAPITA ATAS DASAR HARGA BERLAKU DI PROPINSI SULAWESI UTARA MENURUT KABUPATEN/KOTA, 2000 - 2003 (RUPIAH)","Per Capita GRDP at Current Pnce By Regencies/Municipalities, in North Sulawesi, 2000 - 2003 (Rupiahs)",21,1,424d8d9421ed
SULAWESI UTARA,,Jml Kab./Kota. Total of Reg./Mun.,*',2001,,"4 582.765,44",,"PDRB PER KAPITA ATAS DASAR HARGA BERLAKU DI PROPINSI SULAWESI UTARA MENURUT KABUPATEN/KOTA, 2000 - 2003 (RUPIAH)","Per Capita GRDP at Current Pnce By Regencies/Municipalities, in North Sulawesi, 2000 - 2003 (Rupiahs)",21,1,31996f081a31
GORONTALO,01,Boalemo,,2001,,"2.874.193,70",,"PDRB PER KAPITA ATAS DASAR HARGA BERLAKU DI PROPINSI GORONTALO MENURUT KABUPATEN/KOTA, 2000 - 2003 (RUPIAH)","Per Capita GRDP at Current Price By Regendes/MunidpaliOes, in Gorontalo, 2000 • 2003 (Rupiahs)",22,2,20b8ec1f8ed9
GORONTALO,03,Pohuwato,#),2001,,,,"PDRB PER KAPITA ATAS DASAR HARGA BERLAKU DI PROPINSI GORONTALO MENURUT KABUPATEN/KOTA, 2000 - 2003 (RUPIAH)","Per Capita GRDP at Current Price By Regendes/MunidpaliOes, in Gorontalo, 2000 • 2003 (Rupiahs)",22,2,dbb281fc7c4e
GORONTALO,02,Gorontalo,,2001,,"1.896.182,37",,"PDRB PER KAPITA ATAS DASAR HARGA BERLAKU DI PROPINSI GORONTALO MENURUT KABUPATEN/KOTA, 2000 - 2003 (RUPIAH)","Per Capita GRDP at Current Price By Regendes/MunidpaliOes, in Gorontalo, 2000 • 2003 (Rupiahs)",22,2,aa1907edfc41
GORONTALO,04,Bone Bolango,#),2001,,,,"PDRB PER KAPITA ATAS DASAR HARGA BERLAKU DI PROPINSI GORONTALO MENURUT KABUPATEN/KOTA, 2000 - 2003 (RUPIAH)","Per Capita GRDP at Current Price By Regendes/MunidpaliOes, in Gorontalo, 2000 • 2003 (Rupiahs)",22,2,8fb279799989
GORONTALO,71,Gorontalo,,2001,,"2.624.055,86",,"PDRB PER KAPITA ATAS DASAR HARGA BERLAKU DI PROPINSI GORONTALO MENURUT KABUPATEN/KOTA, 2000 - 2003 (RUPIAH)","Per Capita GRDP at Current Price By Regendes/MunidpaliOes, in Gorontalo, 2000 • 2003 (Rupiahs)",22,2,80269f2b92d4
GORONTALO,,Jml Kab./Kota. Total of Reg /Mun.,,2001,,"2 234 756,67",,"PDRB PER KAPITA ATAS DASAR HARGA BERLAKU DI PROPINSI GORONTALO MENURUT KABUPATEN/KOTA, 2000 - 2003 (RUPIAH)","Per Capita GRDP at Current Price By Regendes/MunidpaliOes, in Gorontalo, 2000 • 2003 (Rupiahs)",22,2,b151383f1eed
GORONTALO,,Jml Kab./Kota Total of Reg /Mun.,*',2001,,"2 234 756,67",,"PDRB PER KAPITA ATAS DASAR HARGA BERLAKU DI PROPINSI GORONTALO MENURUT KABUPATEN/KOTA, 2000 - 2003 (RUPIAH)","Per Capita GRDP at Current Price By Regendes/MunidpaliOes, in Gorontalo, 2000 • 2003 (Rupiahs)",22,2,f6a78f286b27
SULAWESI TENGAH,01,Banggai Kepulauan,,2001,,"2.879.986,22",,"PDRB PER KAPITA ATAS DASAR HARGA BERLAKU DI PROPINSI SULAWESI TENGAH MENURUT KABUPATEN/KOTA, 2000 - 2003 (RUPIAH)","Per Capita GRDP at Current Prtce By Regencies/Municipalities, in Cential Sulawest, 2000 - 2003 (Rupiahs)",23,3,9cb1560c2d47
SULAWESI TENGAH,02,Banggai,,2001,,"3 929.943,10",,"PDRB PER KAPITA ATAS DASAR HARGA BERLAKU DI PROPINSI SULAWESI TENGAH MENURUT KABUPATEN/KOTA, 2000 - 2003 (RUPIAH)","Per Capita GRDP at Current Prtce By Regencies/Municipalities, in Cential Sulawest, 2000 - 2003 (Rupiahs)",23,3,3e96d972e6ce
SULAWESI TENGAH,03,Morowali,,2001,,"5.144.527,15",,"PDRB PER KAPITA ATAS DASAR HARGA BERLAKU DI PROPINSI SULAWESI TENGAH MENURUT KABUPATEN/KOTA, 2000 - 2003 (RUPIAH)","Per Capita GRDP at Current Prtce By Regencies/Municipalities, in Cential Sulawest, 2000 - 2003 (Rupiahs)",23,3,2722f846143d
SULAWESI TENGAH,04,Poso,,2001,,"4.363.180,41",,"PDRB PER KAPITA ATAS DASAR HARGA BERLAKU DI PROPINSI SULAWESI TENGAH MENURUT KABUPATEN/KOTA, 2000 - 2003 (RUPIAH)","Per Capita GRDP at Current Prtce By Regencies/Municipalities, in Cential Sulawest, 2000 - 2003 (Rupiahs)",23,3,56cde9d3cd25
SULAWESI TENGAH,05,Donggala,,2001,,"4.862 513,12",,"PDRB PER KAPITA ATAS DASAR HARGA BERLAKU DI PROPINSI SULAWESI TENGAH MENURUT KABUPATEN/KOTA, 2000 - 2003 (RUPIAH)","Per Capita GRDP at Current Prtce By Regencies/Municipalities, in Cential Sulawest, 2000 - 2003 (Rupiahs)",23,3,351ac44bcebf
SULAWESI TENGAH,08,Parigi Moutung,#),2001,,,,"PDRB PER KAPITA ATAS DASAR HARGA BERLAKU DI PROPINSI SULAWESI TENGAH MENURUT KABUPATEN/KOTA, 2000 - 2003 (RUPIAH)","Per Capita GRDP at Current Prtce By Regencies/Municipalities, in Cential Sulawest, 2000 - 2003 (Rupiahs)",23,3,a428e6bc9b7b
SULAWESI TENGAH,06,Toll Toh,,2001,,"4 202 194,48",,"PDRB PER KAPITA ATAS DASAR HARGA BERLAKU DI PROPINSI SULAWESI TENGAH MENURUT KABUPATEN/KOTA, 2000 - 2003 (RUPIAH)","Per Capita GRDP at Current Prtce By Regencies/Municipalities, in Cential Sulawest, 2000 - 2003 (Rupiahs)",23,3,06403c0487da
SULAWESI TENGAH,07,Buol,,2001,,"3.758.281,52",,"PDRB PER KAPITA ATAS DASAR HARGA BERLAKU DI PROPINSI SULAWESI TENGAH MENURUT KABUPATEN/KOTA, 2000 - 2003 (RUPIAH)","Per Capita GRDP at Current Prtce By Regencies/Municipalities, in Cential Sulawest, 2000 - 2003 (Rupiahs)",23,3,235da1b6c352
SULAWESI TENGAH,71,Palu,,2001,,"5 388 946,74.",,"PDRB PER KAPITA ATAS DASAR HARGA BERLAKU DI PROPINSI SULAWESI TENGAH MENURUT KABUPATEN/KOTA, 2000 - 2003 (RUPIAH)","Per Capita GRDP at Current Prtce By Regencies/Municipalities, in Cential Sulawest, 2000 - 2003 (Rupiahs)",23,3,941a682ecfc8
SULAWESI TENGAH,,Jml Kab./Kota. Total of Reg./Mun.,,2001,,"5 654 6g75,68",,"PDRB PER KAPITA ATAS DASAR HARGA BERLAKU DI PROPINSI SULAWESI TENGAH MENURUT KABUPATEN/KOTA, 2000 - 2003 (RUPIAH)","Per Capita GRDP at Current Prtce By Regencies/Municipalities, in Cential Sulawest, 2000 - 2003 (Rupiahs)",23,3,360c4ad475db
SULAWESI TENGAH,,Jml Kab./Kota. Total of Reg./Mun.,*',2001,,"5.654..675,68",,"PDRB PER KAPITA ATAS DASAR HARGA BERLAKU DI PROPINSI SULAWESI TENGAH MENURUT KABUPATEN/KOTA, 2000 - 2003 (RUPIAH)","Per Capita GRDP at Current Prtce By Regencies/Municipalities, in Cential Sulawest, 2000 - 2003 (Rupiahs)",23,3,056b6ee367f9
SULAWESI SELATAN,01,Selayar,,2001,,"3 025 526,12",,"PDRB PER KAPITA ATAS D/VSAR HARGA BERLAKU DI PROPINSI SULAWESI SELATAN MENURUT KABUPATEN/KOTA, 2000 - 2003 (RUPIAH)","Per Capita GRDP at Current Price By Regencies/Municipaiities, in South Sulawesi, 2000 - 2003 (Rupiahs)",24,4,e0ba72a3e820
SULAWESI SELATAN,02,Bulukumba,,2001,,"3.058.907,46",,"PDRB PER KAPITA ATAS D/VSAR HARGA BERLAKU DI PROPINSI SULAWESI SELATAN MENURUT KABUPATEN/KOTA, 2000 - 2003 (RUPIAH)","Per Capita GRDP at Current Price By Regencies/Municipaiities, in South Sulawesi, 2000 - 2003 (Rupiahs)",24,4,a15a233e74fd
SULAWESI SELATAN,03,Bantaeng,,2001,,"2.826.320,63",,"PDRB PER KAPITA ATAS D/VSAR HARGA BERLAKU DI PROPINSI SULAWESI SELATAN MENURUT KABUPATEN/KOTA, 2000 - 2003 (RUPIAH)","Per Capita GRDP at Current Price By Regencies/Municipaiities, in South Sulawesi, 2000 - 2003 (Rupiahs)",24,4,e159eb5935ae
SULAWESI SELATAN,04,Jeneponto,,2001,,"2 109 142,81",,"PDRB PER KAPITA ATAS D/VSAR HARGA BERLAKU DI PROPINSI SULAWESI SELATAN MENURUT KABUPATEN/KOTA, 2000 - 2003 (RUPIAH)","Per Capita GRDP at Current Price By Regencies/Municipaiities, in South Sulawesi, 2000 - 2003 (Rupiahs)",24,4,a6c231209e12
SULAWESI SELATAN,05,Takalar,,2001,,"2.652.762,24",,"PDRB PER KAPITA ATAS D/VSAR HARGA BERLAKU DI PROPINSI SULAWESI SELATAN MENURUT KABUPATEN/KOTA, 2000 - 2003 (RUPIAH)","Per Capita GRDP at Current Price By Regencies/Municipaiities, in South Sulawesi, 2000 - 2003 (Rupiahs)",24,4,5db0e904e8b4
SULAWESI SELATAN,06,Gowa,,2001,,"2 600.765,28",,"PDRB PER KAPITA ATAS D/VSAR HARGA BERLAKU DI PROPINSI SULAWESI SELATAN MENURUT KABUPATEN/KOTA, 2000 - 2003 (RUPIAH)","Per Capita GRDP at Current Price By Regencies/Municipaiities, in South Sulawesi, 2000 - 2003 (Rupiahs)",24,4,d2bafe953ecb
SULAWESI SELATAN,07,Sinjai,,2001,,"3.001.313,10",,"PDRB PER KAPITA ATAS D/VSAR HARGA BERLAKU DI PROPINSI SULAWESI SELATAN MENURUT KABUPATEN/KOTA, 2000 - 2003 (RUPIAH)","Per Capita GRDP at Current Price By Regencies/Municipaiities, in South Sulawesi, 2000 - 2003 (Rupiahs)",24,4,cba11a8e0a4e
SULAWESI SELATAN,08,Maros,,2001,,"3.682.150,14",,"PDRB PER KAPITA ATAS D/VSAR HARGA BERLAKU DI PROPINSI SULAWESI SELATAN MENURUT KABUPATEN/KOTA, 2000 - 2003 (RUPIAH)","Per Capita GRDP at Current Price By Regencies/Municipaiities, in South Sulawesi, 2000 - 2003 (Rupiahs)",24,4,530c19e65a96
SULAWESI SELATAN,09,Pangkajene Kepulauan,,2001,,"5.235.436,29",,"PDRB PER KAPITA ATAS D/VSAR HARGA BERLAKU DI PROPINSI SULAWESI SELATAN MENURUT KABUPATEN/KOTA, 2000 - 2003 (RUPIAH)","Per Capita GRDP at Current Price By Regencies/Municipaiities, in South Sulawesi, 2000 - 2003 (Rupiahs)",24,4,a47031a345c4
SULAWESI SELATAN,10,Barru,,2001,,"2.863.141,53",,"PDRB PER KAPITA ATAS D/VSAR HARGA BERLAKU DI PROPINSI SULAWESI SELATAN MENURUT KABUPATEN/KOTA, 2000 - 2003 (RUPIAH)","Per Capita GRDP at Current Price By Regencies/Municipaiities, in South Sulawesi, 2000 - 2003 (Rupiahs)",24,4,b916572c6807
SULAWESI SELATAN,11,Bone,,2001,,"3.502.163,18",,"PDRB PER KAPITA ATAS D/VSAR HARGA BERLAKU DI PROPINSI SULAWESI SELATAN MENURUT KABUPATEN/KOTA, 2000 - 2003 (RUPIAH)","Per Capita GRDP at Current Price By Regencies/Municipaiities, in South Sulawesi, 2000 - 2003 (Rupiahs)",24,4,e45288124ceb
SULAWESI SELATAN,12,Soppeng,,2001,,"3.560.148,49",,"PDRB PER KAPITA ATAS D/VSAR HARGA BERLAKU DI PROPINSI SULAWESI SELATAN MENURUT KABUPATEN/KOTA, 2000 - 2003 (RUPIAH)","Per Capita GRDP at Current Price By Regencies/Municipaiities, in South Sulawesi, 2000 - 2003 (Rupiahs)",24,4,f5b85825b960
SULAWESI SELATAN,13,Wajo,,2001,,"4 599 548,85",,"PDRB PER KAPITA ATAS D/VSAR HARGA BERLAKU DI PROPINSI SULAWESI SELATAN MENURUT KABUPATEN/KOTA, 2000 - 2003 (RUPIAH)","Per Capita GRDP at Current Price By Regencies/Municipaiities, in South Sulawesi, 2000 - 2003 (Rupiahs)",24,4,15cfb3739b65
SULAWESI SELATAN,,Wajo,*',2001,,"4 205 578,58",,"PDRB PER KAPITA ATAS D/VSAR HARGA BERLAKU DI PROPINSI SULAWESI SELATAN MENURUT KABUPATEN/KOTA, 2000 - 2003 (RUPIAH)","Per Capita GRDP at Current Price By Regencies/Municipaiities, in South Sulawesi, 2000 - 2003 (Rupiahs)",24,4,a286c5741396
SULAWESI SELATAN,14,Sidenreng Rappang,,2001,,"3.923.89d5,12",,"PDRB PER KAPITA ATAS D/VSAR HARGA BERLAKU DI PROPINSI SULAWESI SELATAN MENURUT KABUPATEN/KOTA, 2000 - 2003 (RUPIAH)","Per Capita GRDP at Current Price By Regencies/Municipaiities, in South Sulawesi, 2000 - 2003 (Rupiahs)",24,4,c21e9e0b0606
SULAWESI SELATAN,15,Pinrang,,2001,,"4.873..1i73,17",,"PDRB PER KAPITA ATAS D/VSAR HARGA BERLAKU DI PROPINSI SULAWESI SELATAN MENURUT KABUPATEN/KOTA, 2000 - 2003 (RUPIAH)","Per Capita GRDP at Current Price By Regencies/Municipaiities, in South Sulawesi, 2000 - 2003 (Rupiahs)",24,4,5f9e3e119b14
SULAWESI SELATAN,16,Enrekang,,2001,,"2.721.433,76",,"PDRB PER KAPITA ATAS D/VSAR HARGA BERLAKU DI PROPINSI SULAWESI SELATAN MENURUT KABUPATEN/KOTA, 2000 - 2003 (RUPIAH)","Per Capita GRDP at Current Price By Regencies/Municipaiities, in South Sulawesi, 2000 - 2003 (Rupiahs)",24,4,77dcd56027ab
SULAWESI SELATAN,17,Luwu,,2001,,"2.722 128,82",,"PDRB PER KAPITA ATAS D/VSAR HARGA BERLAKU DI PROPINSI SULAWESI SELATAN MENURUT KABUPATEN/KOTA, 2000 - 2003 (RUPIAH)","Per Capita GRDP at Current Price By Regencies/Municipaiities, in South Sulawesi, 2000 - 2003 (Rupiahs)",24,4,173aaa401c65
SULAWESI SELATAN,73,Palopo,#),2001,,-,,"PDRB PER KAPITA ATAS D/VSAR HARGA BERLAKU DI PROPINSI SULAWESI SELATAN MENURUT KABUPATEN/KOTA, 2000 - 2003 (RUPIAH)","Per Capita GRDP at Current Price By Regencies/Municipaiities, in South Sulawesi, 2000 - 2003 (Rupiahs)",24,4,bbda375c0bb8
SULAWESI SELATAN,18,Tana Toraja,,2001,,"2 320.741,18",,"PDRB PER KAPITA ATAS D/VSAR HARGA BERLAKU DI PROPINSI SULAWESI SELATAN MENURUT KABUPATEN/KOTA, 2000 - 2003 (RUPIAH)","Per Capita GRDP at Current Price By Regencies/Municipaiities, in South Sulawesi, 2000 - 2003 (Rupiahs)",24,4,1d3cf8cbe566
SULAWESI SELATAN,19,Polewali Mamasa,,2001,,"2 739 299,60",,"PDRB PER KAPITA ATAS D/VSAR HARGA BERLAKU DI PROPINSI SULAWESI SELATAN MENURUT KABUPATEN/KOTA, 2000 - 2003 (RUPIAH)","Per Capita GRDP at Current Price By Regencies/Municipaiities, in South Sulawesi, 2000 - 2003 (Rupiahs)",24,4,e0f69e2c1163
SULAWESI SELATAN,23,Mamasa,#),2001,,-,,"PDRB PER KAPITA ATAS D/VSAR HARGA BERLAKU DI PROPINSI SULAWESI SELATAN MENURUT KABUPATEN/KOTA, 2000 - 2003 (RUPIAH)","Per Capita GRDP at Current Price By Regencies/Municipaiities, in South Sulawesi, 2000 - 2003 (Rupiahs)",24,4,56197698ca9f
SULAWESI SELATAN,20,Majene,,2001,,"3 360 320,59",,"PDRB PER KAPITA ATAS D/VSAR HARGA BERLAKU DI PROPINSI SULAWESI SELATAN MENURUT KABUPATEN/KOTA, 2000 - 2003 (RUPIAH)","Per Capita GRDP at Current Price By Regencies/Municipaiities, in South Sulawesi, 2000 - 2003 (Rupiahs)",24,4,5cb008e8b27b
SULAWESI SELATAN,21,Mamuju,,2001,,"3.010.552,96",,"PDRB PER KAPITA ATAS D/VSAR HARGA BERLAKU DI PROPINSI SULAWESI SELATAN MENURUT KABUPATEN/KOTA, 2000 - 2003 (RUPIAH)","Per Capita GRDP at Current Price By Regencies/Municipaiities, in South Sulawesi, 2000 - 2003 (Rupiahs)",24,4,a6e81b691264
SULAWESI SELATAN,22,Luwu Utara,,2001,,"8.290.045,57",,"PDRB PER KAPITA ATAS D/VSAR HARGA BERLAKU DI PROPINSI SULAWESI SELATAN MENURUT KABUPATEN/KOTA, 2000 - 2003 (RUPIAH)","Per Capita GRDP at Current Price By Regencies/Municipaiities, in South Sulawesi, 2000 - 2003 (Rupiahs)",24,4,c288cdaa2397
SULAWESI SELATAN,71,Makassar,,2001,,"6 668.406,04",,"PDRB PER KAPITA ATAS D/VSAR HARGA BERLAKU DI PROPINSI SULAWESI SELATAN MENURUT KABUPATEN/KOTA, 2000 - 2003 (RUPIAH)","Per Capita GRDP at Current Price By Regencies/Municipaiities, in South Sulawesi, 2000 - 2003 (Rupiahs)",24,4,94e87c9a157a
SULAWESI SELATAN,72,Pare-Pare,,2001,,"4.232.051,06",,"PDRB PER KAPITA ATAS D/VSAR HARGA BERLAKU DI PROPINSI SULAWESI SELATAN MENURUT KABUPATEN/KOTA, 2000 - 2003 (RUPIAH)","Per Capita GRDP at Current Price By Regencies/Municipaiities, in South Sulawesi, 2000 - 2003 (Rupiahs)",24,4,a604bb827509
SULAWESI SELATAN,,Jml Kab./Kota. Total of Reg./Mun.,,2001,,"4.023.606,84",,"PDRB PER KAPITA ATAS D/VSAR HARGA BERLAKU DI PROPINSI SULAWESI SELATAN MENURUT KABUPATEN/KOTA, 2000 - 2003 (RUPIAH)","Per Capita GRDP at Current Price By Regencies/Municipaiities, in South Sulawesi, 2000 - 2003 (Rupiahs)",24,4,6cb9f2f36377
SULAWESI SELATAN,,Jml Kab./Kota. Total of Reg./Mun.,*',2001,,"4.005.659,82",,"PDRB PER KAPITA ATAS D/VSAR HARGA BERLAKU DI PROPINSI SULAWESI SELATAN MENURUT KABUPATEN/KOTA, 2000 - 2003 (RUPIAH)","Per Capita GRDP at Current Price By Regencies/Municipaiities, in South Sulawesi, 2000 - 2003 (Rupiahs)",24,4,3960a7f6e33d
SULAWESI TENGGARA,01,Buton,,2001,,"2.894.447,29",,"PDRB PER KAPITA ATAS DASAR HARGA BERLAKU DI PROPINSI SULAWESI TENGGARA MENURUT KABUPATEN/KOTA, 2000 - 2003 (RUPIAH)","Per Capita GRDP at Current Pnce By Regencies/Muniapaiities, in South East Sulawesi, 2000 - 2003 (Rupiahs)",25,5,7fbf936acc2d
SULAWESI TENGGARA,72,Bau-Bau,#),2001,,-,,"PDRB PER KAPITA ATAS DASAR HARGA BERLAKU DI PROPINSI SULAWESI TENGGARA MENURUT KABUPATEN/KOTA, 2000 - 2003 (RUPIAH)","Per Capita GRDP at Current Pnce By Regencies/Muniapaiities, in South East Sulawesi, 2000 - 2003 (Rupiahs)",25,5,2c562f43d193
SULAWESI TENGGARA,02,Muna,,2001,,"3.261 386,81",,"PDRB PER KAPITA ATAS DASAR HARGA BERLAKU DI PROPINSI SULAWESI TENGGARA MENURUT KABUPATEN/KOTA, 2000 - 2003 (RUPIAH)","Per Capita GRDP at Current Pnce By Regencies/Muniapaiities, in South East Sulawesi, 2000 - 2003 (Rupiahs)",25,5,80bdf9534eb4
SULAWESI TENGGARA,03,Kendan,,2001,,"2.786.465,19",,"PDRB PER KAPITA ATAS DASAR HARGA BERLAKU DI PROPINSI SULAWESI TENGGARA MENURUT KABUPATEN/KOTA, 2000 - 2003 (RUPIAH)","Per Capita GRDP at Current Pnce By Regencies/Muniapaiities, in South East Sulawesi, 2000 - 2003 (Rupiahs)",25,5,99535b47c39f
SULAWESI TENGGARA,04,Kolaka,,2001,,"5.774 001,99",,"PDRB PER KAPITA ATAS DASAR HARGA BERLAKU DI PROPINSI SULAWESI TENGGARA MENURUT KABUPATEN/KOTA, 2000 - 2003 (RUPIAH)","Per Capita GRDP at Current Pnce By Regencies/Muniapaiities, in South East Sulawesi, 2000 - 2003 (Rupiahs)",25,5,107cecee0260
SULAWESI TENGGARA,71,Kendari,,2001,,"5.275.055,36",,"PDRB PER KAPITA ATAS DASAR HARGA BERLAKU DI PROPINSI SULAWESI TENGGARA MENURUT KABUPATEN/KOTA, 2000 - 2003 (RUPIAH)","Per Capita GRDP at Current Pnce By Regencies/Muniapaiities, in South East Sulawesi, 2000 - 2003 (Rupiahs)",25,5,29c66782a495
SULAWESI TENGGARA,,Jml Kab./Kota. Total of Reg./Mun.,,2001,,"3.774 412,39",,"PDRB PER KAPITA ATAS DASAR HARGA BERLAKU DI PROPINSI SULAWESI TENGGARA MENURUT KABUPATEN/KOTA, 2000 - 2003 (RUPIAH)","Per Capita GRDP at Current Pnce By Regencies/Muniapaiities, in South East Sulawesi, 2000 - 2003 (Rupiahs)",25,5,0a53f4480759
SULAWESI TENGGARA,,Jml Kab./Kota. Total of Reg./Mun.,*',2001,,"3.774 412,39",,"PDRB PER KAPITA ATAS DASAR HARGA BERLAKU DI PROPINSI SULAWESI TENGGARA MENURUT KABUPATEN/KOTA, 2000 - 2003 (RUPIAH)","Per Capita GRDP at Current Pnce By Regencies/Muniapaiities, in South East Sulawesi, 2000 - 2003 (Rupiahs)",25,5,6d31ccc632f1
BALI,01,Jembrana,,2001,,"5 297 490,12",,"PDRB PER KAPITA ATAS DASAR HARGA BERLAKU DI PROPINSI BALI MENURUT KABUPATEN/KOTA, 2000 - 2003 (RUPIAH)","Per Capita GRDP at Current Pnce By Regencies/Muntcipalities, in Ball, 2000 - 2003 (Ruptahs)",26,6,869afa7ede77
BALI,02,Tabanan,,2001,,"4 363.076,62",,"PDRB PER KAPITA ATAS DASAR HARGA BERLAKU DI PROPINSI BALI MENURUT KABUPATEN/KOTA, 2000 - 2003 (RUPIAH)","Per Capita GRDP at Current Pnce By Regencies/Muntcipalities, in Ball, 2000 - 2003 (Ruptahs)",26,6,ccc92cf2c519
BALI,03,Badung,,2001,,"11.370 268,67",,"PDRB PER KAPITA ATAS DASAR HARGA BERLAKU DI PROPINSI BALI MENURUT KABUPATEN/KOTA, 2000 - 2003 (RUPIAH)","Per Capita GRDP at Current Pnce By Regencies/Muntcipalities, in Ball, 2000 - 2003 (Ruptahs)",26,6,d91db7afbecd
BALI,04,Gianyar,,2001,,"5.832.959,75",,"PDRB PER KAPITA ATAS DASAR HARGA BERLAKU DI PROPINSI BALI MENURUT KABUPATEN/KOTA, 2000 - 2003 (RUPIAH)","Per Capita GRDP at Current Pnce By Regencies/Muntcipalities, in Ball, 2000 - 2003 (Ruptahs)",26,6,7cffa1a9901d
BALI,05,Klungkung,,2001,,"5.593.801,58",,"PDRB PER KAPITA ATAS DASAR HARGA BERLAKU DI PROPINSI BALI MENURUT KABUPATEN/KOTA, 2000 - 2003 (RUPIAH)","Per Capita GRDP at Current Pnce By Regencies/Muntcipalities, in Ball, 2000 - 2003 (Ruptahs)",26,6,ab3117d8284d
BALI,06,Bangli,,2001,,"4.198. d 129,75",,"PDRB PER KAPITA ATAS DASAR HARGA BERLAKU DI PROPINSI BALI MENURUT KABUPATEN/KOTA, 2000 - 2003 (RUPIAH)","Per Capita GRDP at Current Pnce By Regencies/Muntcipalities, in Ball, 2000 - 2003 (Ruptahs)",26,6,565ae74f293a
BALI,07,Karangasem,,2001,,"3 483 198,57",,"PDRB PER KAPITA ATAS DASAR HARGA BERLAKU DI PROPINSI BALI MENURUT KABUPATEN/KOTA, 2000 - 2003 (RUPIAH)","Per Capita GRDP at Current Pnce By Regencies/Muntcipalities, in Ball, 2000 - 2003 (Ruptahs)",26,6,3e2c1316c419
BALI,08,Buleleng,,2001,,"4.107 103,74",,"PDRB PER KAPITA ATAS DASAR HARGA BERLAKU DI PROPINSI BALI MENURUT KABUPATEN/KOTA, 2000 - 2003 (RUPIAH)","Per Capita GRDP at Current Pnce By Regencies/Muntcipalities, in Ball, 2000 - 2003 (Ruptahs)",26,6,bd33ab3fc389
BALI,71,Denpasar,,2001,,"6 775.118,60",,"PDRB PER KAPITA ATAS DASAR HARGA BERLAKU DI PROPINSI BALI MENURUT KABUPATEN/KOTA, 2000 - 2003 (RUPIAH)","Per Capita GRDP at Current Pnce By Regencies/Muntcipalities, in Ball, 2000 - 2003 (Ruptahs)",26,6,4e557d6c1c5d
BALI,,Jml Kab./Kota. Total of Reg./Mun.,,2001,,"5 697 830,71",,"PDRB PER KAPITA ATAS DASAR HARGA BERLAKU DI PROPINSI BALI MENURUT KABUPATEN/KOTA, 2000 - 2003 (RUPIAH)","Per Capita GRDP at Current Pnce By Regencies/Muntcipalities, in Ball, 2000 - 2003 (Ruptahs)",26,6,86f8d833574e
BALI,,Jml Kab./Kota. Total of Reg./Mun.,*',2001,,"5.697.830,71",,"PDRB PER KAPITA ATAS DASAR HARGA BERLAKU DI PROPINSI BALI MENURUT KABUPATEN/KOTA, 2000 - 2003 (RUPIAH)","Per Capita GRDP at Current Pnce By Regencies/Muntcipalities, in Ball, 2000 - 2003 (Ruptahs)",26,6,1fd651986af1
NUSA TENGGARA BARAT,01,Lombok Barat,,2001,,"2.590.499,54",,"PDRB PER KAPITA ATAS DASAR HARGA BERLAKU DI PROPINSI NUSA TENGGARA BARAT MENURUT KABUPATEN/KOTA, 2000 - 2003 (RUPIAH)","Per Capita GRDP at Current Pnce By Regencies/Muniapaltties, tn West Nusa Tenggara, 2000 - 2003 (Rupiahs)",27,7,8fafb1a88db0
NUSA TENGGARA BARAT,02,Lombok Tengah,,2001,,"1.954 185,62",,"PDRB PER KAPITA ATAS DASAR HARGA BERLAKU DI PROPINSI NUSA TENGGARA BARAT MENURUT KABUPATEN/KOTA, 2000 - 2003 (RUPIAH)","Per Capita GRDP at Current Pnce By Regencies/Muniapaltties, tn West Nusa Tenggara, 2000 - 2003 (Rupiahs)",27,7,b480b70b033b
NUSA TENGGARA BARAT,03,Lombok Timur,,2001,,"2 133 631,20",,"PDRB PER KAPITA ATAS DASAR HARGA BERLAKU DI PROPINSI NUSA TENGGARA BARAT MENURUT KABUPATEN/KOTA, 2000 - 2003 (RUPIAH)","Per Capita GRDP at Current Pnce By Regencies/Muniapaltties, tn West Nusa Tenggara, 2000 - 2003 (Rupiahs)",27,7,bf778d518bee
NUSA TENGGARA BARAT,04,Sumbawa,,2001,,"12.238.624,58",,"PDRB PER KAPITA ATAS DASAR HARGA BERLAKU DI PROPINSI NUSA TENGGARA BARAT MENURUT KABUPATEN/KOTA, 2000 - 2003 (RUPIAH)","Per Capita GRDP at Current Pnce By Regencies/Muniapaltties, tn West Nusa Tenggara, 2000 - 2003 (Rupiahs)",27,7,36ba5fa33903
NUSA TENGGARA BARAT,05,Dompu,,2001,,"3.773.237,26",,"PDRB PER KAPITA ATAS DASAR HARGA BERLAKU DI PROPINSI NUSA TENGGARA BARAT MENURUT KABUPATEN/KOTA, 2000 - 2003 (RUPIAH)","Per Capita GRDP at Current Pnce By Regencies/Muniapaltties, tn West Nusa Tenggara, 2000 - 2003 (Rupiahs)",27,7,a18ba60a9cf4
NUSA TENGGARA BARAT,06,Bima,,2001,,"2.783.261,50",,"PDRB PER KAPITA ATAS DASAR HARGA BERLAKU DI PROPINSI NUSA TENGGARA BARAT MENURUT KABUPATEN/KOTA, 2000 - 2003 (RUPIAH)","Per Capita GRDP at Current Pnce By Regencies/Muniapaltties, tn West Nusa Tenggara, 2000 - 2003 (Rupiahs)",27,7,5a9554cf6e0b
NUSA TENGGARA BARAT,72,Kota Bima,#),2001,,-,,"PDRB PER KAPITA ATAS DASAR HARGA BERLAKU DI PROPINSI NUSA TENGGARA BARAT MENURUT KABUPATEN/KOTA, 2000 - 2003 (RUPIAH)","Per Capita GRDP at Current Pnce By Regencies/Muniapaltties, tn West Nusa Tenggara, 2000 - 2003 (Rupiahs)",27,7,850fdcb8f31b
NUSA TENGGARA BARAT,71,Mataram,,2001,,"3.601.8g37,84",,"PDRB PER KAPITA ATAS DASAR HARGA BERLAKU DI PROPINSI NUSA TENGGARA BARAT MENURUT KABUPATEN/KOTA, 2000 - 2003 (RUPIAH)","Per Capita GRDP at Current Pnce By Regencies/Muniapaltties, tn West Nusa Tenggara, 2000 - 2003 (Rupiahs)",27,7,c6a540588ba1
NUSA TENGGARA BARAT,,Jml Kab./Kota. Total of Reg /Mun.,,2001,,"3p 640 155,39",,"PDRB PER KAPITA ATAS DASAR HARGA BERLAKU DI PROPINSI NUSA TENGGARA BARAT MENURUT KABUPATEN/KOTA, 2000 - 2003 (RUPIAH)","Per Capita GRDP at Current Pnce By Regencies/Muniapaltties, tn West Nusa Tenggara, 2000 - 2003 (Rupiahs)",27,7,555379870331
NUSA TENGGARA BARAT,,Jml Kab./Kota. Total of Reg./Mun.,*',2001,,"b3.640 155,39",,"PDRB PER KAPITA ATAS DASAR HARGA BERLAKU DI PROPINSI NUSA TENGGARA BARAT MENURUT KABUPATEN/KOTA, 2000 - 2003 (RUPIAH)","Per Capita GRDP at Current Pnce By Regencies/Muniapaltties, tn West Nusa Tenggara, 2000 - 2003 (Rupiahs)",27,7,b10af3de1b94
NUSA TENGGARA TIMUR,01,Sumba Barat,,2001,,"1.237.266,04",,"PDRB PER KAPITA ATAS DASAR HARGA BERLAKU DI PROPINSI NUSA TENGGARA TIMUR MENURUT KABUPATEN/KOTA, 2000 - 2003 (RUPIAH)","Per Capita GRDP at Current Price By Regencies/Munidpalities, in East Nusa Tenggara, 2000 - 2003 (Rupiahs)",28,8,b216943774e2
NUSA TENGGARA TIMUR,02,Sumba Timur,,2001,,"2.028.172,11",,"PDRB PER KAPITA ATAS DASAR HARGA BERLAKU DI PROPINSI NUSA TENGGARA TIMUR MENURUT KABUPATEN/KOTA, 2000 - 2003 (RUPIAH)","Per Capita GRDP at Current Price By Regencies/Munidpalities, in East Nusa Tenggara, 2000 - 2003 (Rupiahs)",28,8,110277ed1875
NUSA TENGGARA TIMUR,03,Kupang,,2001,,"1.843.862,95",,"PDRB PER KAPITA ATAS DASAR HARGA BERLAKU DI PROPINSI NUSA TENGGARA TIMUR MENURUT KABUPATEN/KOTA, 2000 - 2003 (RUPIAH)","Per Capita GRDP at Current Price By Regencies/Munidpalities, in East Nusa Tenggara, 2000 - 2003 (Rupiahs)",28,8,55bc050a8164
NUSA TENGGARA TIMUR,14,Rote Ndao,#),2001,,,,"PDRB PER KAPITA ATAS DASAR HARGA BERLAKU DI PROPINSI NUSA TENGGARA TIMUR MENURUT KABUPATEN/KOTA, 2000 - 2003 (RUPIAH)","Per Capita GRDP at Current Price By Regencies/Munidpalities, in East Nusa Tenggara, 2000 - 2003 (Rupiahs)",28,8,ae2aec78afd1
NUSA TENGGARA TIMUR,04,Timor Tengah Selatan,,2001,,"1.374.527,51",,"PDRB PER KAPITA ATAS DASAR HARGA BERLAKU DI PROPINSI NUSA TENGGARA TIMUR MENURUT KABUPATEN/KOTA, 2000 - 2003 (RUPIAH)","Per Capita GRDP at Current Price By Regencies/Munidpalities, in East Nusa Tenggara, 2000 - 2003 (Rupiahs)",28,8,3beacf9aeb75
NUSA TENGGARA TIMUR,05,Timor Tengah Utara,,2001,,"1.507.978,44",,"PDRB PER KAPITA ATAS DASAR HARGA BERLAKU DI PROPINSI NUSA TENGGARA TIMUR MENURUT KABUPATEN/KOTA, 2000 - 2003 (RUPIAH)","Per Capita GRDP at Current Price By Regencies/Munidpalities, in East Nusa Tenggara, 2000 - 2003 (Rupiahs)",28,8,8daee2fd7a9b
NUSA TENGGARA TIMUR,06,Belu,,2001,,"1.568.171,83",,"PDRB PER KAPITA ATAS DASAR HARGA BERLAKU DI PROPINSI NUSA TENGGARA TIMUR MENURUT KABUPATEN/KOTA, 2000 - 2003 (RUPIAH)","Per Capita GRDP at Current Price By Regencies/Munidpalities, in East Nusa Tenggara, 2000 - 2003 (Rupiahs)",28,8,1d74a0629ad8
NUSA TENGGARA TIMUR,07,Alor,,2001,,"1.677.070,67",,"PDRB PER KAPITA ATAS DASAR HARGA BERLAKU DI PROPINSI NUSA TENGGARA TIMUR MENURUT KABUPATEN/KOTA, 2000 - 2003 (RUPIAH)","Per Capita GRDP at Current Price By Regencies/Munidpalities, in East Nusa Tenggara, 2000 - 2003 (Rupiahs)",28,8,11b55e21c716
NUSA TENGGARA TIMUR,08,Lembata,,2001,,"1.201..708,20",,"PDRB PER KAPITA ATAS DASAR HARGA BERLAKU DI PROPINSI NUSA TENGGARA TIMUR MENURUT KABUPATEN/KOTA, 2000 - 2003 (RUPIAH)","Per Capita GRDP at Current Price By Regencies/Munidpalities, in East Nusa Tenggara, 2000 - 2003 (Rupiahs)",28,8,ea818b03b890
NUSA TENGGARA TIMUR,09,Flores Timur,,2001,,"1.906 023,58",,"PDRB PER KAPITA ATAS DASAR HARGA BERLAKU DI PROPINSI NUSA TENGGARA TIMUR MENURUT KABUPATEN/KOTA, 2000 - 2003 (RUPIAH)","Per Capita GRDP at Current Price By Regencies/Munidpalities, in East Nusa Tenggara, 2000 - 2003 (Rupiahs)",28,8,1caa1990cda8
NUSA TENGGARA TIMUR,10,Sikka,,2001,,"1.752.168,79",,"PDRB PER KAPITA ATAS DASAR HARGA BERLAKU DI PROPINSI NUSA TENGGARA TIMUR MENURUT KABUPATEN/KOTA, 2000 - 2003 (RUPIAH)","Per Capita GRDP at Current Price By Regencies/Munidpalities, in East Nusa Tenggara, 2000 - 2003 (Rupiahs)",28,8,3273454f3af6
NUSA TENGGARA TIMUR,11,Ende,,2001,,"1.889 952,54",,"PDRB PER KAPITA ATAS DASAR HARGA BERLAKU DI PROPINSI NUSA TENGGARA TIMUR MENURUT KABUPATEN/KOTA, 2000 - 2003 (RUPIAH)","Per Capita GRDP at Current Price By Regencies/Munidpalities, in East Nusa Tenggara, 2000 - 2003 (Rupiahs)",28,8,05d7962dffef
NUSA TENGGARA TIMUR,12,Ngada,,2001,,"1.845.051,63",,"PDRB PER KAPITA ATAS DASAR HARGA BERLAKU DI PROPINSI NUSA TENGGARA TIMUR MENURUT KABUPATEN/KOTA, 2000 - 2003 (RUPIAH)","Per Capita GRDP at Current Price By Regencies/Munidpalities, in East Nusa Tenggara, 2000 - 2003 (Rupiahs)",28,8,95f4be8a6c33
NUSA TENGGARA TIMUR,13,Manggarai,,2001,,"1.416.129,42",,"PDRB PER KAPITA ATAS DASAR HARGA BERLAKU DI PROPINSI NUSA TENGGARA TIMUR MENURUT KABUPATEN/KOTA, 2000 - 2003 (RUPIAH)","Per Capita GRDP at Current Price By Regencies/Munidpalities, in East Nusa Tenggara, 2000 - 2003 (Rupiahs)",28,8,9b3ae2009bf6
NUSA TENGGARA TIMUR,71,Kupang,,2001,,"5.414.527,51",,"PDRB PER KAPITA ATAS DASAR HARGA BERLAKU DI PROPINSI NUSA TENGGARA TIMUR MENURUT KABUPATEN/KOTA, 2000 - 2003 (RUPIAH)","Per Capita GRDP at Current Price By Regencies/Munidpalities, in East Nusa Tenggara, 2000 - 2003 (Rupiahs)",28,8,e1104ae5f838
NUSA TENGGARA TIMUR,,Jml Kab./Kota. Total of Reg./Mtun.,,2001,,"1.841.861,53",,"PDRB PER KAPITA ATAS DASAR HARGA BERLAKU DI PROPINSI NUSA TENGGARA TIMUR MENURUT KABUPATEN/KOTA, 2000 - 2003 (RUPIAH)","Per Capita GRDP at Current Price By Regencies/Munidpalities, in East Nusa Tenggara, 2000 - 2003 (Rupiahs)",28,8,95e54964b0c1
NUSA TENGGARA TIMUR,,Jml Kab./Kota. Total of Reg./Mun.,*',2001,,"1.841.861,53",,"PDRB PER KAPITA ATAS DASAR HARGA BERLAKU DI PROPINSI NUSA TENGGARA TIMUR MENURUT KABUPATEN/KOTA, 2000 - 2003 (RUPIAH)","Per Capita GRDP at Current Price By Regencies/Munidpalities, in East Nusa Tenggara, 2000 - 2003 (Rupiahs)",28,8,4728c15ffa8e
MALUKU,01,Maluku Tenggara Barat,,2001,,"2.423.693,19",,"PDRB PER KAPITA ATAS DASAR HARGA BERLAKU DI PROPINSI MALUKU MENURUT KABUPATEN/KOTA, 2000 - 2003 (RUPIAH)","Per Capita GRDP at Current Prtce By Regencies/Muntcipalities, m Maluku, 2000 • 2003 (Rupiahs)",29,9,1dc0bc85a0ab
MALUKU,02,Maluku Tenggara,,2001,,"2.170.017,95",,"PDRB PER KAPITA ATAS DASAR HARGA BERLAKU DI PROPINSI MALUKU MENURUT KABUPATEN/KOTA, 2000 - 2003 (RUPIAH)","Per Capita GRDP at Current Prtce By Regencies/Muntcipalities, m Maluku, 2000 • 2003 (Rupiahs)",29,9,cb1e80b95a3e
MALUKU,03,Maluku Tengah,,2001,,"1.549.300,25",,"PDRB PER KAPITA ATAS DASAR HARGA BERLAKU DI PROPINSI MALUKU MENURUT KABUPATEN/KOTA, 2000 - 2003 (RUPIAH)","Per Capita GRDP at Current Prtce By Regencies/Muntcipalities, m Maluku, 2000 • 2003 (Rupiahs)",29,9,653e249479b5
MALUKU,,Maluku Tengah,*',2001,,"1 521.282,04",,"PDRB PER KAPITA ATAS DASAR HARGA BERLAKU DI PROPINSI MALUKU MENURUT KABUPATEN/KOTA, 2000 - 2003 (RUPIAH)","Per Capita GRDP at Current Prtce By Regencies/Muntcipalities, m Maluku, 2000 • 2003 (Rupiahs)",29,9,e317256552fd
MALUKU,04,Buru,,2001,,"1.881.296,97",,"PDRB PER KAPITA ATAS DASAR HARGA BERLAKU DI PROPINSI MALUKU MENURUT KABUPATEN/KOTA, 2000 - 2003 (RUPIAH)","Per Capita GRDP at Current Prtce By Regencies/Muntcipalities, m Maluku, 2000 • 2003 (Rupiahs)",29,9,bcb5adf25c34
MALUKU,71,/Vmbon,,2001,,"5.146.410,22",,"PDRB PER KAPITA ATAS DASAR HARGA BERLAKU DI PROPINSI MALUKU MENURUT KABUPATEN/KOTA, 2000 - 2003 (RUPIAH)","Per Capita GRDP at Current Prtce By Regencies/Muntcipalities, m Maluku, 2000 • 2003 (Rupiahs)",29,9,e72ff5bfbb89
MALUKU,,Jml Kab./Kota. Total of Reg./Mun.,,2001,,"2.424.277,25",,"PDRB PER KAPITA ATAS DASAR HARGA BERLAKU DI PROPINSI MALUKU MENURUT KABUPATEN/KOTA, 2000 - 2003 (RUPIAH)","Per Capita GRDP at Current Prtce By Regencies/Muntcipalities, m Maluku, 2000 • 2003 (Rupiahs)",29,9,373742f217f6
MALUKU,,"Jml Kab./Kota. Total of Reg./Mun.""","""",2001,,"2 412.056,19",,"PDRB PER KAPITA ATAS DASAR HARGA BERLAKU DI PROPINSI MALUKU MENURUT KABUPATEN/KOTA, 2000 - 2003 (RUPIAH)","Per Capita GRDP at Current Prtce By Regencies/Muntcipalities, m Maluku, 2000 • 2003 (Rupiahs)",29,9,bf9401578900
MALUKU UTARA,01,Maluku Utara,,2001,,"2.342.473,79",,"PDRB PER KAPITA ATAS DASAR HARGA BERLAKU DI PROPINSI MALUKU UTARA MENURUT KABUPATEN/KOTA, 2000 - 2003 (RUPIAH)","Per Capita GRDP at Current Pnce By Regencies/Municipalities, in North Maluku, 2000 - 2003 (Rupiahs)",30,10,f77acd619ab4
MALUKU UTARA,02,Halmahera Tengah,,2001,,"3.273.910,03",,"PDRB PER KAPITA ATAS DASAR HARGA BERLAKU DI PROPINSI MALUKU UTARA MENURUT KABUPATEN/KOTA, 2000 - 2003 (RUPIAH)","Per Capita GRDP at Current Pnce By Regencies/Municipalities, in North Maluku, 2000 - 2003 (Rupiahs)",30,10,4d509a2de349
MALUKU UTARA,71,Temate,,2001,,"2 130 343,81",,"PDRB PER KAPITA ATAS DASAR HARGA BERLAKU DI PROPINSI MALUKU UTARA MENURUT KABUPATEN/KOTA, 2000 - 2003 (RUPIAH)","Per Capita GRDP at Current Pnce By Regencies/Municipalities, in North Maluku, 2000 - 2003 (Rupiahs)",30,10,f37680327349
MALUKU UTARA,,Jml Kab./Kota. Total of Reg /Mun.,,2001,,"2 471.312,24",,"PDRB PER KAPITA ATAS DASAR HARGA BERLAKU DI PROPINSI MALUKU UTARA MENURUT KABUPATEN/KOTA, 2000 - 2003 (RUPIAH)","Per Capita GRDP at Current Pnce By Regencies/Municipalities, in North Maluku, 2000 - 2003 (Rupiahs)",30,10,46ba6a0aec72
MALUKU UTARA,,Jml Kab /Kota. Totai of Reg./Mun.,*',2001,,"2 471 312,24",,"PDRB PER KAPITA ATAS DASAR HARGA BERLAKU DI PROPINSI MALUKU UTARA MENURUT KABUPATEN/KOTA, 2000 - 2003 (RUPIAH)","Per Capita GRDP at Current Pnce By Regencies/Municipalities, in North Maluku, 2000 - 2003 (Rupiahs)",30,10,74a35bd25a1b
SULAWESI UTARA,01,Bolaang Mongondow,,2002,*),"3.917.997,98",,"PDRB PER KAPITA ATAS DASAR HARGA BERLAKU DI PROPINSI SULAWESI UTARA MENURUT KABUPATEN/KOTA, 2000 - 2003 (RUPIAH)","Per Capita GRDP at Current Pnce By Regencies/Municipalities, in North Sulawesi, 2000 - 2003 (Rupiahs)",21,1,571eeec0b6c4
SULAWESI UTARA,02,Minahasa,,2002,*),"4.835.637,47",,"PDRB PER KAPITA ATAS DASAR HARGA BERLAKU DI PROPINSI SULAWESI UTARA MENURUT KABUPATEN/KOTA, 2000 - 2003 (RUPIAH)","Per Capita GRDP at Current Pnce By Regencies/Municipalities, in North Sulawesi, 2000 - 2003 (Rupiahs)",21,1,60379b481abb
SULAWESI UTARA,05,Minahasa Selatan,#),2002,*),,,"PDRB PER KAPITA ATAS DASAR HARGA BERLAKU DI PROPINSI SULAWESI UTARA MENURUT KABUPATEN/KOTA, 2000 - 2003 (RUPIAH)","Per Capita GRDP at Current Pnce By Regencies/Municipalities, in North Sulawesi, 2000 - 2003 (Rupiahs)",21,1,e354b76cee63
SULAWESI UTARA,73,Tomohon,#),2002,*),,,"PDRB PER KAPITA ATAS DASAR HARGA BERLAKU DI PROPINSI SULAWESI UTARA MENURUT KABUPATEN/KOTA, 2000 - 2003 (RUPIAH)","Per Capita GRDP at Current Pnce By Regencies/Municipalities, in North Sulawesi, 2000 - 2003 (Rupiahs)",21,1,6748d71c015b
SULAWESI UTARA,03,Sangihe Talaud,,2002,*),"3.660.109,46",,"PDRB PER KAPITA ATAS DASAR HARGA BERLAKU DI PROPINSI SULAWESI UTARA MENURUT KABUPATEN/KOTA, 2000 - 2003 (RUPIAH)","Per Capita GRDP at Current Pnce By Regencies/Municipalities, in North Sulawesi, 2000 - 2003 (Rupiahs)",21,1,673711e8c1ba
SULAWESI UTARA,04,Kepulauan Talaud,#),2002,*),,,"PDRB PER KAPITA ATAS DASAR HARGA BERLAKU DI PROPINSI SULAWESI UTARA MENURUT KABUPATEN/KOTA, 2000 - 2003 (RUPIAH)","Per Capita GRDP at Current Pnce By Regencies/Municipalities, in North Sulawesi, 2000 - 2003 (Rupiahs)",21,1,3c329a4d8ac9
SULAWESI UTARA,71,Manado,,2002,*),"6.376.901,97",,"PDRB PER KAPITA ATAS DASAR HARGA BERLAKU DI PROPINSI SULAWESI UTARA MENURUT KABUPATEN/KOTA, 2000 - 2003 (RUPIAH)","Per Capita GRDP at Current Pnce By Regencies/Municipalities, in North Sulawesi, 2000 - 2003 (Rupiahs)",21,1,8e77235691de
SULAWESI UTARA,72,Bitung,,2002,*),"8.116.541,79",,"PDRB PER KAPITA ATAS DASAR HARGA BERLAKU DI PROPINSI SULAWESI UTARA MENURUT KABUPATEN/KOTA, 2000 - 2003 (RUPIAH)","Per Capita GRDP at Current Pnce By Regencies/Municipalities, in North Sulawesi, 2000 - 2003 (Rupiahs)",21,1,21a84bd55782
SULAWESI UTARA,,Jml Kab./Kota. Total of Reg./Mun.,,2002,*),"5.046.621,37",,"PDRB PER KAPITA ATAS DASAR HARGA BERLAKU DI PROPINSI SULAWESI UTARA MENURUT KABUPATEN/KOTA, 2000 - 2003 (RUPIAH)","Per Capita GRDP at Current Pnce By Regencies/Municipalities, in North Sulawesi, 2000 - 2003 (Rupiahs)",21,1,8d769781f125
SULAWESI UTARA,,Jml Kab./Kota. Total of Reg./Mun.,*',2002,*),"d5 046.621,37",,"PDRB PER KAPITA ATAS DASAR HARGA BERLAKU DI PROPINSI SULAWESI UTARA MENURUT KABUPATEN/KOTA, 2000 - 2003 (RUPIAH)","Per Capita GRDP at Current Pnce By Regencies/Municipalities, in North Sulawesi, 2000 - 2003 (Rupiahs)",21,1,096b97c07172
GORONTALO,01,Boalemo,,2002,*),"3.269.936,78",,"PDRB PER KAPITA ATAS DASAR HARGA BERLAKU DI PROPINSI GORONTALO MENURUT KABUPATEN/KOTA, 2000 - 2003 (RUPIAH)","Per Capita GRDP at Current Price By Regendes/MunidpaliOes, in Gorontalo, 2000 • 2003 (Rupiahs)",22,2,3bb2482d100e
GORONTALO,03,Pohuwato,#),2002,*),,,"PDRB PER KAPITA ATAS DASAR HARGA BERLAKU DI PROPINSI GORONTALO MENURUT KABUPATEN/KOTA, 2000 - 2003 (RUPIAH)","Per Capita GRDP at Current Price By Regendes/MunidpaliOes, in Gorontalo, 2000 • 2003 (Rupiahs)",22,2,9e002e2ef097
GORONTALO,02,Gorontalo,,2002,*),"2.166.937,74",,"PDRB PER KAPITA ATAS DASAR HARGA BERLAKU DI PROPINSI GORONTALO MENURUT KABUPATEN/KOTA, 2000 - 2003 (RUPIAH)","Per Capita GRDP at Current Price By Regendes/MunidpaliOes, in Gorontalo, 2000 • 2003 (Rupiahs)",22,2,e4a8c0e73ce5
GORONTALO,04,Bone Bolango,#),2002,*),,,"PDRB PER KAPITA ATAS DASAR HARGA BERLAKU DI PROPINSI GORONTALO MENURUT KABUPATEN/KOTA, 2000 - 2003 (RUPIAH)","Per Capita GRDP at Current Price By Regendes/MunidpaliOes, in Gorontalo, 2000 • 2003 (Rupiahs)",22,2,9cbcbd2883bb
GORONTALO,71,Gorontalo,,2002,*),"3.319.936,21",,"PDRB PER KAPITA ATAS DASAR HARGA BERLAKU DI PROPINSI GORONTALO MENURUT KABUPATEN/KOTA, 2000 - 2003 (RUPIAH)","Per Capita GRDP at Current Price By Regendes/MunidpaliOes, in Gorontalo, 2000 • 2003 (Rupiahs)",22,2,39ada833dce9
GORONTALO,,Jml Kab./Kota. Total of Reg /Mun.,,2002,*),"2.605.244,61",,"PDRB PER KAPITA ATAS DASAR HARGA BERLAKU DI PROPINSI GORONTALO MENURUT KABUPATEN/KOTA, 2000 - 2003 (RUPIAH)","Per Capita GRDP at Current Price By Regendes/MunidpaliOes, in Gorontalo, 2000 • 2003 (Rupiahs)",22,2,39c7efef7888
GORONTALO,,Jml Kab./Kota Total of Reg /Mun.,*',2002,*),"2.605 244,61",,"PDRB PER KAPITA ATAS DASAR HARGA BERLAKU DI PROPINSI GORONTALO MENURUT KABUPATEN/KOTA, 2000 - 2003 (RUPIAH)","Per Capita GRDP at Current Price By Regendes/MunidpaliOes, in Gorontalo, 2000 • 2003 (Rupiahs)",22,2,2fa2db82505b
SULAWESI TENGAH,01,Banggai Kepulauan,,2002,*),"3.419.474,38",,"PDRB PER KAPITA ATAS DASAR HARGA BERLAKU DI PROPINSI SULAWESI TENGAH MENURUT KABUPATEN/KOTA, 2000 - 2003 (RUPIAH)","Per Capita GRDP at Current Prtce By Regencies/Municipalities, in Cential Sulawest, 2000 - 2003 (Rupiahs)",23,3,4db404d9a9b0
SULAWESI TENGAH,02,Banggai,,2002,*),"4 399.905,67",,"PDRB PER KAPITA ATAS DASAR HARGA BERLAKU DI PROPINSI SULAWESI TENGAH MENURUT KABUPATEN/KOTA, 2000 - 2003 (RUPIAH)","Per Capita GRDP at Current Prtce By Regencies/Municipalities, in Cential Sulawest, 2000 - 2003 (Rupiahs)",23,3,1beefe612f4f
SULAWESI TENGAH,03,Morowali,,2002,*),"5.756.109,99",,"PDRB PER KAPITA ATAS DASAR HARGA BERLAKU DI PROPINSI SULAWESI TENGAH MENURUT KABUPATEN/KOTA, 2000 - 2003 (RUPIAH)","Per Capita GRDP at Current Prtce By Regencies/Municipalities, in Cential Sulawest, 2000 - 2003 (Rupiahs)",23,3,5d7602fba61d
SULAWESI TENGAH,04,Poso,,2002,*),"4.679.094,76",,"PDRB PER KAPITA ATAS DASAR HARGA BERLAKU DI PROPINSI SULAWESI TENGAH MENURUT KABUPATEN/KOTA, 2000 - 2003 (RUPIAH)","Per Capita GRDP at Current Prtce By Regencies/Municipalities, in Cential Sulawest, 2000 - 2003 (Rupiahs)",23,3,30b1eae372f4
SULAWESI TENGAH,05,Donggala,,2002,*),"5.348 995,41",,"PDRB PER KAPITA ATAS DASAR HARGA BERLAKU DI PROPINSI SULAWESI TENGAH MENURUT KABUPATEN/KOTA, 2000 - 2003 (RUPIAH)","Per Capita GRDP at Current Prtce By Regencies/Municipalities, in Cential Sulawest, 2000 - 2003 (Rupiahs)",23,3,bd162838ee30
SULAWESI TENGAH,08,Parigi Moutung,#),2002,*),,,"PDRB PER KAPITA ATAS DASAR HARGA BERLAKU DI PROPINSI SULAWESI TENGAH MENURUT KABUPATEN/KOTA, 2000 - 2003 (RUPIAH)","Per Capita GRDP at Current Prtce By Regencies/Municipalities, in Cential Sulawest, 2000 - 2003 (Rupiahs)",23,3,6587520d6b5b
SULAWESI TENGAH,06,Toll Toh,,2002,*),"4.757.268,15",,"PDRB PER KAPITA ATAS DASAR HARGA BERLAKU DI PROPINSI SULAWESI TENGAH MENURUT KABUPATEN/KOTA, 2000 - 2003 (RUPIAH)","Per Capita GRDP at Current Prtce By Regencies/Municipalities, in Cential Sulawest, 2000 - 2003 (Rupiahs)",23,3,05d56f1dd3df
SULAWESI TENGAH,07,Buol,,2002,*),"4.188.890,99",,"PDRB PER KAPITA ATAS DASAR HARGA BERLAKU DI PROPINSI SULAWESI TENGAH MENURUT KABUPATEN/KOTA, 2000 - 2003 (RUPIAH)","Per Capita GRDP at Current Prtce By Regencies/Municipalities, in Cential Sulawest, 2000 - 2003 (Rupiahs)",23,3,877c03ddcb87
SULAWESI TENGAH,71,Palu,,2002,*),"i6 001 739,47",,"PDRB PER KAPITA ATAS DASAR HARGA BERLAKU DI PROPINSI SULAWESI TENGAH MENURUT KABUPATEN/KOTA, 2000 - 2003 (RUPIAH)","Per Capita GRDP at Current Prtce By Regencies/Municipalities, in Cential Sulawest, 2000 - 2003 (Rupiahs)",23,3,eca152b1c884
SULAWESI TENGAH,,Jml Kab./Kota. Total of Reg./Mun.,,2002,*),"6.274.361,60",,"PDRB PER KAPITA ATAS DASAR HARGA BERLAKU DI PROPINSI SULAWESI TENGAH MENURUT KABUPATEN/KOTA, 2000 - 2003 (RUPIAH)","Per Capita GRDP at Current Prtce By Regencies/Municipalities, in Cential Sulawest, 2000 - 2003 (Rupiahs)",23,3,a347af2879d4
SULAWESI TENGAH,,Jml Kab./Kota. Total of Reg./Mun.,*',2002,*),"6.274.361,60",,"PDRB PER KAPITA ATAS DASAR HARGA BERLAKU DI PROPINSI SULAWESI TENGAH MENURUT KABUPATEN/KOTA, 2000 - 2003 (RUPIAH)","Per Capita GRDP at Current Prtce By Regencies/Municipalities, in Cential Sulawest, 2000 - 2003 (Rupiahs)",23,3,a01dbba84e74
SULAWESI SELATAN,01,Selayar,,2002,*),"3.419.667,65",,"PDRB PER KAPITA ATAS D/VSAR HARGA BERLAKU DI PROPINSI SULAWESI SELATAN MENURUT KABUPATEN/KOTA, 2000 - 2003 (RUPIAH)","Per Capita GRDP at Current Price By Regencies/Municipaiities, in South Sulawesi, 2000 - 2003 (Rupiahs)",24,4,2f941f557124
SULAWESI SELATAN,02,Bulukumba,,2002,*),"3.392.150,19",,"PDRB PER KAPITA ATAS D/VSAR HARGA BERLAKU DI PROPINSI SULAWESI SELATAN MENURUT KABUPATEN/KOTA, 2000 - 2003 (RUPIAH)","Per Capita GRDP at Current Price By Regencies/Municipaiities, in South Sulawesi, 2000 - 2003 (Rupiahs)",24,4,820c12bc3592
SULAWESI SELATAN,03,Bantaeng,,2002,*),"3.228.044,30",,"PDRB PER KAPITA ATAS D/VSAR HARGA BERLAKU DI PROPINSI SULAWESI SELATAN MENURUT KABUPATEN/KOTA, 2000 - 2003 (RUPIAH)","Per Capita GRDP at Current Price By Regencies/Municipaiities, in South Sulawesi, 2000 - 2003 (Rupiahs)",24,4,ac5e29abad7a
SULAWESI SELATAN,04,Jeneponto,,2002,*),"2 369.252,62",,"PDRB PER KAPITA ATAS D/VSAR HARGA BERLAKU DI PROPINSI SULAWESI SELATAN MENURUT KABUPATEN/KOTA, 2000 - 2003 (RUPIAH)","Per Capita GRDP at Current Price By Regencies/Municipaiities, in South Sulawesi, 2000 - 2003 (Rupiahs)",24,4,fd16b0b7f644
SULAWESI SELATAN,05,Takalar,,2002,*),"2.948.375,62",,"PDRB PER KAPITA ATAS D/VSAR HARGA BERLAKU DI PROPINSI SULAWESI SELATAN MENURUT KABUPATEN/KOTA, 2000 - 2003 (RUPIAH)","Per Capita GRDP at Current Price By Regencies/Municipaiities, in South Sulawesi, 2000 - 2003 (Rupiahs)",24,4,dac2e03d3cfc
SULAWESI SELATAN,06,Gowa,,2002,*),"2.925.030,18",,"PDRB PER KAPITA ATAS D/VSAR HARGA BERLAKU DI PROPINSI SULAWESI SELATAN MENURUT KABUPATEN/KOTA, 2000 - 2003 (RUPIAH)","Per Capita GRDP at Current Price By Regencies/Municipaiities, in South Sulawesi, 2000 - 2003 (Rupiahs)",24,4,4d968b4a31fa
SULAWESI SELATAN,07,Sinjai,,2002,*),"3.497.010,11",,"PDRB PER KAPITA ATAS D/VSAR HARGA BERLAKU DI PROPINSI SULAWESI SELATAN MENURUT KABUPATEN/KOTA, 2000 - 2003 (RUPIAH)","Per Capita GRDP at Current Price By Regencies/Municipaiities, in South Sulawesi, 2000 - 2003 (Rupiahs)",24,4,766d39b0ec42
SULAWESI SELATAN,08,Maros,,2002,*),"3.953 484,62",,"PDRB PER KAPITA ATAS D/VSAR HARGA BERLAKU DI PROPINSI SULAWESI SELATAN MENURUT KABUPATEN/KOTA, 2000 - 2003 (RUPIAH)","Per Capita GRDP at Current Price By Regencies/Municipaiities, in South Sulawesi, 2000 - 2003 (Rupiahs)",24,4,85c534104937
SULAWESI SELATAN,09,Pangkajene Kepulauan,,2002,*),"5.987.514,91",,"PDRB PER KAPITA ATAS D/VSAR HARGA BERLAKU DI PROPINSI SULAWESI SELATAN MENURUT KABUPATEN/KOTA, 2000 - 2003 (RUPIAH)","Per Capita GRDP at Current Price By Regencies/Municipaiities, in South Sulawesi, 2000 - 2003 (Rupiahs)",24,4,cf7ac94c8c41
SULAWESI SELATAN,10,Barru,,2002,*),"3.227.549,41",,"PDRB PER KAPITA ATAS D/VSAR HARGA BERLAKU DI PROPINSI SULAWESI SELATAN MENURUT KABUPATEN/KOTA, 2000 - 2003 (RUPIAH)","Per Capita GRDP at Current Price By Regencies/Municipaiities, in South Sulawesi, 2000 - 2003 (Rupiahs)",24,4,3d997cb2f2ce
SULAWESI SELATAN,11,Bone,,2002,*),"4.015.154,03",,"PDRB PER KAPITA ATAS D/VSAR HARGA BERLAKU DI PROPINSI SULAWESI SELATAN MENURUT KABUPATEN/KOTA, 2000 - 2003 (RUPIAH)","Per Capita GRDP at Current Price By Regencies/Municipaiities, in South Sulawesi, 2000 - 2003 (Rupiahs)",24,4,712cf9c8af05
SULAWESI SELATAN,12,Soppeng,,2002,*),"4.037.906,74",,"PDRB PER KAPITA ATAS D/VSAR HARGA BERLAKU DI PROPINSI SULAWESI SELATAN MENURUT KABUPATEN/KOTA, 2000 - 2003 (RUPIAH)","Per Capita GRDP at Current Price By Regencies/Municipaiities, in South Sulawesi, 2000 - 2003 (Rupiahs)",24,4,7dc9362f2a87
SULAWESI SELATAN,13,Wajo,,2002,*),"4 905 937,00",,"PDRB PER KAPITA ATAS D/VSAR HARGA BERLAKU DI PROPINSI SULAWESI SELATAN MENURUT KABUPATEN/KOTA, 2000 - 2003 (RUPIAH)","Per Capita GRDP at Current Price By Regencies/Municipaiities, in South Sulawesi, 2000 - 2003 (Rupiahs)",24,4,e652bf49e931
SULAWESI SELATAN,,Wajo,*',2002,*),"4 458 725,23",,"PDRB PER KAPITA ATAS D/VSAR HARGA BERLAKU DI PROPINSI SULAWESI SELATAN MENURUT KABUPATEN/KOTA, 2000 - 2003 (RUPIAH)","Per Capita GRDP at Current Price By Regencies/Municipaiities, in South Sulawesi, 2000 - 2003 (Rupiahs)",24,4,c38d48d23ffd
SULAWESI SELATAN,14,Sidenreng Rappang,,2002,*),"4.204.863,88",,"PDRB PER KAPITA ATAS D/VSAR HARGA BERLAKU DI PROPINSI SULAWESI SELATAN MENURUT KABUPATEN/KOTA, 2000 - 2003 (RUPIAH)","Per Capita GRDP at Current Price By Regencies/Municipaiities, in South Sulawesi, 2000 - 2003 (Rupiahs)",24,4,8baa9a372ebd
SULAWESI SELATAN,15,Pinrang,,2002,*),"5.296.480,59",,"PDRB PER KAPITA ATAS D/VSAR HARGA BERLAKU DI PROPINSI SULAWESI SELATAN MENURUT KABUPATEN/KOTA, 2000 - 2003 (RUPIAH)","Per Capita GRDP at Current Price By Regencies/Municipaiities, in South Sulawesi, 2000 - 2003 (Rupiahs)",24,4,c997264b9324
SULAWESI SELATAN,16,Enrekang,,2002,*),"3.089.888,75",,"PDRB PER KAPITA ATAS D/VSAR HARGA BERLAKU DI PROPINSI SULAWESI SELATAN MENURUT KABUPATEN/KOTA, 2000 - 2003 (RUPIAH)","Per Capita GRDP at Current Price By Regencies/Municipaiities, in South Sulawesi, 2000 - 2003 (Rupiahs)",24,4,acba471136a0
SULAWESI SELATAN,17,Luwu,,2002,*),"3.023 808,18",,"PDRB PER KAPITA ATAS D/VSAR HARGA BERLAKU DI PROPINSI SULAWESI SELATAN MENURUT KABUPATEN/KOTA, 2000 - 2003 (RUPIAH)","Per Capita GRDP at Current Price By Regencies/Municipaiities, in South Sulawesi, 2000 - 2003 (Rupiahs)",24,4,ba8e87dba6ce
SULAWESI SELATAN,73,Palopo,#),2002,*),-,,"PDRB PER KAPITA ATAS D/VSAR HARGA BERLAKU DI PROPINSI SULAWESI SELATAN MENURUT KABUPATEN/KOTA, 2000 - 2003 (RUPIAH)","Per Capita GRDP at Current Price By Regencies/Municipaiities, in South Sulawesi, 2000 - 2003 (Rupiahs)",24,4,09444798d255
SULAWESI SELATAN,18,Tana Toraja,,2002,*),"2.605 174,78",,"PDRB PER KAPITA ATAS D/VSAR HARGA BERLAKU DI PROPINSI SULAWESI SELATAN MENURUT KABUPATEN/KOTA, 2000 - 2003 (RUPIAH)","Per Capita GRDP at Current Price By Regencies/Municipaiities, in South Sulawesi, 2000 - 2003 (Rupiahs)",24,4,0cb1aee31e66
SULAWESI SELATAN,19,Polewali Mamasa,,2002,*),"3 039 266,68",,"PDRB PER KAPITA ATAS D/VSAR HARGA BERLAKU DI PROPINSI SULAWESI SELATAN MENURUT KABUPATEN/KOTA, 2000 - 2003 (RUPIAH)","Per Capita GRDP at Current Price By Regencies/Municipaiities, in South Sulawesi, 2000 - 2003 (Rupiahs)",24,4,009b643514f2
SULAWESI SELATAN,23,Mamasa,#),2002,*),-,,"PDRB PER KAPITA ATAS D/VSAR HARGA BERLAKU DI PROPINSI SULAWESI SELATAN MENURUT KABUPATEN/KOTA, 2000 - 2003 (RUPIAH)","Per Capita GRDP at Current Price By Regencies/Municipaiities, in South Sulawesi, 2000 - 2003 (Rupiahs)",24,4,c919172e9aea
SULAWESI SELATAN,20,Majene,,2002,*),"3.660 888,05",,"PDRB PER KAPITA ATAS D/VSAR HARGA BERLAKU DI PROPINSI SULAWESI SELATAN MENURUT KABUPATEN/KOTA, 2000 - 2003 (RUPIAH)","Per Capita GRDP at Current Price By Regencies/Municipaiities, in South Sulawesi, 2000 - 2003 (Rupiahs)",24,4,872a2d8684d6
SULAWESI SELATAN,21,Mamuju,,2002,*),"3 347.606,70",,"PDRB PER KAPITA ATAS D/VSAR HARGA BERLAKU DI PROPINSI SULAWESI SELATAN MENURUT KABUPATEN/KOTA, 2000 - 2003 (RUPIAH)","Per Capita GRDP at Current Price By Regencies/Municipaiities, in South Sulawesi, 2000 - 2003 (Rupiahs)",24,4,b28331d8649d
SULAWESI SELATAN,22,Luwu Utara,,2002,*),"8 979 271,28",,"PDRB PER KAPITA ATAS D/VSAR HARGA BERLAKU DI PROPINSI SULAWESI SELATAN MENURUT KABUPATEN/KOTA, 2000 - 2003 (RUPIAH)","Per Capita GRDP at Current Price By Regencies/Municipaiities, in South Sulawesi, 2000 - 2003 (Rupiahs)",24,4,df06320b457f
SULAWESI SELATAN,71,Makassar,,2002,*),"7 601 703,46",,"PDRB PER KAPITA ATAS D/VSAR HARGA BERLAKU DI PROPINSI SULAWESI SELATAN MENURUT KABUPATEN/KOTA, 2000 - 2003 (RUPIAH)","Per Capita GRDP at Current Price By Regencies/Municipaiities, in South Sulawesi, 2000 - 2003 (Rupiahs)",24,4,f99fc89c4456
SULAWESI SELATAN,72,Pare-Pare,,2002,*),"4.751.081,43",,"PDRB PER KAPITA ATAS D/VSAR HARGA BERLAKU DI PROPINSI SULAWESI SELATAN MENURUT KABUPATEN/KOTA, 2000 - 2003 (RUPIAH)","Per Capita GRDP at Current Price By Regencies/Municipaiities, in South Sulawesi, 2000 - 2003 (Rupiahs)",24,4,7817298c146e
SULAWESI SELATAN,,Jml Kab./Kota. Total of Reg./Mun.,,2002,*),"4.496.892,54",,"PDRB PER KAPITA ATAS D/VSAR HARGA BERLAKU DI PROPINSI SULAWESI SELATAN MENURUT KABUPATEN/KOTA, 2000 - 2003 (RUPIAH)","Per Capita GRDP at Current Price By Regencies/Municipaiities, in South Sulawesi, 2000 - 2003 (Rupiahs)",24,4,e58df21108e3
SULAWESI SELATAN,,Jml Kab./Kota. Total of Reg./Mun.,*',2002,*),"4 476 679,06",,"PDRB PER KAPITA ATAS D/VSAR HARGA BERLAKU DI PROPINSI SULAWESI SELATAN MENURUT KABUPATEN/KOTA, 2000 - 2003 (RUPIAH)","Per Capita GRDP at Current Price By Regencies/Municipaiities, in South Sulawesi, 2000 - 2003 (Rupiahs)",24,4,02f74d2619d7
SULAWESI TENGGARA,01,Buton,,2002,*),"3 025.148,69",,"PDRB PER KAPITA ATAS DASAR HARGA BERLAKU DI PROPINSI SULAWESI TENGGARA MENURUT KABUPATEN/KOTA, 2000 - 2003 (RUPIAH)","Per Capita GRDP at Current Pnce By Regencies/Muniapaiities, in South East Sulawesi, 2000 - 2003 (Rupiahs)",25,5,013f7482ceab
SULAWESI TENGGARA,72,Bau-Bau,#),2002,*),-,,"PDRB PER KAPITA ATAS DASAR HARGA BERLAKU DI PROPINSI SULAWESI TENGGARA MENURUT KABUPATEN/KOTA, 2000 - 2003 (RUPIAH)","Per Capita GRDP at Current Pnce By Regencies/Muniapaiities, in South East Sulawesi, 2000 - 2003 (Rupiahs)",25,5,27a328f1b229
SULAWESI TENGGARA,02,Muna,,2002,*),"3.730.022,42",,"PDRB PER KAPITA ATAS DASAR HARGA BERLAKU DI PROPINSI SULAWESI TENGGARA MENURUT KABUPATEN/KOTA, 2000 - 2003 (RUPIAH)","Per Capita GRDP at Current Pnce By Regencies/Muniapaiities, in South East Sulawesi, 2000 - 2003 (Rupiahs)",25,5,813ed6748296
SULAWESI TENGGARA,03,Kendan,,2002,*),"3.307.240,59",,"PDRB PER KAPITA ATAS DASAR HARGA BERLAKU DI PROPINSI SULAWESI TENGGARA MENURUT KABUPATEN/KOTA, 2000 - 2003 (RUPIAH)","Per Capita GRDP at Current Pnce By Regencies/Muniapaiities, in South East Sulawesi, 2000 - 2003 (Rupiahs)",25,5,2bf9cab35a9e
SULAWESI TENGGARA,04,Kolaka,,2002,*),"6.587.981,41",,"PDRB PER KAPITA ATAS DASAR HARGA BERLAKU DI PROPINSI SULAWESI TENGGARA MENURUT KABUPATEN/KOTA, 2000 - 2003 (RUPIAH)","Per Capita GRDP at Current Pnce By Regencies/Muniapaiities, in South East Sulawesi, 2000 - 2003 (Rupiahs)",25,5,4c854c52795b
SULAWESI TENGGARA,71,Kendari,,2002,*),"5.472.424,50",,"PDRB PER KAPITA ATAS DASAR HARGA BERLAKU DI PROPINSI SULAWESI TENGGARA MENURUT KABUPATEN/KOTA, 2000 - 2003 (RUPIAH)","Per Capita GRDP at Current Pnce By Regencies/Muniapaiities, in South East Sulawesi, 2000 - 2003 (Rupiahs)",25,5,78c0afdfe837
SULAWESI TENGGARA,,Jml Kab./Kota. Total of Reg./Mun.,,2002,*),"4 192 729,28",,"PDRB PER KAPITA ATAS DASAR HARGA BERLAKU DI PROPINSI SULAWESI TENGGARA MENURUT KABUPATEN/KOTA, 2000 - 2003 (RUPIAH)","Per Capita GRDP at Current Pnce By Regencies/Muniapaiities, in South East Sulawesi, 2000 - 2003 (Rupiahs)",25,5,24a85becd11f
SULAWESI TENGGARA,,Jml Kab./Kota. Total of Reg./Mun.,*',2002,*),"4.192 729,28",,"PDRB PER KAPITA ATAS DASAR HARGA BERLAKU DI PROPINSI SULAWESI TENGGARA MENURUT KABUPATEN/KOTA, 2000 - 2003 (RUPIAH)","Per Capita GRDP at Current Pnce By Regencies/Muniapaiities, in South East Sulawesi, 2000 - 2003 (Rupiahs)",25,5,53660649791e
BALI,01,Jembrana,,2002,*),"5.826.781,44",,"PDRB PER KAPITA ATAS DASAR HARGA BERLAKU DI PROPINSI BALI MENURUT KABUPATEN/KOTA, 2000 - 2003 (RUPIAH)","Per Capita GRDP at Current Pnce By Regencies/Muntcipalities, in Ball, 2000 - 2003 (Ruptahs)",26,6,635f244b8022
BALI,02,Tabanan,,2002,*),"4.829 048,16",,"PDRB PER KAPITA ATAS DASAR HARGA BERLAKU DI PROPINSI BALI MENURUT KABUPATEN/KOTA, 2000 - 2003 (RUPIAH)","Per Capita GRDP at Current Pnce By Regencies/Muntcipalities, in Ball, 2000 - 2003 (Ruptahs)",26,6,94e135cd759e
BALI,03,Badung,,2002,*),"13 110.749,19",,"PDRB PER KAPITA ATAS DASAR HARGA BERLAKU DI PROPINSI BALI MENURUT KABUPATEN/KOTA, 2000 - 2003 (RUPIAH)","Per Capita GRDP at Current Pnce By Regencies/Muntcipalities, in Ball, 2000 - 2003 (Ruptahs)",26,6,440a0c700118
BALI,04,Gianyar,,2002,*),"6.529.596,75",,"PDRB PER KAPITA ATAS DASAR HARGA BERLAKU DI PROPINSI BALI MENURUT KABUPATEN/KOTA, 2000 - 2003 (RUPIAH)","Per Capita GRDP at Current Pnce By Regencies/Muntcipalities, in Ball, 2000 - 2003 (Ruptahs)",26,6,f1531e68a80f
BALI,05,Klungkung,,2002,*),"6.424.126,29",,"PDRB PER KAPITA ATAS DASAR HARGA BERLAKU DI PROPINSI BALI MENURUT KABUPATEN/KOTA, 2000 - 2003 (RUPIAH)","Per Capita GRDP at Current Pnce By Regencies/Muntcipalities, in Ball, 2000 - 2003 (Ruptahs)",26,6,a8a023045fcb
BALI,06,Bangli,,2002,*),"4.803 801,33",,"PDRB PER KAPITA ATAS DASAR HARGA BERLAKU DI PROPINSI BALI MENURUT KABUPATEN/KOTA, 2000 - 2003 (RUPIAH)","Per Capita GRDP at Current Pnce By Regencies/Muntcipalities, in Ball, 2000 - 2003 (Ruptahs)",26,6,dcdceefbe6e7
BALI,07,Karangasem,,2002,*),"3.951.542,34",,"PDRB PER KAPITA ATAS DASAR HARGA BERLAKU DI PROPINSI BALI MENURUT KABUPATEN/KOTA, 2000 - 2003 (RUPIAH)","Per Capita GRDP at Current Pnce By Regencies/Muntcipalities, in Ball, 2000 - 2003 (Ruptahs)",26,6,67d318c641a7
BALI,08,Buleleng,,2002,*),"4.782.794,97",,"PDRB PER KAPITA ATAS DASAR HARGA BERLAKU DI PROPINSI BALI MENURUT KABUPATEN/KOTA, 2000 - 2003 (RUPIAH)","Per Capita GRDP at Current Pnce By Regencies/Muntcipalities, in Ball, 2000 - 2003 (Ruptahs)",26,6,a07e904c81db
BALI,71,Denpasar,,2002,*),"7 563 561,32",,"PDRB PER KAPITA ATAS DASAR HARGA BERLAKU DI PROPINSI BALI MENURUT KABUPATEN/KOTA, 2000 - 2003 (RUPIAH)","Per Capita GRDP at Current Pnce By Regencies/Muntcipalities, in Ball, 2000 - 2003 (Ruptahs)",26,6,076fdda864b7
BALI,,Jml Kab./Kota. Total of Reg./Mun.,,2002,*),"6.463.968,13",,"PDRB PER KAPITA ATAS DASAR HARGA BERLAKU DI PROPINSI BALI MENURUT KABUPATEN/KOTA, 2000 - 2003 (RUPIAH)","Per Capita GRDP at Current Pnce By Regencies/Muntcipalities, in Ball, 2000 - 2003 (Ruptahs)",26,6,9d9716a35e0b
BALI,,Jml Kab./Kota. Total of Reg./Mun.,*',2002,*),"6.463.968,13",,"PDRB PER KAPITA ATAS DASAR HARGA BERLAKU DI PROPINSI BALI MENURUT KABUPATEN/KOTA, 2000 - 2003 (RUPIAH)","Per Capita GRDP at Current Pnce By Regencies/Muntcipalities, in Ball, 2000 - 2003 (Ruptahs)",26,6,0161d341312b
NUSA TENGGARA BARAT,01,Lombok Barat,,2002,*),"2.871.338,85",,"PDRB PER KAPITA ATAS DASAR HARGA BERLAKU DI PROPINSI NUSA TENGGARA BARAT MENURUT KABUPATEN/KOTA, 2000 - 2003 (RUPIAH)","Per Capita GRDP at Current Pnce By Regencies/Muniapaltties, tn West Nusa Tenggara, 2000 - 2003 (Rupiahs)",27,7,e95993549a68
NUSA TENGGARA BARAT,02,Lombok Tengah,,2002,*),"2.145.011,71",,"PDRB PER KAPITA ATAS DASAR HARGA BERLAKU DI PROPINSI NUSA TENGGARA BARAT MENURUT KABUPATEN/KOTA, 2000 - 2003 (RUPIAH)","Per Capita GRDP at Current Pnce By Regencies/Muniapaltties, tn West Nusa Tenggara, 2000 - 2003 (Rupiahs)",27,7,721579185783
NUSA TENGGARA BARAT,03,Lombok Timur,,2002,*),"2 297.801,01",,"PDRB PER KAPITA ATAS DASAR HARGA BERLAKU DI PROPINSI NUSA TENGGARA BARAT MENURUT KABUPATEN/KOTA, 2000 - 2003 (RUPIAH)","Per Capita GRDP at Current Pnce By Regencies/Muniapaltties, tn West Nusa Tenggara, 2000 - 2003 (Rupiahs)",27,7,0186c4389bb1
NUSA TENGGARA BARAT,04,Sumbawa,,2002,*),"13.438.577,96",,"PDRB PER KAPITA ATAS DASAR HARGA BERLAKU DI PROPINSI NUSA TENGGARA BARAT MENURUT KABUPATEN/KOTA, 2000 - 2003 (RUPIAH)","Per Capita GRDP at Current Pnce By Regencies/Muniapaltties, tn West Nusa Tenggara, 2000 - 2003 (Rupiahs)",27,7,539f441987bc
NUSA TENGGARA BARAT,05,Dompu,,2002,*),"4.099.407,25",,"PDRB PER KAPITA ATAS DASAR HARGA BERLAKU DI PROPINSI NUSA TENGGARA BARAT MENURUT KABUPATEN/KOTA, 2000 - 2003 (RUPIAH)","Per Capita GRDP at Current Pnce By Regencies/Muniapaltties, tn West Nusa Tenggara, 2000 - 2003 (Rupiahs)",27,7,521bc369cff0
NUSA TENGGARA BARAT,06,Bima,,2002,*),"d3.038 052,04",,"PDRB PER KAPITA ATAS DASAR HARGA BERLAKU DI PROPINSI NUSA TENGGARA BARAT MENURUT KABUPATEN/KOTA, 2000 - 2003 (RUPIAH)","Per Capita GRDP at Current Pnce By Regencies/Muniapaltties, tn West Nusa Tenggara, 2000 - 2003 (Rupiahs)",27,7,bdf47b1340a9
NUSA TENGGARA BARAT,72,Kota Bima,#),2002,*),,,"PDRB PER KAPITA ATAS DASAR HARGA BERLAKU DI PROPINSI NUSA TENGGARA BARAT MENURUT KABUPATEN/KOTA, 2000 - 2003 (RUPIAH)","Per Capita GRDP at Current Pnce By Regencies/Muniapaltties, tn West Nusa Tenggara, 2000 - 2003 (Rupiahs)",27,7,aba2effc48f9
NUSA TENGGARA BARAT,71,Mataram,,2002,*),"4 181 012,66",,"PDRB PER KAPITA ATAS DASAR HARGA BERLAKU DI PROPINSI NUSA TENGGARA BARAT MENURUT KABUPATEN/KOTA, 2000 - 2003 (RUPIAH)","Per Capita GRDP at Current Pnce By Regencies/Muniapaltties, tn West Nusa Tenggara, 2000 - 2003 (Rupiahs)",27,7,f234674f3200
NUSA TENGGARA BARAT,,Jml Kab./Kota. Total of Reg /Mun.,,2002,*),"4 011 174,79",,"PDRB PER KAPITA ATAS DASAR HARGA BERLAKU DI PROPINSI NUSA TENGGARA BARAT MENURUT KABUPATEN/KOTA, 2000 - 2003 (RUPIAH)","Per Capita GRDP at Current Pnce By Regencies/Muniapaltties, tn West Nusa Tenggara, 2000 - 2003 (Rupiahs)",27,7,684b475b65cf
NUSA TENGGARA BARAT,,Jml Kab./Kota. Total of Reg./Mun.,*',2002,*),"4.011 174,79",,"PDRB PER KAPITA ATAS DASAR HARGA BERLAKU DI PROPINSI NUSA TENGGARA BARAT MENURUT KABUPATEN/KOTA, 2000 - 2003 (RUPIAH)","Per Capita GRDP at Current Pnce By Regencies/Muniapaltties, tn West Nusa Tenggara, 2000 - 2003 (Rupiahs)",27,7,1043a4f33e43
NUSA TENGGARA TIMUR,01,Sumba Barat,,2002,*),"1.427.057,31",,"PDRB PER KAPITA ATAS DASAR HARGA BERLAKU DI PROPINSI NUSA TENGGARA TIMUR MENURUT KABUPATEN/KOTA, 2000 - 2003 (RUPIAH)","Per Capita GRDP at Current Price By Regencies/Munidpalities, in East Nusa Tenggara, 2000 - 2003 (Rupiahs)",28,8,9bad4a8d5333
NUSA TENGGARA TIMUR,02,Sumba Timur,,2002,*),"2.305.804,18",,"PDRB PER KAPITA ATAS DASAR HARGA BERLAKU DI PROPINSI NUSA TENGGARA TIMUR MENURUT KABUPATEN/KOTA, 2000 - 2003 (RUPIAH)","Per Capita GRDP at Current Price By Regencies/Munidpalities, in East Nusa Tenggara, 2000 - 2003 (Rupiahs)",28,8,dedef13dd21a
NUSA TENGGARA TIMUR,03,Kupang,,2002,*),"1.844.218,06",,"PDRB PER KAPITA ATAS DASAR HARGA BERLAKU DI PROPINSI NUSA TENGGARA TIMUR MENURUT KABUPATEN/KOTA, 2000 - 2003 (RUPIAH)","Per Capita GRDP at Current Price By Regencies/Munidpalities, in East Nusa Tenggara, 2000 - 2003 (Rupiahs)",28,8,643739f67fac
NUSA TENGGARA TIMUR,14,Rote Ndao,#),2002,*),,,"PDRB PER KAPITA ATAS DASAR HARGA BERLAKU DI PROPINSI NUSA TENGGARA TIMUR MENURUT KABUPATEN/KOTA, 2000 - 2003 (RUPIAH)","Per Capita GRDP at Current Price By Regencies/Munidpalities, in East Nusa Tenggara, 2000 - 2003 (Rupiahs)",28,8,86b2256eb89f
NUSA TENGGARA TIMUR,04,Timor Tengah Selatan,,2002,*),"1.609.642,99",,"PDRB PER KAPITA ATAS DASAR HARGA BERLAKU DI PROPINSI NUSA TENGGARA TIMUR MENURUT KABUPATEN/KOTA, 2000 - 2003 (RUPIAH)","Per Capita GRDP at Current Price By Regencies/Munidpalities, in East Nusa Tenggara, 2000 - 2003 (Rupiahs)",28,8,1c11b3e4fa37
NUSA TENGGARA TIMUR,05,Timor Tengah Utara,,2002,*),"1.750.003,79",,"PDRB PER KAPITA ATAS DASAR HARGA BERLAKU DI PROPINSI NUSA TENGGARA TIMUR MENURUT KABUPATEN/KOTA, 2000 - 2003 (RUPIAH)","Per Capita GRDP at Current Price By Regencies/Munidpalities, in East Nusa Tenggara, 2000 - 2003 (Rupiahs)",28,8,b2bbc14cfde7
NUSA TENGGARA TIMUR,06,Belu,,2002,*),"1.819.680,69",,"PDRB PER KAPITA ATAS DASAR HARGA BERLAKU DI PROPINSI NUSA TENGGARA TIMUR MENURUT KABUPATEN/KOTA, 2000 - 2003 (RUPIAH)","Per Capita GRDP at Current Price By Regencies/Munidpalities, in East Nusa Tenggara, 2000 - 2003 (Rupiahs)",28,8,65921609c3de
NUSA TENGGARA TIMUR,07,Alor,,2002,*),"1.954 571,66",,"PDRB PER KAPITA ATAS DASAR HARGA BERLAKU DI PROPINSI NUSA TENGGARA TIMUR MENURUT KABUPATEN/KOTA, 2000 - 2003 (RUPIAH)","Per Capita GRDP at Current Price By Regencies/Munidpalities, in East Nusa Tenggara, 2000 - 2003 (Rupiahs)",28,8,6e05d0f66339
NUSA TENGGARA TIMUR,08,Lembata,,2002,*),"1.374.067,25",,"PDRB PER KAPITA ATAS DASAR HARGA BERLAKU DI PROPINSI NUSA TENGGARA TIMUR MENURUT KABUPATEN/KOTA, 2000 - 2003 (RUPIAH)","Per Capita GRDP at Current Price By Regencies/Munidpalities, in East Nusa Tenggara, 2000 - 2003 (Rupiahs)",28,8,c933a78aa60d
NUSA TENGGARA TIMUR,09,Flores Timur,,2002,*),"2.245.222,90",,"PDRB PER KAPITA ATAS DASAR HARGA BERLAKU DI PROPINSI NUSA TENGGARA TIMUR MENURUT KABUPATEN/KOTA, 2000 - 2003 (RUPIAH)","Per Capita GRDP at Current Price By Regencies/Munidpalities, in East Nusa Tenggara, 2000 - 2003 (Rupiahs)",28,8,6d06ceb43e3a
NUSA TENGGARA TIMUR,10,Sikka,,2002,*),"2.048.187,85",,"PDRB PER KAPITA ATAS DASAR HARGA BERLAKU DI PROPINSI NUSA TENGGARA TIMUR MENURUT KABUPATEN/KOTA, 2000 - 2003 (RUPIAH)","Per Capita GRDP at Current Price By Regencies/Munidpalities, in East Nusa Tenggara, 2000 - 2003 (Rupiahs)",28,8,8f68875a1c6b
NUSA TENGGARA TIMUR,11,Ende,,2002,*),"2.241 339,49",,"PDRB PER KAPITA ATAS DASAR HARGA BERLAKU DI PROPINSI NUSA TENGGARA TIMUR MENURUT KABUPATEN/KOTA, 2000 - 2003 (RUPIAH)","Per Capita GRDP at Current Price By Regencies/Munidpalities, in East Nusa Tenggara, 2000 - 2003 (Rupiahs)",28,8,c2f786c1f081
NUSA TENGGARA TIMUR,12,Ngada,,2002,*),"2 142.143,44",,"PDRB PER KAPITA ATAS DASAR HARGA BERLAKU DI PROPINSI NUSA TENGGARA TIMUR MENURUT KABUPATEN/KOTA, 2000 - 2003 (RUPIAH)","Per Capita GRDP at Current Price By Regencies/Munidpalities, in East Nusa Tenggara, 2000 - 2003 (Rupiahs)",28,8,370947ff6106
NUSA TENGGARA TIMUR,13,Manggarai,,2002,*),"1.656.569,53",,"PDRB PER KAPITA ATAS DASAR HARGA BERLAKU DI PROPINSI NUSA TENGGARA TIMUR MENURUT KABUPATEN/KOTA, 2000 - 2003 (RUPIAH)","Per Capita GRDP at Current Price By Regencies/Munidpalities, in East Nusa Tenggara, 2000 - 2003 (Rupiahs)",28,8,cbd7ca7d681a
NUSA TENGGARA TIMUR,71,Kupang,,2002,*),"6.414.888,53",,"PDRB PER KAPITA ATAS DASAR HARGA BERLAKU DI PROPINSI NUSA TENGGARA TIMUR MENURUT KABUPATEN/KOTA, 2000 - 2003 (RUPIAH)","Per Capita GRDP at Current Price By Regencies/Munidpalities, in East Nusa Tenggara, 2000 - 2003 (Rupiahs)",28,8,366fc4b337ea
NUSA TENGGARA TIMUR,,Jml Kab./Kota. Total of Reg./Mtun.,,2002,*),"2.121.383,36",,"PDRB PER KAPITA ATAS DASAR HARGA BERLAKU DI PROPINSI NUSA TENGGARA TIMUR MENURUT KABUPATEN/KOTA, 2000 - 2003 (RUPIAH)","Per Capita GRDP at Current Price By Regencies/Munidpalities, in East Nusa Tenggara, 2000 - 2003 (Rupiahs)",28,8,8bbfd5f397f2
NUSA TENGGARA TIMUR,,Jml Kab./Kota. Total of Reg./Mun.,*',2002,*),"2.121.383,36",,"PDRB PER KAPITA ATAS DASAR HARGA BERLAKU DI PROPINSI NUSA TENGGARA TIMUR MENURUT KABUPATEN/KOTA, 2000 - 2003 (RUPIAH)","Per Capita GRDP at Current Price By Regencies/Munidpalities, in East Nusa Tenggara, 2000 - 2003 (Rupiahs)",28,8,1850bf3497df
MALUKU,01,Maluku Tenggara Barat,,2002,*),"2.820.263,60",,"PDRB PER KAPITA ATAS DASAR HARGA BERLAKU DI PROPINSI MALUKU MENURUT KABUPATEN/KOTA, 2000 - 2003 (RUPIAH)","Per Capita GRDP at Current Prtce By Regencies/Muntcipalities, m Maluku, 2000 • 2003 (Rupiahs)",29,9,fe40b480672a
MALUKU,02,Maluku Tenggara,,2002,*),"2.530.016,38",,"PDRB PER KAPITA ATAS DASAR HARGA BERLAKU DI PROPINSI MALUKU MENURUT KABUPATEN/KOTA, 2000 - 2003 (RUPIAH)","Per Capita GRDP at Current Prtce By Regencies/Muntcipalities, m Maluku, 2000 • 2003 (Rupiahs)",29,9,00f84a41dcda
MALUKU,03,Maluku Tengah,,2002,*),"1.718.192,87",,"PDRB PER KAPITA ATAS DASAR HARGA BERLAKU DI PROPINSI MALUKU MENURUT KABUPATEN/KOTA, 2000 - 2003 (RUPIAH)","Per Capita GRDP at Current Prtce By Regencies/Muntcipalities, m Maluku, 2000 • 2003 (Rupiahs)",29,9,1003fd610dca
MALUKU,,Maluku Tengah,*',2002,*),"1.687.081,89",,"PDRB PER KAPITA ATAS DASAR HARGA BERLAKU DI PROPINSI MALUKU MENURUT KABUPATEN/KOTA, 2000 - 2003 (RUPIAH)","Per Capita GRDP at Current Prtce By Regencies/Muntcipalities, m Maluku, 2000 • 2003 (Rupiahs)",29,9,9dec1d93d3e5
MALUKU,04,Buru,,2002,*),"2.075.165,63",,"PDRB PER KAPITA ATAS DASAR HARGA BERLAKU DI PROPINSI MALUKU MENURUT KABUPATEN/KOTA, 2000 - 2003 (RUPIAH)","Per Capita GRDP at Current Prtce By Regencies/Muntcipalities, m Maluku, 2000 • 2003 (Rupiahs)",29,9,a9e53edca3f0
MALUKU,71,/Vmbon,,2002,*),"5.643.698,69",,"PDRB PER KAPITA ATAS DASAR HARGA BERLAKU DI PROPINSI MALUKU MENURUT KABUPATEN/KOTA, 2000 - 2003 (RUPIAH)","Per Capita GRDP at Current Prtce By Regencies/Muntcipalities, m Maluku, 2000 • 2003 (Rupiahs)",29,9,f97ef88d5bb8
MALUKU,,Jml Kab./Kota. Total of Reg./Mun.,,2002,*),"2 733 336,48",,"PDRB PER KAPITA ATAS DASAR HARGA BERLAKU DI PROPINSI MALUKU MENURUT KABUPATEN/KOTA, 2000 - 2003 (RUPIAH)","Per Capita GRDP at Current Prtce By Regencies/Muntcipalities, m Maluku, 2000 • 2003 (Rupiahs)",29,9,1fd2454ad044
MALUKU,,"Jml Kab./Kota. Total of Reg./Mun.""","""",2002,*),"2 719.862,46",,"PDRB PER KAPITA ATAS DASAR HARGA BERLAKU DI PROPINSI MALUKU MENURUT KABUPATEN/KOTA, 2000 - 2003 (RUPIAH)","Per Capita GRDP at Current Prtce By Regencies/Muntcipalities, m Maluku, 2000 • 2003 (Rupiahs)",29,9,a6255ba08f20
MALUKU UTARA,01,Maluku Utara,,2002,*),"2.298.723,12",,"PDRB PER KAPITA ATAS DASAR HARGA BERLAKU DI PROPINSI MALUKU UTARA MENURUT KABUPATEN/KOTA, 2000 - 2003 (RUPIAH)","Per Capita GRDP at Current Pnce By Regencies/Municipalities, in North Maluku, 2000 - 2003 (Rupiahs)",30,10,02c7203d738a
MALUKU UTARA,02,Halmahera Tengah,,2002,*),"3.220.649,75",,"PDRB PER KAPITA ATAS DASAR HARGA BERLAKU DI PROPINSI MALUKU UTARA MENURUT KABUPATEN/KOTA, 2000 - 2003 (RUPIAH)","Per Capita GRDP at Current Pnce By Regencies/Municipalities, in North Maluku, 2000 - 2003 (Rupiahs)",30,10,3b88d64f550b
MALUKU UTARA,71,Temate,,2002,*),"2.483.668,27",,"PDRB PER KAPITA ATAS DASAR HARGA BERLAKU DI PROPINSI MALUKU UTARA MENURUT KABUPATEN/KOTA, 2000 - 2003 (RUPIAH)","Per Capita GRDP at Current Pnce By Regencies/Municipalities, in North Maluku, 2000 - 2003 (Rupiahs)",30,10,85b30690a8f7
MALUKU UTARA,,Jml Kab./Kota. Total of Reg /Mun.,,2002,*),"2 508.227,49",,"PDRB PER KAPITA ATAS DASAR HARGA BERLAKU DI PROPINSI MALUKU UTARA MENURUT KABUPATEN/KOTA, 2000 - 2003 (RUPIAH)","Per Capita GRDP at Current Pnce By Regencies/Municipalities, in North Maluku, 2000 - 2003 (Rupiahs)",30,10,754e24664375
MALUKU UTARA,,Jml Kab /Kota. Totai of Reg./Mun.,*',2002,*),"2 508 227,49",,"PDRB PER KAPITA ATAS DASAR HARGA BERLAKU DI PROPINSI MALUKU UTARA MENURUT KABUPATEN/KOTA, 2000 - 2003 (RUPIAH)","Per Capita GRDP at Current Pnce By Regencies/Municipalities, in North Maluku, 2000 - 2003 (Rupiahs)",30,10,806553b23896
SULAWESI UTARA,01,Bolaang Mongondow,,2003,**),"4.446.488,42",,"PDRB PER KAPITA ATAS DASAR HARGA BERLAKU DI PROPINSI SULAWESI UTARA MENURUT KABUPATEN/KOTA, 2000 - 2003 (RUPIAH)","Per Capita GRDP at Current Pnce By Regencies/Municipalities, in North Sulawesi, 2000 - 2003 (Rupiahs)",21,1,4dd5b36e2852
SULAWESI UTARA,02,Minahasa,,2003,**),"4.902.561,20",,"PDRB PER KAPITA ATAS DASAR HARGA BERLAKU DI PROPINSI SULAWESI UTARA MENURUT KABUPATEN/KOTA, 2000 - 2003 (RUPIAH)","Per Capita GRDP at Current Pnce By Regencies/Municipalities, in North Sulawesi, 2000 - 2003 (Rupiahs)",21,1,78520238d6a8
SULAWESI UTARA,05,Minahasa Selatan,#),2003,**),,,"PDRB PER KAPITA ATAS DASAR HARGA BERLAKU DI PROPINSI SULAWESI UTARA MENURUT KABUPATEN/KOTA, 2000 - 2003 (RUPIAH)","Per Capita GRDP at Current Pnce By Regencies/Municipalities, in North Sulawesi, 2000 - 2003 (Rupiahs)",21,1,f803bc11bc90
SULAWESI UTARA,73,Tomohon,#),2003,**),"4.541.038,98",,"PDRB PER KAPITA ATAS DASAR HARGA BERLAKU DI PROPINSI SULAWESI UTARA MENURUT KABUPATEN/KOTA, 2000 - 2003 (RUPIAH)","Per Capita GRDP at Current Pnce By Regencies/Municipalities, in North Sulawesi, 2000 - 2003 (Rupiahs)",21,1,0dacdc173620
SULAWESI UTARA,03,Sangihe Talaud,,2003,**),"4.366.485,13",,"PDRB PER KAPITA ATAS DASAR HARGA BERLAKU DI PROPINSI SULAWESI UTARA MENURUT KABUPATEN/KOTA, 2000 - 2003 (RUPIAH)","Per Capita GRDP at Current Pnce By Regencies/Municipalities, in North Sulawesi, 2000 - 2003 (Rupiahs)",21,1,8e9b60ddca54
SULAWESI UTARA,04,Kepulauan Talaud,#),2003,**),"3.548.667,00",,"PDRB PER KAPITA ATAS DASAR HARGA BERLAKU DI PROPINSI SULAWESI UTARA MENURUT KABUPATEN/KOTA, 2000 - 2003 (RUPIAH)","Per Capita GRDP at Current Pnce By Regencies/Municipalities, in North Sulawesi, 2000 - 2003 (Rupiahs)",21,1,a1d71d6a7873
SULAWESI UTARA,71,Manado,,2003,**),"7.602.975,48",,"PDRB PER KAPITA ATAS DASAR HARGA BERLAKU DI PROPINSI SULAWESI UTARA MENURUT KABUPATEN/KOTA, 2000 - 2003 (RUPIAH)","Per Capita GRDP at Current Pnce By Regencies/Municipalities, in North Sulawesi, 2000 - 2003 (Rupiahs)",21,1,e36cade83918
SULAWESI UTARA,72,Bitung,,2003,**),"9.583.420,59",,"PDRB PER KAPITA ATAS DASAR HARGA BERLAKU DI PROPINSI SULAWESI UTARA MENURUT KABUPATEN/KOTA, 2000 - 2003 (RUPIAH)","Per Capita GRDP at Current Pnce By Regencies/Municipalities, in North Sulawesi, 2000 - 2003 (Rupiahs)",21,1,9cf3f9c36c2c
SULAWESI UTARA,,Jml Kab./Kota. Total of Reg./Mun.,,2003,**),"5.716.657,11",,"PDRB PER KAPITA ATAS DASAR HARGA BERLAKU DI PROPINSI SULAWESI UTARA MENURUT KABUPATEN/KOTA, 2000 - 2003 (RUPIAH)","Per Capita GRDP at Current Pnce By Regencies/Municipalities, in North Sulawesi, 2000 - 2003 (Rupiahs)",21,1,638d036ee663
SULAWESI UTARA,,Jml Kab./Kota. Total of Reg./Mun.,*',2003,**),"5.716.657,11",,"PDRB PER KAPITA ATAS DASAR HARGA BERLAKU DI PROPINSI SULAWESI UTARA MENURUT KABUPATEN/KOTA, 2000 - 2003 (RUPIAH)","Per Capita GRDP at Current Pnce By Regencies/Municipalities, in North Sulawesi, 2000 - 2003 (Rupiahs)",21,1,d644eac8d8ca
GORONTALO,01,Boalemo,,2003,**),"2.683.068,90",,"PDRB PER KAPITA ATAS DASAR HARGA BERLAKU DI PROPINSI GORONTALO MENURUT KABUPATEN/KOTA, 2000 - 2003 (RUPIAH)","Per Capita GRDP at Current Price By Regendes/MunidpaliOes, in Gorontalo, 2000 • 2003 (Rupiahs)",22,2,975c3b1d85ed
GORONTALO,03,Pohuwato,#),2003,**),"4.056.040,11",,"PDRB PER KAPITA ATAS DASAR HARGA BERLAKU DI PROPINSI GORONTALO MENURUT KABUPATEN/KOTA, 2000 - 2003 (RUPIAH)","Per Capita GRDP at Current Price By Regendes/MunidpaliOes, in Gorontalo, 2000 • 2003 (Rupiahs)",22,2,960ba6ffa0a5
GORONTALO,02,Gorontalo,,2003,**),"2.290.675,69",,"PDRB PER KAPITA ATAS DASAR HARGA BERLAKU DI PROPINSI GORONTALO MENURUT KABUPATEN/KOTA, 2000 - 2003 (RUPIAH)","Per Capita GRDP at Current Price By Regendes/MunidpaliOes, in Gorontalo, 2000 • 2003 (Rupiahs)",22,2,5b33191aab17
GORONTALO,04,Bone Bolango,#),2003,**),"2.762.417,38",,"PDRB PER KAPITA ATAS DASAR HARGA BERLAKU DI PROPINSI GORONTALO MENURUT KABUPATEN/KOTA, 2000 - 2003 (RUPIAH)","Per Capita GRDP at Current Price By Regendes/MunidpaliOes, in Gorontalo, 2000 • 2003 (Rupiahs)",22,2,f47eefbbf7f1
GORONTALO,71,Gorontalo,,2003,**),"3.795.931,44",,"PDRB PER KAPITA ATAS DASAR HARGA BERLAKU DI PROPINSI GORONTALO MENURUT KABUPATEN/KOTA, 2000 - 2003 (RUPIAH)","Per Capita GRDP at Current Price By Regendes/MunidpaliOes, in Gorontalo, 2000 • 2003 (Rupiahs)",22,2,05868c804cb7
GORONTALO,,Jml Kab./Kota. Total of Reg /Mun.,,2003,**),"2.853.908,05",,"PDRB PER KAPITA ATAS DASAR HARGA BERLAKU DI PROPINSI GORONTALO MENURUT KABUPATEN/KOTA, 2000 - 2003 (RUPIAH)","Per Capita GRDP at Current Price By Regendes/MunidpaliOes, in Gorontalo, 2000 • 2003 (Rupiahs)",22,2,eb0cb67a7403
GORONTALO,,Jml Kab./Kota Total of Reg /Mun.,*',2003,**),"2 853 908,05",,"PDRB PER KAPITA ATAS DASAR HARGA BERLAKU DI PROPINSI GORONTALO MENURUT KABUPATEN/KOTA, 2000 - 2003 (RUPIAH)","Per Capita GRDP at Current Price By Regendes/MunidpaliOes, in Gorontalo, 2000 • 2003 (Rupiahs)",22,2,eb2eced06e35
SULAWESI TENGAH,01,Banggai Kepulauan,,2003,**),"4.199.672,72",,"PDRB PER KAPITA ATAS DASAR HARGA BERLAKU DI PROPINSI SULAWESI TENGAH MENURUT KABUPATEN/KOTA, 2000 - 2003 (RUPIAH)","Per Capita GRDP at Current Prtce By Regencies/Municipalities, in Cential Sulawest, 2000 - 2003 (Rupiahs)",23,3,619350967b3c
SULAWESI TENGAH,02,Banggai,,2003,**),"4.814.877,08",,"PDRB PER KAPITA ATAS DASAR HARGA BERLAKU DI PROPINSI SULAWESI TENGAH MENURUT KABUPATEN/KOTA, 2000 - 2003 (RUPIAH)","Per Capita GRDP at Current Prtce By Regencies/Municipalities, in Cential Sulawest, 2000 - 2003 (Rupiahs)",23,3,095e30673f05
SULAWESI TENGAH,03,Morowali,,2003,**),"6.294.290,68",,"PDRB PER KAPITA ATAS DASAR HARGA BERLAKU DI PROPINSI SULAWESI TENGAH MENURUT KABUPATEN/KOTA, 2000 - 2003 (RUPIAH)","Per Capita GRDP at Current Prtce By Regencies/Municipalities, in Cential Sulawest, 2000 - 2003 (Rupiahs)",23,3,fbac25fd433a
SULAWESI TENGAH,04,Poso,,2003,**),"8.174.770,19",,"PDRB PER KAPITA ATAS DASAR HARGA BERLAKU DI PROPINSI SULAWESI TENGAH MENURUT KABUPATEN/KOTA, 2000 - 2003 (RUPIAH)","Per Capita GRDP at Current Prtce By Regencies/Municipalities, in Cential Sulawest, 2000 - 2003 (Rupiahs)",23,3,e9d156006d21
SULAWESI TENGAH,05,Donggala,,2003,**),"5.460.002,03",,"PDRB PER KAPITA ATAS DASAR HARGA BERLAKU DI PROPINSI SULAWESI TENGAH MENURUT KABUPATEN/KOTA, 2000 - 2003 (RUPIAH)","Per Capita GRDP at Current Prtce By Regencies/Municipalities, in Cential Sulawest, 2000 - 2003 (Rupiahs)",23,3,4c53af747e80
SULAWESI TENGAH,08,Parigi Moutung,#),2003,**),"6.504.437,60",,"PDRB PER KAPITA ATAS DASAR HARGA BERLAKU DI PROPINSI SULAWESI TENGAH MENURUT KABUPATEN/KOTA, 2000 - 2003 (RUPIAH)","Per Capita GRDP at Current Prtce By Regencies/Municipalities, in Cential Sulawest, 2000 - 2003 (Rupiahs)",23,3,c418919e944b
SULAWESI TENGAH,06,Toll Toh,,2003,**),"5.197.925,33",,"PDRB PER KAPITA ATAS DASAR HARGA BERLAKU DI PROPINSI SULAWESI TENGAH MENURUT KABUPATEN/KOTA, 2000 - 2003 (RUPIAH)","Per Capita GRDP at Current Prtce By Regencies/Municipalities, in Cential Sulawest, 2000 - 2003 (Rupiahs)",23,3,1d0a0e475c81
SULAWESI TENGAH,07,Buol,,2003,**),"4 343.851,76",,"PDRB PER KAPITA ATAS DASAR HARGA BERLAKU DI PROPINSI SULAWESI TENGAH MENURUT KABUPATEN/KOTA, 2000 - 2003 (RUPIAH)","Per Capita GRDP at Current Prtce By Regencies/Municipalities, in Cential Sulawest, 2000 - 2003 (Rupiahs)",23,3,1542584061e5
SULAWESI TENGAH,71,Palu,,2003,**),"6.794.116,28",,"PDRB PER KAPITA ATAS DASAR HARGA BERLAKU DI PROPINSI SULAWESI TENGAH MENURUT KABUPATEN/KOTA, 2000 - 2003 (RUPIAH)","Per Capita GRDP at Current Prtce By Regencies/Municipalities, in Cential Sulawest, 2000 - 2003 (Rupiahs)",23,3,1d6ebf4e7309
SULAWESI TENGAH,,Jml Kab./Kota. Total of Reg./Mun.,,2003,**),"7.320.536,74",,"PDRB PER KAPITA ATAS DASAR HARGA BERLAKU DI PROPINSI SULAWESI TENGAH MENURUT KABUPATEN/KOTA, 2000 - 2003 (RUPIAH)","Per Capita GRDP at Current Prtce By Regencies/Municipalities, in Cential Sulawest, 2000 - 2003 (Rupiahs)",23,3,2e4fbf1b47e8
SULAWESI TENGAH,,Jml Kab./Kota. Total of Reg./Mun.,*',2003,**),"7.320.536,74",,"PDRB PER KAPITA ATAS DASAR HARGA BERLAKU DI PROPINSI SULAWESI TENGAH MENURUT KABUPATEN/KOTA, 2000 - 2003 (RUPIAH)","Per Capita GRDP at Current Prtce By Regencies/Municipalities, in Cential Sulawest, 2000 - 2003 (Rupiahs)",23,3,49a0b5cf92d6
SULAWESI SELATAN,01,Selayar,,2003,**),"3.575.524,83",,"PDRB PER KAPITA ATAS D/VSAR HARGA BERLAKU DI PROPINSI SULAWESI SELATAN MENURUT KABUPATEN/KOTA, 2000 - 2003 (RUPIAH)","Per Capita GRDP at Current Price By Regencies/Municipaiities, in South Sulawesi, 2000 - 2003 (Rupiahs)",24,4,0bd57c06c9e5
SULAWESI SELATAN,02,Bulukumba,,2003,**),"3 534.989,44",,"PDRB PER KAPITA ATAS D/VSAR HARGA BERLAKU DI PROPINSI SULAWESI SELATAN MENURUT KABUPATEN/KOTA, 2000 - 2003 (RUPIAH)","Per Capita GRDP at Current Price By Regencies/Municipaiities, in South Sulawesi, 2000 - 2003 (Rupiahs)",24,4,a8ae4ecae997
SULAWESI SELATAN,03,Bantaeng,,2003,**),"3.556.937,80",,"PDRB PER KAPITA ATAS D/VSAR HARGA BERLAKU DI PROPINSI SULAWESI SELATAN MENURUT KABUPATEN/KOTA, 2000 - 2003 (RUPIAH)","Per Capita GRDP at Current Price By Regencies/Municipaiities, in South Sulawesi, 2000 - 2003 (Rupiahs)",24,4,657524f73446
SULAWESI SELATAN,04,Jeneponto,,2003,**),"2.646 018,35",,"PDRB PER KAPITA ATAS D/VSAR HARGA BERLAKU DI PROPINSI SULAWESI SELATAN MENURUT KABUPATEN/KOTA, 2000 - 2003 (RUPIAH)","Per Capita GRDP at Current Price By Regencies/Municipaiities, in South Sulawesi, 2000 - 2003 (Rupiahs)",24,4,7e59a93ee40c
SULAWESI SELATAN,05,Takalar,,2003,**),"3.127.915,96",,"PDRB PER KAPITA ATAS D/VSAR HARGA BERLAKU DI PROPINSI SULAWESI SELATAN MENURUT KABUPATEN/KOTA, 2000 - 2003 (RUPIAH)","Per Capita GRDP at Current Price By Regencies/Municipaiities, in South Sulawesi, 2000 - 2003 (Rupiahs)",24,4,4c7af1a8ec00
SULAWESI SELATAN,06,Gowa,,2003,**),"3.279.242,40",,"PDRB PER KAPITA ATAS D/VSAR HARGA BERLAKU DI PROPINSI SULAWESI SELATAN MENURUT KABUPATEN/KOTA, 2000 - 2003 (RUPIAH)","Per Capita GRDP at Current Price By Regencies/Municipaiities, in South Sulawesi, 2000 - 2003 (Rupiahs)",24,4,d37d7fe231e2
SULAWESI SELATAN,07,Sinjai,,2003,**),"3.871.003,42",,"PDRB PER KAPITA ATAS D/VSAR HARGA BERLAKU DI PROPINSI SULAWESI SELATAN MENURUT KABUPATEN/KOTA, 2000 - 2003 (RUPIAH)","Per Capita GRDP at Current Price By Regencies/Municipaiities, in South Sulawesi, 2000 - 2003 (Rupiahs)",24,4,7d1e37d3a1c4
SULAWESI SELATAN,08,Maros,,2003,**),"4.286.242,75",,"PDRB PER KAPITA ATAS D/VSAR HARGA BERLAKU DI PROPINSI SULAWESI SELATAN MENURUT KABUPATEN/KOTA, 2000 - 2003 (RUPIAH)","Per Capita GRDP at Current Price By Regencies/Municipaiities, in South Sulawesi, 2000 - 2003 (Rupiahs)",24,4,a8b653870038
SULAWESI SELATAN,09,Pangkajene Kepulauan,,2003,**),"6.315.520,21",,"PDRB PER KAPITA ATAS D/VSAR HARGA BERLAKU DI PROPINSI SULAWESI SELATAN MENURUT KABUPATEN/KOTA, 2000 - 2003 (RUPIAH)","Per Capita GRDP at Current Price By Regencies/Municipaiities, in South Sulawesi, 2000 - 2003 (Rupiahs)",24,4,b61517c737bc
SULAWESI SELATAN,10,Barru,,2003,**),"3.553.068,17",,"PDRB PER KAPITA ATAS D/VSAR HARGA BERLAKU DI PROPINSI SULAWESI SELATAN MENURUT KABUPATEN/KOTA, 2000 - 2003 (RUPIAH)","Per Capita GRDP at Current Price By Regencies/Municipaiities, in South Sulawesi, 2000 - 2003 (Rupiahs)",24,4,2f75969386fb
SULAWESI SELATAN,11,Bone,,2003,**),"4.252.700,74",,"PDRB PER KAPITA ATAS D/VSAR HARGA BERLAKU DI PROPINSI SULAWESI SELATAN MENURUT KABUPATEN/KOTA, 2000 - 2003 (RUPIAH)","Per Capita GRDP at Current Price By Regencies/Municipaiities, in South Sulawesi, 2000 - 2003 (Rupiahs)",24,4,ce2900fcb2f6
SULAWESI SELATAN,12,Soppeng,,2003,**),"4.446.184,55",,"PDRB PER KAPITA ATAS D/VSAR HARGA BERLAKU DI PROPINSI SULAWESI SELATAN MENURUT KABUPATEN/KOTA, 2000 - 2003 (RUPIAH)","Per Capita GRDP at Current Price By Regencies/Municipaiities, in South Sulawesi, 2000 - 2003 (Rupiahs)",24,4,67d50e88cf10
SULAWESI SELATAN,13,Wajo,,2003,**),"5 283 953,10",,"PDRB PER KAPITA ATAS D/VSAR HARGA BERLAKU DI PROPINSI SULAWESI SELATAN MENURUT KABUPATEN/KOTA, 2000 - 2003 (RUPIAH)","Per Capita GRDP at Current Price By Regencies/Municipaiities, in South Sulawesi, 2000 - 2003 (Rupiahs)",24,4,a7df87b476b9
SULAWESI SELATAN,,Wajo,*',2003,**),"4 825 462,69",,"PDRB PER KAPITA ATAS D/VSAR HARGA BERLAKU DI PROPINSI SULAWESI SELATAN MENURUT KABUPATEN/KOTA, 2000 - 2003 (RUPIAH)","Per Capita GRDP at Current Price By Regencies/Municipaiities, in South Sulawesi, 2000 - 2003 (Rupiahs)",24,4,31f31b2428f5
SULAWESI SELATAN,14,Sidenreng Rappang,,2003,**),"4 583.734,76",,"PDRB PER KAPITA ATAS D/VSAR HARGA BERLAKU DI PROPINSI SULAWESI SELATAN MENURUT KABUPATEN/KOTA, 2000 - 2003 (RUPIAH)","Per Capita GRDP at Current Price By Regencies/Municipaiities, in South Sulawesi, 2000 - 2003 (Rupiahs)",24,4,6717f18eb765
SULAWESI SELATAN,15,Pinrang,,2003,**),"5 446.174,47",,"PDRB PER KAPITA ATAS D/VSAR HARGA BERLAKU DI PROPINSI SULAWESI SELATAN MENURUT KABUPATEN/KOTA, 2000 - 2003 (RUPIAH)","Per Capita GRDP at Current Price By Regencies/Municipaiities, in South Sulawesi, 2000 - 2003 (Rupiahs)",24,4,145a9b17b35a
SULAWESI SELATAN,16,Enrekang,,2003,**),"3.336.380,61",,"PDRB PER KAPITA ATAS D/VSAR HARGA BERLAKU DI PROPINSI SULAWESI SELATAN MENURUT KABUPATEN/KOTA, 2000 - 2003 (RUPIAH)","Per Capita GRDP at Current Price By Regencies/Municipaiities, in South Sulawesi, 2000 - 2003 (Rupiahs)",24,4,ab2c17e2f6ab
SULAWESI SELATAN,17,Luwu,,2003,**),"3.133.271,47",,"PDRB PER KAPITA ATAS D/VSAR HARGA BERLAKU DI PROPINSI SULAWESI SELATAN MENURUT KABUPATEN/KOTA, 2000 - 2003 (RUPIAH)","Per Capita GRDP at Current Price By Regencies/Municipaiities, in South Sulawesi, 2000 - 2003 (Rupiahs)",24,4,b2b219148ad4
SULAWESI SELATAN,73,Palopo,#),2003,**),"4.109.433,88",,"PDRB PER KAPITA ATAS D/VSAR HARGA BERLAKU DI PROPINSI SULAWESI SELATAN MENURUT KABUPATEN/KOTA, 2000 - 2003 (RUPIAH)","Per Capita GRDP at Current Price By Regencies/Municipaiities, in South Sulawesi, 2000 - 2003 (Rupiahs)",24,4,2912b7217a05
SULAWESI SELATAN,18,Tana Toraja,,2003,**),"2.773.317,34",,"PDRB PER KAPITA ATAS D/VSAR HARGA BERLAKU DI PROPINSI SULAWESI SELATAN MENURUT KABUPATEN/KOTA, 2000 - 2003 (RUPIAH)","Per Capita GRDP at Current Price By Regencies/Municipaiities, in South Sulawesi, 2000 - 2003 (Rupiahs)",24,4,2f79d5132ad9
SULAWESI SELATAN,19,Polewali Mamasa,,2003,**),"2.858.285,88",,"PDRB PER KAPITA ATAS D/VSAR HARGA BERLAKU DI PROPINSI SULAWESI SELATAN MENURUT KABUPATEN/KOTA, 2000 - 2003 (RUPIAH)","Per Capita GRDP at Current Price By Regencies/Municipaiities, in South Sulawesi, 2000 - 2003 (Rupiahs)",24,4,543276a82601
SULAWESI SELATAN,23,Mamasa,#),2003,**),"4 237.885,18",,"PDRB PER KAPITA ATAS D/VSAR HARGA BERLAKU DI PROPINSI SULAWESI SELATAN MENURUT KABUPATEN/KOTA, 2000 - 2003 (RUPIAH)","Per Capita GRDP at Current Price By Regencies/Municipaiities, in South Sulawesi, 2000 - 2003 (Rupiahs)",24,4,5d1cd35fd515
SULAWESI SELATAN,20,Majene,,2003,**),"3.768 612,27",,"PDRB PER KAPITA ATAS D/VSAR HARGA BERLAKU DI PROPINSI SULAWESI SELATAN MENURUT KABUPATEN/KOTA, 2000 - 2003 (RUPIAH)","Per Capita GRDP at Current Price By Regencies/Municipaiities, in South Sulawesi, 2000 - 2003 (Rupiahs)",24,4,df6980fb3944
SULAWESI SELATAN,21,Mamuju,,2003,**),"3 618 790,81",,"PDRB PER KAPITA ATAS D/VSAR HARGA BERLAKU DI PROPINSI SULAWESI SELATAN MENURUT KABUPATEN/KOTA, 2000 - 2003 (RUPIAH)","Per Capita GRDP at Current Price By Regencies/Municipaiities, in South Sulawesi, 2000 - 2003 (Rupiahs)",24,4,ec8b22a1e72e
SULAWESI SELATAN,22,Luwu Utara,,2003,**),"9.456 721,50",,"PDRB PER KAPITA ATAS D/VSAR HARGA BERLAKU DI PROPINSI SULAWESI SELATAN MENURUT KABUPATEN/KOTA, 2000 - 2003 (RUPIAH)","Per Capita GRDP at Current Price By Regencies/Municipaiities, in South Sulawesi, 2000 - 2003 (Rupiahs)",24,4,4a6af1e65797
SULAWESI SELATAN,71,Makassar,,2003,**),"8.587.630,83",,"PDRB PER KAPITA ATAS D/VSAR HARGA BERLAKU DI PROPINSI SULAWESI SELATAN MENURUT KABUPATEN/KOTA, 2000 - 2003 (RUPIAH)","Per Capita GRDP at Current Price By Regencies/Municipaiities, in South Sulawesi, 2000 - 2003 (Rupiahs)",24,4,a46547fb72bd
SULAWESI SELATAN,72,Pare-Pare,,2003,**),"5.289.995,15",,"PDRB PER KAPITA ATAS D/VSAR HARGA BERLAKU DI PROPINSI SULAWESI SELATAN MENURUT KABUPATEN/KOTA, 2000 - 2003 (RUPIAH)","Per Capita GRDP at Current Price By Regencies/Municipaiities, in South Sulawesi, 2000 - 2003 (Rupiahs)",24,4,48d32a5c5425
SULAWESI SELATAN,,Jml Kab./Kota. Total of Reg./Mun.,,2003,**),"4.881.967,38",,"PDRB PER KAPITA ATAS D/VSAR HARGA BERLAKU DI PROPINSI SULAWESI SELATAN MENURUT KABUPATEN/KOTA, 2000 - 2003 (RUPIAH)","Per Capita GRDP at Current Price By Regencies/Municipaiities, in South Sulawesi, 2000 - 2003 (Rupiahs)",24,4,d89e4cfb7bce
SULAWESI SELATAN,,Jml Kab./Kota. Total of Reg./Mun.,*',2003,**),"4 861.570,97",,"PDRB PER KAPITA ATAS D/VSAR HARGA BERLAKU DI PROPINSI SULAWESI SELATAN MENURUT KABUPATEN/KOTA, 2000 - 2003 (RUPIAH)","Per Capita GRDP at Current Price By Regencies/Municipaiities, in South Sulawesi, 2000 - 2003 (Rupiahs)",24,4,9023e1053efd
SULAWESI TENGGARA,01,Buton,,2003,**),"2.867.800,25",,"PDRB PER KAPITA ATAS DASAR HARGA BERLAKU DI PROPINSI SULAWESI TENGGARA MENURUT KABUPATEN/KOTA, 2000 - 2003 (RUPIAH)","Per Capita GRDP at Current Pnce By Regencies/Muniapaiities, in South East Sulawesi, 2000 - 2003 (Rupiahs)",25,5,d73e1cf73ff3
SULAWESI TENGGARA,72,Bau-Bau,#),2003,**),"5.214.336,63",,"PDRB PER KAPITA ATAS DASAR HARGA BERLAKU DI PROPINSI SULAWESI TENGGARA MENURUT KABUPATEN/KOTA, 2000 - 2003 (RUPIAH)","Per Capita GRDP at Current Pnce By Regencies/Muniapaiities, in South East Sulawesi, 2000 - 2003 (Rupiahs)",25,5,26b65e28829b
SULAWESI TENGGARA,02,Muna,,2003,**),"3.902.669,76",,"PDRB PER KAPITA ATAS DASAR HARGA BERLAKU DI PROPINSI SULAWESI TENGGARA MENURUT KABUPATEN/KOTA, 2000 - 2003 (RUPIAH)","Per Capita GRDP at Current Pnce By Regencies/Muniapaiities, in South East Sulawesi, 2000 - 2003 (Rupiahs)",25,5,8ffec80a62bf
SULAWESI TENGGARA,03,Kendan,,2003,**),"3 578 940,56",,"PDRB PER KAPITA ATAS DASAR HARGA BERLAKU DI PROPINSI SULAWESI TENGGARA MENURUT KABUPATEN/KOTA, 2000 - 2003 (RUPIAH)","Per Capita GRDP at Current Pnce By Regencies/Muniapaiities, in South East Sulawesi, 2000 - 2003 (Rupiahs)",25,5,f5ac75c77aa7
SULAWESI TENGGARA,04,Kolaka,,2003,**),"7.475.718,02",,"PDRB PER KAPITA ATAS DASAR HARGA BERLAKU DI PROPINSI SULAWESI TENGGARA MENURUT KABUPATEN/KOTA, 2000 - 2003 (RUPIAH)","Per Capita GRDP at Current Pnce By Regencies/Muniapaiities, in South East Sulawesi, 2000 - 2003 (Rupiahs)",25,5,2b9dc4a73449
SULAWESI TENGGARA,71,Kendari,,2003,**),"5.963.844,09",,"PDRB PER KAPITA ATAS DASAR HARGA BERLAKU DI PROPINSI SULAWESI TENGGARA MENURUT KABUPATEN/KOTA, 2000 - 2003 (RUPIAH)","Per Capita GRDP at Current Pnce By Regencies/Muniapaiities, in South East Sulawesi, 2000 - 2003 (Rupiahs)",25,5,17814dde3e41
SULAWESI TENGGARA,,Jml Kab./Kota. Total of Reg./Mun.,,2003,**),"4 638.161,12",,"PDRB PER KAPITA ATAS DASAR HARGA BERLAKU DI PROPINSI SULAWESI TENGGARA MENURUT KABUPATEN/KOTA, 2000 - 2003 (RUPIAH)","Per Capita GRDP at Current Pnce By Regencies/Muniapaiities, in South East Sulawesi, 2000 - 2003 (Rupiahs)",25,5,547071eaf523
SULAWESI TENGGARA,,Jml Kab./Kota. Total of Reg./Mun.,*',2003,**),"4 638 161,12",,"PDRB PER KAPITA ATAS DASAR HARGA BERLAKU DI PROPINSI SULAWESI TENGGARA MENURUT KABUPATEN/KOTA, 2000 - 2003 (RUPIAH)","Per Capita GRDP at Current Pnce By Regencies/Muniapaiities, in South East Sulawesi, 2000 - 2003 (Rupiahs)",25,5,efc4a317825b
BALI,01,Jembrana,,2003,**),"6.056.071,45",,"PDRB PER KAPITA ATAS DASAR HARGA BERLAKU DI PROPINSI BALI MENURUT KABUPATEN/KOTA, 2000 - 2003 (RUPIAH)","Per Capita GRDP at Current Pnce By Regencies/Muntcipalities, in Ball, 2000 - 2003 (Ruptahs)",26,6,72375b85a4a3
BALI,02,Tabanan,,2003,**),"5.019.778,04",,"PDRB PER KAPITA ATAS DASAR HARGA BERLAKU DI PROPINSI BALI MENURUT KABUPATEN/KOTA, 2000 - 2003 (RUPIAH)","Per Capita GRDP at Current Pnce By Regencies/Muntcipalities, in Ball, 2000 - 2003 (Ruptahs)",26,6,0a8a8e739288
BALI,03,Badung,,2003,**),"12.592.259,62",,"PDRB PER KAPITA ATAS DASAR HARGA BERLAKU DI PROPINSI BALI MENURUT KABUPATEN/KOTA, 2000 - 2003 (RUPIAH)","Per Capita GRDP at Current Pnce By Regencies/Muntcipalities, in Ball, 2000 - 2003 (Ruptahs)",26,6,1c0804220124
BALI,04,Gianyar,,2003,**),"6.763.528,90",,"PDRB PER KAPITA ATAS DASAR HARGA BERLAKU DI PROPINSI BALI MENURUT KABUPATEN/KOTA, 2000 - 2003 (RUPIAH)","Per Capita GRDP at Current Pnce By Regencies/Muntcipalities, in Ball, 2000 - 2003 (Ruptahs)",26,6,617f59d39b17
BALI,05,Klungkung,,2003,**),"6.709.844,62",,"PDRB PER KAPITA ATAS DASAR HARGA BERLAKU DI PROPINSI BALI MENURUT KABUPATEN/KOTA, 2000 - 2003 (RUPIAH)","Per Capita GRDP at Current Pnce By Regencies/Muntcipalities, in Ball, 2000 - 2003 (Ruptahs)",26,6,a116405956d2
BALI,06,Bangli,,2003,**),"4.910.148,15",,"PDRB PER KAPITA ATAS DASAR HARGA BERLAKU DI PROPINSI BALI MENURUT KABUPATEN/KOTA, 2000 - 2003 (RUPIAH)","Per Capita GRDP at Current Pnce By Regencies/Muntcipalities, in Ball, 2000 - 2003 (Ruptahs)",26,6,22d2c6d538f3
BALI,07,Karangasem,,2003,**),"3.959.806,00",,"PDRB PER KAPITA ATAS DASAR HARGA BERLAKU DI PROPINSI BALI MENURUT KABUPATEN/KOTA, 2000 - 2003 (RUPIAH)","Per Capita GRDP at Current Pnce By Regencies/Muntcipalities, in Ball, 2000 - 2003 (Ruptahs)",26,6,98a756c3292c
BALI,08,Buleleng,,2003,**),"4.917.032,64",,"PDRB PER KAPITA ATAS DASAR HARGA BERLAKU DI PROPINSI BALI MENURUT KABUPATEN/KOTA, 2000 - 2003 (RUPIAH)","Per Capita GRDP at Current Pnce By Regencies/Muntcipalities, in Ball, 2000 - 2003 (Ruptahs)",26,6,7ffa4bd87e02
BALI,71,Denpasar,,2003,**),"8.964 737,34",,"PDRB PER KAPITA ATAS DASAR HARGA BERLAKU DI PROPINSI BALI MENURUT KABUPATEN/KOTA, 2000 - 2003 (RUPIAH)","Per Capita GRDP at Current Pnce By Regencies/Muntcipalities, in Ball, 2000 - 2003 (Ruptahs)",26,6,ed001f75af1f
BALI,,Jml Kab./Kota. Total of Reg./Mun.,,2003,**),"6.749.119,29",,"PDRB PER KAPITA ATAS DASAR HARGA BERLAKU DI PROPINSI BALI MENURUT KABUPATEN/KOTA, 2000 - 2003 (RUPIAH)","Per Capita GRDP at Current Pnce By Regencies/Muntcipalities, in Ball, 2000 - 2003 (Ruptahs)",26,6,c560aba8dd3e
BALI,,Jml Kab./Kota. Total of Reg./Mun.,*',2003,**),"6.749.119,29",,"PDRB PER KAPITA ATAS DASAR HARGA BERLAKU DI PROPINSI BALI MENURUT KABUPATEN/KOTA, 2000 - 2003 (RUPIAH)","Per Capita GRDP at Current Pnce By Regencies/Muntcipalities, in Ball, 2000 - 2003 (Ruptahs)",26,6,841864e09b68
NUSA TENGGARA BARAT,01,Lombok Barat,,2003,**),"3.048.840,51",,"PDRB PER KAPITA ATAS DASAR HARGA BERLAKU DI PROPINSI NUSA TENGGARA BARAT MENURUT KABUPATEN/KOTA, 2000 - 2003 (RUPIAH)","Per Capita GRDP at Current Pnce By Regencies/Muniapaltties, tn West Nusa Tenggara, 2000 - 2003 (Rupiahs)",27,7,9a236c302d41
NUSA TENGGARA BARAT,02,Lombok Tengah,,2003,**),"2.301.375,54",,"PDRB PER KAPITA ATAS DASAR HARGA BERLAKU DI PROPINSI NUSA TENGGARA BARAT MENURUT KABUPATEN/KOTA, 2000 - 2003 (RUPIAH)","Per Capita GRDP at Current Pnce By Regencies/Muniapaltties, tn West Nusa Tenggara, 2000 - 2003 (Rupiahs)",27,7,0bed6a8a19ca
NUSA TENGGARA BARAT,03,Lombok Timur,,2003,**),"2 486 849,66",,"PDRB PER KAPITA ATAS DASAR HARGA BERLAKU DI PROPINSI NUSA TENGGARA BARAT MENURUT KABUPATEN/KOTA, 2000 - 2003 (RUPIAH)","Per Capita GRDP at Current Pnce By Regencies/Muniapaltties, tn West Nusa Tenggara, 2000 - 2003 (Rupiahs)",27,7,1bcd2421e910
NUSA TENGGARA BARAT,04,Sumbawa,,2003,**),"13.278.203,49",,"PDRB PER KAPITA ATAS DASAR HARGA BERLAKU DI PROPINSI NUSA TENGGARA BARAT MENURUT KABUPATEN/KOTA, 2000 - 2003 (RUPIAH)","Per Capita GRDP at Current Pnce By Regencies/Muniapaltties, tn West Nusa Tenggara, 2000 - 2003 (Rupiahs)",27,7,9461b4d5776c
NUSA TENGGARA BARAT,05,Dompu,,2003,**),"4.451.180,26",,"PDRB PER KAPITA ATAS DASAR HARGA BERLAKU DI PROPINSI NUSA TENGGARA BARAT MENURUT KABUPATEN/KOTA, 2000 - 2003 (RUPIAH)","Per Capita GRDP at Current Pnce By Regencies/Muniapaltties, tn West Nusa Tenggara, 2000 - 2003 (Rupiahs)",27,7,00060feda9f1
NUSA TENGGARA BARAT,06,Bima,,2003,**),"3.263.931,73",,"PDRB PER KAPITA ATAS DASAR HARGA BERLAKU DI PROPINSI NUSA TENGGARA BARAT MENURUT KABUPATEN/KOTA, 2000 - 2003 (RUPIAH)","Per Capita GRDP at Current Pnce By Regencies/Muniapaltties, tn West Nusa Tenggara, 2000 - 2003 (Rupiahs)",27,7,9f45ba9710ab
NUSA TENGGARA BARAT,72,Kota Bima,#),2003,**),"3 369 019,19",,"PDRB PER KAPITA ATAS DASAR HARGA BERLAKU DI PROPINSI NUSA TENGGARA BARAT MENURUT KABUPATEN/KOTA, 2000 - 2003 (RUPIAH)","Per Capita GRDP at Current Pnce By Regencies/Muniapaltties, tn West Nusa Tenggara, 2000 - 2003 (Rupiahs)",27,7,4e64e4c56413
NUSA TENGGARA BARAT,71,Mataram,,2003,**),"4.541.252,80",,"PDRB PER KAPITA ATAS DASAR HARGA BERLAKU DI PROPINSI NUSA TENGGARA BARAT MENURUT KABUPATEN/KOTA, 2000 - 2003 (RUPIAH)","Per Capita GRDP at Current Pnce By Regencies/Muniapaltties, tn West Nusa Tenggara, 2000 - 2003 (Rupiahs)",27,7,99c1e77ffd3a
NUSA TENGGARA BARAT,,Jml Kab./Kota. Total of Reg /Mun.,,2003,**),"4.187.714,61",,"PDRB PER KAPITA ATAS DASAR HARGA BERLAKU DI PROPINSI NUSA TENGGARA BARAT MENURUT KABUPATEN/KOTA, 2000 - 2003 (RUPIAH)","Per Capita GRDP at Current Pnce By Regencies/Muniapaltties, tn West Nusa Tenggara, 2000 - 2003 (Rupiahs)",27,7,fa0beac01f82
NUSA TENGGARA BARAT,,Jml Kab./Kota. Total of Reg./Mun.,*',2003,**),"4.187.714,61",,"PDRB PER KAPITA ATAS DASAR HARGA BERLAKU DI PROPINSI NUSA TENGGARA BARAT MENURUT KABUPATEN/KOTA, 2000 - 2003 (RUPIAH)","Per Capita GRDP at Current Pnce By Regencies/Muniapaltties, tn West Nusa Tenggara, 2000 - 2003 (Rupiahs)",27,7,1cec68847edf
NUSA TENGGARA TIMUR,01,Sumba Barat,,2003,**),"1.532.045,61",,"PDRB PER KAPITA ATAS DASAR HARGA BERLAKU DI PROPINSI NUSA TENGGARA TIMUR MENURUT KABUPATEN/KOTA, 2000 - 2003 (RUPIAH)","Per Capita GRDP at Current Price By Regencies/Munidpalities, in East Nusa Tenggara, 2000 - 2003 (Rupiahs)",28,8,017a8c86d3e2
NUSA TENGGARA TIMUR,02,Sumba Timur,,2003,**),"2.527.321,82",,"PDRB PER KAPITA ATAS DASAR HARGA BERLAKU DI PROPINSI NUSA TENGGARA TIMUR MENURUT KABUPATEN/KOTA, 2000 - 2003 (RUPIAH)","Per Capita GRDP at Current Price By Regencies/Munidpalities, in East Nusa Tenggara, 2000 - 2003 (Rupiahs)",28,8,c518a050c29a
NUSA TENGGARA TIMUR,03,Kupang,,2003,**),"1.885.570,71",,"PDRB PER KAPITA ATAS DASAR HARGA BERLAKU DI PROPINSI NUSA TENGGARA TIMUR MENURUT KABUPATEN/KOTA, 2000 - 2003 (RUPIAH)","Per Capita GRDP at Current Price By Regencies/Munidpalities, in East Nusa Tenggara, 2000 - 2003 (Rupiahs)",28,8,df6294273a0f
NUSA TENGGARA TIMUR,14,Rote Ndao,#),2003,**),"2.241.874,54",,"PDRB PER KAPITA ATAS DASAR HARGA BERLAKU DI PROPINSI NUSA TENGGARA TIMUR MENURUT KABUPATEN/KOTA, 2000 - 2003 (RUPIAH)","Per Capita GRDP at Current Price By Regencies/Munidpalities, in East Nusa Tenggara, 2000 - 2003 (Rupiahs)",28,8,c9f5e2ac4a8c
NUSA TENGGARA TIMUR,04,Timor Tengah Selatan,,2003,**),"1.735.980,33",,"PDRB PER KAPITA ATAS DASAR HARGA BERLAKU DI PROPINSI NUSA TENGGARA TIMUR MENURUT KABUPATEN/KOTA, 2000 - 2003 (RUPIAH)","Per Capita GRDP at Current Price By Regencies/Munidpalities, in East Nusa Tenggara, 2000 - 2003 (Rupiahs)",28,8,c9c46ed63ad6
NUSA TENGGARA TIMUR,05,Timor Tengah Utara,,2003,**),"1.871.006,62",,"PDRB PER KAPITA ATAS DASAR HARGA BERLAKU DI PROPINSI NUSA TENGGARA TIMUR MENURUT KABUPATEN/KOTA, 2000 - 2003 (RUPIAH)","Per Capita GRDP at Current Price By Regencies/Munidpalities, in East Nusa Tenggara, 2000 - 2003 (Rupiahs)",28,8,93245e8904fb
NUSA TENGGARA TIMUR,06,Belu,,2003,**),"1.970.619,43",,"PDRB PER KAPITA ATAS DASAR HARGA BERLAKU DI PROPINSI NUSA TENGGARA TIMUR MENURUT KABUPATEN/KOTA, 2000 - 2003 (RUPIAH)","Per Capita GRDP at Current Price By Regencies/Munidpalities, in East Nusa Tenggara, 2000 - 2003 (Rupiahs)",28,8,0fb78f0bd5b9
NUSA TENGGARA TIMUR,07,Alor,,2003,**),"2.167.319,90",,"PDRB PER KAPITA ATAS DASAR HARGA BERLAKU DI PROPINSI NUSA TENGGARA TIMUR MENURUT KABUPATEN/KOTA, 2000 - 2003 (RUPIAH)","Per Capita GRDP at Current Price By Regencies/Munidpalities, in East Nusa Tenggara, 2000 - 2003 (Rupiahs)",28,8,2e07ec322b36
NUSA TENGGARA TIMUR,08,Lembata,,2003,**),"1.526.062,91",,"PDRB PER KAPITA ATAS DASAR HARGA BERLAKU DI PROPINSI NUSA TENGGARA TIMUR MENURUT KABUPATEN/KOTA, 2000 - 2003 (RUPIAH)","Per Capita GRDP at Current Price By Regencies/Munidpalities, in East Nusa Tenggara, 2000 - 2003 (Rupiahs)",28,8,4590c576c52a
NUSA TENGGARA TIMUR,09,Flores Timur,,2003,**),"2 504.473,39",,"PDRB PER KAPITA ATAS DASAR HARGA BERLAKU DI PROPINSI NUSA TENGGARA TIMUR MENURUT KABUPATEN/KOTA, 2000 - 2003 (RUPIAH)","Per Capita GRDP at Current Price By Regencies/Munidpalities, in East Nusa Tenggara, 2000 - 2003 (Rupiahs)",28,8,ce4c10bbc949
NUSA TENGGARA TIMUR,10,Sikka,,2003,**),"2.236.817,46",,"PDRB PER KAPITA ATAS DASAR HARGA BERLAKU DI PROPINSI NUSA TENGGARA TIMUR MENURUT KABUPATEN/KOTA, 2000 - 2003 (RUPIAH)","Per Capita GRDP at Current Price By Regencies/Munidpalities, in East Nusa Tenggara, 2000 - 2003 (Rupiahs)",28,8,3da3a88f4dd2
NUSA TENGGARA TIMUR,11,Ende,,2003,**),"2 461.955,87",,"PDRB PER KAPITA ATAS DASAR HARGA BERLAKU DI PROPINSI NUSA TENGGARA TIMUR MENURUT KABUPATEN/KOTA, 2000 - 2003 (RUPIAH)","Per Capita GRDP at Current Price By Regencies/Munidpalities, in East Nusa Tenggara, 2000 - 2003 (Rupiahs)",28,8,358662d6f633
NUSA TENGGARA TIMUR,12,Ngada,,2003,**),"2.317.368,25",,"PDRB PER KAPITA ATAS DASAR HARGA BERLAKU DI PROPINSI NUSA TENGGARA TIMUR MENURUT KABUPATEN/KOTA, 2000 - 2003 (RUPIAH)","Per Capita GRDP at Current Price By Regencies/Munidpalities, in East Nusa Tenggara, 2000 - 2003 (Rupiahs)",28,8,9178c379c337
NUSA TENGGARA TIMUR,13,Manggarai,,2003,**),"1.735.680,16",,"PDRB PER KAPITA ATAS DASAR HARGA BERLAKU DI PROPINSI NUSA TENGGARA TIMUR MENURUT KABUPATEN/KOTA, 2000 - 2003 (RUPIAH)","Per Capita GRDP at Current Price By Regencies/Munidpalities, in East Nusa Tenggara, 2000 - 2003 (Rupiahs)",28,8,06bb5a9fdfbc
NUSA TENGGARA TIMUR,71,Kupang,,2003,**),"6.925.341,24",,"PDRB PER KAPITA ATAS DASAR HARGA BERLAKU DI PROPINSI NUSA TENGGARA TIMUR MENURUT KABUPATEN/KOTA, 2000 - 2003 (RUPIAH)","Per Capita GRDP at Current Price By Regencies/Munidpalities, in East Nusa Tenggara, 2000 - 2003 (Rupiahs)",28,8,ffe2ffb8ced3
NUSA TENGGARA TIMUR,,Jml Kab./Kota. Total of Reg./Mtun.,,2003,**),"2.293.762,49",,"PDRB PER KAPITA ATAS DASAR HARGA BERLAKU DI PROPINSI NUSA TENGGARA TIMUR MENURUT KABUPATEN/KOTA, 2000 - 2003 (RUPIAH)","Per Capita GRDP at Current Price By Regencies/Munidpalities, in East Nusa Tenggara, 2000 - 2003 (Rupiahs)",28,8,ac884bfbde12
NUSA TENGGARA TIMUR,,Jml Kab./Kota. Total of Reg./Mun.,*',2003,**),"2.293.762,49",,"PDRB PER KAPITA ATAS DASAR HARGA BERLAKU DI PROPINSI NUSA TENGGARA TIMUR MENURUT KABUPATEN/KOTA, 2000 - 2003 (RUPIAH)","Per Capita GRDP at Current Price By Regencies/Munidpalities, in East Nusa Tenggara, 2000 - 2003 (Rupiahs)",28,8,32dd9b98119c
MALUKU,01,Maluku Tenggara Barat,,2003,**),"2.924.066,30",,"PDRB PER KAPITA ATAS DASAR HARGA BERLAKU DI PROPINSI MALUKU MENURUT KABUPATEN/KOTA, 2000 - 2003 (RUPIAH)","Per Capita GRDP at Current Prtce By Regencies/Muntcipalities, m Maluku, 2000 • 2003 (Rupiahs)",29,9,c8a1bc30bb90
MALUKU,02,Maluku Tenggara,,2003,**),"2.618.994,00",,"PDRB PER KAPITA ATAS DASAR HARGA BERLAKU DI PROPINSI MALUKU MENURUT KABUPATEN/KOTA, 2000 - 2003 (RUPIAH)","Per Capita GRDP at Current Prtce By Regencies/Muntcipalities, m Maluku, 2000 • 2003 (Rupiahs)",29,9,25d3bc1c6614
MALUKU,03,Maluku Tengah,,2003,**),"1.776.497,76",,"PDRB PER KAPITA ATAS DASAR HARGA BERLAKU DI PROPINSI MALUKU MENURUT KABUPATEN/KOTA, 2000 - 2003 (RUPIAH)","Per Capita GRDP at Current Prtce By Regencies/Muntcipalities, m Maluku, 2000 • 2003 (Rupiahs)",29,9,07b9b5d815f4
MALUKU,,Maluku Tengah,*',2003,**),"1.744.379,82",,"PDRB PER KAPITA ATAS DASAR HARGA BERLAKU DI PROPINSI MALUKU MENURUT KABUPATEN/KOTA, 2000 - 2003 (RUPIAH)","Per Capita GRDP at Current Prtce By Regencies/Muntcipalities, m Maluku, 2000 • 2003 (Rupiahs)",29,9,eab45fbdd635
MALUKU,04,Buru,,2003,**),"2.130.049,15",,"PDRB PER KAPITA ATAS DASAR HARGA BERLAKU DI PROPINSI MALUKU MENURUT KABUPATEN/KOTA, 2000 - 2003 (RUPIAH)","Per Capita GRDP at Current Prtce By Regencies/Muntcipalities, m Maluku, 2000 • 2003 (Rupiahs)",29,9,3482f0385e1d
MALUKU,71,/Vmbon,,2003,**),"5.900.078,93",,"PDRB PER KAPITA ATAS DASAR HARGA BERLAKU DI PROPINSI MALUKU MENURUT KABUPATEN/KOTA, 2000 - 2003 (RUPIAH)","Per Capita GRDP at Current Prtce By Regencies/Muntcipalities, m Maluku, 2000 • 2003 (Rupiahs)",29,9,0760c96b400b
MALUKU,,Jml Kab./Kota. Total of Reg./Mun.,,2003,**),"2.838.433,13",,"PDRB PER KAPITA ATAS DASAR HARGA BERLAKU DI PROPINSI MALUKU MENURUT KABUPATEN/KOTA, 2000 - 2003 (RUPIAH)","Per Capita GRDP at Current Prtce By Regencies/Muntcipalities, m Maluku, 2000 • 2003 (Rupiahs)",29,9,45c1292ce1c9
MALUKU,,"Jml Kab./Kota. Total of Reg./Mun.""","""",2003,**),"2 824.528,11",,"PDRB PER KAPITA ATAS DASAR HARGA BERLAKU DI PROPINSI MALUKU MENURUT KABUPATEN/KOTA, 2000 - 2003 (RUPIAH)","Per Capita GRDP at Current Prtce By Regencies/Muntcipalities, m Maluku, 2000 • 2003 (Rupiahs)",29,9,42b98692511e
MALUKU UTARA,01,Maluku Utara,,2003,**),"2.292.490,01",,"PDRB PER KAPITA ATAS DASAR HARGA BERLAKU DI PROPINSI MALUKU UTARA MENURUT KABUPATEN/KOTA, 2000 - 2003 (RUPIAH)","Per Capita GRDP at Current Pnce By Regencies/Municipalities, in North Maluku, 2000 - 2003 (Rupiahs)",30,10,441be9612502
MALUKU UTARA,02,Halmahera Tengah,,2003,**),"3.348.988,30",,"PDRB PER KAPITA ATAS DASAR HARGA BERLAKU DI PROPINSI MALUKU UTARA MENURUT KABUPATEN/KOTA, 2000 - 2003 (RUPIAH)","Per Capita GRDP at Current Pnce By Regencies/Municipalities, in North Maluku, 2000 - 2003 (Rupiahs)",30,10,5dcd8f3667d7
MALUKU UTARA,71,Temate,,2003,**),"2.576.624,55",,"PDRB PER KAPITA ATAS DASAR HARGA BERLAKU DI PROPINSI MALUKU UTARA MENURUT KABUPATEN/KOTA, 2000 - 2003 (RUPIAH)","Per Capita GRDP at Current Pnce By Regencies/Municipalities, in North Maluku, 2000 - 2003 (Rupiahs)",30,10,1d4baf3737f9
MALUKU UTARA,,Jml Kab./Kota. Total of Reg /Mun.,,2003,**),"2.546.139,72",,"PDRB PER KAPITA ATAS DASAR HARGA BERLAKU DI PROPINSI MALUKU UTARA MENURUT KABUPATEN/KOTA, 2000 - 2003 (RUPIAH)","Per Capita GRDP at Current Pnce By Regencies/Municipalities, in North Maluku, 2000 - 2003 (Rupiahs)",30,10,8493ff8a3ed6
MALUKU UTARA,,Jml Kab /Kota. Totai of Reg./Mun.,*',2003,**),"2 546 139,72",,"PDRB PER KAPITA ATAS DASAR HARGA BERLAKU DI PROPINSI MALUKU UTARA MENURUT KABUPATEN/KOTA, 2000 - 2003 (RUPIAH)","Per Capita GRDP at Current Pnce By Regencies/Municipalities, in North Maluku, 2000 - 2003 (Rupiahs)",30,10,429afb5350e3
PAPUA,01.,Merauke,,2000,,"3.144.087,07",,"PDRB PER KAPITA ATAS DASAR HARGA BERLAKU DI PROPINSI PAPUA MENURUT KABUPATEN/KOTA, 2000 - 2003 (RUPIAH)","Per Capita GRDP at Current Price By Regencies/Muniapaltties, in Papua, 2000 - 2003 (Ruptahs)",31,1,949f48d74237
PAPUA,14.,Mappi,#),2000,,,,"PDRB PER KAPITA ATAS DASAR HARGA BERLAKU DI PROPINSI PAPUA MENURUT KABUPATEN/KOTA, 2000 - 2003 (RUPIAH)","Per Capita GRDP at Current Price By Regencies/Muniapaltties, in Papua, 2000 - 2003 (Ruptahs)",31,1,a2c9fae463f1
PAPUA,15.,Asmat,#),2000,,,,"PDRB PER KAPITA ATAS DASAR HARGA BERLAKU DI PROPINSI PAPUA MENURUT KABUPATEN/KOTA, 2000 - 2003 (RUPIAH)","Per Capita GRDP at Current Price By Regencies/Muniapaltties, in Papua, 2000 - 2003 (Ruptahs)",31,1,12f3ca7d6b84
PAPUA,02.,Jayawijaya,,2000,,"1.858.112,75",,"PDRB PER KAPITA ATAS DASAR HARGA BERLAKU DI PROPINSI PAPUA MENURUT KABUPATEN/KOTA, 2000 - 2003 (RUPIAH)","Per Capita GRDP at Current Price By Regencies/Muniapaltties, in Papua, 2000 - 2003 (Ruptahs)",31,1,fcf74cd56e45
PAPUA,16.,Yahukimo,#),2000,,,,"PDRB PER KAPITA ATAS DASAR HARGA BERLAKU DI PROPINSI PAPUA MENURUT KABUPATEN/KOTA, 2000 - 2003 (RUPIAH)","Per Capita GRDP at Current Price By Regencies/Muniapaltties, in Papua, 2000 - 2003 (Ruptahs)",31,1,866b900d7144
PAPUA,17.,Pegunungan Bintang,#),2000,,,,"PDRB PER KAPITA ATAS DASAR HARGA BERLAKU DI PROPINSI PAPUA MENURUT KABUPATEN/KOTA, 2000 - 2003 (RUPIAH)","Per Capita GRDP at Current Price By Regencies/Muniapaltties, in Papua, 2000 - 2003 (Ruptahs)",31,1,12754211a532
PAPUA,18.,Tolikara,#),2000,,,,"PDRB PER KAPITA ATAS DASAR HARGA BERLAKU DI PROPINSI PAPUA MENURUT KABUPATEN/KOTA, 2000 - 2003 (RUPIAH)","Per Capita GRDP at Current Price By Regencies/Muniapaltties, in Papua, 2000 - 2003 (Ruptahs)",31,1,a1aedc489846
PAPUA,03.,Jayapura,,2000,,"3.766 849,16",,"PDRB PER KAPITA ATAS DASAR HARGA BERLAKU DI PROPINSI PAPUA MENURUT KABUPATEN/KOTA, 2000 - 2003 (RUPIAH)","Per Capita GRDP at Current Price By Regencies/Muniapaltties, in Papua, 2000 - 2003 (Ruptahs)",31,1,c34e4060bfb0
PAPUA,19.,Sarmi,#),2000,,,,"PDRB PER KAPITA ATAS DASAR HARGA BERLAKU DI PROPINSI PAPUA MENURUT KABUPATEN/KOTA, 2000 - 2003 (RUPIAH)","Per Capita GRDP at Current Price By Regencies/Muniapaltties, in Papua, 2000 - 2003 (Ruptahs)",31,1,f6b45c560957
PAPUA,20.,Keerom,#),2000,,,,"PDRB PER KAPITA ATAS DASAR HARGA BERLAKU DI PROPINSI PAPUA MENURUT KABUPATEN/KOTA, 2000 - 2003 (RUPIAH)","Per Capita GRDP at Current Price By Regencies/Muniapaltties, in Papua, 2000 - 2003 (Ruptahs)",31,1,dd2e3f2d92b3
PAPUA,04.,Nabire,,2000,,"3.460.452,87",,"PDRB PER KAPITA ATAS DASAR HARGA BERLAKU DI PROPINSI PAPUA MENURUT KABUPATEN/KOTA, 2000 - 2003 (RUPIAH)","Per Capita GRDP at Current Price By Regencies/Muniapaltties, in Papua, 2000 - 2003 (Ruptahs)",31,1,804f99ff8f83
PAPUA,05.,Fak-Fak,,2000,,"5 657 939,10",,"PDRB PER KAPITA ATAS DASAR HARGA BERLAKU DI PROPINSI PAPUA MENURUT KABUPATEN/KOTA, 2000 - 2003 (RUPIAH)","Per Capita GRDP at Current Price By Regencies/Muniapaltties, in Papua, 2000 - 2003 (Ruptahs)",31,1,36130a9afd56
PAPUA,21.,Kaimana,#),2000,,,,"PDRB PER KAPITA ATAS DASAR HARGA BERLAKU DI PROPINSI PAPUA MENURUT KABUPATEN/KOTA, 2000 - 2003 (RUPIAH)","Per Capita GRDP at Current Price By Regencies/Muniapaltties, in Papua, 2000 - 2003 (Ruptahs)",31,1,9a697f5bb7a6
PAPUA,06.,Sorong,,2000,,"12 358 474,65",,"PDRB PER KAPITA ATAS DASAR HARGA BERLAKU DI PROPINSI PAPUA MENURUT KABUPATEN/KOTA, 2000 - 2003 (RUPIAH)","Per Capita GRDP at Current Price By Regencies/Muniapaltties, in Papua, 2000 - 2003 (Ruptahs)",31,1,22caf5957265
PAPUA,,Sorong,*',2000,,"5.409.986,99",,"PDRB PER KAPITA ATAS DASAR HARGA BERLAKU DI PROPINSI PAPUA MENURUT KABUPATEN/KOTA, 2000 - 2003 (RUPIAH)","Per Capita GRDP at Current Price By Regencies/Muniapaltties, in Papua, 2000 - 2003 (Ruptahs)",31,1,657aa92ba2b7
PAPUA,22.,Sorong Selatan,#),2000,,,,"PDRB PER KAPITA ATAS DASAR HARGA BERLAKU DI PROPINSI PAPUA MENURUT KABUPATEN/KOTA, 2000 - 2003 (RUPIAH)","Per Capita GRDP at Current Price By Regencies/Muniapaltties, in Papua, 2000 - 2003 (Ruptahs)",31,1,a0c8e00f7c1e
PAPUA,23.,Raja /Vmpat,#),2000,,,,"PDRB PER KAPITA ATAS DASAR HARGA BERLAKU DI PROPINSI PAPUA MENURUT KABUPATEN/KOTA, 2000 - 2003 (RUPIAH)","Per Capita GRDP at Current Price By Regencies/Muniapaltties, in Papua, 2000 - 2003 (Ruptahs)",31,1,e9525807c616
PAPUA,07.,Manolcwari,,2000,,"3 9w68.231,10",,"PDRB PER KAPITA ATAS DASAR HARGA BERLAKU DI PROPINSI PAPUA MENURUT KABUPATEN/KOTA, 2000 - 2003 (RUPIAH)","Per Capita GRDP at Current Price By Regencies/Muniapaltties, in Papua, 2000 - 2003 (Ruptahs)",31,1,6cb031f8442f
PAPUA,24.,Teluk Bintuni,#),2000,,,,"PDRB PER KAPITA ATAS DASAR HARGA BERLAKU DI PROPINSI PAPUA MENURUT KABUPATEN/KOTA, 2000 - 2003 (RUPIAH)","Per Capita GRDP at Current Price By Regencies/Muniapaltties, in Papua, 2000 - 2003 (Ruptahs)",31,1,bc3be5d3cfa1
PAPUA,25.,Teluk Wondama,#),2000,,,,"PDRB PER KAPITA ATAS DASAR HARGA BERLAKU DI PROPINSI PAPUA MENURUT KABUPATEN/KOTA, 2000 - 2003 (RUPIAH)","Per Capita GRDP at Current Price By Regencies/Muniapaltties, in Papua, 2000 - 2003 (Ruptahs)",31,1,16a46e450908
PAPUA,08.,Yapen Waropen,,2000,,"4.262.844,85",,"PDRB PER KAPITA ATAS DASAR HARGA BERLAKU DI PROPINSI PAPUA MENURUT KABUPATEN/KOTA, 2000 - 2003 (RUPIAH)","Per Capita GRDP at Current Price By Regencies/Muniapaltties, in Papua, 2000 - 2003 (Ruptahs)",31,1,e0484066e56d
PAPUA,26.,Waropen,#),2000,,,,"PDRB PER KAPITA ATAS DASAR HARGA BERLAKU DI PROPINSI PAPUA MENURUT KABUPATEN/KOTA, 2000 - 2003 (RUPIAH)","Per Capita GRDP at Current Price By Regencies/Muniapaltties, in Papua, 2000 - 2003 (Ruptahs)",31,1,af1a137635c1
PAPUA,09.,Biak Numfor,,2000,,"5.311 090,97",,"PDRB PER KAPITA ATAS DASAR HARGA BERLAKU DI PROPINSI PAPUA MENURUT KABUPATEN/KOTA, 2000 - 2003 (RUPIAH)","Per Capita GRDP at Current Price By Regencies/Muniapaltties, in Papua, 2000 - 2003 (Ruptahs)",31,1,e37fa2b2e446
PAPUA,10.,Paniai,,2000,,"2.162.479,10",,"PDRB PER KAPITA ATAS DASAR HARGA BERLAKU DI PROPINSI PAPUA MENURUT KABUPATEN/KOTA, 2000 - 2003 (RUPIAH)","Per Capita GRDP at Current Price By Regencies/Muniapaltties, in Papua, 2000 - 2003 (Ruptahs)",31,1,b1b8bb9ee3f6
PAPUA,11.,Puncak Jaya,,2000,,"2.648.671,32",,"PDRB PER KAPITA ATAS DASAR HARGA BERLAKU DI PROPINSI PAPUA MENURUT KABUPATEN/KOTA, 2000 - 2003 (RUPIAH)","Per Capita GRDP at Current Price By Regencies/Muniapaltties, in Papua, 2000 - 2003 (Ruptahs)",31,1,64a41315bc22
PAPUA,12.,Mimika,,2000,,"138.735 107,22",,"PDRB PER KAPITA ATAS DASAR HARGA BERLAKU DI PROPINSI PAPUA MENURUT KABUPATEN/KOTA, 2000 - 2003 (RUPIAH)","Per Capita GRDP at Current Price By Regencies/Muniapaltties, in Papua, 2000 - 2003 (Ruptahs)",31,1,4a5a51749921
PAPUA,71.,Jayapura,,2000,,"5.823.497,17",,"PDRB PER KAPITA ATAS DASAR HARGA BERLAKU DI PROPINSI PAPUA MENURUT KABUPATEN/KOTA, 2000 - 2003 (RUPIAH)","Per Capita GRDP at Current Price By Regencies/Muniapaltties, in Papua, 2000 - 2003 (Ruptahs)",31,1,3dd576fbb37c
PAPUA,72.,Sorong,,2000,,"3.148 530,45",,"PDRB PER KAPITA ATAS DASAR HARGA BERLAKU DI PROPINSI PAPUA MENURUT KABUPATEN/KOTA, 2000 - 2003 (RUPIAH)","Per Capita GRDP at Current Price By Regencies/Muniapaltties, in Papua, 2000 - 2003 (Ruptahs)",31,1,57db80d8fd5e
PAPUA,,Jml Kab./Kota. Total of Reg./Mun.,,2000,,"29.777.629,42",,"PDRB PER KAPITA ATAS DASAR HARGA BERLAKU DI PROPINSI PAPUA MENURUT KABUPATEN/KOTA, 2000 - 2003 (RUPIAH)","Per Capita GRDP at Current Price By Regencies/Muniapaltties, in Papua, 2000 - 2003 (Ruptahs)",31,1,a26900a25d05
PAPUA,,Jml Kab./Kota. Totai of Reg./Mun.,*',2000,,"37.661 386,20",,"PDRB PER KAPITA ATAS DASAR HARGA BERLAKU DI PROPINSI PAPUA MENURUT KABUPATEN/KOTA, 2000 - 2003 (RUPIAH)","Per Capita GRDP at Current Price By Regencies/Muniapaltties, in Papua, 2000 - 2003 (Ruptahs)",31,1,f64151ea5dbd
PAPUA,01.,Merauke,,2001,,"3.496 029,02",,"PDRB PER KAPITA ATAS DASAR HARGA BERLAKU DI PROPINSI PAPUA MENURUT KABUPATEN/KOTA, 2000 - 2003 (RUPIAH)","Per Capita GRDP at Current Price By Regencies/Muniapaltties, in Papua, 2000 - 2003 (Ruptahs)",31,1,04ad69da8991
PAPUA,14.,Mappi,#),2001,,,,"PDRB PER KAPITA ATAS DASAR HARGA BERLAKU DI PROPINSI PAPUA MENURUT KABUPATEN/KOTA, 2000 - 2003 (RUPIAH)","Per Capita GRDP at Current Price By Regencies/Muniapaltties, in Papua, 2000 - 2003 (Ruptahs)",31,1,051a41502731
PAPUA,15.,Asmat,#),2001,,,,"PDRB PER KAPITA ATAS DASAR HARGA BERLAKU DI PROPINSI PAPUA MENURUT KABUPATEN/KOTA, 2000 - 2003 (RUPIAH)","Per Capita GRDP at Current Price By Regencies/Muniapaltties, in Papua, 2000 - 2003 (Ruptahs)",31,1,13be5dd0cdb7
PAPUA,02.,Jayawijaya,,2001,,"2 248 707,34",,"PDRB PER KAPITA ATAS DASAR HARGA BERLAKU DI PROPINSI PAPUA MENURUT KABUPATEN/KOTA, 2000 - 2003 (RUPIAH)","Per Capita GRDP at Current Price By Regencies/Muniapaltties, in Papua, 2000 - 2003 (Ruptahs)",31,1,5fc9b9ae0959
PAPUA,16.,Yahukimo,#),2001,,,,"PDRB PER KAPITA ATAS DASAR HARGA BERLAKU DI PROPINSI PAPUA MENURUT KABUPATEN/KOTA, 2000 - 2003 (RUPIAH)","Per Capita GRDP at Current Price By Regencies/Muniapaltties, in Papua, 2000 - 2003 (Ruptahs)",31,1,bf773ec707e9
PAPUA,17.,Pegunungan Bintang,#),2001,,,,"PDRB PER KAPITA ATAS DASAR HARGA BERLAKU DI PROPINSI PAPUA MENURUT KABUPATEN/KOTA, 2000 - 2003 (RUPIAH)","Per Capita GRDP at Current Price By Regencies/Muniapaltties, in Papua, 2000 - 2003 (Ruptahs)",31,1,286de90abe37
PAPUA,18.,Tolikara,#),2001,,,,"PDRB PER KAPITA ATAS DASAR HARGA BERLAKU DI PROPINSI PAPUA MENURUT KABUPATEN/KOTA, 2000 - 2003 (RUPIAH)","Per Capita GRDP at Current Price By Regencies/Muniapaltties, in Papua, 2000 - 2003 (Ruptahs)",31,1,7169b0a0702d
PAPUA,03.,Jayapura,,2001,,"4 419 522,88",,"PDRB PER KAPITA ATAS DASAR HARGA BERLAKU DI PROPINSI PAPUA MENURUT KABUPATEN/KOTA, 2000 - 2003 (RUPIAH)","Per Capita GRDP at Current Price By Regencies/Muniapaltties, in Papua, 2000 - 2003 (Ruptahs)",31,1,f89e28bdf5b0
PAPUA,19.,Sarmi,#),2001,,,,"PDRB PER KAPITA ATAS DASAR HARGA BERLAKU DI PROPINSI PAPUA MENURUT KABUPATEN/KOTA, 2000 - 2003 (RUPIAH)","Per Capita GRDP at Current Price By Regencies/Muniapaltties, in Papua, 2000 - 2003 (Ruptahs)",31,1,a3299253cac7
PAPUA,20.,Keerom,#),2001,,,,"PDRB PER KAPITA ATAS DASAR HARGA BERLAKU DI PROPINSI PAPUA MENURUT KABUPATEN/KOTA, 2000 - 2003 (RUPIAH)","Per Capita GRDP at Current Price By Regencies/Muniapaltties, in Papua, 2000 - 2003 (Ruptahs)",31,1,86a18698025c
PAPUA,04.,Nabire,,2001,,"3.718.529,40",,"PDRB PER KAPITA ATAS DASAR HARGA BERLAKU DI PROPINSI PAPUA MENURUT KABUPATEN/KOTA, 2000 - 2003 (RUPIAH)","Per Capita GRDP at Current Price By Regencies/Muniapaltties, in Papua, 2000 - 2003 (Ruptahs)",31,1,1dca86b7d258
PAPUA,05.,Fak-Fak,,2001,,"6 259 629,77",,"PDRB PER KAPITA ATAS DASAR HARGA BERLAKU DI PROPINSI PAPUA MENURUT KABUPATEN/KOTA, 2000 - 2003 (RUPIAH)","Per Capita GRDP at Current Price By Regencies/Muniapaltties, in Papua, 2000 - 2003 (Ruptahs)",31,1,19791e44ba0c
PAPUA,21.,Kaimana,#),2001,,,,"PDRB PER KAPITA ATAS DASAR HARGA BERLAKU DI PROPINSI PAPUA MENURUT KABUPATEN/KOTA, 2000 - 2003 (RUPIAH)","Per Capita GRDP at Current Price By Regencies/Muniapaltties, in Papua, 2000 - 2003 (Ruptahs)",31,1,7522a967cea5
PAPUA,06.,Sorong,,2001,,"1p2 046 208,39",,"PDRB PER KAPITA ATAS DASAR HARGA BERLAKU DI PROPINSI PAPUA MENURUT KABUPATEN/KOTA, 2000 - 2003 (RUPIAH)","Per Capita GRDP at Current Price By Regencies/Muniapaltties, in Papua, 2000 - 2003 (Ruptahs)",31,1,f76f74393439
PAPUA,,Sorong,*',2001,,"b5 851.457,26",,"PDRB PER KAPITA ATAS DASAR HARGA BERLAKU DI PROPINSI PAPUA MENURUT KABUPATEN/KOTA, 2000 - 2003 (RUPIAH)","Per Capita GRDP at Current Price By Regencies/Muniapaltties, in Papua, 2000 - 2003 (Ruptahs)",31,1,bd2ae26d3229
PAPUA,22.,Sorong Selatan,#),2001,,,,"PDRB PER KAPITA ATAS DASAR HARGA BERLAKU DI PROPINSI PAPUA MENURUT KABUPATEN/KOTA, 2000 - 2003 (RUPIAH)","Per Capita GRDP at Current Price By Regencies/Muniapaltties, in Papua, 2000 - 2003 (Ruptahs)",31,1,0dd910d55eba
PAPUA,23.,Raja /Vmpat,#),2001,,,,"PDRB PER KAPITA ATAS DASAR HARGA BERLAKU DI PROPINSI PAPUA MENURUT KABUPATEN/KOTA, 2000 - 2003 (RUPIAH)","Per Capita GRDP at Current Price By Regencies/Muniapaltties, in Papua, 2000 - 2003 (Ruptahs)",31,1,eb7b4d1256e4
PAPUA,07.,Manolcwari,,2001,,"4 488 153,31",,"PDRB PER KAPITA ATAS DASAR HARGA BERLAKU DI PROPINSI PAPUA MENURUT KABUPATEN/KOTA, 2000 - 2003 (RUPIAH)","Per Capita GRDP at Current Price By Regencies/Muniapaltties, in Papua, 2000 - 2003 (Ruptahs)",31,1,620fbd7fd442
PAPUA,24.,Teluk Bintuni,#),2001,,,,"PDRB PER KAPITA ATAS DASAR HARGA BERLAKU DI PROPINSI PAPUA MENURUT KABUPATEN/KOTA, 2000 - 2003 (RUPIAH)","Per Capita GRDP at Current Price By Regencies/Muniapaltties, in Papua, 2000 - 2003 (Ruptahs)",31,1,5aaa60787662
PAPUA,25.,Teluk Wondama,#),2001,,,,"PDRB PER KAPITA ATAS DASAR HARGA BERLAKU DI PROPINSI PAPUA MENURUT KABUPATEN/KOTA, 2000 - 2003 (RUPIAH)","Per Capita GRDP at Current Price By Regencies/Muniapaltties, in Papua, 2000 - 2003 (Ruptahs)",31,1,63674bc6e8c7
PAPUA,08.,Yapen Waropen,,2001,,"4.865.188,20",,"PDRB PER KAPITA ATAS DASAR HARGA BERLAKU DI PROPINSI PAPUA MENURUT KABUPATEN/KOTA, 2000 - 2003 (RUPIAH)","Per Capita GRDP at Current Price By Regencies/Muniapaltties, in Papua, 2000 - 2003 (Ruptahs)",31,1,886d91eb4020
PAPUA,26.,Waropen,#),2001,,,,"PDRB PER KAPITA ATAS DASAR HARGA BERLAKU DI PROPINSI PAPUA MENURUT KABUPATEN/KOTA, 2000 - 2003 (RUPIAH)","Per Capita GRDP at Current Price By Regencies/Muniapaltties, in Papua, 2000 - 2003 (Ruptahs)",31,1,b521aa44a9d1
PAPUA,09.,Biak Numfor,,2001,,"4 731.552,65",,"PDRB PER KAPITA ATAS DASAR HARGA BERLAKU DI PROPINSI PAPUA MENURUT KABUPATEN/KOTA, 2000 - 2003 (RUPIAH)","Per Capita GRDP at Current Price By Regencies/Muniapaltties, in Papua, 2000 - 2003 (Ruptahs)",31,1,41e9c4098e7e
PAPUA,10.,Paniai,,2001,,"2 388 263,97",,"PDRB PER KAPITA ATAS DASAR HARGA BERLAKU DI PROPINSI PAPUA MENURUT KABUPATEN/KOTA, 2000 - 2003 (RUPIAH)","Per Capita GRDP at Current Price By Regencies/Muniapaltties, in Papua, 2000 - 2003 (Ruptahs)",31,1,3b5a63bdebd4
PAPUA,11.,Puncak Jaya,,2001,,"2.810 243,64",,"PDRB PER KAPITA ATAS DASAR HARGA BERLAKU DI PROPINSI PAPUA MENURUT KABUPATEN/KOTA, 2000 - 2003 (RUPIAH)","Per Capita GRDP at Current Price By Regencies/Muniapaltties, in Papua, 2000 - 2003 (Ruptahs)",31,1,2bf709bb0a09
PAPUA,12.,Mimika,,2001,,"150 867.491,85",,"PDRB PER KAPITA ATAS DASAR HARGA BERLAKU DI PROPINSI PAPUA MENURUT KABUPATEN/KOTA, 2000 - 2003 (RUPIAH)","Per Capita GRDP at Current Price By Regencies/Muniapaltties, in Papua, 2000 - 2003 (Ruptahs)",31,1,85998071cdd4
PAPUA,71.,Jayapura,,2001,,"5.962 816,84",,"PDRB PER KAPITA ATAS DASAR HARGA BERLAKU DI PROPINSI PAPUA MENURUT KABUPATEN/KOTA, 2000 - 2003 (RUPIAH)","Per Capita GRDP at Current Price By Regencies/Muniapaltties, in Papua, 2000 - 2003 (Ruptahs)",31,1,a9f98bf849a7
PAPUA,72.,Sorong,,2001,,"3 649.521,39",,"PDRB PER KAPITA ATAS DASAR HARGA BERLAKU DI PROPINSI PAPUA MENURUT KABUPATEN/KOTA, 2000 - 2003 (RUPIAH)","Per Capita GRDP at Current Price By Regencies/Muniapaltties, in Papua, 2000 - 2003 (Ruptahs)",31,1,b2e7b52689b6
PAPUA,,Jml Kab./Kota. Total of Reg./Mun.,,2001,,"33 390.454,42",,"PDRB PER KAPITA ATAS DASAR HARGA BERLAKU DI PROPINSI PAPUA MENURUT KABUPATEN/KOTA, 2000 - 2003 (RUPIAH)","Per Capita GRDP at Current Price By Regencies/Muniapaltties, in Papua, 2000 - 2003 (Ruptahs)",31,1,75a88505ccdd
PAPUA,,Jml Kab./Kota. Totai of Reg./Mun.,*',2001,,"42 776.386,88",,"PDRB PER KAPITA ATAS DASAR HARGA BERLAKU DI PROPINSI PAPUA MENURUT KABUPATEN/KOTA, 2000 - 2003 (RUPIAH)","Per Capita GRDP at Current Price By Regencies/Muniapaltties, in Papua, 2000 - 2003 (Ruptahs)",31,1,68ab5cec3b91
PAPUA,01.,Merauke,,2002,*),"3.999.863,88",,"PDRB PER KAPITA ATAS DASAR HARGA BERLAKU DI PROPINSI PAPUA MENURUT KABUPATEN/KOTA, 2000 - 2003 (RUPIAH)","Per Capita GRDP at Current Price By Regencies/Muniapaltties, in Papua, 2000 - 2003 (Ruptahs)",31,1,13f5892e5f69
PAPUA,14.,Mappi,#),2002,*),,,"PDRB PER KAPITA ATAS DASAR HARGA BERLAKU DI PROPINSI PAPUA MENURUT KABUPATEN/KOTA, 2000 - 2003 (RUPIAH)","Per Capita GRDP at Current Price By Regencies/Muniapaltties, in Papua, 2000 - 2003 (Ruptahs)",31,1,1d84e76f1f95
PAPUA,15.,Asmat,#),2002,*),,,"PDRB PER KAPITA ATAS DASAR HARGA BERLAKU DI PROPINSI PAPUA MENURUT KABUPATEN/KOTA, 2000 - 2003 (RUPIAH)","Per Capita GRDP at Current Price By Regencies/Muniapaltties, in Papua, 2000 - 2003 (Ruptahs)",31,1,63a1134d72ab
PAPUA,02.,Jayawijaya,,2002,*),"2 606 863,62",,"PDRB PER KAPITA ATAS DASAR HARGA BERLAKU DI PROPINSI PAPUA MENURUT KABUPATEN/KOTA, 2000 - 2003 (RUPIAH)","Per Capita GRDP at Current Price By Regencies/Muniapaltties, in Papua, 2000 - 2003 (Ruptahs)",31,1,8b395eee1c9b
PAPUA,16.,Yahukimo,#),2002,*),,,"PDRB PER KAPITA ATAS DASAR HARGA BERLAKU DI PROPINSI PAPUA MENURUT KABUPATEN/KOTA, 2000 - 2003 (RUPIAH)","Per Capita GRDP at Current Price By Regencies/Muniapaltties, in Papua, 2000 - 2003 (Ruptahs)",31,1,6e4c8dc69391
PAPUA,17.,Pegunungan Bintang,#),2002,*),,,"PDRB PER KAPITA ATAS DASAR HARGA BERLAKU DI PROPINSI PAPUA MENURUT KABUPATEN/KOTA, 2000 - 2003 (RUPIAH)","Per Capita GRDP at Current Price By Regencies/Muniapaltties, in Papua, 2000 - 2003 (Ruptahs)",31,1,86dee91db072
PAPUA,18.,Tolikara,#),2002,*),,,"PDRB PER KAPITA ATAS DASAR HARGA BERLAKU DI PROPINSI PAPUA MENURUT KABUPATEN/KOTA, 2000 - 2003 (RUPIAH)","Per Capita GRDP at Current Price By Regencies/Muniapaltties, in Papua, 2000 - 2003 (Ruptahs)",31,1,49431691bfc4
PAPUA,03.,Jayapura,,2002,*),"5 160 979,08",,"PDRB PER KAPITA ATAS DASAR HARGA BERLAKU DI PROPINSI PAPUA MENURUT KABUPATEN/KOTA, 2000 - 2003 (RUPIAH)","Per Capita GRDP at Current Price By Regencies/Muniapaltties, in Papua, 2000 - 2003 (Ruptahs)",31,1,0e1be736281e
PAPUA,19.,Sarmi,#),2002,*),,,"PDRB PER KAPITA ATAS DASAR HARGA BERLAKU DI PROPINSI PAPUA MENURUT KABUPATEN/KOTA, 2000 - 2003 (RUPIAH)","Per Capita GRDP at Current Price By Regencies/Muniapaltties, in Papua, 2000 - 2003 (Ruptahs)",31,1,2ad1d8dafb2d
PAPUA,20.,Keerom,#),2002,*),,,"PDRB PER KAPITA ATAS DASAR HARGA BERLAKU DI PROPINSI PAPUA MENURUT KABUPATEN/KOTA, 2000 - 2003 (RUPIAH)","Per Capita GRDP at Current Price By Regencies/Muniapaltties, in Papua, 2000 - 2003 (Ruptahs)",31,1,98d126d22d3b
PAPUA,04.,Nabire,,2002,*),"4.002.384,23",,"PDRB PER KAPITA ATAS DASAR HARGA BERLAKU DI PROPINSI PAPUA MENURUT KABUPATEN/KOTA, 2000 - 2003 (RUPIAH)","Per Capita GRDP at Current Price By Regencies/Muniapaltties, in Papua, 2000 - 2003 (Ruptahs)",31,1,0bdd71846f05
PAPUA,05.,Fak-Fak,,2002,*),"7 001 760,57",,"PDRB PER KAPITA ATAS DASAR HARGA BERLAKU DI PROPINSI PAPUA MENURUT KABUPATEN/KOTA, 2000 - 2003 (RUPIAH)","Per Capita GRDP at Current Price By Regencies/Muniapaltties, in Papua, 2000 - 2003 (Ruptahs)",31,1,ac76cb7a8acc
PAPUA,21.,Kaimana,#),2002,*),,,"PDRB PER KAPITA ATAS DASAR HARGA BERLAKU DI PROPINSI PAPUA MENURUT KABUPATEN/KOTA, 2000 - 2003 (RUPIAH)","Per Capita GRDP at Current Price By Regencies/Muniapaltties, in Papua, 2000 - 2003 (Ruptahs)",31,1,9176b7da056e
PAPUA,06.,Sorong,,2002,*),"12.396.050,36",,"PDRB PER KAPITA ATAS DASAR HARGA BERLAKU DI PROPINSI PAPUA MENURUT KABUPATEN/KOTA, 2000 - 2003 (RUPIAH)","Per Capita GRDP at Current Price By Regencies/Muniapaltties, in Papua, 2000 - 2003 (Ruptahs)",31,1,852e9a513842
PAPUA,,Sorong,*',2002,*),"6.300.315,56",,"PDRB PER KAPITA ATAS DASAR HARGA BERLAKU DI PROPINSI PAPUA MENURUT KABUPATEN/KOTA, 2000 - 2003 (RUPIAH)","Per Capita GRDP at Current Price By Regencies/Muniapaltties, in Papua, 2000 - 2003 (Ruptahs)",31,1,e637845b7b73
PAPUA,22.,Sorong Selatan,#),2002,*),,,"PDRB PER KAPITA ATAS DASAR HARGA BERLAKU DI PROPINSI PAPUA MENURUT KABUPATEN/KOTA, 2000 - 2003 (RUPIAH)","Per Capita GRDP at Current Price By Regencies/Muniapaltties, in Papua, 2000 - 2003 (Ruptahs)",31,1,5451526a66f7
PAPUA,23.,Raja /Vmpat,#),2002,*),,,"PDRB PER KAPITA ATAS DASAR HARGA BERLAKU DI PROPINSI PAPUA MENURUT KABUPATEN/KOTA, 2000 - 2003 (RUPIAH)","Per Capita GRDP at Current Price By Regencies/Muniapaltties, in Papua, 2000 - 2003 (Ruptahs)",31,1,317ac83738d2
PAPUA,07.,Manolcwari,,2002,*),"5.113.169,50",,"PDRB PER KAPITA ATAS DASAR HARGA BERLAKU DI PROPINSI PAPUA MENURUT KABUPATEN/KOTA, 2000 - 2003 (RUPIAH)","Per Capita GRDP at Current Price By Regencies/Muniapaltties, in Papua, 2000 - 2003 (Ruptahs)",31,1,0b500fb3a5c4
PAPUA,24.,Teluk Bintuni,#),2002,*),,,"PDRB PER KAPITA ATAS DASAR HARGA BERLAKU DI PROPINSI PAPUA MENURUT KABUPATEN/KOTA, 2000 - 2003 (RUPIAH)","Per Capita GRDP at Current Price By Regencies/Muniapaltties, in Papua, 2000 - 2003 (Ruptahs)",31,1,b94bec167ede
PAPUA,25.,Teluk Wondama,#),2002,*),,,"PDRB PER KAPITA ATAS DASAR HARGA BERLAKU DI PROPINSI PAPUA MENURUT KABUPATEN/KOTA, 2000 - 2003 (RUPIAH)","Per Capita GRDP at Current Price By Regencies/Muniapaltties, in Papua, 2000 - 2003 (Ruptahs)",31,1,e8c1b26a8ebb
PAPUA,08.,Yapen Waropen,,2002,*),"5.564.081,15",,"PDRB PER KAPITA ATAS DASAR HARGA BERLAKU DI PROPINSI PAPUA MENURUT KABUPATEN/KOTA, 2000 - 2003 (RUPIAH)","Per Capita GRDP at Current Price By Regencies/Muniapaltties, in Papua, 2000 - 2003 (Ruptahs)",31,1,a3bb41134003
PAPUA,26.,Waropen,#),2002,*),,,"PDRB PER KAPITA ATAS DASAR HARGA BERLAKU DI PROPINSI PAPUA MENURUT KABUPATEN/KOTA, 2000 - 2003 (RUPIAH)","Per Capita GRDP at Current Price By Regencies/Muniapaltties, in Papua, 2000 - 2003 (Ruptahs)",31,1,52acd6ba8849
PAPUA,09.,Biak Numfor,,2002,*),"5.695 665,16",,"PDRB PER KAPITA ATAS DASAR HARGA BERLAKU DI PROPINSI PAPUA MENURUT KABUPATEN/KOTA, 2000 - 2003 (RUPIAH)","Per Capita GRDP at Current Price By Regencies/Muniapaltties, in Papua, 2000 - 2003 (Ruptahs)",31,1,af19fa99a1ec
PAPUA,10.,Paniai,,2002,*),"2.750.516,25",,"PDRB PER KAPITA ATAS DASAR HARGA BERLAKU DI PROPINSI PAPUA MENURUT KABUPATEN/KOTA, 2000 - 2003 (RUPIAH)","Per Capita GRDP at Current Price By Regencies/Muniapaltties, in Papua, 2000 - 2003 (Ruptahs)",31,1,b81d2d373156
PAPUA,11.,Puncak Jaya,,2002,*),"2.988.133,14",,"PDRB PER KAPITA ATAS DASAR HARGA BERLAKU DI PROPINSI PAPUA MENURUT KABUPATEN/KOTA, 2000 - 2003 (RUPIAH)","Per Capita GRDP at Current Price By Regencies/Muniapaltties, in Papua, 2000 - 2003 (Ruptahs)",31,1,986a49b1961f
PAPUA,12.,Mimika,,2002,*),"106.806.582,65",,"PDRB PER KAPITA ATAS DASAR HARGA BERLAKU DI PROPINSI PAPUA MENURUT KABUPATEN/KOTA, 2000 - 2003 (RUPIAH)","Per Capita GRDP at Current Price By Regencies/Muniapaltties, in Papua, 2000 - 2003 (Ruptahs)",31,1,9d6c3bc79642
PAPUA,71.,Jayapura,,2002,*),"6.685 924,25",,"PDRB PER KAPITA ATAS DASAR HARGA BERLAKU DI PROPINSI PAPUA MENURUT KABUPATEN/KOTA, 2000 - 2003 (RUPIAH)","Per Capita GRDP at Current Price By Regencies/Muniapaltties, in Papua, 2000 - 2003 (Ruptahs)",31,1,33f101f9caa1
PAPUA,72.,Sorong,,2002,*),"4.532.417,23",,"PDRB PER KAPITA ATAS DASAR HARGA BERLAKU DI PROPINSI PAPUA MENURUT KABUPATEN/KOTA, 2000 - 2003 (RUPIAH)","Per Capita GRDP at Current Price By Regencies/Muniapaltties, in Papua, 2000 - 2003 (Ruptahs)",31,1,8dbcd9cf3dc2
PAPUA,,Jml Kab./Kota. Total of Reg./Mun.,,2002,*),"29 826.804,70",,"PDRB PER KAPITA ATAS DASAR HARGA BERLAKU DI PROPINSI PAPUA MENURUT KABUPATEN/KOTA, 2000 - 2003 (RUPIAH)","Per Capita GRDP at Current Price By Regencies/Muniapaltties, in Papua, 2000 - 2003 (Ruptahs)",31,1,4011eb0a2521
PAPUA,,Jml Kab./Kota. Totai of Reg./Mun.,*',2002,*),"38.156.852,54",,"PDRB PER KAPITA ATAS DASAR HARGA BERLAKU DI PROPINSI PAPUA MENURUT KABUPATEN/KOTA, 2000 - 2003 (RUPIAH)","Per Capita GRDP at Current Price By Regencies/Muniapaltties, in Papua, 2000 - 2003 (Ruptahs)",31,1,78e249197756
PAPUA,01.,Merauke,,2003,**),"5.447.260,37",,"PDRB PER KAPITA ATAS DASAR HARGA BERLAKU DI PROPINSI PAPUA MENURUT KABUPATEN/KOTA, 2000 - 2003 (RUPIAH)","Per Capita GRDP at Current Price By Regencies/Muniapaltties, in Papua, 2000 - 2003 (Ruptahs)",31,1,46213f0a33a5
PAPUA,14.,Mappi,#),2003,**),"2.235.881,04",,"PDRB PER KAPITA ATAS DASAR HARGA BERLAKU DI PROPINSI PAPUA MENURUT KABUPATEN/KOTA, 2000 - 2003 (RUPIAH)","Per Capita GRDP at Current Price By Regencies/Muniapaltties, in Papua, 2000 - 2003 (Ruptahs)",31,1,149ac891b4fb
PAPUA,15.,Asmat,#),2003,**),"1.896.939,16",,"PDRB PER KAPITA ATAS DASAR HARGA BERLAKU DI PROPINSI PAPUA MENURUT KABUPATEN/KOTA, 2000 - 2003 (RUPIAH)","Per Capita GRDP at Current Price By Regencies/Muniapaltties, in Papua, 2000 - 2003 (Ruptahs)",31,1,912a9386c4b0
PAPUA,02.,Jayawijaya,,2003,**),"4.041.880,96",,"PDRB PER KAPITA ATAS DASAR HARGA BERLAKU DI PROPINSI PAPUA MENURUT KABUPATEN/KOTA, 2000 - 2003 (RUPIAH)","Per Capita GRDP at Current Price By Regencies/Muniapaltties, in Papua, 2000 - 2003 (Ruptahs)",31,1,0b5a0e4429ad
PAPUA,16.,Yahukimo,#),2003,**),"826.232,98",,"PDRB PER KAPITA ATAS DASAR HARGA BERLAKU DI PROPINSI PAPUA MENURUT KABUPATEN/KOTA, 2000 - 2003 (RUPIAH)","Per Capita GRDP at Current Price By Regencies/Muniapaltties, in Papua, 2000 - 2003 (Ruptahs)",31,1,3cc9a898399a
PAPUA,17.,Pegunungan Bintang,#),2003,**),"2.691.056,14",,"PDRB PER KAPITA ATAS DASAR HARGA BERLAKU DI PROPINSI PAPUA MENURUT KABUPATEN/KOTA, 2000 - 2003 (RUPIAH)","Per Capita GRDP at Current Price By Regencies/Muniapaltties, in Papua, 2000 - 2003 (Ruptahs)",31,1,294af1a41372
PAPUA,18.,Tolikara,#),2003,**),"3.138.995,14",,"PDRB PER KAPITA ATAS DASAR HARGA BERLAKU DI PROPINSI PAPUA MENURUT KABUPATEN/KOTA, 2000 - 2003 (RUPIAH)","Per Capita GRDP at Current Price By Regencies/Muniapaltties, in Papua, 2000 - 2003 (Ruptahs)",31,1,50a1c4a6351e
PAPUA,03.,Jayapura,,2003,**),"6.011.974,04",,"PDRB PER KAPITA ATAS DASAR HARGA BERLAKU DI PROPINSI PAPUA MENURUT KABUPATEN/KOTA, 2000 - 2003 (RUPIAH)","Per Capita GRDP at Current Price By Regencies/Muniapaltties, in Papua, 2000 - 2003 (Ruptahs)",31,1,507a44a313be
PAPUA,19.,Sarmi,#),2003,**),"5.808.553,32",,"PDRB PER KAPITA ATAS DASAR HARGA BERLAKU DI PROPINSI PAPUA MENURUT KABUPATEN/KOTA, 2000 - 2003 (RUPIAH)","Per Capita GRDP at Current Price By Regencies/Muniapaltties, in Papua, 2000 - 2003 (Ruptahs)",31,1,ed34e3b6fcb4
PAPUA,20.,Keerom,#),2003,**),"5.014.649,42",,"PDRB PER KAPITA ATAS DASAR HARGA BERLAKU DI PROPINSI PAPUA MENURUT KABUPATEN/KOTA, 2000 - 2003 (RUPIAH)","Per Capita GRDP at Current Price By Regencies/Muniapaltties, in Papua, 2000 - 2003 (Ruptahs)",31,1,e2f4a662501f
PAPUA,04.,Nabire,,2003,**),"4.163.025,13",,"PDRB PER KAPITA ATAS DASAR HARGA BERLAKU DI PROPINSI PAPUA MENURUT KABUPATEN/KOTA, 2000 - 2003 (RUPIAH)","Per Capita GRDP at Current Price By Regencies/Muniapaltties, in Papua, 2000 - 2003 (Ruptahs)",31,1,ee4541f1a0f9
PAPUA,05.,Fak-Fak,,2003,**),"7.634.656,22",,"PDRB PER KAPITA ATAS DASAR HARGA BERLAKU DI PROPINSI PAPUA MENURUT KABUPATEN/KOTA, 2000 - 2003 (RUPIAH)","Per Capita GRDP at Current Price By Regencies/Muniapaltties, in Papua, 2000 - 2003 (Ruptahs)",31,1,2691b1687dba
PAPUA,21.,Kaimana,#),2003,**),"8 426.395,31",,"PDRB PER KAPITA ATAS DASAR HARGA BERLAKU DI PROPINSI PAPUA MENURUT KABUPATEN/KOTA, 2000 - 2003 (RUPIAH)","Per Capita GRDP at Current Price By Regencies/Muniapaltties, in Papua, 2000 - 2003 (Ruptahs)",31,1,ba0cf629aef0
PAPUA,06.,Sorong,,2003,**),"20.569.986,29",,"PDRB PER KAPITA ATAS DASAR HARGA BERLAKU DI PROPINSI PAPUA MENURUT KABUPATEN/KOTA, 2000 - 2003 (RUPIAH)","Per Capita GRDP at Current Price By Regencies/Muniapaltties, in Papua, 2000 - 2003 (Ruptahs)",31,1,f9904216d5ba
PAPUA,,Sorong,*',2003,**),"7.529.668,41",,"PDRB PER KAPITA ATAS DASAR HARGA BERLAKU DI PROPINSI PAPUA MENURUT KABUPATEN/KOTA, 2000 - 2003 (RUPIAH)","Per Capita GRDP at Current Price By Regencies/Muniapaltties, in Papua, 2000 - 2003 (Ruptahs)",31,1,937beecf3d18
PAPUA,22.,Sorong Selatan,#),2003,**),"4.460.961,08",,"PDRB PER KAPITA ATAS DASAR HARGA BERLAKU DI PROPINSI PAPUA MENURUT KABUPATEN/KOTA, 2000 - 2003 (RUPIAH)","Per Capita GRDP at Current Price By Regencies/Muniapaltties, in Papua, 2000 - 2003 (Ruptahs)",31,1,89a4e098d30d
PAPUA,23.,Raja /Vmpat,#),2003,**),"8 662 647,31",,"PDRB PER KAPITA ATAS DASAR HARGA BERLAKU DI PROPINSI PAPUA MENURUT KABUPATEN/KOTA, 2000 - 2003 (RUPIAH)","Per Capita GRDP at Current Price By Regencies/Muniapaltties, in Papua, 2000 - 2003 (Ruptahs)",31,1,44561e6fb8bb
PAPUA,07.,Manolcwari,,2003,**),"5.397.466,32",,"PDRB PER KAPITA ATAS DASAR HARGA BERLAKU DI PROPINSI PAPUA MENURUT KABUPATEN/KOTA, 2000 - 2003 (RUPIAH)","Per Capita GRDP at Current Price By Regencies/Muniapaltties, in Papua, 2000 - 2003 (Ruptahs)",31,1,0e8f522d65c3
PAPUA,24.,Teluk Bintuni,#),2003,**),"7.237.666,36",,"PDRB PER KAPITA ATAS DASAR HARGA BERLAKU DI PROPINSI PAPUA MENURUT KABUPATEN/KOTA, 2000 - 2003 (RUPIAH)","Per Capita GRDP at Current Price By Regencies/Muniapaltties, in Papua, 2000 - 2003 (Ruptahs)",31,1,a21c2bff284c
PAPUA,25.,Teluk Wondama,#),2003,**),"6.273.303,21",,"PDRB PER KAPITA ATAS DASAR HARGA BERLAKU DI PROPINSI PAPUA MENURUT KABUPATEN/KOTA, 2000 - 2003 (RUPIAH)","Per Capita GRDP at Current Price By Regencies/Muniapaltties, in Papua, 2000 - 2003 (Ruptahs)",31,1,9d4a4274ef6b
PAPUA,08.,Yapen Waropen,,2003,**),"6.748.111,90",,"PDRB PER KAPITA ATAS DASAR HARGA BERLAKU DI PROPINSI PAPUA MENURUT KABUPATEN/KOTA, 2000 - 2003 (RUPIAH)","Per Capita GRDP at Current Price By Regencies/Muniapaltties, in Papua, 2000 - 2003 (Ruptahs)",31,1,eb5bd5c50d74
PAPUA,26.,Waropen,#),2003,**),"5.125.861,63",,"PDRB PER KAPITA ATAS DASAR HARGA BERLAKU DI PROPINSI PAPUA MENURUT KABUPATEN/KOTA, 2000 - 2003 (RUPIAH)","Per Capita GRDP at Current Price By Regencies/Muniapaltties, in Papua, 2000 - 2003 (Ruptahs)",31,1,a8611a451d14
PAPUA,09.,Biak Numfor,,2003,**),"6 478.027,01",,"PDRB PER KAPITA ATAS DASAR HARGA BERLAKU DI PROPINSI PAPUA MENURUT KABUPATEN/KOTA, 2000 - 2003 (RUPIAH)","Per Capita GRDP at Current Price By Regencies/Muniapaltties, in Papua, 2000 - 2003 (Ruptahs)",31,1,e9af3b05c05f
PAPUA,10.,Paniai,,2003,**),"3.025.691,10",,"PDRB PER KAPITA ATAS DASAR HARGA BERLAKU DI PROPINSI PAPUA MENURUT KABUPATEN/KOTA, 2000 - 2003 (RUPIAH)","Per Capita GRDP at Current Price By Regencies/Muniapaltties, in Papua, 2000 - 2003 (Ruptahs)",31,1,396f98236626
PAPUA,11.,Puncak Jaya,,2003,**),"3 174.691,42",,"PDRB PER KAPITA ATAS DASAR HARGA BERLAKU DI PROPINSI PAPUA MENURUT KABUPATEN/KOTA, 2000 - 2003 (RUPIAH)","Per Capita GRDP at Current Price By Regencies/Muniapaltties, in Papua, 2000 - 2003 (Ruptahs)",31,1,48de32c80525
PAPUA,12.,Mimika,,2003,**),"128.017.081,40",,"PDRB PER KAPITA ATAS DASAR HARGA BERLAKU DI PROPINSI PAPUA MENURUT KABUPATEN/KOTA, 2000 - 2003 (RUPIAH)","Per Capita GRDP at Current Price By Regencies/Muniapaltties, in Papua, 2000 - 2003 (Ruptahs)",31,1,d3acffe0df99
PAPUA,71.,Jayapura,,2003,**),"7.619.127,82",,"PDRB PER KAPITA ATAS DASAR HARGA BERLAKU DI PROPINSI PAPUA MENURUT KABUPATEN/KOTA, 2000 - 2003 (RUPIAH)","Per Capita GRDP at Current Price By Regencies/Muniapaltties, in Papua, 2000 - 2003 (Ruptahs)",31,1,cfbb1936c634
PAPUA,72.,Sorong,,2003,**),"5.345.615,78",,"PDRB PER KAPITA ATAS DASAR HARGA BERLAKU DI PROPINSI PAPUA MENURUT KABUPATEN/KOTA, 2000 - 2003 (RUPIAH)","Per Capita GRDP at Current Price By Regencies/Muniapaltties, in Papua, 2000 - 2003 (Ruptahs)",31,1,b9806bff8b74
PAPUA,,Jml Kab./Kota. Total of Reg./Mun.,,2003,**),"34.457.129,03",,"PDRB PER KAPITA ATAS DASAR HARGA BERLAKU DI PROPINSI PAPUA MENURUT KABUPATEN/KOTA, 2000 - 2003 (RUPIAH)","Per Capita GRDP at Current Price By Regencies/Muniapaltties, in Papua, 2000 - 2003 (Ruptahs)",31,1,c90f7e36d5cb
PAPUA,,Jml Kab./Kota. Totai of Reg./Mun.,*',2003,**),"43.975.308,70",,"PDRB PER KAPITA ATAS DASAR HARGA BERLAKU DI PROPINSI PAPUA MENURUT KABUPATEN/KOTA, 2000 - 2003 (RUPIAH)","Per Capita GRDP at Current Price By Regencies/Muniapaltties, in Papua, 2000 - 2003 (Ruptahs)",31,1,7bec0ad50ef3
